holding_id,slug,title_hk,language,detected_license,proofing_status,source_title,source_year,xml_bytes,text_bytes,xml_sha256,text_sha256,observed_divisions,lifecycle_state,completeness_verdict,gap_id,package_path
HLD-AMB-CHARUCHARYA-20260512,charucharya,चारुचर्या,sa,CC0-1.0,p2,चारुचर्या,,28624,25956,8d07f561ba83d9c396c1cf2a60b2f8c7705c419aee9429c82d9d9e6184f3dea3,4d22ce639067c64ed17946e89a5793cc1a084b75b55567868fdbe780e3bc0242,0,INTEGRITY_VERIFIED,NOT_ASSESSED,GAP-AMB-CHARUCHARYA-STRUCTURE,library/holdings/ambuda/2026-05-12/charucharya
HLD-AMB-NARAABHARANAM-20260512,naraabharanam,नराभरणम्,sa,CC0-1.0,unspecified,,,97481,89694,615365f7192e9f9b8c3ead1576d52f906e67649678211f8e177d93c7c4603740,e5fcebac976ab09d6ba0f252614ccd4cf2516abaf785c84c033ac6dc02db77f6,0,INTEGRITY_VERIFIED,NOT_ASSESSED,GAP-AMB-NARAABHARANAM-STRUCTURE,library/holdings/ambuda/2026-05-12/naraabharanam
HLD-AMB-GOVINDADAMODARASTOTRAM-20260512,govindadamodarastotram,गोविन्ददामोदरस्तोत्रम्,sa,CC0-1.0,unspecified,,,23859,20973,d047a998599303aea758ac2906c07fbd178a643e079dad93df35931f685dc550,09da34d466512dbcf424b092e3c543036121af2137bd8edd814fe4b0d53d1f65,0,INTEGRITY_VERIFIED,NOT_ASSESSED,GAP-AMB-GOVINDADAMODARASTOTRAM-STRUCTURE,library/holdings/ambuda/2026-05-12/govindadamodarastotram
HLD-AMB-SURYASHATAKAM-20260512,suryashatakam,सूर्यशतकम्,sa,CC0-1.0,unspecified,,,64675,60784,eb82d46f459f6df435ec54345b4db0430efc2d70ff9ed735f38a789c0edff363,0603b876f7177b2395f4b35858feee5dd9cdab1cf254fa8e17ef27aa5db18ca9,0,INTEGRITY_VERIFIED,NOT_ASSESSED,GAP-AMB-SURYASHATAKAM-STRUCTURE,library/holdings/ambuda/2026-05-12/suryashatakam
HLD-AMB-RAMARAKSHASTOTRAM-20260512,ramarakshastotram,रामरक्षास्तोत्रम्,sa,CC0-1.0,unspecified,,,12702,11268,41cf2c9eea01e2b21531a657780000d94ba55b075d91e000be8556d0129ea09c,b70aab93486d06fb615bbfed8c760764b139b8ce475f17980ce5b2d0acceedc2,0,INTEGRITY_VERIFIED,NOT_ASSESSED,GAP-AMB-RAMARAKSHASTOTRAM-STRUCTURE,library/holdings/ambuda/2026-05-12/ramarakshastotram
HLD-AMB-SOMANATHASHATAKAM-20260512,somanathashatakam,सोमनाथशतकम्,sa,CC0-1.0,unspecified,,,69749,65552,6aeaac7e2ca9b88e1125af8ef768627f0ab99d7a050b872622010b4e3424c86a,4dc11cb8f48cc8e182f8f2a21fb1be2612f8a4fd3240d7f42a0f55be317cf3ed,0,INTEGRITY_VERIFIED,NOT_ASSESSED,GAP-AMB-SOMANATHASHATAKAM-STRUCTURE,library/holdings/ambuda/2026-05-12/somanathashatakam
HLD-AMB-CHARUCHARYA-PRAKASH-20260512,charucharya-prakash,प्रकाश,hi,CC0-1.0,p2,प्रकाश,,43842,42507,a1fc4cac5e24a6c529daa1e9e578e42790b2676744857e78bae00483576e36de,8e39788ede7d3bc6b8ca5928ccd8ece13d491d819a64090f26f10b765ebcb00a,0,INTEGRITY_VERIFIED,NOT_ASSESSED,GAP-AMB-CHARUCHARYA-PRAKASH-STRUCTURE,library/holdings/ambuda/2026-05-12/charucharya-prakash
HLD-AMB-RAMARAKSHASTOTRAM-TRANSLATION-20260512,ramarakshastotram-translation,Translation,hi,CC0-1.0,unspecified,,,16690,16005,5d2f31bd6adcdae212d9ec4428920636328e06f54158c8ba287afc7192b08c0c,85b3a82f92fd133a3d49eb6b2b5e5f1040446b3109a3a392bb9b1f2a26e151d9,0,INTEGRITY_VERIFIED,NOT_ASSESSED,GAP-AMB-RAMARAKSHASTOTRAM-TRANSLATION-STRUCTURE,library/holdings/ambuda/2026-05-12/ramarakshastotram-translation
HLD-AMB-SURYASHATAKAM-TIKA-20260512,suryashatakam-tika,टीका,sa,CC0-1.0,unspecified,,,223835,222375,29b2517d105da94dae2f5da7f6a092dfe37c93b8dc6e424b36610a923b2fb691,c28bafd83300068b8959a4ed49cc17d944f2dd94f2d580b174312f731124e42a,0,INTEGRITY_VERIFIED,NOT_ASSESSED,GAP-AMB-SURYASHATAKAM-TIKA-STRUCTURE,library/holdings/ambuda/2026-05-12/suryashatakam-tika
HLD-AMB-LAKSHMISTOTRAM-20260512,lakshmistotram,लक्ष्मीस्तोत्रम्,sa,CC0-1.0,unspecified,,,4875,4085,486cd6975a9b75cbf594b26436fc3df826350cc89c942534e268b5e09d0bf8b7,1573b72dcaf60598668f3b262954b789a42ae269357adeec5b42a7d7e1e68170,0,INTEGRITY_VERIFIED,NOT_ASSESSED,GAP-AMB-LAKSHMISTOTRAM-STRUCTURE,library/holdings/ambuda/2026-05-12/lakshmistotram
HLD-AMB-GANESHASHTAKAM-20260512,ganeshashtakam,गणेशाष्टकम्,sa,CC0-1.0,p1,गणेशाष्टकम्,,6496,4417,f4f3379e972ddce3bb2b864ac96896f5884c5a8b65d39bb12c885541e1930daf,0582a48493371bd3616f6ccbd374aad922bae920289db055bbcff426a492c620,0,INTEGRITY_VERIFIED,NOT_ASSESSED,GAP-AMB-GANESHASHTAKAM-STRUCTURE,library/holdings/ambuda/2026-05-12/ganeshashtakam
HLD-AMB-ADITYAHRDAYAM-20260512,adityahrdayam,आदित्यहृदयम्,sa,CC0-1.0,unspecified,,,8728,7567,b66de3f5d6d27842023dca405850e1c183d659f0e30845dd3b9a09a5b576aba7,c591c5ca09805d5ee5518944dada236df634bd464ad809de78714c2519411716,0,INTEGRITY_VERIFIED,NOT_ASSESSED,GAP-AMB-ADITYAHRDAYAM-STRUCTURE,library/holdings/ambuda/2026-05-12/adityahrdayam
HLD-AMB-ANYOKTIMUKTALATA-20260512,anyoktimuktalata,अन्योक्तिमुक्तालता,sa,CC0-1.0,unspecified,,,59090,54973,b0a598b4a68317f8d2095b8355111455a83dba684efa7bef70944c542a79d213,3f2bddae6ecbeb8b760463553835190fd3b2a880c90ea4074192bb0608d2df99,0,INTEGRITY_VERIFIED,NOT_ASSESSED,GAP-AMB-ANYOKTIMUKTALATA-STRUCTURE,library/holdings/ambuda/2026-05-12/anyoktimuktalata
HLD-AMB-SHIVASAPTATINAMASTOTRAM-20260512,shivasaptatinamastotram,शिवसप्ततिनामस्तोत्रम्,sa,CC0-1.0,unspecified,,,2826,2200,3975131d2d00f9aa9935d600b748b18e920d5234983a007ea3a4dc08ed8db2f1,9f3faef5c28a39db553dca60ae9e3b58b7229964a9090e0f3afa938cc1647feb,0,INTEGRITY_VERIFIED,NOT_ASSESSED,GAP-AMB-SHIVASAPTATINAMASTOTRAM-STRUCTURE,library/holdings/ambuda/2026-05-12/shivasaptatinamastotram
HLD-AMB-KARNABHARAM-20260512,karnabharam,कर्णभारम्,sa,CC0-1.0,p1,,,30814,25331,4bdbf16b654f4030a28368d0e137d469ad1422baf120133af1b1691e956da82f,3f6a2fec9b40a30c7a6dce5ac1f8a67e1bb7ab5991f6ed31ba115b5f9fb7b791,1,INTEGRITY_VERIFIED,NOT_ASSESSED,GAP-AMB-KARNABHARAM-STRUCTURE,library/holdings/ambuda/2026-05-12/karnabharam
HLD-AMB-INDRASAHASRE-KATAKSHASTABAKA-20260512,indrasahasre-katakshastabaka,इन्द्रसहस्रे कटाक्षस्तबकः,sa,CC0-1.0,unspecified,,,5366,4748,5c6f51935550ecb2975f746388215b127c3515f37d54524fd2407b2360704b9f,b92d6f7efd9bd4aaea9101d437ac4e079957be6698f707c9cea0b335aa1d8848,1,INTEGRITY_VERIFIED,NOT_ASSESSED,GAP-AMB-INDRASAHASRE-KATAKSHASTABAKA-STRUCTURE,library/holdings/ambuda/2026-05-12/indrasahasre-katakshastabaka
HLD-AMB-URUBHANGAM-20260512,urubhangam,ऊरुभङ्गम्,sa,CC0-1.0,p1,,,65528,54746,b026d5d0ed4b2ef457f2606016baf71abb85dac5fe4445d826301c59ab5d74cd,ed3a86d61ac994533892d39f7cafea405ffd922531e45a651f26c62e64cd0c9a,1,INTEGRITY_VERIFIED,NOT_ASSESSED,GAP-AMB-URUBHANGAM-STRUCTURE,library/holdings/ambuda/2026-05-12/urubhangam
HLD-AMB-DUTAVAKYAM-20260512,dutavakyam,दूतवाक्यम्,sa,CC0-1.0,p1,,,49523,45540,33bb1c79ebd6513d7c77868d91262cce4583ad69ed2fa358409687dad4b748a1,45b3cd649a492bf0be57e538e41adb2fd947a39f075f3269f95ce1935ec47337,1,INTEGRITY_VERIFIED,NOT_ASSESSED,GAP-AMB-DUTAVAKYAM-STRUCTURE,library/holdings/ambuda/2026-05-12/dutavakyam
HLD-AMB-DUTAGHATOTKACAM-20260512,dutaghatotkacam,दूतघटोत्कचम्,sa,CC0-1.0,p1,,,50042,41967,6f3eda26f208dbb7e4016d8ee936a5a2ca939168f2d05dc95ef688d45aadef4b,1cb9782b59bd55de263be05d90b35e2d940539e1d949013f6762579c9702ce30,1,INTEGRITY_VERIFIED,NOT_ASSESSED,GAP-AMB-DUTAGHATOTKACAM-STRUCTURE,library/holdings/ambuda/2026-05-12/dutaghatotkacam
HLD-AMB-MADHYAMAVYAYOGA-20260512,madhyamavyayoga,मध्यमव्यायोगः,sa,CC0-1.0,p1,,,58370,46826,b0ba8281a7d1e9a2f551bf2181199c6eebc8e6fd8312cf7d5bb61f65d0787221,4aa44cdce7cc1dddfc261c0c972672110d21492d657ecceb6534ebbed3641a74,1,INTEGRITY_VERIFIED,NOT_ASSESSED,GAP-AMB-MADHYAMAVYAYOGA-STRUCTURE,library/holdings/ambuda/2026-05-12/madhyamavyayoga
HLD-AMB-RAMAGITA-20260512,ramagita,रामगीता,sa,CC0-1.0,p1,,,3200,2821,40d29b4effa727289f2bc0b5ae43cf0661dab0f38b8c4e38c5a62833e4b901a4,4fd455e754074469f439d00a89230f4efc3303d615b13b2d0e0a93a54de7568a,1,INTEGRITY_VERIFIED,NOT_ASSESSED,GAP-AMB-RAMAGITA-STRUCTURE,library/holdings/ambuda/2026-05-12/ramagita
HLD-AMB-SHIVAGITAM-20260512,shivagitam,शिवगीतम्,sa,CC0-1.0,p1,,,5995,5302,968a626a7535cca77f1d43369e7e99ad2a601849504228b39da27af4fc08d167,d13495f67a37816fc22090fd573db4b6c716150996e5a4246df7b6b932974f11,1,INTEGRITY_VERIFIED,NOT_ASSESSED,GAP-AMB-SHIVAGITAM-STRUCTURE,library/holdings/ambuda/2026-05-12/shivagitam
HLD-AMB-SHRIRAMANACATVARIMSHAT-20260512,shriramanacatvarimshat,श्रीरमणचत्वारिंशत्,sa,CC0-1.0,p1,,,15637,14412,801a8052cf12c91f9e7ced8674b7a75ceadb78dcc0edbb1c9dfae3bfe3cf058b,7bd4c423092fed74413f7c9a994ba5582c0321825edcd73ba2fe9a64a41df147,1,INTEGRITY_VERIFIED,NOT_ASSESSED,GAP-AMB-SHRIRAMANACATVARIMSHAT-STRUCTURE,library/holdings/ambuda/2026-05-12/shriramanacatvarimshat
HLD-AMB-INDRAVIMSHATI-20260512,indravimshati,इन्द्रविंशतिः,sa,CC0-1.0,p1,,,4513,3914,d2138b49a1c2d658f4c416a0f71d21933fc71d27a4d9e779187ef0f3d55a8ba8,ddbcabbfc078b97b9dfbb64a51c66b7fddb3df2f5dd3f41632f98655f1e46341,1,INTEGRITY_VERIFIED,NOT_ASSESSED,GAP-AMB-INDRAVIMSHATI-STRUCTURE,library/holdings/ambuda/2026-05-12/indravimshati
HLD-AMB-SHRIPAVANASHTAKAM-20260512,shripavanashtakam,श्रीपवनाष्टकम्,sa,CC0-1.0,p1,,,2774,2420,cc2de236cbda760890dda476d6bc215231bdc9054fd781f914af1b23ff603adf,c3ddb81149f7bb5f6b9b694cd5d6deefa4a9c1aa3f47e2c5b58736154fabfb44,1,INTEGRITY_VERIFIED,NOT_ASSESSED,GAP-AMB-SHRIPAVANASHTAKAM-STRUCTURE,library/holdings/ambuda/2026-05-12/shripavanashtakam
HLD-AMB-SHRINRSIMHAPANCARATNAM-20260512,shrinrsimhapancaratnam,श्रीनृसिंहपञ्चरत्नम्,sa,CC0-1.0,p1,,,2063,1794,a79d8ead3dca8ebca821d974f82f368f3fa27f208a5428014e10f7546b1d4a69,be7c1cbcc6102a3f9879c9303dd36c37a5eded5dfd86a846f3944cc354efa405,1,INTEGRITY_VERIFIED,NOT_ASSESSED,GAP-AMB-SHRINRSIMHAPANCARATNAM-STRUCTURE,library/holdings/ambuda/2026-05-12/shrinrsimhapancaratnam
HLD-AMB-SHRIYOGANJANEYAPANCARATNAM-20260512,shriyoganjaneyapancaratnam,श्रीयोगाञ्जनेयपञ्चरत्नम्,sa,CC0-1.0,p1,,,1684,1500,d225ed41d29d647db4c6ceeb84dc61c69d14de24672d0045e57a83ae849c09f9,5df1da40c694b75d3991d1b3af346345f01d260dc22f9c7b16d4d66813bf8f48,1,INTEGRITY_VERIFIED,NOT_ASSESSED,GAP-AMB-SHRIYOGANJANEYAPANCARATNAM-STRUCTURE,library/holdings/ambuda/2026-05-12/shriyoganjaneyapancaratnam
HLD-AMB-SHRIKRSHNAKSHARAMALIKA-20260512,shrikrshnaksharamalika,श्रीकृष्णाक्षरमालिका,sa,CC0-1.0,p1,,,17013,15633,1b2d4e1abc92e4485e90e51e6d6ae6117918ebe47029318ffef4d74249d07fca,39870719c8e87e21c5948ff91ef9398d948ac150c915ddcc850a1d43399e019d,1,INTEGRITY_VERIFIED,NOT_ASSESSED,GAP-AMB-SHRIKRSHNAKSHARAMALIKA-STRUCTURE,library/holdings/ambuda/2026-05-12/shrikrshnaksharamalika
HLD-AMB-SHRIVYASAYOGICARITAM-20260512,shrivyasayogicaritam,श्रीव्यासयोगिचरितम्,सोमनाथः,CC0-1.0,p0,,,282089,274267,6c6535b62803ce2943800d05cd82cf06003f80247158ab401f63f7693a14ef38,f9cf187eae463965beea86ab149e496db021ba9ffbb2962bb820aee0a7f886dc,1,INTEGRITY_VERIFIED,NOT_ASSESSED,GAP-AMB-SHRIVYASAYOGICARITAM-STRUCTURE,library/holdings/ambuda/2026-05-12/shrivyasayogicaritam
HLD-AMB-ABHISHEKANATAKAM-20260512,abhishekanatakam,अभिषेकनाटकम्,sa,CC0-1.0,p1,अभिषेकनाटकम्,1937,189953,132221,dd9ad67cd0f9cd910fd83d33bc68f65e0298f8b2dd2d749a3dba88f00798f376,55e7132a4323fe2292d8066fc9e52ae40b8fcebee9ed65bb4ba80eba417c1d97,6,INTEGRITY_VERIFIED,NOT_ASSESSED,GAP-AMB-ABHISHEKANATAKAM-STRUCTURE,library/holdings/ambuda/2026-05-12/abhishekanatakam
HLD-AMB-YOGARAJOPANISHAT-20260512,yogarajopanishat,योगराजोपनिषत्,sa,CC0-1.0,p1,योगराजोपनिषत्,1938,8737,6330,e7bac190323a71ada2a3821d58ee546c15bb3d307506b8ce228463438b50f697,bf10e5f3f30f8686e16f4384e47230bc0e70bce99483cc3cd4287f53b59e162a,0,INTEGRITY_VERIFIED,NOT_ASSESSED,GAP-AMB-YOGARAJOPANISHAT-STRUCTURE,library/holdings/ambuda/2026-05-12/yogarajopanishat
HLD-AMB-ADVAITOPANISHAT-20260512,advaitopanishat,अद्वैतोपनिषत्,sa,CC0-1.0,p1,अद्वैतोपनिषत्,1938,7547,6183,a3183c306d0bf86b8253f5bf1a943578fe1ee16aa28f67f1697d3cb3a0dfdd55,950ba3111246239f51640d0a709c060012039c2cbd138b58d369721e384b1398,0,INTEGRITY_VERIFIED,NOT_ASSESSED,GAP-AMB-ADVAITOPANISHAT-STRUCTURE,library/holdings/ambuda/2026-05-12/advaitopanishat
HLD-AMB-ACAMANOPANISHAT-20260512,acamanopanishat,आचमनोपनिषत्,sa,CC0-1.0,p1,आचमनोपनिषत्,1938,4091,2800,7698ae390b491d1f2599705db7c9f407972751ba3beac8c382aeee57ed8fe6d6,7aa711bf419563e2d0a4f2e73e357aab4e6d7438619f6d46470fbb328a61feff,0,INTEGRITY_VERIFIED,NOT_ASSESSED,GAP-AMB-ACAMANOPANISHAT-STRUCTURE,library/holdings/ambuda/2026-05-12/acamanopanishat
HLD-AMB-ATMAPUJOPANISHAT-20260512,atmapujopanishat,आत्मपूजोपनिषत्,sa,CC0-1.0,p1,आत्मपूजोपनिषत्,,2974,2190,a6cce083a539b53c2b9bc8f7e654b84b3c113e3d24f3496800896d58859ae20c,2c898c770f17f7166804db2e941e3e335ebebc3db522e0d95f578756789e4aa3,0,INTEGRITY_VERIFIED,NOT_ASSESSED,GAP-AMB-ATMAPUJOPANISHAT-STRUCTURE,library/holdings/ambuda/2026-05-12/atmapujopanishat
HLD-AMB-ARSHEYOPANISHAT-20260512,arsheyopanishat,आर्षेयोपनिषत्,sa,CC0-1.0,p1,आर्षेयोपनिषत्,1938,13063,12043,b1fd07900b1dbb12818132500aee824b25c73e40c5f6b5f331e4c9681a2bc95d,2d672874b862ad68b86944db4a49d1cdd65f38c8a295472b3f18b83fa0cf6053,0,INTEGRITY_VERIFIED,NOT_ASSESSED,GAP-AMB-ARSHEYOPANISHAT-STRUCTURE,library/holdings/ambuda/2026-05-12/arsheyopanishat
HLD-AMB-ITIHASOPANISHAT-20260512,itihasopanishat,इतिहासोपनिषत्,sa,CC0-1.0,p1,इतिहासोपनिषत्,1938,35006,32023,2cb0f822d09bd9faaaa5693ddd7646769677ebf8bbe045525b87437d11c99d23,701f55a8d09b114768857d2ed1ac7d0ae299191fdad4dc0ad2be3e5ba5241e0d,0,INTEGRITY_VERIFIED,NOT_ASSESSED,GAP-AMB-ITIHASOPANISHAT-STRUCTURE,library/holdings/ambuda/2026-05-12/itihasopanishat
HLD-AMB-CATURVEDOPANISHAT-20260512,caturvedopanishat,चतुर्वेदोपनिषत्,sa,CC0-1.0,p1,चतुर्वेदोपनिषत्,1938,7100,6114,165696657fa8601fee5295fd4b015d689576d5896a39d151c3812c8e8fbec180,c69ef868cd918e9da00afa004d9812bed466edf1a187909ce4fb290ce3e8a354,0,INTEGRITY_VERIFIED,NOT_ASSESSED,GAP-AMB-CATURVEDOPANISHAT-STRUCTURE,library/holdings/ambuda/2026-05-12/caturvedopanishat
HLD-AMB-CAKSHUSHOPANISHAT-20260512,cakshushopanishat,चाक्षुषोपनिषत्,sa,CC0-1.0,p1,चाक्षुषोपनिषत्,1938,5585,4636,5dafaaa8553dfa8093e45109387cb8077f7d650bcb658afe1086c5b8e954585e,cd1408c078384376041130107dee30f3463ec1c155f87c421638304b5d3a039b,0,INTEGRITY_VERIFIED,NOT_ASSESSED,GAP-AMB-CAKSHUSHOPANISHAT-STRUCTURE,library/holdings/ambuda/2026-05-12/cakshushopanishat
HLD-AMB-CHAGALEYOPANISHAT-20260512,chagaleyopanishat,छागलेयोपनिषत्,sa,CC0-1.0,p1,छागलेयोपनिषत्,1938,12045,11052,cb3996667bf96a5d70a7b98f51c5dbe3afba1856f36bde96512ea03b3a3a9425,07ded8abd992aa3d7b8965bc4743b5403a91f3a3f04a2e9fa762fab019fa2290,0,INTEGRITY_VERIFIED,NOT_ASSESSED,GAP-AMB-CHAGALEYOPANISHAT-STRUCTURE,library/holdings/ambuda/2026-05-12/chagaleyopanishat
HLD-AMB-TURIYOPANISHAT-20260512,turiyopanishat,तुरीयोपनिषत्,sa,CC0-1.0,p1,तुरीयोपनिषत्,1938,4863,3959,2f29ad4e7774102507f73db74f559b068397f3e6372c6aa693fe705ffc927352,5851965355e01c8e21b5f2b36809f69a3aacd553d486e43065d865a7dfae26a6,0,INTEGRITY_VERIFIED,NOT_ASSESSED,GAP-AMB-TURIYOPANISHAT-STRUCTURE,library/holdings/ambuda/2026-05-12/turiyopanishat
HLD-AMB-DVAYOPANISHAT-20260512,dvayopanishat,द्वयोपनिषत्,sa,CC0-1.0,p1,द्वयोपनिषत्,1938,4001,3000,51656045374a28f88d0e5cbe95b11b01ddbf67e77f66c545bb86ab12a9ea666f,3bfdf5683a437ffae71d8cf1d7a8bb7ea7489aaddd31ededd6cd6bf301481cad,0,INTEGRITY_VERIFIED,NOT_ASSESSED,GAP-AMB-DVAYOPANISHAT-STRUCTURE,library/holdings/ambuda/2026-05-12/dvayopanishat
HLD-AMB-NIRUKTOPANISHAT-20260512,niruktopanishat,निरुक्तोपनिषत्,sa,CC0-1.0,p1,निरुक्तोपनिषत्,1938,7356,6381,3074ba7b800c3dd3ed1d8148f7e26e28f61593c7c117623ccb36e8ad956366d3,ab910ce53d2b2a789f359834d9b0418c76067be91d57bd2f0b8ddd0fc64c588c,0,INTEGRITY_VERIFIED,NOT_ASSESSED,GAP-AMB-NIRUKTOPANISHAT-STRUCTURE,library/holdings/ambuda/2026-05-12/niruktopanishat
HLD-AMB-PINDOPANISHAT-20260512,pindopanishat,पिण्डोपनिषत्,sa,CC0-1.0,p1,पिण्डोपनिषत्,1938,3793,2756,1f52b63dade7d67b841083112d4569ba01855624bb3e93a8d46b56ebc3a00a21,b5067d41d12ddc05e5038ea052c90b70beccc2d089b514dee446a79812ae51bb,0,INTEGRITY_VERIFIED,NOT_ASSESSED,GAP-AMB-PINDOPANISHAT-STRUCTURE,library/holdings/ambuda/2026-05-12/pindopanishat
HLD-AMB-PRANAVOPANISHAT-20260512,pranavopanishat,प्रणवोपनिषत्,sa,CC0-1.0,p1,प्रणवोपनिषत्,1938,5401,4253,657c3bbaea6b344a306a561cfa5ca4ffd840f0656d4a31ae8c5ea3e191fa39d0,c0ecb2cf576008e7515b1e155b80ab9d765305ce6a6fde252fcc6ee22f866df0,0,INTEGRITY_VERIFIED,NOT_ASSESSED,GAP-AMB-PRANAVOPANISHAT-STRUCTURE,library/holdings/ambuda/2026-05-12/pranavopanishat
HLD-AMB-URDHVAPUNDROPANISHAT-20260512,urdhvapundropanishat,ऊर्ध्वपुण्ड्रोपनिषत्,sa,CC0-1.0,p1,ऊर्ध्वपुण्ड्रोपनिषत्,1938,6495,5553,59642feba662df217fbe5474b557b607d32f9bea80459e9a1dda9e53a1b3905a,868a776541c93c73f2b38c73f3271b0dfa62c8a545c78020cb8b7d9f1eec54dd,0,INTEGRITY_VERIFIED,NOT_ASSESSED,GAP-AMB-URDHVAPUNDROPANISHAT-STRUCTURE,library/holdings/ambuda/2026-05-12/urdhvapundropanishat
HLD-AMB-KATYAYANOPANISHAT-20260512,katyayanopanishat,कात्यायनोपनिषत्,sa,CC0-1.0,p1,कात्यायनोपनिषत्,1938,4853,3979,9adf2fc7db1a8c9dbd385bcfb222210fe57f84e7631768a2189e9a724e1abdde,f3c2990829e23894a512a67fa80a41f4ce5e6b608021da73e9485bb09fb89b0b,0,INTEGRITY_VERIFIED,NOT_ASSESSED,GAP-AMB-KATYAYANOPANISHAT-STRUCTURE,library/holdings/ambuda/2026-05-12/katyayanopanishat
HLD-AMB-GOPICANDANOPANISHAT-20260512,gopicandanopanishat,गोपीचन्दनोपनिषत्,sa,CC0-1.0,p1,गोपीचन्दनोपनिषत्,1938,16636,15158,364418e115e7c84ee392fcae18559bc95d3ceabe194cea2e933ab77433758e09,cb9d4c23f2f6e87db8ea3a65148516580c4bb1b8d376e7b6936c19e6b4de4bd3,0,INTEGRITY_VERIFIED,NOT_ASSESSED,GAP-AMB-GOPICANDANOPANISHAT-STRUCTURE,library/holdings/ambuda/2026-05-12/gopicandanopanishat
HLD-AMB-TULASYUPANISHAT-20260512,tulasyupanishat,तुलस्युपनिषत्,sa,CC0-1.0,p1,तुलस्युपनिषत्,1938,8474,7274,60d1e275502be2e6c1f42256318148eb04656ce3347b8744eeb83ce1faf9a44f,625f54f484b9b670f746860475a3df0cd247955139abc7fb7a3c1201624c7859,0,INTEGRITY_VERIFIED,NOT_ASSESSED,GAP-AMB-TULASYUPANISHAT-STRUCTURE,library/holdings/ambuda/2026-05-12/tulasyupanishat
HLD-AMB-NARADOPANISHAT-20260512,naradopanishat,नारदोपनिषत्,sa,CC0-1.0,p1,नारदोपनिषत्,1938,3931,3048,e093338d8d6ccbc0cb534e36b0f8dbb4e866b24601824663c2c295a46664494d,305d7b7362565e3e9475488d22fcf60fcf950ab9ed99c75018a3e2e9e85eec8d,0,INTEGRITY_VERIFIED,NOT_ASSESSED,GAP-AMB-NARADOPANISHAT-STRUCTURE,library/holdings/ambuda/2026-05-12/naradopanishat
HLD-AMB-SVASAMVEDYOPANISHAT-20260512,svasamvedyopanishat,स्वसंवेद्योपनिषत्,sa,CC0-1.0,p1,स्वसंवेद्योपनिषत्,1938,8047,7152,1df79a1875b916c29472eca83b5e5f0e635874fb11eb81ceb0047654913a7340,daed9864c2f28f3b6346f2710365ae95d762d84d34c9184a2e5f1916533c5859,0,INTEGRITY_VERIFIED,NOT_ASSESSED,GAP-AMB-SVASAMVEDYOPANISHAT-STRUCTURE,library/holdings/ambuda/2026-05-12/svasamvedyopanishat
HLD-AMB-NRSIMHASHATCAKROPANISHAT-20260512,nrsimhashatcakropanishat,नृसिंहषट्चक्रोपनिषत्,sa,CC0-1.0,p1,नृसिंहषट्चक्रोपनिषत्,1938,8818,7843,92ceaf55811fd473fbebc15de9de87655b1fa8524e10d442af15813de29a4ece,a81efaea917832e024f7d91e4429386117d11d3de2994ff20810263adf14f7a4,0,INTEGRITY_VERIFIED,NOT_ASSESSED,GAP-AMB-NRSIMHASHATCAKROPANISHAT-STRUCTURE,library/holdings/ambuda/2026-05-12/nrsimhashatcakropanishat
HLD-AMB-HERAMBOPANISHAT-20260512,herambopanishat,हेरम्बोपनिषत्,sa,CC0-1.0,p1,हेरम्बोपनिषत्,1938,7539,6349,c8a0a165cfd1b1687013657576244d99823671b93c99063dc284fd37ba7437b4,fb698dcdbaff48074d0d022549e61325831b3ce32305d02493049f1618530c10,0,INTEGRITY_VERIFIED,NOT_ASSESSED,GAP-AMB-HERAMBOPANISHAT-STRUCTURE,library/holdings/ambuda/2026-05-12/herambopanishat
HLD-AMB-ALLOPANISHAT-20260512,allopanishat,अल्लोपनिषत्,sa,CC0-1.0,p1,अल्लोपनिषत्,1938,5546,4610,76eb2d83e9963c669aebc091ad3d29cfc261a0f0dc638d316bac1c1323918c71,c82d8b4838fd91b825e1f25fd380d98b9d7c117cc6af1b24123dff893ef254c6,0,INTEGRITY_VERIFIED,NOT_ASSESSED,GAP-AMB-ALLOPANISHAT-STRUCTURE,library/holdings/ambuda/2026-05-12/allopanishat
HLD-AMB-KAMARAJAKILITODDHAROPANISHAT-20260512,kamarajakilitoddharopanishat,कामराजकीलितोद्धारोपनिषत्,sa,CC0-1.0,p1,कामराजकीलितोद्धारोपनिषत्,1938,6050,5175,4e13bfb69049ec3ee2a87ff08bea6d403eeff477c90b7889a46c707145dd859e,bc664f40d250e1c5b815f01bf42ab6c86e274e87a7749a93a6d8c315043103cb,0,INTEGRITY_VERIFIED,NOT_ASSESSED,GAP-AMB-KAMARAJAKILITODDHAROPANISHAT-STRUCTURE,library/holdings/ambuda/2026-05-12/kamarajakilitoddharopanishat
HLD-AMB-YAJNOPAVITOPANISHAT-20260512,yajnopavitopanishat,यज्ञोपवीतोपनिषत्,sa,CC0-1.0,p1,यज्ञोपवीतोपनिषत्,1938,3464,2541,75fab43c87a71fe65bd3186478ee93acb6a15d760c955e5889d7941e8cf2f0f5,162d9d8ba61c3fa12d5354f867be6f4901eefdaae04d409070bb8c8f5083fda9,0,INTEGRITY_VERIFIED,NOT_ASSESSED,GAP-AMB-YAJNOPAVITOPANISHAT-STRUCTURE,library/holdings/ambuda/2026-05-12/yajnopavitopanishat
HLD-AMB-MRTYULANGULOPANISHAT-20260512,mrtyulangulopanishat,मृत्युलाङ्गूलोपनिषत्,sa,CC0-1.0,p1,मृत्युलाङ्गूलोपनिषत्,1938,4836,3892,ab658908f1cc6f08339ed61a743874c2b5d5d05e8ebae2faba3a95e1b2392035,28617e94ffb080dc8e4ea02282e3e9f560cac4279137f70722fa0550d2aa11cd,0,INTEGRITY_VERIFIED,NOT_ASSESSED,GAP-AMB-MRTYULANGULOPANISHAT-STRUCTURE,library/holdings/ambuda/2026-05-12/mrtyulangulopanishat
HLD-AMB-RUDROPANISHAT-20260512,rudropanishat,रुद्रोपनिषत्,sa,CC0-1.0,p1,रुद्रोपनिषत्,1938,6963,6053,a822c59ac72bc2980c8a76cc67c7117727713b7538d41cdb5ca5e95c95fa8d90,506ea008d9243c4f76ee1617f185b03ca6395e1cc2c9d78cbaf8c5fefcf0af91,0,INTEGRITY_VERIFIED,NOT_ASSESSED,GAP-AMB-RUDROPANISHAT-STRUCTURE,library/holdings/ambuda/2026-05-12/rudropanishat
HLD-AMB-LINGOPANISHAT-20260512,lingopanishat,लिङ्गोपनिषत्,sa,CC0-1.0,p1,लिङ्गोपनिषत्,1938,11967,10618,cbdd59ee71cafee29ca9e58b0c1b291ed5561c89b065cf1c5d7d187537e16c02,0f9dd0f34edb1099aac76c8fcae500d788888efb0548246b7ad7d40dd641854a,0,INTEGRITY_VERIFIED,NOT_ASSESSED,GAP-AMB-LINGOPANISHAT-STRUCTURE,library/holdings/ambuda/2026-05-12/lingopanishat
HLD-AMB-VAJRAPANJAROPANISHAT-20260512,vajrapanjaropanishat,वज्रपञ्जरोपनिषत्,sa,CC0-1.0,p1,वज्रपञ्जरोपनिषत्,1938,8027,6421,86835c549efc1ce940bcb9294c89b3b7493aa361d5cd9e7fd1615a33db64dd92,69cd04d3f61f7f7f723590f0fea47c7c8645a37e7e6d9ecdefe292c2a5ef1d8c,0,INTEGRITY_VERIFIED,NOT_ASSESSED,GAP-AMB-VAJRAPANJAROPANISHAT-STRUCTURE,library/holdings/ambuda/2026-05-12/vajrapanjaropanishat
HLD-AMB-PRANAVOPANISHAT-2-20260512,pranavopanishat-2,प्रणवोपनिषत्,sa,CC0-1.0,p1,प्रणवोपनिषत्,1938,23174,21697,2494de9e01e575cdd7f274662807ab2e4dcd64cba2d92dbd24866436fb6abc74,85240158bad160303938721b5ef54e2e23d4b65a6e7c61caf01c0cd6a73c8380,0,INTEGRITY_VERIFIED,NOT_ASSESSED,GAP-AMB-PRANAVOPANISHAT-2-STRUCTURE,library/holdings/ambuda/2026-05-12/pranavopanishat-2
HLD-AMB-BASHKALAMANTROPANISHAT-20260512,bashkalamantropanishat,बाष्कलमन्त्रोपनिषत्,sa,CC0-1.0,p1,बाष्कलमन्त्रोपनिषत्,1938,11042,8408,de934afce8136842c82d9ef0e4b6cd0da5bb57c0578f88b08d830b6906b7cec8,03186f76933e1c41cc9c23a0811c777300fa55fca7c804377f2f4407e248c836,0,INTEGRITY_VERIFIED,NOT_ASSESSED,GAP-AMB-BASHKALAMANTROPANISHAT-STRUCTURE,library/holdings/ambuda/2026-05-12/bashkalamantropanishat
HLD-AMB-SADANDOPANISHAT-20260512,sadandopanishat,सदानन्दोपनिषत्,sa,CC0-1.0,p1,सदानन्दोपनिषत्,1938,7817,5866,ead7fe0da5ae190c58e8ff1c68908945fc5842f1cb7f02195887ffab829a9107,353e814fcb02c672fc44868789142b9ec6e23742aa631b72a0215bcb94e5cc73,0,INTEGRITY_VERIFIED,NOT_ASSESSED,GAP-AMB-SADANDOPANISHAT-STRUCTURE,library/holdings/ambuda/2026-05-12/sadandopanishat
HLD-AMB-SHRICAKROPANISHAT-20260512,shricakropanishat,श्रीचक्रोपनिषत्,sa,CC0-1.0,p1,श्रीचक्रोपनिषत्,1938,4384,3035,68533d3aef95731ce91846407ec78b90da1368b077b1eb231ae4f42ddb21fe4b,01950bf49cdf7786566512619ab24046648b542cb19fb9dcb0ddcfe6106e86cf,0,INTEGRITY_VERIFIED,NOT_ASSESSED,GAP-AMB-SHRICAKROPANISHAT-STRUCTURE,library/holdings/ambuda/2026-05-12/shricakropanishat
HLD-AMB-KALIKOPANISHAT-20260512,kalikopanishat,कालिकोपनिषत्,sa,CC0-1.0,p1,कालिकोपनिषत्,1938,12055,10448,a76c46d0a123267f1d2062d2a3d040223685d850ec143fcc996658f1e4dc3381,4e7390339faadb060a7685592f9aca11020f8207bfaf43003b2a5f3b4471a60d,0,INTEGRITY_VERIFIED,NOT_ASSESSED,GAP-AMB-KALIKOPANISHAT-STRUCTURE,library/holdings/ambuda/2026-05-12/kalikopanishat
HLD-AMB-ATHARVANADVITIYOPANISHAT-20260512,atharvanadvitiyopanishat,आथर्वणद्वितीयोपनिषत्,sa,CC0-1.0,p1,आथर्वणद्वितीयोपनिषत्,1938,28926,27371,da610226e22e06e29658ddfb594a51b5044ce85c0b65a14b84dd1498735051a8,f219dc713a7dedfaaf954524f9a2445e9614db4f3344dee92802ed43e526761b,0,INTEGRITY_VERIFIED,NOT_ASSESSED,GAP-AMB-ATHARVANADVITIYOPANISHAT-STRUCTURE,library/holdings/ambuda/2026-05-12/atharvanadvitiyopanishat
HLD-AMB-KALIMEDHADIKSHITOPANISHAT-20260512,kalimedhadikshitopanishat,कालीमेधादीक्षितोपनिषत्,sa,CC0-1.0,p1,कालीमेधादीक्षितोपनिषत्,1938,5542,4274,3c94b948c4d3587d1fe8510343b0adafe290ac3954955f2f64807179ba04cecd,1fc774270e38c3c2ef0bcb25687230ec24a3510a6a338925fa3198ee5928e94e,0,INTEGRITY_VERIFIED,NOT_ASSESSED,GAP-AMB-KALIMEDHADIKSHITOPANISHAT-STRUCTURE,library/holdings/ambuda/2026-05-12/kalimedhadikshitopanishat
HLD-AMB-PITAMBAROPANISHAT-20260512,pitambaropanishat,पीताम्बरोपनिषत्,sa,CC0-1.0,p1,पीताम्बरोपनिषत्,1938,7834,6534,73783a525bca408efa9646536a9cbb628f1eafefbc7914223fd4e254768ccd84,e170e82556ed760e1ce24f1aacb89875226ec272759e1caec27d05a7ba2c4d3a,0,INTEGRITY_VERIFIED,NOT_ASSESSED,GAP-AMB-PITAMBAROPANISHAT-STRUCTURE,library/holdings/ambuda/2026-05-12/pitambaropanishat
HLD-AMB-SHODHOPANISHAT-20260512,shodhopanishat,षोढोपनिषत्,sa,CC0-1.0,p1,षोढोपनिषत्,1938,6370,5089,02cf47f7a8ea26f7409a768125887b67a6368c9d94418b33c4b1c7e67d815637,6c3aab5d7f26e582335c186ecf27c48f78dc8a3b6d1971dfdadf3766f615b38d,0,INTEGRITY_VERIFIED,NOT_ASSESSED,GAP-AMB-SHODHOPANISHAT-STRUCTURE,library/holdings/ambuda/2026-05-12/shodhopanishat
HLD-AMB-SUMUKHYUPANISHAT-20260512,sumukhyupanishat,सुमुख्युपनिषत्,sa,CC0-1.0,p1,सुमुख्युपनिषत्,1938,6066,4785,8159bca3539cbd5efb21f6cbeeb200f49ac29ac5e403b9ef61fe509e2c08421b,550c5c74377bfca1baed947ef8037c6d4577fd771b2fd50969f01b5296bcc99c,0,INTEGRITY_VERIFIED,NOT_ASSESSED,GAP-AMB-SUMUKHYUPANISHAT-STRUCTURE,library/holdings/ambuda/2026-05-12/sumukhyupanishat
HLD-AMB-HAMSASHODHOPANISHAT-20260512,hamsashodhopanishat,हंसषोढोपनिषत्,sa,CC0-1.0,p1,हंसषोढोपनिषत्,1938,5948,4667,363056785d078717336a4a2d36f8f365733374edc5a4f5795ba959c7d49e25ec,6768e78297f04d5ebd4c7cd841267fb26d21e606b67671e267a8b408b6703cd3,0,INTEGRITY_VERIFIED,NOT_ASSESSED,GAP-AMB-HAMSASHODHOPANISHAT-STRUCTURE,library/holdings/ambuda/2026-05-12/hamsashodhopanishat
HLD-AMB-GAYATRYUPANISHAT-20260512,gayatryupanishat,गायत्र्युपनिषत्,sa,CC0-1.0,p1,गायत्र्युपनिषत्,1938,7361,6080,51eb3294bc694007e74a05fcf8717328dc11ffcc5ddd9800ace15deff27c6458,d79ca4c12ef041e088df038adbe62412ea9f846a19dd0a93a09bcdab0e71b581,0,INTEGRITY_VERIFIED,NOT_ASSESSED,GAP-AMB-GAYATRYUPANISHAT-STRUCTURE,library/holdings/ambuda/2026-05-12/gayatryupanishat
HLD-AMB-GAYATRIRAHASYOPANISHAT-20260512,gayatrirahasyopanishat,गायत्रीरहस्योपनिषत्,sa,CC0-1.0,p1,गायत्रीरहस्योपनिषत्,1938,18907,17570,e35a39e4bb148f1c2fcfba648446dbaba6749d3510568d3cd1c150728650755d,31975edd46a7b539b8c5a2d57feb779055ef19e72bb183a92c4e3eafb2e72c02,0,INTEGRITY_VERIFIED,NOT_ASSESSED,GAP-AMB-GAYATRIRAHASYOPANISHAT-STRUCTURE,library/holdings/ambuda/2026-05-12/gayatrirahasyopanishat
HLD-AMB-VISHRAMOPANISHAT-20260512,vishramopanishat,विश्रामोपनिषत्,sa,CC0-1.0,p1,विश्रामोपनिषत्,1938,5210,3362,dd206f68316c8d2d019f0a82ffd5cf27967a24cc28d575545a6c3409028c5a6f,5d5cfd25ded999080c814a2dd6753d27bd2bb99d1bf85f8742aa4fece6767c30,0,INTEGRITY_VERIFIED,NOT_ASSESSED,GAP-AMB-VISHRAMOPANISHAT-STRUCTURE,library/holdings/ambuda/2026-05-12/vishramopanishat
HLD-AMB-SHRIKRSHNAPURUSHOTTAMASIDDHANTOPANISHAT-20260512,shrikrshnapurushottamasiddhantopanishat,श्रीकृष्णपुरुषोत्तमसिद्धान्तोपनिषत्,sa,CC0-1.0,p1,श्रीकृष्णपुरुषोत्तमसिद्धान्तोपनिषत्,1938,7123,5675,7c2928654a251186a473d1407857a04515536bc859733598746d81261d200427,c65175f1ef0a1c1f6b78e03ab2534399e2b17349411ed8d0d2487650054b4cf6,0,INTEGRITY_VERIFIED,NOT_ASSESSED,GAP-AMB-SHRIKRSHNAPURUSHOTTAMASIDDHANTOPANISHAT-STRUCTURE,library/holdings/ambuda/2026-05-12/shrikrshnapurushottamasiddhantopanishat
HLD-AMB-RADHOPANISHAT-20260512,radhopanishat,राधोपनिषत्,sa,CC0-1.0,p1,राधोपनिषत्,1938,21915,19761,66789f35bcde0c834bd8dc5e0c91f48fb014d21b3d448cb316d59d9c9412eeb6,8958ca0ed9ddae124f56d905d01a6572563bf7a476f0fcfb69e2250a65d3ce37,4,INTEGRITY_VERIFIED,NOT_ASSESSED,GAP-AMB-RADHOPANISHAT-STRUCTURE,library/holdings/ambuda/2026-05-12/radhopanishat
HLD-AMB-PARAYANOPANISHAT-20260512,parayanopanishat,पारायणोपनिषत्,sa,CC0-1.0,p1,पारायणोपनिषत्,1938,5467,4186,af64bcc3bfbfd241311c5f8f234d6a9a6426dddc6cf48112e772d7df3cc54d47,cdff0feda54b724ee2aacd60e4ff515171109fc70d797493e17e6a8de67008fd,0,INTEGRITY_VERIFIED,NOT_ASSESSED,GAP-AMB-PARAYANOPANISHAT-STRUCTURE,library/holdings/ambuda/2026-05-12/parayanopanishat
HLD-AMB-BILVOPANISHAT-20260512,bilvopanishat,बिल्वोपनिषत्,sa,CC0-1.0,p1,बिल्वोपनिषत्,1938,12569,9663,93fa1f1565c126d1fe73dbfae884f5ad702e14d67fd15fa8d9dfcac2c1791762,a2fe29d7e68cf43531560fa76ad746912509b7201a09864f5f13c06122e4ff88,0,INTEGRITY_VERIFIED,NOT_ASSESSED,GAP-AMB-BILVOPANISHAT-STRUCTURE,library/holdings/ambuda/2026-05-12/bilvopanishat
HLD-AMB-SHYAMOPANISHAT-20260512,shyamopanishat,श्यामोपनिषत्,sa,CC0-1.0,p1,श्यामोपनिषत्,1938,6055,4774,318f1fe9cadef842eb75adc4d72017c719661a0c0f228db0f23912de7fc5024e,bc5495e221410d22571fcf3201ff3d94ba1fed01fe8c3b306389486928ba3fb5,0,INTEGRITY_VERIFIED,NOT_ASSESSED,GAP-AMB-SHYAMOPANISHAT-STRUCTURE,library/holdings/ambuda/2026-05-12/shyamopanishat
HLD-AMB-SHRIVIDYATARAKOPANISHAT-20260512,shrividyatarakopanishat,श्रीविद्यातारकोपनिषत्,sa,CC0-1.0,p1,श्रीविद्यातारकोपनिषत्,1938,10318,8380,a5e51a02339c747f765ff7f8954f15910f27c99ee35be14d6a0e5c3e6045c8d5,56b40f392124c7abe8c5c7b8db36948fc942953da5dde2eb7e496add6292f20e,4,INTEGRITY_VERIFIED,NOT_ASSESSED,GAP-AMB-SHRIVIDYATARAKOPANISHAT-STRUCTURE,library/holdings/ambuda/2026-05-12/shrividyatarakopanishat
HLD-AMB-GUHYASHODHANYASOPANISHAT-20260512,guhyashodhanyasopanishat,गुह्यषोढान्यासोपनिषत्,sa,CC0-1.0,p1,गुह्यषोढान्यासोपनिषत्,1938,6027,4746,8a241bc31e7f0bea01b708bc22fa022fd33f6a2e5b5c9b4f9836c893d16d6080,8e9aa0b4398dc97249b1896a108b670022c046f9fa86f0267a4e5fc3b43a0aed,0,INTEGRITY_VERIFIED,NOT_ASSESSED,GAP-AMB-GUHYASHODHANYASOPANISHAT-STRUCTURE,library/holdings/ambuda/2026-05-12/guhyashodhanyasopanishat
HLD-AMB-RAJASHYAMALARAHASYOPANISHAT-20260512,rajashyamalarahasyopanishat,राजश्यामलारहस्योपनिषत्,sa,CC0-1.0,p1,राजश्यामलारहस्योपनिषत्,1938,15771,14381,700fa97504a69550e7800bd4ab0e14ee9369703b617bb3b2d2d0812f7da694da,f7d834c6b68a8a1463574abc7f895287fd8f6e2e11536b4f3e02c550dcbd13b9,0,INTEGRITY_VERIFIED,NOT_ASSESSED,GAP-AMB-RAJASHYAMALARAHASYOPANISHAT-STRUCTURE,library/holdings/ambuda/2026-05-12/rajashyamalarahasyopanishat
HLD-AMB-MATHAMNAYOPANISHAT-20260512,mathamnayopanishat,मठाम्नायोपनिषत्,sa,CC0-1.0,p1,मठाम्नायोपनिषत्,1938,10057,8562,0048732ecb85f784c4aaa800b61ab3273da9ec8c31ee97b93b96308523ed7a3d,895a9cc36a894bc9f9c30a2b848a4a1d283ae47e48237341de08835e48287bdc,0,INTEGRITY_VERIFIED,NOT_ASSESSED,GAP-AMB-MATHAMNAYOPANISHAT-STRUCTURE,library/holdings/ambuda/2026-05-12/mathamnayopanishat
HLD-AMB-LANGULOPANISHAT-20260512,langulopanishat,लाङ्गूलोपनिषत्,sa,CC0-1.0,p1,लाङ्गूलोपनिषत्,1938,16385,14915,454518c0a169fae6b95b1b5d2305660bbe269566659cd9ade99ae9cdc8000381,4f323da3da00e8160d49c21bd1d73584351017fd4694864aba36b43f8c4ef495,0,INTEGRITY_VERIFIED,NOT_ASSESSED,GAP-AMB-LANGULOPANISHAT-STRUCTURE,library/holdings/ambuda/2026-05-12/langulopanishat
HLD-AMB-SANKARSHANOPANISHAT-20260512,sankarshanopanishat,सङ्कर्षणोपनिषत्,sa,CC0-1.0,p1,सङ्कर्षणोपनिषत्,1938,6625,5202,2868f9e0da8cfe3e7ef4e76e133ff25580a2b7558c1831bb7e1f1a19d501b741,681954f7261a4b40b9ed40499da7c94e96f3d66cb10b3a317cff7845a95f01eb,0,INTEGRITY_VERIFIED,NOT_ASSESSED,GAP-AMB-SANKARSHANOPANISHAT-STRUCTURE,library/holdings/ambuda/2026-05-12/sankarshanopanishat
HLD-AMB-SUDARSHANOPANISHAT-20260512,sudarshanopanishat,सुदर्शनोपनिषत्,sa,CC0-1.0,p1,सुदर्शनोपनिषत्,1938,9836,7717,cf783c61dae76054eca5bb63eff7a5dabdcf59785736e268cac8875c32126c06,7b83bdcae5914edecba92843a7cd9ce615d71f7620d9fd13486aaf71a297b503,0,INTEGRITY_VERIFIED,NOT_ASSESSED,GAP-AMB-SUDARSHANOPANISHAT-STRUCTURE,library/holdings/ambuda/2026-05-12/sudarshanopanishat
HLD-AMB-MANDUKYOPANISHAT-20260512,mandukyopanishat,माण्डूक्योपनिषत्,sa,CC0-1.0,p1,माण्डूक्योपनिषत्,१९४८,7780,6295,38a2b9e83d4c529e14cc5653bc3b2caa4f0558174b186ea0f8feb7674be56a2a,e35fdc3994b64c3bd63fd5e17bd85e3c5279d9c505fd6bc295c132e03ac9501e,0,INTEGRITY_VERIFIED,NOT_ASSESSED,GAP-AMB-MANDUKYOPANISHAT-STRUCTURE,library/holdings/ambuda/2026-05-12/mandukyopanishat
HLD-AMB-SHAUNAKOPANISHAT-20260512,shaunakopanishat,शौनकोपनिषत्,sa,CC0-1.0,p1,शौनकोपनिषत्,1938,13191,11684,ad3449643b2775742d20522823a615b926a88cfccc742c0dce9ccaeb261f2828,7f069ca8a3c50403debf7b7981b2bd7c3c62f009d5942625bf13d20fddbdc9e5,0,INTEGRITY_VERIFIED,NOT_ASSESSED,GAP-AMB-SHAUNAKOPANISHAT-STRUCTURE,library/holdings/ambuda/2026-05-12/shaunakopanishat
HLD-AMB-SHIVASANKALPOPANISHAT-VAJASANEYA-20260512,shivasankalpopanishat-vajasaneya,शिवसङ्कल्पोपनिषत्,sa,CC0-1.0,p1,शिवसङ्कल्पोपनिषत्,1938,4380,2802,06c98b37e35bce8ceb3fc7534c068f090c1d1949d77fd347d3da119aa57c318c,fadfa083658105140e57895270c607e286dbb7fa3a3bc475bfb78abf5cec5b39,0,INTEGRITY_VERIFIED,NOT_ASSESSED,GAP-AMB-SHIVASANKALPOPANISHAT-VAJASANEYA-STRUCTURE,library/holdings/ambuda/2026-05-12/shivasankalpopanishat-vajasaneya
HLD-AMB-SIDDHANTASHIKHOPANISHAT-20260512,siddhantashikhopanishat,सिद्धान्तशिखोपनिषत्,sa,CC0-1.0,p1,सिद्धान्तशिखोपनिषत्,1938,15293,12528,9bdc0fc15594c909b8807a23f4e204ad8411ca77b19c5e42ddc4d0dcc2532439,757d917cb9d559d0f237d0fbfa0743f82593eb0e7249b7ba908c1c1907a484f7,0,INTEGRITY_VERIFIED,NOT_ASSESSED,GAP-AMB-SIDDHANTASHIKHOPANISHAT-STRUCTURE,library/holdings/ambuda/2026-05-12/siddhantashikhopanishat
HLD-AMB-SHIVASANKALPOPANISHAT-20260512,shivasankalpopanishat,शिवसङ्कल्पोपनिषत् (शिवसङ्कल्पमन्त्राः),sa,CC0-1.0,p1,शिवसङ्कल्पोपनिषत् (शिवसङ्कल्पमन्त्राः),1938,16459,12753,ffd8f7b9961dcf7f137a2854a2518aff7bd9f796241d5edea6fd9bc7d4166824,953d909b30addbf7dc0cb536af1d2e953b663f810224df0ed40da630f0a0018f,0,INTEGRITY_VERIFIED,NOT_ASSESSED,GAP-AMB-SHIVASANKALPOPANISHAT-STRUCTURE,library/holdings/ambuda/2026-05-12/shivasankalpopanishat
HLD-AMB-BRAHMABINDUPANISHAT-20260512,brahmabindupanishat,ब्रह्मबिन्दूपनिषत्,sa,CC0-1.0,p1,ब्रह्मबिन्दूपनिषत्,१९४८,8014,6683,ab9d07cb08e58686d745c606b24a5642087597e0b14101efa3c3e94fae1bb31b,d408b2bdac86fd4b9ab32a39bb9a1ebffc30c39294571ab375005e65abd29c9b,0,INTEGRITY_VERIFIED,NOT_ASSESSED,GAP-AMB-BRAHMABINDUPANISHAT-STRUCTURE,library/holdings/ambuda/2026-05-12/brahmabindupanishat
HLD-AMB-KAIVALYOPANISHAT-20260512,kaivalyopanishat,कैवल्योपनिषत्,sa,CC0-1.0,p1,कैवल्योपनिषत्,१९४८,11082,9612,8ee4ff50ed1a0e40a0f86693faf8c7c3ad4015a4735370f2902254c4442f980d,56aec804732a3d0a8ab915e3d384268a7f90a41ab8d317eccadc44ecb03662d8,2,INTEGRITY_VERIFIED,NOT_ASSESSED,GAP-AMB-KAIVALYOPANISHAT-STRUCTURE,library/holdings/ambuda/2026-05-12/kaivalyopanishat
HLD-AMB-JABALOPANISHAT-20260512,jabalopanishat,जाबालोपनिषत्,sa,CC0-1.0,p1,जाबालोपनिषत्,१९४८,12985,11161,df9a6727c5b9a39aac87ee04ca65d2e35300d07e67bb477be3c3b2307e9b9ab3,8625f65ea8c34f8adab4b1b98f2abde3b5a197251c0efe21883342bf17019eb3,6,INTEGRITY_VERIFIED,NOT_ASSESSED,GAP-AMB-JABALOPANISHAT-STRUCTURE,library/holdings/ambuda/2026-05-12/jabalopanishat
HLD-AMB-HAMSOPANISHAT-20260512,hamsopanishat,हंसोपनिषत्,sa,CC0-1.0,p1,हंसोपनिषत्,१९४८,9130,7784,04ba66ef6c22b07f1e9445ed9ab6782ceae055e37444e5a1e6b2a0363adf8e7f,da538579200b6b1277f23c03f17bd8c4c773edf3d224eb8a1d6431d6012d07b9,0,INTEGRITY_VERIFIED,NOT_ASSESSED,GAP-AMB-HAMSOPANISHAT-STRUCTURE,library/holdings/ambuda/2026-05-12/hamsopanishat
HLD-AMB-ARUNIKOPANISHAT-20260512,arunikopanishat,आरुणिकोपनिषत्,sa,CC0-1.0,p1,आरुणिकोपनिषत्,१९४८,8050,6705,249ed6478a4112af0a26450ffd30bc2b51f3e6b4a21109794a4854f6b2aff1d0,f1c488dd3f2c177b345461a923c06b7cb6c4498753a73b58edac05fa37dc0cee,0,INTEGRITY_VERIFIED,NOT_ASSESSED,GAP-AMB-ARUNIKOPANISHAT-STRUCTURE,library/holdings/ambuda/2026-05-12/arunikopanishat
HLD-AMB-MANTRIKOPANISHAT-20260512,mantrikopanishat,मन्त्रिकोपनिषत्,sa,CC0-1.0,p1,मन्त्रिकोपनिषत्,१९४८,7686,6340,b7880c345de023f5c34f40435eaedb26a418a27ea81f4d8367a174eddb1a3f74,fd37cc6a30dfc68846babe2fe4ff827a06dbe0c5924d659d85c697deeea5722b,0,INTEGRITY_VERIFIED,NOT_ASSESSED,GAP-AMB-MANTRIKOPANISHAT-STRUCTURE,library/holdings/ambuda/2026-05-12/mantrikopanishat
HLD-AMB-VAJRASUCIKOPANISHAT-20260512,vajrasucikopanishat,वज्रसूचिकोपनिषत्,sa,CC0-1.0,p1,वज्रसूचिकोपनिषत्,१९४८,9011,7556,dcd1ada6c60ab0709c11dc94cadc976ca3faf4f775edc24a9136eeee53c4cce3,2a970e4f8272a41231937e3a2a1f1c7cb184d1dde3ffcf830a0d98aff326178a,0,INTEGRITY_VERIFIED,NOT_ASSESSED,GAP-AMB-VAJRASUCIKOPANISHAT-STRUCTURE,library/holdings/ambuda/2026-05-12/vajrasucikopanishat
HLD-AMB-KALISAMTARANOPANISHAT-20260512,kalisamtaranopanishat,कलिसंतरणोपनिषत्,sa,CC0-1.0,p1,कलिसंतरणोपनिषत्,१९४८,5191,3754,e70b961ff92803dfb3673e23de515a6287fd9dee77d4de1c41b9f98dc20aea59,6d8e695a1330d574de232c83706325af37a250ee3eecc5dac03e01793fa3cae9,0,INTEGRITY_VERIFIED,NOT_ASSESSED,GAP-AMB-KALISAMTARANOPANISHAT-STRUCTURE,library/holdings/ambuda/2026-05-12/kalisamtaranopanishat
HLD-AMB-TRIPUROPANISHAT-20260512,tripuropanishat,त्रिपुरोपनिषत्,sa,CC0-1.0,p1,त्रिपुरोपनिषत्,१९४८,7911,6355,139d74479bc9dd5d3fe312a110e9dbad7e9ed550fd26cd76f3ec0ee9ccbacc70,8ce9c008c2aa63ea90f8e2f2cc8c8318b63869ddbd932d491f25fb62c2800b4c,0,INTEGRITY_VERIFIED,NOT_ASSESSED,GAP-AMB-TRIPUROPANISHAT-STRUCTURE,library/holdings/ambuda/2026-05-12/tripuropanishat
HLD-AMB-NARAYANATHARVASHIRAUPANISHAT-20260512,narayanatharvashiraupanishat,नारायणाथर्वशिरउपनिषत्,sa,CC0-1.0,p1,नारायणाथर्वशिरउपनिषत्,१९४८,7795,6290,acfe9e1ca0adcead6d29936a68166b17f173c9820890c3be0e9b41b576a9addc,ee1ea547f24560e6bce8fdab8c08261c2706892ada7531011a88e44efc96268d,0,INTEGRITY_VERIFIED,NOT_ASSESSED,GAP-AMB-NARAYANATHARVASHIRAUPANISHAT-STRUCTURE,library/holdings/ambuda/2026-05-12/narayanatharvashiraupanishat
HLD-AMB-DEVYUPANISHAT-20260512,devyupanishat,देव्युपनिषत्,sa,CC0-1.0,p1,देव्युपनिषत्,१९४८,13059,11624,944a1d38615413eebf08a73194c947d361a8cded0a44dea1010fdd11b4538761,082a715c0e9ae6be75c90044cd3009dfe5ba317a92a92ee10c75fb3977246356,0,INTEGRITY_VERIFIED,NOT_ASSESSED,GAP-AMB-DEVYUPANISHAT-STRUCTURE,library/holdings/ambuda/2026-05-12/devyupanishat
HLD-AMB-GANESHAPANCARATNAM-20260512,ganeshapancaratnam,गणेशपञ्चरत्नम्,sa,CC0-1.0,p1,गणेशपञ्चरत्नम्,1910,4920,3266,f147f7f48419c44267f5d6fd637cc52a42996687c232d708b038507fb0d45929,026f50621c79f6038296b368dc6cb89e812878377f13d7ca93fb0bef1d4b122f,0,INTEGRITY_VERIFIED,NOT_ASSESSED,GAP-AMB-GANESHAPANCARATNAM-STRUCTURE,library/holdings/ambuda/2026-05-12/ganeshapancaratnam
HLD-AMB-GANESHABHUJANGAM-20260512,ganeshabhujangam,गणेशभुजंगम्,sa,CC0-1.0,p1,गणेशभुजंगम्,1910,5792,3886,ba83c59095f4c0c26ce2237c8eb8d1a5bab0ccb0d9b89d65e25ea6c6714a3561,a70609df633ed685f246b0f46b7ceac5d5e514ff5de8fb688759055d2c7b493d,0,INTEGRITY_VERIFIED,NOT_ASSESSED,GAP-AMB-GANESHABHUJANGAM-STRUCTURE,library/holdings/ambuda/2026-05-12/ganeshabhujangam
HLD-AMB-SUBRAHMANYABHUJANGAM-20260512,subrahmanyabhujangam,सुब्रह्मण्यभुजंगम्,sa,CC0-1.0,p1,सुब्रह्मण्यभुजंगम्,1910,17207,13238,eae900193ffbadc7ee48dfcb5b0b6396850c9a12535267d7ea20282a5a54a72f,d1756a0a131393125750bf220183e796bad64f6aeeab0fb4c2a89e28930e94c7,0,INTEGRITY_VERIFIED,NOT_ASSESSED,GAP-AMB-SUBRAHMANYABHUJANGAM-STRUCTURE,library/holdings/ambuda/2026-05-12/subrahmanyabhujangam
HLD-AMB-BHAVANIBHUJANGAM-20260512,bhavanibhujangam,भवानीभुजंगम्,sa,CC0-1.0,p1,भवानीभुजंगम्,1910,10095,7491,278f9c6b41fd33cc3fb84a528257d44c4d19e0d7a756b110b29485343b492047,e3eca788d8be73e4c6ed33e6c22a2f08dc4851b6d555d7befba9622fc207cd7f,0,INTEGRITY_VERIFIED,NOT_ASSESSED,GAP-AMB-BHAVANIBHUJANGAM-STRUCTURE,library/holdings/ambuda/2026-05-12/bhavanibhujangam
HLD-AMB-GAURIDASHAKAM-20260512,gauridashakam,गौरीदशकम्,sa,CC0-1.0,p1,गौरीदशकम्,1910,7139,5065,11ad3f77db9989b7eb82d454d4d57c12dcf4738d3b0042ca74dd3d63b617dbf5,950f127d9527e9c6bc9100ab61b1abb6f4b44700cbca7874f8086ffb6bae55b1,0,INTEGRITY_VERIFIED,NOT_ASSESSED,GAP-AMB-GAURIDASHAKAM-STRUCTURE,library/holdings/ambuda/2026-05-12/gauridashakam
HLD-AMB-VATUKOPANISHAT-20260512,vatukopanishat,वटुकोपनिषत्,sa,CC0-1.0,p1,वटुकोपनिषत्,1938,20473,17608,c861c0f9baea13e3a766be8e61395c8fe0c8d492a7ca87796be47ddcd97722cc,6028a399784e271aab0a750769991fc21e55280c2a24eb16d5e270019683893f,0,INTEGRITY_VERIFIED,NOT_ASSESSED,GAP-AMB-VATUKOPANISHAT-STRUCTURE,library/holdings/ambuda/2026-05-12/vatukopanishat
HLD-AMB-SURYATAPINYUPANISHAT-20260512,suryatapinyupanishat,सूर्यतापिन्युपनिषत्,sa,CC0-1.0,p1,सूर्यतापिन्युपनिषत्,1938,25090,21938,31e6bf4c1ac6ca6bc7a15483f2d0330916f357276707894f80bd83a79575a4d1,e7050c2a8a9b710632cef54d750f87a4a804eb386bf51228c58b3ade0707dab6,6,INTEGRITY_VERIFIED,NOT_ASSESSED,GAP-AMB-SURYATAPINYUPANISHAT-STRUCTURE,library/holdings/ambuda/2026-05-12/suryatapinyupanishat
HLD-AMB-LALITAPANCARATNAM-20260512,lalitapancaratnam,ललितापञ्चरत्नम्,sa,CC0-1.0,p1,ललितापञ्चरत्नम्,1910,5177,3497,8e5efb9a4c0e13385d243925aa950d20ba975b6037b68abe2b6392e01e625ca9,ae2b742795d412a6eb9845a6058a4f1d3bf94a730e00dec2f3f273d37cb6d91f,0,INTEGRITY_VERIFIED,NOT_ASSESSED,GAP-AMB-LALITAPANCARATNAM-STRUCTURE,library/holdings/ambuda/2026-05-12/lalitapancaratnam
HLD-AMB-TRIPURASUNDARYASHTAKAM-20260512,tripurasundaryashtakam,त्रिपुरसुन्दर्यष्टकम्,sa,CC0-1.0,p1,त्रिपुरसुन्दर्यष्टकम्,1910,6584,4736,b9a14a194ba7f9783a498d8ffd0f64cf0b90d86fce7cf1cf655ed4f04a9904fe,38c3fda07b12f538f77d96870cae35ff28d0a670f3bc97a0b441868c58a6c790,0,INTEGRITY_VERIFIED,NOT_ASSESSED,GAP-AMB-TRIPURASUNDARYASHTAKAM-STRUCTURE,library/holdings/ambuda/2026-05-12/tripurasundaryashtakam
HLD-AMB-SHIVANAMAVALYASHTAKAM-20260512,shivanamavalyashtakam,शिवनामावल्यष्टकम्,sa,CC0-1.0,p1,शिवनामावल्यष्टकम्,1910,6087,4155,aa008962642cefe2c50ea876b0915ed1677b793d2ca5582a981ed0fc28128632,a36a2b2312f0b9a9c1fc523265ddb510f54e11d042f2815746a0b2a29ac0c74c,0,INTEGRITY_VERIFIED,NOT_ASSESSED,GAP-AMB-SHIVANAMAVALYASHTAKAM-STRUCTURE,library/holdings/ambuda/2026-05-12/shivanamavalyashtakam
HLD-AMB-KALYANAVRSHTISTAVAH-20260512,kalyanavrshtistavah,कल्याणवृष्टिस्तवः,sa,CC0-1.0,p1,कल्याणवृष्टिस्तवः,1910,9905,7385,4ff62c2045d2c57300c2a330d82bcacf4367fcc15d8ed663986b3400b1b78bc4,920378248e650cd2f3012fd3ccd27c5d7c536b986a515b28c5f2b760e7b40014,0,INTEGRITY_VERIFIED,NOT_ASSESSED,GAP-AMB-KALYANAVRSHTISTAVAH-STRUCTURE,library/holdings/ambuda/2026-05-12/kalyanavrshtistavah
HLD-AMB-NAVARATNAMALIKA-20260512,navaratnamalika,नवरत्नमालिका,sa,CC0-1.0,p1,नवरत्नमालिका,1910,8039,5848,030d9629a6c46f5265f174063077d0288a00c90323e41207b77a62ef3c2e6e28,45578b034b102a18c8ab2046fb3e706a44cb6b9eafd7b3078bf2cc35a405ca79,0,INTEGRITY_VERIFIED,NOT_ASSESSED,GAP-AMB-NAVARATNAMALIKA-STRUCTURE,library/holdings/ambuda/2026-05-12/navaratnamalika
HLD-AMB-MANTRAMATRKAPUSHPAMALASTAVAH-20260512,mantramatrkapushpamalastavah,मन्त्रमातृकापुष्पमालास्तवः,sa,CC0-1.0,p1,मन्त्रमातृकापुष्पमालास्तवः,1910,12860,10256,6294dfe3402cb579ac9da225d300f0e3b7cefb3947d5c69a5cf0082cb353a2d9,3424bdb54d9aa9b47f0af2413fa17cf1639b0b899c6cd0386e0c9991d149a281,0,INTEGRITY_VERIFIED,NOT_ASSESSED,GAP-AMB-MANTRAMATRKAPUSHPAMALASTAVAH-STRUCTURE,library/holdings/ambuda/2026-05-12/mantramatrkapushpamalastavah
HLD-AMB-SHIVAPANCAKSHARASTOTRAM-20260512,shivapancaksharastotram,शिवपञ्चाक्षरस्तोत्रम्,sa,CC0-1.0,p1,शिवपञ्चाक्षरस्तोत्रम्,1910,4298,2702,bec0871c2f79e91f98b93441b14ea67001b76236470487618b1a8d71b5ba3ac1,5789805d5ed9b7fb667b36a16794834de86ae1421136fe8a590f353a1be39487,0,INTEGRITY_VERIFIED,NOT_ASSESSED,GAP-AMB-SHIVAPANCAKSHARASTOTRAM-STRUCTURE,library/holdings/ambuda/2026-05-12/shivapancaksharastotram
HLD-AMB-UMAMAHESHVARASTOTRAM-20260512,umamaheshvarastotram,उमामहेश्वरस्तोत्रम्,sa,CC0-1.0,p1,उमामहेश्वरस्तोत्रम्,1910,7821,5553,01c4fe04f6b9084f8d46eb76fda072a3b3374fc57f2afc8407f26bce7526fb62,118cacf0a9392a4844c8272e946bf323b5929b565db959477d7fd82b0a8c2fe9,0,INTEGRITY_VERIFIED,NOT_ASSESSED,GAP-AMB-UMAMAHESHVARASTOTRAM-STRUCTURE,library/holdings/ambuda/2026-05-12/umamaheshvarastotram
HLD-AMB-SHRIDAKSHINAMURTYASHTAKAM-20260512,shridakshinamurtyashtakam,श्रीदक्षिणामूर्त्यष्टकम्,sa,CC0-1.0,p1,श्रीदक्षिणामूर्त्यष्टकम्,1910,8823,6807,80ba77d1583ea602bd6a53f4e079d4b115a9d6fcc4fe43d20c6ab3585958ac14,2ddac3174b1c9720673a69163101b7ef7437e34b4aa86b57458c0b72bcf6315c,0,INTEGRITY_VERIFIED,NOT_ASSESSED,GAP-AMB-SHRIDAKSHINAMURTYASHTAKAM-STRUCTURE,library/holdings/ambuda/2026-05-12/shridakshinamurtyashtakam
HLD-AMB-NARAYANAPURVATAPINIYOPANISHAT-20260512,narayanapurvatapiniyopanishat,नारायणपूर्वतापिनीयोपनिषत्,sa,CC0-1.0,p1,नारायणपूर्वतापिनीयोपनिषत्,1938,28779,25214,02a86a234dd66ed0d141edcf0134b81bdd020325ed3d2d48aabef0a966983d7a,5fbf7265cbf10aa723e4e8c1c5175b89c88c6b00efada3b6a4d21ce3cc6518ba,6,INTEGRITY_VERIFIED,NOT_ASSESSED,GAP-AMB-NARAYANAPURVATAPINIYOPANISHAT-STRUCTURE,library/holdings/ambuda/2026-05-12/narayanapurvatapiniyopanishat
HLD-AMB-NARAYANOTTARATAPINIYOPANISHAT-20260512,narayanottaratapiniyopanishat,नारायणोत्तरतापिनीयोपनिषत्,sa,CC0-1.0,p1,नारायणोत्तरतापिनीयोपनिषत्,1938,13324,10700,6e2e9e70067c0c9b6b952a9e274ae484389c38c120fe06dc143475d3cc608951,d5fc59b0669283318aab83aafcd2e52b9a7c0c0eda76b5a5c8931c5df6ab9f04,3,INTEGRITY_VERIFIED,NOT_ASSESSED,GAP-AMB-NARAYANOTTARATAPINIYOPANISHAT-STRUCTURE,library/holdings/ambuda/2026-05-12/narayanottaratapiniyopanishat
HLD-AMB-SIDDHANTASAROPANISHAT-20260512,siddhantasaropanishat,सिद्धान्तसारोपनिषत्,sa,CC0-1.0,p1,सिद्धान्तसारोपनिषत्,1938,24775,22842,257170e74ea441d08a3247fc3ec34535943e4e351da5c0c96fe84f5ece1b4987,1d0fbbffe57d4a25d5b30ba21bffedc4bf96f52b52ce7ef9ddf9034a66fd5fc3,6,INTEGRITY_VERIFIED,NOT_ASSESSED,GAP-AMB-SIDDHANTASAROPANISHAT-STRUCTURE,library/holdings/ambuda/2026-05-12/siddhantasaropanishat
HLD-AMB-GUHYAKALYUPANISHAT-20260512,guhyakalyupanishat,गुह्यकाल्युपनिषत्,sa,CC0-1.0,p1,गुह्यकाल्युपनिषत्,1938,31433,24820,f66c7b32bd00b3e50feed2203af8081d35cd8ff6c852a27789c6b4c5ebef56b1,8fdf0b8306e2e607844b28ee1cb6f11eacd0a94bd3292b16ae162fa06eab1950,0,INTEGRITY_VERIFIED,NOT_ASSESSED,GAP-AMB-GUHYAKALYUPANISHAT-STRUCTURE,library/holdings/ambuda/2026-05-12/guhyakalyupanishat
HLD-AMB-NILARUDROPANISHAT-20260512,nilarudropanishat,नीलरुद्रोपनिषत्,sa,CC0-1.0,p1,नीलरुद्रोपनिषत्,1938,10184,7120,a803d1247b0d9d02a6cb29df1bcbd4dc850fb4572148f22abc01d4802b4f5418,0ce0bed48da6f6cb1ff3539bccd809da669ec18c39fd0138837484f947f9bf45,3,INTEGRITY_VERIFIED,NOT_ASSESSED,GAP-AMB-NILARUDROPANISHAT-STRUCTURE,library/holdings/ambuda/2026-05-12/nilarudropanishat
HLD-AMB-SHIVABHUJANGAM-20260512,shivabhujangam,शिवभुजंगम्,sa,CC0-1.0,p1,शिवभुजंगम्,1910,20110,15574,1fa971c153922baf554d0018903c9e134317dfd97877a90f75c3de445742d414,65fdd249ffc7f85766cd6ab567f9bd51bc79b9fa671c270af3b0d628966056bf,0,INTEGRITY_VERIFIED,NOT_ASSESSED,GAP-AMB-SHIVABHUJANGAM-STRUCTURE,library/holdings/ambuda/2026-05-12/shivabhujangam
HLD-AMB-HANUMATPANCARATNAM-20260512,hanumatpancaratnam,हनुमत्पञ्चरत्नम्,sa,CC0-1.0,p1,हनुमत्पञ्चरत्नम्,1910,4426,2746,803c0f16a2a98afbb4314955092be58280cbfa49a7ee70d0cc2a17290f7fae05,286b5e70807c5ea129ab1e2431e6cae8ae13680e130cce99fb06ce6390165d38,0,INTEGRITY_VERIFIED,NOT_ASSESSED,GAP-AMB-HANUMATPANCARATNAM-STRUCTURE,library/holdings/ambuda/2026-05-12/hanumatpancaratnam
HLD-AMB-SHRIRAMABHUJANGAPRAYATASTOTRAM-20260512,shriramabhujangaprayatastotram,श्रीरामभुजंगप्रयातस्तोत्रम्,sa,CC0-1.0,p1,श्रीरामभुजंगप्रयातस्तोत्रम्,1910,14945,11333,b1d4b7f7450cc33c0fe5bbf86ec7476a2b00465bdbbc4aa9cbb621d8b1eea17f,883f8302e33094f3ac6aa18dab2f43012994c3c5d966bc6fdbd5c91826ce273b,0,INTEGRITY_VERIFIED,NOT_ASSESSED,GAP-AMB-SHRIRAMABHUJANGAPRAYATASTOTRAM-STRUCTURE,library/holdings/ambuda/2026-05-12/shriramabhujangaprayatastotram
HLD-AMB-LAKSHMINRSIMHAPANCARATNAM-20260512,lakshminrsimhapancaratnam,लक्ष्मीनृसिंहपञ्चरत्नम्,sa,CC0-1.0,p1,लक्ष्मीनृसिंहपञ्चरत्नम्,1910,5356,3760,964278e06764317adf7852d6fdf0dd97f807041687c8c8ba42dcfd6374f213b4,a508479ed823d0fcbd1a16253629ca185b3568ac9300c0ac779b6a13c2486083,0,INTEGRITY_VERIFIED,NOT_ASSESSED,GAP-AMB-LAKSHMINRSIMHAPANCARATNAM-STRUCTURE,library/holdings/ambuda/2026-05-12/lakshminrsimhapancaratnam
HLD-AMB-LAKSHMINRSIMHAKARUNARASASTOTRAM-20260512,lakshminrsimhakarunarasastotram,लक्ष्मीनृसिंहकरुणारसस्तोत्रम्,sa,CC0-1.0,p1,लक्ष्मीनृसिंहकरुणारसस्तोत्रम्,1910,10110,7419,77856ca0796e8b10ae5230e7fa074dbbf3109e6572ea9896090e45657c84cdbb,a140da58a449df7c259a94006e6b9197ab25a0cb27b7ca7d04b03745726000e9,0,INTEGRITY_VERIFIED,NOT_ASSESSED,GAP-AMB-LAKSHMINRSIMHAKARUNARASASTOTRAM-STRUCTURE,library/holdings/ambuda/2026-05-12/lakshminrsimhakarunarasastotram
HLD-AMB-SHRIVISHNUBHUJANGAPRAYATASTOTRAM-20260512,shrivishnubhujangaprayatastotram,श्रीविष्णुभुजंगप्रयातस्तोत्रम्,sa,CC0-1.0,p1,श्रीविष्णुभुजंगप्रयातस्तोत्रम्,1910,8689,6247,be3f084ad5ed89483d9ebf006d29f723d770c2d7235748ddc643ab8931662203,cb835f54d29b46e3fc357c70301edc47dde61f85a3da52fb2b954c90d44c6b1f,0,INTEGRITY_VERIFIED,NOT_ASSESSED,GAP-AMB-SHRIVISHNUBHUJANGAPRAYATASTOTRAM-STRUCTURE,library/holdings/ambuda/2026-05-12/shrivishnubhujangaprayatastotram
HLD-AMB-VISHNUPADADIKESHANTASTOTRAM-20260512,vishnupadadikeshantastotram,विष्णुपादादिकेशान्तस्तोत्रम्,sa,CC0-1.0,p1,विष्णुपादादिकेशान्तस्तोत्रम्,1910,37265,31544,b316db62e53dfde7e73aba82983d973803fdea50b810a47388e1a4edcd4cd032,a0b4df0839264d9c65bf8e0b0cca90f825728bcda8be89f7d32b7c3175639f96,0,INTEGRITY_VERIFIED,NOT_ASSESSED,GAP-AMB-VISHNUPADADIKESHANTASTOTRAM-STRUCTURE,library/holdings/ambuda/2026-05-12/vishnupadadikeshantastotram
HLD-AMB-PANDURANGASHTAKAM-20260512,pandurangashtakam,पाण्डुरङ्गाष्टकम्,sa,CC0-1.0,p1,पाण्डुरङ्गाष्टकम्,1910,6334,4402,a56fb1cbd99195df4ebadb03026ca28d2c1f79a83c3cd89c38dd69f6dcedb1a8,932607d007137e58780325b49deee30e4d1afb7443d83a2498ff45e11e0916b0,0,INTEGRITY_VERIFIED,NOT_ASSESSED,GAP-AMB-PANDURANGASHTAKAM-STRUCTURE,library/holdings/ambuda/2026-05-12/pandurangashtakam
HLD-AMB-ACYUTASHTAKAM-20260512,acyutashtakam,अच्युताष्टकम्,sa,CC0-1.0,p0,अच्युताष्टकम्,1910,6180,4161,e073e1945ad7ba99b9de5661fdd573148051c569b0140075e440542f6b98bd13,710910c7e84752c36839866c13fefc249a092750d973ea1f52ec570d2eba8d51,0,INTEGRITY_VERIFIED,NOT_ASSESSED,GAP-AMB-ACYUTASHTAKAM-STRUCTURE,library/holdings/ambuda/2026-05-12/acyutashtakam
HLD-AMB-KRSHNASHTAKAM-20260512,krshnashtakam,कृष्णाष्टकम्,sa,CC0-1.0,p1,कृष्णाष्टकम्,1910,6516,4668,acdd6344b29f3e3318bd28927d4a6afa0d462079c9c367b14c7f8922c20ed795,f3df1b08ddc768631d6ae8f552a96b273183130e14490b1f1a322a1f4a840acc,0,INTEGRITY_VERIFIED,NOT_ASSESSED,GAP-AMB-KRSHNASHTAKAM-STRUCTURE,library/holdings/ambuda/2026-05-12/krshnashtakam
HLD-AMB-HARISTUTI-20260512,haristuti,हरिस्तुतिः,sa,CC0-1.0,p1,हरिस्तुतिः,1910,23553,18746,63140b62fce121efddbc0727c6d867a41a9e8ff25b38f56d2071e5cd05d4de95,743546f490e02541ae9c89de13021f8856a2275927a4c781635f9f1bbbc1c58d,0,INTEGRITY_VERIFIED,NOT_ASSESSED,GAP-AMB-HARISTUTI-STRUCTURE,library/holdings/ambuda/2026-05-12/haristuti
HLD-AMB-GOVINDASHTAKAM-20260512,govindashtakam,गोविन्दाष्टकम्,sa,CC0-1.0,p1,गोविन्दाष्टकम्,1910,7484,5552,0e3fefa860e2ba807e3a4766016e845163dcbecd0974d6488d50eb83b59729ad,4433875d7e09694cad8c66dcd45be344787f2ec32a21c7c7e0d3754d1ecc03e0,0,INTEGRITY_VERIFIED,NOT_ASSESSED,GAP-AMB-GOVINDASHTAKAM-STRUCTURE,library/holdings/ambuda/2026-05-12/govindashtakam
HLD-AMB-BHAGAVANMANASAPUJA-20260512,bhagavanmanasapuja,भगवन्मानसपूजा,sa,CC0-1.0,p0,भगवन्मानसपूजा,1910,7549,5533,ebef3f96fde93d25e6c8086d3a13d89851edb92aebfe84dd22048b3626982020,aa7d478ef9660fe301517cd104b79985bd642d1f93f52ae43e168ef06c074b86,0,INTEGRITY_VERIFIED,NOT_ASSESSED,GAP-AMB-BHAGAVANMANASAPUJA-STRUCTURE,library/holdings/ambuda/2026-05-12/bhagavanmanasapuja
HLD-AMB-MOHAMUDGARA-20260512,mohamudgara,मोहमुद्गरः,sa,CC0-1.0,p0,मोहमुद्गरः,1910,13527,9747,7333a00e7644a72fd41dfde373e975a891bfbc2eb3b58e859651a15c29ec4148,6480e92451cb80843237dae380e1385cccc4c3d2fb2c6045e9827d63a6952e90,0,INTEGRITY_VERIFIED,NOT_ASSESSED,GAP-AMB-MOHAMUDGARA-STRUCTURE,library/holdings/ambuda/2026-05-12/mohamudgara
HLD-AMB-KANAKADHARASTOTRAM-20260512,kanakadharastotram,कनकधारास्तोत्रम्,sa,CC0-1.0,p0,कनकधारास्तोत्रम्,1910,10328,7640,005765428480619f50d5dd17c5244efcb4dad8a70c568a2d3dd4aa4881caf612,35599b7959c4b5baf6679e87721d9468281e4dbfa435475bd826c70505846c00,0,INTEGRITY_VERIFIED,NOT_ASSESSED,GAP-AMB-KANAKADHARASTOTRAM-STRUCTURE,library/holdings/ambuda/2026-05-12/kanakadharastotram
HLD-AMB-ANNAPURNASHTAKAM-20260512,annapurnashtakam,अन्नपूर्णाष्टकम्,sa,CC0-1.0,p1,अन्नपूर्णाष्टकम्,1910,9006,6726,ed9b250b34997bd46b1acd0ede4f033cb85cfc507ecf25faa0eb266bbc7b429c,31f19e283834585386baca2281b915e6132cefaf8e6d3d401722af4b341ad602,0,INTEGRITY_VERIFIED,NOT_ASSESSED,GAP-AMB-ANNAPURNASHTAKAM-STRUCTURE,library/holdings/ambuda/2026-05-12/annapurnashtakam
HLD-AMB-MINAKSHIPANCARATNAM-20260512,minakshipancaratnam,मीनाक्षीपञ्चरत्नम्,sa,CC0-1.0,p0,मीनाक्षीपञ्चरत्नम्,1910,5564,3968,f258e97758a7cfd556e95c88da4566364ddb9bd9d18077ae63408eccd904ead4,60e26dc45875d88be8b711702b9e4988e7dfac1cfa35f5167573ed6442e87892,0,INTEGRITY_VERIFIED,NOT_ASSESSED,GAP-AMB-MINAKSHIPANCARATNAM-STRUCTURE,library/holdings/ambuda/2026-05-12/minakshipancaratnam
HLD-AMB-MINAKSHISTOTRAM-20260512,minakshistotram,मीनाक्षीस्तोत्रम्,sa,CC0-1.0,p0,मीनाक्षीस्तोत्रम्,1910,7074,5226,c11e423fe52bb6f44e926b47cbccca66692b5f5324c22f97d363ac66ce620519,0b7fa2fd71a2454870bdcb319811737a698a694dc0b3ce1286a54d866af411cd,0,INTEGRITY_VERIFIED,NOT_ASSESSED,GAP-AMB-MINAKSHISTOTRAM-STRUCTURE,library/holdings/ambuda/2026-05-12/minakshistotram
HLD-AMB-DAKSHINAMURTISTOTRAM-20260512,dakshinamurtistotram,दक्षिणामूर्तिस्तोत्रम्,sa,CC0-1.0,p0,दक्षिणामूर्तिस्तोत्रम्,1910,9710,6938,9ca27dd2672853c7ad342c18dc7ae4db498b300214f0c28341e33b0545ee4cd0,954a4c3900fe2e259734bcf900c88dcf0e2c8489eaea820b9a3330670870ba44,0,INTEGRITY_VERIFIED,NOT_ASSESSED,GAP-AMB-DAKSHINAMURTISTOTRAM-STRUCTURE,library/holdings/ambuda/2026-05-12/dakshinamurtistotram
HLD-AMB-KALABHAIRAVASHTAKAM-20260512,kalabhairavashtakam,कालभैरवाष्टकम्,sa,CC0-1.0,p0,कालभैरवाष्टकम्,1910,6502,4570,c8252d727447c9e9439ac26be29aa5c6377b554124615ff7073623cdfeec8cd9,4f4c45b20949ea83541fbdf0ec45ba86f812c5a1ad3bef212b676134f6923046,0,INTEGRITY_VERIFIED,NOT_ASSESSED,GAP-AMB-KALABHAIRAVASHTAKAM-STRUCTURE,library/holdings/ambuda/2026-05-12/kalabhairavashtakam
HLD-AMB-NARMADASHTAKAM-20260512,narmadashtakam,नर्मदाष्टकम्,sa,CC0-1.0,p0,नर्मदाष्टकम्,1910,6664,4732,7698d8249abbedbebdf088fb9fc9ab470e57282a9a4a77d25362b78a436e5c8b,4237ca69b71799f849af3914b58914ebbe6f350f89f601959efce3df3f92c77e,0,INTEGRITY_VERIFIED,NOT_ASSESSED,GAP-AMB-NARMADASHTAKAM-STRUCTURE,library/holdings/ambuda/2026-05-12/narmadashtakam
HLD-AMB-YAMUNASHTAKAM-1-20260512,yamunashtakam-1,यमुनाष्टकम् (१),sa,CC0-1.0,p1,यमुनाष्टकम् (१),1910,6181,4312,57c4bca478732af995668acf9472513d0d845f7e1d8d24854360a29d09bf6928,4eeff676dcebcd6a3e22ef9913d2c36985ea835ac9af360f9a9b941be7c0e0ae,0,INTEGRITY_VERIFIED,NOT_ASSESSED,GAP-AMB-YAMUNASHTAKAM-1-STRUCTURE,library/holdings/ambuda/2026-05-12/yamunashtakam-1
HLD-AMB-YAMUNASHTAKAM-2-20260512,yamunashtakam-2,यमुनाष्टकम् (२),sa,CC0-1.0,p1,यमुनाष्टकम् (२),1910,7359,5427,265d85e0bf76dc19a6a9d5e89a9bdd44f75561cdcae58a9c638ff543e39d406b,803f3a08ff48d56ebc1348064f5a274c9ccd97c1126b257dc37ea79237efe34c,0,INTEGRITY_VERIFIED,NOT_ASSESSED,GAP-AMB-YAMUNASHTAKAM-2-STRUCTURE,library/holdings/ambuda/2026-05-12/yamunashtakam-2
HLD-AMB-GANGASHTAKAM-20260512,gangashtakam,गङ्गाष्टकम्,sa,CC0-1.0,p0,गङ्गाष्टकम्,1910,7053,5121,33ea274ec1afb70bebf583fa5170e3dbdbd03ec245feebad14765e831ed15e15,a4f5eea3c9b1dd6f5d50ac863af6547543395e793bd137e0e3fbb3c4a798cc6e,0,INTEGRITY_VERIFIED,NOT_ASSESSED,GAP-AMB-GANGASHTAKAM-STRUCTURE,library/holdings/ambuda/2026-05-12/gangashtakam
HLD-AMB-MANIKARNIKASHTAKAM-20260512,manikarnikashtakam,मणिकर्णिकाष्टकम्,sa,CC0-1.0,p0,मणिकर्णिकाष्टकम्,1910,7918,5967,1ddb625d425f341549211a165b71d67f55c7ccb7bf924ee7daf6f9541673961b,b92fe3f70fabec371e0016c701abab442f586797d46c3b0802dad290b4ce2bff,0,INTEGRITY_VERIFIED,NOT_ASSESSED,GAP-AMB-MANIKARNIKASHTAKAM-STRUCTURE,library/holdings/ambuda/2026-05-12/manikarnikashtakam
HLD-AMB-NIRGUNAMANASAPUJA-20260512,nirgunamanasapuja,निर्गुणमानसपूजा,sa,CC0-1.0,p0,निर्गुणमानसपूजा,1910,12710,9664,6583348dfb44ade91f4ab320ee876c2d2b8a8338f90dd78c35723de4eb454132,b47186550b74c63b7d222693ed1e16d54bc94b555b25f26462e56a4de07e7b4a,0,INTEGRITY_VERIFIED,NOT_ASSESSED,GAP-AMB-NIRGUNAMANASAPUJA-STRUCTURE,library/holdings/ambuda/2026-05-12/nirgunamanasapuja
HLD-AMB-PRATAHSMARANASTOTRAM-20260512,pratahsmaranastotram,प्रातःस्मरणस्तोत्रम्,sa,CC0-1.0,p0,प्रातःस्मरणस्तोत्रम्,1910,4054,2542,10136c06d2b059df3ca70a27e2d5bdf3e2ed67003c7d972941c2217000e09750,fe3f5664e7a9bf5900b072a55413c31944ba683f83c807f1ee9b70e01d23b935,0,INTEGRITY_VERIFIED,NOT_ASSESSED,GAP-AMB-PRATAHSMARANASTOTRAM-STRUCTURE,library/holdings/ambuda/2026-05-12/pratahsmaranastotram
HLD-AMB-JAGANNATHASHTAKAM-20260512,jagannathashtakam,जगन्नाथाष्टकम्,sa,CC0-1.0,p0,जगन्नाथाष्टकम्,1910,6335,4403,bb9e0dad3943f67c31bef6a2929c0948c8eb1cd992f827e1dd4ff21f947a8c4f,0d6690bb1d18935155225faa293dc22c291baab7fe181e064d4b1cb21f1146d5,0,INTEGRITY_VERIFIED,NOT_ASSESSED,GAP-AMB-JAGANNATHASHTAKAM-STRUCTURE,library/holdings/ambuda/2026-05-12/jagannathashtakam
HLD-AMB-SHATPADISTOTRAM-20260512,shatpadistotram,षट्पदीस्तोत्रम्,sa,CC0-1.0,p1,षट्पदीस्तोत्रम्,1910,4318,2554,7955d027adb7dd0e7688f5606cebe93c90f75122965847b0b5f465067ea2a350,0ef27b0521daf0915a3523843f7480e99ae127200df0d970be418770169d1508,0,INTEGRITY_VERIFIED,NOT_ASSESSED,GAP-AMB-SHATPADISTOTRAM-STRUCTURE,library/holdings/ambuda/2026-05-12/shatpadistotram
HLD-AMB-BHRAMARAMBASHTAKAM-20260512,bhramarambashtakam,भ्रमराम्बाष्टकम्,sa,CC0-1.0,p1,भ्रमराम्बाष्टकम्,1910,7758,5826,a049cac8b964b8931179ff8bc7ffee7afba5c613b9ab789abf9663169c5ee8be,b7acad3e7023690f584744be49578471e61d12fabf1bae1ccf4869bf9c345dfe,0,INTEGRITY_VERIFIED,NOT_ASSESSED,GAP-AMB-BHRAMARAMBASHTAKAM-STRUCTURE,library/holdings/ambuda/2026-05-12/bhramarambashtakam
HLD-AMB-SHIVAPANCAKSHARANAKSHATRAMALASTOTRAM-20260512,shivapancaksharanakshatramalastotram,शिवपञ्चाक्षरनक्षत्रमालास्तोत्रम्,sa,CC0-1.0,p0,शिवपञ्चाक्षरनक्षत्रमालास्तोत्रम्,1910,15768,12219,a91aeb252e1e106aec32f01e57f62159dcc6eb8fed3f09af5652bdb9ef9afa1c,cc8fefc4cb73bbcae8460876122df1dbb5a113d779d60ba9a3c5933dcbe5f87d,0,INTEGRITY_VERIFIED,NOT_ASSESSED,GAP-AMB-SHIVAPANCAKSHARANAKSHATRAMALASTOTRAM-STRUCTURE,library/holdings/ambuda/2026-05-12/shivapancaksharanakshatramalastotram
HLD-AMB-DVADASHALINGASTOTRAM-20260512,dvadashalingastotram,द्वादशलिङ्गस्तोत्रम्,sa,CC0-1.0,p1,द्वादशलिङ्गस्तोत्रम्,1910,7545,5193,2f4eb3f2eda0f22d3a0135ff1ee994334c4b91bd74bb373f8f54da573c532c61,70ec1c45bf4802f96f32943ffafb7b6309d50f0550c98a0b15e8700f3168250e,0,INTEGRITY_VERIFIED,NOT_ASSESSED,GAP-AMB-DVADASHALINGASTOTRAM-STRUCTURE,library/holdings/ambuda/2026-05-12/dvadashalingastotram
HLD-AMB-ARDHANARISHVARASTOTRAM-20260512,ardhanarishvarastotram,अर्धनारीश्वरस्तोत्रम्,sa,CC0-1.0,p1,अर्धनारीश्वरस्तोत्रम्,1910,5782,3763,31079289b8df53ead75a0e34496e8cbd26b621d6aa2c282604ca3b269456b998,41b85859f9c2645bb7ff60535724354d4430961556c15d4bbdd0cdb21a14bda3,0,INTEGRITY_VERIFIED,NOT_ASSESSED,GAP-AMB-ARDHANARISHVARASTOTRAM-STRUCTURE,library/holdings/ambuda/2026-05-12/ardhanarishvarastotram
HLD-AMB-SHARADABHUJANGAPRAYATASHTAKAM-20260512,sharadabhujangaprayatashtakam,शारदाभुजंगप्रयाताष्टकम्,sa,CC0-1.0,p1,शारदाभुजंगप्रयाताष्टकम्,1910,6129,4206,5dacc2a0b94d4d59a77b5cfed46e773de0cff0493e32f569ef870c5dd226fc9c,5c0ae49aa751b805beec941cf23628d7b32716eacc3943ee70a9e3b24901f59d,0,INTEGRITY_VERIFIED,NOT_ASSESSED,GAP-AMB-SHARADABHUJANGAPRAYATASHTAKAM-STRUCTURE,library/holdings/ambuda/2026-05-12/sharadabhujangaprayatashtakam
HLD-AMB-GURVASHTAKAM-20260512,gurvashtakam,गुर्वष्टकम्,sa,CC0-1.0,p1,गुर्वष्टकम्,1910,6288,4356,8ff6bf48f3601729c87dbcc949d573ab115ed3414073b9151ce6d7bb93269d5c,994a7d34c31a908ec9b158f4b9dd346ad5c3539e421328d37f11dc7269b76758,0,INTEGRITY_VERIFIED,NOT_ASSESSED,GAP-AMB-GURVASHTAKAM-STRUCTURE,library/holdings/ambuda/2026-05-12/gurvashtakam
HLD-AMB-KASHIPANCAKAM-20260512,kashipancakam,काशीपञ्चकम्,sa,CC0-1.0,p1,काशीपञ्चकम्,1910,4403,2807,ba61788b7fccdf96e8e831b70ab7f5cd89ec24896f145c39aeb73ce9407e539e,bed0b6230a5ba25d37fbad0ac1ff5e6226c7aaacabfc330a854da43563f2f002,0,INTEGRITY_VERIFIED,NOT_ASSESSED,GAP-AMB-KASHIPANCAKAM-STRUCTURE,library/holdings/ambuda/2026-05-12/kashipancakam
HLD-AMB-SUVARNAMALASTUTI-20260512,suvarnamalastuti,सुवर्णमालास्तुतिः,sa,CC0-1.0,p1,सुवर्णमालास्तुतिः,1910,19756,14380,db1172d60158d398c91e49ebaaa285447bf57e05f1585eb4ad1d87cb256763aa,53a8dc58846586551ff338186a0f87d18d6f198e62798b93cfa279b668613cb9,0,INTEGRITY_VERIFIED,NOT_ASSESSED,GAP-AMB-SUVARNAMALASTUTI-STRUCTURE,library/holdings/ambuda/2026-05-12/suvarnamalastuti
HLD-AMB-DASHASHLOKISTUTI-20260512,dashashlokistuti,दशश्लोकीस्तुतिः,sa,CC0-1.0,p1,दशश्लोकीस्तुतिः,1910,8383,6367,a1f02695ede93bc56d997b002c72585a12b4e576a46a45768821a616ea330fe5,5d1cfc08e98705bb8e15323d31f45088781066d40600399bd013f34d78973a9c,0,INTEGRITY_VERIFIED,NOT_ASSESSED,GAP-AMB-DASHASHLOKISTUTI-STRUCTURE,library/holdings/ambuda/2026-05-12/dashashlokistuti
HLD-AMB-DAKSHINAMURTIVARNAMALASTOTRAM-20260512,dakshinamurtivarnamalastotram,दक्षिणामूर्तिवर्णमालास्तोत्रम्,sa,CC0-1.0,p1,दक्षिणामूर्तिवर्णमालास्तोत्रम्,1910,15001,11548,404a2d67bf9050d46a92205cc9e04e296cb955d8d1a8c9b247c877eff07b8821,09527ed59330226b0d037a638dc1881f0f674cf2fd603c6474335c3607ad7609,0,INTEGRITY_VERIFIED,NOT_ASSESSED,GAP-AMB-DAKSHINAMURTIVARNAMALASTOTRAM-STRUCTURE,library/holdings/ambuda/2026-05-12/dakshinamurtivarnamalastotram
HLD-AMB-SHRIMRTYUNJAYAMANASIKAPUJASTOTRAM-20260512,shrimrtyunjayamanasikapujastotram,श्रीमृत्युंजयमानसिकपूजास्तोत्रम्,sa,CC0-1.0,p1,श्रीमृत्युंजयमानसिकपूजास्तोत्रम्,1910,21838,16947,8d0cf1dd21692f9a71269771a2395a24a7b2169c44ae2d639c43fe7c13438b8e,ecc0456d6676e9ba60c6da80298d019e9ea60d8ab12b987559c50704417bbd3d,0,INTEGRITY_VERIFIED,NOT_ASSESSED,GAP-AMB-SHRIMRTYUNJAYAMANASIKAPUJASTOTRAM-STRUCTURE,library/holdings/ambuda/2026-05-12/shrimrtyunjayamanasikapujastotram
HLD-AMB-SHIVANANDALAHARI-20260512,shivanandalahari,शिवानन्दलहरी,sa,CC0-1.0,p1,शिवानन्दलहरी,1910,55935,46362,2ea20a7172a45baa38dbb55db75e2d631d64d1b05e0efbba58039ed8c0d9f8f9,88a0e79e9cdba524c210a3f8e331d4918ad93ea65cec89e319f2ce01d52c828f,0,INTEGRITY_VERIFIED,NOT_ASSESSED,GAP-AMB-SHIVANANDALAHARI-STRUCTURE,library/holdings/ambuda/2026-05-12/shivanandalahari
HLD-AMB-SHIVAPADADIKESHANTAVARNANASTOTRAM-20260512,shivapadadikeshantavarnanastotram,शिवपादादिकेशान्तवर्णनस्तोत्रम्,sa,CC0-1.0,p1,शिवपादादिकेशान्तवर्णनस्तोत्रम्,1910,29000,24338,4e6a14a97fcc6cc0ccc6510eeb773f922d031d787730e39319755f15843f2220,ecd9fca618506ed62f7cdc0f1ab47fc475fdfb1e0e6b473fc20f717d6d4d702b,0,INTEGRITY_VERIFIED,NOT_ASSESSED,GAP-AMB-SHIVAPADADIKESHANTAVARNANASTOTRAM-STRUCTURE,library/holdings/ambuda/2026-05-12/shivapadadikeshantavarnanastotram
HLD-AMB-VEDASARASHIVASTOTRAM-20260512,vedasarashivastotram,वेदसारशिवस्तोत्रम्,sa,CC0-1.0,p1,वेदसारशिवस्तोत्रम्,1910,6697,4623,4a2d9db18e7574a0b59fe9e1a9cf31fe327c73c8dd76322383bf49b3c78fc176,f17f0dfb2bcf08f45e7461ade66ae67a2693cfe47702f3ded96be09b21013c74,0,INTEGRITY_VERIFIED,NOT_ASSESSED,GAP-AMB-VEDASARASHIVASTOTRAM-STRUCTURE,library/holdings/ambuda/2026-05-12/vedasarashivastotram
HLD-AMB-SHIVAPARADHAKSHAMAPANASTOTRAM-20260512,shivaparadhakshamapanastotram,शिवापराधक्षमापणस्तोत्रम्,sa,CC0-1.0,p1,शिवापराधक्षमापणस्तोत्रम्,1910,12284,9775,d52559c73e9d7e39177ad2e9c73f5d5f8110349d507e9e23fe1300615378533b,fe312cef638e4dad7292c875561e405edb11cf817653c1ad843e28e298dca559,0,INTEGRITY_VERIFIED,NOT_ASSESSED,GAP-AMB-SHIVAPARADHAKSHAMAPANASTOTRAM-STRUCTURE,library/holdings/ambuda/2026-05-12/shivaparadhakshamapanastotram
HLD-AMB-APAROKSHANUBHUTI-20260512,aparokshanubhuti,अपरोक्षानुभूतिः,sa,CC0-1.0,p1,अपरोक्षानुभूतिः,1910,46721,37748,1143b5b9bc0f61f5e7af47e16e0c0e4f80bd810e2772f33d93317051b463ebc3,7ea2180f63e4a92c021a3d48fd382c3a6ca9890dbbfad61a46a7a405abe64e69,0,INTEGRITY_VERIFIED,NOT_ASSESSED,GAP-AMB-APAROKSHANUBHUTI-STRUCTURE,library/holdings/ambuda/2026-05-12/aparokshanubhuti
HLD-AMB-VAKYAVRTTI-20260512,vakyavrtti,वाक्यवृत्तिः,sa,CC0-1.0,p1,वाक्यवृत्तिः,1910,18506,14408,a4eb6737b597a4f9485e6761bb7c33334d8f99474d538f2672400ec66555cb2e,0fd60a12b10d994e05c67847dc03ec235b887b27b96a9380911b0909e1a4595e,0,INTEGRITY_VERIFIED,NOT_ASSESSED,GAP-AMB-VAKYAVRTTI-STRUCTURE,library/holdings/ambuda/2026-05-12/vakyavrtti
HLD-AMB-SVATMANIRUPANAM-20260512,svatmanirupanam,स्वात्मनिरूपणम्,sa,CC0-1.0,p1,स्वात्मनिरूपणम्,1910,52766,43274,772dd88b3abfff2b30dd6d8f20dad4dcf1cfdf23bcf884185efbebacc25ce755,45859929a38bfd70f187efa1286c40d60710559281eedd85372139efe3f468b8,0,INTEGRITY_VERIFIED,NOT_ASSESSED,GAP-AMB-SVATMANIRUPANAM-STRUCTURE,library/holdings/ambuda/2026-05-12/svatmanirupanam
HLD-AMB-DASHASHLOKI-20260512,dashashloki,दशश्लोकी,sa,CC0-1.0,p1,दशश्लोकी,1910,6701,4685,4e1860e2c1e89aa01923e81c732e8348b13f87dfa7a4d2b3bba3dcca7b9d36b5,c921c909bcedd69eccbbed1e42b64c6b85f8e48a507b4aa1f25405782a18fe8e,0,INTEGRITY_VERIFIED,NOT_ASSESSED,GAP-AMB-DASHASHLOKI-STRUCTURE,library/holdings/ambuda/2026-05-12/dashashloki
HLD-AMB-ATMABODHA-20260512,atmabodha,आत्मबोधः,sa,CC0-1.0,p1,आत्मबोधः,1910,23410,18472,9e8375c17f26b4d77dbc45403184e0ad6acbe11652dec99b9d27b4a169c8cd84,54f208f8a3a28dd88ad37fd1aad01d23693fdd793f9d34cb0995f235d559630b,0,INTEGRITY_VERIFIED,NOT_ASSESSED,GAP-AMB-ATMABODHA-STRUCTURE,library/holdings/ambuda/2026-05-12/atmabodha
HLD-AMB-MAYAPANCAKAM-20260512,mayapancakam,मायापञ्चकम्,sa,CC0-1.0,p1,मायापञ्चकम्,1910,4136,2540,8e3d4771b607abdc08a0eeaf285956808b66fa8c4b69cf67d4ef161d82458529,bd2d0686f902e0cd015c29303eb9a5f7f3c62a159c8f32fa6368eb702e0af8a2,0,INTEGRITY_VERIFIED,NOT_ASSESSED,GAP-AMB-MAYAPANCAKAM-STRUCTURE,library/holdings/ambuda/2026-05-12/mayapancakam
HLD-AMB-EKASHLOKI-20260512,ekashloki,एकश्लोकी,sa,CC0-1.0,p1,एकश्लोकी,1910,2890,1555,103167649e3e09716e0b667fbc1b38f5b2290e7faad8fde23034a1fb4eb87624,6b3686658fc173a8f97ecfed5af6c79650d3ef617a09f66e6f4bfe74407fd7d9,0,INTEGRITY_VERIFIED,NOT_ASSESSED,GAP-AMB-EKASHLOKI-STRUCTURE,library/holdings/ambuda/2026-05-12/ekashloki
HLD-AMB-NIRVANASHATKAM-20260512,nirvanashatkam,निर्वाणषट्कम्,sa,CC0-1.0,p1,निर्वाणषट्कम्,1910,4878,3198,92c39049a9542c0d5f28dd7f529218a02b8a256dae36d47a65c52781f21c484c,7fc054ba18d5875bb1ffb4e5c8942542d5bcd6aed3a6bafbbaaf348c7e236c80,0,INTEGRITY_VERIFIED,NOT_ASSESSED,GAP-AMB-NIRVANASHATKAM-STRUCTURE,library/holdings/ambuda/2026-05-12/nirvanashatkam
HLD-AMB-SHIVAKESHADIPADANTAVARNANASTOTRAM-20260512,shivakeshadipadantavarnanastotram,शिवकेशादिपादान्तवर्णनस्तोत्रम्,sa,CC0-1.0,p1,शिवकेशादिपादान्तवर्णनस्तोत्रम्,1910,22338,18642,c6007a57846f41b06a0c3b5c8af94a6f9cd95d63961cf10d20eefc70d000eec1,914785f598d57571d4d208b57b5b5af7381f52529277762512baae97a19f42d9,0,INTEGRITY_VERIFIED,NOT_ASSESSED,GAP-AMB-SHIVAKESHADIPADANTAVARNANASTOTRAM-STRUCTURE,library/holdings/ambuda/2026-05-12/shivakeshadipadantavarnanastotram
HLD-AMB-DEVIBHUJANGASTOTRAM-20260512,devibhujangastotram,देवीभुजंगस्तोत्रम्,sa,CC0-1.0,p1,देवीभुजंगस्तोत्रम्,1910,14859,11331,cc20d1035ec180312948fd2702c92bf1f430b8255b630614fb294d4ce16a2fa2,8ebebb646269a957d0f12906a9a0a7c558f550829d463ec6e88225d8b7ad0ae5,28,STRUCTURE_RECONCILED,COMPLETE_FOR_IDENTIFIED_OBJECT,GAP-AMB-DEVIBHUJANGASTOTRAM-STRUCTURE,library/holdings/ambuda/2026-05-12/devibhujangastotram
HLD-AMB-ANANDALAHARI-20260512,anandalahari,आनन्दलहरी,sa,CC0-1.0,p1,आनन्दलहरी,1910,12724,9868,d145ae304680dd01e98031c13219888a60f2c0858f546d07b76cc64be8366b55,a1265f65e283b6c946ed60a02499caaa37c022634ee46c9e41d06e76cd80cf66,0,INTEGRITY_VERIFIED,NOT_ASSESSED,GAP-AMB-ANANDALAHARI-STRUCTURE,library/holdings/ambuda/2026-05-12/anandalahari
HLD-AMB-DEVICATUHSHASHTYUPACARAPUJASTOTRAM-20260512,devicatuhshashtyupacarapujastotram,देवीचतुःषष्ट्युपचारपूजास्तोत्रम्,sa,CC0-1.0,p1,देवीचतुःषष्ट्युपचारपूजास्तोत्रम्,1910,34939,27895,79deb7589f1d6aee869e581cdfe5fe37575757e1c9763fbf6bf006f405202443,d13726b99184a5fec8e343d3640a37ff5acb6e2da3e004351b0f4ec872a9adeb,0,INTEGRITY_VERIFIED,NOT_ASSESSED,GAP-AMB-DEVICATUHSHASHTYUPACARAPUJASTOTRAM-STRUCTURE,library/holdings/ambuda/2026-05-12/devicatuhshashtyupacarapujastotram
HLD-AMB-UPADESHAPANCAKAM-20260512,upadeshapancakam,उपदेशपञ्चकम्,sa,CC0-1.0,p1,उपदेशपञ्चकम्,1910,5567,3971,eaea46d11a3f778e1d71a73e0e81e2f4810d2a04f93fbf564f2c5d4c7b4322f0,0acc67f11b61be7851e26ff5eb258239ea29251af265bfac703e251924f3eebb,0,INTEGRITY_VERIFIED,NOT_ASSESSED,GAP-AMB-UPADESHAPANCAKAM-STRUCTURE,library/holdings/ambuda/2026-05-12/upadeshapancakam
HLD-AMB-DHANYASHTAKAM-20260512,dhanyashtakam,धन्याष्टकम्,sa,CC0-1.0,p1,धन्याष्टकम्,1910,5945,4097,0285f81501ff75f95152d5c81f671345b9b8ab0321403f83f59c5153713f96aa,fc8ad8ebd8fde03e0c00c54f1fd23908d6e0e1d7f54cf47714824c97460bace3,0,INTEGRITY_VERIFIED,NOT_ASSESSED,GAP-AMB-DHANYASHTAKAM-STRUCTURE,library/holdings/ambuda/2026-05-12/dhanyashtakam
HLD-AMB-MANISHAPANCAKAM-20260512,manishapancakam,मनीषापञ्चकम्,sa,CC0-1.0,p1,मनीषापञ्चकम्,1910,5451,3855,9206e314c53408256f8f17732e55b92f0dffc4b84af7b860f4757f665ce290b2,bb070bddec54f1e04df9c1ef1baeaf6b605b628f05cc3bd9e89b4c90be094a2c,0,INTEGRITY_VERIFIED,NOT_ASSESSED,GAP-AMB-MANISHAPANCAKAM-STRUCTURE,library/holdings/ambuda/2026-05-12/manishapancakam
HLD-AMB-ADVAITAPANCARATNAM-20260512,advaitapancaratnam,अद्वैतपञ्चरत्नम्,sa,CC0-1.0,p1,अद्वैतपञ्चरत्नम्,1910,4577,2981,27ebcfbb318f8f143e90db77c032e2fe648897c6aca2ecd9683d4b31c5071c8d,f32006280bc65ecdf2bd598fbd12583ac1b3f24206a6f9a70c74618456beebef,0,INTEGRITY_VERIFIED,NOT_ASSESSED,GAP-AMB-ADVAITAPANCARATNAM-STRUCTURE,library/holdings/ambuda/2026-05-12/advaitapancaratnam
HLD-AMB-JIVANMUKTANANDALAHARI-20260512,jivanmuktanandalahari,जीवन्मुक्तानन्दलहरी,sa,CC0-1.0,p1,जीवन्मुक्तानन्दलहरी,1910,11731,9127,984b3e6b07ca3241244678c9f966aaace41c8e654ee6b8a3b433ab3636e10438,08346d5a6757d7f015986e15533ad5b517065c6446f10d6a26b548a370cfeb63,0,INTEGRITY_VERIFIED,NOT_ASSESSED,GAP-AMB-JIVANMUKTANANDALAHARI-STRUCTURE,library/holdings/ambuda/2026-05-12/jivanmuktanandalahari
HLD-AMB-SVARUPANUSANDHANASHTAKAM-20260512,svarupanusandhanashtakam,स्वरूपानुसंधानाष्टकम्,sa,CC0-1.0,p1,स्वरूपानुसंधानाष्टकम्,1910,6346,4414,e070ba66f1ab9ef0afea3155ad22e664783353c890e61e5d2d135578162d8cc6,590cec47c356e5384ae77beed7aaf63f6fdb7971adcf490d69b133d28e5f89a1,0,INTEGRITY_VERIFIED,NOT_ASSESSED,GAP-AMB-SVARUPANUSANDHANASHTAKAM-STRUCTURE,library/holdings/ambuda/2026-05-12/svarupanusandhanashtakam
HLD-AMB-YATIPANCAKAM-20260512,yatipancakam,यतिपञ्चकम्,sa,CC0-1.0,p1,यतिपञ्चकम्,1910,4247,2651,59896a951fd3649ba028104f03d8a6ba56f89fd1ee9568d9a33eab4645dbb6e4,529dfdbc0b17782ffa8169df285d12f02c0472b1b9c35e8c1e3fe1eb3bb10d58,0,INTEGRITY_VERIFIED,NOT_ASSESSED,GAP-AMB-YATIPANCAKAM-STRUCTURE,library/holdings/ambuda/2026-05-12/yatipancakam
HLD-AMB-PANCIKARANAM-20260512,pancikaranam,पञ्चीकरणम्,sa,CC0-1.0,p1,पञ्चीकरणम्,1910,6611,5250,2211c31032fa33456ca4594ddd6f2c71ddc1280578d6f3ac84e89fd1a1e9766a,217600cd6d6d892735af89e0b61173948c7d6ba245f054b4c4dcaf05de2705dc,0,INTEGRITY_VERIFIED,NOT_ASSESSED,GAP-AMB-PANCIKARANAM-STRUCTURE,library/holdings/ambuda/2026-05-12/pancikaranam
HLD-AMB-BRAHMANUCINTANAM-20260512,brahmanucintanam,ब्रह्मानुचिन्तनम्,sa,CC0-1.0,p1,ब्रह्मानुचिन्तनम्,1910,10851,8105,29fbf069c5b738d4a08a8287a978eff26c8f67f77c9a4d9b89bb58ce22abbd74,17b84d7badaf9d00774fd198e56a0fe7ad6d1368a3152e9574ef181ff78a8041,0,INTEGRITY_VERIFIED,NOT_ASSESSED,GAP-AMB-BRAHMANUCINTANAM-STRUCTURE,library/holdings/ambuda/2026-05-12/brahmanucintanam
HLD-AMB-BRAHMAJNANAVALIMALA-20260512,brahmajnanavalimala,ब्रह्मज्ञानावलीमाला,sa,CC0-1.0,p1,ब्रह्मज्ञानावलीमाला,1910,8431,6121,1b69b146f153770dbb6428582f52b73d6fc3cf13c44babfb27fe1c301194e909,374183abd587ed69845db31f3dbfa77d0df3de32dcc8694d72c362db5b15e722,0,INTEGRITY_VERIFIED,NOT_ASSESSED,GAP-AMB-BRAHMAJNANAVALIMALA-STRUCTURE,library/holdings/ambuda/2026-05-12/brahmajnanavalimala
HLD-AMB-NIRVANAMANJARI-20260512,nirvanamanjari,निर्वाणमञ्जरी,sa,CC0-1.0,p1,निर्वाणमञ्जरी,1910,7701,5517,5113f0e49c9082be30cef9a0e9862069b1526524572651f7afa3716313680d13,bddfaa959089fc3b3dffccf8a33253044be097cbdbb6c6d9a31e3a49255a7168,0,INTEGRITY_VERIFIED,NOT_ASSESSED,GAP-AMB-NIRVANAMANJARI-STRUCTURE,library/holdings/ambuda/2026-05-12/nirvanamanjari
HLD-AMB-ANATMASHRIVIGARHANAPRAKARANAM-20260512,anatmashrivigarhanaprakaranam,अनात्मश्रीविगर्हणप्रकरणम्,sa,CC0-1.0,p1,अनात्मश्रीविगर्हणप्रकरणम्,1910,10480,7852,d9b92ae36cdd8b228bda6a1494b3e13d871e8e377f4700bd5f2d7ccca8e995b0,1fe49ed02041ce8cf9e9d0bfd14ddf0f3210434ab828ae4796287149b76359ff,0,INTEGRITY_VERIFIED,NOT_ASSESSED,GAP-AMB-ANATMASHRIVIGARHANAPRAKARANAM-STRUCTURE,library/holdings/ambuda/2026-05-12/anatmashrivigarhanaprakaranam
HLD-AMB-LAGHUVAKYAVRTTI-20260512,laghuvakyavrtti,लघुवाक्यवृत्तिः,sa,CC0-1.0,p1,लघुवाक्यवृत्तिः,1910,8510,5822,b0c0940cadb02f4e64b4d97f0fe791a8bd3dd771656d7722c17426650351c5b5,7c740030063f98b31b3e1e93aafd1bfbdca25e1749b3f4e337a5ebd84d42e530,0,INTEGRITY_VERIFIED,NOT_ASSESSED,GAP-AMB-LAGHUVAKYAVRTTI-STRUCTURE,library/holdings/ambuda/2026-05-12/laghuvakyavrtti
HLD-AMB-PRAUDHANUBHUTI-20260512,praudhanubhuti,प्रौढानुभूतिः,sa,CC0-1.0,p1,प्रौढानुभूतिः,1910,13225,10621,c681630e19a9c61d0ed421240ff831069ce9871c3fcc710b54d15468b1805b74,03cd6bab3f4be480bc28e65541759b25c380e60506c1c7a2b772af15de0b04e6,0,INTEGRITY_VERIFIED,NOT_ASSESSED,GAP-AMB-PRAUDHANUBHUTI-STRUCTURE,library/holdings/ambuda/2026-05-12/praudhanubhuti
HLD-AMB-SVATMAPRAKASHIKA-20260512,svatmaprakashika,स्वात्मप्रकाशिका,sa,CC0-1.0,p1,स्वात्मप्रकाशिका,1910,23989,18750,e266589733f737de19bfda59b999de223a2d6abf1c02759731d5fb82657f57a6,c0ffbb5bf51b5992fc45ff65ae50f39e54218e58383e16041aa76bc9f01584c6,0,INTEGRITY_VERIFIED,NOT_ASSESSED,GAP-AMB-SVATMAPRAKASHIKA-STRUCTURE,library/holdings/ambuda/2026-05-12/svatmaprakashika
HLD-AMB-ADVAITANUBHUTI-20260512,advaitanubhuti,अद्वैतानुभूतिः,sa,CC0-1.0,p1,अद्वैतानुभूतिः,1910,27397,21685,b61766c6b965b8babcb8d84d32689eac688729dd14660f1a61cea789644c69ef,68bdaa2f632ec246f8850edefd97f2b50be3c60f90cdee04ab9364538165c300,0,INTEGRITY_VERIFIED,NOT_ASSESSED,GAP-AMB-ADVAITANUBHUTI-STRUCTURE,library/holdings/ambuda/2026-05-12/advaitanubhuti
HLD-AMB-SADACARANUSANDHANAM-20260512,sadacaranusandhanam,सदाचारानुसंधानम्,sa,CC0-1.0,p1,सदाचारानुसंधानम्,1910,19212,15066,ed503ec8dd7ca3843b78d3a0755043cc6bc943e7e6b98a4ff8b4e8de0a3b6ce3,c84740f34107a76253193918dd8e99745ead6c3d4bcf047b3b8423e0a143df96,0,INTEGRITY_VERIFIED,NOT_ASSESSED,GAP-AMB-SADACARANUSANDHANAM-STRUCTURE,library/holdings/ambuda/2026-05-12/sadacaranusandhanam
HLD-AMB-YOGATARAVALI-20260512,yogataravali,योगतारावली,sa,CC0-1.0,p1,योगतारावली,1910,14001,10389,6b7ca7e7f65117e68217d27e5f4e5274186d6ad6e0839b628903028d5daac1d9,9d7751488424ec7a4666d09ddd5eec4f804c4ad3e68709a119127b9ba070d691,0,INTEGRITY_VERIFIED,NOT_ASSESSED,GAP-AMB-YOGATARAVALI-STRUCTURE,library/holdings/ambuda/2026-05-12/yogataravali
HLD-AMB-SHRIVENKATESHASUPRABHATAM-20260512,shrivenkateshasuprabhatam,श्रीवेंकटेशसुप्रभातम्,sa,CC0-1.0,p1,श्रीवेंकटेशसुप्रभातम्,1943,15541,11766,7acbc76aa3fd8fa1b75d9d66924e1bdc3f661503015c963b16579a0e718b538a,903bd4b96a99f05842910997ec2f5c330ca6e7f7bca6871eadb722311e8e8046,0,INTEGRITY_VERIFIED,NOT_ASSESSED,GAP-AMB-SHRIVENKATESHASUPRABHATAM-STRUCTURE,library/holdings/ambuda/2026-05-12/shrivenkateshasuprabhatam
HLD-AMB-SHRIVENKATESHASTOTRAM-20260512,shrivenkateshastotram,श्रीवेंकटेशस्तोत्रम्,sa,CC0-1.0,p1,श्रीवेंकटेशस्तोत्रम्,1943,6304,4106,2ad80102235c4080f8b17c7e7f65c7f0ec7bec64afd94901d662717ffa9888f4,ee9e20bc97488f7dd37142d799a6f33ca8aaeec33dc3aa6c4b41535a4a6deeaa,0,INTEGRITY_VERIFIED,NOT_ASSESSED,GAP-AMB-SHRIVENKATESHASTOTRAM-STRUCTURE,library/holdings/ambuda/2026-05-12/shrivenkateshastotram
HLD-AMB-SHRIVENKATESHAPRAPATTI-20260512,shrivenkateshaprapatti,श्रीवेंकटेशप्रपत्तिः,sa,CC0-1.0,p1,श्रीवेंकटेशप्रपत्तिः,1943,10115,7224,884befaa9e5c83fad6ae5795e72370a1cca366772263fc4d2d5a2a1c59f72e25,5eec4145ab642b3c51bc9e0155c2b3b63477913c941b1dbabd8da11fdd9fae0e,0,INTEGRITY_VERIFIED,NOT_ASSESSED,GAP-AMB-SHRIVENKATESHAPRAPATTI-STRUCTURE,library/holdings/ambuda/2026-05-12/shrivenkateshaprapatti
HLD-AMB-SHRIVENKATESHAMANGALASHASANAM-20260512,shrivenkateshamangalashasanam,श्रीवेंकटेशमङ्गलाशासनम्,sa,CC0-1.0,p1,श्रीवेंकटेशमङ्गलाशासनम्,1943,6444,4384,3fdef6810957b176947d7c713f9c0fe0060a06f9ab9fd6a65436f4f487c1d98b,c5fdb22cac4d2766a64b3befb6f4c0b225d089b1b41d7dbf75b072e6fec86253,0,INTEGRITY_VERIFIED,NOT_ASSESSED,GAP-AMB-SHRIVENKATESHAMANGALASHASANAM-STRUCTURE,library/holdings/ambuda/2026-05-12/shrivenkateshamangalashasanam
HLD-AMB-TATTVOPADESHA-20260512,tattvopadesha,तत्त्वोपदेशः,sa,CC0-1.0,p1,तत्त्वोपदेशः,1910,29511,23541,90890dbd648c331bcae5eae85f0149a61d3afd088ea33362cdcaef6ed084a138,2b75adaef6037700c9e6a699daf13280eb8912f431dca065937f117beb8f3546,0,INTEGRITY_VERIFIED,NOT_ASSESSED,GAP-AMB-TATTVOPADESHA-STRUCTURE,library/holdings/ambuda/2026-05-12/tattvopadesha
HLD-AMB-PRASHNOTTARARATNAMALIKA-20260512,prashnottararatnamalika,प्रश्नोत्तररत्नमालिका,sa,CC0-1.0,p1,प्रश्नोत्तररत्नमालिका,1910,25891,19027,a56c122c7899f2fa7d8b8003770afc032a61b2d2bc2b63714ac9ad400a61f4bc,a3d1e5d864becb5d4c47c63721f2f4be6cb2caa8065b00b3dd00d4fbe97ab69f,0,INTEGRITY_VERIFIED,NOT_ASSESSED,GAP-AMB-PRASHNOTTARARATNAMALIKA-STRUCTURE,library/holdings/ambuda/2026-05-12/prashnottararatnamalika
HLD-AMB-SHRIVIGHNESHVARAGITAM-20260512,shrivighneshvaragitam,श्रीविघ्नेश्वरगीतम्,sa,CC0-1.0,p1,श्रीविघ्नेश्वरगीतम्,1961,3901,2276,7717443d2a5feb6dd51a549ac3b749cd01a1ef223926222d5d9e68e2d9eecbe4,d3a146fa46a968ad6cb85dd8c627bbf372dce425e79a318bb4f92bc275c66b38,0,INTEGRITY_VERIFIED,NOT_ASSESSED,GAP-AMB-SHRIVIGHNESHVARAGITAM-STRUCTURE,library/holdings/ambuda/2026-05-12/shrivighneshvaragitam
HLD-AMB-SHRIRAMARATNADASHAKAM-20260512,shriramaratnadashakam,श्रीरामरत्नदशकम्,sa,CC0-1.0,p1,श्रीरामरत्नदशकम्,1961,7323,4905,edbda33dca5dbf88f8bb83d9522528b404cf2d3d784f3e3f6a97b029d54e6d72,e71a6f4d03b6ca8d07b757ecd1e2b138518099a1ac18497a530a965dc0779820,0,INTEGRITY_VERIFIED,NOT_ASSESSED,GAP-AMB-SHRIRAMARATNADASHAKAM-STRUCTURE,library/holdings/ambuda/2026-05-12/shriramaratnadashakam
HLD-AMB-SHRIRAGHAVASHTAKAM-20260512,shriraghavashtakam,श्रीराघवाष्टकम्,sa,CC0-1.0,p1,श्रीराघवाष्टकम्,1961,4882,2993,7e12cc8a4d3df92af33d319df6a41540edac845bc88b75177ef342c35f18e7df,5db931c5a7b75866a4282c52f76c1d088fec669a4c4b8ff2bf24e5edcface26c,0,INTEGRITY_VERIFIED,NOT_ASSESSED,GAP-AMB-SHRIRAGHAVASHTAKAM-STRUCTURE,library/holdings/ambuda/2026-05-12/shriraghavashtakam
HLD-AMB-SHRISHIVAMANGALASTOTRAM-20260512,shrishivamangalastotram,श्रीशिवमङ्गलस्तोत्रम्,sa,CC0-1.0,p1,श्रीशिवमङ्गलस्तोत्रम्,1961,4341,2673,03dbbeb8c19ac72a46ecc82b8af2afbdefb3d92ee7b969e4045fed8cd0a59456,b15e0246d2b3d13b7c42f88ac8c24ae283d925b9e8e76e6a842871d837cc26b5,0,INTEGRITY_VERIFIED,NOT_ASSESSED,GAP-AMB-SHRISHIVAMANGALASTOTRAM-STRUCTURE,library/holdings/ambuda/2026-05-12/shrishivamangalastotram
HLD-AMB-SHRISHIVOTKARSHASAKSHIPANCAKAM-20260512,shrishivotkarshasakshipancakam,श्रीशिवोत्कर्षसाक्षिपञ्चकम्,sa,CC0-1.0,p1,श्रीशिवोत्कर्षसाक्षिपञ्चकम्,1961,5555,3831,225a0fb229505e0f88ae91749163368f9b21a3e24a752c3167a8fb4ad9cde400,da84f4f925ea61366f279c40f052984e12e90a9251190d280b6cf4b89397352d,0,INTEGRITY_VERIFIED,NOT_ASSESSED,GAP-AMB-SHRISHIVOTKARSHASAKSHIPANCAKAM-STRUCTURE,library/holdings/ambuda/2026-05-12/shrishivotkarshasakshipancakam
HLD-AMB-SHRIRUDRAMANGALASHAMSANAM-20260512,shrirudramangalashamsanam,श्रीरुद्रमङ्गलाशंसनम्,sa,CC0-1.0,p1,श्रीरुद्रमङ्गलाशंसनम्,1961,4453,2740,9c50c7fe2c7cef2e48f9a4bb8f7b04fe828c512b6654159b5d81a6194f0c8f3f,db902364197efae8d43bf766c5fc80ef2b59c9c5c3dd9e5356daf38a034e199c,0,INTEGRITY_VERIFIED,NOT_ASSESSED,GAP-AMB-SHRIRUDRAMANGALASHAMSANAM-STRUCTURE,library/holdings/ambuda/2026-05-12/shrirudramangalashamsanam
HLD-AMB-SHRISHIVASHADAKSHARASTOTRAM-20260512,shrishivashadaksharastotram,श्रीशिवषडक्षरस्तोत्रम्,sa,CC0-1.0,p1,श्रीशिवषडक्षरस्तोत्रम्,1961,4884,3170,f1f06719a84d2cce770450e0ecfc24ef38000b8b89e692dd5b5ba3daa49dd9b4,57ccefb720420031bacd8c2529b00b711ba156a3c03b99f6037cbc6b7feae174,0,INTEGRITY_VERIFIED,NOT_ASSESSED,GAP-AMB-SHRISHIVASHADAKSHARASTOTRAM-STRUCTURE,library/holdings/ambuda/2026-05-12/shrishivashadaksharastotram
HLD-AMB-SHRISHIVASTUTI-20260512,shrishivastuti,श्रीशिवस्तुतिः,sa,CC0-1.0,p1,श्रीशिवस्तुतिः,1961,8180,5902,0d6a3b07f44ae759a825ee307ed3f6375fa1c4949ee6371d9bd2567d011db671,fb9ab54235bbb45cd1009a19a8fffa0ab50b87368d9a8e90150b1801fdaaea28,0,INTEGRITY_VERIFIED,NOT_ASSESSED,GAP-AMB-SHRISHIVASTUTI-STRUCTURE,library/holdings/ambuda/2026-05-12/shrishivastuti
HLD-AMB-SHRISHIVAPANCACAMARASTOTRAM-20260512,shrishivapancacamarastotram,श्रीशिवपञ्चचामरस्तोत्रम्,sa,CC0-1.0,p1,श्रीशिवपञ्चचामरस्तोत्रम्,1961,6238,4226,26cbdfd0fb917f667c288542d46f6f030b081a3b8a46d9404d25f04ead12e0ae,588a5ec01f1337dff3d8993b0070476b9e07f50a001830702fabc160610f009a,0,INTEGRITY_VERIFIED,NOT_ASSESSED,GAP-AMB-SHRISHIVAPANCACAMARASTOTRAM-STRUCTURE,library/holdings/ambuda/2026-05-12/shrishivapancacamarastotram
HLD-AMB-SHRIARUNACALASHTAKAM-20260512,shriarunacalashtakam,श्रीअरुणाचलाष्टकम्,sa,CC0-1.0,p1,श्रीअरुणाचलाष्टकम्,1961,5118,3296,f213c2fa1d01ea02841fbc072fbb3ea2da481aebab147b21a167b6d2449480ed,43d95799065c44de8bc85dd8d81e9f0f034352e11b45f8ec5ef7fcb7a310fa42,0,INTEGRITY_VERIFIED,NOT_ASSESSED,GAP-AMB-SHRIARUNACALASHTAKAM-STRUCTURE,library/holdings/ambuda/2026-05-12/shriarunacalashtakam
HLD-AMB-SHRIARUNACALASTOTRAM-20260512,shriarunacalastotram,श्रीअरुणाचलस्तोत्रम्,sa,CC0-1.0,p1,श्रीअरुणाचलस्तोत्रम्,1961,10487,7632,b3397273faf5cbbf8dc06105fc2e589eedfefb5bfb30edfcf54104be160ba046,19593ca69c571521a62e86bb96d605902c46ffd3117be522bfd980487ab8350d,0,INTEGRITY_VERIFIED,NOT_ASSESSED,GAP-AMB-SHRIARUNACALASTOTRAM-STRUCTURE,library/holdings/ambuda/2026-05-12/shriarunacalastotram
HLD-AMB-SHRINAMASKARADASHAKASTOTRAM-20260512,shrinamaskaradashakastotram,श्रीनमस्कारदशकस्तोत्रम्,sa,CC0-1.0,p1,श्रीनमस्कारदशकस्तोत्रम्,1961,6955,4665,14de68d0fe2f6fc80883eb949187c60aa6a68ec7555c16a4ff22bae00a91e3a3,8903382b9c9792cee933fbabe5c50022faa35ab07e0c19510dcb9e13d5a7e818,0,INTEGRITY_VERIFIED,NOT_ASSESSED,GAP-AMB-SHRINAMASKARADASHAKASTOTRAM-STRUCTURE,library/holdings/ambuda/2026-05-12/shrinamaskaradashakastotram
HLD-AMB-SHRIVALISHAILADHINATHATRAYAM-20260512,shrivalishailadhinathatrayam,श्रीवालिशैलाधिनाथत्रयम्,sa,CC0-1.0,p1,श्रीवालिशैलाधिनाथत्रयम्,1961,3594,2031,48307d8ab41b09f1819e2038cd0371fa068c84623b69566b916b9208108bdc2b,d17e1493138852160ed5c09160be19740b0884d1babd86c5c1229ed990f14634,0,INTEGRITY_VERIFIED,NOT_ASSESSED,GAP-AMB-SHRIVALISHAILADHINATHATRAYAM-STRUCTURE,library/holdings/ambuda/2026-05-12/shrivalishailadhinathatrayam
HLD-AMB-SHRIVIRABHADRASHTAKAM-20260512,shrivirabhadrashtakam,श्रीवीरभद्राष्टकम्,sa,CC0-1.0,p1,श्रीवीरभद्राष्टकम्,1961,5782,3638,0551c47722a0791072d8fa4b6b9f1d5ff2718a0e3e5f5735b71355fcb61f66dc,27473762957010c30b61b76e0311968263fc507c4a0c200f2d59e0988f1158a4,0,INTEGRITY_VERIFIED,NOT_ASSESSED,GAP-AMB-SHRIVIRABHADRASHTAKAM-STRUCTURE,library/holdings/ambuda/2026-05-12/shrivirabhadrashtakam
HLD-AMB-SHRIAGASTYASHTAKAM-20260512,shriagastyashtakam,श्रीअगस्त्याष्टकम्,sa,CC0-1.0,p1,श्रीअगस्त्याष्टकम्,1961,4408,2644,4f59dc5960c539e0be6d04117683815f244cca6694af3f3780de612eb3e15cd4,9c82ddf7b8c240d300a64286814993aa1f4634f6448389743cae4d5cfb99973f,0,INTEGRITY_VERIFIED,NOT_ASSESSED,GAP-AMB-SHRIAGASTYASHTAKAM-STRUCTURE,library/holdings/ambuda/2026-05-12/shriagastyashtakam
HLD-AMB-SHRIGIRISHASHTAKAM-20260512,shrigirishashtakam,श्रीगिरीशाष्टकम्,sa,CC0-1.0,p1,श्रीगिरीशाष्टकम्,1961,7664,5623,e614974d2110c94122b62da7f4e6c3995781934e14cda8919847c90204250559,0a4f5d7473ca6c5e1cc47057256ba2b65879aec1eb6925cb7eddcb08ce7414a5,0,INTEGRITY_VERIFIED,NOT_ASSESSED,GAP-AMB-SHRIGIRISHASHTAKAM-STRUCTURE,library/holdings/ambuda/2026-05-12/shrigirishashtakam
HLD-AMB-SHRISHADVARNAMANTRASHTAKAM-20260512,shrishadvarnamantrashtakam,श्रीषड्वर्णमन्त्राष्टकम्,sa,CC0-1.0,p1,श्रीषड्वर्णमन्त्राष्टकम्,1961,6920,4248,2e017304b3a84d08158d0ddb3603e48446d8653a84205a1fe7edf89e3d6dcab0,6b290fd79416bdeae8fa869466d74fbf94f68fd4bb64c6c414fdf052717e8169,0,INTEGRITY_VERIFIED,NOT_ASSESSED,GAP-AMB-SHRISHADVARNAMANTRASHTAKAM-STRUCTURE,library/holdings/ambuda/2026-05-12/shrishadvarnamantrashtakam
HLD-AMB-SHRIVIRABHADRABHUJANGAPRAYATASTOTRAM-20260512,shrivirabhadrabhujangaprayatastotram,श्रीवीरभद्रभुजङ्गप्रयातस्तोत्रम्,sa,CC0-1.0,p1,श्रीवीरभद्रभुजङ्गप्रयातस्तोत्रम्,1961,9087,6276,873e975292641d17f38c8c16479dd512f393838c5b8f89af28b787f484ae1e2c,bbeed31474a0ba63793e50f968d13305cc6c5c855deab280be9db4fae233a606,0,INTEGRITY_VERIFIED,NOT_ASSESSED,GAP-AMB-SHRIVIRABHADRABHUJANGAPRAYATASTOTRAM-STRUCTURE,library/holdings/ambuda/2026-05-12/shrivirabhadrabhujangaprayatastotram
HLD-AMB-SHRIKALAHASTISHVARASHTAKAM-20260512,shrikalahastishvarashtakam,श्रीकालहस्तीश्वराष्टकम्,sa,CC0-1.0,p1,श्रीकालहस्तीश्वराष्टकम्,1961,5966,3932,2d531e48c3b8e27ef5de58608902bfbf1b203eb5d227a539f265d82ee57b7358,780eb48caf3aead931ad75cabaf3805b100f312e4b86c798817eff9967bd7d29,0,INTEGRITY_VERIFIED,NOT_ASSESSED,GAP-AMB-SHRIKALAHASTISHVARASHTAKAM-STRUCTURE,library/holdings/ambuda/2026-05-12/shrikalahastishvarashtakam
HLD-AMB-SHRIKALAHASTISHVARASHTAKAM-2-20260512,shrikalahastishvarashtakam-2,श्रीकालहस्तीश्वराष्टकम् (२),sa,CC0-1.0,p1,श्रीकालहस्तीश्वराष्टकम् (२),1961,6414,3919,96676f2b902280e46d80b1a9c0c84c9a465e44183e8ef4dbb05c6ab59aa1401f,68646d7bcbc4ec3a8602efce3a423315fa0ed54eeb9907e25823f1287f1a525e,0,INTEGRITY_VERIFIED,NOT_ASSESSED,GAP-AMB-SHRIKALAHASTISHVARASHTAKAM-2-STRUCTURE,library/holdings/ambuda/2026-05-12/shrikalahastishvarashtakam-2
HLD-AMB-SHRINAMASHSHIVASHTAKAM-20260512,shrinamashshivashtakam,श्रीनमश्शिवाष्टकम्,sa,CC0-1.0,p1,श्रीनमश्शिवाष्टकम्,1961,5208,3265,510f72e5f13bad1095828a02227e5f524f251a0de8ca0dd7c97a1b06c254a20e,8044cf724286b336e5d90c79ec974ff73431763a22d97cacf8480555d1fdaf51,0,INTEGRITY_VERIFIED,NOT_ASSESSED,GAP-AMB-SHRINAMASHSHIVASHTAKAM-STRUCTURE,library/holdings/ambuda/2026-05-12/shrinamashshivashtakam
HLD-AMB-SHRINAMAHSHIVAYARAGADA-20260512,shrinamahshivayaragada,श्रीनमःशिवायरगडा,sa,CC0-1.0,p1,श्रीनमःशिवायरगडा,1961,17576,12689,ff79961d0c0dd6296be68abf279597af36f4d487df5165362d9a9f43e9c13aa9,0194bfa14f6852cc367f0b299846fa01d551be5ac2003371389e450c4a5bf4e3,0,INTEGRITY_VERIFIED,NOT_ASSESSED,GAP-AMB-SHRINAMAHSHIVAYARAGADA-STRUCTURE,library/holdings/ambuda/2026-05-12/shrinamahshivayaragada
HLD-AMB-SHRIBANASHTAKAM-20260512,shribanashtakam,श्रीबाणाष्टकम्,sa,CC0-1.0,p1,श्रीबाणाष्टकम्,1961,5802,3512,00c26cb34174de407e10596c83a2d131b38759bdc816a72a14ad87015f2f6452,fe1d19d6fb67487f0aa87cc119aa04501a49ad657623b695c99d90a9d73e068a,0,INTEGRITY_VERIFIED,NOT_ASSESSED,GAP-AMB-SHRIBANASHTAKAM-STRUCTURE,library/holdings/ambuda/2026-05-12/shribanashtakam
HLD-AMB-SHRIMALLIKARJUNASTOTRAM-20260512,shrimallikarjunastotram,श्रीमल्लिकार्जुनस्तोत्रम्,sa,CC0-1.0,p1,श्रीमल्लिकार्जुनस्तोत्रम्,1961,6979,4918,010bdeab49692a8423713cfcf3d0a35645333e80ce831da1d3da23efb1211cce,744304466f1a27975f75be0641a7cd27223f615fb72b58c86a96c5875887260b,0,INTEGRITY_VERIFIED,NOT_ASSESSED,GAP-AMB-SHRIMALLIKARJUNASTOTRAM-STRUCTURE,library/holdings/ambuda/2026-05-12/shrimallikarjunastotram
HLD-AMB-SHRIMARKANDEYESHVARESHASTAVA-20260512,shrimarkandeyeshvareshastava,श्रीमार्कण्डेयेश्वरेशस्तवः,sa,CC0-1.0,p1,श्रीमार्कण्डेयेश्वरेशस्तवः,1961,9932,7346,0e80b0ceee253a52c7e4413c1332961d5748d8be87bdcfc923ef634eda032fa7,1c73e3f67c2f2b2d151690ce5793a95eb2db49a5cf13131101306cf47f30f432,0,INTEGRITY_VERIFIED,NOT_ASSESSED,GAP-AMB-SHRIMARKANDEYESHVARESHASTAVA-STRUCTURE,library/holdings/ambuda/2026-05-12/shrimarkandeyeshvareshastava
HLD-AMB-SHRIASHTAPRASASHTAKAM-20260512,shriashtaprasashtakam,श्रीअष्टप्रासाष्टकम्,sa,CC0-1.0,p1,श्रीअष्टप्रासाष्टकम्,1961,7701,5343,9d80457cf3961ec9a5f2b0b0c55820828b49df98f100c7fab9b683e11b81d606,4ce0586cc008046ef5269adf6b73ba556fb94f8e6dcc1cf0636e5b6613320598,0,INTEGRITY_VERIFIED,NOT_ASSESSED,GAP-AMB-SHRIASHTAPRASASHTAKAM-STRUCTURE,library/holdings/ambuda/2026-05-12/shriashtaprasashtakam
HLD-AMB-SHRITYAGARAJASHTAKAM-20260512,shrityagarajashtakam,श्रीत्यागराजाष्टकम्,sa,CC0-1.0,p1,श्रीत्यागराजाष्टकम्,1961,5470,3470,7ac49cd67a534504e97ecb2b389776a95c86bae55def5d4ed460bcf9d8ab5664,33275db796491bcac3b63dc0d741e23cf60ddf117c96940f3b3d1395a31faf40,0,INTEGRITY_VERIFIED,NOT_ASSESSED,GAP-AMB-SHRITYAGARAJASHTAKAM-STRUCTURE,library/holdings/ambuda/2026-05-12/shrityagarajashtakam
HLD-AMB-SHRINAMASHSHIVASHTAKAM-2-20260512,shrinamashshivashtakam-2,श्रीनमश्शिवाष्टकम् (२),sa,CC0-1.0,p1,श्रीनमश्शिवाष्टकम् (२),1961,5498,3587,458771d665c45e16e69433fda0fe2252f1a474f734064e0033a68b0fb89e0882,bcb049495824aa25228b09f435676f496466e8c2b159c4a269083138180b2360,0,INTEGRITY_VERIFIED,NOT_ASSESSED,GAP-AMB-SHRINAMASHSHIVASHTAKAM-2-STRUCTURE,library/holdings/ambuda/2026-05-12/shrinamashshivashtakam-2
HLD-AMB-SHRICIDAMBARASHTAKAM-20260512,shricidambarashtakam,श्रीचिदम्बराष्टकम्,sa,CC0-1.0,p1,श्रीचिदम्बराष्टकम्,1961,4680,2846,179e628c61f0cbdf13b97b8e56d4abb1da1bedda84ac8c90fe9f2cbb741ccb29,a417a336ec777033f556f0f533e05db993689068333644b9a42e5b1af39c2fdb,0,INTEGRITY_VERIFIED,NOT_ASSESSED,GAP-AMB-SHRICIDAMBARASHTAKAM-STRUCTURE,library/holdings/ambuda/2026-05-12/shricidambarashtakam
HLD-AMB-SHRICIDAMBARESHASTUTI-20260512,shricidambareshastuti,श्रीचिदम्बरेशस्तुतिः,sa,CC0-1.0,p1,श्रीचिदम्बरेशस्तुतिः,1961,5308,3383,290627464cd401237675eed66b2cc9d8fe9f4c9c060bb75743f5bf6cf4e697bc,a0f6c9666395b6152fc1d2d4e21bb2a08c375001efb612cbea9b83a7128f9767,0,INTEGRITY_VERIFIED,NOT_ASSESSED,GAP-AMB-SHRICIDAMBARESHASTUTI-STRUCTURE,library/holdings/ambuda/2026-05-12/shricidambareshastuti
HLD-AMB-SHRISUBRAHMANYASHATKAM-20260512,shrisubrahmanyashatkam,श्रीसुब्रह्मण्यषट्कम्,sa,CC0-1.0,p1,श्रीसुब्रह्मण्यषट्कम्,1961,5176,3287,fa4ae39d77894fb91a3ff73286f5b9733dd0bf1a1af965029083dca47fb39648,d2e64787b3869aee2751511f1ff7f4a1dc0981f853ad3c15f73f356b151ca9d3,0,INTEGRITY_VERIFIED,NOT_ASSESSED,GAP-AMB-SHRISUBRAHMANYASHATKAM-STRUCTURE,library/holdings/ambuda/2026-05-12/shrisubrahmanyashatkam
HLD-AMB-SHRISUBRAHMANYASTOTRAM-20260512,shrisubrahmanyastotram,श्रीसुब्रह्मण्यस्तोत्रम्,sa,CC0-1.0,p1,श्रीसुब्रह्मण्यस्तोत्रम्,1961,6190,3985,c5a89ac6533ee8cdc7b5e07a7b50fe9907cf9564c5a5aa3d1f4d0ad13edcf1e3,9f1208dc85088d01b3cfb1b3d11963e663a9c7814bd5836f47be62fd82d90aff,0,INTEGRITY_VERIFIED,NOT_ASSESSED,GAP-AMB-SHRISUBRAHMANYASTOTRAM-STRUCTURE,library/holdings/ambuda/2026-05-12/shrisubrahmanyastotram
HLD-AMB-SHRISHADANANASTUTI-20260512,shrishadananastuti,श्रीषडाननस्तुतिः,sa,CC0-1.0,p1,श्रीषडाननस्तुतिः,1961,14936,11795,d8c4eaa54f233cc7397e55596b9d22c063294b0d53f8fca43a756f6b6834d9eb,d9f60dd146ce543f8050991af75edb5bd8fa942edc8d7f251398896ea80cd72f,0,INTEGRITY_VERIFIED,NOT_ASSESSED,GAP-AMB-SHRISHADANANASTUTI-STRUCTURE,library/holdings/ambuda/2026-05-12/shrishadananastuti
HLD-AMB-SHRISUBRAHMANYABHUJANGASTOTRAM-20260512,shrisubrahmanyabhujangastotram,श्रीसुब्रह्मण्यभुजङ्गस्तोत्रम्,sa,CC0-1.0,p1,श्रीसुब्रह्मण्यभुजङ्गस्तोत्रम्,1961,19378,14199,dbe9a964503db9a45ec4b2c246a2621d37f321f488257486579a3c82a0e06680,ab99f847e86575bb9310801ce48b77b9c2c8af1fd602a4589d4cece8394c641b,0,INTEGRITY_VERIFIED,NOT_ASSESSED,GAP-AMB-SHRISUBRAHMANYABHUJANGASTOTRAM-STRUCTURE,library/holdings/ambuda/2026-05-12/shrisubrahmanyabhujangastotram
HLD-AMB-SHRIKUMARAMANGALASTOTRAM-20260512,shrikumaramangalastotram,श्रीकुमारमङ्गलस्तोत्रम्,sa,CC0-1.0,p1,श्रीकुमारमङ्गलस्तोत्रम्,1961,5997,3929,e174c877ac5697f98e7b6b7808d58e37af16ac5d8bc477ef371da3e7604722c0,f9d388e8e6948bff29b1b554f015bc67da9c2f12be9a1b83f8997c20f0937851,0,INTEGRITY_VERIFIED,NOT_ASSESSED,GAP-AMB-SHRIKUMARAMANGALASTOTRAM-STRUCTURE,library/holdings/ambuda/2026-05-12/shrikumaramangalastotram
HLD-AMB-SHRIDANDAYUDHAPANYASHTAKAM-20260512,shridandayudhapanyashtakam,श्रीदण्डायुधपाण्यष्टकम्,sa,CC0-1.0,p1,श्रीदण्डायुधपाण्यष्टकम्,1961,10829,8476,8939315e7c69ef8a558a9a2fe81ea8c7153471efb2e79284c64dfb4f4b457176,e92947cbe025a1fee798a3ad3f837cd61e3f453b4930ae85e4057cc7b01c9e55,0,INTEGRITY_VERIFIED,NOT_ASSESSED,GAP-AMB-SHRIDANDAYUDHAPANYASHTAKAM-STRUCTURE,library/holdings/ambuda/2026-05-12/shridandayudhapanyashtakam
HLD-AMB-AKHILANDESHVARISTOTRAM-20260512,akhilandeshvaristotram,अखिलाण्डेश्वरीस्तोत्रम्,sa,CC0-1.0,p1,अखिलाण्डेश्वरीस्तोत्रम्,1961,7811,5564,f6126c3504b53637b43267873e3f03db03e696468f12bc2cd06a1569bea6712e,8b185b895ffb30b98477e69cbb0332458c03aae6f073424b5ea4e02dac3dc345,0,INTEGRITY_VERIFIED,NOT_ASSESSED,GAP-AMB-AKHILANDESHVARISTOTRAM-STRUCTURE,library/holdings/ambuda/2026-05-12/akhilandeshvaristotram
HLD-AMB-SHRIMATRSTAVA-20260512,shrimatrstava,श्रीमातृस्तवः,sa,CC0-1.0,p1,श्रीमातृस्तवः,1961,7616,5456,dea22193f2e7aaa14cd1e7eab0552f75e0df9cf4f07c0d5045f1a86eda7ab9f6,1929ad87d7014a47e649744725300e1cbc7d89999e6d1f1ccf9528821b2f1b85,0,INTEGRITY_VERIFIED,NOT_ASSESSED,GAP-AMB-SHRIMATRSTAVA-STRUCTURE,library/holdings/ambuda/2026-05-12/shrimatrstava
HLD-AMB-SHRIMINAKSHISTOTRAM-20260512,shriminakshistotram,श्रीमीनाक्षीस्तोत्रम्,sa,CC0-1.0,p1,श्रीमीनाक्षीस्तोत्रम्,1961,6725,4671,42f9012bbe13cf9c39db886547485d4ac9e97d6155fe52d9563638cdcc3340cb,e45365997be8249eb20ff200516ec2c9a765625d844284a9eb94cd9881ae6106,0,INTEGRITY_VERIFIED,NOT_ASSESSED,GAP-AMB-SHRIMINAKSHISTOTRAM-STRUCTURE,library/holdings/ambuda/2026-05-12/shriminakshistotram
HLD-AMB-ARYASHTAKAM-20260512,aryashtakam,आर्याष्टकम्,sa,CC0-1.0,p1,आर्याष्टकम्,1961,5027,3259,02ddb2541b9af72aa226ae13eb86f00e85b2a47adbb6cb0f5f37166fce3c8bd8,4fd542fc4588fac362d015e4f9b0643f0e47b8b4a10c27f926333178acb499c9,0,INTEGRITY_VERIFIED,NOT_ASSESSED,GAP-AMB-ARYASHTAKAM-STRUCTURE,library/holdings/ambuda/2026-05-12/aryashtakam
HLD-AMB-SHRITRIPURASUNDARISTOTRAM-20260512,shritripurasundaristotram,श्रीत्रिपुरसुन्दरीस्तोत्रम्,sa,CC0-1.0,p1,श्रीत्रिपुरसुन्दरीस्तोत्रम्,1961,5167,3396,a75685ce61fa869949af32140652961fa1d747eeceb8291ad3e2e5ef64bd179d,b58ff759e4b0e22060864c29536810cddf7f1451b708aac11a2197314c3c83ec,0,INTEGRITY_VERIFIED,NOT_ASSESSED,GAP-AMB-SHRITRIPURASUNDARISTOTRAM-STRUCTURE,library/holdings/ambuda/2026-05-12/shritripurasundaristotram
HLD-AMB-SHRIMINAKSHIDVADASHASTOTRAM-20260512,shriminakshidvadashastotram,श्रीमीनाक्षीद्वादशस्तोत्रम्,sa,CC0-1.0,p1,श्रीमीनाक्षीद्वादशस्तोत्रम्,1961,5804,3939,f4c40ee21d04ce20d75812dcd9020240f9855b143301bbd2b0a58fa655cdafd5,ff5be7536541ca43538322254cd71e1967d0631002a08ea112bcddf9e21fbd4b,0,INTEGRITY_VERIFIED,NOT_ASSESSED,GAP-AMB-SHRIMINAKSHIDVADASHASTOTRAM-STRUCTURE,library/holdings/ambuda/2026-05-12/shriminakshidvadashastotram
HLD-AMB-SHRIMINAKSHIMANIMALASHTAKAM-20260512,shriminakshimanimalashtakam,श्रीमीनाक्षीमणिमालाष्टकम्,sa,CC0-1.0,p1,श्रीमीनाक्षीमणिमालाष्टकम्,1961,5279,3562,d08fbf9597152ce3069cd2b9d01d190e68c3f6d99684b3afb778fd1d3d2840d9,82a93eba1d08b1ddf82b740e2556f478be173dad0aaca6ba759309f0c8b1c709,0,INTEGRITY_VERIFIED,NOT_ASSESSED,GAP-AMB-SHRIMINAKSHIMANIMALASHTAKAM-STRUCTURE,library/holdings/ambuda/2026-05-12/shriminakshimanimalashtakam
HLD-AMB-SHRINAMAMAUKTIKAMALA-20260512,shrinamamauktikamala,श्रीनाममौक्तिकमाला,sa,CC0-1.0,p1,श्रीनाममौक्तिकमाला,1961,9659,6742,bf65084fcbc1f3f022c77f491bd73ba627b7ca41d85fcc20b2d164b5029bae24,2a9d0ea6cd1e53205b05415f751a24c58d7518aad12b436b6646097fe3f064ea,0,INTEGRITY_VERIFIED,NOT_ASSESSED,GAP-AMB-SHRINAMAMAUKTIKAMALA-STRUCTURE,library/holdings/ambuda/2026-05-12/shrinamamauktikamala
HLD-AMB-SHRIDASHAVATARAMANGALASHASANAM-20260512,shridashavataramangalashasanam,श्रीदशावतारमङ्गलाशासनम्,sa,CC0-1.0,p1,श्रीदशावतारमङ्गलाशासनम्,1961,10446,7589,adbbddca96f1b8d264ef9ddc5198c50d8df3270232c6a8cb8f337e793489483b,803ae432c318980d046c45332fd7f5c18fe037cd538481cdd0ade087b4f1c8dd,0,INTEGRITY_VERIFIED,NOT_ASSESSED,GAP-AMB-SHRIDASHAVATARAMANGALASHASANAM-STRUCTURE,library/holdings/ambuda/2026-05-12/shridashavataramangalashasanam
HLD-AMB-SHRIDASHAVATARASTOTRAM-20260512,shridashavatarastotram,श्रीदशावतारस्तोत्रम्,sa,CC0-1.0,p1,श्रीदशावतारस्तोत्रम्,1961,5005,3068,c539c53795fe2a363198ef7969a3535f4a9162e0b5fd4a2e96009ec979116315,e403f966d7b0204b42880e4ad4e709e9fc94aaa32ebf83657c9ac7ff2dc48db6,0,INTEGRITY_VERIFIED,NOT_ASSESSED,GAP-AMB-SHRIDASHAVATARASTOTRAM-STRUCTURE,library/holdings/ambuda/2026-05-12/shridashavatarastotram
HLD-AMB-SHRIGANESHANAVARATNAMALA-20260512,shriganeshanavaratnamala,श्रीगणेशनवरत्नमाला,sa,CC0-1.0,p1,श्रीगणेशनवरत्नमाला,1961,5087,2945,f8dcf1e5055471da60c5d71dbafc7227200bdd20eb0f40ab71e6b3cbaa330732,3f44c53ff0e1e9fb032797ae5b505737a07834565a11c892d7adbc01d2248d4e,0,INTEGRITY_VERIFIED,NOT_ASSESSED,GAP-AMB-SHRIGANESHANAVARATNAMALA-STRUCTURE,library/holdings/ambuda/2026-05-12/shriganeshanavaratnamala
HLD-AMB-SHRIGANESHASHTAKAM-2-20260512,shriganeshashtakam-2,श्रीगणेशाष्टकम् (२),sa,CC0-1.0,p1,श्रीगणेशाष्टकम्,1961,4547,2852,170614b9f6992a3f8d3ebf1e48cb2f6be82eb7604e983864c896092a22b626c0,2047c8f0f044d080819acd182d0f5905739b229627324dea9a6ea0600e1b6018,0,INTEGRITY_VERIFIED,NOT_ASSESSED,GAP-AMB-SHRIGANESHASHTAKAM-2-STRUCTURE,library/holdings/ambuda/2026-05-12/shriganeshashtakam-2
HLD-AMB-SHRIVINAYAKASTOTRAM-20260512,shrivinayakastotram,श्रीविनायकस्तोत्रम्,sa,CC0-1.0,p1,श्रीविनायकस्तोत्रम्,1961,6438,4222,ba5229b084ef9e4545875b09a22bfc9133cc7a024c9fff012985f8d3decb1ad3,25f2a2dbda1ca4b2864a4a8c6100449ac32749f2859b2ba5997c3d10bbf303b9,0,INTEGRITY_VERIFIED,NOT_ASSESSED,GAP-AMB-SHRIVINAYAKASTOTRAM-STRUCTURE,library/holdings/ambuda/2026-05-12/shrivinayakastotram
HLD-AMB-SHRIKRSHNAMANGALAM-20260512,shrikrshnamangalam,श्रीकृष्णमङ्गलम्,sa,CC0-1.0,p1,श्रीकृष्णमङ्गलम्,1961,6973,4816,a82f16ca01d604dcc09adcefe76f1d56a57198b6196db3473058dd7da4bc7129,b32b9c7cd9976a1098790acfac7501ee9aa0d1463e2d1ae34bf6bee9cb032054,0,INTEGRITY_VERIFIED,NOT_ASSESSED,GAP-AMB-SHRIKRSHNAMANGALAM-STRUCTURE,library/holdings/ambuda/2026-05-12/shrikrshnamangalam
HLD-AMB-SHRIKRSHNASTUTI-20260512,shrikrshnastuti,श्रीकृष्णस्तुतिः,sa,CC0-1.0,p1,श्रीकृष्णस्तुतिः,1961,9664,7131,abf1c27bb8c216dfaa6842ce79562381eb3e8a51fd6dda6c5a2e721253caf4db,55e710e22b538dab08022f6baba3da04ed12dcebb4978a8840d0ceea81c481d7,0,INTEGRITY_VERIFIED,NOT_ASSESSED,GAP-AMB-SHRIKRSHNASTUTI-STRUCTURE,library/holdings/ambuda/2026-05-12/shrikrshnastuti
HLD-AMB-SHRIVIMSHATYAKSHARIDHYANAM-20260512,shrivimshatyaksharidhyanam,श्रीविंशत्यक्षरीध्यानम्,sa,CC0-1.0,p1,श्रीविंशत्यक्षरीध्यानम्,1961,2712,1411,c711ec5f5c23c03fcf4e03a295a469454c202114b497515ca3fbfa3285af84db,546b81239e0269e9dc3ef6fa00174a645411fd11ed6e810a1f7c38776e7dc17f,0,INTEGRITY_VERIFIED,NOT_ASSESSED,GAP-AMB-SHRIVIMSHATYAKSHARIDHYANAM-STRUCTURE,library/holdings/ambuda/2026-05-12/shrivimshatyaksharidhyanam
HLD-AMB-SHRI-ASHTAKSHARIDHYANAM-20260512,shri-ashtaksharidhyanam,श्री अष्टाक्षरीध्यानम्,sa,CC0-1.0,p1,श्री अष्टाक्षरीध्यानम्,1961,2691,1390,9a12eb9ed233bb2d05dbb6d83a7a795c4114c4ac1b271d9f94ca01543cbd9d7c,f308052895218baf26c9a6ed7c3ede0ddb571c5ef2ee38911faf1cb50514cc62,0,INTEGRITY_VERIFIED,NOT_ASSESSED,GAP-AMB-SHRI-ASHTAKSHARIDHYANAM-STRUCTURE,library/holdings/ambuda/2026-05-12/shri-ashtaksharidhyanam
HLD-AMB-SHRISARASVATISTOTRAM-20260512,shrisarasvatistotram,श्रीसरस्वतीस्तोत्रम्,sa,CC0-1.0,p1,श्रीसरस्वतीस्तोत्रम्,1961,4448,2895,008faa0f128df59a19517b41c90daf36232e3e3a013d643551233de06feac100,85b49775db9695ee11cc1c5b387d7aaf7c403b8fca6be3bafa70777e055aa982,0,INTEGRITY_VERIFIED,NOT_ASSESSED,GAP-AMB-SHRISARASVATISTOTRAM-STRUCTURE,library/holdings/ambuda/2026-05-12/shrisarasvatistotram
HLD-AMB-SHRISUDARSHANASTOTRAM-20260512,shrisudarshanastotram,श्रीसुदर्शनस्तोत्रम् ,sa,CC0-1.0,p1,श्रीसुदर्शनस्तोत्रम्,1961,7810,5532,c10e1652a0c4c26cb2360e6221238cc74a2b7d3f588bc58b84f735af15965aa9,6a70bdbff0abb03771204fdd8b4f6baf71b64ca30067ba758dea81284187be02,0,INTEGRITY_VERIFIED,NOT_ASSESSED,GAP-AMB-SHRISUDARSHANASTOTRAM-STRUCTURE,library/holdings/ambuda/2026-05-12/shrisudarshanastotram
HLD-AMB-SHRIHARYASHTAKAM-20260512,shriharyashtakam,श्रीहर्यष्टकम्,sa,CC0-1.0,p1,श्रीहर्यष्टकम्,1961,5378,3449,7188a59ee06678c0423c5038364969d6c78afc5aa3faba53f81ff97a30f585c9,7ab42a372500e4051bf9f5594e9fe1f1eb7fb4a6b2d23239a9cd80326f84d1b1,0,INTEGRITY_VERIFIED,NOT_ASSESSED,GAP-AMB-SHRIHARYASHTAKAM-STRUCTURE,library/holdings/ambuda/2026-05-12/shriharyashtakam
HLD-AMB-SHRIAGASTYESHALINGASHTAKAM-20260512,shriagastyeshalingashtakam,श्रीअगस्त्येशलिङ्गाष्टकम्,sa,CC0-1.0,p1,श्रीअगस्त्येशलिङ्गाष्टकम्,1961,7972,5645,da1a4ee58407d533762dc41a69ad62b1103ef53177472237403bea319ab57e46,839402b144c6c84e665fe06ad6bb48a0dfbfb0b2904635ab344915b22f4b56ad,0,INTEGRITY_VERIFIED,NOT_ASSESSED,GAP-AMB-SHRIAGASTYESHALINGASHTAKAM-STRUCTURE,library/holdings/ambuda/2026-05-12/shriagastyeshalingashtakam
HLD-AMB-SHRICIDAMBARANATANAM-20260512,shricidambaranatanam,श्रीचिदम्बरनटनम्,sa,CC0-1.0,p1,श्रीचिदम्बरनटनम्,1961,9047,6845,4e294c78cdf22c0c2dd93ebdf2d2cde7f6ee026aa6d2440fb911ed150f9a3c2a,c24ea59444cfaa42b3b57ba38043e98f56e044be6a16d446d9d090e68ffd026c,0,INTEGRITY_VERIFIED,NOT_ASSESSED,GAP-AMB-SHRICIDAMBARANATANAM-STRUCTURE,library/holdings/ambuda/2026-05-12/shricidambaranatanam
HLD-AMB-SHRIMANGALASHLOKARAMAYANAM-20260512,shrimangalashlokaramayanam,श्रीमङ्गलश्लोकरामायणम्,sa,CC0-1.0,p1,श्रीमङ्गलश्लोकरामायणम्,1961,10740,7733,3de30722f3fa35ba7ff71f336d9d0e56c2293abbbf863b2438c9770e640529d1,461d07f9e63a2520da18f378f9fd3743563eb677e384a915cda130a968ce1d24,0,INTEGRITY_VERIFIED,NOT_ASSESSED,GAP-AMB-SHRIMANGALASHLOKARAMAYANAM-STRUCTURE,library/holdings/ambuda/2026-05-12/shrimangalashlokaramayanam
HLD-AMB-SHRIRAMAVARNAMALIKASTOTRAM-20260512,shriramavarnamalikastotram,श्रीरामवर्णमालिकास्तोत्रम्,sa,CC0-1.0,p1,श्रीरामवर्णमालिकास्तोत्रम्,1961,26391,20547,a8076daeb53a813acdd52698ccd4e7b8cea08deed5045a587319a92849805a0f,249bf31d72cee7f9df1ad31dc44faa7588083be5c758dc45fda12a088c48136d,0,INTEGRITY_VERIFIED,NOT_ASSESSED,GAP-AMB-SHRIRAMAVARNAMALIKASTOTRAM-STRUCTURE,library/holdings/ambuda/2026-05-12/shriramavarnamalikastotram
HLD-AMB-SHRIAGHORASHTAKAM-20260512,shriaghorashtakam,श्रीअघोराष्टकम्,sa,CC0-1.0,p1,श्रीअघोराष्टकम्,1961,8170,5397,d685f6bb398b005a6e470df9dea924f097f60492ef39af9f5c09419888257187,5f6a16db29ac3202402d2fa253367235f7fb3776275b68b89dad239749adfc78,0,INTEGRITY_VERIFIED,NOT_ASSESSED,GAP-AMB-SHRIAGHORASHTAKAM-STRUCTURE,library/holdings/ambuda/2026-05-12/shriaghorashtakam
HLD-AMB-SHRIVINAYAKASTAVARAJA-20260512,shrivinayakastavaraja,श्रीविनायकस्तवराजः,sa,CC0-1.0,p1,श्रीविनायकस्तवराजः,1961,9202,6293,b572444291f8db3b4bd6bf90d1cd03aec1eb5945e9257883758ad978915363c6,63c34986dacd4e4f28423b584c16226ce879574e1b67ea29693422d4d3bef2c1,0,INTEGRITY_VERIFIED,NOT_ASSESSED,GAP-AMB-SHRIVINAYAKASTAVARAJA-STRUCTURE,library/holdings/ambuda/2026-05-12/shrivinayakastavaraja
HLD-AMB-SHRISHIVASTOTRAM-2-20260512,shrishivastotram-2,श्रीशिवस्तोत्रम् (२),sa,CC0-1.0,p1,श्रीशिवस्तोत्रम्,1961,3671,2065,fa26cdeebb9ce1e96674728d7f6e7d22483b063b66490658088b85db5b5c4b8e,6f083b3050cc6e2a99dc22658a49f19a80376dba310798f90a0b3fd134ebf7ee,0,INTEGRITY_VERIFIED,NOT_ASSESSED,GAP-AMB-SHRISHIVASTOTRAM-2-STRUCTURE,library/holdings/ambuda/2026-05-12/shrishivastotram-2
HLD-AMB-SHRIDASHASHLOKI-20260512,shridashashloki,श्रीदशश्लोकी,sa,CC0-1.0,p1,श्रीदशश्लोकी,1961,6728,4505,93fe304cea89a0e13d3c0913355c48113105e0a5fbc001bcb63c6d5a078f8cc4,480bc63d3a47a7cfab9a84cd5d4bb796177905f4240086aa246d2313cc6d0acf,0,INTEGRITY_VERIFIED,NOT_ASSESSED,GAP-AMB-SHRIDASHASHLOKI-STRUCTURE,library/holdings/ambuda/2026-05-12/shridashashloki
HLD-AMB-SHRICIDAMBARAPANCACAMARASTOTRAM-20260512,shricidambarapancacamarastotram,श्रीचिदम्बरपञ्चचामरस्तोत्रम्,sa,CC0-1.0,p1,श्रीचिदम्बरपञ्चचामरस्तोत्रम्,1961,7219,5122,3934107096b126a8fc641c3b593b94abf6be0b1d99318954db918beed4235df7,4b861c92bc515b3a9ad416214a5dd12d79302309a2785450cb9f15b31d834490,0,INTEGRITY_VERIFIED,NOT_ASSESSED,GAP-AMB-SHRICIDAMBARAPANCACAMARASTOTRAM-STRUCTURE,library/holdings/ambuda/2026-05-12/shricidambarapancacamarastotram
HLD-AMB-SHRIKALAHASTISHVARASHTAKAM-1-20260512,shrikalahastishvarashtakam-1,श्रीकालहस्तीश्वराष्टकम् (१),sa,CC0-1.0,p1,श्रीकालहस्तीश्वराष्टकम् (१),1961,6002,3936,f6d09884a89214cb71daff6bc38d56a98fb2d1ad277b851c9e5a12ab25a89f50,96692cc384782fe56cd5f759a597148a853a4475abc1b1e6d606328d54984e95,0,INTEGRITY_VERIFIED,NOT_ASSESSED,GAP-AMB-SHRIKALAHASTISHVARASHTAKAM-1-STRUCTURE,library/holdings/ambuda/2026-05-12/shrikalahastishvarashtakam-1
HLD-AMB-SHRISHANKARAKAVACAM-20260512,shrishankarakavacam,श्रीशङ्करकवचम्,sa,CC0-1.0,p1,श्रीशङ्करकवचम्,1961,18763,14471,48d26f704e76bbbae39eebdb9edec50b4f4d9e9032ac7308e79ec332b5ab61c4,b4c812dc99b6a08b7633fcf55391b423284002b8d7f19df5b4259fd8d0fcfc8b,0,INTEGRITY_VERIFIED,NOT_ASSESSED,GAP-AMB-SHRISHANKARAKAVACAM-STRUCTURE,library/holdings/ambuda/2026-05-12/shrishankarakavacam
HLD-AMB-SHRIKALAHASTISHVARASTOTRAM-20260512,shrikalahastishvarastotram,श्रीकालहस्तीश्वरस्तोत्रम्,sa,CC0-1.0,p1,श्रीकालहस्तीश्वरस्तोत्रम्,1961,4898,3060,50b91ae45107a23ee506f0ded0aadc3d98cae340183a396648a48cc7566bf674,a0140d1eda2f237633a25b0b4b80c46906221e3c3cef411bef17dc4f30e9d938,0,INTEGRITY_VERIFIED,NOT_ASSESSED,GAP-AMB-SHRIKALAHASTISHVARASTOTRAM-STRUCTURE,library/holdings/ambuda/2026-05-12/shrikalahastishvarastotram
HLD-AMB-SHRITANDAVASTOTRAM-2-20260512,shritandavastotram-2,श्रीताण्डवस्तोत्रम् (२),sa,CC0-1.0,p1,श्रीताण्डवस्तोत्रम् (२),1961,4145,2470,80c491955039a919c3b61855e8c0100483fda6b76a3ffd3ea5a123b48d05ff3e,450ef21355f6b3fbbb1086c733b3af61089293c92cbd59835b974e6c175cdf37,0,INTEGRITY_VERIFIED,NOT_ASSESSED,GAP-AMB-SHRITANDAVASTOTRAM-2-STRUCTURE,library/holdings/ambuda/2026-05-12/shritandavastotram-2
HLD-AMB-SHRIRAMAKARNAMRTAM-20260512,shriramakarnamrtam,श्रीरामकर्णामृतम्,sa,CC0-1.0,p1,श्रीरामकर्णामृतम्,1961,48388,38487,605a6c2180cdb69af6797c0f01baf64ad8d1f262909b6c8be814d51f936e46d8,da95d3a03877b810db639a95e33605430f9ad00b5bddcf0f0e8914bcded3533b,0,INTEGRITY_VERIFIED,NOT_ASSESSED,GAP-AMB-SHRIRAMAKARNAMRTAM-STRUCTURE,library/holdings/ambuda/2026-05-12/shriramakarnamrtam
HLD-AMB-SHRIAPARADHASTAVA-20260512,shriaparadhastava,श्रीअपराधस्तवः,sa,CC0-1.0,p1,श्रीअपराधस्तवः,1961,21875,17780,63dd24159e2073defa9761598d8a5192ca6997a9ef39d8585ed48a587e09556d,e67e48a15a9a0a4d665e58ef54350b4e9735a524720b688549c73a730b51696d,0,INTEGRITY_VERIFIED,NOT_ASSESSED,GAP-AMB-SHRIAPARADHASTAVA-STRUCTURE,library/holdings/ambuda/2026-05-12/shriaparadhastava
HLD-AMB-SHRICANDRAMAULIPANCAKAM-1-20260512,shricandramaulipancakam-1,श्रीचन्द्रमौलिपञ्चकम् (१),sa,CC0-1.0,p1,श्रीचन्द्रमौलिपञ्चकम् (१),1961,4654,2920,365496eb7bee52060d2188a329a67f3ed971e0df00fb82d4ba8ee743214adb08,f452932f0c7e7126a61f5c5688bf3c22ba5886c52a72fd0d0ca42db6f132764b,0,INTEGRITY_VERIFIED,NOT_ASSESSED,GAP-AMB-SHRICANDRAMAULIPANCAKAM-1-STRUCTURE,library/holdings/ambuda/2026-05-12/shricandramaulipancakam-1
HLD-AMB-SHRICANDRAMAULIPANCAKAM-2-20260512,shricandramaulipancakam-2,श्रीचन्द्रमौलिपञ्चकम् (२),sa,CC0-1.0,p1,श्रीचन्द्रमौलिपञ्चकम् (२),1961,4720,2989,350d821341c2e3caac4e385e0d9e64e71fb0623da94b24884aca470155040fe2,e41032d388b97065397f7710f5f38ef77b63527a17b9f2633217b3b05f674858,0,INTEGRITY_VERIFIED,NOT_ASSESSED,GAP-AMB-SHRICANDRAMAULIPANCAKAM-2-STRUCTURE,library/holdings/ambuda/2026-05-12/shricandramaulipancakam-2
HLD-AMB-SHRIMAHADEVASTUTI-20260512,shrimahadevastuti,श्रीमहादेवस्तुतिः,sa,CC0-1.0,p1,श्रीमहादेवस्तुतिः,1961,8700,6242,2c803f73fbed1c2f4bd8886def5ded532b41b3c53acb90e16917feadbdc5fbe4,a7e809e35d66c483e5acf7bd5afe39e0d9ced146cc7c856d8551b793509ff8b9,0,INTEGRITY_VERIFIED,NOT_ASSESSED,GAP-AMB-SHRIMAHADEVASTUTI-STRUCTURE,library/holdings/ambuda/2026-05-12/shrimahadevastuti
HLD-AMB-SHRICIRANJIVIRAMAYANAM-20260512,shriciranjiviramayanam,श्रीचिरञ्जीविरामायणम्,sa,CC0-1.0,p1,श्रीचिरञ्जीविरामायणम्,1961,6235,4231,5d68facbd620f8352aeeb37c9b68ae0c77741947a8cbb06a80cbb842840b363a,e2c83bc6bba01b6e728b545734e0da2b9792df4fca271b2f9aaf3889b3a21cbd,0,INTEGRITY_VERIFIED,NOT_ASSESSED,GAP-AMB-SHRICIRANJIVIRAMAYANAM-STRUCTURE,library/holdings/ambuda/2026-05-12/shriciranjiviramayanam
HLD-AMB-SHRIRAMAKSHARAMALASTOTRAM-20260512,shriramaksharamalastotram,श्रीरामाक्षरमालास्तोत्रम्,sa,CC0-1.0,p1,श्रीरामाक्षरमालास्तोत्रम्,1961,9082,5652,baa6be2b612d5b34d799e3d4bd17c744bd600a22d95217a6465c25b639ac0220,e7cba324aad107dff49b92b3bab9ba6e95670ce1f4ca79cbf2e52fffead14b3f,0,INTEGRITY_VERIFIED,NOT_ASSESSED,GAP-AMB-SHRIRAMAKSHARAMALASTOTRAM-STRUCTURE,library/holdings/ambuda/2026-05-12/shriramaksharamalastotram
HLD-AMB-SHRIRAGHAVASTOTRAM-20260512,shriraghavastotram,श्रीराघवस्तोत्रम्,sa,CC0-1.0,p1,श्रीराघवस्तोत्रम्,1961,6866,4717,09d92ecdc2498e53e41e448221ceb8e0c8c5b88d1813ad0e1d71bdefa6b22de0,3faca3b77bbdb3e7a00523176336c84ba0edcd3a01abbbe8683c27e686b7548e,0,INTEGRITY_VERIFIED,NOT_ASSESSED,GAP-AMB-SHRIRAGHAVASTOTRAM-STRUCTURE,library/holdings/ambuda/2026-05-12/shriraghavastotram
HLD-AMB-SHRIRAMASTAVA-20260512,shriramastava,श्रीरामस्तवः,sa,CC0-1.0,p1,श्रीरामस्तवः,1961,5948,3881,156394e2c375502dac6f975884cb611671020aa636857729c1451ecd648908ba,5a32a5c13a31ce4c817e075821c2e646b6e7200a94631fa165633cc32c560c33,0,INTEGRITY_VERIFIED,NOT_ASSESSED,GAP-AMB-SHRIRAMASTAVA-STRUCTURE,library/holdings/ambuda/2026-05-12/shriramastava
HLD-AMB-SHRIVENKATESHASTOTRAM-2-20260512,shrivenkateshastotram-2,श्रीवेङ्कटेशस्तोत्रम् (२),sa,CC0-1.0,p1,श्रीवेङ्कटेशस्तोत्रम् (२),1961,18924,15005,4680063fb379ea08b43a9094b05e3f1321adb0dc93d338520813ef70d68e0972,28493c85d421c0a13992a4e25f995dd2ced19eb5cf0cc05ad37cba37ddafc004,0,INTEGRITY_VERIFIED,NOT_ASSESSED,GAP-AMB-SHRIVENKATESHASTOTRAM-2-STRUCTURE,library/holdings/ambuda/2026-05-12/shrivenkateshastotram-2
HLD-AMB-SHRIRAMAPRAPATTISHATAKAM-20260512,shriramaprapattishatakam,श्रीरामप्रपत्तिशतकम्,sa,CC0-1.0,p1,श्रीरामप्रपत्तिशतकम्,1961,53434,41719,29532e01d60f6467f9ab31e472d0456d5186e0529c96d244ff5547dfcc1e6c2e,af605b16d04ae2c72ccba528db6e7746b6ce896cb8e0a251c3f6ae8ba05b8858,0,INTEGRITY_VERIFIED,NOT_ASSESSED,GAP-AMB-SHRIRAMAPRAPATTISHATAKAM-STRUCTURE,library/holdings/ambuda/2026-05-12/shriramaprapattishatakam
HLD-AMB-SHRIPARVATIMANASASTOTRAM-20260512,shriparvatimanasastotram,श्रीपार्वतीमानसस्तोत्रम्,sa,CC0-1.0,p1,श्रीपार्वतीमानसस्तोत्रम्,1961,12575,9479,191977ebeb8bbff202da24b3196c65021a2ecc84bcf3018952adadca1c5626ce,488127af2f04c49f2d3ce929b7a7d0153960bdc799156872ed73168f375ac202,0,INTEGRITY_VERIFIED,NOT_ASSESSED,GAP-AMB-SHRIPARVATIMANASASTOTRAM-STRUCTURE,library/holdings/ambuda/2026-05-12/shriparvatimanasastotram
HLD-AMB-SHRISHIVASTOTRAM-1-20260512,shrishivastotram-1,श्रीशिवस्तोत्रम् (१),sa,CC0-1.0,p1,श्रीशिवस्तोत्रम् (१),1961,8953,6222,eabcd0d2cc290912fd19effce0ffe971e020636c17cc47873802af7b0a55d922,50f5b3d01296afe86780e1cb7879936ea3012c576aa24ae22374df29f27364fb,0,INTEGRITY_VERIFIED,NOT_ASSESSED,GAP-AMB-SHRISHIVASTOTRAM-1-STRUCTURE,library/holdings/ambuda/2026-05-12/shrishivastotram-1
HLD-AMB-SHRIGOPALASTOTRAM-20260512,shrigopalastotram,श्रीगोपालस्तोत्रम्,sa,CC0-1.0,p1,श्रीगोपालस्तोत्रम्,1961,6022,3946,cebd87201320c81d78d4f274f36204c49e08cc46dfcf3dfd28ef6916d38b0eaa,86bc29c67e860f04c26d4bc45ae97f467a95067fda9a3ec1ebbebdee67e67c21,0,INTEGRITY_VERIFIED,NOT_ASSESSED,GAP-AMB-SHRIGOPALASTOTRAM-STRUCTURE,library/holdings/ambuda/2026-05-12/shrigopalastotram
HLD-AMB-SHRIGANAPATIMANTRAKSHARAVALI-20260512,shriganapatimantraksharavali,श्रीगणपतिमन्त्राक्षरावलिः,sa,CC0-1.0,p1,श्रीगणपतिमन्त्राक्षरावलिः,1961,13176,8866,21e5909392249ecca6677410c30d70323402d886975df807df2b865697fd9e6d,0014abc7b9f0d9fcf46f959ee6b604d203a9c822fd0e708064305c25a9f239b8,0,INTEGRITY_VERIFIED,NOT_ASSESSED,GAP-AMB-SHRIGANAPATIMANTRAKSHARAVALI-STRUCTURE,library/holdings/ambuda/2026-05-12/shriganapatimantraksharavali
HLD-AMB-SHRIGANESHASHTAKAM-1-20260512,shriganeshashtakam-1,श्रीगणेशाष्टकम् (१),sa,CC0-1.0,p1,श्रीगणेशाष्टकम् (१),1961,6229,3812,1f3c7f5c90580b2541a9574eeabd52eabb3a8cf531bb57f264ca785be5a98ca0,282f1ff989cd5e8fa07dc47596c0d57323afe17585474e6c23de958c5e7d2715,0,INTEGRITY_VERIFIED,NOT_ASSESSED,GAP-AMB-SHRIGANESHASHTAKAM-1-STRUCTURE,library/holdings/ambuda/2026-05-12/shriganeshashtakam-1
HLD-AMB-SHRIVIDYAGANESHASHTOTTARASHATANAMASTOTRAM-20260512,shrividyaganeshashtottarashatanamastotram,श्रीविद्यागणेशाष्टोत्तरशतनामस्तोत्रम्,sa,CC0-1.0,p1,श्रीविद्यागणेशाष्टोत्तरशतनामस्तोत्रम्,1961,10838,7447,535eb697d8a6e7e407ab696eb2a4518cd2226efa6a27385102060f40718398c6,af4671bea73ab476a2fa2f66ea0416ffea7fc526ef7ae1b0aa0fc782e411caa1,0,INTEGRITY_VERIFIED,NOT_ASSESSED,GAP-AMB-SHRIVIDYAGANESHASHTOTTARASHATANAMASTOTRAM-STRUCTURE,library/holdings/ambuda/2026-05-12/shrividyaganeshashtottarashatanamastotram
HLD-AMB-SHRIMALAYARAJASTUTI-20260512,shrimalayarajastuti,श्रीमलयराजस्तुतिः,sa,CC0-1.0,p1,श्रीमलयराजस्तुतिः,1961,25292,19898,69b39f6346a3f9899d2b0fca6dda46fc7c06a66a17032ababd305a38a440cd6c,a97fa0a573636ca84361f3414838e82efdfd234a103d9441b5b6b36e13c36eac,0,INTEGRITY_VERIFIED,NOT_ASSESSED,GAP-AMB-SHRIMALAYARAJASTUTI-STRUCTURE,library/holdings/ambuda/2026-05-12/shrimalayarajastuti
HLD-AMB-SHRIMATRBHUTESHVARASTOTRAM-20260512,shrimatrbhuteshvarastotram,श्रीमातृभूतेश्वरस्तोत्रम्,sa,CC0-1.0,p1,श्रीमातृभूतेश्वरस्तोत्रम्,1961,8532,6190,60283ae39642b8d0acee7aefef99fe7402a658a0ee9e56f2a56b5850f2442768,805d8da8564f660327107ea953dba94f45ad5edeb91b2df43ea6a8f7db45cdc5,0,INTEGRITY_VERIFIED,NOT_ASSESSED,GAP-AMB-SHRIMATRBHUTESHVARASTOTRAM-STRUCTURE,library/holdings/ambuda/2026-05-12/shrimatrbhuteshvarastotram
HLD-AMB-SHRITANDAVASTOTRAM-1-20260512,shritandavastotram-1,श्रीताण्डवस्तोत्रम् (१),sa,CC0-1.0,p1,श्रीताण्डवस्तोत्रम्,1961,11540,8103,8779f1223d755ec804531dfcc9402206fcea5524a48906f8c9e205251b3d1324,6bdf84a7d8397339c766dcc93a369c61722efcf6455f5256a749af96eaf0825a,0,INTEGRITY_VERIFIED,NOT_ASSESSED,GAP-AMB-SHRITANDAVASTOTRAM-1-STRUCTURE,library/holdings/ambuda/2026-05-12/shritandavastotram-1
HLD-AMB-SHRIRAMANAMASTUTI-20260512,shriramanamastuti,श्रीरामनामस्तुतिः,sa,CC0-1.0,p1,श्रीरामनामस्तुतिः,1961,4140,2376,7de290eb543aed049c40ffd72b5e387f5f714be97e38d5c5af068cdd251e2357,6cb9d6c407a7d3a57dde1891df0f6f0aa2b780b3a05f17f4ddf2f59da84d4aaa,0,INTEGRITY_VERIFIED,NOT_ASSESSED,GAP-AMB-SHRIRAMANAMASTUTI-STRUCTURE,library/holdings/ambuda/2026-05-12/shriramanamastuti
HLD-AMB-SHRIAMBIKASTAVA-20260512,shriambikastava,श्रीअम्बिकास्तवः,sa,CC0-1.0,p1,श्रीअम्बिकास्तवः,1961,6642,4544,baca8efaf4cd419a4a035c9f3c33ca6d25796024c46b9d09c60efac420c4eea1,c53bcff0f7f6d2f71f826c76b9b465d73cfd0daf48521d180d300cb7a57d2b8f,0,INTEGRITY_VERIFIED,NOT_ASSESSED,GAP-AMB-SHRIAMBIKASTAVA-STRUCTURE,library/holdings/ambuda/2026-05-12/shriambikastava
HLD-AMB-SHRITRIPURASUNDARIPANCARATNASTAVA-20260512,shritripurasundaripancaratnastava,श्रीत्रिपुरसुन्दरीपञ्चरत्नस्तवः,sa,CC0-1.0,p1,श्रीत्रिपुरसुन्दरीपञ्चरत्नस्तवः,1961,4960,3269,ee8b824cd7b67cbfcdeca751a241f26bec37444dfff29dc52c0a98cd9a0304e3,728a7bc37f4b7640fa72dec2855f4fdd12ec8c95d2a539a8a771866b2c1dc4d7,0,INTEGRITY_VERIFIED,NOT_ASSESSED,GAP-AMB-SHRITRIPURASUNDARIPANCARATNASTAVA-STRUCTURE,library/holdings/ambuda/2026-05-12/shritripurasundaripancaratnastava
HLD-AMB-SHRIKAMAKSHISTOTRAM-20260512,shrikamakshistotram,श्रीकामाक्षीस्तोत्रम्,sa,CC0-1.0,p1,श्रीकामाक्षीस्तोत्रम्,1961,7835,5494,a95f05babf670d9c197cee114d727714cd5d9ee103023889dc96419708ac945e,d807e975521aa8d250b1061e5f17847ac8943d7d6aabe0acaa0fdd52f80c6dea,0,INTEGRITY_VERIFIED,NOT_ASSESSED,GAP-AMB-SHRIKAMAKSHISTOTRAM-STRUCTURE,library/holdings/ambuda/2026-05-12/shrikamakshistotram
HLD-AMB-SHRIKAMAKSHISTUTI-20260512,shrikamakshistuti,श्रीकामाक्षीस्तुतिः,sa,CC0-1.0,p1,श्रीकामाक्षीस्तुतिः,1961,21745,17843,3acdf566a0d5f135fc1c878a0f8509a94b09b109c7ec7bef54fd00b677c07867,e90d9d5cf9607908afb87afaf5a907c60231e865b9856b4ce3e79309b709d8bc,0,INTEGRITY_VERIFIED,NOT_ASSESSED,GAP-AMB-SHRIKAMAKSHISTUTI-STRUCTURE,library/holdings/ambuda/2026-05-12/shrikamakshistuti
HLD-AMB-SHRIDAKSHAYANISTOTRAM-20260512,shridakshayanistotram,श्रीदाक्षायणीस्तोत्रम्,sa,CC0-1.0,p1,श्रीदाक्षायणीस्तोत्रम्,1961,16586,12555,e189a893adbf94ebcb6ed43ee0aa3158c746fd2d27eecbb7815f564031b67082,bce32787b084a8c7734928dae0458920d42fb380f4f79b9bed5d6687b2d434fc,0,INTEGRITY_VERIFIED,NOT_ASSESSED,GAP-AMB-SHRIDAKSHAYANISTOTRAM-STRUCTURE,library/holdings/ambuda/2026-05-12/shridakshayanistotram
HLD-AMB-SHRIGAURIDASHAKAM-20260512,shrigauridashakam,श्रीगौरीदशकम्,sa,CC0-1.0,p1,श्रीगौरीदशकम्,1961,7763,5034,017888d488f69cc5ec996e3b1237d98ba8a9b27d350083cc64eacdce0e6d7f4b,d813827f3fa7a8d7c48e3e3c07a556c600510171e93da8cbacf9b84a69c11b05,0,INTEGRITY_VERIFIED,NOT_ASSESSED,GAP-AMB-SHRIGAURIDASHAKAM-STRUCTURE,library/holdings/ambuda/2026-05-12/shrigauridashakam
HLD-AMB-SHRIAKHILANDANAYIKADANDAKA-20260512,shriakhilandanayikadandaka,श्री अखिलाण्डनायिकादण्डकः,sa,CC0-1.0,p1,श्री अखिलाण्डनायिकादण्डकः,1961,14484,12994,9bc4708b690aeb11572eace42c88c13d3293c73b2b9ab0959e72f59f0f4c5bfa,0bf9964c2f906fda7bfe48160293259394f79597ebca7a99a970d370374d371d,0,INTEGRITY_VERIFIED,NOT_ASSESSED,GAP-AMB-SHRIAKHILANDANAYIKADANDAKA-STRUCTURE,library/holdings/ambuda/2026-05-12/shriakhilandanayikadandaka
HLD-AMB-SHRISHIVAKAMASUNDARYAMBADANDAKA-20260512,shrishivakamasundaryambadandaka,श्रीशिवकामसुन्दर्यम्बादण्डकः,sa,CC0-1.0,p1,श्रीशिवकामसुन्दर्यम्बादण्डकः,1961,7112,5825,bb67393b1082430cbd7c34876e113858fbe409e18c0464dd76e1743678423e4e,995b6a5b11438a12ae52347ebfc51744d0b0b1af1b11401d4d143425554f17eb,0,INTEGRITY_VERIFIED,NOT_ASSESSED,GAP-AMB-SHRISHIVAKAMASUNDARYAMBADANDAKA-STRUCTURE,library/holdings/ambuda/2026-05-12/shrishivakamasundaryambadandaka
HLD-AMB-SHRIPARVATISTOTRAM-20260512,shriparvatistotram,श्रीपार्वतीस्तोत्रम्,sa,CC0-1.0,p1,श्रीपार्वतीस्तोत्रम्,1961,5812,3998,6c520a031e66c3c1d134c4e5ce15dd8663c960e8987bc1f97abc6b478465b0a8,0f01b68cfb2a298c046c64833195398febbcc7dd74a7a35637d7aa6bb0c2fd56,0,INTEGRITY_VERIFIED,NOT_ASSESSED,GAP-AMB-SHRIPARVATISTOTRAM-STRUCTURE,library/holdings/ambuda/2026-05-12/shriparvatistotram
HLD-AMB-SHRITRIPURAPRATARBHAJANAM-20260512,shritripurapratarbhajanam,श्रीत्रिपुराप्रातर्भजनम्,sa,CC0-1.0,p1,श्रीत्रिपुराप्रातर्भजनम्,1961,5075,3098,34a6fdfc4d722a24ace78102b5d4635520f420a595523534d520947105e9f8c9,e5bd6eb24585aeccedb90362444846b5fb0e7d8fe48d2470ae046f5a0b228c45,0,INTEGRITY_VERIFIED,NOT_ASSESSED,GAP-AMB-SHRITRIPURAPRATARBHAJANAM-STRUCTURE,library/holdings/ambuda/2026-05-12/shritripurapratarbhajanam
HLD-AMB-SHRITURIYASHODASHISHRIRAJARAJESHVARIKAVACAM-20260512,shrituriyashodashishrirajarajeshvarikavacam,श्रीतुरीयाषोडशीश्रीराजराजेश्वरीकवचम्,sa,CC0-1.0,p1,श्रीतुरीयाषोडशीश्रीराजराजेश्वरीकवचम्,1961,24497,18856,07673a5a4551bd2bfb17e466f41464e914d4baf6ecf12692b235108b7e55a656,fca61de366c4e5e594f78f079289964f88c15cf63b9be0ad0c59e11c0439f18e,0,INTEGRITY_VERIFIED,NOT_ASSESSED,GAP-AMB-SHRITURIYASHODASHISHRIRAJARAJESHVARIKAVACAM-STRUCTURE,library/holdings/ambuda/2026-05-12/shrituriyashodashishrirajarajeshvarikavacam
HLD-AMB-SHRIKALYANASTAVARAJA-20260512,shrikalyanastavaraja,श्री कल्याणस्तवराजः,sa,CC0-1.0,p1,श्री कल्याणस्तवराजः,1961,10646,7769,417dedd0087c111231061d7908a8f6d827227a63f45a29f50f6637d20b9915e8,e0097aa6d77c97e33e33685fdb7d241c50788de8e7131382ca5b9954019701fd,0,INTEGRITY_VERIFIED,NOT_ASSESSED,GAP-AMB-SHRIKALYANASTAVARAJA-STRUCTURE,library/holdings/ambuda/2026-05-12/shrikalyanastavaraja
HLD-AMB-SHRIRANGANAYIKASTOTRAM-20260512,shriranganayikastotram,श्रीरङ्गनायिकास्तोत्रम्,sa,CC0-1.0,p1,श्रीरङ्गनायिकास्तोत्रम्,1961,12328,9218,0109792a8a025ac1ea11c36c6491f8223310306c4b89c5378584aefb18395f96,a607eabee52a79d74e2b4de562c5e46a629be2cb68a3fb76874bb3bf8f32597c,0,INTEGRITY_VERIFIED,NOT_ASSESSED,GAP-AMB-SHRIRANGANAYIKASTOTRAM-STRUCTURE,library/holdings/ambuda/2026-05-12/shriranganayikastotram
HLD-AMB-SHRISARASVATISTOTRAM-SIDDHASARASVATAM-20260512,shrisarasvatistotram-siddhasarasvatam,श्रीसरस्वतीस्तोत्रम् सिद्धसारस्वतम्,sa,CC0-1.0,p1,श्रीसरस्वतीस्तोत्रम् सिद्धसारस्वतम्,1961,10177,7334,ddbe46fb818caad6a5e1014f26c0a65e7b54e63d99fa2b638691f2ba18ce6296,3676ff634c4318f82d98efe3149c078c9a8f1b6e4d3dc0572cf074227a786095,0,INTEGRITY_VERIFIED,NOT_ASSESSED,GAP-AMB-SHRISARASVATISTOTRAM-SIDDHASARASVATAM-STRUCTURE,library/holdings/ambuda/2026-05-12/shrisarasvatistotram-siddhasarasvatam
HLD-AMB-SHRISARASVATIPRARTHANASTOTRAM-20260512,shrisarasvatiprarthanastotram,श्रीसरस्वतीप्रार्थनास्तोत्रम्,sa,CC0-1.0,p1,श्रीसरस्वतीप्रार्थनास्तोत्रम्,1961,5331,3467,801d1413f7068de6827a22f50c76110a7154139dabe2cc54b14a0ed309abea96,802fd3278fb9924a7ac779c343a4697deeaa8e607dcf03946607f1c2f56f19ee,0,INTEGRITY_VERIFIED,NOT_ASSESSED,GAP-AMB-SHRISARASVATIPRARTHANASTOTRAM-STRUCTURE,library/holdings/ambuda/2026-05-12/shrisarasvatiprarthanastotram
HLD-AMB-SHRISARASVATISTOTRAMAHAMANTRA-20260512,shrisarasvatistotramahamantra,श्रीसरस्वतीस्तोत्रमहामन्त्रः,sa,CC0-1.0,p1,श्रीसरस्वतीस्तोत्रमहामन्त्रः,1961,10427,8075,5ec289020f8f77feeadaccf2aca689d873059f7945cde6581efe454393efc004,67434227dc8814a5740d4a7d3012e6c704592b438902899368ff0b3cb2e5ed65,0,INTEGRITY_VERIFIED,NOT_ASSESSED,GAP-AMB-SHRISARASVATISTOTRAMAHAMANTRA-STRUCTURE,library/holdings/ambuda/2026-05-12/shrisarasvatistotramahamantra
HLD-AMB-SHRISARASVATIDASHASHLOKISTOTRAM-20260512,shrisarasvatidashashlokistotram,श्रीसरस्वतीदशश्लोकीस्तोत्रम्,sa,CC0-1.0,p1,श्रीसरस्वतीदशश्लोकीस्तोत्रम्,1961,13367,10147,ae8ce1f0632e45b95a400187bd74d6146b73459fd6d421285465c838d18904df,121d9bf868874ea087060a25115c975c0629b916a9f80fbbf1d7008d6425d225,0,INTEGRITY_VERIFIED,NOT_ASSESSED,GAP-AMB-SHRISARASVATIDASHASHLOKISTOTRAM-STRUCTURE,library/holdings/ambuda/2026-05-12/shrisarasvatidashashlokistotram
HLD-AMB-SHRIVANADRINATHADAYITASTOTRAM-20260512,shrivanadrinathadayitastotram,श्रीवानाद्रिनाथदयितास्तोत्रम्,sa,CC0-1.0,p1,श्रीवानाद्रिनाथदयितास्तोत्रम्,1961,10974,8107,fa20bf17efa63aaad5b41ddf33b2e3f6fcfff17d60569774da6ce68dee63330b,8483da1a2646cfefbfe05158f9e396d1f736836a88c2e3ce4f0d11c9ca1d1cd4,0,INTEGRITY_VERIFIED,NOT_ASSESSED,GAP-AMB-SHRIVANADRINATHADAYITASTOTRAM-STRUCTURE,library/holdings/ambuda/2026-05-12/shrivanadrinathadayitastotram
HLD-AMB-SHRIGOVINDARAJASTUTI-20260512,shrigovindarajastuti,श्रीगोविन्दराजस्तुतिः,sa,CC0-1.0,p1,श्रीगोविन्दराजस्तुतिः,1961,7034,4611,d1f75a89d534a3e4a39f35aedc3625f41d0adeab74bdcdabe21f7bcc0eb2f347,d9623e030e35b165706da7d28765cc475db700d1772c07350a3aa8affa2b3db3,0,INTEGRITY_VERIFIED,NOT_ASSESSED,GAP-AMB-SHRIGOVINDARAJASTUTI-STRUCTURE,library/holdings/ambuda/2026-05-12/shrigovindarajastuti
HLD-AMB-SHRIRANGANATHASTOTRAM-20260512,shriranganathastotram,श्रीरङ्गनाथस्तोत्रम्,sa,CC0-1.0,p1,श्रीरङ्गनाथस्तोत्रम्,1961,15761,12409,ceecba76adf6983fe5c63324707c3f95b846bc39b8cb0f7611f2702880096f59,1bd8b820aab7d1ccca7565ebb116572f232459bc6ec98aebc15888f90582c092,0,INTEGRITY_VERIFIED,NOT_ASSESSED,GAP-AMB-SHRIRANGANATHASTOTRAM-STRUCTURE,library/holdings/ambuda/2026-05-12/shriranganathastotram
HLD-AMB-SHRIVARAHASHTAKAM-20260512,shrivarahashtakam,श्रीवराहाष्टकम्,sa,CC0-1.0,p1,श्रीवराहाष्टकम्,1961,5524,3611,5b9148c92310b05791d552a342b989ab775bd3bddbe1719377c5a6b3f5fc5c30,92bea003d955cd7ad48ec7c84f6d090346fbfb4948e20f962fee9c3d8986a586,0,INTEGRITY_VERIFIED,NOT_ASSESSED,GAP-AMB-SHRIVARAHASHTAKAM-STRUCTURE,library/holdings/ambuda/2026-05-12/shrivarahashtakam
HLD-AMB-SHRIRAMANUSMRTI-20260512,shriramanusmrti,श्रीरामानुस्मृतिः,sa,CC0-1.0,p1,श्रीरामानुस्मृतिः,1961,6942,4698,938b8f2b169927efbfd11b56aaa9dae049198f4ebae5bd39825ab5b1f9b2b9c9,f65c05823ae3887997fe5cb6b9df50afaefe697b668a88543c862b184f05874c,0,INTEGRITY_VERIFIED,NOT_ASSESSED,GAP-AMB-SHRIRAMANUSMRTI-STRUCTURE,library/holdings/ambuda/2026-05-12/shriramanusmrti
HLD-AMB-SHRIHARIHARASTOTRARATNAMALA-20260512,shrihariharastotraratnamala,श्रीहरिहरस्तोत्ररत्नमाला,sa,CC0-1.0,p1,श्रीहरिहरस्तोत्ररत्नमाला,1961,6940,4785,8192f3f6c6983e47ac145f0838831823e5b096ad56f19007d74824df8eed5e59,77d17d955b837763fa6d8587af06825d9d53da8f199a17b15750b555a5512a19,0,INTEGRITY_VERIFIED,NOT_ASSESSED,GAP-AMB-SHRIHARIHARASTOTRARATNAMALA-STRUCTURE,library/holdings/ambuda/2026-05-12/shrihariharastotraratnamala
HLD-AMB-SHRIVAIDYANATHASTAVA-20260512,shrivaidyanathastava,श्रीवैद्यनाथस्तवः,sa,CC0-1.0,p1,श्रीवैद्यनाथस्तवः,1961,7622,5203,103f40ea4834af7fe8ba2a0d311fbb964730c5aa95b544706bd0e9b0dc76c51a,dcbae570a36e8ed5016ccbec7fbc0bdf287f76dcb0696ea86eb98f9359f6d279,0,INTEGRITY_VERIFIED,NOT_ASSESSED,GAP-AMB-SHRIVAIDYANATHASTAVA-STRUCTURE,library/holdings/ambuda/2026-05-12/shrivaidyanathastava
HLD-AMB-SHRINATESHASTAVA-20260512,shrinateshastava,श्रीनटेशस्तवः,sa,CC0-1.0,p1,श्रीनटेशस्तवः,1961,7330,4787,6d51d3ef278bce914da8a677c06b828f199b37de3de05155c6f68b7700f38305,9c2de03c2bf7da3c058bf256d33f78ac364decb55611396d40d4f38a6a9022b2,0,INTEGRITY_VERIFIED,NOT_ASSESSED,GAP-AMB-SHRINATESHASTAVA-STRUCTURE,library/holdings/ambuda/2026-05-12/shrinateshastava
HLD-AMB-SHRITYAGARAJASTAVA-20260512,shrityagarajastava,श्रीत्यागराजस्तवः,sa,CC0-1.0,p1,श्रीत्यागराजस्तवः,1961,7442,5137,22ee81a604c1dd2bd0a6b29a5865530b263d0125141a40649dfec122a570feb6,b7f55d710a1059a0b455ffe80d9ee8a21661e53aedac2cb2f6eaca164849aad9,0,INTEGRITY_VERIFIED,NOT_ASSESSED,GAP-AMB-SHRITYAGARAJASTAVA-STRUCTURE,library/holdings/ambuda/2026-05-12/shrityagarajastava
HLD-AMB-SHRITYAGARAJASHTAKAM-2-20260512,shrityagarajashtakam-2,श्रीत्यागराजाष्टकम् (२),sa,CC0-1.0,p1,श्रीत्यागराजाष्टकम् (२),1961,4882,3151,4ae37812af518b37f2303cab94b301f741e59e4e9099fb8e78bc8bda82fd3299,3730c05782f833258a27c8924752ff38a9a208e561308dc1faa44866c2017100,0,INTEGRITY_VERIFIED,NOT_ASSESSED,GAP-AMB-SHRITYAGARAJASHTAKAM-2-STRUCTURE,library/holdings/ambuda/2026-05-12/shrityagarajashtakam-2
HLD-AMB-SHRISHADVARNAMANTRASHTAKAM-2-20260512,shrishadvarnamantrashtakam-2,श्रीषड्वर्णमन्त्राष्टकम् (२),sa,CC0-1.0,p1,श्रीषड्वर्णमन्त्राष्टकम् (२),1961,6460,4259,971972c49733d44bdfccaeea07f2a6e0e1167c1764237574def1a5d9c517a8fb,def3fa99109227e530c36d359b86f60fc29dff230638e637cf04fb2738858db7,0,INTEGRITY_VERIFIED,NOT_ASSESSED,GAP-AMB-SHRISHADVARNAMANTRASHTAKAM-2-STRUCTURE,library/holdings/ambuda/2026-05-12/shrishadvarnamantrashtakam-2
HLD-AMB-SHRIPANCAKSHARARTHASTAVA-20260512,shripancakshararthastava,श्रीपञ्चाक्षरार्थस्तवः,sa,CC0-1.0,p1,श्रीपञ्चाक्षरार्थस्तवः,1961,6426,4067,fbcd9b79699032d2f28b87d1b87b138afa546de039f41e795d16f8a08e2c35fe,b08c2c42ddc856d8b3464b3a33b64df6e4102341e6741e9069aa6ee415c9b537,0,INTEGRITY_VERIFIED,NOT_ASSESSED,GAP-AMB-SHRIPANCAKSHARARTHASTAVA-STRUCTURE,library/holdings/ambuda/2026-05-12/shripancakshararthastava
HLD-AMB-SHRITYAGESHASTUTI-20260512,shrityageshastuti,श्रीत्यागेशस्तुतिः,sa,CC0-1.0,p1,श्रीत्यागेशस्तुतिः,1961,4834,3080,56139f7c0f4ca8d1401cb97b750c8083c7b2c9066d3fb6065a7c66e79155f6ee,55539e9fe163f49596e00ca5ef9eabd03ec1f771d75576701550dc7fc91617af,0,INTEGRITY_VERIFIED,NOT_ASSESSED,GAP-AMB-SHRITYAGESHASTUTI-STRUCTURE,library/holdings/ambuda/2026-05-12/shrityageshastuti
HLD-AMB-SHRIPANCALINGASTOTRAM-20260512,shripancalingastotram,श्रीपञ्चलिङ्गस्तोत्रम्,sa,CC0-1.0,p1,श्रीपञ्चलिङ्गस्तोत्रम्,1961,5236,3244,3e462de6952ba094ccf9b42efd5737d27a816a433844f291ac08f9fd6a4c06c8,f7e0a63abbec9a6285c0d7535bb4efc8d167affe20f08cd028a0cccbad222a40,0,INTEGRITY_VERIFIED,NOT_ASSESSED,GAP-AMB-SHRIPANCALINGASTOTRAM-STRUCTURE,library/holdings/ambuda/2026-05-12/shripancalingastotram
HLD-AMB-SHRIMAHADEVASHTAKAM-20260512,shrimahadevashtakam,श्रीमहादेवाष्टकम्,sa,CC0-1.0,p1,श्रीमहादेवाष्टकम्,1961,4515,2722,6dbf25e2ac1b8551ddd2826dc2ec07d27bedccbefaeb4807bc6ec6458a691c98,5c109f080bce52aab372722ab4c7c3b413e5d4418a82963810fff5effa013673,0,INTEGRITY_VERIFIED,NOT_ASSESSED,GAP-AMB-SHRIMAHADEVASHTAKAM-STRUCTURE,library/holdings/ambuda/2026-05-12/shrimahadevashtakam
HLD-AMB-YOGASHIKHOPANISHAT-20260512,yogashikhopanishat,योगशिखोपनिषत्,sa,CC0-1.0,p1,योगशिखोपनिषत्,१९४८,6277,4124,11dab609b609e8ce7054a4f4520b3fbc0ebea4289a9f8c990e6c9cf51da878fc,21977c577d991cf704916ed6d30aca84d7007ca4e068233b0e0926d56d07f9fb,3,INTEGRITY_VERIFIED,NOT_ASSESSED,GAP-AMB-YOGASHIKHOPANISHAT-STRUCTURE,library/holdings/ambuda/2026-05-12/yogashikhopanishat
