slug,title_hk,language,status,parent_slug,author_slug,collections,source_present,source_title,source_publisher,source_year,metadata_license,header_license_text,rights_class,detected_license,acquisition_eligible,xml_present,text_present,xml_bytes,text_bytes,xml_sha256,text_sha256,xml_parse_valid,tei_xml_id,identity_match,structurally_analyzable,div_count,top_level_div_count,lg_count,line_count,paragraph_count,xml_id_count,duplicate_xml_id_count,first_div_n,last_div_n,first_block_id,last_block_id,parse_error
ramayanam,rAmAyaNam,sa,,,valmiki,itihasau,False,,,,,,BLOCKED_RIGHTS_UNKNOWN,,False,True,True,5564882,4786874,9cbec1f369f4208c850d5184b1c545d0c991cf7ddbf15b0e35ba332cd6d9ebb8,35e06b834b572bf033b659843593d8fa944f7097a198937170e926aa3d16d42a,True,ramayanam,True,True,606,606,18761,38043,0,18762,0,1.1,7.100,R.1.1.1,R.7.100.26,
mahabharatam,mahAbhAratam,sa,,,vyasa,itihasau,False,,,,,,BLOCKED_RIGHTS_UNKNOWN,,False,True,True,23073609,19753501,586ad8fe3605ddfdc45e04f7a5952f7ad3f6d90af74d2e71c1f88492856bccf3,9c72654e1f980d7aa88a59f22bdd2e11eafd0850e0866eabe871711ef664aa48,True,mahabharatam,True,True,1995,1995,73816,158502,0,73817,0,1.1,18.5,MBh.1.1.0,MBh.18.5.54,
amarushatakam,amaruzatakam,sa,,,amaru,kavyani|shravyakavyani,True,Amaruśataka,,,,TODO,REVIEW_PD_HEURISTIC,,False,True,True,63568,55977,d9d58be6930385992aa9d5e252ce0be9ce516036648c57ee3b94df0d4decda4b,6e360f6a07bfab365a8cb817bbec5cdec3e9921959826d8f98d7e3a76247111f,True,,False,False,0,0,106,422,0,106,0,,,AmrShtk.1,AmrShtk.106,
kumarasambhavam,kumArasambhavam,sa,,,kalidasa,mahakavyani,True,Kumārasaṃbhava,,,,"This e-text was provided to GRETIL in good faith that no copyright rights have been infringed. If anyone wishes to assert copyright over this file, please contact the GRETIL management at gretil(at)sub(dot)uni-goettingen(dot)de. The file will be immediately removed pending resolution of the claim. Distributed under a Creative Commons Attribution-NonCommercial-ShareAlike 4.0 International License.",RESTRICTED_EXPLICIT,CC-BY-NC-SA,False,True,True,217951,185260,1822f6de24cbbd192d2c797711f0b024a3b1cf2c19735c084052cd7924779529,c96974304d52fa3369f7b2a1d1421b419c4307bad7400255d6a4e9b7fb7d93ba,True,kumarasambhavam,True,True,8,8,613,1226,0,614,0,1,8,Ks.1.1,Ks.8.91,
raghuvamsham,raghuvaMzam,sa,,,kalidasa,mahakavyani,True,Raghuvaṃśa,,,,"This e-text was provided to GRETIL in good faith that no copyright rights have been infringed. If anyone wishes to assert copyright over this file, please contact the GRETIL management at gretil(at)sub(dot)uni-goettingen(dot)de. The file will be immediately removed pending resolution of the claim. Distributed under a Creative Commons Attribution-NonCommercial-ShareAlike 4.0 International License.",RESTRICTED_EXPLICIT,CC-BY-NC-SA,False,True,True,559338,481911,ad977a677d853e598c628629d0ae7e78e9d02aa81287afa68de89e350b133aec,402badb135a8ab53c9f68b5f10ddc6adb6f4687258a6dda191ce965a98bb9915,True,raghuvamsham,True,False,19,19,1617,3234,0,1618,1,1,19,Ragh_1.1,Ragh_19.57,
kiratarjuniyam,kirAtArjunIyam,sa,,,bharavi,mahakavyani,True,Kirātārjunīya,,,,TODO,REVIEW_PD_HEURISTIC,,False,True,True,369702,324141,330827e725589897ca0cc2790f7816100a260526f7e93c6ba0cae62bd47d7e78,536172de8a16ee36061acbab8c5c7bbabae13d4239a6c94ee3a516ec445038e1,True,,False,False,0,0,1040,2080,0,1040,0,,,BhKir.1.1,BhKir.18.48,
shishupalavadham,zizupAlavadham,sa,,,magha,mahakavyani,True,Śiśupālavadha,,,,TODO,REVIEW_PD_HEURISTIC,,False,True,True,556660,518393,f9581db509d48494200d5773255ac3f526c88e1b6e0d63efc2a577027b037885,5c325e99b8d9889a8d4cd97190f4d1da0046fb71fd712db89d9333baa39acaef,True,,False,False,0,0,1645,3290,0,0,0,,,,,
rtusamharam,RtusaMhAram,sa,,,kalidasa,kavyani|shravyakavyani,True,Ṛtusaṃhāra,,,,TODO,REVIEW_PD_HEURISTIC,,False,True,True,64511,57244,bfba6f9d6b48580012a9aa8f7253d51ea386c30ae5715f506126f6ca7724e8fb,360626bc3526169f673ab7d5cf502e21463f90a36f0213ff019d6b9e7f428061,True,,False,False,0,0,158,316,0,158,0,,,KalRs.1.1,KalRs.6.38,
shatakatrayam,zatakatrayam,sa,,,bhartrhari,kavyani|shravyakavyani,True,"Śatakatraya (1. Nītiśataka, 2. Śṛṅgāraśataka, 3. Vairāgyaśataka)",,,,TODO,REVIEW_PD_HEURISTIC,,False,True,True,158855,147352,5324d2d51b66c3969362cce7e46751d2c86d22bb251efb13766cd29b5d9947c2,623cba359f8c1a4f25efc276f315efcb446e3fc4a50fe9b44e0e9d2b5003e21e,True,,False,False,0,0,323,1237,6,0,0,,,,,
bhattikavyam,bhaTTikAvyam,sa,,,bhatti,kavyani|shravyakavyani,True,Rāvaṇavadha (= Bhaṭṭikāvya),,,,TODO,REVIEW_PD_HEURISTIC,,False,True,True,505871,437332,d1e46d95f3c1f7b8ef23f78af1918b51eaef3003cca4e9566681d1ce224a9c00,8e5c4761e845ad76803c24f0c9505d26501e26e093f893dcbbd4233e9412c883,True,,False,False,0,0,1625,3250,96,1625,0,,,Bhk_1.1,,
meghadutam-kale,meghadUtam,sa,,,kalidasa,kavyani|shravyakavyani,True,Meghadūta,,,,TODO,REVIEW_PD_HEURISTIC,,False,True,True,69279,62050,63c2d91394ba558eb1cfb56a982f3f2a1e978e0b6465ff68c396991f2e7d382a,37443a1811225e6316149cd874a824f864f002f433aed17857163f2f2c931555,True,,False,False,0,0,121,484,0,121,0,,,KalMgD.1.1,KalMgD.2.55,
kokilasandesha,kokilasaMdezaH,sa,,,uddandashastri,kavyani|shravyakavyani,True,Kokilasaṃdesa,,,,TODO,REVIEW_PD_HEURISTIC,,False,True,True,85844,78727,4b7b06499ef7c12fef0f5cd77311ab9057b70bc2159c09d907494f9a17f22844,ab1bb03ebdfb59f0f3c5ef6b93df4915a603b42d355718050880e72b178230c6,True,,False,False,0,0,162,324,0,162,0,,,Kok.1.1,Kok.2.69,
bodhicaryavatara,bodhicaryAvatAraH,sa,,,shantideva,kavyani|shravyakavyani,True,Bodhicaryāvatāra,,,,"This e-text was provided to GRETIL in good faith that no copyright rights have been infringed. If anyone wishes to assert copyright over this file, please contact the GRETIL management at gretil(at)sub(dot)uni-goettingen(dot)de. The file will be immediately removed pending resolution of the claim. Distributed under a Creative Commons Attribution-NonCommercial-ShareAlike 4.0 International License.",RESTRICTED_EXPLICIT,CC-BY-NC-SA,False,True,True,274780,228540,d294998928fbc070cb634d5daafa4e773ae5c1e1cdfdc3265cdc0c1fd57cbf19,ffd787b7c50073a24af9eba50ec6c969bca68c7fac670b54c8d33780c2a7f80d,True,bodhicaryavatara,True,True,10,10,913,1826,0,914,0,1,10,Bca.1.1,Bca.10.58,
saundaranandam,saundaranandam,sa,,,ashvaghosha,kavyani|shravyakavyani,True,Saundarānanda,,,,TODO,REVIEW_PD_HEURISTIC,,False,True,True,383618,336476,2e571f1a2f2704f0add96122285d35feee6a4e59949717c172ef0cfb4d52c281,30b6b00f506ea5e6bca6d5ea76ae59c370cb3a15fe5facf4938c6e9f7be7be51,True,,False,False,0,0,1060,2139,1,1059,0,,,Saund.1.1,,
caurapancashika,caurapaJcAzikA,sa,,,bilhana,kavyani|shravyakavyani,True,Caurapañcāśikā,,,,TODO,REVIEW_PD_HEURISTIC,,False,True,True,22176,19643,2dc48e80cbcb7d948faeb147b65e44ba44935486ff3f20e4fd63b14613455af1,b1ba141e266948a6d7f583511b1ed29ef20d1d44c23e123d7c7f4cef12b2eb4c,True,,False,False,0,0,50,100,0,50,0,,,BiCaup.1,BiCaup.50,
hamsadutam,haMsadUtam,sa,,,rupagosvami,kavyani|shravyakavyani,True,Haṃsadūta,,,,TODO,REVIEW_PD_HEURISTIC,,False,True,True,71997,63965,8e8ed7e6ef979cb8c4bd1d785ddcaa40baa9d9b04f60c34c04b7003b4435a5bd,273884bcba020bd808ee9ebff2faa9d46072f678ee68160cf09df63af75e8ed5,True,,False,False,0,0,142,568,0,142,0,,,HamDu.1,HamDu.142,
mukundamala,mukundamAlA,sa,,,kulashekhara,kavyani|shravyakavyani,True,Mukundamālā,,,,TODO,REVIEW_PD_HEURISTIC,,False,True,True,17171,15087,ea135f9e7d4811ce175ba69d9ca3b3d5f614505363c1aded5eff9c73c5badfbd,2aac959c78f78c9088cd01a4c0a13a7e8376c64f4c6bc9e8c5e478660a653729,True,,False,False,0,0,34,112,1,34,0,,,KMuk.1,,
catuhshloki,catuHzlokI,sa,,,yamunacarya,devistotrani|vishishtadvaitavedanta,True,Catuḥślokī,,,,TODO,REVIEW_PD_HEURISTIC,,False,True,True,2931,2321,f43db9a090ba7a8cc9e330e1b62031b4b3f31f0cc659ca616754c62e4269c994,4084ae8c8be7cf35cf0bc4bc509aa637ecb7a0fcfb752562d4ddeb6ed9427a38,True,,False,False,0,0,4,8,0,4,0,,,YCs.1,YCs.4,
shivopanishat,zivopaniSat,sa,,,rshayah,muktikopanishadah,True,Śivopaniṣad,,,,TODO,REVIEW_PD_HEURISTIC,,False,True,True,181227,154815,71f5785e01f6d5c292fc55afd97bb46c6688427313e66980b7e058a05482eb69,9b0e8eddd67ce9508874ebbee727ada71a29c0a945cab44464637eeb1d8845ae,True,,False,False,0,0,625,1253,0,625,0,,,SU.1.1,SU.7.140,
charucharya,चारुचर्या,sa,p2,,kshemendra,nitishastrani,True,चारुचर्या,चौकम्बा विद्याभवन,,CC0 1.0,TODO,ELIGIBLE_OPEN_EXPLICIT,CC0-1.0,True,True,True,28624,25956,8d07f561ba83d9c396c1cf2a60b2f8c7705c419aee9429c82d9d9e6184f3dea3,4d22ce639067c64ed17946e89a5793cc1a084b75b55567868fdbe780e3bc0242,True,,False,False,0,0,100,200,0,0,0,,,,,
naraabharanam,नराभरणम्,sa,,,,nitishastrani,False,,,,CC0 1.0,TODO,ELIGIBLE_OPEN_EXPLICIT,CC0-1.0,True,True,True,97481,89694,615365f7192e9f9b8c3ead1576d52f906e67649678211f8e177d93c7c4603740,e5fcebac976ab09d6ba0f252614ccd4cf2516abaf785c84c033ac6dc02db77f6,True,,False,False,0,0,301,723,0,0,0,,,,,
govindadamodarastotram,गोविन्ददामोदरस्तोत्रम्,sa,,,bilvamangalacarya,krshnastotrani,False,,,,CC0 1.0,TODO,ELIGIBLE_OPEN_EXPLICIT,CC0-1.0,True,True,True,23859,20973,d047a998599303aea758ac2906c07fbd178a643e079dad93df35931f685dc550,09da34d466512dbcf424b092e3c543036121af2137bd8edd814fe4b0d53d1f65,True,,False,False,0,0,71,284,0,0,0,,,,,
suryashatakam,सूर्यशतकम्,sa,,,mayurabhatta,suryastotrani,False,,,,CC0 1.0,TODO,ELIGIBLE_OPEN_EXPLICIT,CC0-1.0,True,True,True,64675,60784,eb82d46f459f6df435ec54345b4db0430efc2d70ff9ed735f38a789c0edff363,0603b876f7177b2395f4b35858feee5dd9cdab1cf254fa8e17ef27aa5db18ca9,True,,False,False,0,0,101,404,0,0,0,,,,,
ramarakshastotram,रामरक्षास्तोत्रम्,sa,,,,ramastotrani,False,,,,CC0 1.0,TODO,ELIGIBLE_OPEN_EXPLICIT,CC0-1.0,True,True,True,12702,11268,41cf2c9eea01e2b21531a657780000d94ba55b075d91e000be8556d0129ea09c,b70aab93486d06fb615bbfed8c760764b139b8ce475f17980ce5b2d0acceedc2,True,,False,False,0,0,39,94,1,0,0,,,,,
somanathashatakam,सोमनाथशतकम्,sa,,,,shivastotrani,False,,,,CC0 1.0,TODO,ELIGIBLE_OPEN_EXPLICIT,CC0-1.0,True,True,True,69749,65552,6aeaac7e2ca9b88e1125af8ef768627f0ab99d7a050b872622010b4e3424c86a,4dc11cb8f48cc8e182f8f2a21fb1be2612f8a4fd3240d7f42a0f55be317cf3ed,True,,False,False,0,0,111,442,0,0,0,,,,,
charucharya-prakash,प्रकाश,hi,p2,charucharya,shri-devadatta-shastri,,True,प्रकाश,चौकम्बा विद्याभवन,,CC0 1.0,TODO,ELIGIBLE_OPEN_EXPLICIT,CC0-1.0,True,True,True,43842,42507,a1fc4cac5e24a6c529daa1e9e578e42790b2676744857e78bae00483576e36de,8e39788ede7d3bc6b8ca5928ccd8ece13d491d819a64090f26f10b765ebcb00a,True,,False,False,0,0,0,0,100,0,0,,,,,
ramarakshastotram-translation,Translation,hi,,ramarakshastotram,,,False,,,,CC0 1.0,TODO,ELIGIBLE_OPEN_EXPLICIT,CC0-1.0,True,True,True,16690,16005,5d2f31bd6adcdae212d9ec4428920636328e06f54158c8ba287afc7192b08c0c,85b3a82f92fd133a3d49eb6b2b5e5f1040446b3109a3a392bb9b1f2a26e151d9,True,,False,False,0,0,0,0,34,0,0,,,,,
suryashatakam-tika,टीका,sa,,suryashatakam,,,False,,,,CC0 1.0,TODO,ELIGIBLE_OPEN_EXPLICIT,CC0-1.0,True,True,True,223835,222375,29b2517d105da94dae2f5da7f6a092dfe37c93b8dc6e424b36610a923b2fb691,c28bafd83300068b8959a4ed49cc17d944f2dd94f2d580b174312f731124e42a,True,,False,False,0,0,0,0,101,0,0,,,,,
lakshmistotram,लक्ष्मीस्तोत्रम्,sa,,,,devistotrani,False,,,,CC0 1.0,TODO,ELIGIBLE_OPEN_EXPLICIT,CC0-1.0,True,True,True,4875,4085,486cd6975a9b75cbf594b26436fc3df826350cc89c942534e268b5e09d0bf8b7,1573b72dcaf60598668f3b262954b789a42ae269357adeec5b42a7d7e1e68170,True,,False,False,0,0,16,32,0,0,0,,,,,
ganeshashtakam,गणेशाष्टकम्,sa,p1,,,ganeshastotrani,True,गणेशाष्टकम्,,,CC0 1.0,Distributed by Ambuda under a Creative Commons CC0 1.0 Universal Licence (public domain),ELIGIBLE_OPEN_EXPLICIT,CC0-1.0,True,True,True,6496,4417,f4f3379e972ddce3bb2b864ac96896f5884c5a8b65d39bb12c885541e1930daf,0582a48493371bd3616f6ccbd374aad922bae920289db055bbcff426a492c620,True,ganeshashtakam,True,True,0,0,13,26,0,1,0,,,,,
adityahrdayam,आदित्यहृदयम्,sa,,,,suryastotrani,False,,,,CC0 1.0,TODO,ELIGIBLE_OPEN_EXPLICIT,CC0-1.0,True,True,True,8728,7567,b66de3f5d6d27842023dca405850e1c183d659f0e30845dd3b9a09a5b576aba7,c591c5ca09805d5ee5518944dada236df634bd464ad809de78714c2519411716,True,,False,False,0,0,30,62,0,0,0,,,,,
anyoktimuktalata,अन्योक्तिमुक्तालता,sa,,,shambu,shravyakavyani,False,,,,CC0 1.0,TODO,ELIGIBLE_OPEN_EXPLICIT,CC0-1.0,True,True,True,59090,54973,b0a598b4a68317f8d2095b8355111455a83dba684efa7bef70944c542a79d213,3f2bddae6ecbeb8b760463553835190fd3b2a880c90ea4074192bb0608d2df99,True,,False,False,0,0,108,432,0,0,0,,,,,
shivasaptatinamastotram,शिवसप्ततिनामस्तोत्रम्,sa,,,ganapatimuni,stotrani,False,,,,CC0 1.0,TODO,ELIGIBLE_OPEN_EXPLICIT,CC0-1.0,True,True,True,2826,2200,3975131d2d00f9aa9935d600b748b18e920d5234983a007ea3a4dc08ed8db2f1,9f3faef5c28a39db553dca60ae9e3b58b7229964a9090e0f3afa938cc1647feb,True,,False,False,0,0,8,16,0,0,0,,,,,
karnabharam,कर्णभारम्,sa,p1,,bhasa,drshyakavyani,False,,,,CC0 1.0,,ELIGIBLE_OPEN_EXPLICIT,CC0-1.0,True,True,True,30814,25331,4bdbf16b654f4030a28368d0e137d469ad1422baf120133af1b1691e956da82f,3f6a2fec9b40a30c7a6dce5ac1f8a67e1bb7ab5991f6ed31ba115b5f9fb7b791,True,karnabharam,True,True,1,1,23,82,99,11,0,all,all,,,
indrasahasre-katakshastabaka,इन्द्रसहस्रे कटाक्षस्तबकः,sa,,,ganapatimuni,stotrani,False,,,,CC0 1.0,,ELIGIBLE_OPEN_EXPLICIT,CC0-1.0,True,True,True,5366,4748,5c6f51935550ecb2975f746388215b127c3515f37d54524fd2407b2360704b9f,b92d6f7efd9bd4aaea9101d437ac4e079957be6698f707c9cea0b335aa1d8848,True,indrasahasre-katakshastabaka,True,True,1,1,24,48,0,1,0,all,all,,,
urubhangam,ऊरुभङ्गम्,sa,p1,,bhasa,drshyakavyani,False,,,,CC0 1.0,,ELIGIBLE_OPEN_EXPLICIT,CC0-1.0,True,True,True,65528,54746,b026d5d0ed4b2ef457f2606016baf71abb85dac5fe4445d826301c59ab5d74cd,ed3a86d61ac994533892d39f7cafea405ffd922531e45a651f26c62e64cd0c9a,True,urubhangam,True,True,1,1,70,224,164,19,0,all,all,,,
dutavakyam,दूतवाक्यम्,sa,p1,,bhasa,drshyakavyani,False,,,,CC0 1.0,,ELIGIBLE_OPEN_EXPLICIT,CC0-1.0,True,True,True,49523,45540,33bb1c79ebd6513d7c77868d91262cce4583ad69ed2fa358409687dad4b748a1,45b3cd649a492bf0be57e538e41adb2fd947a39f075f3269f95ce1935ec47337,True,dutavakyam,True,True,1,1,51,147,123,1,0,all,all,,,
dutaghatotkacam,दूतघटोत्कचम्,sa,p1,,bhasa,drshyakavyani,False,,,,CC0 1.0,,ELIGIBLE_OPEN_EXPLICIT,CC0-1.0,True,True,True,50042,41967,6f3eda26f208dbb7e4016d8ee936a5a2ca939168f2d05dc95ef688d45aadef4b,1cb9782b59bd55de263be05d90b35e2d940539e1d949013f6762579c9702ce30,True,dutaghatotkacam,True,True,1,1,45,126,141,18,0,all,all,,,
madhyamavyayoga,मध्यमव्यायोगः,sa,p1,,bhasa,drshyakavyani,False,,,,CC0 1.0,,ELIGIBLE_OPEN_EXPLICIT,CC0-1.0,True,True,True,58370,46826,b0ba8281a7d1e9a2f551bf2181199c6eebc8e6fd8312cf7d5bb61f65d0787221,4aa44cdce7cc1dddfc261c0c972672110d21492d657ecceb6534ebbed3641a74,True,madhyamavyayoga,True,True,1,1,54,132,195,24,0,all,all,,,
ramagita,रामगीता,sa,p1,,ganapatimuni,stotrani,False,,,,CC0 1.0,,ELIGIBLE_OPEN_EXPLICIT,CC0-1.0,True,True,True,3200,2821,40d29b4effa727289f2bc0b5ae43cf0661dab0f38b8c4e38c5a62833e4b901a4,4fd455e754074469f439d00a89230f4efc3303d615b13b2d0e0a93a54de7568a,True,ramagita,True,True,1,1,9,18,0,1,0,all,all,,,
shivagitam,शिवगीतम्,sa,p1,,ganapatimuni,stotrani,False,,,,CC0 1.0,,ELIGIBLE_OPEN_EXPLICIT,CC0-1.0,True,True,True,5995,5302,968a626a7535cca77f1d43369e7e99ad2a601849504228b39da27af4fc08d167,d13495f67a37816fc22090fd573db4b6c716150996e5a4246df7b6b932974f11,True,shivagitam,True,True,1,1,25,50,0,1,0,all,all,,,
shriramanacatvarimshat,श्रीरमणचत्वारिंशत्,sa,p1,,ganapatimuni,stotrani,False,,,,CC0 1.0,,ELIGIBLE_OPEN_EXPLICIT,CC0-1.0,True,True,True,15637,14412,801a8052cf12c91f9e7ced8674b7a75ceadb78dcc0edbb1c9dfae3bfe3cf058b,7bd4c423092fed74413f7c9a994ba5582c0321825edcd73ba2fe9a64a41df147,True,shriramanacatvarimshat,True,True,1,1,42,120,0,1,0,all,all,,,
indravimshati,इन्द्रविंशतिः,sa,p1,,ganapatimuni,stotrani,False,,,,CC0 1.0,,ELIGIBLE_OPEN_EXPLICIT,CC0-1.0,True,True,True,4513,3914,d2138b49a1c2d658f4c416a0f71d21933fc71d27a4d9e779187ef0f3d55a8ba8,ddbcabbfc078b97b9dfbb64a51c66b7fddb3df2f5dd3f41632f98655f1e46341,True,indravimshati,True,True,1,1,20,40,0,1,0,all,all,,,
shripavanashtakam,श्रीपवनाष्टकम्,sa,p1,,ganapatimuni,stotrani,False,,,,CC0 1.0,,ELIGIBLE_OPEN_EXPLICIT,CC0-1.0,True,True,True,2774,2420,cc2de236cbda760890dda476d6bc215231bdc9054fd781f914af1b23ff603adf,c3ddb81149f7bb5f6b9b694cd5d6deefa4a9c1aa3f47e2c5b58736154fabfb44,True,shripavanashtakam,True,True,1,1,8,24,0,1,0,all,all,,,
shrinrsimhapancaratnam,श्रीनृसिंहपञ्चरत्नम्,sa,p1,,ganapatimuni,stotrani,False,,,,CC0 1.0,,ELIGIBLE_OPEN_EXPLICIT,CC0-1.0,True,True,True,2063,1794,a79d8ead3dca8ebca821d974f82f368f3fa27f208a5428014e10f7546b1d4a69,be7c1cbcc6102a3f9879c9303dd36c37a5eded5dfd86a846f3944cc354efa405,True,shrinrsimhapancaratnam,True,True,1,1,5,20,0,1,0,all,all,,,
shriyoganjaneyapancaratnam,श्रीयोगाञ्जनेयपञ्चरत्नम्,sa,p1,,ganapatimuni,stotrani,False,,,,CC0 1.0,,ELIGIBLE_OPEN_EXPLICIT,CC0-1.0,True,True,True,1684,1500,d225ed41d29d647db4c6ceeb84dc61c69d14de24672d0045e57a83ae849c09f9,5df1da40c694b75d3991d1b3af346345f01d260dc22f9c7b16d4d66813bf8f48,True,shriyoganjaneyapancaratnam,True,True,1,1,5,10,0,1,0,all,all,,,
shrikrshnaksharamalika,श्रीकृष्णाक्षरमालिका,sa,p1,,ganapatimuni,stotrani,False,,,,CC0 1.0,,ELIGIBLE_OPEN_EXPLICIT,CC0-1.0,True,True,True,17013,15633,1b2d4e1abc92e4485e90e51e6d6ae6117918ebe47029318ffef4d74249d07fca,39870719c8e87e21c5948ff91ef9398d948ac150c915ddcc850a1d43399e019d,True,shrikrshnaksharamalika,True,True,1,1,54,108,0,1,0,all,all,,,
shrivyasayogicaritam,श्रीव्यासयोगिचरितम्,सोमनाथः,p0,,,dvaitavedanta,False,,,,CC0 1.0,,ELIGIBLE_OPEN_EXPLICIT,CC0-1.0,True,True,True,282089,274267,6c6535b62803ce2943800d05cd82cf06003f80247158ab401f63f7693a14ef38,f9cf187eae463965beea86ab149e496db021ba9ffbb2962bb820aee0a7f886dc,True,shrivyasayogicaritam,True,True,1,1,211,670,112,1,0,all,all,,,
abhishekanatakam,अभिषेकनाटकम्,sa,p1,,bhasa,drshyakavyani,True,अभिषेकनाटकम्,Oriental Book Agency,1937,CC0 1.0,Distributed by Ambuda under a Creative Commons CC0 1.0 Universal Licence (public domain),ELIGIBLE_OPEN_EXPLICIT,CC0-1.0,True,True,True,189953,132221,dd9ad67cd0f9cd910fd83d33bc68f65e0298f8b2dd2d749a3dba88f00798f376,55e7132a4323fe2292d8066fc9e52ae40b8fcebee9ed65bb4ba80eba417c1d97,True,abhishekanatakam,True,True,6,6,158,432,500,1,0,1,6,,,
yogarajopanishat,योगराजोपनिषत्,sa,p1,,rshayah,anya-upanishadah,True,योगराजोपनिषत्,आड्यार्पुस्तकालयः,1938,CC0 1.0,Distributed by Ambuda under a Creative Commons CC0 1.0 Universal Licence (public domain),ELIGIBLE_OPEN_EXPLICIT,CC0-1.0,True,True,True,8737,6330,e7bac190323a71ada2a3821d58ee546c15bb3d307506b8ce228463438b50f697,bf10e5f3f30f8686e16f4384e47230bc0e70bce99483cc3cd4287f53b59e162a,True,yogarajopanishat,True,True,0,0,21,42,0,1,0,,,,,
advaitopanishat,अद्वैतोपनिषत्,sa,p1,,rshayah,anya-upanishadah,True,अद्वैतोपनिषत्,आड्यार्पुस्तकालयः,1938,CC0 1.0,Distributed by Ambuda under a Creative Commons CC0 1.0 Universal Licence (public domain),ELIGIBLE_OPEN_EXPLICIT,CC0-1.0,True,True,True,7547,6183,a3183c306d0bf86b8253f5bf1a943578fe1ee16aa28f67f1697d3cb3a0dfdd55,950ba3111246239f51640d0a709c060012039c2cbd138b58d369721e384b1398,True,advaitopanishat,True,True,0,0,0,0,1,1,0,,,,,
acamanopanishat,आचमनोपनिषत्,sa,p1,,rshayah,anya-upanishadah,True,आचमनोपनिषत्,आड्यार्पुस्तकालयः,1938,CC0 1.0,Distributed by Ambuda under a Creative Commons CC0 1.0 Universal Licence (public domain),ELIGIBLE_OPEN_EXPLICIT,CC0-1.0,True,True,True,4091,2800,7698ae390b491d1f2599705db7c9f407972751ba3beac8c382aeee57ed8fe6d6,7aa711bf419563e2d0a4f2e73e357aab4e6d7438619f6d46470fbb328a61feff,True,acamanopanishat,True,True,0,0,0,0,1,1,0,,,,,
atmapujopanishat,आत्मपूजोपनिषत्,sa,p1,,rshayah,anya-upanishadah,True,आत्मपूजोपनिषत्,,,CC0 1.0,Distributed by Ambuda under a Creative Commons CC0 1.0 Universal Licence (public domain),ELIGIBLE_OPEN_EXPLICIT,CC0-1.0,True,True,True,2974,2190,a6cce083a539b53c2b9bc8f7e654b84b3c113e3d24f3496800896d58859ae20c,2c898c770f17f7166804db2e941e3e335ebebc3db522e0d95f578756789e4aa3,True,atmapujopanishat,True,True,0,0,0,0,1,1,0,,,,,
arsheyopanishat,आर्षेयोपनिषत्,sa,p1,,rshayah,anya-upanishadah,True,आर्षेयोपनिषत्,आड्यार्पुस्तकालयः,1938,CC0 1.0,Distributed by Ambuda under a Creative Commons CC0 1.0 Universal Licence (public domain),ELIGIBLE_OPEN_EXPLICIT,CC0-1.0,True,True,True,13063,12043,b1fd07900b1dbb12818132500aee824b25c73e40c5f6b5f331e4c9681a2bc95d,2d672874b862ad68b86944db4a49d1cdd65f38c8a295472b3f18b83fa0cf6053,True,arsheyopanishat,True,True,0,0,3,5,10,1,0,,,,,
itihasopanishat,इतिहासोपनिषत्,sa,p1,,rshayah,anya-upanishadah,True,इतिहासोपनिषत्,आड्यार्पुस्तकालयः,1938,CC0 1.0,Distributed by Ambuda under a Creative Commons CC0 1.0 Universal Licence (public domain),ELIGIBLE_OPEN_EXPLICIT,CC0-1.0,True,True,True,35006,32023,2cb0f822d09bd9faaaa5693ddd7646769677ebf8bbe045525b87437d11c99d23,701f55a8d09b114768857d2ed1ac7d0ae299191fdad4dc0ad2be3e5ba5241e0d,True,itihasopanishat,True,True,0,0,87,175,12,1,0,,,,,
caturvedopanishat,चतुर्वेदोपनिषत्,sa,p1,,rshayah,anya-upanishadah,True,चतुर्वेदोपनिषत्,आड्यार्पुस्तकालयः,1938,CC0 1.0,Distributed by Ambuda under a Creative Commons CC0 1.0 Universal Licence (public domain),ELIGIBLE_OPEN_EXPLICIT,CC0-1.0,True,True,True,7100,6114,165696657fa8601fee5295fd4b015d689576d5896a39d151c3812c8e8fbec180,c69ef868cd918e9da00afa004d9812bed466edf1a187909ce4fb290ce3e8a354,True,caturvedopanishat,True,True,0,0,5,10,3,1,0,,,,,
cakshushopanishat,चाक्षुषोपनिषत्,sa,p1,,rshayah,anya-upanishadah,True,चाक्षुषोपनिषत्,आड्यार्पुस्तकालयः,1938,CC0 1.0,Distributed by Ambuda under a Creative Commons CC0 1.0 Universal Licence (public domain),ELIGIBLE_OPEN_EXPLICIT,CC0-1.0,True,True,True,5585,4636,5dafaaa8553dfa8093e45109387cb8077f7d650bcb658afe1086c5b8e954585e,cd1408c078384376041130107dee30f3463ec1c155f87c421638304b5d3a039b,True,cakshushopanishat,True,True,0,0,1,4,2,1,0,,,,,
chagaleyopanishat,छागलेयोपनिषत्,sa,p1,,rshayah,anya-upanishadah,True,छागलेयोपनिषत्,आड्यार्पुस्तकालयः,1938,CC0 1.0,Distributed by Ambuda under a Creative Commons CC0 1.0 Universal Licence (public domain),ELIGIBLE_OPEN_EXPLICIT,CC0-1.0,True,True,True,12045,11052,cb3996667bf96a5d70a7b98f51c5dbe3afba1856f36bde96512ea03b3a3a9425,07ded8abd992aa3d7b8965bc4743b5403a91f3a3f04a2e9fa762fab019fa2290,True,chagaleyopanishat,True,True,0,0,2,4,7,1,0,,,,,
turiyopanishat,तुरीयोपनिषत्,sa,p1,,rshayah,anya-upanishadah,True,तुरीयोपनिषत्,आड्यार्पुस्तकालयः,1938,CC0 1.0,Distributed by Ambuda under a Creative Commons CC0 1.0 Universal Licence (public domain),ELIGIBLE_OPEN_EXPLICIT,CC0-1.0,True,True,True,4863,3959,2f29ad4e7774102507f73db74f559b068397f3e6372c6aa693fe705ffc927352,5851965355e01c8e21b5f2b36809f69a3aacd553d486e43065d865a7dfae26a6,True,turiyopanishat,True,True,0,0,1,3,3,1,0,,,,,
dvayopanishat,द्वयोपनिषत्,sa,p1,,rshayah,anya-upanishadah,True,द्वयोपनिषत्,आड्यार्पुस्तकालयः,1938,CC0 1.0,Distributed by Ambuda under a Creative Commons CC0 1.0 Universal Licence (public domain),ELIGIBLE_OPEN_EXPLICIT,CC0-1.0,True,True,True,4001,3000,51656045374a28f88d0e5cbe95b11b01ddbf67e77f66c545bb86ab12a9ea666f,3bfdf5683a437ffae71d8cf1d7a8bb7ea7489aaddd31ededd6cd6bf301481cad,True,dvayopanishat,True,True,0,0,6,12,2,1,0,,,,,
niruktopanishat,निरुक्तोपनिषत्,sa,p1,,rshayah,anya-upanishadah,True,निरुक्तोपनिषत्,आड्यार्पुस्तकालयः,1938,CC0 1.0,Distributed by Ambuda under a Creative Commons CC0 1.0 Universal Licence (public domain),ELIGIBLE_OPEN_EXPLICIT,CC0-1.0,True,True,True,7356,6381,3074ba7b800c3dd3ed1d8148f7e26e28f61593c7c117623ccb36e8ad956366d3,ab910ce53d2b2a789f359834d9b0418c76067be91d57bd2f0b8ddd0fc64c588c,True,niruktopanishat,True,True,0,0,3,6,5,1,0,,,,,
pindopanishat,पिण्डोपनिषत्,sa,p1,,rshayah,anya-upanishadah,True,पिण्डोपनिषत्,आड्यार्पुस्तकालयः,1938,CC0 1.0,Distributed by Ambuda under a Creative Commons CC0 1.0 Universal Licence (public domain),ELIGIBLE_OPEN_EXPLICIT,CC0-1.0,True,True,True,3793,2756,1f52b63dade7d67b841083112d4569ba01855624bb3e93a8d46b56ebc3a00a21,b5067d41d12ddc05e5038ea052c90b70beccc2d089b514dee446a79812ae51bb,True,pindopanishat,True,True,0,0,8,17,0,1,0,,,,,
pranavopanishat,प्रणवोपनिषत्,sa,p1,,rshayah,anya-upanishadah,True,प्रणवोपनिषत्,आड्यार्पुस्तकालयः,1938,CC0 1.0,Distributed by Ambuda under a Creative Commons CC0 1.0 Universal Licence (public domain),ELIGIBLE_OPEN_EXPLICIT,CC0-1.0,True,True,True,5401,4253,657c3bbaea6b344a306a561cfa5ca4ffd840f0656d4a31ae8c5ea3e191fa39d0,c0ecb2cf576008e7515b1e155b80ab9d765305ce6a6fde252fcc6ee22f866df0,True,pranavopanishat,True,True,0,0,13,26,1,1,0,,,,,
urdhvapundropanishat,ऊर्ध्वपुण्ड्रोपनिषत्,sa,p1,,rshayah,anya-upanishadah,True,ऊर्ध्वपुण्ड्रोपनिषत्,आड्यार्पुस्तकालयः,1938,CC0 1.0,Distributed by Ambuda under a Creative Commons CC0 1.0 Universal Licence (public domain),ELIGIBLE_OPEN_EXPLICIT,CC0-1.0,True,True,True,6495,5553,59642feba662df217fbe5474b557b607d32f9bea80459e9a1dda9e53a1b3905a,868a776541c93c73f2b38c73f3271b0dfa62c8a545c78020cb8b7d9f1eec54dd,True,urdhvapundropanishat,True,True,0,0,3,6,3,1,0,,,,,
katyayanopanishat,कात्यायनोपनिषत्,sa,p1,,rshayah,anya-upanishadah,True,कात्यायनोपनिषत्,आड्यार्पुस्तकालयः,1938,CC0 1.0,Distributed by Ambuda under a Creative Commons CC0 1.0 Universal Licence (public domain),ELIGIBLE_OPEN_EXPLICIT,CC0-1.0,True,True,True,4853,3979,9adf2fc7db1a8c9dbd385bcfb222210fe57f84e7631768a2189e9a724e1abdde,f3c2990829e23894a512a67fa80a41f4ce5e6b608021da73e9485bb09fb89b0b,True,katyayanopanishat,True,True,0,0,0,0,1,1,0,,,,,
gopicandanopanishat,गोपीचन्दनोपनिषत्,sa,p1,,rshayah,anya-upanishadah,True,गोपीचन्दनोपनिषत्,आड्यार्पुस्तकालयः,1938,CC0 1.0,Distributed by Ambuda under a Creative Commons CC0 1.0 Universal Licence (public domain),ELIGIBLE_OPEN_EXPLICIT,CC0-1.0,True,True,True,16636,15158,364418e115e7c84ee392fcae18559bc95d3ceabe194cea2e933ab77433758e09,cb9d4c23f2f6e87db8ea3a65148516580c4bb1b8d376e7b6936c19e6b4de4bd3,True,gopicandanopanishat,True,True,0,0,22,45,9,1,0,,,,,
tulasyupanishat,तुलस्युपनिषत्,sa,p1,,rshayah,anya-upanishadah,True,तुलस्युपनिषत्,आड्यार्पुस्तकालयः,1938,CC0 1.0,Distributed by Ambuda under a Creative Commons CC0 1.0 Universal Licence (public domain),ELIGIBLE_OPEN_EXPLICIT,CC0-1.0,True,True,True,8474,7274,60d1e275502be2e6c1f42256318148eb04656ce3347b8744eeb83ce1faf9a44f,625f54f484b9b670f746860475a3df0cd247955139abc7fb7a3c1201624c7859,True,tulasyupanishat,True,True,0,0,14,28,2,1,0,,,,,
naradopanishat,नारदोपनिषत्,sa,p1,,rshayah,anya-upanishadah,True,नारदोपनिषत्,आड्यार्पुस्तकालयः,1938,CC0 1.0,Distributed by Ambuda under a Creative Commons CC0 1.0 Universal Licence (public domain),ELIGIBLE_OPEN_EXPLICIT,CC0-1.0,True,True,True,3931,3048,e093338d8d6ccbc0cb534e36b0f8dbb4e866b24601824663c2c295a46664494d,305d7b7362565e3e9475488d22fcf60fcf950ab9ed99c75018a3e2e9e85eec8d,True,naradopanishat,True,True,0,0,0,0,1,1,0,,,,,
svasamvedyopanishat,स्वसंवेद्योपनिषत्,sa,p1,,rshayah,anya-upanishadah,True,स्वसंवेद्योपनिषत्,आड्यार्पुस्तकालयः,1938,CC0 1.0,Distributed by Ambuda under a Creative Commons CC0 1.0 Universal Licence (public domain),ELIGIBLE_OPEN_EXPLICIT,CC0-1.0,True,True,True,8047,7152,1df79a1875b916c29472eca83b5e5f0e635874fb11eb81ceb0047654913a7340,daed9864c2f28f3b6346f2710365ae95d762d84d34c9184a2e5f1916533c5859,True,svasamvedyopanishat,True,True,0,0,0,0,4,1,0,,,,,
nrsimhashatcakropanishat,नृसिंहषट्चक्रोपनिषत्,sa,p1,,rshayah,anya-upanishadah,True,नृसिंहषट्चक्रोपनिषत्,आड्यार्पुस्तकालयः,1938,CC0 1.0,Distributed by Ambuda under a Creative Commons CC0 1.0 Universal Licence (public domain),ELIGIBLE_OPEN_EXPLICIT,CC0-1.0,True,True,True,8818,7843,92ceaf55811fd473fbebc15de9de87655b1fa8524e10d442af15813de29a4ece,a81efaea917832e024f7d91e4429386117d11d3de2994ff20810263adf14f7a4,True,nrsimhashatcakropanishat,True,True,0,0,0,0,8,1,0,,,,,
herambopanishat,हेरम्बोपनिषत्,sa,p1,,rshayah,anya-upanishadah,True,हेरम्बोपनिषत्,आड्यार्पुस्तकालयः,1938,CC0 1.0,Distributed by Ambuda under a Creative Commons CC0 1.0 Universal Licence (public domain),ELIGIBLE_OPEN_EXPLICIT,CC0-1.0,True,True,True,7539,6349,c8a0a165cfd1b1687013657576244d99823671b93c99063dc284fd37ba7437b4,fb698dcdbaff48074d0d022549e61325831b3ce32305d02493049f1618530c10,True,herambopanishat,True,True,0,0,14,29,3,1,0,,,,,
allopanishat,अल्लोपनिषत्,sa,p1,,rshayah,anya-upanishadah,True,अल्लोपनिषत्,आड्यार्पुस्तकालयः,1938,CC0 1.0,Distributed by Ambuda under a Creative Commons CC0 1.0 Universal Licence (public domain),ELIGIBLE_OPEN_EXPLICIT,CC0-1.0,True,True,True,5546,4610,76eb2d83e9963c669aebc091ad3d29cfc261a0f0dc638d316bac1c1323918c71,c82d8b4838fd91b825e1f25fd380d98b9d7c117cc6af1b24123dff893ef254c6,True,allopanishat,True,True,0,0,0,0,3,1,0,,,,,
kamarajakilitoddharopanishat,कामराजकीलितोद्धारोपनिषत्,sa,p1,,rshayah,anya-upanishadah,True,कामराजकीलितोद्धारोपनिषत्,आड्यार्पुस्तकालयः,1938,CC0 1.0,Distributed by Ambuda under a Creative Commons CC0 1.0 Universal Licence (public domain),ELIGIBLE_OPEN_EXPLICIT,CC0-1.0,True,True,True,6050,5175,4e13bfb69049ec3ee2a87ff08bea6d403eeff477c90b7889a46c707145dd859e,bc664f40d250e1c5b815f01bf42ab6c86e274e87a7749a93a6d8c315043103cb,True,kamarajakilitoddharopanishat,True,True,0,0,0,0,5,1,0,,,,,
yajnopavitopanishat,यज्ञोपवीतोपनिषत्,sa,p1,,rshayah,anya-upanishadah,True,यज्ञोपवीतोपनिषत्,आड्यार्पुस्तकालयः,1938,CC0 1.0,Distributed by Ambuda under a Creative Commons CC0 1.0 Universal Licence (public domain),ELIGIBLE_OPEN_EXPLICIT,CC0-1.0,True,True,True,3464,2541,75fab43c87a71fe65bd3186478ee93acb6a15d760c955e5889d7941e8cf2f0f5,162d9d8ba61c3fa12d5354f867be6f4901eefdaae04d409070bb8c8f5083fda9,True,yajnopavitopanishat,True,True,0,0,3,4,2,1,0,,,,,
mrtyulangulopanishat,मृत्युलाङ्गूलोपनिषत्,sa,p1,,rshayah,anya-upanishadah,True,मृत्युलाङ्गूलोपनिषत्,आड्यार्पुस्तकालयः,1938,CC0 1.0,Distributed by Ambuda under a Creative Commons CC0 1.0 Universal Licence (public domain),ELIGIBLE_OPEN_EXPLICIT,CC0-1.0,True,True,True,4836,3892,ab658908f1cc6f08339ed61a743874c2b5d5d05e8ebae2faba3a95e1b2392035,28617e94ffb080dc8e4ea02282e3e9f560cac4279137f70722fa0550d2aa11cd,True,mrtyulangulopanishat,True,True,0,0,4,7,1,1,0,,,,,
rudropanishat,रुद्रोपनिषत्,sa,p1,,rshayah,anya-upanishadah,True,रुद्रोपनिषत्,आड्यार्पुस्तकालयः,1938,CC0 1.0,Distributed by Ambuda under a Creative Commons CC0 1.0 Universal Licence (public domain),ELIGIBLE_OPEN_EXPLICIT,CC0-1.0,True,True,True,6963,6053,a822c59ac72bc2980c8a76cc67c7117727713b7538d41cdb5ca5e95c95fa8d90,506ea008d9243c4f76ee1617f185b03ca6395e1cc2c9d78cbaf8c5fefcf0af91,True,rudropanishat,True,True,0,0,0,0,3,1,0,,,,,
lingopanishat,लिङ्गोपनिषत्,sa,p1,,rshayah,anya-upanishadah,True,लिङ्गोपनिषत्,आड्यार्पुस्तकालयः,1938,CC0 1.0,Distributed by Ambuda under a Creative Commons CC0 1.0 Universal Licence (public domain),ELIGIBLE_OPEN_EXPLICIT,CC0-1.0,True,True,True,11967,10618,cbdd59ee71cafee29ca9e58b0c1b291ed5561c89b065cf1c5d7d187537e16c02,0f9dd0f34edb1099aac76c8fcae500d788888efb0548246b7ad7d40dd641854a,True,lingopanishat,True,True,0,0,0,0,4,1,0,,,,,
vajrapanjaropanishat,वज्रपञ्जरोपनिषत्,sa,p1,,rshayah,anya-upanishadah,True,वज्रपञ्जरोपनिषत्,आड्यार्पुस्तकालयः,1938,CC0 1.0,Distributed by Ambuda under a Creative Commons CC0 1.0 Universal Licence (public domain),ELIGIBLE_OPEN_EXPLICIT,CC0-1.0,True,True,True,8027,6421,86835c549efc1ce940bcb9294c89b3b7493aa361d5cd9e7fd1615a33db64dd92,69cd04d3f61f7f7f723590f0fea47c7c8645a37e7e6d9ecdefe292c2a5ef1d8c,True,vajrapanjaropanishat,True,True,0,0,3,8,6,1,0,,,,,
pranavopanishat-2,प्रणवोपनिषत्,sa,p1,,rshayah,anya-upanishadah,True,प्रणवोपनिषत्,आड्यार्पुस्तकालयः,1938,CC0 1.0,Distributed by Ambuda under a Creative Commons CC0 1.0 Universal Licence (public domain),ELIGIBLE_OPEN_EXPLICIT,CC0-1.0,True,True,True,23174,21697,2494de9e01e575cdd7f274662807ab2e4dcd64cba2d92dbd24866436fb6abc74,85240158bad160303938721b5ef54e2e23d4b65a6e7c61caf01c0cd6a73c8380,True,pranavopanishat-2,True,True,0,0,1,2,7,1,0,,,,,
bashkalamantropanishat,बाष्कलमन्त्रोपनिषत्,sa,p1,,rshayah,anya-upanishadah,True,बाष्कलमन्त्रोपनिषत्,आड्यार्पुस्तकालयः,1938,CC0 1.0,Distributed by Ambuda under a Creative Commons CC0 1.0 Universal Licence (public domain),ELIGIBLE_OPEN_EXPLICIT,CC0-1.0,True,True,True,11042,8408,de934afce8136842c82d9ef0e4b6cd0da5bb57c0578f88b08d830b6906b7cec8,03186f76933e1c41cc9c23a0811c777300fa55fca7c804377f2f4407e248c836,True,bashkalamantropanishat,True,True,0,0,25,52,0,1,0,,,,,
sadandopanishat,सदानन्दोपनिषत्,sa,p1,,rshayah,anya-upanishadah,True,सदानन्दोपनिषत्,आड्यार्पुस्तकालयः,1938,CC0 1.0,Distributed by Ambuda under a Creative Commons CC0 1.0 Universal Licence (public domain),ELIGIBLE_OPEN_EXPLICIT,CC0-1.0,True,True,True,7817,5866,ead7fe0da5ae190c58e8ff1c68908945fc5842f1cb7f02195887ffab829a9107,353e814fcb02c672fc44868789142b9ec6e23742aa631b72a0215bcb94e5cc73,True,sadandopanishat,True,True,0,0,10,24,6,1,0,,,,,
shricakropanishat,श्रीचक्रोपनिषत्,sa,p1,,rshayah,anya-upanishadah,True,श्रीचक्रोपनिषत्,आड्यार्पुस्तकालयः,1938,CC0 1.0,Distributed by Ambuda under a Creative Commons CC0 1.0 Universal Licence (public domain),ELIGIBLE_OPEN_EXPLICIT,CC0-1.0,True,True,True,4384,3035,68533d3aef95731ce91846407ec78b90da1368b077b1eb231ae4f42ddb21fe4b,01950bf49cdf7786566512619ab24046648b542cb19fb9dcb0ddcfe6106e86cf,True,shricakropanishat,True,True,0,0,1,2,2,1,0,,,,,
kalikopanishat,कालिकोपनिषत्,sa,p1,,rshayah,anya-upanishadah,True,कालिकोपनिषत्,आड्यार्पुस्तकालयः,1938,CC0 1.0,Distributed by Ambuda under a Creative Commons CC0 1.0 Universal Licence (public domain),ELIGIBLE_OPEN_EXPLICIT,CC0-1.0,True,True,True,12055,10448,a76c46d0a123267f1d2062d2a3d040223685d850ec143fcc996658f1e4dc3381,4e7390339faadb060a7685592f9aca11020f8207bfaf43003b2a5f3b4471a60d,True,kalikopanishat,True,True,0,0,5,10,5,1,0,,,,,
atharvanadvitiyopanishat,आथर्वणद्वितीयोपनिषत्,sa,p1,,rshayah,anya-upanishadah,True,आथर्वणद्वितीयोपनिषत्,आड्यार्पुस्तकालयः,1938,CC0 1.0,Distributed by Ambuda under a Creative Commons CC0 1.0 Universal Licence (public domain),ELIGIBLE_OPEN_EXPLICIT,CC0-1.0,True,True,True,28926,27371,da610226e22e06e29658ddfb594a51b5044ce85c0b65a14b84dd1498735051a8,f219dc713a7dedfaaf954524f9a2445e9614db4f3344dee92802ed43e526761b,True,atharvanadvitiyopanishat,True,True,0,0,1,1,2,1,0,,,,,
kalimedhadikshitopanishat,कालीमेधादीक्षितोपनिषत्,sa,p1,,rshayah,anya-upanishadah,True,कालीमेधादीक्षितोपनिषत्,आड्यार्पुस्तकालयः,1938,CC0 1.0,Distributed by Ambuda under a Creative Commons CC0 1.0 Universal Licence (public domain),ELIGIBLE_OPEN_EXPLICIT,CC0-1.0,True,True,True,5542,4274,3c94b948c4d3587d1fe8510343b0adafe290ac3954955f2f64807179ba04cecd,1fc774270e38c3c2ef0bcb25687230ec24a3510a6a338925fa3198ee5928e94e,True,kalimedhadikshitopanishat,True,True,0,0,0,0,1,1,0,,,,,
pitambaropanishat,पीताम्बरोपनिषत्,sa,p1,,rshayah,anya-upanishadah,True,पीताम्बरोपनिषत्,आड्यार्पुस्तकालयः,1938,CC0 1.0,Distributed by Ambuda under a Creative Commons CC0 1.0 Universal Licence (public domain),ELIGIBLE_OPEN_EXPLICIT,CC0-1.0,True,True,True,7834,6534,73783a525bca408efa9646536a9cbb628f1eafefbc7914223fd4e254768ccd84,e170e82556ed760e1ce24f1aacb89875226ec272759e1caec27d05a7ba2c4d3a,True,pitambaropanishat,True,True,0,0,0,0,1,1,0,,,,,
shodhopanishat,षोढोपनिषत्,sa,p1,,rshayah,anya-upanishadah,True,षोढोपनिषत्,आड्यार्पुस्तकालयः,1938,CC0 1.0,Distributed by Ambuda under a Creative Commons CC0 1.0 Universal Licence (public domain),ELIGIBLE_OPEN_EXPLICIT,CC0-1.0,True,True,True,6370,5089,02cf47f7a8ea26f7409a768125887b67a6368c9d94418b33c4b1c7e67d815637,6c3aab5d7f26e582335c186ecf27c48f78dc8a3b6d1971dfdadf3766f615b38d,True,shodhopanishat,True,True,0,0,0,0,1,1,0,,,,,
sumukhyupanishat,सुमुख्युपनिषत्,sa,p1,,rshayah,anya-upanishadah,True,सुमुख्युपनिषत्,आड्यार्पुस्तकालयः,1938,CC0 1.0,Distributed by Ambuda under a Creative Commons CC0 1.0 Universal Licence (public domain),ELIGIBLE_OPEN_EXPLICIT,CC0-1.0,True,True,True,6066,4785,8159bca3539cbd5efb21f6cbeeb200f49ac29ac5e403b9ef61fe509e2c08421b,550c5c74377bfca1baed947ef8037c6d4577fd771b2fd50969f01b5296bcc99c,True,sumukhyupanishat,True,True,0,0,0,0,1,1,0,,,,,
hamsashodhopanishat,हंसषोढोपनिषत्,sa,p1,,rshayah,anya-upanishadah,True,हंसषोढोपनिषत्,आड्यार्पुस्तकालयः,1938,CC0 1.0,Distributed by Ambuda under a Creative Commons CC0 1.0 Universal Licence (public domain),ELIGIBLE_OPEN_EXPLICIT,CC0-1.0,True,True,True,5948,4667,363056785d078717336a4a2d36f8f365733374edc5a4f5795ba959c7d49e25ec,6768e78297f04d5ebd4c7cd841267fb26d21e606b67671e267a8b408b6703cd3,True,hamsashodhopanishat,True,True,0,0,0,0,1,1,0,,,,,
gayatryupanishat,गायत्र्युपनिषत्,sa,p1,,rshayah,anya-upanishadah,True,गायत्र्युपनिषत्,आड्यार्पुस्तकालयः,1938,CC0 1.0,Distributed by Ambuda under a Creative Commons CC0 1.0 Universal Licence (public domain),ELIGIBLE_OPEN_EXPLICIT,CC0-1.0,True,True,True,7361,6080,51eb3294bc694007e74a05fcf8717328dc11ffcc5ddd9800ace15deff27c6458,d79ca4c12ef041e088df038adbe62412ea9f846a19dd0a93a09bcdab0e71b581,True,gayatryupanishat,True,True,0,0,0,0,1,1,0,,,,,
gayatrirahasyopanishat,गायत्रीरहस्योपनिषत्,sa,p1,,rshayah,anya-upanishadah,True,गायत्रीरहस्योपनिषत्,आड्यार्पुस्तकालयः,1938,CC0 1.0,Distributed by Ambuda under a Creative Commons CC0 1.0 Universal Licence (public domain),ELIGIBLE_OPEN_EXPLICIT,CC0-1.0,True,True,True,18907,17570,e35a39e4bb148f1c2fcfba648446dbaba6749d3510568d3cd1c150728650755d,31975edd46a7b539b8c5a2d57feb779055ef19e72bb183a92c4e3eafb2e72c02,True,gayatrirahasyopanishat,True,True,0,0,0,0,5,1,0,,,,,
vishramopanishat,विश्रामोपनिषत्,sa,p1,,rshayah,anya-upanishadah,True,विश्रामोपनिषत्,आड्यार्पुस्तकालयः,1938,CC0 1.0,Distributed by Ambuda under a Creative Commons CC0 1.0 Universal Licence (public domain),ELIGIBLE_OPEN_EXPLICIT,CC0-1.0,True,True,True,5210,3362,dd206f68316c8d2d019f0a82ffd5cf27967a24cc28d575545a6c3409028c5a6f,5d5cfd25ded999080c814a2dd6753d27bd2bb99d1bf85f8742aa4fece6767c30,True,vishramopanishat,True,True,0,0,11,22,0,1,0,,,,,
shrikrshnapurushottamasiddhantopanishat,श्रीकृष्णपुरुषोत्तमसिद्धान्तोपनिषत्,sa,p1,,rshayah,anya-upanishadah,True,श्रीकृष्णपुरुषोत्तमसिद्धान्तोपनिषत्,आड्यार्पुस्तकालयः,1938,CC0 1.0,Distributed by Ambuda under a Creative Commons CC0 1.0 Universal Licence (public domain),ELIGIBLE_OPEN_EXPLICIT,CC0-1.0,True,True,True,7123,5675,7c2928654a251186a473d1407857a04515536bc859733598746d81261d200427,c65175f1ef0a1c1f6b78e03ab2534399e2b17349411ed8d0d2487650054b4cf6,True,shrikrshnapurushottamasiddhantopanishat,True,True,0,0,1,2,2,1,0,,,,,
radhopanishat,राधोपनिषत्,sa,p1,,rshayah,anya-upanishadah,True,राधोपनिषत्,आड्यार्पुस्तकालयः,1938,CC0 1.0,Distributed by Ambuda under a Creative Commons CC0 1.0 Universal Licence (public domain),ELIGIBLE_OPEN_EXPLICIT,CC0-1.0,True,True,True,21915,19761,66789f35bcde0c834bd8dc5e0c91f48fb014d21b3d448cb316d59d9c9412eeb6,8958ca0ed9ddae124f56d905d01a6572563bf7a476f0fcfb69e2250a65d3ce37,True,radhopanishat,True,True,4,4,2,5,7,1,0,1,4,,,
parayanopanishat,पारायणोपनिषत्,sa,p1,,rshayah,anya-upanishadah,True,पारायणोपनिषत्,आड्यार्पुस्तकालयः,1938,CC0 1.0,Distributed by Ambuda under a Creative Commons CC0 1.0 Universal Licence (public domain),ELIGIBLE_OPEN_EXPLICIT,CC0-1.0,True,True,True,5467,4186,af64bcc3bfbfd241311c5f8f234d6a9a6426dddc6cf48112e772d7df3cc54d47,cdff0feda54b724ee2aacd60e4ff515171109fc70d797493e17e6a8de67008fd,True,parayanopanishat,True,True,0,0,0,0,1,1,0,,,,,
bilvopanishat,बिल्वोपनिषत्,sa,p1,,rshayah,anya-upanishadah,True,बिल्वोपनिषत्,आड्यार्पुस्तकालयः,1938,CC0 1.0,Distributed by Ambuda under a Creative Commons CC0 1.0 Universal Licence (public domain),ELIGIBLE_OPEN_EXPLICIT,CC0-1.0,True,True,True,12569,9663,93fa1f1565c126d1fe73dbfae884f5ad702e14d67fd15fa8d9dfcac2c1791762,a2fe29d7e68cf43531560fa76ad746912509b7201a09864f5f13c06122e4ff88,True,bilvopanishat,True,True,0,0,29,60,4,1,0,,,,,
shyamopanishat,श्यामोपनिषत्,sa,p1,,rshayah,anya-upanishadah,True,श्यामोपनिषत्,आड्यार्पुस्तकालयः,1938,CC0 1.0,Distributed by Ambuda under a Creative Commons CC0 1.0 Universal Licence (public domain),ELIGIBLE_OPEN_EXPLICIT,CC0-1.0,True,True,True,6055,4774,318f1fe9cadef842eb75adc4d72017c719661a0c0f228db0f23912de7fc5024e,bc5495e221410d22571fcf3201ff3d94ba1fed01fe8c3b306389486928ba3fb5,True,shyamopanishat,True,True,0,0,0,0,1,1,0,,,,,
shrividyatarakopanishat,श्रीविद्यातारकोपनिषत्,sa,p1,,rshayah,anya-upanishadah,True,श्रीविद्यातारकोपनिषत्,आड्यार्पुस्तकालयः,1938,CC0 1.0,Distributed by Ambuda under a Creative Commons CC0 1.0 Universal Licence (public domain),ELIGIBLE_OPEN_EXPLICIT,CC0-1.0,True,True,True,10318,8380,a5e51a02339c747f765ff7f8954f15910f27c99ee35be14d6a0e5c3e6045c8d5,56b40f392124c7abe8c5c7b8db36948fc942953da5dde2eb7e496add6292f20e,True,shrividyatarakopanishat,True,True,4,4,4,8,7,1,0,1,4,,,
guhyashodhanyasopanishat,गुह्यषोढान्यासोपनिषत्,sa,p1,,rshayah,anya-upanishadah,True,गुह्यषोढान्यासोपनिषत्,आड्यार्पुस्तकालयः,1938,CC0 1.0,Distributed by Ambuda under a Creative Commons CC0 1.0 Universal Licence (public domain),ELIGIBLE_OPEN_EXPLICIT,CC0-1.0,True,True,True,6027,4746,8a241bc31e7f0bea01b708bc22fa022fd33f6a2e5b5c9b4f9836c893d16d6080,8e9aa0b4398dc97249b1896a108b670022c046f9fa86f0267a4e5fc3b43a0aed,True,guhyashodhanyasopanishat,True,True,0,0,0,0,1,1,0,,,,,
rajashyamalarahasyopanishat,राजश्यामलारहस्योपनिषत्,sa,p1,,rshayah,anya-upanishadah,True,राजश्यामलारहस्योपनिषत्,आड्यार्पुस्तकालयः,1938,CC0 1.0,Distributed by Ambuda under a Creative Commons CC0 1.0 Universal Licence (public domain),ELIGIBLE_OPEN_EXPLICIT,CC0-1.0,True,True,True,15771,14381,700fa97504a69550e7800bd4ab0e14ee9369703b617bb3b2d2d0812f7da694da,f7d834c6b68a8a1463574abc7f895287fd8f6e2e11536b4f3e02c550dcbd13b9,True,rajashyamalarahasyopanishat,True,True,0,0,1,2,4,1,0,,,,,
mathamnayopanishat,मठाम्नायोपनिषत्,sa,p1,,rshayah,anya-upanishadah,True,मठाम्नायोपनिषत्,आड्यार्पुस्तकालयः,1938,CC0 1.0,Distributed by Ambuda under a Creative Commons CC0 1.0 Universal Licence (public domain),ELIGIBLE_OPEN_EXPLICIT,CC0-1.0,True,True,True,10057,8562,0048732ecb85f784c4aaa800b61ab3273da9ec8c31ee97b93b96308523ed7a3d,895a9cc36a894bc9f9c30a2b848a4a1d283ae47e48237341de08835e48287bdc,True,mathamnayopanishat,True,True,0,0,1,2,8,1,0,,,,,
langulopanishat,लाङ्गूलोपनिषत्,sa,p1,,rshayah,anya-upanishadah,True,लाङ्गूलोपनिषत्,आड्यार्पुस्तकालयः,1938,CC0 1.0,Distributed by Ambuda under a Creative Commons CC0 1.0 Universal Licence (public domain),ELIGIBLE_OPEN_EXPLICIT,CC0-1.0,True,True,True,16385,14915,454518c0a169fae6b95b1b5d2305660bbe269566659cd9ade99ae9cdc8000381,4f323da3da00e8160d49c21bd1d73584351017fd4694864aba36b43f8c4ef495,True,langulopanishat,True,True,0,0,1,2,8,1,0,,,,,
sankarshanopanishat,सङ्कर्षणोपनिषत्,sa,p1,,rshayah,anya-upanishadah,True,सङ्कर्षणोपनिषत्,आड्यार्पुस्तकालयः,1938,CC0 1.0,Distributed by Ambuda under a Creative Commons CC0 1.0 Universal Licence (public domain),ELIGIBLE_OPEN_EXPLICIT,CC0-1.0,True,True,True,6625,5202,2868f9e0da8cfe3e7ef4e76e133ff25580a2b7558c1831bb7e1f1a19d501b741,681954f7261a4b40b9ed40499da7c94e96f3d66cb10b3a317cff7845a95f01eb,True,sankarshanopanishat,True,True,0,0,0,0,1,1,0,,,,,
sudarshanopanishat,सुदर्शनोपनिषत्,sa,p1,,rshayah,anya-upanishadah,True,सुदर्शनोपनिषत्,आड्यार्पुस्तकालयः,1938,CC0 1.0,Distributed by Ambuda under a Creative Commons CC0 1.0 Universal Licence (public domain),ELIGIBLE_OPEN_EXPLICIT,CC0-1.0,True,True,True,9836,7717,cf783c61dae76054eca5bb63eff7a5dabdcf59785736e268cac8875c32126c06,7b83bdcae5914edecba92843a7cd9ce615d71f7620d9fd13486aaf71a297b503,True,sudarshanopanishat,True,True,0,0,12,25,6,1,0,,,,,
mandukyopanishat,माण्डूक्योपनिषत्,sa,p1,,rshayah,mukhyopanishadah,True,माण्डूक्योपनिषत्,निर्णयसागर-मुद्रणालय,१९४८,CC0 1.0,Distributed by Ambuda under a Creative Commons CC0 1.0 Universal Licence (public domain),ELIGIBLE_OPEN_EXPLICIT,CC0-1.0,True,True,True,7780,6295,38a2b9e83d4c529e14cc5653bc3b2caa4f0558174b186ea0f8feb7674be56a2a,e35fdc3994b64c3bd63fd5e17bd85e3c5279d9c505fd6bc295c132e03ac9501e,True,mandukyopanishat,True,True,0,0,0,0,14,1,0,,,,,
shaunakopanishat,शौनकोपनिषत्,sa,p1,,rshayah,anya-upanishadah,True,शौनकोपनिषत्,आड्यार्पुस्तकालयः,1938,CC0 1.0,Distributed by Ambuda under a Creative Commons CC0 1.0 Universal Licence (public domain),ELIGIBLE_OPEN_EXPLICIT,CC0-1.0,True,True,True,13191,11684,ad3449643b2775742d20522823a615b926a88cfccc742c0dce9ccaeb261f2828,7f069ca8a3c50403debf7b7981b2bd7c3c62f009d5942625bf13d20fddbdc9e5,True,shaunakopanishat,True,True,0,0,2,6,6,1,0,,,,,
shivasankalpopanishat-vajasaneya,शिवसङ्कल्पोपनिषत्,sa,p1,,rshayah,anya-upanishadah,True,शिवसङ्कल्पोपनिषत्,आड्यार्पुस्तकालयः,1938,CC0 1.0,Distributed by Ambuda under a Creative Commons CC0 1.0 Universal Licence (public domain),ELIGIBLE_OPEN_EXPLICIT,CC0-1.0,True,True,True,4380,2802,06c98b37e35bce8ceb3fc7534c068f090c1d1949d77fd347d3da119aa57c318c,fadfa083658105140e57895270c607e286dbb7fa3a3bc475bfb78abf5cec5b39,True,shivasankalpopanishat-vajasaneya,True,True,0,0,6,12,0,1,0,,,,,
siddhantashikhopanishat,सिद्धान्तशिखोपनिषत्,sa,p1,,rshayah,anya-upanishadah,True,सिद्धान्तशिखोपनिषत्,आड्यार्पुस्तकालयः,1938,CC0 1.0,Distributed by Ambuda under a Creative Commons CC0 1.0 Universal Licence (public domain),ELIGIBLE_OPEN_EXPLICIT,CC0-1.0,True,True,True,15293,12528,9bdc0fc15594c909b8807a23f4e204ad8411ca77b19c5e42ddc4d0dcc2532439,757d917cb9d559d0f237d0fbfa0743f82593eb0e7249b7ba908c1c1907a484f7,True,siddhantashikhopanishat,True,True,0,0,25,57,4,1,0,,,,,
shivasankalpopanishat,शिवसङ्कल्पोपनिषत् (शिवसङ्कल्पमन्त्राः),sa,p1,,rshayah,anya-upanishadah,True,शिवसङ्कल्पोपनिषत् (शिवसङ्कल्पमन्त्राः),आड्यार्पुस्तकालयः,1938,CC0 1.0,Distributed by Ambuda under a Creative Commons CC0 1.0 Universal Licence (public domain),ELIGIBLE_OPEN_EXPLICIT,CC0-1.0,True,True,True,16459,12753,ffd8f7b9961dcf7f137a2854a2518aff7bd9f796241d5edea6fd9bc7d4166824,953d909b30addbf7dc0cb536af1d2e953b663f810224df0ed40da630f0a0018f,True,shivasankalpopanishat,True,True,0,0,37,98,0,1,0,,,,,
brahmabindupanishat,ब्रह्मबिन्दूपनिषत्,sa,p1,,rshayah,muktikopanishadah,True,ब्रह्मबिन्दूपनिषत्,निर्णयसागर-मुद्रणालय,१९४८,CC0 1.0,Distributed by Ambuda under a Creative Commons CC0 1.0 Universal Licence (public domain),ELIGIBLE_OPEN_EXPLICIT,CC0-1.0,True,True,True,8014,6683,ab9d07cb08e58686d745c606b24a5642087597e0b14101efa3c3e94fae1bb31b,d408b2bdac86fd4b9ab32a39bb9a1ebffc30c39294571ab375005e65abd29c9b,True,brahmabindupanishat,True,True,0,0,1,2,1,1,0,,,,,
kaivalyopanishat,कैवल्योपनिषत्,sa,p1,,rshayah,muktikopanishadah,True,कैवल्योपनिषत्,निर्णयसागर-मुद्रणालय,१९४८,CC0 1.0,Distributed by Ambuda under a Creative Commons CC0 1.0 Universal Licence (public domain),ELIGIBLE_OPEN_EXPLICIT,CC0-1.0,True,True,True,11082,9612,8ee4ff50ed1a0e40a0f86693faf8c7c3ad4015a4735370f2902254c4442f980d,56aec804732a3d0a8ab915e3d384268a7f90a41ab8d317eccadc44ecb03662d8,True,kaivalyopanishat,True,True,2,2,0,0,3,1,0,1,2,,,
jabalopanishat,जाबालोपनिषत्,sa,p1,,rshayah,muktikopanishadah,True,जाबालोपनिषत्,निर्णयसागर-मुद्रणालय,१९४८,CC0 1.0,Distributed by Ambuda under a Creative Commons CC0 1.0 Universal Licence (public domain),ELIGIBLE_OPEN_EXPLICIT,CC0-1.0,True,True,True,12985,11161,df9a6727c5b9a39aac87ee04ca65d2e35300d07e67bb477be3c3b2307e9b9ab3,8625f65ea8c34f8adab4b1b98f2abde3b5a197251c0efe21883342bf17019eb3,True,jabalopanishat,True,True,6,6,1,2,7,1,0,1,6,,,
hamsopanishat,हंसोपनिषत्,sa,p1,,rshayah,muktikopanishadah,True,हंसोपनिषत्,निर्णयसागर-मुद्रणालय,१९४८,CC0 1.0,Distributed by Ambuda under a Creative Commons CC0 1.0 Universal Licence (public domain),ELIGIBLE_OPEN_EXPLICIT,CC0-1.0,True,True,True,9130,7784,04ba66ef6c22b07f1e9445ed9ab6782ceae055e37444e5a1e6b2a0363adf8e7f,da538579200b6b1277f23c03f17bd8c4c773edf3d224eb8a1d6431d6012d07b9,True,hamsopanishat,True,True,0,0,1,2,3,1,0,,,,,
arunikopanishat,आरुणिकोपनिषत्,sa,p1,,rshayah,muktikopanishadah,True,आरुणिकोपनिषत्,निर्णयसागर-मुद्रणालय,१९४८,CC0 1.0,Distributed by Ambuda under a Creative Commons CC0 1.0 Universal Licence (public domain),ELIGIBLE_OPEN_EXPLICIT,CC0-1.0,True,True,True,8050,6705,249ed6478a4112af0a26450ffd30bc2b51f3e6b4a21109794a4854f6b2aff1d0,f1c488dd3f2c177b345461a923c06b7cb6c4498753a73b58edac05fa37dc0cee,True,arunikopanishat,True,True,0,0,1,2,2,1,0,,,,,
mantrikopanishat,मन्त्रिकोपनिषत्,sa,p1,,rshayah,muktikopanishadah,True,मन्त्रिकोपनिषत्,निर्णयसागर-मुद्रणालय,१९४८,CC0 1.0,Distributed by Ambuda under a Creative Commons CC0 1.0 Universal Licence (public domain),ELIGIBLE_OPEN_EXPLICIT,CC0-1.0,True,True,True,7686,6340,b7880c345de023f5c34f40435eaedb26a418a27ea81f4d8367a174eddb1a3f74,fd37cc6a30dfc68846babe2fe4ff827a06dbe0c5924d659d85c697deeea5722b,True,mantrikopanishat,True,True,0,0,1,2,3,1,0,,,,,
vajrasucikopanishat,वज्रसूचिकोपनिषत्,sa,p1,,rshayah,muktikopanishadah,True,वज्रसूचिकोपनिषत्,निर्णयसागर-मुद्रणालय,१९४८,CC0 1.0,Distributed by Ambuda under a Creative Commons CC0 1.0 Universal Licence (public domain),ELIGIBLE_OPEN_EXPLICIT,CC0-1.0,True,True,True,9011,7556,dcd1ada6c60ab0709c11dc94cadc976ca3faf4f775edc24a9136eeee53c4cce3,2a970e4f8272a41231937e3a2a1f1c7cb184d1dde3ffcf830a0d98aff326178a,True,vajrasucikopanishat,True,True,0,0,1,2,2,1,0,,,,,
kalisamtaranopanishat,कलिसंतरणोपनिषत्,sa,p1,,rshayah,muktikopanishadah,True,कलिसंतरणोपनिषत्,निर्णयसागर-मुद्रणालय,१९४८,CC0 1.0,Distributed by Ambuda under a Creative Commons CC0 1.0 Universal Licence (public domain),ELIGIBLE_OPEN_EXPLICIT,CC0-1.0,True,True,True,5191,3754,e70b961ff92803dfb3673e23de515a6287fd9dee77d4de1c41b9f98dc20aea59,6d8e695a1330d574de232c83706325af37a250ee3eecc5dac03e01793fa3cae9,True,kalisamtaranopanishat,True,True,0,0,2,4,4,1,0,,,,,
tripuropanishat,त्रिपुरोपनिषत्,sa,p1,,rshayah,muktikopanishadah,True,त्रिपुरोपनिषत्,निर्णयसागर-मुद्रणालय,१९४८,CC0 1.0,Distributed by Ambuda under a Creative Commons CC0 1.0 Universal Licence (public domain),ELIGIBLE_OPEN_EXPLICIT,CC0-1.0,True,True,True,7911,6355,139d74479bc9dd5d3fe312a110e9dbad7e9ed550fd26cd76f3ec0ee9ccbacc70,8ce9c008c2aa63ea90f8e2f2cc8c8318b63869ddbd932d491f25fb62c2800b4c,True,tripuropanishat,True,True,0,0,1,2,2,1,0,,,,,
narayanatharvashiraupanishat,नारायणाथर्वशिरउपनिषत्,sa,p1,,rshayah,muktikopanishadah,True,नारायणाथर्वशिरउपनिषत्,निर्णयसागर-मुद्रणालय,१९४८,CC0 1.0,Distributed by Ambuda under a Creative Commons CC0 1.0 Universal Licence (public domain),ELIGIBLE_OPEN_EXPLICIT,CC0-1.0,True,True,True,7795,6290,acfe9e1ca0adcead6d29936a68166b17f173c9820890c3be0e9b41b576a9addc,ee1ea547f24560e6bce8fdab8c08261c2706892ada7531011a88e44efc96268d,True,narayanatharvashiraupanishat,True,True,0,0,1,2,2,1,0,,,,,
devyupanishat,देव्युपनिषत्,sa,p1,,rshayah,muktikopanishadah,True,देव्युपनिषत्,निर्णयसागर-मुद्रणालय,१९४८,CC0 1.0,Distributed by Ambuda under a Creative Commons CC0 1.0 Universal Licence (public domain),ELIGIBLE_OPEN_EXPLICIT,CC0-1.0,True,True,True,13059,11624,944a1d38615413eebf08a73194c947d361a8cded0a44dea1010fdd11b4538761,082a715c0e9ae6be75c90044cd3009dfe5ba317a92a92ee10c75fb3977246356,True,devyupanishat,True,True,0,0,0,0,4,1,0,,,,,
ganeshapancaratnam,गणेशपञ्चरत्नम्,sa,p1,,adishankaracarya,ganeshastotrani,True,गणेशपञ्चरत्नम्,Sri Vani Vilas Press,1910,CC0 1.0,Distributed by Ambuda under a Creative Commons CC0 1.0 Universal Licence (public domain),ELIGIBLE_OPEN_EXPLICIT,CC0-1.0,True,True,True,4920,3266,f147f7f48419c44267f5d6fd637cc52a42996687c232d708b038507fb0d45929,026f50621c79f6038296b368dc6cb89e812878377f13d7ca93fb0bef1d4b122f,True,ganeshapancaratnam,True,True,0,0,6,24,0,1,0,,,,,
ganeshabhujangam,गणेशभुजंगम्,sa,p1,,adishankaracarya,ganeshastotrani,True,गणेशभुजंगम्,Sri Vani Vilas Press,1910,CC0 1.0,Distributed by Ambuda under a Creative Commons CC0 1.0 Universal Licence (public domain),ELIGIBLE_OPEN_EXPLICIT,CC0-1.0,True,True,True,5792,3886,ba83c59095f4c0c26ce2237c8eb8d1a5bab0ccb0d9b89d65e25ea6c6714a3561,a70609df633ed685f246b0f46b7ceac5d5e514ff5de8fb688759055d2c7b493d,True,ganeshabhujangam,True,True,0,0,9,36,0,1,0,,,,,
subrahmanyabhujangam,सुब्रह्मण्यभुजंगम्,sa,p1,,adishankaracarya,stotrani|subrahmanyastotrani,True,सुब्रह्मण्यभुजंगम्,Sri Vani Vilas Press,1910,CC0 1.0,Distributed by Ambuda under a Creative Commons CC0 1.0 Universal Licence (public domain),ELIGIBLE_OPEN_EXPLICIT,CC0-1.0,True,True,True,17207,13238,eae900193ffbadc7ee48dfcb5b0b6396850c9a12535267d7ea20282a5a54a72f,d1756a0a131393125750bf220183e796bad64f6aeeab0fb4c2a89e28930e94c7,True,subrahmanyabhujangam,True,True,0,0,33,132,0,1,0,,,,,
bhavanibhujangam,भवानीभुजंगम्,sa,p1,,adishankaracarya,stotrani|devistotrani,True,भवानीभुजंगम्,Sri Vani Vilas Press,1910,CC0 1.0,Distributed by Ambuda under a Creative Commons CC0 1.0 Universal Licence (public domain),ELIGIBLE_OPEN_EXPLICIT,CC0-1.0,True,True,True,10095,7491,278f9c6b41fd33cc3fb84a528257d44c4d19e0d7a756b110b29485343b492047,e3eca788d8be73e4c6ed33e6c22a2f08dc4851b6d555d7befba9622fc207cd7f,True,bhavanibhujangam,True,True,0,0,17,68,0,1,0,,,,,
gauridashakam,गौरीदशकम्,sa,p1,,adishankaracarya,stotrani|devistotrani,True,गौरीदशकम्,Sri Vani Vilas Press,1910,CC0 1.0,Distributed by Ambuda under a Creative Commons CC0 1.0 Universal Licence (public domain),ELIGIBLE_OPEN_EXPLICIT,CC0-1.0,True,True,True,7139,5065,11ad3f77db9989b7eb82d454d4d57c12dcf4738d3b0042ca74dd3d63b617dbf5,950f127d9527e9c6bc9100ab61b1abb6f4b44700cbca7874f8086ffb6bae55b1,True,gauridashakam,True,True,0,0,11,44,0,1,0,,,,,
vatukopanishat,वटुकोपनिषत्,sa,p1,,rshayah,anya-upanishadah,True,वटुकोपनिषत्,आड्यार्पुस्तकालयः,1938,CC0 1.0,Distributed by Ambuda under a Creative Commons CC0 1.0 Universal Licence (public domain),ELIGIBLE_OPEN_EXPLICIT,CC0-1.0,True,True,True,20473,17608,c861c0f9baea13e3a766be8e61395c8fe0c8d492a7ca87796be47ddcd97722cc,6028a399784e271aab0a750769991fc21e55280c2a24eb16d5e270019683893f,True,vatukopanishat,True,True,0,0,22,51,8,1,0,,,,,
suryatapinyupanishat,सूर्यतापिन्युपनिषत्,sa,p1,,rshayah,anya-upanishadah,True,सूर्यतापिन्युपनिषत्,आड्यार्पुस्तकालयः,1938,CC0 1.0,Distributed by Ambuda under a Creative Commons CC0 1.0 Universal Licence (public domain),ELIGIBLE_OPEN_EXPLICIT,CC0-1.0,True,True,True,25090,21938,31e6bf4c1ac6ca6bc7a15483f2d0330916f357276707894f80bd83a79575a4d1,e7050c2a8a9b710632cef54d750f87a4a804eb386bf51228c58b3ade0707dab6,True,suryatapinyupanishat,True,True,6,6,18,36,11,1,0,1,6,,,
lalitapancaratnam,ललितापञ्चरत्नम्,sa,p1,,adishankaracarya,stotrani|devistotrani,True,ललितापञ्चरत्नम्,Sri Vani Vilas Press,1910,CC0 1.0,Distributed by Ambuda under a Creative Commons CC0 1.0 Universal Licence (public domain),ELIGIBLE_OPEN_EXPLICIT,CC0-1.0,True,True,True,5177,3497,8e5efb9a4c0e13385d243925aa950d20ba975b6037b68abe2b6392e01e625ca9,ae2b742795d412a6eb9845a6058a4f1d3bf94a730e00dec2f3f273d37cb6d91f,True,lalitapancaratnam,True,True,0,0,6,24,0,1,0,,,,,
tripurasundaryashtakam,त्रिपुरसुन्दर्यष्टकम्,sa,p1,,adishankaracarya,stotrani|devistotrani,True,त्रिपुरसुन्दर्यष्टकम्,Sri Vani Vilas Press,1910,CC0 1.0,Distributed by Ambuda under a Creative Commons CC0 1.0 Universal Licence (public domain),ELIGIBLE_OPEN_EXPLICIT,CC0-1.0,True,True,True,6584,4736,b9a14a194ba7f9783a498d8ffd0f64cf0b90d86fce7cf1cf655ed4f04a9904fe,38c3fda07b12f538f77d96870cae35ff28d0a670f3bc97a0b441868c58a6c790,True,tripurasundaryashtakam,True,True,0,0,8,32,0,1,0,,,,,
shivanamavalyashtakam,शिवनामावल्यष्टकम्,sa,p1,,adishankaracarya,stotrani|shivastotrani,True,शिवनामावल्यष्टकम्,Sri Vani Vilas Press,1910,CC0 1.0,Distributed by Ambuda under a Creative Commons CC0 1.0 Universal Licence (public domain),ELIGIBLE_OPEN_EXPLICIT,CC0-1.0,True,True,True,6087,4155,aa008962642cefe2c50ea876b0915ed1677b793d2ca5582a981ed0fc28128632,a36a2b2312f0b9a9c1fc523265ddb510f54e11d042f2815746a0b2a29ac0c74c,True,shivanamavalyashtakam,True,True,0,0,9,36,0,1,0,,,,,
kalyanavrshtistavah,कल्याणवृष्टिस्तवः,sa,p1,,adishankaracarya,stotrani|devistotrani,True,कल्याणवृष्टिस्तवः,Sri Vani Vilas Press,1910,CC0 1.0,Distributed by Ambuda under a Creative Commons CC0 1.0 Universal Licence (public domain),ELIGIBLE_OPEN_EXPLICIT,CC0-1.0,True,True,True,9905,7385,4ff62c2045d2c57300c2a330d82bcacf4367fcc15d8ed663986b3400b1b78bc4,920378248e650cd2f3012fd3ccd27c5d7c536b986a515b28c5f2b760e7b40014,True,kalyanavrshtistavah,True,True,0,0,16,64,0,1,0,,,,,
navaratnamalika,नवरत्नमालिका,sa,p1,,adishankaracarya,stotrani|devistotrani,True,नवरत्नमालिका,Sri Vani Vilas Press,1910,CC0 1.0,Distributed by Ambuda under a Creative Commons CC0 1.0 Universal Licence (public domain),ELIGIBLE_OPEN_EXPLICIT,CC0-1.0,True,True,True,8039,5848,030d9629a6c46f5265f174063077d0288a00c90323e41207b77a62ef3c2e6e28,45578b034b102a18c8ab2046fb3e706a44cb6b9eafd7b3078bf2cc35a405ca79,True,navaratnamalika,True,True,0,0,10,40,0,1,0,,,,,
mantramatrkapushpamalastavah,मन्त्रमातृकापुष्पमालास्तवः,sa,p1,,adishankaracarya,stotrani|devistotrani,True,मन्त्रमातृकापुष्पमालास्तवः,Sri Vani Vilas Press,1910,CC0 1.0,Distributed by Ambuda under a Creative Commons CC0 1.0 Universal Licence (public domain),ELIGIBLE_OPEN_EXPLICIT,CC0-1.0,True,True,True,12860,10256,6294dfe3402cb579ac9da225d300f0e3b7cefb3947d5c69a5cf0082cb353a2d9,3424bdb54d9aa9b47f0af2413fa17cf1639b0b899c6cd0386e0c9991d149a281,True,mantramatrkapushpamalastavah,True,True,0,0,17,68,0,1,0,,,,,
shivapancaksharastotram,शिवपञ्चाक्षरस्तोत्रम्,sa,p1,,adishankaracarya,stotrani|shivastotrani,True,शिवपञ्चाक्षरस्तोत्रम्,Sri Vani Vilas Press,1910,CC0 1.0,Distributed by Ambuda under a Creative Commons CC0 1.0 Universal Licence (public domain),ELIGIBLE_OPEN_EXPLICIT,CC0-1.0,True,True,True,4298,2702,bec0871c2f79e91f98b93441b14ea67001b76236470487618b1a8d71b5ba3ac1,5789805d5ed9b7fb667b36a16794834de86ae1421136fe8a590f353a1be39487,True,shivapancaksharastotram,True,True,0,0,5,20,0,1,0,,,,,
umamaheshvarastotram,उमामहेश्वरस्तोत्रम्,sa,p1,,adishankaracarya,stotrani|shivastotrani,True,उमामहेश्वरस्तोत्रम्,Sri Vani Vilas Press,1910,CC0 1.0,Distributed by Ambuda under a Creative Commons CC0 1.0 Universal Licence (public domain),ELIGIBLE_OPEN_EXPLICIT,CC0-1.0,True,True,True,7821,5553,01c4fe04f6b9084f8d46eb76fda072a3b3374fc57f2afc8407f26bce7526fb62,118cacf0a9392a4844c8272e946bf323b5929b565db959477d7fd82b0a8c2fe9,True,umamaheshvarastotram,True,True,0,0,13,52,0,1,0,,,,,
shridakshinamurtyashtakam,श्रीदक्षिणामूर्त्यष्टकम्,sa,p1,,adishankaracarya,stotrani|shivastotrani,True,श्रीदक्षिणामूर्त्यष्टकम्,Sri Vani Vilas Press,1910,CC0 1.0,Distributed by Ambuda under a Creative Commons CC0 1.0 Universal Licence (public domain),ELIGIBLE_OPEN_EXPLICIT,CC0-1.0,True,True,True,8823,6807,80ba77d1583ea602bd6a53f4e079d4b115a9d6fcc4fe43d20c6ab3585958ac14,2ddac3174b1c9720673a69163101b7ef7437e34b4aa86b57458c0b72bcf6315c,True,shridakshinamurtyashtakam,True,True,0,0,10,40,0,1,0,,,,,
narayanapurvatapiniyopanishat,नारायणपूर्वतापिनीयोपनिषत्,sa,p1,,rshayah,anya-upanishadah,True,नारायणपूर्वतापिनीयोपनिषत्,आड्यार्पुस्तकालयः,1938,CC0 1.0,Distributed by Ambuda under a Creative Commons CC0 1.0 Universal Licence (public domain),ELIGIBLE_OPEN_EXPLICIT,CC0-1.0,True,True,True,28779,25214,02a86a234dd66ed0d141edcf0134b81bdd020325ed3d2d48aabef0a966983d7a,5fbf7265cbf10aa723e4e8c1c5175b89c88c6b00efada3b6a4d21ce3cc6518ba,True,narayanapurvatapiniyopanishat,True,True,6,6,21,44,19,1,0,1,6,,,
narayanottaratapiniyopanishat,नारायणोत्तरतापिनीयोपनिषत्,sa,p1,,rshayah,anya-upanishadah,True,नारायणोत्तरतापिनीयोपनिषत्,आड्यार्पुस्तकालयः,1938,CC0 1.0,Distributed by Ambuda under a Creative Commons CC0 1.0 Universal Licence (public domain),ELIGIBLE_OPEN_EXPLICIT,CC0-1.0,True,True,True,13324,10700,6e2e9e70067c0c9b6b952a9e274ae484389c38c120fe06dc143475d3cc608951,d5fc59b0669283318aab83aafcd2e52b9a7c0c0eda76b5a5c8931c5df6ab9f04,True,narayanottaratapiniyopanishat,True,True,3,3,16,33,8,1,0,1,3,,,
siddhantasaropanishat,सिद्धान्तसारोपनिषत्,sa,p1,,rshayah,anya-upanishadah,True,सिद्धान्तसारोपनिषत्,आड्यार्पुस्तकालयः,1938,CC0 1.0,Distributed by Ambuda under a Creative Commons CC0 1.0 Universal Licence (public domain),ELIGIBLE_OPEN_EXPLICIT,CC0-1.0,True,True,True,24775,22842,257170e74ea441d08a3247fc3ec34535943e4e351da5c0c96fe84f5ece1b4987,1d0fbbffe57d4a25d5b30ba21bffedc4bf96f52b52ce7ef9ddf9034a66fd5fc3,True,siddhantasaropanishat,True,True,6,6,0,0,8,1,0,1,6,,,
guhyakalyupanishat,गुह्यकाल्युपनिषत्,sa,p1,,rshayah,anya-upanishadah,True,गुह्यकाल्युपनिषत्,आड्यार्पुस्तकालयः,1938,CC0 1.0,Distributed by Ambuda under a Creative Commons CC0 1.0 Universal Licence (public domain),ELIGIBLE_OPEN_EXPLICIT,CC0-1.0,True,True,True,31433,24820,f66c7b32bd00b3e50feed2203af8081d35cd8ff6c852a27789c6b4c5ebef56b1,8fdf0b8306e2e607844b28ee1cb6f11eacd0a94bd3292b16ae162fa06eab1950,True,guhyakalyupanishat,True,True,0,0,84,221,2,1,0,,,,,
nilarudropanishat,नीलरुद्रोपनिषत्,sa,p1,,rshayah,anya-upanishadah,True,नीलरुद्रोपनिषत्,आड्यार्पुस्तकालयः,1938,CC0 1.0,Distributed by Ambuda under a Creative Commons CC0 1.0 Universal Licence (public domain),ELIGIBLE_OPEN_EXPLICIT,CC0-1.0,True,True,True,10184,7120,a803d1247b0d9d02a6cb29df1bcbd4dc850fb4572148f22abc01d4802b4f5418,0ce0bed48da6f6cb1ff3539bccd809da669ec18c39fd0138837484f947f9bf45,True,nilarudropanishat,True,True,3,3,23,46,2,1,0,1,3,,,
shivabhujangam,शिवभुजंगम्,sa,p1,,adishankaracarya,stotrani|shivastotrani,True,शिवभुजंगम्,Sri Vani Vilas Press,1910,CC0 1.0,Distributed by Ambuda under a Creative Commons CC0 1.0 Universal Licence (public domain),ELIGIBLE_OPEN_EXPLICIT,CC0-1.0,True,True,True,20110,15574,1fa971c153922baf554d0018903c9e134317dfd97877a90f75c3de445742d414,65fdd249ffc7f85766cd6ab567f9bd51bc79b9fa671c270af3b0d628966056bf,True,shivabhujangam,True,True,0,0,40,160,0,1,0,,,,,
hanumatpancaratnam,हनुमत्पञ्चरत्नम्,sa,p1,,adishankaracarya,stotrani,True,हनुमत्पञ्चरत्नम्,Sri Vani Vilas Press,1910,CC0 1.0,Distributed by Ambuda under a Creative Commons CC0 1.0 Universal Licence (public domain),ELIGIBLE_OPEN_EXPLICIT,CC0-1.0,True,True,True,4426,2746,803c0f16a2a98afbb4314955092be58280cbfa49a7ee70d0cc2a17290f7fae05,286b5e70807c5ea129ab1e2431e6cae8ae13680e130cce99fb06ce6390165d38,True,hanumatpancaratnam,True,True,0,0,6,24,0,1,0,,,,,
shriramabhujangaprayatastotram,श्रीरामभुजंगप्रयातस्तोत्रम्,sa,p1,,adishankaracarya,stotrani,True,श्रीरामभुजंगप्रयातस्तोत्रम्,Sri Vani Vilas Press,1910,CC0 1.0,Distributed by Ambuda under a Creative Commons CC0 1.0 Universal Licence (public domain),ELIGIBLE_OPEN_EXPLICIT,CC0-1.0,True,True,True,14945,11333,b1d4b7f7450cc33c0fe5bbf86ec7476a2b00465bdbbc4aa9cbb621d8b1eea17f,883f8302e33094f3ac6aa18dab2f43012994c3c5d966bc6fdbd5c91826ce273b,True,shriramabhujangaprayatastotram,True,True,0,0,29,116,0,1,0,,,,,
lakshminrsimhapancaratnam,लक्ष्मीनृसिंहपञ्चरत्नम्,sa,p1,,adishankaracarya,stotrani|vishnustotrani,True,लक्ष्मीनृसिंहपञ्चरत्नम्,Sri Vani Vilas Press,1910,CC0 1.0,Distributed by Ambuda under a Creative Commons CC0 1.0 Universal Licence (public domain),ELIGIBLE_OPEN_EXPLICIT,CC0-1.0,True,True,True,5356,3760,964278e06764317adf7852d6fdf0dd97f807041687c8c8ba42dcfd6374f213b4,a508479ed823d0fcbd1a16253629ca185b3568ac9300c0ac779b6a13c2486083,True,lakshminrsimhapancaratnam,True,True,0,0,5,20,0,1,0,,,,,
lakshminrsimhakarunarasastotram,लक्ष्मीनृसिंहकरुणारसस्तोत्रम्,sa,p1,,adishankaracarya,stotrani|vishnustotrani,True,लक्ष्मीनृसिंहकरुणारसस्तोत्रम्,Sri Vani Vilas Press,1910,CC0 1.0,Distributed by Ambuda under a Creative Commons CC0 1.0 Universal Licence (public domain),ELIGIBLE_OPEN_EXPLICIT,CC0-1.0,True,True,True,10110,7419,77856ca0796e8b10ae5230e7fa074dbbf3109e6572ea9896090e45657c84cdbb,a140da58a449df7c259a94006e6b9197ab25a0cb27b7ca7d04b03745726000e9,True,lakshminrsimhakarunarasastotram,True,True,0,0,17,68,0,1,0,,,,,
shrivishnubhujangaprayatastotram,श्रीविष्णुभुजंगप्रयातस्तोत्रम्,sa,p1,,adishankaracarya,stotrani|vishnustotrani,True,श्रीविष्णुभुजंगप्रयातस्तोत्रम्,Sri Vani Vilas Press,1910,CC0 1.0,Distributed by Ambuda under a Creative Commons CC0 1.0 Universal Licence (public domain),ELIGIBLE_OPEN_EXPLICIT,CC0-1.0,True,True,True,8689,6247,be3f084ad5ed89483d9ebf006d29f723d770c2d7235748ddc643ab8931662203,cb835f54d29b46e3fc357c70301edc47dde61f85a3da52fb2b954c90d44c6b1f,True,shrivishnubhujangaprayatastotram,True,True,0,0,14,56,0,1,0,,,,,
vishnupadadikeshantastotram,विष्णुपादादिकेशान्तस्तोत्रम्,sa,p1,,adishankaracarya,stotrani|vishnustotrani,True,विष्णुपादादिकेशान्तस्तोत्रम्,Sri Vani Vilas Press,1910,CC0 1.0,Distributed by Ambuda under a Creative Commons CC0 1.0 Universal Licence (public domain),ELIGIBLE_OPEN_EXPLICIT,CC0-1.0,True,True,True,37265,31544,b316db62e53dfde7e73aba82983d973803fdea50b810a47388e1a4edcd4cd032,a0b4df0839264d9c65bf8e0b0cca90f825728bcda8be89f7d32b7c3175639f96,True,vishnupadadikeshantastotram,True,True,0,0,52,208,0,1,0,,,,,
pandurangashtakam,पाण्डुरङ्गाष्टकम्,sa,p1,,adishankaracarya,stotrani|vishnustotrani,True,पाण्डुरङ्गाष्टकम्,Sri Vani Vilas Press,1910,CC0 1.0,Distributed by Ambuda under a Creative Commons CC0 1.0 Universal Licence (public domain),ELIGIBLE_OPEN_EXPLICIT,CC0-1.0,True,True,True,6334,4402,a56fb1cbd99195df4ebadb03026ca28d2c1f79a83c3cd89c38dd69f6dcedb1a8,932607d007137e58780325b49deee30e4d1afb7443d83a2498ff45e11e0916b0,True,pandurangashtakam,True,True,0,0,9,36,0,1,0,,,,,
acyutashtakam,अच्युताष्टकम्,sa,p0,,adishankaracarya,stotrani|vishnustotrani,True,अच्युताष्टकम्,Sri Vani Vilas Press,1910,CC0 1.0,Distributed by Ambuda under a Creative Commons CC0 1.0 Universal Licence (public domain),ELIGIBLE_OPEN_EXPLICIT,CC0-1.0,True,True,True,6180,4161,e073e1945ad7ba99b9de5661fdd573148051c569b0140075e440542f6b98bd13,710910c7e84752c36839866c13fefc249a092750d973ea1f52ec570d2eba8d51,True,acyutashtakam,True,True,0,0,9,36,0,1,0,,,,,
krshnashtakam,कृष्णाष्टकम्,sa,p1,,adishankaracarya,stotrani|vishnustotrani,True,कृष्णाष्टकम्,Sri Vani Vilas Press,1910,CC0 1.0,Distributed by Ambuda under a Creative Commons CC0 1.0 Universal Licence (public domain),ELIGIBLE_OPEN_EXPLICIT,CC0-1.0,True,True,True,6516,4668,acdd6344b29f3e3318bd28927d4a6afa0d462079c9c367b14c7f8922c20ed795,f3df1b08ddc768631d6ae8f552a96b273183130e14490b1f1a322a1f4a840acc,True,krshnashtakam,True,True,0,0,8,32,0,1,0,,,,,
haristuti,हरिस्तुतिः,sa,p1,,adishankaracarya,stotrani|vishnustotrani,True,हरिस्तुतिः,Sri Vani Vilas Press,1910,CC0 1.0,Distributed by Ambuda under a Creative Commons CC0 1.0 Universal Licence (public domain),ELIGIBLE_OPEN_EXPLICIT,CC0-1.0,True,True,True,23553,18746,63140b62fce121efddbc0727c6d867a41a9e8ff25b38f56d2071e5cd05d4de95,743546f490e02541ae9c89de13021f8856a2275927a4c781635f9f1bbbc1c58d,True,haristuti,True,True,0,0,43,172,0,1,0,,,,,
govindashtakam,गोविन्दाष्टकम्,sa,p1,,adishankaracarya,stotrani|vishnustotrani,True,गोविन्दाष्टकम्,Sri Vani Vilas Press,1910,CC0 1.0,Distributed by Ambuda under a Creative Commons CC0 1.0 Universal Licence (public domain),ELIGIBLE_OPEN_EXPLICIT,CC0-1.0,True,True,True,7484,5552,0e3fefa860e2ba807e3a4766016e845163dcbecd0974d6488d50eb83b59729ad,4433875d7e09694cad8c66dcd45be344787f2ec32a21c7c7e0d3754d1ecc03e0,True,govindashtakam,True,True,0,0,9,36,0,1,0,,,,,
bhagavanmanasapuja,भगवन्मानसपूजा,sa,p0,,adishankaracarya,stotrani|vishnustotrani,True,भगवन्मानसपूजा,Sri Vani Vilas Press,1910,CC0 1.0,Distributed by Ambuda under a Creative Commons CC0 1.0 Universal Licence (public domain),ELIGIBLE_OPEN_EXPLICIT,CC0-1.0,True,True,True,7549,5533,ebef3f96fde93d25e6c8086d3a13d89851edb92aebfe84dd22048b3626982020,aa7d478ef9660fe301517cd104b79985bd642d1f93f52ae43e168ef06c074b86,True,bhagavanmanasapuja,True,True,0,0,10,40,0,1,0,,,,,
mohamudgara,मोहमुद्गरः,sa,p0,,adishankaracarya,stotrani|vishnustotrani,True,मोहमुद्गरः,Sri Vani Vilas Press,1910,CC0 1.0,Distributed by Ambuda under a Creative Commons CC0 1.0 Universal Licence (public domain),ELIGIBLE_OPEN_EXPLICIT,CC0-1.0,True,True,True,13527,9747,7333a00e7644a72fd41dfde373e975a891bfbc2eb3b58e859651a15c29ec4148,6480e92451cb80843237dae380e1385cccc4c3d2fb2c6045e9827d63a6952e90,True,mohamudgara,True,True,0,0,31,124,0,1,0,,,,,
kanakadharastotram,कनकधारास्तोत्रम्,sa,p0,,adishankaracarya,stotrani,True,कनकधारास्तोत्रम्,Sri Vani Vilas Press,1910,CC0 1.0,Distributed by Ambuda under a Creative Commons CC0 1.0 Universal Licence (public domain),ELIGIBLE_OPEN_EXPLICIT,CC0-1.0,True,True,True,10328,7640,005765428480619f50d5dd17c5244efcb4dad8a70c568a2d3dd4aa4881caf612,35599b7959c4b5baf6679e87721d9468281e4dbfa435475bd826c70505846c00,True,kanakadharastotram,True,True,0,0,18,72,0,1,0,,,,,
annapurnashtakam,अन्नपूर्णाष्टकम्,sa,p1,,adishankaracarya,stotrani,True,अन्नपूर्णाष्टकम्,Sri Vani Vilas Press,1910,CC0 1.0,Distributed by Ambuda under a Creative Commons CC0 1.0 Universal Licence (public domain),ELIGIBLE_OPEN_EXPLICIT,CC0-1.0,True,True,True,9006,6726,ed9b250b34997bd46b1acd0ede4f033cb85cfc507ecf25faa0eb266bbc7b429c,31f19e283834585386baca2281b915e6132cefaf8e6d3d401722af4b341ad602,True,annapurnashtakam,True,True,0,0,12,48,0,1,0,,,,,
minakshipancaratnam,मीनाक्षीपञ्चरत्नम्,sa,p0,,adishankaracarya,stotrani,True,मीनाक्षीपञ्चरत्नम्,Sri Vani Vilas Press,1910,CC0 1.0,Distributed by Ambuda under a Creative Commons CC0 1.0 Universal Licence (public domain),ELIGIBLE_OPEN_EXPLICIT,CC0-1.0,True,True,True,5564,3968,f258e97758a7cfd556e95c88da4566364ddb9bd9d18077ae63408eccd904ead4,60e26dc45875d88be8b711702b9e4988e7dfac1cfa35f5167573ed6442e87892,True,minakshipancaratnam,True,True,0,0,5,20,0,1,0,,,,,
minakshistotram,मीनाक्षीस्तोत्रम्,sa,p0,,adishankaracarya,stotrani,True,मीनाक्षीस्तोत्रम्,Sri Vani Vilas Press,1910,CC0 1.0,Distributed by Ambuda under a Creative Commons CC0 1.0 Universal Licence (public domain),ELIGIBLE_OPEN_EXPLICIT,CC0-1.0,True,True,True,7074,5226,c11e423fe52bb6f44e926b47cbccca66692b5f5324c22f97d363ac66ce620519,0b7fa2fd71a2454870bdcb319811737a698a694dc0b3ce1286a54d866af411cd,True,minakshistotram,True,True,0,0,8,32,0,1,0,,,,,
dakshinamurtistotram,दक्षिणामूर्तिस्तोत्रम्,sa,p0,,adishankaracarya,stotrani,True,दक्षिणामूर्तिस्तोत्रम्,Sri Vani Vilas Press,1910,CC0 1.0,Distributed by Ambuda under a Creative Commons CC0 1.0 Universal Licence (public domain),ELIGIBLE_OPEN_EXPLICIT,CC0-1.0,True,True,True,9710,6938,9ca27dd2672853c7ad342c18dc7ae4db498b300214f0c28341e33b0545ee4cd0,954a4c3900fe2e259734bcf900c88dcf0e2c8489eaea820b9a3330670870ba44,True,dakshinamurtistotram,True,True,0,0,19,76,0,1,0,,,,,
kalabhairavashtakam,कालभैरवाष्टकम्,sa,p0,,adishankaracarya,stotrani,True,कालभैरवाष्टकम्,Sri Vani Vilas Press,1910,CC0 1.0,Distributed by Ambuda under a Creative Commons CC0 1.0 Universal Licence (public domain),ELIGIBLE_OPEN_EXPLICIT,CC0-1.0,True,True,True,6502,4570,c8252d727447c9e9439ac26be29aa5c6377b554124615ff7073623cdfeec8cd9,4f4c45b20949ea83541fbdf0ec45ba86f812c5a1ad3bef212b676134f6923046,True,kalabhairavashtakam,True,True,0,0,9,36,0,1,0,,,,,
narmadashtakam,नर्मदाष्टकम्,sa,p0,,adishankaracarya,stotrani,True,नर्मदाष्टकम्,Sri Vani Vilas Press,1910,CC0 1.0,Distributed by Ambuda under a Creative Commons CC0 1.0 Universal Licence (public domain),ELIGIBLE_OPEN_EXPLICIT,CC0-1.0,True,True,True,6664,4732,7698d8249abbedbebdf088fb9fc9ab470e57282a9a4a77d25362b78a436e5c8b,4237ca69b71799f849af3914b58914ebbe6f350f89f601959efce3df3f92c77e,True,narmadashtakam,True,True,0,0,9,36,0,1,0,,,,,
yamunashtakam-1,यमुनाष्टकम् (१),sa,p1,,adishankaracarya,stotrani,True,यमुनाष्टकम् (१),Sri Vani Vilas Press,1910,CC0 1.0,Distributed by Ambuda under a Creative Commons CC0 1.0 Universal Licence (public domain),ELIGIBLE_OPEN_EXPLICIT,CC0-1.0,True,True,True,6181,4312,57c4bca478732af995668acf9472513d0d845f7e1d8d24854360a29d09bf6928,4eeff676dcebcd6a3e22ef9913d2c36985ea835ac9af360f9a9b941be7c0e0ae,True,yamunashtakam-1,True,True,0,0,8,32,0,1,0,,,,,
yamunashtakam-2,यमुनाष्टकम् (२),sa,p1,,adishankaracarya,stotrani,True,यमुनाष्टकम् (२),Sri Vani Vilas Press,1910,CC0 1.0,Distributed by Ambuda under a Creative Commons CC0 1.0 Universal Licence (public domain),ELIGIBLE_OPEN_EXPLICIT,CC0-1.0,True,True,True,7359,5427,265d85e0bf76dc19a6a9d5e89a9bdd44f75561cdcae58a9c638ff543e39d406b,803f3a08ff48d56ebc1348064f5a274c9ccd97c1126b257dc37ea79237efe34c,True,yamunashtakam-2,True,True,0,0,9,36,0,1,0,,,,,
gangashtakam,गङ्गाष्टकम्,sa,p0,,adishankaracarya,stotrani,True,गङ्गाष्टकम्,Sri Vani Vilas Press,1910,CC0 1.0,Distributed by Ambuda under a Creative Commons CC0 1.0 Universal Licence (public domain),ELIGIBLE_OPEN_EXPLICIT,CC0-1.0,True,True,True,7053,5121,33ea274ec1afb70bebf583fa5170e3dbdbd03ec245feebad14765e831ed15e15,a4f5eea3c9b1dd6f5d50ac863af6547543395e793bd137e0e3fbb3c4a798cc6e,True,gangashtakam,True,True,0,0,9,36,0,1,0,,,,,
manikarnikashtakam,मणिकर्णिकाष्टकम्,sa,p0,,adishankaracarya,stotrani,True,मणिकर्णिकाष्टकम्,Sri Vani Vilas Press,1910,CC0 1.0,Distributed by Ambuda under a Creative Commons CC0 1.0 Universal Licence (public domain),ELIGIBLE_OPEN_EXPLICIT,CC0-1.0,True,True,True,7918,5967,1ddb625d425f341549211a165b71d67f55c7ccb7bf924ee7daf6f9541673961b,b92fe3f70fabec371e0016c701abab442f586797d46c3b0802dad290b4ce2bff,True,manikarnikashtakam,True,True,0,0,9,36,0,1,0,,,,,
nirgunamanasapuja,निर्गुणमानसपूजा,sa,p0,,adishankaracarya,stotrani,True,निर्गुणमानसपूजा,Sri Vani Vilas Press,1910,CC0 1.0,Distributed by Ambuda under a Creative Commons CC0 1.0 Universal Licence (public domain),ELIGIBLE_OPEN_EXPLICIT,CC0-1.0,True,True,True,12710,9664,6583348dfb44ade91f4ab320ee876c2d2b8a8338f90dd78c35723de4eb454132,b47186550b74c63b7d222693ed1e16d54bc94b555b25f26462e56a4de07e7b4a,True,nirgunamanasapuja,True,True,0,0,33,69,0,1,0,,,,,
pratahsmaranastotram,प्रातःस्मरणस्तोत्रम्,sa,p0,,adishankaracarya,stotrani,True,प्रातःस्मरणस्तोत्रम्,Sri Vani Vilas Press,1910,CC0 1.0,Distributed by Ambuda under a Creative Commons CC0 1.0 Universal Licence (public domain),ELIGIBLE_OPEN_EXPLICIT,CC0-1.0,True,True,True,4054,2542,10136c06d2b059df3ca70a27e2d5bdf3e2ed67003c7d972941c2217000e09750,fe3f5664e7a9bf5900b072a55413c31944ba683f83c807f1ee9b70e01d23b935,True,pratahsmaranastotram,True,True,0,0,4,16,0,1,0,,,,,
jagannathashtakam,जगन्नाथाष्टकम्,sa,p0,,adishankaracarya,stotrani,True,जगन्नाथाष्टकम्,Sri Vani Vilas Press,1910,CC0 1.0,Distributed by Ambuda under a Creative Commons CC0 1.0 Universal Licence (public domain),ELIGIBLE_OPEN_EXPLICIT,CC0-1.0,True,True,True,6335,4403,bb9e0dad3943f67c31bef6a2929c0948c8eb1cd992f827e1dd4ff21f947a8c4f,0d6690bb1d18935155225faa293dc22c291baab7fe181e064d4b1cb21f1146d5,True,jagannathashtakam,True,True,0,0,8,32,0,1,0,,,,,
shatpadistotram,षट्पदीस्तोत्रम्,sa,p1,,adishankaracarya,vedanta|stotrani,True,षट्पदीस्तोत्रम्,Sri Vani Vilas Press,1910,CC0 1.0,Distributed by Ambuda under a Creative Commons CC0 1.0 Universal Licence (public domain),ELIGIBLE_OPEN_EXPLICIT,CC0-1.0,True,True,True,4318,2554,7955d027adb7dd0e7688f5606cebe93c90f75122965847b0b5f465067ea2a350,0ef27b0521daf0915a3523843f7480e99ae127200df0d970be418770169d1508,True,shatpadistotram,True,True,0,0,7,28,0,1,0,,,,,
bhramarambashtakam,भ्रमराम्बाष्टकम्,sa,p1,,adishankaracarya,stotrani,True,भ्रमराम्बाष्टकम्,Sri Vani Vilas Press,1910,CC0 1.0,Distributed by Ambuda under a Creative Commons CC0 1.0 Universal Licence (public domain),ELIGIBLE_OPEN_EXPLICIT,CC0-1.0,True,True,True,7758,5826,a049cac8b964b8931179ff8bc7ffee7afba5c613b9ab789abf9663169c5ee8be,b7acad3e7023690f584744be49578471e61d12fabf1bae1ccf4869bf9c345dfe,True,bhramarambashtakam,True,True,0,0,9,36,0,1,0,,,,,
shivapancaksharanakshatramalastotram,शिवपञ्चाक्षरनक्षत्रमालास्तोत्रम्,sa,p0,,adishankaracarya,stotrani,True,शिवपञ्चाक्षरनक्षत्रमालास्तोत्रम्,Sri Vani Vilas Press,1910,CC0 1.0,Distributed by Ambuda under a Creative Commons CC0 1.0 Universal Licence (public domain),ELIGIBLE_OPEN_EXPLICIT,CC0-1.0,True,True,True,15768,12219,a91aeb252e1e106aec32f01e57f62159dcc6eb8fed3f09af5652bdb9ef9afa1c,cc8fefc4cb73bbcae8460876122df1dbb5a113d779d60ba9a3c5933dcbe5f87d,True,shivapancaksharanakshatramalastotram,True,True,0,0,28,112,0,1,0,,,,,
dvadashalingastotram,द्वादशलिङ्गस्तोत्रम्,sa,p1,,adishankaracarya,stotrani,True,द्वादशलिङ्गस्तोत्रम्,Sri Vani Vilas Press,1910,CC0 1.0,Distributed by Ambuda under a Creative Commons CC0 1.0 Universal Licence (public domain),ELIGIBLE_OPEN_EXPLICIT,CC0-1.0,True,True,True,7545,5193,2f4eb3f2eda0f22d3a0135ff1ee994334c4b91bd74bb373f8f54da573c532c61,70ec1c45bf4802f96f32943ffafb7b6309d50f0550c98a0b15e8700f3168250e,True,dvadashalingastotram,True,True,0,0,13,52,0,1,0,,,,,
ardhanarishvarastotram,अर्धनारीश्वरस्तोत्रम्,sa,p1,,adishankaracarya,stotrani,True,अर्धनारीश्वरस्तोत्रम्,Sri Vani Vilas Press,1910,CC0 1.0,Distributed by Ambuda under a Creative Commons CC0 1.0 Universal Licence (public domain),ELIGIBLE_OPEN_EXPLICIT,CC0-1.0,True,True,True,5782,3763,31079289b8df53ead75a0e34496e8cbd26b621d6aa2c282604ca3b269456b998,41b85859f9c2645bb7ff60535724354d4430961556c15d4bbdd0cdb21a14bda3,True,ardhanarishvarastotram,True,True,0,0,9,36,0,1,0,,,,,
sharadabhujangaprayatashtakam,शारदाभुजंगप्रयाताष्टकम्,sa,p1,,adishankaracarya,stotrani,True,शारदाभुजंगप्रयाताष्टकम्,Sri Vani Vilas Press,1910,CC0 1.0,Distributed by Ambuda under a Creative Commons CC0 1.0 Universal Licence (public domain),ELIGIBLE_OPEN_EXPLICIT,CC0-1.0,True,True,True,6129,4206,5dacc2a0b94d4d59a77b5cfed46e773de0cff0493e32f569ef870c5dd226fc9c,5c0ae49aa751b805beec941cf23628d7b32716eacc3943ee70a9e3b24901f59d,True,sharadabhujangaprayatashtakam,True,True,0,0,8,32,0,1,0,,,,,
gurvashtakam,गुर्वष्टकम्,sa,p1,,adishankaracarya,stotrani,True,गुर्वष्टकम्,Sri Vani Vilas Press,1910,CC0 1.0,Distributed by Ambuda under a Creative Commons CC0 1.0 Universal Licence (public domain),ELIGIBLE_OPEN_EXPLICIT,CC0-1.0,True,True,True,6288,4356,8ff6bf48f3601729c87dbcc949d573ab115ed3414073b9151ce6d7bb93269d5c,994a7d34c31a908ec9b158f4b9dd346ad5c3539e421328d37f11dc7269b76758,True,gurvashtakam,True,True,0,0,9,36,0,1,0,,,,,
kashipancakam,काशीपञ्चकम्,sa,p1,,adishankaracarya,stotrani,True,काशीपञ्चकम्,Sri Vani Vilas Press,1910,CC0 1.0,Distributed by Ambuda under a Creative Commons CC0 1.0 Universal Licence (public domain),ELIGIBLE_OPEN_EXPLICIT,CC0-1.0,True,True,True,4403,2807,ba61788b7fccdf96e8e831b70ab7f5cd89ec24896f145c39aeb73ce9407e539e,bed0b6230a5ba25d37fbad0ac1ff5e6226c7aaacabfc330a854da43563f2f002,True,kashipancakam,True,True,0,0,5,20,0,1,0,,,,,
suvarnamalastuti,सुवर्णमालास्तुतिः,sa,p1,,adishankaracarya,stotrani|shivastotrani,True,सुवर्णमालास्तुतिः,Sri Vani Vilas Press,1910,CC0 1.0,Distributed by Ambuda under a Creative Commons CC0 1.0 Universal Licence (public domain),ELIGIBLE_OPEN_EXPLICIT,CC0-1.0,True,True,True,19756,14380,db1172d60158d398c91e49ebaaa285447bf57e05f1585eb4ad1d87cb256763aa,53a8dc58846586551ff338186a0f87d18d6f198e62798b93cfa279b668613cb9,True,suvarnamalastuti,True,True,0,0,50,200,0,1,0,,,,,
dashashlokistuti,दशश्लोकीस्तुतिः,sa,p1,,adishankaracarya,stotrani|shivastotrani,True,दशश्लोकीस्तुतिः,Sri Vani Vilas Press,1910,CC0 1.0,Distributed by Ambuda under a Creative Commons CC0 1.0 Universal Licence (public domain),ELIGIBLE_OPEN_EXPLICIT,CC0-1.0,True,True,True,8383,6367,a1f02695ede93bc56d997b002c72585a12b4e576a46a45768821a616ea330fe5,5d1cfc08e98705bb8e15323d31f45088781066d40600399bd013f34d78973a9c,True,dashashlokistuti,True,True,0,0,10,40,0,1,0,,,,,
dakshinamurtivarnamalastotram,दक्षिणामूर्तिवर्णमालास्तोत्रम्,sa,p1,,adishankaracarya,stotrani|shivastotrani,True,दक्षिणामूर्तिवर्णमालास्तोत्रम्,Sri Vani Vilas Press,1910,CC0 1.0,Distributed by Ambuda under a Creative Commons CC0 1.0 Universal Licence (public domain),ELIGIBLE_OPEN_EXPLICIT,CC0-1.0,True,True,True,15001,11548,404a2d67bf9050d46a92205cc9e04e296cb955d8d1a8c9b247c877eff07b8821,09527ed59330226b0d037a638dc1881f0f674cf2fd603c6474335c3607ad7609,True,dakshinamurtivarnamalastotram,True,True,0,0,25,100,0,1,0,,,,,
shrimrtyunjayamanasikapujastotram,श्रीमृत्युंजयमानसिकपूजास्तोत्रम्,sa,p1,,adishankaracarya,stotrani|shivastotrani,True,श्रीमृत्युंजयमानसिकपूजास्तोत्रम्,Sri Vani Vilas Press,1910,CC0 1.0,Distributed by Ambuda under a Creative Commons CC0 1.0 Universal Licence (public domain),ELIGIBLE_OPEN_EXPLICIT,CC0-1.0,True,True,True,21838,16947,8d0cf1dd21692f9a71269771a2395a24a7b2169c44ae2d639c43fe7c13438b8e,ecc0456d6676e9ba60c6da80298d019e9ea60d8ab12b987559c50704417bbd3d,True,shrimrtyunjayamanasikapujastotram,True,True,0,0,46,168,0,1,0,,,,,
shivanandalahari,शिवानन्दलहरी,sa,p1,,adishankaracarya,stotrani|shivastotrani,True,शिवानन्दलहरी,Sri Vani Vilas Press,1910,CC0 1.0,Distributed by Ambuda under a Creative Commons CC0 1.0 Universal Licence (public domain),ELIGIBLE_OPEN_EXPLICIT,CC0-1.0,True,True,True,55935,46362,2ea20a7172a45baa38dbb55db75e2d631d64d1b05e0efbba58039ed8c0d9f8f9,88a0e79e9cdba524c210a3f8e331d4918ad93ea65cec89e319f2ce01d52c828f,True,shivanandalahari,True,True,0,0,100,400,0,1,0,,,,,
shivapadadikeshantavarnanastotram,शिवपादादिकेशान्तवर्णनस्तोत्रम्,sa,p1,,adishankaracarya,stotrani|shivastotrani,True,शिवपादादिकेशान्तवर्णनस्तोत्रम्,Sri Vani Vilas Press,1910,CC0 1.0,Distributed by Ambuda under a Creative Commons CC0 1.0 Universal Licence (public domain),ELIGIBLE_OPEN_EXPLICIT,CC0-1.0,True,True,True,29000,24338,4e6a14a97fcc6cc0ccc6510eeb773f922d031d787730e39319755f15843f2220,ecd9fca618506ed62f7cdc0f1ab47fc475fdfb1e0e6b473fc20f717d6d4d702b,True,shivapadadikeshantavarnanastotram,True,True,0,0,41,164,0,1,0,,,,,
vedasarashivastotram,वेदसारशिवस्तोत्रम्,sa,p1,,adishankaracarya,stotrani|shivastotrani,True,वेदसारशिवस्तोत्रम्,Sri Vani Vilas Press,1910,CC0 1.0,Distributed by Ambuda under a Creative Commons CC0 1.0 Universal Licence (public domain),ELIGIBLE_OPEN_EXPLICIT,CC0-1.0,True,True,True,6697,4623,4a2d9db18e7574a0b59fe9e1a9cf31fe327c73c8dd76322383bf49b3c78fc176,f17f0dfb2bcf08f45e7461ade66ae67a2693cfe47702f3ded96be09b21013c74,True,vedasarashivastotram,True,True,0,0,11,44,0,1,0,,,,,
shivaparadhakshamapanastotram,शिवापराधक्षमापणस्तोत्रम्,sa,p1,,adishankaracarya,stotrani|shivastotrani,True,शिवापराधक्षमापणस्तोत्रम्,Sri Vani Vilas Press,1910,CC0 1.0,Distributed by Ambuda under a Creative Commons CC0 1.0 Universal Licence (public domain),ELIGIBLE_OPEN_EXPLICIT,CC0-1.0,True,True,True,12284,9775,d52559c73e9d7e39177ad2e9c73f5d5f8110349d507e9e23fe1300615378533b,fe312cef638e4dad7292c875561e405edb11cf817653c1ad843e28e298dca559,True,shivaparadhakshamapanastotram,True,True,0,0,15,60,0,1,0,,,,,
aparokshanubhuti,अपरोक्षानुभूतिः,sa,p1,,adishankaracarya,prakaranagranthah,True,अपरोक्षानुभूतिः,Sri Vani Vilas Press,1910,CC0 1.0,Distributed by Ambuda under a Creative Commons CC0 1.0 Universal Licence (public domain),ELIGIBLE_OPEN_EXPLICIT,CC0-1.0,True,True,True,46721,37748,1143b5b9bc0f61f5e7af47e16e0c0e4f80bd810e2772f33d93317051b463ebc3,7ea2180f63e4a92c021a3d48fd382c3a6ca9890dbbfad61a46a7a405abe64e69,True,aparokshanubhuti,True,True,0,0,144,288,0,1,0,,,,,
vakyavrtti,वाक्यवृत्तिः,sa,p1,,adishankaracarya,prakaranagranthah,True,वाक्यवृत्तिः,Sri Vani Vilas Press,1910,CC0 1.0,Distributed by Ambuda under a Creative Commons CC0 1.0 Universal Licence (public domain),ELIGIBLE_OPEN_EXPLICIT,CC0-1.0,True,True,True,18506,14408,a4eb6737b597a4f9485e6761bb7c33334d8f99474d538f2672400ec66555cb2e,0fd60a12b10d994e05c67847dc03ec235b887b27b96a9380911b0909e1a4595e,True,vakyavrtti,True,True,0,0,53,110,0,1,0,,,,,
svatmanirupanam,स्वात्मनिरूपणम्,sa,p1,,adishankaracarya,prakaranagranthah,True,स्वात्मनिरूपणम्,Sri Vani Vilas Press,1910,CC0 1.0,Distributed by Ambuda under a Creative Commons CC0 1.0 Universal Licence (public domain),ELIGIBLE_OPEN_EXPLICIT,CC0-1.0,True,True,True,52766,43274,772dd88b3abfff2b30dd6d8f20dad4dcf1cfdf23bcf884185efbebacc25ce755,45859929a38bfd70f187efa1286c40d60710559281eedd85372139efe3f468b8,True,svatmanirupanam,True,True,0,0,154,308,0,1,0,,,,,
dashashloki,दशश्लोकी,sa,p1,,adishankaracarya,prakaranagranthah,True,दशश्लोकी,Sri Vani Vilas Press,1910,CC0 1.0,Distributed by Ambuda under a Creative Commons CC0 1.0 Universal Licence (public domain),ELIGIBLE_OPEN_EXPLICIT,CC0-1.0,True,True,True,6701,4685,4e1860e2c1e89aa01923e81c732e8348b13f87dfa7a4d2b3bba3dcca7b9d36b5,c921c909bcedd69eccbbed1e42b64c6b85f8e48a507b4aa1f25405782a18fe8e,True,dashashloki,True,True,0,0,10,40,0,1,0,,,,,
atmabodha,आत्मबोधः,sa,p1,,adishankaracarya,prakaranagranthah,True,आत्मबोधः,Sri Vani Vilas Press,1910,CC0 1.0,Distributed by Ambuda under a Creative Commons CC0 1.0 Universal Licence (public domain),ELIGIBLE_OPEN_EXPLICIT,CC0-1.0,True,True,True,23410,18472,9e8375c17f26b4d77dbc45403184e0ad6acbe11652dec99b9d27b4a169c8cd84,54f208f8a3a28dd88ad37fd1aad01d23693fdd793f9d34cb0995f235d559630b,True,atmabodha,True,True,0,0,68,142,0,1,0,,,,,
mayapancakam,मायापञ्चकम्,sa,p1,,adishankaracarya,prakaranagranthah,True,मायापञ्चकम्,Sri Vani Vilas Press,1910,CC0 1.0,Distributed by Ambuda under a Creative Commons CC0 1.0 Universal Licence (public domain),ELIGIBLE_OPEN_EXPLICIT,CC0-1.0,True,True,True,4136,2540,8e3d4771b607abdc08a0eeaf285956808b66fa8c4b69cf67d4ef161d82458529,bd2d0686f902e0cd015c29303eb9a5f7f3c62a159c8f32fa6368eb702e0af8a2,True,mayapancakam,True,True,0,0,5,20,0,1,0,,,,,
ekashloki,एकश्लोकी,sa,p1,,adishankaracarya,prakaranagranthah,True,एकश्लोकी,Sri Vani Vilas Press,1910,CC0 1.0,Distributed by Ambuda under a Creative Commons CC0 1.0 Universal Licence (public domain),ELIGIBLE_OPEN_EXPLICIT,CC0-1.0,True,True,True,2890,1555,103167649e3e09716e0b667fbc1b38f5b2290e7faad8fde23034a1fb4eb87624,6b3686658fc173a8f97ecfed5af6c79650d3ef617a09f66e6f4bfe74407fd7d9,True,ekashloki,True,True,0,0,1,4,0,1,0,,,,,
nirvanashatkam,निर्वाणषट्कम्,sa,p1,,adishankaracarya,prakaranagranthah,True,निर्वाणषट्कम्,Sri Vani Vilas Press,1910,CC0 1.0,Distributed by Ambuda under a Creative Commons CC0 1.0 Universal Licence (public domain),ELIGIBLE_OPEN_EXPLICIT,CC0-1.0,True,True,True,4878,3198,92c39049a9542c0d5f28dd7f529218a02b8a256dae36d47a65c52781f21c484c,7fc054ba18d5875bb1ffb4e5c8942542d5bcd6aed3a6bafbbaaf348c7e236c80,True,nirvanashatkam,True,True,0,0,6,24,0,1,0,,,,,
shivakeshadipadantavarnanastotram,शिवकेशादिपादान्तवर्णनस्तोत्रम्,sa,p1,,adishankaracarya,stotrani|shivastotrani,True,शिवकेशादिपादान्तवर्णनस्तोत्रम्,Sri Vani Vilas Press,1910,CC0 1.0,Distributed by Ambuda under a Creative Commons CC0 1.0 Universal Licence (public domain),ELIGIBLE_OPEN_EXPLICIT,CC0-1.0,True,True,True,22338,18642,c6007a57846f41b06a0c3b5c8af94a6f9cd95d63961cf10d20eefc70d000eec1,914785f598d57571d4d208b57b5b5af7381f52529277762512baae97a19f42d9,True,shivakeshadipadantavarnanastotram,True,True,0,0,29,116,0,1,0,,,,,
devibhujangastotram,देवीभुजंगस्तोत्रम्,sa,p1,,adishankaracarya,stotrani|devistotrani,True,देवीभुजंगस्तोत्रम्,Sri Vani Vilas Press,1910,CC0 1.0,Distributed by Ambuda under a Creative Commons CC0 1.0 Universal Licence (public domain),ELIGIBLE_OPEN_EXPLICIT,CC0-1.0,True,True,True,14859,11331,cc20d1035ec180312948fd2702c92bf1f430b8255b630614fb294d4ce16a2fa2,8ebebb646269a957d0f12906a9a0a7c558f550829d463ec6e88225d8b7ad0ae5,True,devibhujangastotram,True,True,0,0,28,112,0,1,0,,,,,
anandalahari,आनन्दलहरी,sa,p1,,adishankaracarya,stotrani|devistotrani,True,आनन्दलहरी,Sri Vani Vilas Press,1910,CC0 1.0,Distributed by Ambuda under a Creative Commons CC0 1.0 Universal Licence (public domain),ELIGIBLE_OPEN_EXPLICIT,CC0-1.0,True,True,True,12724,9868,d145ae304680dd01e98031c13219888a60f2c0858f546d07b76cc64be8366b55,a1265f65e283b6c946ed60a02499caaa37c022634ee46c9e41d06e76cd80cf66,True,anandalahari,True,True,0,0,20,80,0,1,0,,,,,
devicatuhshashtyupacarapujastotram,देवीचतुःषष्ट्युपचारपूजास्तोत्रम्,sa,p1,,adishankaracarya,stotrani|devistotrani,True,देवीचतुःषष्ट्युपचारपूजास्तोत्रम्,Sri Vani Vilas Press,1910,CC0 1.0,Distributed by Ambuda under a Creative Commons CC0 1.0 Universal Licence (public domain),ELIGIBLE_OPEN_EXPLICIT,CC0-1.0,True,True,True,34939,27895,79deb7589f1d6aee869e581cdfe5fe37575757e1c9763fbf6bf006f405202443,d13726b99184a5fec8e343d3640a37ff5acb6e2da3e004351b0f4ec872a9adeb,True,devicatuhshashtyupacarapujastotram,True,True,0,0,72,276,0,1,0,,,,,
upadeshapancakam,उपदेशपञ्चकम्,sa,p1,,adishankaracarya,prakaranagranthah,True,उपदेशपञ्चकम्,Sri Vani Vilas Press,1910,CC0 1.0,Distributed by Ambuda under a Creative Commons CC0 1.0 Universal Licence (public domain),ELIGIBLE_OPEN_EXPLICIT,CC0-1.0,True,True,True,5567,3971,eaea46d11a3f778e1d71a73e0e81e2f4810d2a04f93fbf564f2c5d4c7b4322f0,0acc67f11b61be7851e26ff5eb258239ea29251af265bfac703e251924f3eebb,True,upadeshapancakam,True,True,0,0,5,20,0,1,0,,,,,
dhanyashtakam,धन्याष्टकम्,sa,p1,,adishankaracarya,prakaranagranthah,True,धन्याष्टकम्,Sri Vani Vilas Press,1910,CC0 1.0,Distributed by Ambuda under a Creative Commons CC0 1.0 Universal Licence (public domain),ELIGIBLE_OPEN_EXPLICIT,CC0-1.0,True,True,True,5945,4097,0285f81501ff75f95152d5c81f671345b9b8ab0321403f83f59c5153713f96aa,fc8ad8ebd8fde03e0c00c54f1fd23908d6e0e1d7f54cf47714824c97460bace3,True,dhanyashtakam,True,True,0,0,8,32,0,1,0,,,,,
manishapancakam,मनीषापञ्चकम्,sa,p1,,adishankaracarya,prakaranagranthah,True,मनीषापञ्चकम्,Sri Vani Vilas Press,1910,CC0 1.0,Distributed by Ambuda under a Creative Commons CC0 1.0 Universal Licence (public domain),ELIGIBLE_OPEN_EXPLICIT,CC0-1.0,True,True,True,5451,3855,9206e314c53408256f8f17732e55b92f0dffc4b84af7b860f4757f665ce290b2,bb070bddec54f1e04df9c1ef1baeaf6b605b628f05cc3bd9e89b4c90be094a2c,True,manishapancakam,True,True,0,0,5,20,0,1,0,,,,,
advaitapancaratnam,अद्वैतपञ्चरत्नम्,sa,p1,,adishankaracarya,prakaranagranthah,True,अद्वैतपञ्चरत्नम्,Sri Vani Vilas Press,1910,CC0 1.0,Distributed by Ambuda under a Creative Commons CC0 1.0 Universal Licence (public domain),ELIGIBLE_OPEN_EXPLICIT,CC0-1.0,True,True,True,4577,2981,27ebcfbb318f8f143e90db77c032e2fe648897c6aca2ecd9683d4b31c5071c8d,f32006280bc65ecdf2bd598fbd12583ac1b3f24206a6f9a70c74618456beebef,True,advaitapancaratnam,True,True,0,0,5,20,0,1,0,,,,,
jivanmuktanandalahari,जीवन्मुक्तानन्दलहरी,sa,p1,,adishankaracarya,prakaranagranthah,True,जीवन्मुक्तानन्दलहरी,Sri Vani Vilas Press,1910,CC0 1.0,Distributed by Ambuda under a Creative Commons CC0 1.0 Universal Licence (public domain),ELIGIBLE_OPEN_EXPLICIT,CC0-1.0,True,True,True,11731,9127,984b3e6b07ca3241244678c9f966aaace41c8e654ee6b8a3b433ab3636e10438,08346d5a6757d7f015986e15533ad5b517065c6446f10d6a26b548a370cfeb63,True,jivanmuktanandalahari,True,True,0,0,17,68,0,1,0,,,,,
svarupanusandhanashtakam,स्वरूपानुसंधानाष्टकम्,sa,p1,,adishankaracarya,prakaranagranthah,True,स्वरूपानुसंधानाष्टकम्,Sri Vani Vilas Press,1910,CC0 1.0,Distributed by Ambuda under a Creative Commons CC0 1.0 Universal Licence (public domain),ELIGIBLE_OPEN_EXPLICIT,CC0-1.0,True,True,True,6346,4414,e070ba66f1ab9ef0afea3155ad22e664783353c890e61e5d2d135578162d8cc6,590cec47c356e5384ae77beed7aaf63f6fdb7971adcf490d69b133d28e5f89a1,True,svarupanusandhanashtakam,True,True,0,0,9,36,0,1,0,,,,,
yatipancakam,यतिपञ्चकम्,sa,p1,,adishankaracarya,prakaranagranthah,True,यतिपञ्चकम्,Sri Vani Vilas Press,1910,CC0 1.0,Distributed by Ambuda under a Creative Commons CC0 1.0 Universal Licence (public domain),ELIGIBLE_OPEN_EXPLICIT,CC0-1.0,True,True,True,4247,2651,59896a951fd3649ba028104f03d8a6ba56f89fd1ee9568d9a33eab4645dbb6e4,529dfdbc0b17782ffa8169df285d12f02c0472b1b9c35e8c1e3fe1eb3bb10d58,True,yatipancakam,True,True,0,0,5,20,0,1,0,,,,,
pancikaranam,पञ्चीकरणम्,sa,p1,,adishankaracarya,prakaranagranthah,True,पञ्चीकरणम्,Sri Vani Vilas Press,1910,CC0 1.0,Distributed by Ambuda under a Creative Commons CC0 1.0 Universal Licence (public domain),ELIGIBLE_OPEN_EXPLICIT,CC0-1.0,True,True,True,6611,5250,2211c31032fa33456ca4594ddd6f2c71ddc1280578d6f3ac84e89fd1a1e9766a,217600cd6d6d892735af89e0b61173948c7d6ba245f054b4c4dcaf05de2705dc,True,pancikaranam,True,True,0,0,0,0,8,1,0,,,,,
brahmanucintanam,ब्रह्मानुचिन्तनम्,sa,p1,,adishankaracarya,prakaranagranthah,True,ब्रह्मानुचिन्तनम्,Sri Vani Vilas Press,1910,CC0 1.0,Distributed by Ambuda under a Creative Commons CC0 1.0 Universal Licence (public domain),ELIGIBLE_OPEN_EXPLICIT,CC0-1.0,True,True,True,10851,8105,29fbf069c5b738d4a08a8287a978eff26c8f67f77c9a4d9b89bb58ce22abbd74,17b84d7badaf9d00774fd198e56a0fe7ad6d1368a3152e9574ef181ff78a8041,True,brahmanucintanam,True,True,0,0,29,60,0,1,0,,,,,
brahmajnanavalimala,ब्रह्मज्ञानावलीमाला,sa,p1,,adishankaracarya,prakaranagranthah,True,ब्रह्मज्ञानावलीमाला,Sri Vani Vilas Press,1910,CC0 1.0,Distributed by Ambuda under a Creative Commons CC0 1.0 Universal Licence (public domain),ELIGIBLE_OPEN_EXPLICIT,CC0-1.0,True,True,True,8431,6121,1b69b146f153770dbb6428582f52b73d6fc3cf13c44babfb27fe1c301194e909,374183abd587ed69845db31f3dbfa77d0df3de32dcc8694d72c362db5b15e722,True,brahmajnanavalimala,True,True,0,0,21,42,0,1,0,,,,,
nirvanamanjari,निर्वाणमञ्जरी,sa,p1,,adishankaracarya,prakaranagranthah,True,निर्वाणमञ्जरी,Sri Vani Vilas Press,1910,CC0 1.0,Distributed by Ambuda under a Creative Commons CC0 1.0 Universal Licence (public domain),ELIGIBLE_OPEN_EXPLICIT,CC0-1.0,True,True,True,7701,5517,5113f0e49c9082be30cef9a0e9862069b1526524572651f7afa3716313680d13,bddfaa959089fc3b3dffccf8a33253044be097cbdbb6c6d9a31e3a49255a7168,True,nirvanamanjari,True,True,0,0,12,48,0,1,0,,,,,
anatmashrivigarhanaprakaranam,अनात्मश्रीविगर्हणप्रकरणम्,sa,p1,,adishankaracarya,prakaranagranthah,True,अनात्मश्रीविगर्हणप्रकरणम्,Sri Vani Vilas Press,1910,CC0 1.0,Distributed by Ambuda under a Creative Commons CC0 1.0 Universal Licence (public domain),ELIGIBLE_OPEN_EXPLICIT,CC0-1.0,True,True,True,10480,7852,d9b92ae36cdd8b228bda6a1494b3e13d871e8e377f4700bd5f2d7ccca8e995b0,1fe49ed02041ce8cf9e9d0bfd14ddf0f3210434ab828ae4796287149b76359ff,True,anatmashrivigarhanaprakaranam,True,True,0,0,18,68,0,1,0,,,,,
laghuvakyavrtti,लघुवाक्यवृत्तिः,sa,p1,,adishankaracarya,prakaranagranthah,True,लघुवाक्यवृत्तिः,Sri Vani Vilas Press,1910,CC0 1.0,Distributed by Ambuda under a Creative Commons CC0 1.0 Universal Licence (public domain),ELIGIBLE_OPEN_EXPLICIT,CC0-1.0,True,True,True,8510,5822,b0c0940cadb02f4e64b4d97f0fe791a8bd3dd771656d7722c17426650351c5b5,7c740030063f98b31b3e1e93aafd1bfbdca25e1749b3f4e337a5ebd84d42e530,True,laghuvakyavrtti,True,True,0,0,18,72,0,1,0,,,,,
praudhanubhuti,प्रौढानुभूतिः,sa,p1,,adishankaracarya,prakaranagranthah,True,प्रौढानुभूतिः,Sri Vani Vilas Press,1910,CC0 1.0,Distributed by Ambuda under a Creative Commons CC0 1.0 Universal Licence (public domain),ELIGIBLE_OPEN_EXPLICIT,CC0-1.0,True,True,True,13225,10621,c681630e19a9c61d0ed421240ff831069ce9871c3fcc710b54d15468b1805b74,03cd6bab3f4be480bc28e65541759b25c380e60506c1c7a2b772af15de0b04e6,True,praudhanubhuti,True,True,0,0,17,68,0,1,0,,,,,
svatmaprakashika,स्वात्मप्रकाशिका,sa,p1,,adishankaracarya,prakaranagranthah,True,स्वात्मप्रकाशिका,Sri Vani Vilas Press,1910,CC0 1.0,Distributed by Ambuda under a Creative Commons CC0 1.0 Universal Licence (public domain),ELIGIBLE_OPEN_EXPLICIT,CC0-1.0,True,True,True,23989,18750,e266589733f737de19bfda59b999de223a2d6abf1c02759731d5fb82657f57a6,c0ffbb5bf51b5992fc45ff65ae50f39e54218e58383e16041aa76bc9f01584c6,True,svatmaprakashika,True,True,0,0,68,152,0,1,0,,,,,
advaitanubhuti,अद्वैतानुभूतिः,sa,p1,,adishankaracarya,prakaranagranthah,True,अद्वैतानुभूतिः,Sri Vani Vilas Press,1910,CC0 1.0,Distributed by Ambuda under a Creative Commons CC0 1.0 Universal Licence (public domain),ELIGIBLE_OPEN_EXPLICIT,CC0-1.0,True,True,True,27397,21685,b61766c6b965b8babcb8d84d32689eac688729dd14660f1a61cea789644c69ef,68bdaa2f632ec246f8850edefd97f2b50be3c60f90cdee04ab9364538165c300,True,advaitanubhuti,True,True,0,0,84,168,0,1,0,,,,,
sadacaranusandhanam,सदाचारानुसंधानम्,sa,p1,,adishankaracarya,prakaranagranthah,True,सदाचारानुसंधानम्,Sri Vani Vilas Press,1910,CC0 1.0,Distributed by Ambuda under a Creative Commons CC0 1.0 Universal Licence (public domain),ELIGIBLE_OPEN_EXPLICIT,CC0-1.0,True,True,True,19212,15066,ed503ec8dd7ca3843b78d3a0755043cc6bc943e7e6b98a4ff8b4e8de0a3b6ce3,c84740f34107a76253193918dd8e99745ead6c3d4bcf047b3b8423e0a143df96,True,sadacaranusandhanam,True,True,0,0,55,110,0,1,0,,,,,
yogataravali,योगतारावली,sa,p1,,adishankaracarya,prakaranagranthah,True,योगतारावली,Sri Vani Vilas Press,1910,CC0 1.0,Distributed by Ambuda under a Creative Commons CC0 1.0 Universal Licence (public domain),ELIGIBLE_OPEN_EXPLICIT,CC0-1.0,True,True,True,14001,10389,6b7ca7e7f65117e68217d27e5f4e5274186d6ad6e0839b628903028d5daac1d9,9d7751488424ec7a4666d09ddd5eec4f804c4ad3e68709a119127b9ba070d691,True,yogataravali,True,True,0,0,29,116,0,1,0,,,,,
shrivenkateshasuprabhatam,श्रीवेंकटेशसुप्रभातम्,sa,p1,,prativadhi-bhayankaram-annangaracaryah,venkateshastotrani,True,श्रीवेंकटेशसुप्रभातम्,तिरुमलैतिरुपतिदेवस्थानमुद्रणालयः,1943,CC0 1.0,Distributed by Ambuda under a Creative Commons CC0 1.0 Universal Licence (public domain),ELIGIBLE_OPEN_EXPLICIT,CC0-1.0,True,True,True,15541,11766,7acbc76aa3fd8fa1b75d9d66924e1bdc3f661503015c963b16579a0e718b538a,903bd4b96a99f05842910997ec2f5c330ca6e7f7bca6871eadb722311e8e8046,True,shrivenkateshasuprabhatam,True,True,0,0,29,112,0,1,0,,,,,
shrivenkateshastotram,श्रीवेंकटेशस्तोत्रम्,sa,p1,,prativadhi-bhayankaram-annangaracaryah,venkateshastotrani,True,श्रीवेंकटेशस्तोत्रम्,तिरुमलैतिरुपतिदेवस्थानमुद्रणालयः,1943,CC0 1.0,Distributed by Ambuda under a Creative Commons CC0 1.0 Universal Licence (public domain),ELIGIBLE_OPEN_EXPLICIT,CC0-1.0,True,True,True,6304,4106,2ad80102235c4080f8b17c7e7f65c7f0ec7bec64afd94901d662717ffa9888f4,ee9e20bc97488f7dd37142d799a6f33ca8aaeec33dc3aa6c4b41535a4a6deeaa,True,shrivenkateshastotram,True,True,0,0,11,42,0,1,0,,,,,
shrivenkateshaprapatti,श्रीवेंकटेशप्रपत्तिः,sa,p1,,prativadhi-bhayankaram-annangaracaryah,venkateshastotrani,True,श्रीवेंकटेशप्रपत्तिः,तिरुमलैतिरुपतिदेवस्थानमुद्रणालयः,1943,CC0 1.0,Distributed by Ambuda under a Creative Commons CC0 1.0 Universal Licence (public domain),ELIGIBLE_OPEN_EXPLICIT,CC0-1.0,True,True,True,10115,7224,884befaa9e5c83fad6ae5795e72370a1cca366772263fc4d2d5a2a1c59f72e25,5eec4145ab642b3c51bc9e0155c2b3b63477913c941b1dbabd8da11fdd9fae0e,True,shrivenkateshaprapatti,True,True,0,0,16,64,0,1,0,,,,,
shrivenkateshamangalashasanam,श्रीवेंकटेशमङ्गलाशासनम्,sa,p1,,prativadhi-bhayankaram-annangaracaryah,venkateshastotrani,True,श्रीवेंकटेशमङ्गलाशासनम्,तिरुमलैतिरुपतिदेवस्थानमुद्रणालयः,1943,CC0 1.0,Distributed by Ambuda under a Creative Commons CC0 1.0 Universal Licence (public domain),ELIGIBLE_OPEN_EXPLICIT,CC0-1.0,True,True,True,6444,4384,3fdef6810957b176947d7c713f9c0fe0060a06f9ab9fd6a65436f4f487c1d98b,c5fdb22cac4d2766a64b3befb6f4c0b225d089b1b41d7dbf75b072e6fec86253,True,shrivenkateshamangalashasanam,True,True,0,0,14,28,0,1,0,,,,,
tattvopadesha,तत्त्वोपदेशः,sa,p1,,adishankaracarya,prakaranagranthah,True,तत्त्वोपदेशः,Sri Vani Vilas Press,1910,CC0 1.0,Distributed by Ambuda under a Creative Commons CC0 1.0 Universal Licence (public domain),ELIGIBLE_OPEN_EXPLICIT,CC0-1.0,True,True,True,29511,23541,90890dbd648c331bcae5eae85f0149a61d3afd088ea33362cdcaef6ed084a138,2b75adaef6037700c9e6a699daf13280eb8912f431dca065937f117beb8f3546,True,tattvopadesha,True,True,0,0,87,174,0,1,0,,,,,
prashnottararatnamalika,प्रश्नोत्तररत्नमालिका,sa,p1,,adishankaracarya,prakaranagranthah,True,प्रश्नोत्तररत्नमालिका,Sri Vani Vilas Press,1910,CC0 1.0,Distributed by Ambuda under a Creative Commons CC0 1.0 Universal Licence (public domain),ELIGIBLE_OPEN_EXPLICIT,CC0-1.0,True,True,True,25891,19027,a56c122c7899f2fa7d8b8003770afc032a61b2d2bc2b63714ac9ad400a61f4bc,a3d1e5d864becb5d4c47c63721f2f4be6cb2caa8065b00b3dd00d4fbe97ab69f,True,prashnottararatnamalika,True,True,0,0,67,268,0,1,0,,,,,
shrivighneshvaragitam,श्रीविघ्नेश्वरगीतम्,sa,p1,,,ganeshastotrani,True,श्रीविघ्नेश्वरगीतम्,Government Oriental Manuscripts Library,1961,,Distributed by Ambuda under a Creative Commons CC0 1.0 Universal Licence (public domain),ELIGIBLE_OPEN_EXPLICIT,CC0-1.0,True,True,True,3901,2276,7717443d2a5feb6dd51a549ac3b749cd01a1ef223926222d5d9e68e2d9eecbe4,d3a146fa46a968ad6cb85dd8c627bbf372dce425e79a318bb4f92bc275c66b38,True,shrivighneshvaragitam,True,True,0,0,5,10,0,1,0,,,,,
shriramaratnadashakam,श्रीरामरत्नदशकम्,sa,p1,,,ramastotrani,True,श्रीरामरत्नदशकम्,Government Oriental Manuscripts Library,1961,,Distributed by Ambuda under a Creative Commons CC0 1.0 Universal Licence (public domain),ELIGIBLE_OPEN_EXPLICIT,CC0-1.0,True,True,True,7323,4905,edbda33dca5dbf88f8bb83d9522528b404cf2d3d784f3e3f6a97b029d54e6d72,e71a6f4d03b6ca8d07b757ecd1e2b138518099a1ac18497a530a965dc0779820,True,shriramaratnadashakam,True,True,0,0,11,44,0,1,0,,,,,
shriraghavashtakam,श्रीराघवाष्टकम्,sa,p1,,,ramastotrani,True,श्रीराघवाष्टकम्,Government Oriental Manuscripts Library,1961,,Distributed by Ambuda under a Creative Commons CC0 1.0 Universal Licence (public domain),ELIGIBLE_OPEN_EXPLICIT,CC0-1.0,True,True,True,4882,2993,7e12cc8a4d3df92af33d319df6a41540edac845bc88b75177ef342c35f18e7df,5db931c5a7b75866a4282c52f76c1d088fec669a4c4b8ff2bf24e5edcface26c,True,shriraghavashtakam,True,True,0,0,8,32,0,1,0,,,,,
shrishivamangalastotram,श्रीशिवमङ्गलस्तोत्रम्,sa,p1,,,shivastotrani,True,श्रीशिवमङ्गलस्तोत्रम्,Government Oriental Manuscripts Library,1961,,Distributed by Ambuda under a Creative Commons CC0 1.0 Universal Licence (public domain),ELIGIBLE_OPEN_EXPLICIT,CC0-1.0,True,True,True,4341,2673,03dbbeb8c19ac72a46ecc82b8af2afbdefb3d92ee7b969e4045fed8cd0a59456,b15e0246d2b3d13b7c42f88ac8c24ae283d925b9e8e76e6a842871d837cc26b5,True,shrishivamangalastotram,True,True,0,0,8,16,0,1,0,,,,,
shrishivotkarshasakshipancakam,श्रीशिवोत्कर्षसाक्षिपञ्चकम्,sa,p1,,,shivastotrani,True,श्रीशिवोत्कर्षसाक्षिपञ्चकम्,Government Oriental Manuscripts Library,1961,,Distributed by Ambuda under a Creative Commons CC0 1.0 Universal Licence (public domain),ELIGIBLE_OPEN_EXPLICIT,CC0-1.0,True,True,True,5555,3831,225a0fb229505e0f88ae91749163368f9b21a3e24a752c3167a8fb4ad9cde400,da84f4f925ea61366f279c40f052984e12e90a9251190d280b6cf4b89397352d,True,shrishivotkarshasakshipancakam,True,True,0,0,5,20,0,1,0,,,,,
shrirudramangalashamsanam,श्रीरुद्रमङ्गलाशंसनम्,sa,p1,,,shivastotrani,True,श्रीरुद्रमङ्गलाशंसनम्,Government Oriental Manuscripts Library,1961,,Distributed by Ambuda under a Creative Commons CC0 1.0 Universal Licence (public domain),ELIGIBLE_OPEN_EXPLICIT,CC0-1.0,True,True,True,4453,2740,9c50c7fe2c7cef2e48f9a4bb8f7b04fe828c512b6654159b5d81a6194f0c8f3f,db902364197efae8d43bf766c5fc80ef2b59c9c5c3dd9e5356daf38a034e199c,True,shrirudramangalashamsanam,True,True,0,0,6,22,0,1,0,,,,,
shrishivashadaksharastotram,श्रीशिवषडक्षरस्तोत्रम्,sa,p1,,,shivastotrani,True,श्रीशिवषडक्षरस्तोत्रम्,Government Oriental Manuscripts Library,1961,,Distributed by Ambuda under a Creative Commons CC0 1.0 Universal Licence (public domain),ELIGIBLE_OPEN_EXPLICIT,CC0-1.0,True,True,True,4884,3170,f1f06719a84d2cce770450e0ecfc24ef38000b8b89e692dd5b5ba3daa49dd9b4,57ccefb720420031bacd8c2529b00b711ba156a3c03b99f6037cbc6b7feae174,True,shrishivashadaksharastotram,True,True,0,0,9,18,0,1,0,,,,,
shrishivastuti,श्रीशिवस्तुतिः,sa,p1,,,shivastotrani,True,श्रीशिवस्तुतिः,Government Oriental Manuscripts Library,1961,,Distributed by Ambuda under a Creative Commons CC0 1.0 Universal Licence (public domain),ELIGIBLE_OPEN_EXPLICIT,CC0-1.0,True,True,True,8180,5902,0d6a3b07f44ae759a825ee307ed3f6375fa1c4949ee6371d9bd2567d011db671,fb9ab54235bbb45cd1009a19a8fffa0ab50b87368d9a8e90150b1801fdaaea28,True,shrishivastuti,True,True,0,0,9,36,0,1,0,,,,,
shrishivapancacamarastotram,श्रीशिवपञ्चचामरस्तोत्रम्,sa,p1,,,shivastotrani,True,श्रीशिवपञ्चचामरस्तोत्रम्,Government Oriental Manuscripts Library,1961,,Distributed by Ambuda under a Creative Commons CC0 1.0 Universal Licence (public domain),ELIGIBLE_OPEN_EXPLICIT,CC0-1.0,True,True,True,6238,4226,26cbdfd0fb917f667c288542d46f6f030b081a3b8a46d9404d25f04ead12e0ae,588a5ec01f1337dff3d8993b0070476b9e07f50a001830702fabc160610f009a,True,shrishivapancacamarastotram,True,True,0,0,9,35,0,1,0,,,,,
shriarunacalashtakam,श्रीअरुणाचलाष्टकम्,sa,p1,,,shivastotrani,True,श्रीअरुणाचलाष्टकम्,Government Oriental Manuscripts Library,1961,,Distributed by Ambuda under a Creative Commons CC0 1.0 Universal Licence (public domain),ELIGIBLE_OPEN_EXPLICIT,CC0-1.0,True,True,True,5118,3296,f213c2fa1d01ea02841fbc072fbb3ea2da481aebab147b21a167b6d2449480ed,43d95799065c44de8bc85dd8d81e9f0f034352e11b45f8ec5ef7fcb7a310fa42,True,shriarunacalashtakam,True,True,0,0,11,22,0,1,0,,,,,
shriarunacalastotram,श्रीअरुणाचलस्तोत्रम्,sa,p1,,,shivastotrani,True,श्रीअरुणाचलस्तोत्रम्,Government Oriental Manuscripts Library,1961,,Distributed by Ambuda under a Creative Commons CC0 1.0 Universal Licence (public domain),ELIGIBLE_OPEN_EXPLICIT,CC0-1.0,True,True,True,10487,7632,b3397273faf5cbbf8dc06105fc2e589eedfefb5bfb30edfcf54104be160ba046,19593ca69c571521a62e86bb96d605902c46ffd3117be522bfd980487ab8350d,True,shriarunacalastotram,True,True,0,0,13,52,0,1,0,,,,,
shrinamaskaradashakastotram,श्रीनमस्कारदशकस्तोत्रम्,sa,p1,,,shivastotrani,True,श्रीनमस्कारदशकस्तोत्रम्,Government Oriental Manuscripts Library,1961,,Distributed by Ambuda under a Creative Commons CC0 1.0 Universal Licence (public domain),ELIGIBLE_OPEN_EXPLICIT,CC0-1.0,True,True,True,6955,4665,14de68d0fe2f6fc80883eb949187c60aa6a68ec7555c16a4ff22bae00a91e3a3,8903382b9c9792cee933fbabe5c50022faa35ab07e0c19510dcb9e13d5a7e818,True,shrinamaskaradashakastotram,True,True,0,0,11,42,0,1,0,,,,,
shrivalishailadhinathatrayam,श्रीवालिशैलाधिनाथत्रयम्,sa,p1,,,shivastotrani,True,श्रीवालिशैलाधिनाथत्रयम्,Government Oriental Manuscripts Library,1961,,Distributed by Ambuda under a Creative Commons CC0 1.0 Universal Licence (public domain),ELIGIBLE_OPEN_EXPLICIT,CC0-1.0,True,True,True,3594,2031,48307d8ab41b09f1819e2038cd0371fa068c84623b69566b916b9208108bdc2b,d17e1493138852160ed5c09160be19740b0884d1babd86c5c1229ed990f14634,True,shrivalishailadhinathatrayam,True,True,0,0,3,12,0,1,0,,,,,
shrivirabhadrashtakam,श्रीवीरभद्राष्टकम्,sa,p1,,,shivastotrani,True,श्रीवीरभद्राष्टकम्,Government Oriental Manuscripts Library,1961,,Distributed by Ambuda under a Creative Commons CC0 1.0 Universal Licence (public domain),ELIGIBLE_OPEN_EXPLICIT,CC0-1.0,True,True,True,5782,3638,0551c47722a0791072d8fa4b6b9f1d5ff2718a0e3e5f5735b71355fcb61f66dc,27473762957010c30b61b76e0311968263fc507c4a0c200f2d59e0988f1158a4,True,shrivirabhadrashtakam,True,True,0,0,9,36,0,1,0,,,,,
shriagastyashtakam,श्रीअगस्त्याष्टकम्,sa,p1,,,shivastotrani,True,श्रीअगस्त्याष्टकम्,Government Oriental Manuscripts Library,1961,,Distributed by Ambuda under a Creative Commons CC0 1.0 Universal Licence (public domain),ELIGIBLE_OPEN_EXPLICIT,CC0-1.0,True,True,True,4408,2644,4f59dc5960c539e0be6d04117683815f244cca6694af3f3780de612eb3e15cd4,9c82ddf7b8c240d300a64286814993aa1f4634f6448389743cae4d5cfb99973f,True,shriagastyashtakam,True,True,0,0,8,16,0,1,0,,,,,
shrigirishashtakam,श्रीगिरीशाष्टकम्,sa,p1,,,shivastotrani,True,श्रीगिरीशाष्टकम्,Government Oriental Manuscripts Library,1961,,Distributed by Ambuda under a Creative Commons CC0 1.0 Universal Licence (public domain),ELIGIBLE_OPEN_EXPLICIT,CC0-1.0,True,True,True,7664,5623,e614974d2110c94122b62da7f4e6c3995781934e14cda8919847c90204250559,0a4f5d7473ca6c5e1cc47057256ba2b65879aec1eb6925cb7eddcb08ce7414a5,True,shrigirishashtakam,True,True,0,0,9,34,0,1,0,,,,,
shrishadvarnamantrashtakam,श्रीषड्वर्णमन्त्राष्टकम्,sa,p1,,,shivastotrani,True,श्रीषड्वर्णमन्त्राष्टकम्,Government Oriental Manuscripts Library,1961,,Distributed by Ambuda under a Creative Commons CC0 1.0 Universal Licence (public domain),ELIGIBLE_OPEN_EXPLICIT,CC0-1.0,True,True,True,6920,4248,2e017304b3a84d08158d0ddb3603e48446d8653a84205a1fe7edf89e3d6dcab0,6b290fd79416bdeae8fa869466d74fbf94f68fd4bb64c6c414fdf052717e8169,True,shrishadvarnamantrashtakam,True,True,0,0,9,33,0,1,0,,,,,
shrivirabhadrabhujangaprayatastotram,श्रीवीरभद्रभुजङ्गप्रयातस्तोत्रम्,sa,p1,,,shivastotrani,True,श्रीवीरभद्रभुजङ्गप्रयातस्तोत्रम्,Government Oriental Manuscripts Library,1961,,Distributed by Ambuda under a Creative Commons CC0 1.0 Universal Licence (public domain),ELIGIBLE_OPEN_EXPLICIT,CC0-1.0,True,True,True,9087,6276,873e975292641d17f38c8c16479dd512f393838c5b8f89af28b787f484ae1e2c,bbeed31474a0ba63793e50f968d13305cc6c5c855deab280be9db4fae233a606,True,shrivirabhadrabhujangaprayatastotram,True,True,0,0,15,57,0,1,0,,,,,
shrikalahastishvarashtakam,श्रीकालहस्तीश्वराष्टकम्,sa,p1,,,shivastotrani,True,श्रीकालहस्तीश्वराष्टकम्,Government Oriental Manuscripts Library,1961,,Distributed by Ambuda under a Creative Commons CC0 1.0 Universal Licence (public domain),ELIGIBLE_OPEN_EXPLICIT,CC0-1.0,True,True,True,5966,3932,2d531e48c3b8e27ef5de58608902bfbf1b203eb5d227a539f265d82ee57b7358,780eb48caf3aead931ad75cabaf3805b100f312e4b86c798817eff9967bd7d29,True,shrikalahastishvarashtakam,True,True,0,0,8,32,0,1,0,,,,,
shrikalahastishvarashtakam-2,श्रीकालहस्तीश्वराष्टकम् (२),sa,p1,,,shivastotrani,True,श्रीकालहस्तीश्वराष्टकम् (२),Government Oriental Manuscripts Library,1961,,Distributed by Ambuda under a Creative Commons CC0 1.0 Universal Licence (public domain),ELIGIBLE_OPEN_EXPLICIT,CC0-1.0,True,True,True,6414,3919,96676f2b902280e46d80b1a9c0c84c9a465e44183e8ef4dbb05c6ab59aa1401f,68646d7bcbc4ec3a8602efce3a423315fa0ed54eeb9907e25823f1287f1a525e,True,shrikalahastishvarashtakam-2,True,True,0,0,9,32,0,1,0,,,,,
shrinamashshivashtakam,श्रीनमश्शिवाष्टकम्,sa,p1,,,shivastotrani,True,श्रीनमश्शिवाष्टकम्,Government Oriental Manuscripts Library,1961,,Distributed by Ambuda under a Creative Commons CC0 1.0 Universal Licence (public domain),ELIGIBLE_OPEN_EXPLICIT,CC0-1.0,True,True,True,5208,3265,510f72e5f13bad1095828a02227e5f524f251a0de8ca0dd7c97a1b06c254a20e,8044cf724286b336e5d90c79ec974ff73431763a22d97cacf8480555d1fdaf51,True,shrinamashshivashtakam,True,True,0,0,9,34,0,1,0,,,,,
shrinamahshivayaragada,श्रीनमःशिवायरगडा,sa,p1,,,shivastotrani,True,श्रीनमःशिवायरगडा,Government Oriental Manuscripts Library,1961,,Distributed by Ambuda under a Creative Commons CC0 1.0 Universal Licence (public domain),ELIGIBLE_OPEN_EXPLICIT,CC0-1.0,True,True,True,17576,12689,ff79961d0c0dd6296be68abf279597af36f4d487df5165362d9a9f43e9c13aa9,0194bfa14f6852cc367f0b299846fa01d551be5ac2003371389e450c4a5bf4e3,True,shrinamahshivayaragada,True,True,0,0,55,110,0,1,0,,,,,
shribanashtakam,श्रीबाणाष्टकम्,sa,p1,,,shivastotrani,True,श्रीबाणाष्टकम्,Government Oriental Manuscripts Library,1961,,Distributed by Ambuda under a Creative Commons CC0 1.0 Universal Licence (public domain),ELIGIBLE_OPEN_EXPLICIT,CC0-1.0,True,True,True,5802,3512,00c26cb34174de407e10596c83a2d131b38759bdc816a72a14ad87015f2f6452,fe1d19d6fb67487f0aa87cc119aa04501a49ad657623b695c99d90a9d73e068a,True,shribanashtakam,True,True,0,0,8,32,0,1,0,,,,,
shrimallikarjunastotram,श्रीमल्लिकार्जुनस्तोत्रम्,sa,p1,,,shivastotrani,True,श्रीमल्लिकार्जुनस्तोत्रम्,Government Oriental Manuscripts Library,1961,,Distributed by Ambuda under a Creative Commons CC0 1.0 Universal Licence (public domain),ELIGIBLE_OPEN_EXPLICIT,CC0-1.0,True,True,True,6979,4918,010bdeab49692a8423713cfcf3d0a35645333e80ce831da1d3da23efb1211cce,744304466f1a27975f75be0641a7cd27223f615fb72b58c86a96c5875887260b,True,shrimallikarjunastotram,True,True,0,0,8,32,0,1,0,,,,,
shrimarkandeyeshvareshastava,श्रीमार्कण्डेयेश्वरेशस्तवः,sa,p1,,,shivastotrani,True,श्रीमार्कण्डेयेश्वरेशस्तवः,Government Oriental Manuscripts Library,1961,,Distributed by Ambuda under a Creative Commons CC0 1.0 Universal Licence (public domain),ELIGIBLE_OPEN_EXPLICIT,CC0-1.0,True,True,True,9932,7346,0e80b0ceee253a52c7e4413c1332961d5748d8be87bdcfc923ef634eda032fa7,1c73e3f67c2f2b2d151690ce5793a95eb2db49a5cf13131101306cf47f30f432,True,shrimarkandeyeshvareshastava,True,True,0,0,11,44,0,1,0,,,,,
shriashtaprasashtakam,श्रीअष्टप्रासाष्टकम्,sa,p1,,,shivastotrani,True,श्रीअष्टप्रासाष्टकम्,Government Oriental Manuscripts Library,1961,,Distributed by Ambuda under a Creative Commons CC0 1.0 Universal Licence (public domain),ELIGIBLE_OPEN_EXPLICIT,CC0-1.0,True,True,True,7701,5343,9d80457cf3961ec9a5f2b0b0c55820828b49df98f100c7fab9b683e11b81d606,4ce0586cc008046ef5269adf6b73ba556fb94f8e6dcc1cf0636e5b6613320598,True,shriashtaprasashtakam,True,True,0,0,9,34,0,1,0,,,,,
shrityagarajashtakam,श्रीत्यागराजाष्टकम्,sa,p1,,,shivastotrani,True,श्रीत्यागराजाष्टकम्,Government Oriental Manuscripts Library,1961,,Distributed by Ambuda under a Creative Commons CC0 1.0 Universal Licence (public domain),ELIGIBLE_OPEN_EXPLICIT,CC0-1.0,True,True,True,5470,3470,7ac49cd67a534504e97ecb2b389776a95c86bae55def5d4ed460bcf9d8ab5664,33275db796491bcac3b63dc0d741e23cf60ddf117c96940f3b3d1395a31faf40,True,shrityagarajashtakam,True,True,0,0,9,20,0,1,0,,,,,
shrinamashshivashtakam-2,श्रीनमश्शिवाष्टकम् (२),sa,p1,,,shivastotrani,True,श्रीनमश्शिवाष्टकम् (२),Government Oriental Manuscripts Library,1961,,Distributed by Ambuda under a Creative Commons CC0 1.0 Universal Licence (public domain),ELIGIBLE_OPEN_EXPLICIT,CC0-1.0,True,True,True,5498,3587,458771d665c45e16e69433fda0fe2252f1a474f734064e0033a68b0fb89e0882,bcb049495824aa25228b09f435676f496466e8c2b159c4a269083138180b2360,True,shrinamashshivashtakam-2,True,True,0,0,8,32,0,1,0,,,,,
shricidambarashtakam,श्रीचिदम्बराष्टकम्,sa,p1,,,shivastotrani,True,श्रीचिदम्बराष्टकम्,Government Oriental Manuscripts Library,1961,,Distributed by Ambuda under a Creative Commons CC0 1.0 Universal Licence (public domain),ELIGIBLE_OPEN_EXPLICIT,CC0-1.0,True,True,True,4680,2846,179e628c61f0cbdf13b97b8e56d4abb1da1bedda84ac8c90fe9f2cbb741ccb29,a417a336ec777033f556f0f533e05db993689068333644b9a42e5b1af39c2fdb,True,shricidambarashtakam,True,True,0,0,7,14,0,1,0,,,,,
shricidambareshastuti,श्रीचिदम्बरेशस्तुतिः,sa,p1,,,shivastotrani,True,श्रीचिदम्बरेशस्तुतिः,Government Oriental Manuscripts Library,1961,,Distributed by Ambuda under a Creative Commons CC0 1.0 Universal Licence (public domain),ELIGIBLE_OPEN_EXPLICIT,CC0-1.0,True,True,True,5308,3383,290627464cd401237675eed66b2cc9d8fe9f4c9c060bb75743f5bf6cf4e697bc,a0f6c9666395b6152fc1d2d4e21bb2a08c375001efb612cbea9b83a7128f9767,True,shricidambareshastuti,True,True,0,0,8,32,0,1,0,,,,,
shrisubrahmanyashatkam,श्रीसुब्रह्मण्यषट्कम्,sa,p1,,,subrahmanyastotrani,True,श्रीसुब्रह्मण्यषट्कम्,Government Oriental Manuscripts Library,1961,,Distributed by Ambuda under a Creative Commons CC0 1.0 Universal Licence (public domain),ELIGIBLE_OPEN_EXPLICIT,CC0-1.0,True,True,True,5176,3287,fa4ae39d77894fb91a3ff73286f5b9733dd0bf1a1af965029083dca47fb39648,d2e64787b3869aee2751511f1ff7f4a1dc0981f853ad3c15f73f356b151ca9d3,True,shrisubrahmanyashatkam,True,True,0,0,8,32,0,1,0,,,,,
shrisubrahmanyastotram,श्रीसुब्रह्मण्यस्तोत्रम्,sa,p1,,,subrahmanyastotrani,True,श्रीसुब्रह्मण्यस्तोत्रम्,Government Oriental Manuscripts Library,1961,,Distributed by Ambuda under a Creative Commons CC0 1.0 Universal Licence (public domain),ELIGIBLE_OPEN_EXPLICIT,CC0-1.0,True,True,True,6190,3985,c5a89ac6533ee8cdc7b5e07a7b50fe9907cf9564c5a5aa3d1f4d0ad13edcf1e3,9f1208dc85088d01b3cfb1b3d11963e663a9c7814bd5836f47be62fd82d90aff,True,shrisubrahmanyastotram,True,True,0,0,8,29,0,1,0,,,,,
shrishadananastuti,श्रीषडाननस्तुतिः,sa,p1,,,subrahmanyastotrani,True,श्रीषडाननस्तुतिः,Government Oriental Manuscripts Library,1961,,Distributed by Ambuda under a Creative Commons CC0 1.0 Universal Licence (public domain),ELIGIBLE_OPEN_EXPLICIT,CC0-1.0,True,True,True,14936,11795,d8c4eaa54f233cc7397e55596b9d22c063294b0d53f8fca43a756f6b6834d9eb,d9f60dd146ce543f8050991af75edb5bd8fa942edc8d7f251398896ea80cd72f,True,shrishadananastuti,True,True,0,0,25,79,0,1,0,,,,,
shrisubrahmanyabhujangastotram,श्रीसुब्रह्मण्यभुजङ्गस्तोत्रम्,sa,p1,,,subrahmanyastotrani,True,श्रीसुब्रह्मण्यभुजङ्गस्तोत्रम्,Government Oriental Manuscripts Library,1961,,Distributed by Ambuda under a Creative Commons CC0 1.0 Universal Licence (public domain),ELIGIBLE_OPEN_EXPLICIT,CC0-1.0,True,True,True,19378,14199,dbe9a964503db9a45ec4b2c246a2621d37f321f488257486579a3c82a0e06680,ab99f847e86575bb9310801ce48b77b9c2c8af1fd602a4589d4cece8394c641b,True,shrisubrahmanyabhujangastotram,True,True,0,0,35,139,0,1,0,,,,,
shrikumaramangalastotram,श्रीकुमारमङ्गलस्तोत्रम्,sa,p1,,,subrahmanyastotrani,True,श्रीकुमारमङ्गलस्तोत्रम्,Government Oriental Manuscripts Library,1961,,Distributed by Ambuda under a Creative Commons CC0 1.0 Universal Licence (public domain),ELIGIBLE_OPEN_EXPLICIT,CC0-1.0,True,True,True,5997,3929,e174c877ac5697f98e7b6b7808d58e37af16ac5d8bc477ef371da3e7604722c0,f9d388e8e6948bff29b1b554f015bc67da9c2f12be9a1b83f8997c20f0937851,True,shrikumaramangalastotram,True,True,0,0,10,40,0,1,0,,,,,
shridandayudhapanyashtakam,श्रीदण्डायुधपाण्यष्टकम्,sa,p1,,,subrahmanyastotrani,True,श्रीदण्डायुधपाण्यष्टकम्,Government Oriental Manuscripts Library,1961,,Distributed by Ambuda under a Creative Commons CC0 1.0 Universal Licence (public domain),ELIGIBLE_OPEN_EXPLICIT,CC0-1.0,True,True,True,10829,8476,8939315e7c69ef8a558a9a2fe81ea8c7153471efb2e79284c64dfb4f4b457176,e92947cbe025a1fee798a3ad3f837cd61e3f453b4930ae85e4057cc7b01c9e55,True,shridandayudhapanyashtakam,True,True,0,0,9,34,0,1,0,,,,,
akhilandeshvaristotram,अखिलाण्डेश्वरीस्तोत्रम्,sa,p1,,,devistotrani,True,अखिलाण्डेश्वरीस्तोत्रम्,Government Oriental Manuscripts Library,1961,,Distributed by Ambuda under a Creative Commons CC0 1.0 Universal Licence (public domain),ELIGIBLE_OPEN_EXPLICIT,CC0-1.0,True,True,True,7811,5564,f6126c3504b53637b43267873e3f03db03e696468f12bc2cd06a1569bea6712e,8b185b895ffb30b98477e69cbb0332458c03aae6f073424b5ea4e02dac3dc345,True,akhilandeshvaristotram,True,True,0,0,10,36,0,1,0,,,,,
shrimatrstava,श्रीमातृस्तवः,sa,p1,,,devistotrani,True,श्रीमातृस्तवः,Government Oriental Manuscripts Library,1961,,Distributed by Ambuda under a Creative Commons CC0 1.0 Universal Licence (public domain),ELIGIBLE_OPEN_EXPLICIT,CC0-1.0,True,True,True,7616,5456,dea22193f2e7aaa14cd1e7eab0552f75e0df9cf4f07c0d5045f1a86eda7ab9f6,1929ad87d7014a47e649744725300e1cbc7d89999e6d1f1ccf9528821b2f1b85,True,shrimatrstava,True,True,0,0,9,36,0,1,0,,,,,
shriminakshistotram,श्रीमीनाक्षीस्तोत्रम्,sa,p1,,,devistotrani,True,श्रीमीनाक्षीस्तोत्रम्,Government Oriental Manuscripts Library,1961,,Distributed by Ambuda under a Creative Commons CC0 1.0 Universal Licence (public domain),ELIGIBLE_OPEN_EXPLICIT,CC0-1.0,True,True,True,6725,4671,42f9012bbe13cf9c39db886547485d4ac9e97d6155fe52d9563638cdcc3340cb,e45365997be8249eb20ff200516ec2c9a765625d844284a9eb94cd9881ae6106,True,shriminakshistotram,True,True,0,0,7,28,0,1,0,,,,,
aryashtakam,आर्याष्टकम्,sa,p1,,,devistotrani,True,आर्याष्टकम्,Government Oriental Manuscripts Library,1961,,Distributed by Ambuda under a Creative Commons CC0 1.0 Universal Licence (public domain),ELIGIBLE_OPEN_EXPLICIT,CC0-1.0,True,True,True,5027,3259,02ddb2541b9af72aa226ae13eb86f00e85b2a47adbb6cb0f5f37166fce3c8bd8,4fd542fc4588fac362d015e4f9b0643f0e47b8b4a10c27f926333178acb499c9,True,aryashtakam,True,True,0,0,10,20,0,1,0,,,,,
shritripurasundaristotram,श्रीत्रिपुरसुन्दरीस्तोत्रम्,sa,p1,,,devistotrani,True,श्रीत्रिपुरसुन्दरीस्तोत्रम्,Government Oriental Manuscripts Library,1961,,Distributed by Ambuda under a Creative Commons CC0 1.0 Universal Licence (public domain),ELIGIBLE_OPEN_EXPLICIT,CC0-1.0,True,True,True,5167,3396,a75685ce61fa869949af32140652961fa1d747eeceb8291ad3e2e5ef64bd179d,b58ff759e4b0e22060864c29536810cddf7f1451b708aac11a2197314c3c83ec,True,shritripurasundaristotram,True,True,0,0,10,20,0,1,0,,,,,
shriminakshidvadashastotram,श्रीमीनाक्षीद्वादशस्तोत्रम्,sa,p1,,,devistotrani,True,श्रीमीनाक्षीद्वादशस्तोत्रम्,Government Oriental Manuscripts Library,1961,,Distributed by Ambuda under a Creative Commons CC0 1.0 Universal Licence (public domain),ELIGIBLE_OPEN_EXPLICIT,CC0-1.0,True,True,True,5804,3939,f4c40ee21d04ce20d75812dcd9020240f9855b143301bbd2b0a58fa655cdafd5,ff5be7536541ca43538322254cd71e1967d0631002a08ea112bcddf9e21fbd4b,True,shriminakshidvadashastotram,True,True,0,0,12,24,0,1,0,,,,,
shriminakshimanimalashtakam,श्रीमीनाक्षीमणिमालाष्टकम्,sa,p1,,,devistotrani,True,श्रीमीनाक्षीमणिमालाष्टकम्,Government Oriental Manuscripts Library,1961,,Distributed by Ambuda under a Creative Commons CC0 1.0 Universal Licence (public domain),ELIGIBLE_OPEN_EXPLICIT,CC0-1.0,True,True,True,5279,3562,d08fbf9597152ce3069cd2b9d01d190e68c3f6d99684b3afb778fd1d3d2840d9,82a93eba1d08b1ddf82b740e2556f478be173dad0aaca6ba759309f0c8b1c709,True,shriminakshimanimalashtakam,True,True,0,0,9,18,0,1,0,,,,,
shrinamamauktikamala,श्रीनाममौक्तिकमाला,sa,p1,,,vishnustotrani,True,श्रीनाममौक्तिकमाला,Government Oriental Manuscripts Library,1961,,Distributed by Ambuda under a Creative Commons CC0 1.0 Universal Licence (public domain),ELIGIBLE_OPEN_EXPLICIT,CC0-1.0,True,True,True,9659,6742,bf65084fcbc1f3f022c77f491bd73ba627b7ca41d85fcc20b2d164b5029bae24,2a9d0ea6cd1e53205b05415f751a24c58d7518aad12b436b6646097fe3f064ea,True,shrinamamauktikamala,True,True,0,0,25,51,0,1,0,,,,,
shridashavataramangalashasanam,श्रीदशावतारमङ्गलाशासनम्,sa,p1,,,vishnustotrani,True,श्रीदशावतारमङ्गलाशासनम्,Government Oriental Manuscripts Library,1961,,Distributed by Ambuda under a Creative Commons CC0 1.0 Universal Licence (public domain),ELIGIBLE_OPEN_EXPLICIT,CC0-1.0,True,True,True,10446,7589,adbbddca96f1b8d264ef9ddc5198c50d8df3270232c6a8cb8f337e793489483b,803ae432c318980d046c45332fd7f5c18fe037cd538481cdd0ade087b4f1c8dd,True,shridashavataramangalashasanam,True,True,0,0,10,38,0,1,0,,,,,
shridashavatarastotram,श्रीदशावतारस्तोत्रम्,sa,p1,,,vishnustotrani,True,श्रीदशावतारस्तोत्रम्,Government Oriental Manuscripts Library,1961,,Distributed by Ambuda under a Creative Commons CC0 1.0 Universal Licence (public domain),ELIGIBLE_OPEN_EXPLICIT,CC0-1.0,True,True,True,5005,3068,c539c53795fe2a363198ef7969a3535f4a9162e0b5fd4a2e96009ec979116315,e403f966d7b0204b42880e4ad4e709e9fc94aaa32ebf83657c9ac7ff2dc48db6,True,shridashavatarastotram,True,True,0,0,7,22,0,1,0,,,,,
shriganeshanavaratnamala,श्रीगणेशनवरत्नमाला,sa,p1,,,ganeshastotrani,True,श्रीगणेशनवरत्नमाला,Government Oriental Manuscripts Library,1961,,Distributed by Ambuda under a Creative Commons CC0 1.0 Universal Licence (public domain),ELIGIBLE_OPEN_EXPLICIT,CC0-1.0,True,True,True,5087,2945,f8dcf1e5055471da60c5d71dbafc7227200bdd20eb0f40ab71e6b3cbaa330732,3f44c53ff0e1e9fb032797ae5b505737a07834565a11c892d7adbc01d2248d4e,True,shriganeshanavaratnamala,True,True,0,0,10,19,0,1,0,,,,,
shriganeshashtakam-2,श्रीगणेशाष्टकम् (२),sa,p1,,,ganeshastotrani,True,श्रीगणेशाष्टकम्,Government Oriental Manuscripts Library,1961,,Distributed by Ambuda under a Creative Commons CC0 1.0 Universal Licence (public domain),ELIGIBLE_OPEN_EXPLICIT,CC0-1.0,True,True,True,4547,2852,170614b9f6992a3f8d3ebf1e48cb2f6be82eb7604e983864c896092a22b626c0,2047c8f0f044d080819acd182d0f5905739b229627324dea9a6ea0600e1b6018,True,shriganeshashtakam,False,False,0,0,9,18,0,1,0,,,,,
shrivinayakastotram,श्रीविनायकस्तोत्रम्,sa,p1,,,ganeshastotrani,True,श्रीविनायकस्तोत्रम्,Government Oriental Manuscripts Library,1961,,Distributed by Ambuda under a Creative Commons CC0 1.0 Universal Licence (public domain),ELIGIBLE_OPEN_EXPLICIT,CC0-1.0,True,True,True,6438,4222,ba5229b084ef9e4545875b09a22bfc9133cc7a024c9fff012985f8d3decb1ad3,25f2a2dbda1ca4b2864a4a8c6100449ac32749f2859b2ba5997c3d10bbf303b9,True,shrivinayakastotram,True,True,0,0,9,34,0,1,0,,,,,
shrikrshnamangalam,श्रीकृष्णमङ्गलम्,sa,p1,,,krshnastotrani,True,श्रीकृष्णमङ्गलम्,Government Oriental Manuscripts Library,1961,,Distributed by Ambuda under a Creative Commons CC0 1.0 Universal Licence (public domain),ELIGIBLE_OPEN_EXPLICIT,CC0-1.0,True,True,True,6973,4816,a82f16ca01d604dcc09adcefe76f1d56a57198b6196db3473058dd7da4bc7129,b32b9c7cd9976a1098790acfac7501ee9aa0d1463e2d1ae34bf6bee9cb032054,True,shrikrshnamangalam,True,True,0,0,17,34,0,1,0,,,,,
shrikrshnastuti,श्रीकृष्णस्तुतिः,sa,p1,,,krshnastotrani,True,श्रीकृष्णस्तुतिः,Government Oriental Manuscripts Library,1961,,Distributed by Ambuda under a Creative Commons CC0 1.0 Universal Licence (public domain),ELIGIBLE_OPEN_EXPLICIT,CC0-1.0,True,True,True,9664,7131,abf1c27bb8c216dfaa6842ce79562381eb3e8a51fd6dda6c5a2e721253caf4db,55e710e22b538dab08022f6baba3da04ed12dcebb4978a8840d0ceea81c481d7,True,shrikrshnastuti,True,True,0,0,23,50,0,1,0,,,,,
shrivimshatyaksharidhyanam,श्रीविंशत्यक्षरीध्यानम्,sa,p1,,,krshnastotrani,True,श्रीविंशत्यक्षरीध्यानम्,Government Oriental Manuscripts Library,1961,,Distributed by Ambuda under a Creative Commons CC0 1.0 Universal Licence (public domain),ELIGIBLE_OPEN_EXPLICIT,CC0-1.0,True,True,True,2712,1411,c711ec5f5c23c03fcf4e03a295a469454c202114b497515ca3fbfa3285af84db,546b81239e0269e9dc3ef6fa00174a645411fd11ed6e810a1f7c38776e7dc17f,True,shrivimshatyaksharidhyanam,True,True,0,0,1,4,0,1,0,,,,,
shri-ashtaksharidhyanam,श्री अष्टाक्षरीध्यानम्,sa,p1,,,krshnastotrani,True,श्री अष्टाक्षरीध्यानम्,Government Oriental Manuscripts Library,1961,,Distributed by Ambuda under a Creative Commons CC0 1.0 Universal Licence (public domain),ELIGIBLE_OPEN_EXPLICIT,CC0-1.0,True,True,True,2691,1390,9a12eb9ed233bb2d05dbb6d83a7a795c4114c4ac1b271d9f94ca01543cbd9d7c,f308052895218baf26c9a6ed7c3ede0ddb571c5ef2ee38911faf1cb50514cc62,True,shri-ashtaksharidhyanam,True,True,0,0,1,4,0,1,0,,,,,
shrisarasvatistotram,श्रीसरस्वतीस्तोत्रम्,sa,p1,,,sarasvatistotrani,True,श्रीसरस्वतीस्तोत्रम्,Government Oriental Manuscripts Library,1961,,Distributed by Ambuda under a Creative Commons CC0 1.0 Universal Licence (public domain),ELIGIBLE_OPEN_EXPLICIT,CC0-1.0,True,True,True,4448,2895,008faa0f128df59a19517b41c90daf36232e3e3a013d643551233de06feac100,85b49775db9695ee11cc1c5b387d7aaf7c403b8fca6be3bafa70777e055aa982,True,shrisarasvatistotram,True,True,0,0,4,16,0,1,0,,,,,
shrisudarshanastotram,श्रीसुदर्शनस्तोत्रम् ,sa,p1,,,vishnustotrani,True,श्रीसुदर्शनस्तोत्रम्,Government Oriental Manuscripts Library,1961,,Distributed by Ambuda under a Creative Commons CC0 1.0 Universal Licence (public domain),ELIGIBLE_OPEN_EXPLICIT,CC0-1.0,True,True,True,7810,5532,c10e1652a0c4c26cb2360e6221238cc74a2b7d3f588bc58b84f735af15965aa9,6a70bdbff0abb03771204fdd8b4f6baf71b64ca30067ba758dea81284187be02,True,shrisudarshanastotram,True,True,0,0,19,38,0,1,0,,,,,
shriharyashtakam,श्रीहर्यष्टकम्,sa,p1,,,vishnustotrani,True,श्रीहर्यष्टकम्,Government Oriental Manuscripts Library,1961,,Distributed by Ambuda under a Creative Commons CC0 1.0 Universal Licence (public domain),ELIGIBLE_OPEN_EXPLICIT,CC0-1.0,True,True,True,5378,3449,7188a59ee06678c0423c5038364969d6c78afc5aa3faba53f81ff97a30f585c9,7ab42a372500e4051bf9f5594e9fe1f1eb7fb4a6b2d23239a9cd80326f84d1b1,True,shriharyashtakam,True,True,0,0,11,22,0,1,0,,,,,
shriagastyeshalingashtakam,श्रीअगस्त्येशलिङ्गाष्टकम्,sa,p1,,,shivastotrani,True,श्रीअगस्त्येशलिङ्गाष्टकम्,Government Oriental Manuscripts Library,1961,,Distributed by Ambuda under a Creative Commons CC0 1.0 Universal Licence (public domain),ELIGIBLE_OPEN_EXPLICIT,CC0-1.0,True,True,True,7972,5645,da1a4ee58407d533762dc41a69ad62b1103ef53177472237403bea319ab57e46,839402b144c6c84e665fe06ad6bb48a0dfbfb0b2904635ab344915b22f4b56ad,True,shriagastyeshalingashtakam,True,True,0,0,9,36,0,1,0,,,,,
shricidambaranatanam,श्रीचिदम्बरनटनम्,sa,p1,,,shivastotrani,True,श्रीचिदम्बरनटनम्,Government Oriental Manuscripts Library,1961,,Distributed by Ambuda under a Creative Commons CC0 1.0 Universal Licence (public domain),ELIGIBLE_OPEN_EXPLICIT,CC0-1.0,True,True,True,9047,6845,4e294c78cdf22c0c2dd93ebdf2d2cde7f6ee026aa6d2440fb911ed150f9a3c2a,c24ea59444cfaa42b3b57ba38043e98f56e044be6a16d446d9d090e68ffd026c,True,shricidambaranatanam,True,True,0,0,11,44,0,1,0,,,,,
shrimangalashlokaramayanam,श्रीमङ्गलश्लोकरामायणम्,sa,p1,,,ramastotrani,True,श्रीमङ्गलश्लोकरामायणम्,Government Oriental Manuscripts Library,1961,,Distributed by Ambuda under a Creative Commons CC0 1.0 Universal Licence (public domain),ELIGIBLE_OPEN_EXPLICIT,CC0-1.0,True,True,True,10740,7733,3de30722f3fa35ba7ff71f336d9d0e56c2293abbbf863b2438c9770e640529d1,461d07f9e63a2520da18f378f9fd3743563eb677e384a915cda130a968ce1d24,True,shrimangalashlokaramayanam,True,True,0,0,29,58,0,1,0,,,,,
shriramavarnamalikastotram,श्रीरामवर्णमालिकास्तोत्रम्,sa,p1,,,ramastotrani,True,श्रीरामवर्णमालिकास्तोत्रम्,Government Oriental Manuscripts Library,1961,,Distributed by Ambuda under a Creative Commons CC0 1.0 Universal Licence (public domain),ELIGIBLE_OPEN_EXPLICIT,CC0-1.0,True,True,True,26391,20547,a8076daeb53a813acdd52698ccd4e7b8cea08deed5045a587319a92849805a0f,249bf31d72cee7f9df1ad31dc44faa7588083be5c758dc45fda12a088c48136d,True,shriramavarnamalikastotram,True,True,0,0,51,203,0,1,0,,,,,
shriaghorashtakam,श्रीअघोराष्टकम्,sa,p1,,,shivastotrani,True,श्रीअघोराष्टकम्,Government Oriental Manuscripts Library,1961,,Distributed by Ambuda under a Creative Commons CC0 1.0 Universal Licence (public domain),ELIGIBLE_OPEN_EXPLICIT,CC0-1.0,True,True,True,8170,5397,d685f6bb398b005a6e470df9dea924f097f60492ef39af9f5c09419888257187,5f6a16db29ac3202402d2fa253367235f7fb3776275b68b89dad239749adfc78,True,shriaghorashtakam,True,True,0,0,8,31,0,1,0,,,,,
shrivinayakastavaraja,श्रीविनायकस्तवराजः,sa,p1,,,ganeshastotrani,True,श्रीविनायकस्तवराजः,Government Oriental Manuscripts Library,1961,,Distributed by Ambuda under a Creative Commons CC0 1.0 Universal Licence (public domain),ELIGIBLE_OPEN_EXPLICIT,CC0-1.0,True,True,True,9202,6293,b572444291f8db3b4bd6bf90d1cd03aec1eb5945e9257883758ad978915363c6,63c34986dacd4e4f28423b584c16226ce879574e1b67ea29693422d4d3bef2c1,True,shrivinayakastavaraja,True,True,0,0,22,45,0,1,0,,,,,
shrishivastotram-2,श्रीशिवस्तोत्रम् (२),sa,p1,,,shivastotrani,True,श्रीशिवस्तोत्रम्,Government Oriental Manuscripts Library,1961,,Distributed by Ambuda under a Creative Commons CC0 1.0 Universal Licence (public domain),ELIGIBLE_OPEN_EXPLICIT,CC0-1.0,True,True,True,3671,2065,fa26cdeebb9ce1e96674728d7f6e7d22483b063b66490658088b85db5b5c4b8e,6f083b3050cc6e2a99dc22658a49f19a80376dba310798f90a0b3fd134ebf7ee,True,shrishivastotram,False,False,0,0,4,16,0,1,0,,,,,
shridashashloki,श्रीदशश्लोकी,sa,p1,,,shivastotrani,True,श्रीदशश्लोकी,Government Oriental Manuscripts Library,1961,,Distributed by Ambuda under a Creative Commons CC0 1.0 Universal Licence (public domain),ELIGIBLE_OPEN_EXPLICIT,CC0-1.0,True,True,True,6728,4505,93fe304cea89a0e13d3c0913355c48113105e0a5fbc001bcb63c6d5a078f8cc4,480bc63d3a47a7cfab9a84cd5d4bb796177905f4240086aa246d2313cc6d0acf,True,shridashashloki,True,True,0,0,10,40,0,1,0,,,,,
shricidambarapancacamarastotram,श्रीचिदम्बरपञ्चचामरस्तोत्रम्,sa,p1,,,shivastotrani,True,श्रीचिदम्बरपञ्चचामरस्तोत्रम्,Government Oriental Manuscripts Library,1961,,Distributed by Ambuda under a Creative Commons CC0 1.0 Universal Licence (public domain),ELIGIBLE_OPEN_EXPLICIT,CC0-1.0,True,True,True,7219,5122,3934107096b126a8fc641c3b593b94abf6be0b1d99318954db918beed4235df7,4b861c92bc515b3a9ad416214a5dd12d79302309a2785450cb9f15b31d834490,True,shricidambarapancacamarastotram,True,True,0,0,10,40,0,1,0,,,,,
shrikalahastishvarashtakam-1,श्रीकालहस्तीश्वराष्टकम् (१),sa,p1,,,shivastotrani,True,श्रीकालहस्तीश्वराष्टकम् (१),Government Oriental Manuscripts Library,1961,,Distributed by Ambuda under a Creative Commons CC0 1.0 Universal Licence (public domain),ELIGIBLE_OPEN_EXPLICIT,CC0-1.0,True,True,True,6002,3936,f6d09884a89214cb71daff6bc38d56a98fb2d1ad277b851c9e5a12ab25a89f50,96692cc384782fe56cd5f759a597148a853a4475abc1b1e6d606328d54984e95,True,shrikalahastishvarashtakam-1,True,True,0,0,8,32,0,1,0,,,,,
shrishankarakavacam,श्रीशङ्करकवचम्,sa,p1,,,shivastotrani,True,श्रीशङ्करकवचम्,Government Oriental Manuscripts Library,1961,,Distributed by Ambuda under a Creative Commons CC0 1.0 Universal Licence (public domain),ELIGIBLE_OPEN_EXPLICIT,CC0-1.0,True,True,True,18763,14471,48d26f704e76bbbae39eebdb9edec50b4f4d9e9032ac7308e79ec332b5ab61c4,b4c812dc99b6a08b7633fcf55391b423284002b8d7f19df5b4259fd8d0fcfc8b,True,shrishankarakavacam,True,True,0,0,55,117,0,1,0,,,,,
shrikalahastishvarastotram,श्रीकालहस्तीश्वरस्तोत्रम्,sa,p1,,,shivastotrani,True,श्रीकालहस्तीश्वरस्तोत्रम्,Government Oriental Manuscripts Library,1961,,Distributed by Ambuda under a Creative Commons CC0 1.0 Universal Licence (public domain),ELIGIBLE_OPEN_EXPLICIT,CC0-1.0,True,True,True,4898,3060,50b91ae45107a23ee506f0ded0aadc3d98cae340183a396648a48cc7566bf674,a0140d1eda2f237633a25b0b4b80c46906221e3c3cef411bef17dc4f30e9d938,True,shrikalahastishvarastotram,True,True,0,0,5,20,0,1,0,,,,,
shritandavastotram-2,श्रीताण्डवस्तोत्रम् (२),sa,p1,,,shivastotrani,True,श्रीताण्डवस्तोत्रम् (२),Government Oriental Manuscripts Library,1961,,Distributed by Ambuda under a Creative Commons CC0 1.0 Universal Licence (public domain),ELIGIBLE_OPEN_EXPLICIT,CC0-1.0,True,True,True,4145,2470,80c491955039a919c3b61855e8c0100483fda6b76a3ffd3ea5a123b48d05ff3e,450ef21355f6b3fbbb1086c733b3af61089293c92cbd59835b974e6c175cdf37,True,shritandavastotram-2,True,True,0,0,5,16,0,1,0,,,,,
shriramakarnamrtam,श्रीरामकर्णामृतम्,sa,p1,,,ramastotrani,True,श्रीरामकर्णामृतम्,Government Oriental Manuscripts Library,1961,,Distributed by Ambuda under a Creative Commons CC0 1.0 Universal Licence (public domain),ELIGIBLE_OPEN_EXPLICIT,CC0-1.0,True,True,True,48388,38487,605a6c2180cdb69af6797c0f01baf64ad8d1f262909b6c8be814d51f936e46d8,da95d3a03877b810db639a95e33605430f9ad00b5bddcf0f0e8914bcded3533b,True,shriramakarnamrtam,True,True,0,0,100,380,0,1,0,,,,,
shriaparadhastava,श्रीअपराधस्तवः,sa,p1,,,shivastotrani,True,श्रीअपराधस्तवः,Government Oriental Manuscripts Library,1961,,Distributed by Ambuda under a Creative Commons CC0 1.0 Universal Licence (public domain),ELIGIBLE_OPEN_EXPLICIT,CC0-1.0,True,True,True,21875,17780,63dd24159e2073defa9761598d8a5192ca6997a9ef39d8585ed48a587e09556d,e67e48a15a9a0a4d665e58ef54350b4e9735a524720b688549c73a730b51696d,True,shriaparadhastava,True,True,0,0,32,128,0,1,0,,,,,
shricandramaulipancakam-1,श्रीचन्द्रमौलिपञ्चकम् (१),sa,p1,,,shivastotrani,True,श्रीचन्द्रमौलिपञ्चकम् (१),Government Oriental Manuscripts Library,1961,,Distributed by Ambuda under a Creative Commons CC0 1.0 Universal Licence (public domain),ELIGIBLE_OPEN_EXPLICIT,CC0-1.0,True,True,True,4654,2920,365496eb7bee52060d2188a329a67f3ed971e0df00fb82d4ba8ee743214adb08,f452932f0c7e7126a61f5c5688bf3c22ba5886c52a72fd0d0ca42db6f132764b,True,shricandramaulipancakam-1,True,True,0,0,5,20,0,1,0,,,,,
shricandramaulipancakam-2,श्रीचन्द्रमौलिपञ्चकम् (२),sa,p1,,,shivastotrani,True,श्रीचन्द्रमौलिपञ्चकम् (२),Government Oriental Manuscripts Library,1961,,Distributed by Ambuda under a Creative Commons CC0 1.0 Universal Licence (public domain),ELIGIBLE_OPEN_EXPLICIT,CC0-1.0,True,True,True,4720,2989,350d821341c2e3caac4e385e0d9e64e71fb0623da94b24884aca470155040fe2,e41032d388b97065397f7710f5f38ef77b63527a17b9f2633217b3b05f674858,True,shricandramaulipancakam-2,True,True,0,0,5,20,0,1,0,,,,,
shrimahadevastuti,श्रीमहादेवस्तुतिः,sa,p1,,,shivastotrani,True,श्रीमहादेवस्तुतिः,Government Oriental Manuscripts Library,1961,,Distributed by Ambuda under a Creative Commons CC0 1.0 Universal Licence (public domain),ELIGIBLE_OPEN_EXPLICIT,CC0-1.0,True,True,True,8700,6242,2c803f73fbed1c2f4bd8886def5ded532b41b3c53acb90e16917feadbdc5fbe4,a7e809e35d66c483e5acf7bd5afe39e0d9ced146cc7c856d8551b793509ff8b9,True,shrimahadevastuti,True,True,0,0,22,45,0,1,0,,,,,
shriciranjiviramayanam,श्रीचिरञ्जीविरामायणम्,sa,p1,,,ramastotrani,True,श्रीचिरञ्जीविरामायणम्,Government Oriental Manuscripts Library,1961,,Distributed by Ambuda under a Creative Commons CC0 1.0 Universal Licence (public domain),ELIGIBLE_OPEN_EXPLICIT,CC0-1.0,True,True,True,6235,4231,5d68facbd620f8352aeeb37c9b68ae0c77741947a8cbb06a80cbb842840b363a,e2c83bc6bba01b6e728b545734e0da2b9792df4fca271b2f9aaf3889b3a21cbd,True,shriciranjiviramayanam,True,True,0,0,6,24,0,1,0,,,,,
shriramaksharamalastotram,श्रीरामाक्षरमालास्तोत्रम्,sa,p1,,,ramastotrani,True,श्रीरामाक्षरमालास्तोत्रम्,Government Oriental Manuscripts Library,1961,,Distributed by Ambuda under a Creative Commons CC0 1.0 Universal Licence (public domain),ELIGIBLE_OPEN_EXPLICIT,CC0-1.0,True,True,True,9082,5652,baa6be2b612d5b34d799e3d4bd17c744bd600a22d95217a6465c25b639ac0220,e7cba324aad107dff49b92b3bab9ba6e95670ce1f4ca79cbf2e52fffead14b3f,True,shriramaksharamalastotram,True,True,0,0,14,47,0,1,0,,,,,
shriraghavastotram,श्रीराघवस्तोत्रम्,sa,p1,,,ramastotrani,True,श्रीराघवस्तोत्रम्,Government Oriental Manuscripts Library,1961,,Distributed by Ambuda under a Creative Commons CC0 1.0 Universal Licence (public domain),ELIGIBLE_OPEN_EXPLICIT,CC0-1.0,True,True,True,6866,4717,09d92ecdc2498e53e41e448221ceb8e0c8c5b88d1813ad0e1d71bdefa6b22de0,3faca3b77bbdb3e7a00523176336c84ba0edcd3a01abbbe8683c27e686b7548e,True,shriraghavastotram,True,True,0,0,17,34,0,1,0,,,,,
shriramastava,श्रीरामस्तवः,sa,p1,,,ramastotrani,True,श्रीरामस्तवः,Government Oriental Manuscripts Library,1961,,Distributed by Ambuda under a Creative Commons CC0 1.0 Universal Licence (public domain),ELIGIBLE_OPEN_EXPLICIT,CC0-1.0,True,True,True,5948,3881,156394e2c375502dac6f975884cb611671020aa636857729c1451ecd648908ba,5a32a5c13a31ce4c817e075821c2e646b6e7200a94631fa165633cc32c560c33,True,shriramastava,True,True,0,0,9,36,0,1,0,,,,,
shrivenkateshastotram-2,श्रीवेङ्कटेशस्तोत्रम् (२),sa,p1,,,venkateshastotrani,True,श्रीवेङ्कटेशस्तोत्रम् (२),Government Oriental Manuscripts Library,1961,,Distributed by Ambuda under a Creative Commons CC0 1.0 Universal Licence (public domain),ELIGIBLE_OPEN_EXPLICIT,CC0-1.0,True,True,True,18924,15005,4680063fb379ea08b43a9094b05e3f1321adb0dc93d338520813ef70d68e0972,28493c85d421c0a13992a4e25f995dd2ced19eb5cf0cc05ad37cba37ddafc004,True,shrivenkateshastotram-2,True,True,0,0,30,117,0,1,0,,,,,
shriramaprapattishatakam,श्रीरामप्रपत्तिशतकम्,sa,p1,,,ramastotrani,True,श्रीरामप्रपत्तिशतकम्,Government Oriental Manuscripts Library,1961,,Distributed by Ambuda under a Creative Commons CC0 1.0 Universal Licence (public domain),ELIGIBLE_OPEN_EXPLICIT,CC0-1.0,True,True,True,53434,41719,29532e01d60f6467f9ab31e472d0456d5186e0529c96d244ff5547dfcc1e6c2e,af605b16d04ae2c72ccba528db6e7746b6ce896cb8e0a251c3f6ae8ba05b8858,True,shriramaprapattishatakam,True,True,0,0,111,438,0,1,0,,,,,
shriparvatimanasastotram,श्रीपार्वतीमानसस्तोत्रम्,sa,p1,,,devistotrani,True,श्रीपार्वतीमानसस्तोत्रम्,Government Oriental Manuscripts Library,1961,,Distributed by Ambuda under a Creative Commons CC0 1.0 Universal Licence (public domain),ELIGIBLE_OPEN_EXPLICIT,CC0-1.0,True,True,True,12575,9479,191977ebeb8bbff202da24b3196c65021a2ecc84bcf3018952adadca1c5626ce,488127af2f04c49f2d3ce929b7a7d0153960bdc799156872ed73168f375ac202,True,shriparvatimanasastotram,True,True,0,0,16,64,0,1,0,,,,,
shrishivastotram-1,श्रीशिवस्तोत्रम् (१),sa,p1,,,shivastotrani,True,श्रीशिवस्तोत्रम् (१),Government Oriental Manuscripts Library,1961,,Distributed by Ambuda under a Creative Commons CC0 1.0 Universal Licence (public domain),ELIGIBLE_OPEN_EXPLICIT,CC0-1.0,True,True,True,8953,6222,eabcd0d2cc290912fd19effce0ffe971e020636c17cc47873802af7b0a55d922,50f5b3d01296afe86780e1cb7879936ea3012c576aa24ae22374df29f27364fb,True,shrishivastotram-1,True,True,0,0,21,42,0,1,0,,,,,
shrigopalastotram,श्रीगोपालस्तोत्रम्,sa,p1,,,krshnastotrani,True,श्रीगोपालस्तोत्रम्,Government Oriental Manuscripts Library,1961,,Distributed by Ambuda under a Creative Commons CC0 1.0 Universal Licence (public domain),ELIGIBLE_OPEN_EXPLICIT,CC0-1.0,True,True,True,6022,3946,cebd87201320c81d78d4f274f36204c49e08cc46dfcf3dfd28ef6916d38b0eaa,86bc29c67e860f04c26d4bc45ae97f467a95067fda9a3ec1ebbebdee67e67c21,True,shrigopalastotram,True,True,0,0,9,36,0,1,0,,,,,
shriganapatimantraksharavali,श्रीगणपतिमन्त्राक्षरावलिः,sa,p1,,,ganeshastotrani,True,श्रीगणपतिमन्त्राक्षरावलिः,Government Oriental Manuscripts Library,1961,,Distributed by Ambuda under a Creative Commons CC0 1.0 Universal Licence (public domain),ELIGIBLE_OPEN_EXPLICIT,CC0-1.0,True,True,True,13176,8866,21e5909392249ecca6677410c30d70323402d886975df807df2b865697fd9e6d,0014abc7b9f0d9fcf46f959ee6b604d203a9c822fd0e708064305c25a9f239b8,True,shriganapatimantraksharavali,True,True,0,0,32,65,0,1,0,,,,,
shriganeshashtakam-1,श्रीगणेशाष्टकम् (१),sa,p1,,,ganeshastotrani,True,श्रीगणेशाष्टकम् (१),Government Oriental Manuscripts Library,1961,,Distributed by Ambuda under a Creative Commons CC0 1.0 Universal Licence (public domain),ELIGIBLE_OPEN_EXPLICIT,CC0-1.0,True,True,True,6229,3812,1f3c7f5c90580b2541a9574eeabd52eabb3a8cf531bb57f264ca785be5a98ca0,282f1ff989cd5e8fa07dc47596c0d57323afe17585474e6c23de958c5e7d2715,True,shriganeshashtakam-1,True,True,0,0,8,32,0,1,0,,,,,
shrividyaganeshashtottarashatanamastotram,श्रीविद्यागणेशाष्टोत्तरशतनामस्तोत्रम्,sa,p1,,,ganeshastotrani,True,श्रीविद्यागणेशाष्टोत्तरशतनामस्तोत्रम्,Government Oriental Manuscripts Library,1961,,Distributed by Ambuda under a Creative Commons CC0 1.0 Universal Licence (public domain),ELIGIBLE_OPEN_EXPLICIT,CC0-1.0,True,True,True,10838,7447,535eb697d8a6e7e407ab696eb2a4518cd2226efa6a27385102060f40718398c6,af4671bea73ab476a2fa2f66ea0416ffea7fc526ef7ae1b0aa0fc782e411caa1,True,shrividyaganeshashtottarashatanamastotram,True,True,0,0,25,51,0,1,0,,,,,
shrimalayarajastuti,श्रीमलयराजस्तुतिः,sa,p1,,,shivastotrani,True,श्रीमलयराजस्तुतिः,Government Oriental Manuscripts Library,1961,,Distributed by Ambuda under a Creative Commons CC0 1.0 Universal Licence (public domain),ELIGIBLE_OPEN_EXPLICIT,CC0-1.0,True,True,True,25292,19898,69b39f6346a3f9899d2b0fca6dda46fc7c06a66a17032ababd305a38a440cd6c,a97fa0a573636ca84361f3414838e82efdfd234a103d9441b5b6b36e13c36eac,True,shrimalayarajastuti,True,True,0,0,72,144,0,1,0,,,,,
shrimatrbhuteshvarastotram,श्रीमातृभूतेश्वरस्तोत्रम्,sa,p1,,,shivastotrani,True,श्रीमातृभूतेश्वरस्तोत्रम्,Government Oriental Manuscripts Library,1961,,Distributed by Ambuda under a Creative Commons CC0 1.0 Universal Licence (public domain),ELIGIBLE_OPEN_EXPLICIT,CC0-1.0,True,True,True,8532,6190,60283ae39642b8d0acee7aefef99fe7402a658a0ee9e56f2a56b5850f2442768,805d8da8564f660327107ea953dba94f45ad5edeb91b2df43ea6a8f7db45cdc5,True,shrimatrbhuteshvarastotram,True,True,0,0,13,49,0,1,0,,,,,
shritandavastotram-1,श्रीताण्डवस्तोत्रम् (१),sa,p1,,,shivastotrani,True,श्रीताण्डवस्तोत्रम्,Government Oriental Manuscripts Library,1961,,Distributed by Ambuda under a Creative Commons CC0 1.0 Universal Licence (public domain),ELIGIBLE_OPEN_EXPLICIT,CC0-1.0,True,True,True,11540,8103,8779f1223d755ec804531dfcc9402206fcea5524a48906f8c9e205251b3d1324,6bdf84a7d8397339c766dcc93a369c61722efcf6455f5256a749af96eaf0825a,True,shritandavastotram,False,False,0,0,20,82,0,1,0,,,,,
shriramanamastuti,श्रीरामनामस्तुतिः,sa,p1,,,ramastotrani,True,श्रीरामनामस्तुतिः,Government Oriental Manuscripts Library,1961,,Distributed by Ambuda under a Creative Commons CC0 1.0 Universal Licence (public domain),ELIGIBLE_OPEN_EXPLICIT,CC0-1.0,True,True,True,4140,2376,7de290eb543aed049c40ffd72b5e387f5f714be97e38d5c5af068cdd251e2357,6cb9d6c407a7d3a57dde1891df0f6f0aa2b780b3a05f17f4ddf2f59da84d4aaa,True,shriramanamastuti,True,True,0,0,5,18,0,1,0,,,,,
shriambikastava,श्रीअम्बिकास्तवः,sa,p1,,,devistotrani,True,श्रीअम्बिकास्तवः,Government Oriental Manuscripts Library,1961,,Distributed by Ambuda under a Creative Commons CC0 1.0 Universal Licence (public domain),ELIGIBLE_OPEN_EXPLICIT,CC0-1.0,True,True,True,6642,4544,baca8efaf4cd419a4a035c9f3c33ca6d25796024c46b9d09c60efac420c4eea1,c53bcff0f7f6d2f71f826c76b9b465d73cfd0daf48521d180d300cb7a57d2b8f,True,shriambikastava,True,True,0,0,10,40,0,1,0,,,,,
shritripurasundaripancaratnastava,श्रीत्रिपुरसुन्दरीपञ्चरत्नस्तवः,sa,p1,,,devistotrani,True,श्रीत्रिपुरसुन्दरीपञ्चरत्नस्तवः,Government Oriental Manuscripts Library,1961,,Distributed by Ambuda under a Creative Commons CC0 1.0 Universal Licence (public domain),ELIGIBLE_OPEN_EXPLICIT,CC0-1.0,True,True,True,4960,3269,ee8b824cd7b67cbfcdeca751a241f26bec37444dfff29dc52c0a98cd9a0304e3,728a7bc37f4b7640fa72dec2855f4fdd12ec8c95d2a539a8a771866b2c1dc4d7,True,shritripurasundaripancaratnastava,True,True,0,0,6,22,0,1,0,,,,,
shrikamakshistotram,श्रीकामाक्षीस्तोत्रम्,sa,p1,,,devistotrani,True,श्रीकामाक्षीस्तोत्रम्,Government Oriental Manuscripts Library,1961,,Distributed by Ambuda under a Creative Commons CC0 1.0 Universal Licence (public domain),ELIGIBLE_OPEN_EXPLICIT,CC0-1.0,True,True,True,7835,5494,a95f05babf670d9c197cee114d727714cd5d9ee103023889dc96419708ac945e,d807e975521aa8d250b1061e5f17847ac8943d7d6aabe0acaa0fdd52f80c6dea,True,shrikamakshistotram,True,True,0,0,9,36,0,1,0,,,,,
shrikamakshistuti,श्रीकामाक्षीस्तुतिः,sa,p1,,,devistotrani,True,श्रीकामाक्षीस्तुतिः,Government Oriental Manuscripts Library,1961,,Distributed by Ambuda under a Creative Commons CC0 1.0 Universal Licence (public domain),ELIGIBLE_OPEN_EXPLICIT,CC0-1.0,True,True,True,21745,17843,3acdf566a0d5f135fc1c878a0f8509a94b09b109c7ec7bef54fd00b677c07867,e90d9d5cf9607908afb87afaf5a907c60231e865b9856b4ce3e79309b709d8bc,True,shrikamakshistuti,True,True,0,0,32,126,0,1,0,,,,,
shridakshayanistotram,श्रीदाक्षायणीस्तोत्रम्,sa,p1,,,devistotrani,True,श्रीदाक्षायणीस्तोत्रम्,Government Oriental Manuscripts Library,1961,,Distributed by Ambuda under a Creative Commons CC0 1.0 Universal Licence (public domain),ELIGIBLE_OPEN_EXPLICIT,CC0-1.0,True,True,True,16586,12555,e189a893adbf94ebcb6ed43ee0aa3158c746fd2d27eecbb7815f564031b67082,bce32787b084a8c7734928dae0458920d42fb380f4f79b9bed5d6687b2d434fc,True,shridakshayanistotram,True,True,0,0,29,108,0,1,0,,,,,
shrigauridashakam,श्रीगौरीदशकम्,sa,p1,,,devistotrani,True,श्रीगौरीदशकम्,Government Oriental Manuscripts Library,1961,,Distributed by Ambuda under a Creative Commons CC0 1.0 Universal Licence (public domain),ELIGIBLE_OPEN_EXPLICIT,CC0-1.0,True,True,True,7763,5034,017888d488f69cc5ec996e3b1237d98ba8a9b27d350083cc64eacdce0e6d7f4b,d813827f3fa7a8d7c48e3e3c07a556c600510171e93da8cbacf9b84a69c11b05,True,shrigauridashakam,True,True,0,0,11,43,0,1,0,,,,,
shriakhilandanayikadandaka,श्री अखिलाण्डनायिकादण्डकः,sa,p1,,,devistotrani,True,श्री अखिलाण्डनायिकादण्डकः,Government Oriental Manuscripts Library,1961,,Distributed by Ambuda under a Creative Commons CC0 1.0 Universal Licence (public domain),ELIGIBLE_OPEN_EXPLICIT,CC0-1.0,True,True,True,14484,12994,9bc4708b690aeb11572eace42c88c13d3293c73b2b9ab0959e72f59f0f4c5bfa,0bf9964c2f906fda7bfe48160293259394f79597ebca7a99a970d370374d371d,True,shriakhilandanayikadandaka,True,True,0,0,2,6,4,1,0,,,,,
shrishivakamasundaryambadandaka,श्रीशिवकामसुन्दर्यम्बादण्डकः,sa,p1,,,devistotrani,True,श्रीशिवकामसुन्दर्यम्बादण्डकः,Government Oriental Manuscripts Library,1961,,Distributed by Ambuda under a Creative Commons CC0 1.0 Universal Licence (public domain),ELIGIBLE_OPEN_EXPLICIT,CC0-1.0,True,True,True,7112,5825,bb67393b1082430cbd7c34876e113858fbe409e18c0464dd76e1743678423e4e,995b6a5b11438a12ae52347ebfc51744d0b0b1af1b11401d4d143425554f17eb,True,shrishivakamasundaryambadandaka,True,True,0,0,0,0,4,1,0,,,,,
shriparvatistotram,श्रीपार्वतीस्तोत्रम्,sa,p1,,,devistotrani,True,श्रीपार्वतीस्तोत्रम्,Government Oriental Manuscripts Library,1961,,Distributed by Ambuda under a Creative Commons CC0 1.0 Universal Licence (public domain),ELIGIBLE_OPEN_EXPLICIT,CC0-1.0,True,True,True,5812,3998,6c520a031e66c3c1d134c4e5ce15dd8663c960e8987bc1f97abc6b478465b0a8,0f01b68cfb2a298c046c64833195398febbcc7dd74a7a35637d7aa6bb0c2fd56,True,shriparvatistotram,True,True,0,0,6,24,0,1,0,,,,,
shritripurapratarbhajanam,श्रीत्रिपुराप्रातर्भजनम्,sa,p1,,,devistotrani,True,श्रीत्रिपुराप्रातर्भजनम्,Government Oriental Manuscripts Library,1961,,Distributed by Ambuda under a Creative Commons CC0 1.0 Universal Licence (public domain),ELIGIBLE_OPEN_EXPLICIT,CC0-1.0,True,True,True,5075,3098,34a6fdfc4d722a24ace78102b5d4635520f420a595523534d520947105e9f8c9,e5bd6eb24585aeccedb90362444846b5fb0e7d8fe48d2470ae046f5a0b228c45,True,shritripurapratarbhajanam,True,True,0,0,6,23,0,1,0,,,,,
shrituriyashodashishrirajarajeshvarikavacam,श्रीतुरीयाषोडशीश्रीराजराजेश्वरीकवचम्,sa,p1,,,devistotrani,True,श्रीतुरीयाषोडशीश्रीराजराजेश्वरीकवचम्,Government Oriental Manuscripts Library,1961,,Distributed by Ambuda under a Creative Commons CC0 1.0 Universal Licence (public domain),ELIGIBLE_OPEN_EXPLICIT,CC0-1.0,True,True,True,24497,18856,07673a5a4551bd2bfb17e466f41464e914d4baf6ecf12692b235108b7e55a656,fca61de366c4e5e594f78f079289964f88c15cf63b9be0ad0c59e11c0439f18e,True,shrituriyashodashishrirajarajeshvarikavacam,True,True,0,0,71,147,0,1,0,,,,,
shrikalyanastavaraja,श्री कल्याणस्तवराजः,sa,p1,,,devistotrani,True,श्री कल्याणस्तवराजः,Government Oriental Manuscripts Library,1961,,Distributed by Ambuda under a Creative Commons CC0 1.0 Universal Licence (public domain),ELIGIBLE_OPEN_EXPLICIT,CC0-1.0,True,True,True,10646,7769,417dedd0087c111231061d7908a8f6d827227a63f45a29f50f6637d20b9915e8,e0097aa6d77c97e33e33685fdb7d241c50788de8e7131382ca5b9954019701fd,True,shrikalyanastavaraja,True,True,0,0,18,71,0,1,0,,,,,
shriranganayikastotram,श्रीरङ्गनायिकास्तोत्रम्,sa,p1,,,devistotrani,True,श्रीरङ्गनायिकास्तोत्रम्,Government Oriental Manuscripts Library,1961,,Distributed by Ambuda under a Creative Commons CC0 1.0 Universal Licence (public domain),ELIGIBLE_OPEN_EXPLICIT,CC0-1.0,True,True,True,12328,9218,0109792a8a025ac1ea11c36c6491f8223310306c4b89c5378584aefb18395f96,a607eabee52a79d74e2b4de562c5e46a629be2cb68a3fb76874bb3bf8f32597c,True,shriranganayikastotram,True,True,0,0,22,85,0,1,0,,,,,
shrisarasvatistotram-siddhasarasvatam,श्रीसरस्वतीस्तोत्रम् सिद्धसारस्वतम्,sa,p1,,,devistotrani,True,श्रीसरस्वतीस्तोत्रम् सिद्धसारस्वतम्,Government Oriental Manuscripts Library,1961,,Distributed by Ambuda under a Creative Commons CC0 1.0 Universal Licence (public domain),ELIGIBLE_OPEN_EXPLICIT,CC0-1.0,True,True,True,10177,7334,ddbe46fb818caad6a5e1014f26c0a65e7b54e63d99fa2b638691f2ba18ce6296,3676ff634c4318f82d98efe3149c078c9a8f1b6e4d3dc0572cf074227a786095,True,shrisarasvatistotram-siddhasarasvatam,True,True,0,0,26,53,0,1,0,,,,,
shrisarasvatiprarthanastotram,श्रीसरस्वतीप्रार्थनास्तोत्रम्,sa,p1,,,devistotrani,True,श्रीसरस्वतीप्रार्थनास्तोत्रम्,Government Oriental Manuscripts Library,1961,,Distributed by Ambuda under a Creative Commons CC0 1.0 Universal Licence (public domain),ELIGIBLE_OPEN_EXPLICIT,CC0-1.0,True,True,True,5331,3467,801d1413f7068de6827a22f50c76110a7154139dabe2cc54b14a0ed309abea96,802fd3278fb9924a7ac779c343a4697deeaa8e607dcf03946607f1c2f56f19ee,True,shrisarasvatiprarthanastotram,True,True,0,0,7,26,0,1,0,,,,,
shrisarasvatistotramahamantra,श्रीसरस्वतीस्तोत्रमहामन्त्रः,sa,p1,,,devistotrani,True,श्रीसरस्वतीस्तोत्रमहामन्त्रः,Government Oriental Manuscripts Library,1961,,Distributed by Ambuda under a Creative Commons CC0 1.0 Universal Licence (public domain),ELIGIBLE_OPEN_EXPLICIT,CC0-1.0,True,True,True,10427,8075,5ec289020f8f77feeadaccf2aca689d873059f7945cde6581efe454393efc004,67434227dc8814a5740d4a7d3012e6c704592b438902899368ff0b3cb2e5ed65,True,shrisarasvatistotramahamantra,True,True,0,0,12,42,2,1,0,,,,,
shrisarasvatidashashlokistotram,श्रीसरस्वतीदशश्लोकीस्तोत्रम्,sa,p1,,,devistotrani,True,श्रीसरस्वतीदशश्लोकीस्तोत्रम्,Government Oriental Manuscripts Library,1961,,Distributed by Ambuda under a Creative Commons CC0 1.0 Universal Licence (public domain),ELIGIBLE_OPEN_EXPLICIT,CC0-1.0,True,True,True,13367,10147,ae8ce1f0632e45b95a400187bd74d6146b73459fd6d421285465c838d18904df,121d9bf868874ea087060a25115c975c0629b916a9f80fbbf1d7008d6425d225,True,shrisarasvatidashashlokistotram,True,True,0,0,35,75,0,1,0,,,,,
shrivanadrinathadayitastotram,श्रीवानाद्रिनाथदयितास्तोत्रम्,sa,p1,,,devistotrani,True,श्रीवानाद्रिनाथदयितास्तोत्रम्,Government Oriental Manuscripts Library,1961,,Distributed by Ambuda under a Creative Commons CC0 1.0 Universal Licence (public domain),ELIGIBLE_OPEN_EXPLICIT,CC0-1.0,True,True,True,10974,8107,fa20bf17efa63aaad5b41ddf33b2e3f6fcfff17d60569774da6ce68dee63330b,8483da1a2646cfefbfe05158f9e396d1f736836a88c2e3ce4f0d11c9ca1d1cd4,True,shrivanadrinathadayitastotram,True,True,0,0,20,78,0,1,0,,,,,
shrigovindarajastuti,श्रीगोविन्दराजस्तुतिः,sa,p1,,,vishnustotrani,True,श्रीगोविन्दराजस्तुतिः,Government Oriental Manuscripts Library,1961,,Distributed by Ambuda under a Creative Commons CC0 1.0 Universal Licence (public domain),ELIGIBLE_OPEN_EXPLICIT,CC0-1.0,True,True,True,7034,4611,d1f75a89d534a3e4a39f35aedc3625f41d0adeab74bdcdabe21f7bcc0eb2f347,d9623e030e35b165706da7d28765cc475db700d1772c07350a3aa8affa2b3db3,True,shrigovindarajastuti,True,True,0,0,14,31,0,1,0,,,,,
shriranganathastotram,श्रीरङ्गनाथस्तोत्रम्,sa,p1,,,vishnustotrani,True,श्रीरङ्गनाथस्तोत्रम्,Government Oriental Manuscripts Library,1961,,Distributed by Ambuda under a Creative Commons CC0 1.0 Universal Licence (public domain),ELIGIBLE_OPEN_EXPLICIT,CC0-1.0,True,True,True,15761,12409,ceecba76adf6983fe5c63324707c3f95b846bc39b8cb0f7611f2702880096f59,1bd8b820aab7d1ccca7565ebb116572f232459bc6ec98aebc15888f90582c092,True,shriranganathastotram,True,True,0,0,25,100,0,1,0,,,,,
shrivarahashtakam,श्रीवराहाष्टकम्,sa,p1,,,vishnustotrani,True,श्रीवराहाष्टकम्,Government Oriental Manuscripts Library,1961,,Distributed by Ambuda under a Creative Commons CC0 1.0 Universal Licence (public domain),ELIGIBLE_OPEN_EXPLICIT,CC0-1.0,True,True,True,5524,3611,5b9148c92310b05791d552a342b989ab775bd3bddbe1719377c5a6b3f5fc5c30,92bea003d955cd7ad48ec7c84f6d090346fbfb4948e20f962fee9c3d8986a586,True,shrivarahashtakam,True,True,0,0,9,32,0,1,0,,,,,
shriramanusmrti,श्रीरामानुस्मृतिः,sa,p1,,,ramastotrani,True,श्रीरामानुस्मृतिः,Government Oriental Manuscripts Library,1961,,Distributed by Ambuda under a Creative Commons CC0 1.0 Universal Licence (public domain),ELIGIBLE_OPEN_EXPLICIT,CC0-1.0,True,True,True,6942,4698,938b8f2b169927efbfd11b56aaa9dae049198f4ebae5bd39825ab5b1f9b2b9c9,f65c05823ae3887997fe5cb6b9df50afaefe697b668a88543c862b184f05874c,True,shriramanusmrti,True,True,0,0,16,32,0,1,0,,,,,
shrihariharastotraratnamala,श्रीहरिहरस्तोत्ररत्नमाला,sa,p1,,,stotrani,True,श्रीहरिहरस्तोत्ररत्नमाला,Government Oriental Manuscripts Library,1961,,Distributed by Ambuda under a Creative Commons CC0 1.0 Universal Licence (public domain),ELIGIBLE_OPEN_EXPLICIT,CC0-1.0,True,True,True,6940,4785,8192f3f6c6983e47ac145f0838831823e5b096ad56f19007d74824df8eed5e59,77d17d955b837763fa6d8587af06825d9d53da8f199a17b15750b555a5512a19,True,shrihariharastotraratnamala,True,True,0,0,11,44,0,1,0,,,,,
shrivaidyanathastava,श्रीवैद्यनाथस्तवः,sa,p1,,,shivastotrani,True,श्रीवैद्यनाथस्तवः,Government Oriental Manuscripts Library,1961,,Distributed by Ambuda under a Creative Commons CC0 1.0 Universal Licence (public domain),ELIGIBLE_OPEN_EXPLICIT,CC0-1.0,True,True,True,7622,5203,103f40ea4834af7fe8ba2a0d311fbb964730c5aa95b544706bd0e9b0dc76c51a,dcbae570a36e8ed5016ccbec7fbc0bdf287f76dcb0696ea86eb98f9359f6d279,True,shrivaidyanathastava,True,True,0,0,19,39,0,1,0,,,,,
shrinateshastava,श्रीनटेशस्तवः,sa,p1,,,shivastotrani,True,श्रीनटेशस्तवः,Government Oriental Manuscripts Library,1961,,Distributed by Ambuda under a Creative Commons CC0 1.0 Universal Licence (public domain),ELIGIBLE_OPEN_EXPLICIT,CC0-1.0,True,True,True,7330,4787,6d51d3ef278bce914da8a677c06b828f199b37de3de05155c6f68b7700f38305,9c2de03c2bf7da3c058bf256d33f78ac364decb55611396d40d4f38a6a9022b2,True,shrinateshastava,True,True,0,0,8,31,0,1,0,,,,,
shrityagarajastava,श्रीत्यागराजस्तवः,sa,p1,,,shivastotrani,True,श्रीत्यागराजस्तवः,Government Oriental Manuscripts Library,1961,,Distributed by Ambuda under a Creative Commons CC0 1.0 Universal Licence (public domain),ELIGIBLE_OPEN_EXPLICIT,CC0-1.0,True,True,True,7442,5137,22ee81a604c1dd2bd0a6b29a5865530b263d0125141a40649dfec122a570feb6,b7f55d710a1059a0b455ffe80d9ee8a21661e53aedac2cb2f6eaca164849aad9,True,shrityagarajastava,True,True,0,0,10,40,0,1,0,,,,,
shrityagarajashtakam-2,श्रीत्यागराजाष्टकम् (२),sa,p1,,,shivastotrani,True,श्रीत्यागराजाष्टकम् (२),Government Oriental Manuscripts Library,1961,,Distributed by Ambuda under a Creative Commons CC0 1.0 Universal Licence (public domain),ELIGIBLE_OPEN_EXPLICIT,CC0-1.0,True,True,True,4882,3151,4ae37812af518b37f2303cab94b301f741e59e4e9099fb8e78bc8bda82fd3299,3730c05782f833258a27c8924752ff38a9a208e561308dc1faa44866c2017100,True,shrityagarajashtakam-2,True,True,0,0,8,16,0,1,0,,,,,
shrishadvarnamantrashtakam-2,श्रीषड्वर्णमन्त्राष्टकम् (२),sa,p1,,,shivastotrani,True,श्रीषड्वर्णमन्त्राष्टकम् (२),Government Oriental Manuscripts Library,1961,,Distributed by Ambuda under a Creative Commons CC0 1.0 Universal Licence (public domain),ELIGIBLE_OPEN_EXPLICIT,CC0-1.0,True,True,True,6460,4259,971972c49733d44bdfccaeea07f2a6e0e1167c1764237574def1a5d9c517a8fb,def3fa99109227e530c36d359b86f60fc29dff230638e637cf04fb2738858db7,True,shrishadvarnamantrashtakam-2,True,True,0,0,9,18,0,1,0,,,,,
shripancakshararthastava,श्रीपञ्चाक्षरार्थस्तवः,sa,p1,,,shivastotrani,True,श्रीपञ्चाक्षरार्थस्तवः,Government Oriental Manuscripts Library,1961,,Distributed by Ambuda under a Creative Commons CC0 1.0 Universal Licence (public domain),ELIGIBLE_OPEN_EXPLICIT,CC0-1.0,True,True,True,6426,4067,fbcd9b79699032d2f28b87d1b87b138afa546de039f41e795d16f8a08e2c35fe,b08c2c42ddc856d8b3464b3a33b64df6e4102341e6741e9069aa6ee415c9b537,True,shripancakshararthastava,True,True,0,0,8,26,0,1,0,,,,,
shrityageshastuti,श्रीत्यागेशस्तुतिः,sa,p1,,,shivastotrani,True,श्रीत्यागेशस्तुतिः,Government Oriental Manuscripts Library,1961,,Distributed by Ambuda under a Creative Commons CC0 1.0 Universal Licence (public domain),ELIGIBLE_OPEN_EXPLICIT,CC0-1.0,True,True,True,4834,3080,56139f7c0f4ca8d1401cb97b750c8083c7b2c9066d3fb6065a7c66e79155f6ee,55539e9fe163f49596e00ca5ef9eabd03ec1f771d75576701550dc7fc91617af,True,shrityageshastuti,True,True,0,0,9,20,0,1,0,,,,,
shripancalingastotram,श्रीपञ्चलिङ्गस्तोत्रम्,sa,p1,,,shivastotrani,True,श्रीपञ्चलिङ्गस्तोत्रम्,Government Oriental Manuscripts Library,1961,,Distributed by Ambuda under a Creative Commons CC0 1.0 Universal Licence (public domain),ELIGIBLE_OPEN_EXPLICIT,CC0-1.0,True,True,True,5236,3244,3e462de6952ba094ccf9b42efd5737d27a816a433844f291ac08f9fd6a4c06c8,f7e0a63abbec9a6285c0d7535bb4efc8d167affe20f08cd028a0cccbad222a40,True,shripancalingastotram,True,True,0,0,6,24,0,1,0,,,,,
shrimahadevashtakam,श्रीमहादेवाष्टकम्,sa,p1,,,shivastotrani,True,श्रीमहादेवाष्टकम्,Government Oriental Manuscripts Library,1961,,Distributed by Ambuda under a Creative Commons CC0 1.0 Universal Licence (public domain),ELIGIBLE_OPEN_EXPLICIT,CC0-1.0,True,True,True,4515,2722,6dbf25e2ac1b8551ddd2826dc2ec07d27bedccbefaeb4807bc6ec6458a691c98,5c109f080bce52aab372722ab4c7c3b413e5d4418a82963810fff5effa013673,True,shrimahadevashtakam,True,True,0,0,9,18,0,1,0,,,,,
yogashikhopanishat,योगशिखोपनिषत्,sa,p1,,,muktikopanishadah,True,योगशिखोपनिषत्,निर्णयसागर-मुद्रणालय,१९४८,,Distributed by Ambuda under a Creative Commons CC0 1.0 Universal Licence (public domain),ELIGIBLE_OPEN_EXPLICIT,CC0-1.0,True,True,True,6277,4124,11dab609b609e8ce7054a4f4520b3fbc0ebea4289a9f8c990e6c9cf51da878fc,21977c577d991cf704916ed6d30aca84d7007ca4e068233b0e0926d56d07f9fb,True,yogashikhopanishat,True,True,3,3,13,22,2,1,0,1,3,,,
