corpus_id,domain,subdomain,corpus_or_collection,current_primary_route,gita_press_partnership_role,confidence,direct_catalog_match_count,matched_product_codes_sample,matched_product_titles_sample,candidate_catalog_categories,potential_plan_change_if_signed,what_gita_press_can_supply,what_it_does_not_replace,fallback_if_partnership_fails,official_evidence_url,assessment_notes
COR-0001,01 Shruti and Vedic,Samhita,Rigveda Samhita — Shakala recension,AGENT_DOWNLOAD_RIGHTS_REVIEW,D_NOT_A_REPLACEMENT,HIGH,0,,,,NO_PRIMARY_ROUTE_CHANGE; optionally add a Gita Press popular edition if catalog-matched,"Popular edition, translation, illustration or devotional explanation only where a matching product exists.","Critical/recensional evidence, population census, official calendrics, inscriptions, media rights or consented fieldwork.",Item-level rights review,https://gitapress.org/catalogue,Role is an acquisition overlay. It does not mark the target complete and does not merge distinct editions.
COR-0002,01 Shruti and Vedic,Samhita,Rigveda Samhita — Bashkala fragments and Khilani,AGENT_DOWNLOAD_RIGHTS_REVIEW,D_NOT_A_REPLACEMENT,HIGH,0,,,,NO_PRIMARY_ROUTE_CHANGE; optionally add a Gita Press popular edition if catalog-matched,"Popular edition, translation, illustration or devotional explanation only where a matching product exists.","Critical/recensional evidence, population census, official calendrics, inscriptions, media rights or consented fieldwork.",Item-level rights review,https://gitapress.org/catalogue,Role is an acquisition overlay. It does not mark the target complete and does not merge distinct editions.
COR-0003,01 Shruti and Vedic,Samhita,Samaveda Samhita — Kauthuma recension,AGENT_DOWNLOAD_RIGHTS_REVIEW,D_NOT_A_REPLACEMENT,HIGH,0,,,,NO_PRIMARY_ROUTE_CHANGE; optionally add a Gita Press popular edition if catalog-matched,"Popular edition, translation, illustration or devotional explanation only where a matching product exists.","Critical/recensional evidence, population census, official calendrics, inscriptions, media rights or consented fieldwork.",Item-level rights review,https://gitapress.org/catalogue,Role is an acquisition overlay. It does not mark the target complete and does not merge distinct editions.
COR-0004,01 Shruti and Vedic,Samhita,Samaveda Samhita — Ranayaniya recension,AGENT_DOWNLOAD_RIGHTS_REVIEW,D_NOT_A_REPLACEMENT,HIGH,0,,,,NO_PRIMARY_ROUTE_CHANGE; optionally add a Gita Press popular edition if catalog-matched,"Popular edition, translation, illustration or devotional explanation only where a matching product exists.","Critical/recensional evidence, population census, official calendrics, inscriptions, media rights or consented fieldwork.",Item-level rights review,https://gitapress.org/catalogue,Role is an acquisition overlay. It does not mark the target complete and does not merge distinct editions.
COR-0005,01 Shruti and Vedic,Samhita,Samaveda Samhita — Jaiminiya/Talavakara recension,AGENT_DOWNLOAD_RIGHTS_REVIEW,D_NOT_A_REPLACEMENT,HIGH,0,,,,NO_PRIMARY_ROUTE_CHANGE; optionally add a Gita Press popular edition if catalog-matched,"Popular edition, translation, illustration or devotional explanation only where a matching product exists.","Critical/recensional evidence, population census, official calendrics, inscriptions, media rights or consented fieldwork.",Item-level rights review,https://gitapress.org/catalogue,Role is an acquisition overlay. It does not mark the target complete and does not merge distinct editions.
COR-0006,01 Shruti and Vedic,Samhita,Shukla Yajurveda — Vajasaneyi Madhyandina Samhita,AGENT_DOWNLOAD_RIGHTS_REVIEW,C_ARCHIVE_OR_RESEARCH_DISCOVERY_POTENTIAL,LOW_UNTIL_ARCHIVE_CATALOG_RECEIVED,0,,,,REQUEST_MANUSCRIPT_AND_RESEARCH_LIBRARY_CATALOG; no route replacement yet,"Possible manuscript metadata, source copies, bibliographic leads or a future edition from the reported archive.","Specialist manuscript institutes, lineage permissions, critical editions and school-specific completeness.",Item-level rights review,https://gitapress.org/catalogue,Role is an acquisition overlay. It does not mark the target complete and does not merge distinct editions.
COR-0007,01 Shruti and Vedic,Samhita,Shukla Yajurveda — Vajasaneyi Kanva Samhita,AGENT_DOWNLOAD_RIGHTS_REVIEW,C_ARCHIVE_OR_RESEARCH_DISCOVERY_POTENTIAL,LOW_UNTIL_ARCHIVE_CATALOG_RECEIVED,0,,,,REQUEST_MANUSCRIPT_AND_RESEARCH_LIBRARY_CATALOG; no route replacement yet,"Possible manuscript metadata, source copies, bibliographic leads or a future edition from the reported archive.","Specialist manuscript institutes, lineage permissions, critical editions and school-specific completeness.",Item-level rights review,https://gitapress.org/catalogue,Role is an acquisition overlay. It does not mark the target complete and does not merge distinct editions.
COR-0008,01 Shruti and Vedic,Samhita,Krishna Yajurveda — Taittiriya Samhita,AGENT_DOWNLOAD_RIGHTS_REVIEW,C_ARCHIVE_OR_RESEARCH_DISCOVERY_POTENTIAL,LOW_UNTIL_ARCHIVE_CATALOG_RECEIVED,0,,,,REQUEST_MANUSCRIPT_AND_RESEARCH_LIBRARY_CATALOG; no route replacement yet,"Possible manuscript metadata, source copies, bibliographic leads or a future edition from the reported archive.","Specialist manuscript institutes, lineage permissions, critical editions and school-specific completeness.",Item-level rights review,https://gitapress.org/catalogue,Role is an acquisition overlay. It does not mark the target complete and does not merge distinct editions.
COR-0009,01 Shruti and Vedic,Samhita,Krishna Yajurveda — Maitrayani Samhita,AGENT_DOWNLOAD_RIGHTS_REVIEW,C_ARCHIVE_OR_RESEARCH_DISCOVERY_POTENTIAL,LOW_UNTIL_ARCHIVE_CATALOG_RECEIVED,0,,,,REQUEST_MANUSCRIPT_AND_RESEARCH_LIBRARY_CATALOG; no route replacement yet,"Possible manuscript metadata, source copies, bibliographic leads or a future edition from the reported archive.","Specialist manuscript institutes, lineage permissions, critical editions and school-specific completeness.",Item-level rights review,https://gitapress.org/catalogue,Role is an acquisition overlay. It does not mark the target complete and does not merge distinct editions.
COR-0010,01 Shruti and Vedic,Samhita,Krishna Yajurveda — Katha Samhita,AGENT_DOWNLOAD_RIGHTS_REVIEW,C_ARCHIVE_OR_RESEARCH_DISCOVERY_POTENTIAL,LOW_UNTIL_ARCHIVE_CATALOG_RECEIVED,0,,,,REQUEST_MANUSCRIPT_AND_RESEARCH_LIBRARY_CATALOG; no route replacement yet,"Possible manuscript metadata, source copies, bibliographic leads or a future edition from the reported archive.","Specialist manuscript institutes, lineage permissions, critical editions and school-specific completeness.",Item-level rights review,https://gitapress.org/catalogue,Role is an acquisition overlay. It does not mark the target complete and does not merge distinct editions.
COR-0011,01 Shruti and Vedic,Samhita,Krishna Yajurveda — Kapisthala-Katha Samhita,AGENT_DOWNLOAD_RIGHTS_REVIEW,C_ARCHIVE_OR_RESEARCH_DISCOVERY_POTENTIAL,LOW_UNTIL_ARCHIVE_CATALOG_RECEIVED,0,,,,REQUEST_MANUSCRIPT_AND_RESEARCH_LIBRARY_CATALOG; no route replacement yet,"Possible manuscript metadata, source copies, bibliographic leads or a future edition from the reported archive.","Specialist manuscript institutes, lineage permissions, critical editions and school-specific completeness.",Item-level rights review,https://gitapress.org/catalogue,Role is an acquisition overlay. It does not mark the target complete and does not merge distinct editions.
COR-0012,01 Shruti and Vedic,Samhita,Atharvaveda — Shaunaka Samhita,AGENT_DOWNLOAD_RIGHTS_REVIEW,C_ARCHIVE_OR_RESEARCH_DISCOVERY_POTENTIAL,LOW_UNTIL_ARCHIVE_CATALOG_RECEIVED,0,,,,REQUEST_MANUSCRIPT_AND_RESEARCH_LIBRARY_CATALOG; no route replacement yet,"Possible manuscript metadata, source copies, bibliographic leads or a future edition from the reported archive.","Specialist manuscript institutes, lineage permissions, critical editions and school-specific completeness.",Item-level rights review,https://gitapress.org/catalogue,Role is an acquisition overlay. It does not mark the target complete and does not merge distinct editions.
COR-0013,01 Shruti and Vedic,Samhita,Atharvaveda — Paippalada Samhita (Kashmir and Odisha witnesses),AGENT_DOWNLOAD_RIGHTS_REVIEW,D_NOT_A_REPLACEMENT,HIGH,0,,,,NO_PRIMARY_ROUTE_CHANGE; optionally add a Gita Press popular edition if catalog-matched,"Popular edition, translation, illustration or devotional explanation only where a matching product exists.","Critical/recensional evidence, population census, official calendrics, inscriptions, media rights or consented fieldwork.",Item-level rights review,https://gitapress.org/catalogue,Role is an acquisition overlay. It does not mark the target complete and does not merge distinct editions.
COR-0014,01 Shruti and Vedic,Brahmana,Aitareya Brahmana,AGENT_DOWNLOAD_RIGHTS_REVIEW,C_ARCHIVE_OR_RESEARCH_DISCOVERY_POTENTIAL,LOW_UNTIL_ARCHIVE_CATALOG_RECEIVED,0,,,,REQUEST_MANUSCRIPT_AND_RESEARCH_LIBRARY_CATALOG; no route replacement yet,"Possible manuscript metadata, source copies, bibliographic leads or a future edition from the reported archive.","Specialist manuscript institutes, lineage permissions, critical editions and school-specific completeness.",Item-level rights review,https://gitapress.org/catalogue,Role is an acquisition overlay. It does not mark the target complete and does not merge distinct editions.
COR-0015,01 Shruti and Vedic,Brahmana,Kaushitaki/Shankhayana Brahmana,AGENT_DOWNLOAD_RIGHTS_REVIEW,C_ARCHIVE_OR_RESEARCH_DISCOVERY_POTENTIAL,LOW_UNTIL_ARCHIVE_CATALOG_RECEIVED,0,,,,REQUEST_MANUSCRIPT_AND_RESEARCH_LIBRARY_CATALOG; no route replacement yet,"Possible manuscript metadata, source copies, bibliographic leads or a future edition from the reported archive.","Specialist manuscript institutes, lineage permissions, critical editions and school-specific completeness.",Item-level rights review,https://gitapress.org/catalogue,Role is an acquisition overlay. It does not mark the target complete and does not merge distinct editions.
COR-0016,01 Shruti and Vedic,Brahmana,Panchavimsha/Tandya Mahabrahmana,AGENT_DOWNLOAD_RIGHTS_REVIEW,C_ARCHIVE_OR_RESEARCH_DISCOVERY_POTENTIAL,LOW_UNTIL_ARCHIVE_CATALOG_RECEIVED,0,,,,REQUEST_MANUSCRIPT_AND_RESEARCH_LIBRARY_CATALOG; no route replacement yet,"Possible manuscript metadata, source copies, bibliographic leads or a future edition from the reported archive.","Specialist manuscript institutes, lineage permissions, critical editions and school-specific completeness.",Item-level rights review,https://gitapress.org/catalogue,Role is an acquisition overlay. It does not mark the target complete and does not merge distinct editions.
COR-0017,01 Shruti and Vedic,Brahmana,Shadvimsha Brahmana,AGENT_DOWNLOAD_RIGHTS_REVIEW,C_ARCHIVE_OR_RESEARCH_DISCOVERY_POTENTIAL,LOW_UNTIL_ARCHIVE_CATALOG_RECEIVED,0,,,,REQUEST_MANUSCRIPT_AND_RESEARCH_LIBRARY_CATALOG; no route replacement yet,"Possible manuscript metadata, source copies, bibliographic leads or a future edition from the reported archive.","Specialist manuscript institutes, lineage permissions, critical editions and school-specific completeness.",Item-level rights review,https://gitapress.org/catalogue,Role is an acquisition overlay. It does not mark the target complete and does not merge distinct editions.
COR-0018,01 Shruti and Vedic,Brahmana,Samavidhana Brahmana,AGENT_DOWNLOAD_RIGHTS_REVIEW,C_ARCHIVE_OR_RESEARCH_DISCOVERY_POTENTIAL,LOW_UNTIL_ARCHIVE_CATALOG_RECEIVED,0,,,,REQUEST_MANUSCRIPT_AND_RESEARCH_LIBRARY_CATALOG; no route replacement yet,"Possible manuscript metadata, source copies, bibliographic leads or a future edition from the reported archive.","Specialist manuscript institutes, lineage permissions, critical editions and school-specific completeness.",Item-level rights review,https://gitapress.org/catalogue,Role is an acquisition overlay. It does not mark the target complete and does not merge distinct editions.
COR-0019,01 Shruti and Vedic,Brahmana,Arsheya Brahmana,AGENT_DOWNLOAD_RIGHTS_REVIEW,C_ARCHIVE_OR_RESEARCH_DISCOVERY_POTENTIAL,LOW_UNTIL_ARCHIVE_CATALOG_RECEIVED,0,,,,REQUEST_MANUSCRIPT_AND_RESEARCH_LIBRARY_CATALOG; no route replacement yet,"Possible manuscript metadata, source copies, bibliographic leads or a future edition from the reported archive.","Specialist manuscript institutes, lineage permissions, critical editions and school-specific completeness.",Item-level rights review,https://gitapress.org/catalogue,Role is an acquisition overlay. It does not mark the target complete and does not merge distinct editions.
COR-0020,01 Shruti and Vedic,Brahmana,Devata/Daivata Brahmana,AGENT_DOWNLOAD_RIGHTS_REVIEW,C_ARCHIVE_OR_RESEARCH_DISCOVERY_POTENTIAL,LOW_UNTIL_ARCHIVE_CATALOG_RECEIVED,0,,,,REQUEST_MANUSCRIPT_AND_RESEARCH_LIBRARY_CATALOG; no route replacement yet,"Possible manuscript metadata, source copies, bibliographic leads or a future edition from the reported archive.","Specialist manuscript institutes, lineage permissions, critical editions and school-specific completeness.",Item-level rights review,https://gitapress.org/catalogue,Role is an acquisition overlay. It does not mark the target complete and does not merge distinct editions.
COR-0021,01 Shruti and Vedic,Brahmana,Chandogya/Mantra Brahmana,AGENT_DOWNLOAD_RIGHTS_REVIEW,C_ARCHIVE_OR_RESEARCH_DISCOVERY_POTENTIAL,LOW_UNTIL_ARCHIVE_CATALOG_RECEIVED,0,,,,REQUEST_MANUSCRIPT_AND_RESEARCH_LIBRARY_CATALOG; no route replacement yet,"Possible manuscript metadata, source copies, bibliographic leads or a future edition from the reported archive.","Specialist manuscript institutes, lineage permissions, critical editions and school-specific completeness.",Item-level rights review,https://gitapress.org/catalogue,Role is an acquisition overlay. It does not mark the target complete and does not merge distinct editions.
COR-0022,01 Shruti and Vedic,Brahmana,Samhitopanishad Brahmana,AGENT_DOWNLOAD_RIGHTS_REVIEW,C_ARCHIVE_OR_RESEARCH_DISCOVERY_POTENTIAL,LOW_UNTIL_ARCHIVE_CATALOG_RECEIVED,0,,,,REQUEST_MANUSCRIPT_AND_RESEARCH_LIBRARY_CATALOG; no route replacement yet,"Possible manuscript metadata, source copies, bibliographic leads or a future edition from the reported archive.","Specialist manuscript institutes, lineage permissions, critical editions and school-specific completeness.",Item-level rights review,https://gitapress.org/catalogue,Role is an acquisition overlay. It does not mark the target complete and does not merge distinct editions.
COR-0023,01 Shruti and Vedic,Brahmana,Vamsha Brahmana,AGENT_DOWNLOAD_RIGHTS_REVIEW,C_ARCHIVE_OR_RESEARCH_DISCOVERY_POTENTIAL,LOW_UNTIL_ARCHIVE_CATALOG_RECEIVED,0,,,,REQUEST_MANUSCRIPT_AND_RESEARCH_LIBRARY_CATALOG; no route replacement yet,"Possible manuscript metadata, source copies, bibliographic leads or a future edition from the reported archive.","Specialist manuscript institutes, lineage permissions, critical editions and school-specific completeness.",Item-level rights review,https://gitapress.org/catalogue,Role is an acquisition overlay. It does not mark the target complete and does not merge distinct editions.
COR-0024,01 Shruti and Vedic,Brahmana,Jaiminiya Brahmana,AGENT_DOWNLOAD_RIGHTS_REVIEW,C_ARCHIVE_OR_RESEARCH_DISCOVERY_POTENTIAL,LOW_UNTIL_ARCHIVE_CATALOG_RECEIVED,0,,,,REQUEST_MANUSCRIPT_AND_RESEARCH_LIBRARY_CATALOG; no route replacement yet,"Possible manuscript metadata, source copies, bibliographic leads or a future edition from the reported archive.","Specialist manuscript institutes, lineage permissions, critical editions and school-specific completeness.",Item-level rights review,https://gitapress.org/catalogue,Role is an acquisition overlay. It does not mark the target complete and does not merge distinct editions.
COR-0025,01 Shruti and Vedic,Brahmana,Jaiminiya Arsheya Brahmana,AGENT_DOWNLOAD_RIGHTS_REVIEW,C_ARCHIVE_OR_RESEARCH_DISCOVERY_POTENTIAL,LOW_UNTIL_ARCHIVE_CATALOG_RECEIVED,0,,,,REQUEST_MANUSCRIPT_AND_RESEARCH_LIBRARY_CATALOG; no route replacement yet,"Possible manuscript metadata, source copies, bibliographic leads or a future edition from the reported archive.","Specialist manuscript institutes, lineage permissions, critical editions and school-specific completeness.",Item-level rights review,https://gitapress.org/catalogue,Role is an acquisition overlay. It does not mark the target complete and does not merge distinct editions.
COR-0026,01 Shruti and Vedic,Brahmana,Jaiminiya Upanishad Brahmana,AGENT_DOWNLOAD_RIGHTS_REVIEW,C_ARCHIVE_OR_RESEARCH_DISCOVERY_POTENTIAL,LOW_UNTIL_ARCHIVE_CATALOG_RECEIVED,0,,,,REQUEST_MANUSCRIPT_AND_RESEARCH_LIBRARY_CATALOG; no route replacement yet,"Possible manuscript metadata, source copies, bibliographic leads or a future edition from the reported archive.","Specialist manuscript institutes, lineage permissions, critical editions and school-specific completeness.",Item-level rights review,https://gitapress.org/catalogue,Role is an acquisition overlay. It does not mark the target complete and does not merge distinct editions.
COR-0027,01 Shruti and Vedic,Brahmana,Taittiriya Brahmana,AGENT_DOWNLOAD_RIGHTS_REVIEW,C_ARCHIVE_OR_RESEARCH_DISCOVERY_POTENTIAL,LOW_UNTIL_ARCHIVE_CATALOG_RECEIVED,0,,,,REQUEST_MANUSCRIPT_AND_RESEARCH_LIBRARY_CATALOG; no route replacement yet,"Possible manuscript metadata, source copies, bibliographic leads or a future edition from the reported archive.","Specialist manuscript institutes, lineage permissions, critical editions and school-specific completeness.",Item-level rights review,https://gitapress.org/catalogue,Role is an acquisition overlay. It does not mark the target complete and does not merge distinct editions.
COR-0028,01 Shruti and Vedic,Brahmana,Shatapatha Brahmana — Madhyandina recension,AGENT_DOWNLOAD_RIGHTS_REVIEW,D_NOT_A_REPLACEMENT,HIGH,0,,,,NO_PRIMARY_ROUTE_CHANGE; optionally add a Gita Press popular edition if catalog-matched,"Popular edition, translation, illustration or devotional explanation only where a matching product exists.","Critical/recensional evidence, population census, official calendrics, inscriptions, media rights or consented fieldwork.",Item-level rights review,https://gitapress.org/catalogue,Role is an acquisition overlay. It does not mark the target complete and does not merge distinct editions.
COR-0029,01 Shruti and Vedic,Brahmana,Shatapatha Brahmana — Kanva recension,AGENT_DOWNLOAD_RIGHTS_REVIEW,D_NOT_A_REPLACEMENT,HIGH,0,,,,NO_PRIMARY_ROUTE_CHANGE; optionally add a Gita Press popular edition if catalog-matched,"Popular edition, translation, illustration or devotional explanation only where a matching product exists.","Critical/recensional evidence, population census, official calendrics, inscriptions, media rights or consented fieldwork.",Item-level rights review,https://gitapress.org/catalogue,Role is an acquisition overlay. It does not mark the target complete and does not merge distinct editions.
COR-0030,01 Shruti and Vedic,Brahmana,Gopatha Brahmana,AGENT_DOWNLOAD_RIGHTS_REVIEW,C_ARCHIVE_OR_RESEARCH_DISCOVERY_POTENTIAL,LOW_UNTIL_ARCHIVE_CATALOG_RECEIVED,0,,,,REQUEST_MANUSCRIPT_AND_RESEARCH_LIBRARY_CATALOG; no route replacement yet,"Possible manuscript metadata, source copies, bibliographic leads or a future edition from the reported archive.","Specialist manuscript institutes, lineage permissions, critical editions and school-specific completeness.",Item-level rights review,https://gitapress.org/catalogue,Role is an acquisition overlay. It does not mark the target complete and does not merge distinct editions.
COR-0031,01 Shruti and Vedic,Aranyaka,Aitareya Aranyaka,AGENT_DOWNLOAD_RIGHTS_REVIEW,C_ARCHIVE_OR_RESEARCH_DISCOVERY_POTENTIAL,LOW_UNTIL_ARCHIVE_CATALOG_RECEIVED,0,,,,REQUEST_MANUSCRIPT_AND_RESEARCH_LIBRARY_CATALOG; no route replacement yet,"Possible manuscript metadata, source copies, bibliographic leads or a future edition from the reported archive.","Specialist manuscript institutes, lineage permissions, critical editions and school-specific completeness.",Item-level rights review,https://gitapress.org/catalogue,Role is an acquisition overlay. It does not mark the target complete and does not merge distinct editions.
COR-0032,01 Shruti and Vedic,Aranyaka,Kaushitaki/Shankhayana Aranyaka,AGENT_DOWNLOAD_RIGHTS_REVIEW,C_ARCHIVE_OR_RESEARCH_DISCOVERY_POTENTIAL,LOW_UNTIL_ARCHIVE_CATALOG_RECEIVED,0,,,,REQUEST_MANUSCRIPT_AND_RESEARCH_LIBRARY_CATALOG; no route replacement yet,"Possible manuscript metadata, source copies, bibliographic leads or a future edition from the reported archive.","Specialist manuscript institutes, lineage permissions, critical editions and school-specific completeness.",Item-level rights review,https://gitapress.org/catalogue,Role is an acquisition overlay. It does not mark the target complete and does not merge distinct editions.
COR-0033,01 Shruti and Vedic,Aranyaka,Taittiriya Aranyaka,AGENT_DOWNLOAD_RIGHTS_REVIEW,C_ARCHIVE_OR_RESEARCH_DISCOVERY_POTENTIAL,LOW_UNTIL_ARCHIVE_CATALOG_RECEIVED,0,,,,REQUEST_MANUSCRIPT_AND_RESEARCH_LIBRARY_CATALOG; no route replacement yet,"Possible manuscript metadata, source copies, bibliographic leads or a future edition from the reported archive.","Specialist manuscript institutes, lineage permissions, critical editions and school-specific completeness.",Item-level rights review,https://gitapress.org/catalogue,Role is an acquisition overlay. It does not mark the target complete and does not merge distinct editions.
COR-0034,01 Shruti and Vedic,Aranyaka,Talavakara/Jaiminiya Upanishad Brahmana aranyaka material,AGENT_DOWNLOAD_RIGHTS_REVIEW,C_ARCHIVE_OR_RESEARCH_DISCOVERY_POTENTIAL,LOW_UNTIL_ARCHIVE_CATALOG_RECEIVED,0,,,,REQUEST_MANUSCRIPT_AND_RESEARCH_LIBRARY_CATALOG; no route replacement yet,"Possible manuscript metadata, source copies, bibliographic leads or a future edition from the reported archive.","Specialist manuscript institutes, lineage permissions, critical editions and school-specific completeness.",Item-level rights review,https://gitapress.org/catalogue,Role is an acquisition overlay. It does not mark the target complete and does not merge distinct editions.
COR-0035,01 Shruti and Vedic,Aranyaka,Brihadaranyaka — Madhyandina recension,AGENT_DOWNLOAD_RIGHTS_REVIEW,D_NOT_A_REPLACEMENT,HIGH,0,,,,NO_PRIMARY_ROUTE_CHANGE; optionally add a Gita Press popular edition if catalog-matched,"Popular edition, translation, illustration or devotional explanation only where a matching product exists.","Critical/recensional evidence, population census, official calendrics, inscriptions, media rights or consented fieldwork.",Item-level rights review,https://gitapress.org/catalogue,Role is an acquisition overlay. It does not mark the target complete and does not merge distinct editions.
COR-0036,01 Shruti and Vedic,Aranyaka,Brihadaranyaka — Kanva recension,AGENT_DOWNLOAD_RIGHTS_REVIEW,D_NOT_A_REPLACEMENT,HIGH,0,,,,NO_PRIMARY_ROUTE_CHANGE; optionally add a Gita Press popular edition if catalog-matched,"Popular edition, translation, illustration or devotional explanation only where a matching product exists.","Critical/recensional evidence, population census, official calendrics, inscriptions, media rights or consented fieldwork.",Item-level rights review,https://gitapress.org/catalogue,Role is an acquisition overlay. It does not mark the target complete and does not merge distinct editions.
COR-0037,01 Shruti and Vedic,Principal Upanishads,Isha Upanishad,AGENT_DOWNLOAD_RIGHTS_REVIEW,A_DIRECT_PUBLISHED_EDITION_CANDIDATE,HIGH,5,66 | 1106 | 1421 | 1603 | 1844,Ishadi Nau Upanishad  – The Nine Principal Upanishads with Sanskrit Text and Hindi Commentary by | Language: Hindi | Code: 66 | Ishavasyopanishad | Ishadi Nau Upanishad  – The Nine Principal Upanishads with Sanskrit Text and Adi Shankaracharya Bhashya Commentary by | Language: Hindi | Code: 1421 | Ishadi Nau Upanishad  – The Nine Principal Upanishads with Bangla Commentary by | Language: Bangla | Code: 1603 | Ishavasyopanishad,Puran Upanishad and Others,PARTNERSHIP_FIRST_FOR_GITA_PRESS_EDITION; retain other editions and witnesses as separate requirements,"Catalog metadata, print/digital master, complete Gita Press edition, language variants, cover/illustrations and update history—subject to agreement.","Other publishers, critical editions, regional recensions not in catalog, or manuscript witnesses.",Item-level rights review,https://gitapress.org/catalogue,Role is an acquisition overlay. It does not mark the target complete and does not merge distinct editions.
COR-0038,01 Shruti and Vedic,Principal Upanishads,Kena Upanishad,AGENT_DOWNLOAD_RIGHTS_REVIEW,A_DIRECT_PUBLISHED_EDITION_CANDIDATE,MEDIUM,1,68,Kenopanishad,Puran Upanishad and Others,PARTNERSHIP_FIRST_FOR_GITA_PRESS_EDITION; retain other editions and witnesses as separate requirements,"Catalog metadata, print/digital master, complete Gita Press edition, language variants, cover/illustrations and update history—subject to agreement.","Other publishers, critical editions, regional recensions not in catalog, or manuscript witnesses.",Item-level rights review,https://gitapress.org/catalogue,Role is an acquisition overlay. It does not mark the target complete and does not merge distinct editions.
COR-0039,01 Shruti and Vedic,Principal Upanishads,Katha Upanishad,AGENT_DOWNLOAD_RIGHTS_REVIEW,A_DIRECT_PUBLISHED_EDITION_CANDIDATE,HIGH,3,578 | 989 | 990,Katha Upanishad – Sanskrit Text with Hindi Translation & Adi Shankaracharya Bhashya Commentary by | Language: Hindi | Code: 578 | Kathopanishad Sarlarthamu | Kathopanishad Srishankarachary Bhashyanusarasu  (Telugu),Puran Upanishad and Others,PARTNERSHIP_FIRST_FOR_GITA_PRESS_EDITION; retain other editions and witnesses as separate requirements,"Catalog metadata, print/digital master, complete Gita Press edition, language variants, cover/illustrations and update history—subject to agreement.","Other publishers, critical editions, regional recensions not in catalog, or manuscript witnesses.",Item-level rights review,https://gitapress.org/catalogue,Role is an acquisition overlay. It does not mark the target complete and does not merge distinct editions.
COR-0040,01 Shruti and Vedic,Principal Upanishads,Prashna Upanishad,AGENT_DOWNLOAD_RIGHTS_REVIEW,A_DIRECT_PUBLISHED_EDITION_CANDIDATE,MEDIUM,1,70,Prashna Upanishad – Sanskrit Text with Hindi Translation & Adi Shankaracharya Bhashya Commentary by | Language: Hindi | Code: 70,Puran Upanishad and Others,PARTNERSHIP_FIRST_FOR_GITA_PRESS_EDITION; retain other editions and witnesses as separate requirements,"Catalog metadata, print/digital master, complete Gita Press edition, language variants, cover/illustrations and update history—subject to agreement.","Other publishers, critical editions, regional recensions not in catalog, or manuscript witnesses.",Item-level rights review,https://gitapress.org/catalogue,Role is an acquisition overlay. It does not mark the target complete and does not merge distinct editions.
COR-0041,01 Shruti and Vedic,Principal Upanishads,Mundaka Upanishad,AGENT_DOWNLOAD_RIGHTS_REVIEW,A_DIRECT_PUBLISHED_EDITION_CANDIDATE,HIGH,2,513 | 2065,Mundaka Upanishad – Sanskrit Text with Hindi Translation & Adi shankaracharya Bhashya Commentary by | Language: Hindi | Code: 513 | Mundakopnishad Shrishankaracharya Bhashyasahitam  (Telugu),Puran Upanishad and Others,PARTNERSHIP_FIRST_FOR_GITA_PRESS_EDITION; retain other editions and witnesses as separate requirements,"Catalog metadata, print/digital master, complete Gita Press edition, language variants, cover/illustrations and update history—subject to agreement.","Other publishers, critical editions, regional recensions not in catalog, or manuscript witnesses.",Item-level rights review,https://gitapress.org/catalogue,Role is an acquisition overlay. It does not mark the target complete and does not merge distinct editions.
COR-0042,01 Shruti and Vedic,Principal Upanishads,Mandukya Upanishad and Gaudapada Karika,AGENT_DOWNLOAD_RIGHTS_REVIEW,A_DIRECT_PUBLISHED_EDITION_CANDIDATE,MEDIUM,1,69,Mandukya Upanishad – Sanskrit Text with Hindi Translation & Adi Shankaracharya Bhashya  Commentary  by | Language: Hindi | Code: 69,Puran Upanishad and Others,PARTNERSHIP_FIRST_FOR_GITA_PRESS_EDITION; retain other editions and witnesses as separate requirements,"Catalog metadata, print/digital master, complete Gita Press edition, language variants, cover/illustrations and update history—subject to agreement.","Other publishers, critical editions, regional recensions not in catalog, or manuscript witnesses.",Item-level rights review,https://gitapress.org/catalogue,Role is an acquisition overlay. It does not mark the target complete and does not merge distinct editions.
COR-0043,01 Shruti and Vedic,Principal Upanishads,Taittiriya Upanishad,AGENT_DOWNLOAD_RIGHTS_REVIEW,A_DIRECT_PUBLISHED_EDITION_CANDIDATE,MEDIUM,1,71,Taittiriya Upanishad – Sanskrit Text with Hindi Translation & Adi Shankaracharya Bhashya Commentary by | Language: Hindi | Code: 71,Puran Upanishad and Others,PARTNERSHIP_FIRST_FOR_GITA_PRESS_EDITION; retain other editions and witnesses as separate requirements,"Catalog metadata, print/digital master, complete Gita Press edition, language variants, cover/illustrations and update history—subject to agreement.","Other publishers, critical editions, regional recensions not in catalog, or manuscript witnesses.",Item-level rights review,https://gitapress.org/catalogue,Role is an acquisition overlay. It does not mark the target complete and does not merge distinct editions.
COR-0044,01 Shruti and Vedic,Principal Upanishads,Aitareya Upanishad,AGENT_DOWNLOAD_RIGHTS_REVIEW,A_DIRECT_PUBLISHED_EDITION_CANDIDATE,MEDIUM,1,72,Aitareya Upanishad – Sanskrit Text with Hindi Translation & Adi Shankaracharya Bhashya Commentary by | Language: Hindi | Code: 72,Puran Upanishad and Others,PARTNERSHIP_FIRST_FOR_GITA_PRESS_EDITION; retain other editions and witnesses as separate requirements,"Catalog metadata, print/digital master, complete Gita Press edition, language variants, cover/illustrations and update history—subject to agreement.","Other publishers, critical editions, regional recensions not in catalog, or manuscript witnesses.",Item-level rights review,https://gitapress.org/catalogue,Role is an acquisition overlay. It does not mark the target complete and does not merge distinct editions.
COR-0045,01 Shruti and Vedic,Principal Upanishads,Chandogya Upanishad,AGENT_DOWNLOAD_RIGHTS_REVIEW,A_DIRECT_PUBLISHED_EDITION_CANDIDATE,MEDIUM,1,582,Chandogya Upanishad – Sanskrit Text with Hindi Translation & Adi Shankaracharya Bhashya Commentary by | Language: Hindi | Code: 582,Puran Upanishad and Others,PARTNERSHIP_FIRST_FOR_GITA_PRESS_EDITION; retain other editions and witnesses as separate requirements,"Catalog metadata, print/digital master, complete Gita Press edition, language variants, cover/illustrations and update history—subject to agreement.","Other publishers, critical editions, regional recensions not in catalog, or manuscript witnesses.",Item-level rights review,https://gitapress.org/catalogue,Role is an acquisition overlay. It does not mark the target complete and does not merge distinct editions.
COR-0046,01 Shruti and Vedic,Principal Upanishads,Brihadaranyaka Upanishad,AGENT_DOWNLOAD_RIGHTS_REVIEW,A_DIRECT_PUBLISHED_EDITION_CANDIDATE,MEDIUM,1,577,Brihadaranyaka Upanishad – Sanskrit Text with Hindi Translation & Adi Shankaracharya Bhashya Commentary by | Language: Hindi | Code: 577,Puran Upanishad and Others,PARTNERSHIP_FIRST_FOR_GITA_PRESS_EDITION; retain other editions and witnesses as separate requirements,"Catalog metadata, print/digital master, complete Gita Press edition, language variants, cover/illustrations and update history—subject to agreement.","Other publishers, critical editions, regional recensions not in catalog, or manuscript witnesses.",Item-level rights review,https://gitapress.org/catalogue,Role is an acquisition overlay. It does not mark the target complete and does not merge distinct editions.
COR-0047,01 Shruti and Vedic,Principal Upanishads,Shvetashvatara Upanishad,AGENT_DOWNLOAD_RIGHTS_REVIEW,A_DIRECT_PUBLISHED_EDITION_CANDIDATE,MEDIUM,1,73,Shvetashvatara Upanishad  – Sanskrit Text with Hindi Translation & Adi shankaracharya Bhashya Commentary by | Language: Hindi | Code: 73,Puran Upanishad and Others,PARTNERSHIP_FIRST_FOR_GITA_PRESS_EDITION; retain other editions and witnesses as separate requirements,"Catalog metadata, print/digital master, complete Gita Press edition, language variants, cover/illustrations and update history—subject to agreement.","Other publishers, critical editions, regional recensions not in catalog, or manuscript witnesses.",Item-level rights review,https://gitapress.org/catalogue,Role is an acquisition overlay. It does not mark the target complete and does not merge distinct editions.
COR-0048,01 Shruti and Vedic,Principal Upanishads,Kaushitaki Upanishad,AGENT_DOWNLOAD_RIGHTS_REVIEW,C_ARCHIVE_OR_RESEARCH_DISCOVERY_POTENTIAL,LOW_UNTIL_ARCHIVE_CATALOG_RECEIVED,0,,,,REQUEST_MANUSCRIPT_AND_RESEARCH_LIBRARY_CATALOG; no route replacement yet,"Possible manuscript metadata, source copies, bibliographic leads or a future edition from the reported archive.","Specialist manuscript institutes, lineage permissions, critical editions and school-specific completeness.",Item-level rights review,https://gitapress.org/catalogue,Role is an acquisition overlay. It does not mark the target complete and does not merge distinct editions.
COR-0049,01 Shruti and Vedic,Principal Upanishads,Maitri/Maitrayaniya Upanishad,AGENT_DOWNLOAD_RIGHTS_REVIEW,C_ARCHIVE_OR_RESEARCH_DISCOVERY_POTENTIAL,LOW_UNTIL_ARCHIVE_CATALOG_RECEIVED,0,,,,REQUEST_MANUSCRIPT_AND_RESEARCH_LIBRARY_CATALOG; no route replacement yet,"Possible manuscript metadata, source copies, bibliographic leads or a future edition from the reported archive.","Specialist manuscript institutes, lineage permissions, critical editions and school-specific completeness.",Item-level rights review,https://gitapress.org/catalogue,Role is an acquisition overlay. It does not mark the target complete and does not merge distinct editions.
COR-0050,01 Shruti and Vedic,Minor Upanishads,Muktika canon of 108 Upanishads,AGENT_DOWNLOAD_RIGHTS_REVIEW,C_ARCHIVE_OR_RESEARCH_DISCOVERY_POTENTIAL,LOW_UNTIL_ARCHIVE_CATALOG_RECEIVED,0,,,,REQUEST_MANUSCRIPT_AND_RESEARCH_LIBRARY_CATALOG; no route replacement yet,"Possible manuscript metadata, source copies, bibliographic leads or a future edition from the reported archive.","Specialist manuscript institutes, lineage permissions, critical editions and school-specific completeness.",Item-level rights review,https://gitapress.org/catalogue,Role is an acquisition overlay. It does not mark the target complete and does not merge distinct editions.
COR-0051,01 Shruti and Vedic,Vedanga and ancillary Vedic corpus,Shiksha corpus (phonetics and recitation manuals),AGENT_DOWNLOAD_RIGHTS_REVIEW,C_ARCHIVE_OR_RESEARCH_DISCOVERY_POTENTIAL,LOW_UNTIL_ARCHIVE_CATALOG_RECEIVED,0,,,,REQUEST_MANUSCRIPT_AND_RESEARCH_LIBRARY_CATALOG; no route replacement yet,"Possible manuscript metadata, source copies, bibliographic leads or a future edition from the reported archive.","Specialist manuscript institutes, lineage permissions, critical editions and school-specific completeness.",Item-level rights review,https://gitapress.org/catalogue,Role is an acquisition overlay. It does not mark the target complete and does not merge distinct editions.
COR-0052,01 Shruti and Vedic,Vedanga and ancillary Vedic corpus,Pratishakhya corpus by Vedic school,AGENT_DOWNLOAD_RIGHTS_REVIEW,C_ARCHIVE_OR_RESEARCH_DISCOVERY_POTENTIAL,LOW_UNTIL_ARCHIVE_CATALOG_RECEIVED,0,,,,REQUEST_MANUSCRIPT_AND_RESEARCH_LIBRARY_CATALOG; no route replacement yet,"Possible manuscript metadata, source copies, bibliographic leads or a future edition from the reported archive.","Specialist manuscript institutes, lineage permissions, critical editions and school-specific completeness.",Item-level rights review,https://gitapress.org/catalogue,Role is an acquisition overlay. It does not mark the target complete and does not merge distinct editions.
COR-0053,01 Shruti and Vedic,Vedanga and ancillary Vedic corpus,Chandas corpus including Pingala,AGENT_DOWNLOAD_RIGHTS_REVIEW,C_ARCHIVE_OR_RESEARCH_DISCOVERY_POTENTIAL,LOW_UNTIL_ARCHIVE_CATALOG_RECEIVED,0,,,,REQUEST_MANUSCRIPT_AND_RESEARCH_LIBRARY_CATALOG; no route replacement yet,"Possible manuscript metadata, source copies, bibliographic leads or a future edition from the reported archive.","Specialist manuscript institutes, lineage permissions, critical editions and school-specific completeness.",Item-level rights review,https://gitapress.org/catalogue,Role is an acquisition overlay. It does not mark the target complete and does not merge distinct editions.
COR-0054,01 Shruti and Vedic,Vedanga and ancillary Vedic corpus,Vyakarana Vedic corpus including Panini and predecessors,AGENT_DOWNLOAD_RIGHTS_REVIEW,C_ARCHIVE_OR_RESEARCH_DISCOVERY_POTENTIAL,LOW_UNTIL_ARCHIVE_CATALOG_RECEIVED,0,,,,REQUEST_MANUSCRIPT_AND_RESEARCH_LIBRARY_CATALOG; no route replacement yet,"Possible manuscript metadata, source copies, bibliographic leads or a future edition from the reported archive.","Specialist manuscript institutes, lineage permissions, critical editions and school-specific completeness.",Item-level rights review,https://gitapress.org/catalogue,Role is an acquisition overlay. It does not mark the target complete and does not merge distinct editions.
COR-0055,01 Shruti and Vedic,Vedanga and ancillary Vedic corpus,Nirukta and Nighantu corpus,AGENT_DOWNLOAD_RIGHTS_REVIEW,C_ARCHIVE_OR_RESEARCH_DISCOVERY_POTENTIAL,LOW_UNTIL_ARCHIVE_CATALOG_RECEIVED,0,,,,REQUEST_MANUSCRIPT_AND_RESEARCH_LIBRARY_CATALOG; no route replacement yet,"Possible manuscript metadata, source copies, bibliographic leads or a future edition from the reported archive.","Specialist manuscript institutes, lineage permissions, critical editions and school-specific completeness.",Item-level rights review,https://gitapress.org/catalogue,Role is an acquisition overlay. It does not mark the target complete and does not merge distinct editions.
COR-0056,01 Shruti and Vedic,Vedanga and ancillary Vedic corpus,Kalpa — Shrautasutra corpus by school,AGENT_DOWNLOAD_RIGHTS_REVIEW,C_ARCHIVE_OR_RESEARCH_DISCOVERY_POTENTIAL,LOW_UNTIL_ARCHIVE_CATALOG_RECEIVED,0,,,,REQUEST_MANUSCRIPT_AND_RESEARCH_LIBRARY_CATALOG; no route replacement yet,"Possible manuscript metadata, source copies, bibliographic leads or a future edition from the reported archive.","Specialist manuscript institutes, lineage permissions, critical editions and school-specific completeness.",Item-level rights review,https://gitapress.org/catalogue,Role is an acquisition overlay. It does not mark the target complete and does not merge distinct editions.
COR-0057,01 Shruti and Vedic,Vedanga and ancillary Vedic corpus,Kalpa — Grihyasutra corpus by school,AGENT_DOWNLOAD_RIGHTS_REVIEW,C_ARCHIVE_OR_RESEARCH_DISCOVERY_POTENTIAL,LOW_UNTIL_ARCHIVE_CATALOG_RECEIVED,0,,,,REQUEST_MANUSCRIPT_AND_RESEARCH_LIBRARY_CATALOG; no route replacement yet,"Possible manuscript metadata, source copies, bibliographic leads or a future edition from the reported archive.","Specialist manuscript institutes, lineage permissions, critical editions and school-specific completeness.",Item-level rights review,https://gitapress.org/catalogue,Role is an acquisition overlay. It does not mark the target complete and does not merge distinct editions.
COR-0058,01 Shruti and Vedic,Vedanga and ancillary Vedic corpus,Kalpa — Dharmasutra corpus by school,AGENT_DOWNLOAD_RIGHTS_REVIEW,C_ARCHIVE_OR_RESEARCH_DISCOVERY_POTENTIAL,LOW_UNTIL_ARCHIVE_CATALOG_RECEIVED,0,,,,REQUEST_MANUSCRIPT_AND_RESEARCH_LIBRARY_CATALOG; no route replacement yet,"Possible manuscript metadata, source copies, bibliographic leads or a future edition from the reported archive.","Specialist manuscript institutes, lineage permissions, critical editions and school-specific completeness.",Item-level rights review,https://gitapress.org/catalogue,Role is an acquisition overlay. It does not mark the target complete and does not merge distinct editions.
COR-0059,01 Shruti and Vedic,Vedanga and ancillary Vedic corpus,Kalpa — Shulbasutra corpus,AGENT_DOWNLOAD_RIGHTS_REVIEW,C_ARCHIVE_OR_RESEARCH_DISCOVERY_POTENTIAL,LOW_UNTIL_ARCHIVE_CATALOG_RECEIVED,0,,,,REQUEST_MANUSCRIPT_AND_RESEARCH_LIBRARY_CATALOG; no route replacement yet,"Possible manuscript metadata, source copies, bibliographic leads or a future edition from the reported archive.","Specialist manuscript institutes, lineage permissions, critical editions and school-specific completeness.",Item-level rights review,https://gitapress.org/catalogue,Role is an acquisition overlay. It does not mark the target complete and does not merge distinct editions.
COR-0060,01 Shruti and Vedic,Vedanga and ancillary Vedic corpus,Vedanga Jyotisha recensions and commentaries,AGENT_DOWNLOAD_RIGHTS_REVIEW,D_NOT_A_REPLACEMENT,HIGH,0,,,,NO_PRIMARY_ROUTE_CHANGE; optionally add a Gita Press popular edition if catalog-matched,"Popular edition, translation, illustration or devotional explanation only where a matching product exists.","Critical/recensional evidence, population census, official calendrics, inscriptions, media rights or consented fieldwork.",Item-level rights review,https://gitapress.org/catalogue,Role is an acquisition overlay. It does not mark the target complete and does not merge distinct editions.
COR-0061,01 Shruti and Vedic,Vedanga and ancillary Vedic corpus,"Anukramani, Parishishta, Khila and prayoga corpora by Vedic school",AGENT_DOWNLOAD_RIGHTS_REVIEW,C_ARCHIVE_OR_RESEARCH_DISCOVERY_POTENTIAL,LOW_UNTIL_ARCHIVE_CATALOG_RECEIVED,0,,,,REQUEST_MANUSCRIPT_AND_RESEARCH_LIBRARY_CATALOG; no route replacement yet,"Possible manuscript metadata, source copies, bibliographic leads or a future edition from the reported archive.","Specialist manuscript institutes, lineage permissions, critical editions and school-specific completeness.",Item-level rights review,https://gitapress.org/catalogue,Role is an acquisition overlay. It does not mark the target complete and does not merge distinct editions.
COR-0062,01 Shruti and Vedic,Oral heritage,Complete Vedic recitation audio/video by shakha and patha,USER_NEGOTIATE_INSTITUTION,D_NOT_A_REPLACEMENT,HIGH,0,,,,NO_PRIMARY_ROUTE_CHANGE; optionally add a Gita Press popular edition if catalog-matched,"Popular edition, translation, illustration or devotional explanation only where a matching product exists.","Critical/recensional evidence, population census, official calendrics, inscriptions, media rights or consented fieldwork.",Partnership and performer consent; fund recording where no complete archive exists,https://gitapress.org/catalogue,Role is an acquisition overlay. It does not mark the target complete and does not merge distinct editions.
COR-0063,02 Itihasa,Mahabharata Sanskrit,"Mahabharata — BORI Critical Edition, 18 parvans",USER_BUY_PHYSICAL_SCAN,D_NOT_A_REPLACEMENT,HIGH,42,32 | 33 | 34 | 35 | 36 | 37 | 38 | 39 | 263 | 511 | 720 | 728 | 766 | 894 | 979 | 980 | 1245 | 1354 | 1386 | 1538,"Mahabharat - Volume 1 (Adi Parva & Sabha Parva, Illustrated Hindi Translation) | Language: Hindi | Code: 32 | Mahabharat – Volume 2 (Van Parva & Virat Parva, Illustrated Hindi Translation) | Language: Hindi | Code: 33 | Mahabharat - Volume 3 (Udyoga Parva & Bhishma Parva, Illustrated Hindi Translation) | Language: Hindi | Code: 34 | Mahabharat - Volume 4 Sampurna Mahakavya with Simple Hindi Translation & Illustrations | Language: Hindi | Code: 35 | Mahabharat-Volume 5 (Shanti Parva) With Illustrations and Simple Hindi Translation | Language: Hindi | Code: 36 | Mahabharat-Volume 6 Anushasan, Ashwamedhika, Ashramavasika, Mausal, Mahaprasthanika & Svargarohan Parva With Illustrations and Simple Hindi Translation | Language: Hindi | Code: 37 | Mahabharat– Khilbhag Shri Harivansh Puran | Language: Hindi | Code: 38 | Sankshipt Mahabharat – Part 1 of 2  – Concise Mahabharata with Sanskrit Verses & Hindi Explanation by | Language: Hindi | Code: 39",Devotee Characters | Picture-Stories | Puran Upanishad and Others | Republished Special Issues of 'KALYAN' | Shri Jayadayal Ji Goyandka,NO_PRIMARY_ROUTE_CHANGE; optionally add a Gita Press popular edition if catalog-matched,"Popular edition, translation, illustration or devotional explanation only where a matching product exists.","Critical/recensional evidence, population census, official calendrics, inscriptions, media rights or consented fieldwork.",Purchase exact edition/volume set and scan; separately request digital/publication rights,https://gitapress.org/catalogue,Role is an acquisition overlay. It does not mark the target complete and does not merge distinct editions.
COR-0064,02 Itihasa,Mahabharata Sanskrit,Mahabharata — BORI Critical Edition critical apparatus,USER_BUY_PHYSICAL_SCAN,D_NOT_A_REPLACEMENT,HIGH,42,32 | 33 | 34 | 35 | 36 | 37 | 38 | 39 | 263 | 511 | 720 | 728 | 766 | 894 | 979 | 980 | 1245 | 1354 | 1386 | 1538,"Mahabharat - Volume 1 (Adi Parva & Sabha Parva, Illustrated Hindi Translation) | Language: Hindi | Code: 32 | Mahabharat – Volume 2 (Van Parva & Virat Parva, Illustrated Hindi Translation) | Language: Hindi | Code: 33 | Mahabharat - Volume 3 (Udyoga Parva & Bhishma Parva, Illustrated Hindi Translation) | Language: Hindi | Code: 34 | Mahabharat - Volume 4 Sampurna Mahakavya with Simple Hindi Translation & Illustrations | Language: Hindi | Code: 35 | Mahabharat-Volume 5 (Shanti Parva) With Illustrations and Simple Hindi Translation | Language: Hindi | Code: 36 | Mahabharat-Volume 6 Anushasan, Ashwamedhika, Ashramavasika, Mausal, Mahaprasthanika & Svargarohan Parva With Illustrations and Simple Hindi Translation | Language: Hindi | Code: 37 | Mahabharat– Khilbhag Shri Harivansh Puran | Language: Hindi | Code: 38 | Sankshipt Mahabharat – Part 1 of 2  – Concise Mahabharata with Sanskrit Verses & Hindi Explanation by | Language: Hindi | Code: 39",Devotee Characters | Picture-Stories | Puran Upanishad and Others | Republished Special Issues of 'KALYAN' | Shri Jayadayal Ji Goyandka,NO_PRIMARY_ROUTE_CHANGE; optionally add a Gita Press popular edition if catalog-matched,"Popular edition, translation, illustration or devotional explanation only where a matching product exists.","Critical/recensional evidence, population census, official calendrics, inscriptions, media rights or consented fieldwork.",Purchase exact edition/volume set and scan; separately request digital/publication rights,https://gitapress.org/catalogue,Role is an acquisition overlay. It does not mark the target complete and does not merge distinct editions.
COR-0065,02 Itihasa,Mahabharata Sanskrit,Mahabharata — Nilakantha vulgate edition,USER_BUY_PHYSICAL_SCAN,B_SUPPLEMENTARY_PUBLISHED_SOURCE,MEDIUM,42,32 | 33 | 34 | 35 | 36 | 37 | 38 | 39 | 263 | 511 | 720 | 728 | 766 | 894 | 979 | 980 | 1245 | 1354 | 1386 | 1538,"Mahabharat - Volume 1 (Adi Parva & Sabha Parva, Illustrated Hindi Translation) | Language: Hindi | Code: 32 | Mahabharat – Volume 2 (Van Parva & Virat Parva, Illustrated Hindi Translation) | Language: Hindi | Code: 33 | Mahabharat - Volume 3 (Udyoga Parva & Bhishma Parva, Illustrated Hindi Translation) | Language: Hindi | Code: 34 | Mahabharat - Volume 4 Sampurna Mahakavya with Simple Hindi Translation & Illustrations | Language: Hindi | Code: 35 | Mahabharat-Volume 5 (Shanti Parva) With Illustrations and Simple Hindi Translation | Language: Hindi | Code: 36 | Mahabharat-Volume 6 Anushasan, Ashwamedhika, Ashramavasika, Mausal, Mahaprasthanika & Svargarohan Parva With Illustrations and Simple Hindi Translation | Language: Hindi | Code: 37 | Mahabharat– Khilbhag Shri Harivansh Puran | Language: Hindi | Code: 38 | Sankshipt Mahabharat – Part 1 of 2  – Concise Mahabharata with Sanskrit Verses & Hindi Explanation by | Language: Hindi | Code: 39",Devotee Characters | Picture-Stories | Puran Upanishad and Others | Republished Special Issues of 'KALYAN' | Shri Jayadayal Ji Goyandka,ADD_GITA_PRESS_AS_SUPPLEMENTARY_SOURCE; do not close the master target on this evidence alone,"A relevant published treatment, translation, commentary, story or devotional edition.",The complete multi-tradition corpus target and its non-Gita-Press versions.,Purchase exact edition/volume set and scan; separately request digital/publication rights,https://gitapress.org/catalogue,Role is an acquisition overlay. It does not mark the target complete and does not merge distinct editions.
COR-0066,02 Itihasa,Mahabharata Sanskrit,Mahabharata — Southern recension editions,USER_BUY_PHYSICAL_SCAN,D_NOT_A_REPLACEMENT,HIGH,42,32 | 33 | 34 | 35 | 36 | 37 | 38 | 39 | 263 | 511 | 720 | 728 | 766 | 894 | 979 | 980 | 1245 | 1354 | 1386 | 1538,"Mahabharat - Volume 1 (Adi Parva & Sabha Parva, Illustrated Hindi Translation) | Language: Hindi | Code: 32 | Mahabharat – Volume 2 (Van Parva & Virat Parva, Illustrated Hindi Translation) | Language: Hindi | Code: 33 | Mahabharat - Volume 3 (Udyoga Parva & Bhishma Parva, Illustrated Hindi Translation) | Language: Hindi | Code: 34 | Mahabharat - Volume 4 Sampurna Mahakavya with Simple Hindi Translation & Illustrations | Language: Hindi | Code: 35 | Mahabharat-Volume 5 (Shanti Parva) With Illustrations and Simple Hindi Translation | Language: Hindi | Code: 36 | Mahabharat-Volume 6 Anushasan, Ashwamedhika, Ashramavasika, Mausal, Mahaprasthanika & Svargarohan Parva With Illustrations and Simple Hindi Translation | Language: Hindi | Code: 37 | Mahabharat– Khilbhag Shri Harivansh Puran | Language: Hindi | Code: 38 | Sankshipt Mahabharat – Part 1 of 2  – Concise Mahabharata with Sanskrit Verses & Hindi Explanation by | Language: Hindi | Code: 39",Devotee Characters | Picture-Stories | Puran Upanishad and Others | Republished Special Issues of 'KALYAN' | Shri Jayadayal Ji Goyandka,NO_PRIMARY_ROUTE_CHANGE; optionally add a Gita Press popular edition if catalog-matched,"Popular edition, translation, illustration or devotional explanation only where a matching product exists.","Critical/recensional evidence, population census, official calendrics, inscriptions, media rights or consented fieldwork.",Purchase exact edition/volume set and scan; separately request digital/publication rights,https://gitapress.org/catalogue,Role is an acquisition overlay. It does not mark the target complete and does not merge distinct editions.
COR-0067,02 Itihasa,Mahabharata Sanskrit,Mahabharata — Northern recension editions,USER_BUY_PHYSICAL_SCAN,D_NOT_A_REPLACEMENT,HIGH,42,32 | 33 | 34 | 35 | 36 | 37 | 38 | 39 | 263 | 511 | 720 | 728 | 766 | 894 | 979 | 980 | 1245 | 1354 | 1386 | 1538,"Mahabharat - Volume 1 (Adi Parva & Sabha Parva, Illustrated Hindi Translation) | Language: Hindi | Code: 32 | Mahabharat – Volume 2 (Van Parva & Virat Parva, Illustrated Hindi Translation) | Language: Hindi | Code: 33 | Mahabharat - Volume 3 (Udyoga Parva & Bhishma Parva, Illustrated Hindi Translation) | Language: Hindi | Code: 34 | Mahabharat - Volume 4 Sampurna Mahakavya with Simple Hindi Translation & Illustrations | Language: Hindi | Code: 35 | Mahabharat-Volume 5 (Shanti Parva) With Illustrations and Simple Hindi Translation | Language: Hindi | Code: 36 | Mahabharat-Volume 6 Anushasan, Ashwamedhika, Ashramavasika, Mausal, Mahaprasthanika & Svargarohan Parva With Illustrations and Simple Hindi Translation | Language: Hindi | Code: 37 | Mahabharat– Khilbhag Shri Harivansh Puran | Language: Hindi | Code: 38 | Sankshipt Mahabharat – Part 1 of 2  – Concise Mahabharata with Sanskrit Verses & Hindi Explanation by | Language: Hindi | Code: 39",Devotee Characters | Picture-Stories | Puran Upanishad and Others | Republished Special Issues of 'KALYAN' | Shri Jayadayal Ji Goyandka,NO_PRIMARY_ROUTE_CHANGE; optionally add a Gita Press popular edition if catalog-matched,"Popular edition, translation, illustration or devotional explanation only where a matching product exists.","Critical/recensional evidence, population census, official calendrics, inscriptions, media rights or consented fieldwork.",Purchase exact edition/volume set and scan; separately request digital/publication rights,https://gitapress.org/catalogue,Role is an acquisition overlay. It does not mark the target complete and does not merge distinct editions.
COR-0068,02 Itihasa,Mahabharata Sanskrit,Harivamsha — BORI Critical Edition,USER_BUY_PHYSICAL_SCAN,D_NOT_A_REPLACEMENT,HIGH,3,38 | 1589 | 2098,Mahabharat– Khilbhag Shri Harivansh Puran | Language: Hindi | Code: 38 | Shrimad Harivansh Puran | Language: Hindi | Code: 1589 | Harivansh Puran | Language: Gujarati | Code: 2098,Puran Upanishad and Others,NO_PRIMARY_ROUTE_CHANGE; optionally add a Gita Press popular edition if catalog-matched,"Popular edition, translation, illustration or devotional explanation only where a matching product exists.","Critical/recensional evidence, population census, official calendrics, inscriptions, media rights or consented fieldwork.",Purchase exact edition/volume set and scan; separately request digital/publication rights,https://gitapress.org/catalogue,Role is an acquisition overlay. It does not mark the target complete and does not merge distinct editions.
COR-0069,02 Itihasa,Mahabharata Sanskrit,Harivamsha — vulgate and regional recensions,USER_BUY_PHYSICAL_SCAN,D_NOT_A_REPLACEMENT,HIGH,3,38 | 1589 | 2098,Mahabharat– Khilbhag Shri Harivansh Puran | Language: Hindi | Code: 38 | Shrimad Harivansh Puran | Language: Hindi | Code: 1589 | Harivansh Puran | Language: Gujarati | Code: 2098,Puran Upanishad and Others,NO_PRIMARY_ROUTE_CHANGE; optionally add a Gita Press popular edition if catalog-matched,"Popular edition, translation, illustration or devotional explanation only where a matching product exists.","Critical/recensional evidence, population census, official calendrics, inscriptions, media rights or consented fieldwork.",Purchase exact edition/volume set and scan; separately request digital/publication rights,https://gitapress.org/catalogue,Role is an acquisition overlay. It does not mark the target complete and does not merge distinct editions.
COR-0070,02 Itihasa,Mahabharata Sanskrit,Mahabharata khilas and supplementary passages,USER_BUY_PHYSICAL_SCAN,B_SUPPLEMENTARY_PUBLISHED_SOURCE,MEDIUM,42,32 | 33 | 34 | 35 | 36 | 37 | 38 | 39 | 263 | 511 | 720 | 728 | 766 | 894 | 979 | 980 | 1245 | 1354 | 1386 | 1538,"Mahabharat - Volume 1 (Adi Parva & Sabha Parva, Illustrated Hindi Translation) | Language: Hindi | Code: 32 | Mahabharat – Volume 2 (Van Parva & Virat Parva, Illustrated Hindi Translation) | Language: Hindi | Code: 33 | Mahabharat - Volume 3 (Udyoga Parva & Bhishma Parva, Illustrated Hindi Translation) | Language: Hindi | Code: 34 | Mahabharat - Volume 4 Sampurna Mahakavya with Simple Hindi Translation & Illustrations | Language: Hindi | Code: 35 | Mahabharat-Volume 5 (Shanti Parva) With Illustrations and Simple Hindi Translation | Language: Hindi | Code: 36 | Mahabharat-Volume 6 Anushasan, Ashwamedhika, Ashramavasika, Mausal, Mahaprasthanika & Svargarohan Parva With Illustrations and Simple Hindi Translation | Language: Hindi | Code: 37 | Mahabharat– Khilbhag Shri Harivansh Puran | Language: Hindi | Code: 38 | Sankshipt Mahabharat – Part 1 of 2  – Concise Mahabharata with Sanskrit Verses & Hindi Explanation by | Language: Hindi | Code: 39",Devotee Characters | Picture-Stories | Puran Upanishad and Others | Republished Special Issues of 'KALYAN' | Shri Jayadayal Ji Goyandka,ADD_GITA_PRESS_AS_SUPPLEMENTARY_SOURCE; do not close the master target on this evidence alone,"A relevant published treatment, translation, commentary, story or devotional edition.",The complete multi-tradition corpus target and its non-Gita-Press versions.,Purchase exact edition/volume set and scan; separately request digital/publication rights,https://gitapress.org/catalogue,Role is an acquisition overlay. It does not mark the target complete and does not merge distinct editions.
COR-0071,02 Itihasa,Mahabharata translations and commentaries,Kisari Mohan Ganguli English translation,AGENT_DOWNLOAD_RIGHTS_REVIEW,D_NOT_A_REPLACEMENT,HIGH,0,,,,NO_ROUTE_CHANGE,Only incidental or contextual Gita Press material if later identified.,The target's primary source population.,Acquire public-domain editions automatically; user purchases and permissions for protected translations,https://gitapress.org/catalogue,Role is an acquisition overlay. It does not mark the target complete and does not merge distinct editions.
COR-0072,02 Itihasa,Mahabharata translations and commentaries,Manmatha Nath Dutt English translation,AGENT_DOWNLOAD_RIGHTS_REVIEW,D_NOT_A_REPLACEMENT,HIGH,0,,,,NO_ROUTE_CHANGE,Only incidental or contextual Gita Press material if later identified.,The target's primary source population.,Acquire public-domain editions automatically; user purchases and permissions for protected translations,https://gitapress.org/catalogue,Role is an acquisition overlay. It does not mark the target complete and does not merge distinct editions.
COR-0073,02 Itihasa,Mahabharata translations and commentaries,Bibek Debroy English translation,AGENT_DOWNLOAD_RIGHTS_REVIEW,D_NOT_A_REPLACEMENT,HIGH,0,,,,NO_ROUTE_CHANGE,Only incidental or contextual Gita Press material if later identified.,The target's primary source population.,Acquire public-domain editions automatically; user purchases and permissions for protected translations,https://gitapress.org/catalogue,Role is an acquisition overlay. It does not mark the target complete and does not merge distinct editions.
COR-0074,02 Itihasa,Mahabharata translations and commentaries,University of Chicago Mahabharata translation series,AGENT_DOWNLOAD_RIGHTS_REVIEW,B_SUPPLEMENTARY_PUBLISHED_SOURCE,MEDIUM,42,32 | 33 | 34 | 35 | 36 | 37 | 38 | 39 | 263 | 511 | 720 | 728 | 766 | 894 | 979 | 980 | 1245 | 1354 | 1386 | 1538,"Mahabharat - Volume 1 (Adi Parva & Sabha Parva, Illustrated Hindi Translation) | Language: Hindi | Code: 32 | Mahabharat – Volume 2 (Van Parva & Virat Parva, Illustrated Hindi Translation) | Language: Hindi | Code: 33 | Mahabharat - Volume 3 (Udyoga Parva & Bhishma Parva, Illustrated Hindi Translation) | Language: Hindi | Code: 34 | Mahabharat - Volume 4 Sampurna Mahakavya with Simple Hindi Translation & Illustrations | Language: Hindi | Code: 35 | Mahabharat-Volume 5 (Shanti Parva) With Illustrations and Simple Hindi Translation | Language: Hindi | Code: 36 | Mahabharat-Volume 6 Anushasan, Ashwamedhika, Ashramavasika, Mausal, Mahaprasthanika & Svargarohan Parva With Illustrations and Simple Hindi Translation | Language: Hindi | Code: 37 | Mahabharat– Khilbhag Shri Harivansh Puran | Language: Hindi | Code: 38 | Sankshipt Mahabharat – Part 1 of 2  – Concise Mahabharata with Sanskrit Verses & Hindi Explanation by | Language: Hindi | Code: 39",Devotee Characters | Picture-Stories | Puran Upanishad and Others | Republished Special Issues of 'KALYAN' | Shri Jayadayal Ji Goyandka,ADD_GITA_PRESS_AS_SUPPLEMENTARY_SOURCE; do not close the master target on this evidence alone,"A relevant published treatment, translation, commentary, story or devotional edition.",The complete multi-tradition corpus target and its non-Gita-Press versions.,Acquire public-domain editions automatically; user purchases and permissions for protected translations,https://gitapress.org/catalogue,Role is an acquisition overlay. It does not mark the target complete and does not merge distinct editions.
COR-0075,02 Itihasa,Mahabharata translations and commentaries,Clay Sanskrit Library Mahabharata volumes,AGENT_DOWNLOAD_RIGHTS_REVIEW,B_SUPPLEMENTARY_PUBLISHED_SOURCE,MEDIUM,42,32 | 33 | 34 | 35 | 36 | 37 | 38 | 39 | 263 | 511 | 720 | 728 | 766 | 894 | 979 | 980 | 1245 | 1354 | 1386 | 1538,"Mahabharat - Volume 1 (Adi Parva & Sabha Parva, Illustrated Hindi Translation) | Language: Hindi | Code: 32 | Mahabharat – Volume 2 (Van Parva & Virat Parva, Illustrated Hindi Translation) | Language: Hindi | Code: 33 | Mahabharat - Volume 3 (Udyoga Parva & Bhishma Parva, Illustrated Hindi Translation) | Language: Hindi | Code: 34 | Mahabharat - Volume 4 Sampurna Mahakavya with Simple Hindi Translation & Illustrations | Language: Hindi | Code: 35 | Mahabharat-Volume 5 (Shanti Parva) With Illustrations and Simple Hindi Translation | Language: Hindi | Code: 36 | Mahabharat-Volume 6 Anushasan, Ashwamedhika, Ashramavasika, Mausal, Mahaprasthanika & Svargarohan Parva With Illustrations and Simple Hindi Translation | Language: Hindi | Code: 37 | Mahabharat– Khilbhag Shri Harivansh Puran | Language: Hindi | Code: 38 | Sankshipt Mahabharat – Part 1 of 2  – Concise Mahabharata with Sanskrit Verses & Hindi Explanation by | Language: Hindi | Code: 39",Devotee Characters | Picture-Stories | Puran Upanishad and Others | Republished Special Issues of 'KALYAN' | Shri Jayadayal Ji Goyandka,ADD_GITA_PRESS_AS_SUPPLEMENTARY_SOURCE; do not close the master target on this evidence alone,"A relevant published treatment, translation, commentary, story or devotional edition.",The complete multi-tradition corpus target and its non-Gita-Press versions.,Acquire public-domain editions automatically; user purchases and permissions for protected translations,https://gitapress.org/catalogue,Role is an acquisition overlay. It does not mark the target complete and does not merge distinct editions.
COR-0076,02 Itihasa,Mahabharata translations and commentaries,Gita Press Hindi Mahabharata,AGENT_DOWNLOAD_RIGHTS_REVIEW,A_DIRECT_PUBLISHED_EDITION_CANDIDATE,HIGH,42,32 | 33 | 34 | 35 | 36 | 37 | 38 | 39 | 263 | 511 | 720 | 728 | 766 | 894 | 979 | 980 | 1245 | 1354 | 1386 | 1538,"Mahabharat - Volume 1 (Adi Parva & Sabha Parva, Illustrated Hindi Translation) | Language: Hindi | Code: 32 | Mahabharat – Volume 2 (Van Parva & Virat Parva, Illustrated Hindi Translation) | Language: Hindi | Code: 33 | Mahabharat - Volume 3 (Udyoga Parva & Bhishma Parva, Illustrated Hindi Translation) | Language: Hindi | Code: 34 | Mahabharat - Volume 4 Sampurna Mahakavya with Simple Hindi Translation & Illustrations | Language: Hindi | Code: 35 | Mahabharat-Volume 5 (Shanti Parva) With Illustrations and Simple Hindi Translation | Language: Hindi | Code: 36 | Mahabharat-Volume 6 Anushasan, Ashwamedhika, Ashramavasika, Mausal, Mahaprasthanika & Svargarohan Parva With Illustrations and Simple Hindi Translation | Language: Hindi | Code: 37 | Mahabharat– Khilbhag Shri Harivansh Puran | Language: Hindi | Code: 38 | Sankshipt Mahabharat – Part 1 of 2  – Concise Mahabharata with Sanskrit Verses & Hindi Explanation by | Language: Hindi | Code: 39",Devotee Characters | Picture-Stories | Puran Upanishad and Others | Republished Special Issues of 'KALYAN' | Shri Jayadayal Ji Goyandka,PARTNERSHIP_FIRST_FOR_GITA_PRESS_EDITION; retain other editions and witnesses as separate requirements,"Catalog metadata, print/digital master, complete Gita Press edition, language variants, cover/illustrations and update history—subject to agreement.","Other publishers, critical editions, regional recensions not in catalog, or manuscript witnesses.",Acquire public-domain editions automatically; user purchases and permissions for protected translations,https://gitapress.org/catalogue,Role is an acquisition overlay. It does not mark the target complete and does not merge distinct editions.
COR-0077,02 Itihasa,Mahabharata translations and commentaries,Bengali Kashiram Das Mahabharata,AGENT_DOWNLOAD_RIGHTS_REVIEW,B_SUPPLEMENTARY_PUBLISHED_SOURCE,MEDIUM,42,32 | 33 | 34 | 35 | 36 | 37 | 38 | 39 | 263 | 511 | 720 | 728 | 766 | 894 | 979 | 980 | 1245 | 1354 | 1386 | 1538,"Mahabharat - Volume 1 (Adi Parva & Sabha Parva, Illustrated Hindi Translation) | Language: Hindi | Code: 32 | Mahabharat – Volume 2 (Van Parva & Virat Parva, Illustrated Hindi Translation) | Language: Hindi | Code: 33 | Mahabharat - Volume 3 (Udyoga Parva & Bhishma Parva, Illustrated Hindi Translation) | Language: Hindi | Code: 34 | Mahabharat - Volume 4 Sampurna Mahakavya with Simple Hindi Translation & Illustrations | Language: Hindi | Code: 35 | Mahabharat-Volume 5 (Shanti Parva) With Illustrations and Simple Hindi Translation | Language: Hindi | Code: 36 | Mahabharat-Volume 6 Anushasan, Ashwamedhika, Ashramavasika, Mausal, Mahaprasthanika & Svargarohan Parva With Illustrations and Simple Hindi Translation | Language: Hindi | Code: 37 | Mahabharat– Khilbhag Shri Harivansh Puran | Language: Hindi | Code: 38 | Sankshipt Mahabharat – Part 1 of 2  – Concise Mahabharata with Sanskrit Verses & Hindi Explanation by | Language: Hindi | Code: 39",Devotee Characters | Picture-Stories | Puran Upanishad and Others | Republished Special Issues of 'KALYAN' | Shri Jayadayal Ji Goyandka,ADD_GITA_PRESS_AS_SUPPLEMENTARY_SOURCE; do not close the master target on this evidence alone,"A relevant published treatment, translation, commentary, story or devotional edition.",The complete multi-tradition corpus target and its non-Gita-Press versions.,Acquire public-domain editions automatically; user purchases and permissions for protected translations,https://gitapress.org/catalogue,Role is an acquisition overlay. It does not mark the target complete and does not merge distinct editions.
COR-0078,02 Itihasa,Mahabharata translations and commentaries,Odia Sarala Mahabharata,AGENT_DOWNLOAD_RIGHTS_REVIEW,B_SUPPLEMENTARY_PUBLISHED_SOURCE,MEDIUM,42,32 | 33 | 34 | 35 | 36 | 37 | 38 | 39 | 263 | 511 | 720 | 728 | 766 | 894 | 979 | 980 | 1245 | 1354 | 1386 | 1538,"Mahabharat - Volume 1 (Adi Parva & Sabha Parva, Illustrated Hindi Translation) | Language: Hindi | Code: 32 | Mahabharat – Volume 2 (Van Parva & Virat Parva, Illustrated Hindi Translation) | Language: Hindi | Code: 33 | Mahabharat - Volume 3 (Udyoga Parva & Bhishma Parva, Illustrated Hindi Translation) | Language: Hindi | Code: 34 | Mahabharat - Volume 4 Sampurna Mahakavya with Simple Hindi Translation & Illustrations | Language: Hindi | Code: 35 | Mahabharat-Volume 5 (Shanti Parva) With Illustrations and Simple Hindi Translation | Language: Hindi | Code: 36 | Mahabharat-Volume 6 Anushasan, Ashwamedhika, Ashramavasika, Mausal, Mahaprasthanika & Svargarohan Parva With Illustrations and Simple Hindi Translation | Language: Hindi | Code: 37 | Mahabharat– Khilbhag Shri Harivansh Puran | Language: Hindi | Code: 38 | Sankshipt Mahabharat – Part 1 of 2  – Concise Mahabharata with Sanskrit Verses & Hindi Explanation by | Language: Hindi | Code: 39",Devotee Characters | Picture-Stories | Puran Upanishad and Others | Republished Special Issues of 'KALYAN' | Shri Jayadayal Ji Goyandka,ADD_GITA_PRESS_AS_SUPPLEMENTARY_SOURCE; do not close the master target on this evidence alone,"A relevant published treatment, translation, commentary, story or devotional edition.",The complete multi-tradition corpus target and its non-Gita-Press versions.,Acquire public-domain editions automatically; user purchases and permissions for protected translations,https://gitapress.org/catalogue,Role is an acquisition overlay. It does not mark the target complete and does not merge distinct editions.
COR-0079,02 Itihasa,Mahabharata translations and commentaries,Tamil Villibharatam,AGENT_DOWNLOAD_RIGHTS_REVIEW,D_NOT_A_REPLACEMENT,HIGH,0,,,,NO_ROUTE_CHANGE,Only incidental or contextual Gita Press material if later identified.,The target's primary source population.,Acquire public-domain editions automatically; user purchases and permissions for protected translations,https://gitapress.org/catalogue,Role is an acquisition overlay. It does not mark the target complete and does not merge distinct editions.
COR-0080,02 Itihasa,Mahabharata translations and commentaries,"Telugu Andhra Mahabharatam — Nannaya, Tikkana, Errana",AGENT_DOWNLOAD_RIGHTS_REVIEW,B_SUPPLEMENTARY_PUBLISHED_SOURCE,MEDIUM,42,32 | 33 | 34 | 35 | 36 | 37 | 38 | 39 | 263 | 511 | 720 | 728 | 766 | 894 | 979 | 980 | 1245 | 1354 | 1386 | 1538,"Mahabharat - Volume 1 (Adi Parva & Sabha Parva, Illustrated Hindi Translation) | Language: Hindi | Code: 32 | Mahabharat – Volume 2 (Van Parva & Virat Parva, Illustrated Hindi Translation) | Language: Hindi | Code: 33 | Mahabharat - Volume 3 (Udyoga Parva & Bhishma Parva, Illustrated Hindi Translation) | Language: Hindi | Code: 34 | Mahabharat - Volume 4 Sampurna Mahakavya with Simple Hindi Translation & Illustrations | Language: Hindi | Code: 35 | Mahabharat-Volume 5 (Shanti Parva) With Illustrations and Simple Hindi Translation | Language: Hindi | Code: 36 | Mahabharat-Volume 6 Anushasan, Ashwamedhika, Ashramavasika, Mausal, Mahaprasthanika & Svargarohan Parva With Illustrations and Simple Hindi Translation | Language: Hindi | Code: 37 | Mahabharat– Khilbhag Shri Harivansh Puran | Language: Hindi | Code: 38 | Sankshipt Mahabharat – Part 1 of 2  – Concise Mahabharata with Sanskrit Verses & Hindi Explanation by | Language: Hindi | Code: 39",Devotee Characters | Picture-Stories | Puran Upanishad and Others | Republished Special Issues of 'KALYAN' | Shri Jayadayal Ji Goyandka,ADD_GITA_PRESS_AS_SUPPLEMENTARY_SOURCE; do not close the master target on this evidence alone,"A relevant published treatment, translation, commentary, story or devotional edition.",The complete multi-tradition corpus target and its non-Gita-Press versions.,Acquire public-domain editions automatically; user purchases and permissions for protected translations,https://gitapress.org/catalogue,Role is an acquisition overlay. It does not mark the target complete and does not merge distinct editions.
COR-0081,02 Itihasa,Mahabharata translations and commentaries,Kannada Kumara Vyasa Bharata,AGENT_DOWNLOAD_RIGHTS_REVIEW,D_NOT_A_REPLACEMENT,HIGH,0,,,,NO_ROUTE_CHANGE,Only incidental or contextual Gita Press material if later identified.,The target's primary source population.,Acquire public-domain editions automatically; user purchases and permissions for protected translations,https://gitapress.org/catalogue,Role is an acquisition overlay. It does not mark the target complete and does not merge distinct editions.
COR-0082,02 Itihasa,Mahabharata translations and commentaries,Kannada Pampa Bharata,AGENT_DOWNLOAD_RIGHTS_REVIEW,D_NOT_A_REPLACEMENT,HIGH,0,,,,NO_ROUTE_CHANGE,Only incidental or contextual Gita Press material if later identified.,The target's primary source population.,Acquire public-domain editions automatically; user purchases and permissions for protected translations,https://gitapress.org/catalogue,Role is an acquisition overlay. It does not mark the target complete and does not merge distinct editions.
COR-0083,02 Itihasa,Mahabharata translations and commentaries,Malayalam Bharata traditions,AGENT_DOWNLOAD_RIGHTS_REVIEW,D_NOT_A_REPLACEMENT,HIGH,0,,,,NO_ROUTE_CHANGE,Only incidental or contextual Gita Press material if later identified.,The target's primary source population.,Acquire public-domain editions automatically; user purchases and permissions for protected translations,https://gitapress.org/catalogue,Role is an acquisition overlay. It does not mark the target complete and does not merge distinct editions.
COR-0084,02 Itihasa,Mahabharata translations and commentaries,Marathi Mahabharata retellings,AGENT_DOWNLOAD_RIGHTS_REVIEW,B_SUPPLEMENTARY_PUBLISHED_SOURCE,MEDIUM,42,32 | 33 | 34 | 35 | 36 | 37 | 38 | 39 | 263 | 511 | 720 | 728 | 766 | 894 | 979 | 980 | 1245 | 1354 | 1386 | 1538,"Mahabharat - Volume 1 (Adi Parva & Sabha Parva, Illustrated Hindi Translation) | Language: Hindi | Code: 32 | Mahabharat – Volume 2 (Van Parva & Virat Parva, Illustrated Hindi Translation) | Language: Hindi | Code: 33 | Mahabharat - Volume 3 (Udyoga Parva & Bhishma Parva, Illustrated Hindi Translation) | Language: Hindi | Code: 34 | Mahabharat - Volume 4 Sampurna Mahakavya with Simple Hindi Translation & Illustrations | Language: Hindi | Code: 35 | Mahabharat-Volume 5 (Shanti Parva) With Illustrations and Simple Hindi Translation | Language: Hindi | Code: 36 | Mahabharat-Volume 6 Anushasan, Ashwamedhika, Ashramavasika, Mausal, Mahaprasthanika & Svargarohan Parva With Illustrations and Simple Hindi Translation | Language: Hindi | Code: 37 | Mahabharat– Khilbhag Shri Harivansh Puran | Language: Hindi | Code: 38 | Sankshipt Mahabharat – Part 1 of 2  – Concise Mahabharata with Sanskrit Verses & Hindi Explanation by | Language: Hindi | Code: 39",Devotee Characters | Picture-Stories | Puran Upanishad and Others | Republished Special Issues of 'KALYAN' | Shri Jayadayal Ji Goyandka,ADD_GITA_PRESS_AS_SUPPLEMENTARY_SOURCE; do not close the master target on this evidence alone,"A relevant published treatment, translation, commentary, story or devotional edition.",The complete multi-tradition corpus target and its non-Gita-Press versions.,Acquire public-domain editions automatically; user purchases and permissions for protected translations,https://gitapress.org/catalogue,Role is an acquisition overlay. It does not mark the target complete and does not merge distinct editions.
COR-0085,02 Itihasa,Mahabharata translations and commentaries,Gujarati Mahabharata translations,AGENT_DOWNLOAD_RIGHTS_REVIEW,B_SUPPLEMENTARY_PUBLISHED_SOURCE,MEDIUM,42,32 | 33 | 34 | 35 | 36 | 37 | 38 | 39 | 263 | 511 | 720 | 728 | 766 | 894 | 979 | 980 | 1245 | 1354 | 1386 | 1538,"Mahabharat - Volume 1 (Adi Parva & Sabha Parva, Illustrated Hindi Translation) | Language: Hindi | Code: 32 | Mahabharat – Volume 2 (Van Parva & Virat Parva, Illustrated Hindi Translation) | Language: Hindi | Code: 33 | Mahabharat - Volume 3 (Udyoga Parva & Bhishma Parva, Illustrated Hindi Translation) | Language: Hindi | Code: 34 | Mahabharat - Volume 4 Sampurna Mahakavya with Simple Hindi Translation & Illustrations | Language: Hindi | Code: 35 | Mahabharat-Volume 5 (Shanti Parva) With Illustrations and Simple Hindi Translation | Language: Hindi | Code: 36 | Mahabharat-Volume 6 Anushasan, Ashwamedhika, Ashramavasika, Mausal, Mahaprasthanika & Svargarohan Parva With Illustrations and Simple Hindi Translation | Language: Hindi | Code: 37 | Mahabharat– Khilbhag Shri Harivansh Puran | Language: Hindi | Code: 38 | Sankshipt Mahabharat – Part 1 of 2  – Concise Mahabharata with Sanskrit Verses & Hindi Explanation by | Language: Hindi | Code: 39",Devotee Characters | Picture-Stories | Puran Upanishad and Others | Republished Special Issues of 'KALYAN' | Shri Jayadayal Ji Goyandka,ADD_GITA_PRESS_AS_SUPPLEMENTARY_SOURCE; do not close the master target on this evidence alone,"A relevant published treatment, translation, commentary, story or devotional edition.",The complete multi-tradition corpus target and its non-Gita-Press versions.,Acquire public-domain editions automatically; user purchases and permissions for protected translations,https://gitapress.org/catalogue,Role is an acquisition overlay. It does not mark the target complete and does not merge distinct editions.
COR-0086,02 Itihasa,Mahabharata translations and commentaries,Assamese Mahabharata retellings,AGENT_DOWNLOAD_RIGHTS_REVIEW,B_SUPPLEMENTARY_PUBLISHED_SOURCE,MEDIUM,42,32 | 33 | 34 | 35 | 36 | 37 | 38 | 39 | 263 | 511 | 720 | 728 | 766 | 894 | 979 | 980 | 1245 | 1354 | 1386 | 1538,"Mahabharat - Volume 1 (Adi Parva & Sabha Parva, Illustrated Hindi Translation) | Language: Hindi | Code: 32 | Mahabharat – Volume 2 (Van Parva & Virat Parva, Illustrated Hindi Translation) | Language: Hindi | Code: 33 | Mahabharat - Volume 3 (Udyoga Parva & Bhishma Parva, Illustrated Hindi Translation) | Language: Hindi | Code: 34 | Mahabharat - Volume 4 Sampurna Mahakavya with Simple Hindi Translation & Illustrations | Language: Hindi | Code: 35 | Mahabharat-Volume 5 (Shanti Parva) With Illustrations and Simple Hindi Translation | Language: Hindi | Code: 36 | Mahabharat-Volume 6 Anushasan, Ashwamedhika, Ashramavasika, Mausal, Mahaprasthanika & Svargarohan Parva With Illustrations and Simple Hindi Translation | Language: Hindi | Code: 37 | Mahabharat– Khilbhag Shri Harivansh Puran | Language: Hindi | Code: 38 | Sankshipt Mahabharat – Part 1 of 2  – Concise Mahabharata with Sanskrit Verses & Hindi Explanation by | Language: Hindi | Code: 39",Devotee Characters | Picture-Stories | Puran Upanishad and Others | Republished Special Issues of 'KALYAN' | Shri Jayadayal Ji Goyandka,ADD_GITA_PRESS_AS_SUPPLEMENTARY_SOURCE; do not close the master target on this evidence alone,"A relevant published treatment, translation, commentary, story or devotional edition.",The complete multi-tradition corpus target and its non-Gita-Press versions.,Acquire public-domain editions automatically; user purchases and permissions for protected translations,https://gitapress.org/catalogue,Role is an acquisition overlay. It does not mark the target complete and does not merge distinct editions.
COR-0087,02 Itihasa,Mahabharata translations and commentaries,Nepali Mahabharata translations,AGENT_DOWNLOAD_RIGHTS_REVIEW,B_SUPPLEMENTARY_PUBLISHED_SOURCE,MEDIUM,42,32 | 33 | 34 | 35 | 36 | 37 | 38 | 39 | 263 | 511 | 720 | 728 | 766 | 894 | 979 | 980 | 1245 | 1354 | 1386 | 1538,"Mahabharat - Volume 1 (Adi Parva & Sabha Parva, Illustrated Hindi Translation) | Language: Hindi | Code: 32 | Mahabharat – Volume 2 (Van Parva & Virat Parva, Illustrated Hindi Translation) | Language: Hindi | Code: 33 | Mahabharat - Volume 3 (Udyoga Parva & Bhishma Parva, Illustrated Hindi Translation) | Language: Hindi | Code: 34 | Mahabharat - Volume 4 Sampurna Mahakavya with Simple Hindi Translation & Illustrations | Language: Hindi | Code: 35 | Mahabharat-Volume 5 (Shanti Parva) With Illustrations and Simple Hindi Translation | Language: Hindi | Code: 36 | Mahabharat-Volume 6 Anushasan, Ashwamedhika, Ashramavasika, Mausal, Mahaprasthanika & Svargarohan Parva With Illustrations and Simple Hindi Translation | Language: Hindi | Code: 37 | Mahabharat– Khilbhag Shri Harivansh Puran | Language: Hindi | Code: 38 | Sankshipt Mahabharat – Part 1 of 2  – Concise Mahabharata with Sanskrit Verses & Hindi Explanation by | Language: Hindi | Code: 39",Devotee Characters | Picture-Stories | Puran Upanishad and Others | Republished Special Issues of 'KALYAN' | Shri Jayadayal Ji Goyandka,ADD_GITA_PRESS_AS_SUPPLEMENTARY_SOURCE; do not close the master target on this evidence alone,"A relevant published treatment, translation, commentary, story or devotional edition.",The complete multi-tradition corpus target and its non-Gita-Press versions.,Acquire public-domain editions automatically; user purchases and permissions for protected translations,https://gitapress.org/catalogue,Role is an acquisition overlay. It does not mark the target complete and does not merge distinct editions.
COR-0088,02 Itihasa,Mahabharata translations and commentaries,Javanese Kakawin Bharatayuddha and related wayang textual corpus,AGENT_DOWNLOAD_RIGHTS_REVIEW,D_NOT_A_REPLACEMENT,HIGH,0,,,,NO_ROUTE_CHANGE,Only incidental or contextual Gita Press material if later identified.,The target's primary source population.,Acquire public-domain editions automatically; user purchases and permissions for protected translations,https://gitapress.org/catalogue,Role is an acquisition overlay. It does not mark the target complete and does not merge distinct editions.
COR-0089,02 Itihasa,Bhagavad Gita,Bhagavad Gita root text — critical and vulgate editions,AGENT_DOWNLOAD_RIGHTS_REVIEW,B_SUPPLEMENTARY_PUBLISHED_SOURCE,MEDIUM,223,1 | 3 | 5 | 6 | 7 | 8 | 11 | 12 | 13 | 14 | 15 | 16 | 17 | 19 | 20 | 21 | 22 | 23 | 26 | 27,Shrimad Bhagavad Gita Tattva Vivechani Hindi – Commentary | Gita Press Gorakhpur Publication | Gita Tattva Vivechani by Shri Jayadayal Ji Goyandka | Language: Hindi | Code: 3 | Gita Sadhak Sanjivani by Shri Swami Shriramsukhdas ji | Language: Hindi | Code: 5 | Shrimad Bhagavad Gita Sadhak Sanjivani Hindi – Commentary by Swami Ramsukhdas | Gita Press Gorakhpur Publication | Gita Sadhak Sanjivani by Shri Swami Shriramsukhdas ji | Language: Marathi | Code: 7 | Shrimad Bhagavad Gita–Darpan | Language: Hindi | Code: 8 | Shrimad Bhagavad Gita–Chintan | Language: Hindi | Code: 11 | Shrimad Bhagavad Gita - Padacchheda anvaya | Language: Gujarati | Code: 12,Books for Daily Practice and Worship | Devotee Characters | Picture-Stories | Puran Upanishad and Others | Ramayana | Ramchritmanas | Shri Hanuman Prasad Ji Poddar | Shri Jayadayal Ji Goyandka | Shrimad Bhagvadgita | Swami Ramsukhdas Ji | Useful Books for All | Useful Books for Children,ADD_GITA_PRESS_AS_SUPPLEMENTARY_SOURCE; do not close the master target on this evidence alone,"A relevant published treatment, translation, commentary, story or devotional edition.",The complete multi-tradition corpus target and its non-Gita-Press versions.,Automatic for verified public domain; purchase/licence protected modern works,https://gitapress.org/catalogue,Role is an acquisition overlay. It does not mark the target complete and does not merge distinct editions.
COR-0090,02 Itihasa,Bhagavad Gita,Shankaracharya Gita Bhashya,AGENT_DOWNLOAD_RIGHTS_REVIEW,D_NOT_A_REPLACEMENT,HIGH,0,,,,NO_ROUTE_CHANGE,Only incidental or contextual Gita Press material if later identified.,The target's primary source population.,Automatic for verified public domain; purchase/licence protected modern works,https://gitapress.org/catalogue,Role is an acquisition overlay. It does not mark the target complete and does not merge distinct editions.
COR-0091,02 Itihasa,Bhagavad Gita,Ramanuja Gita Bhashya,AGENT_DOWNLOAD_RIGHTS_REVIEW,D_NOT_A_REPLACEMENT,HIGH,0,,,,NO_ROUTE_CHANGE,Only incidental or contextual Gita Press material if later identified.,The target's primary source population.,Automatic for verified public domain; purchase/licence protected modern works,https://gitapress.org/catalogue,Role is an acquisition overlay. It does not mark the target complete and does not merge distinct editions.
COR-0092,02 Itihasa,Bhagavad Gita,Madhva Gita Bhashya and Tatparya,AGENT_DOWNLOAD_RIGHTS_REVIEW,D_NOT_A_REPLACEMENT,HIGH,0,,,,NO_ROUTE_CHANGE,Only incidental or contextual Gita Press material if later identified.,The target's primary source population.,Automatic for verified public domain; purchase/licence protected modern works,https://gitapress.org/catalogue,Role is an acquisition overlay. It does not mark the target complete and does not merge distinct editions.
COR-0093,02 Itihasa,Bhagavad Gita,Abhinavagupta Gitartha-samgraha,AGENT_DOWNLOAD_RIGHTS_REVIEW,D_NOT_A_REPLACEMENT,HIGH,0,,,,NO_ROUTE_CHANGE,Only incidental or contextual Gita Press material if later identified.,The target's primary source population.,Automatic for verified public domain; purchase/licence protected modern works,https://gitapress.org/catalogue,Role is an acquisition overlay. It does not mark the target complete and does not merge distinct editions.
COR-0094,02 Itihasa,Bhagavad Gita,Shridhara Svamin Subodhini,AGENT_DOWNLOAD_RIGHTS_REVIEW,D_NOT_A_REPLACEMENT,HIGH,0,,,,NO_ROUTE_CHANGE,Only incidental or contextual Gita Press material if later identified.,The target's primary source population.,Automatic for verified public domain; purchase/licence protected modern works,https://gitapress.org/catalogue,Role is an acquisition overlay. It does not mark the target complete and does not merge distinct editions.
COR-0095,02 Itihasa,Bhagavad Gita,Madhusudana Sarasvati Gudhartha Dipika,AGENT_DOWNLOAD_RIGHTS_REVIEW,D_NOT_A_REPLACEMENT,HIGH,0,,,,NO_ROUTE_CHANGE,Only incidental or contextual Gita Press material if later identified.,The target's primary source population.,Automatic for verified public domain; purchase/licence protected modern works,https://gitapress.org/catalogue,Role is an acquisition overlay. It does not mark the target complete and does not merge distinct editions.
COR-0096,02 Itihasa,Bhagavad Gita,Jnaneshwari/Bhavarthadipika,AGENT_DOWNLOAD_RIGHTS_REVIEW,A_DIRECT_PUBLISHED_EDITION_CANDIDATE,HIGH,2,859 | 1728,Shri Jnaneshwari (Parayan Prat) Marathi - Commentary on Bhagavad Gita by Sant Jnaneshwar | Gita Press Gorakhpur Publication | Sarth Gyanaswari – Authentic Commentary on Jnaneshwari | Language: Kannada | Code: 1728,Shrimad Bhagvadgita,PARTNERSHIP_FIRST_FOR_GITA_PRESS_EDITION; retain other editions and witnesses as separate requirements,"Catalog metadata, print/digital master, complete Gita Press edition, language variants, cover/illustrations and update history—subject to agreement.","Other publishers, critical editions, regional recensions not in catalog, or manuscript witnesses.",Automatic for verified public domain; purchase/licence protected modern works,https://gitapress.org/catalogue,Role is an acquisition overlay. It does not mark the target complete and does not merge distinct editions.
COR-0097,02 Itihasa,Bhagavad Gita,Tilak Gita Rahasya,AGENT_DOWNLOAD_RIGHTS_REVIEW,D_NOT_A_REPLACEMENT,HIGH,0,,,,NO_ROUTE_CHANGE,Only incidental or contextual Gita Press material if later identified.,The target's primary source population.,Automatic for verified public domain; purchase/licence protected modern works,https://gitapress.org/catalogue,Role is an acquisition overlay. It does not mark the target complete and does not merge distinct editions.
COR-0098,02 Itihasa,Bhagavad Gita,Gandhi Anasaktiyoga,AGENT_DOWNLOAD_RIGHTS_REVIEW,D_NOT_A_REPLACEMENT,HIGH,0,,,,NO_ROUTE_CHANGE,Only incidental or contextual Gita Press material if later identified.,The target's primary source population.,Automatic for verified public domain; purchase/licence protected modern works,https://gitapress.org/catalogue,Role is an acquisition overlay. It does not mark the target complete and does not merge distinct editions.
COR-0099,02 Itihasa,Bhagavad Gita,Aurobindo Essays on the Gita,AGENT_DOWNLOAD_RIGHTS_REVIEW,D_NOT_A_REPLACEMENT,HIGH,0,,,,NO_ROUTE_CHANGE,Only incidental or contextual Gita Press material if later identified.,The target's primary source population.,Automatic for verified public domain; purchase/licence protected modern works,https://gitapress.org/catalogue,Role is an acquisition overlay. It does not mark the target complete and does not merge distinct editions.
COR-0100,02 Itihasa,Bhagavad Gita,Bhaktivedanta Swami Bhagavad-gita As It Is,AGENT_DOWNLOAD_RIGHTS_REVIEW,B_SUPPLEMENTARY_PUBLISHED_SOURCE,MEDIUM,223,1 | 3 | 5 | 6 | 7 | 8 | 11 | 12 | 13 | 14 | 15 | 16 | 17 | 19 | 20 | 21 | 22 | 23 | 26 | 27,Shrimad Bhagavad Gita Tattva Vivechani Hindi – Commentary | Gita Press Gorakhpur Publication | Gita Tattva Vivechani by Shri Jayadayal Ji Goyandka | Language: Hindi | Code: 3 | Gita Sadhak Sanjivani by Shri Swami Shriramsukhdas ji | Language: Hindi | Code: 5 | Shrimad Bhagavad Gita Sadhak Sanjivani Hindi – Commentary by Swami Ramsukhdas | Gita Press Gorakhpur Publication | Gita Sadhak Sanjivani by Shri Swami Shriramsukhdas ji | Language: Marathi | Code: 7 | Shrimad Bhagavad Gita–Darpan | Language: Hindi | Code: 8 | Shrimad Bhagavad Gita–Chintan | Language: Hindi | Code: 11 | Shrimad Bhagavad Gita - Padacchheda anvaya | Language: Gujarati | Code: 12,Books for Daily Practice and Worship | Devotee Characters | Picture-Stories | Puran Upanishad and Others | Ramayana | Ramchritmanas | Shri Hanuman Prasad Ji Poddar | Shri Jayadayal Ji Goyandka | Shrimad Bhagvadgita | Swami Ramsukhdas Ji | Useful Books for All | Useful Books for Children,ADD_GITA_PRESS_AS_SUPPLEMENTARY_SOURCE; do not close the master target on this evidence alone,"A relevant published treatment, translation, commentary, story or devotional edition.",The complete multi-tradition corpus target and its non-Gita-Press versions.,Automatic for verified public domain; purchase/licence protected modern works,https://gitapress.org/catalogue,Role is an acquisition overlay. It does not mark the target complete and does not merge distinct editions.
COR-0101,02 Itihasa,Bhagavad Gita,Chinmayananda Bhagavad Gita commentary,AGENT_DOWNLOAD_RIGHTS_REVIEW,B_SUPPLEMENTARY_PUBLISHED_SOURCE,MEDIUM,223,1 | 3 | 5 | 6 | 7 | 8 | 11 | 12 | 13 | 14 | 15 | 16 | 17 | 19 | 20 | 21 | 22 | 23 | 26 | 27,Shrimad Bhagavad Gita Tattva Vivechani Hindi – Commentary | Gita Press Gorakhpur Publication | Gita Tattva Vivechani by Shri Jayadayal Ji Goyandka | Language: Hindi | Code: 3 | Gita Sadhak Sanjivani by Shri Swami Shriramsukhdas ji | Language: Hindi | Code: 5 | Shrimad Bhagavad Gita Sadhak Sanjivani Hindi – Commentary by Swami Ramsukhdas | Gita Press Gorakhpur Publication | Gita Sadhak Sanjivani by Shri Swami Shriramsukhdas ji | Language: Marathi | Code: 7 | Shrimad Bhagavad Gita–Darpan | Language: Hindi | Code: 8 | Shrimad Bhagavad Gita–Chintan | Language: Hindi | Code: 11 | Shrimad Bhagavad Gita - Padacchheda anvaya | Language: Gujarati | Code: 12,Books for Daily Practice and Worship | Devotee Characters | Picture-Stories | Puran Upanishad and Others | Ramayana | Ramchritmanas | Shri Hanuman Prasad Ji Poddar | Shri Jayadayal Ji Goyandka | Shrimad Bhagvadgita | Swami Ramsukhdas Ji | Useful Books for All | Useful Books for Children,ADD_GITA_PRESS_AS_SUPPLEMENTARY_SOURCE; do not close the master target on this evidence alone,"A relevant published treatment, translation, commentary, story or devotional edition.",The complete multi-tradition corpus target and its non-Gita-Press versions.,Automatic for verified public domain; purchase/licence protected modern works,https://gitapress.org/catalogue,Role is an acquisition overlay. It does not mark the target complete and does not merge distinct editions.
COR-0102,02 Itihasa,Bhagavad Gita,Sivananda Bhagavad Gita commentary,AGENT_DOWNLOAD_RIGHTS_REVIEW,B_SUPPLEMENTARY_PUBLISHED_SOURCE,MEDIUM,223,1 | 3 | 5 | 6 | 7 | 8 | 11 | 12 | 13 | 14 | 15 | 16 | 17 | 19 | 20 | 21 | 22 | 23 | 26 | 27,Shrimad Bhagavad Gita Tattva Vivechani Hindi – Commentary | Gita Press Gorakhpur Publication | Gita Tattva Vivechani by Shri Jayadayal Ji Goyandka | Language: Hindi | Code: 3 | Gita Sadhak Sanjivani by Shri Swami Shriramsukhdas ji | Language: Hindi | Code: 5 | Shrimad Bhagavad Gita Sadhak Sanjivani Hindi – Commentary by Swami Ramsukhdas | Gita Press Gorakhpur Publication | Gita Sadhak Sanjivani by Shri Swami Shriramsukhdas ji | Language: Marathi | Code: 7 | Shrimad Bhagavad Gita–Darpan | Language: Hindi | Code: 8 | Shrimad Bhagavad Gita–Chintan | Language: Hindi | Code: 11 | Shrimad Bhagavad Gita - Padacchheda anvaya | Language: Gujarati | Code: 12,Books for Daily Practice and Worship | Devotee Characters | Picture-Stories | Puran Upanishad and Others | Ramayana | Ramchritmanas | Shri Hanuman Prasad Ji Poddar | Shri Jayadayal Ji Goyandka | Shrimad Bhagvadgita | Swami Ramsukhdas Ji | Useful Books for All | Useful Books for Children,ADD_GITA_PRESS_AS_SUPPLEMENTARY_SOURCE; do not close the master target on this evidence alone,"A relevant published treatment, translation, commentary, story or devotional edition.",The complete multi-tradition corpus target and its non-Gita-Press versions.,Automatic for verified public domain; purchase/licence protected modern works,https://gitapress.org/catalogue,Role is an acquisition overlay. It does not mark the target complete and does not merge distinct editions.
COR-0103,02 Itihasa,Bhagavad Gita,Gita Press editions and translations,AGENT_DOWNLOAD_RIGHTS_REVIEW,D_NOT_A_REPLACEMENT,HIGH,0,,,,NO_ROUTE_CHANGE,Only incidental or contextual Gita Press material if later identified.,The target's primary source population.,Automatic for verified public domain; purchase/licence protected modern works,https://gitapress.org/catalogue,Role is an acquisition overlay. It does not mark the target complete and does not merge distinct editions.
COR-0104,02 Itihasa,Bhagavad Gita,Gita Supersite translation/commentary corpus,AGENT_DOWNLOAD_RIGHTS_REVIEW,D_NOT_A_REPLACEMENT,HIGH,0,,,,NO_ROUTE_CHANGE,Only incidental or contextual Gita Press material if later identified.,The target's primary source population.,Automatic for verified public domain; purchase/licence protected modern works,https://gitapress.org/catalogue,Role is an acquisition overlay. It does not mark the target complete and does not merge distinct editions.
COR-0105,02 Itihasa,Ramayana Sanskrit,"Valmiki Ramayana — Baroda Critical Edition, 7 kandas",USER_BUY_PHYSICAL_SCAN,D_NOT_A_REPLACEMENT,HIGH,78,74 | 75 | 76 | 77 | 78 | 114 | 223 | 232 | 262 | 452 | 453 | 583 | 675 | 768 | 833 | 845 | 924 | 933 | 967 | 981,Adhyatmaramayana  (Hindi) | Shrimad Valmiki Ramayana Hindi - (Part 1) – Illustrated Hindi Translation | Gita Press Gorakhpur Publication | Shrimad Valmiki Ramayana Hindi (Part 2) – Illustrated Hindi Translation | Gita Press Gorakhpur Publication | Shrimad Valmiki Ramayana Hindi  | Gita Press Gorakhpur Publication | Srimad Valmiki Ramayana Sunderkand by | Language: Sanskrit | Code: 78 | Vairagyasandipani and Barvai Ramayana  (Hindi) | Mula Ramayana  (Hindi) | Shri Ramgīta -Teachings of Lord Rama to Lakshmana from the Valmiki Ramayana | Language: Hindi | Code: 232,Books for Daily Practice and Worship | Literature of Tulsidas | Picture-Stories | Ramayana | Ramchritmanas | Republished Special Issues of 'KALYAN' | Shri Jayadayal Ji Goyandka | Shrimad Bhagvadgita,NO_PRIMARY_ROUTE_CHANGE; optionally add a Gita Press popular edition if catalog-matched,"Popular edition, translation, illustration or devotional explanation only where a matching product exists.","Critical/recensional evidence, population census, official calendrics, inscriptions, media rights or consented fieldwork.",Purchase critical/printed editions where open digital surrogate is incomplete; request reuse rights,https://gitapress.org/catalogue,Role is an acquisition overlay. It does not mark the target complete and does not merge distinct editions.
COR-0106,02 Itihasa,Ramayana Sanskrit,Valmiki Ramayana — critical apparatus and appendices,USER_BUY_PHYSICAL_SCAN,D_NOT_A_REPLACEMENT,HIGH,78,74 | 75 | 76 | 77 | 78 | 114 | 223 | 232 | 262 | 452 | 453 | 583 | 675 | 768 | 833 | 845 | 924 | 933 | 967 | 981,Adhyatmaramayana  (Hindi) | Shrimad Valmiki Ramayana Hindi - (Part 1) – Illustrated Hindi Translation | Gita Press Gorakhpur Publication | Shrimad Valmiki Ramayana Hindi (Part 2) – Illustrated Hindi Translation | Gita Press Gorakhpur Publication | Shrimad Valmiki Ramayana Hindi  | Gita Press Gorakhpur Publication | Srimad Valmiki Ramayana Sunderkand by | Language: Sanskrit | Code: 78 | Vairagyasandipani and Barvai Ramayana  (Hindi) | Mula Ramayana  (Hindi) | Shri Ramgīta -Teachings of Lord Rama to Lakshmana from the Valmiki Ramayana | Language: Hindi | Code: 232,Books for Daily Practice and Worship | Literature of Tulsidas | Picture-Stories | Ramayana | Ramchritmanas | Republished Special Issues of 'KALYAN' | Shri Jayadayal Ji Goyandka | Shrimad Bhagvadgita,NO_PRIMARY_ROUTE_CHANGE; optionally add a Gita Press popular edition if catalog-matched,"Popular edition, translation, illustration or devotional explanation only where a matching product exists.","Critical/recensional evidence, population census, official calendrics, inscriptions, media rights or consented fieldwork.",Purchase critical/printed editions where open digital surrogate is incomplete; request reuse rights,https://gitapress.org/catalogue,Role is an acquisition overlay. It does not mark the target complete and does not merge distinct editions.
COR-0107,02 Itihasa,Ramayana Sanskrit,Valmiki Ramayana — Bombay/Nirnaya Sagara recension,USER_BUY_PHYSICAL_SCAN,D_NOT_A_REPLACEMENT,HIGH,78,74 | 75 | 76 | 77 | 78 | 114 | 223 | 232 | 262 | 452 | 453 | 583 | 675 | 768 | 833 | 845 | 924 | 933 | 967 | 981,Adhyatmaramayana  (Hindi) | Shrimad Valmiki Ramayana Hindi - (Part 1) – Illustrated Hindi Translation | Gita Press Gorakhpur Publication | Shrimad Valmiki Ramayana Hindi (Part 2) – Illustrated Hindi Translation | Gita Press Gorakhpur Publication | Shrimad Valmiki Ramayana Hindi  | Gita Press Gorakhpur Publication | Srimad Valmiki Ramayana Sunderkand by | Language: Sanskrit | Code: 78 | Vairagyasandipani and Barvai Ramayana  (Hindi) | Mula Ramayana  (Hindi) | Shri Ramgīta -Teachings of Lord Rama to Lakshmana from the Valmiki Ramayana | Language: Hindi | Code: 232,Books for Daily Practice and Worship | Literature of Tulsidas | Picture-Stories | Ramayana | Ramchritmanas | Republished Special Issues of 'KALYAN' | Shri Jayadayal Ji Goyandka | Shrimad Bhagvadgita,NO_PRIMARY_ROUTE_CHANGE; optionally add a Gita Press popular edition if catalog-matched,"Popular edition, translation, illustration or devotional explanation only where a matching product exists.","Critical/recensional evidence, population census, official calendrics, inscriptions, media rights or consented fieldwork.",Purchase critical/printed editions where open digital surrogate is incomplete; request reuse rights,https://gitapress.org/catalogue,Role is an acquisition overlay. It does not mark the target complete and does not merge distinct editions.
COR-0108,02 Itihasa,Ramayana Sanskrit,Valmiki Ramayana — Southern recension,USER_BUY_PHYSICAL_SCAN,D_NOT_A_REPLACEMENT,HIGH,78,74 | 75 | 76 | 77 | 78 | 114 | 223 | 232 | 262 | 452 | 453 | 583 | 675 | 768 | 833 | 845 | 924 | 933 | 967 | 981,Adhyatmaramayana  (Hindi) | Shrimad Valmiki Ramayana Hindi - (Part 1) – Illustrated Hindi Translation | Gita Press Gorakhpur Publication | Shrimad Valmiki Ramayana Hindi (Part 2) – Illustrated Hindi Translation | Gita Press Gorakhpur Publication | Shrimad Valmiki Ramayana Hindi  | Gita Press Gorakhpur Publication | Srimad Valmiki Ramayana Sunderkand by | Language: Sanskrit | Code: 78 | Vairagyasandipani and Barvai Ramayana  (Hindi) | Mula Ramayana  (Hindi) | Shri Ramgīta -Teachings of Lord Rama to Lakshmana from the Valmiki Ramayana | Language: Hindi | Code: 232,Books for Daily Practice and Worship | Literature of Tulsidas | Picture-Stories | Ramayana | Ramchritmanas | Republished Special Issues of 'KALYAN' | Shri Jayadayal Ji Goyandka | Shrimad Bhagvadgita,NO_PRIMARY_ROUTE_CHANGE; optionally add a Gita Press popular edition if catalog-matched,"Popular edition, translation, illustration or devotional explanation only where a matching product exists.","Critical/recensional evidence, population census, official calendrics, inscriptions, media rights or consented fieldwork.",Purchase critical/printed editions where open digital surrogate is incomplete; request reuse rights,https://gitapress.org/catalogue,Role is an acquisition overlay. It does not mark the target complete and does not merge distinct editions.
COR-0109,02 Itihasa,Ramayana Sanskrit,Valmiki Ramayana — Northwestern and Bengal recensions,USER_BUY_PHYSICAL_SCAN,D_NOT_A_REPLACEMENT,HIGH,78,74 | 75 | 76 | 77 | 78 | 114 | 223 | 232 | 262 | 452 | 453 | 583 | 675 | 768 | 833 | 845 | 924 | 933 | 967 | 981,Adhyatmaramayana  (Hindi) | Shrimad Valmiki Ramayana Hindi - (Part 1) – Illustrated Hindi Translation | Gita Press Gorakhpur Publication | Shrimad Valmiki Ramayana Hindi (Part 2) – Illustrated Hindi Translation | Gita Press Gorakhpur Publication | Shrimad Valmiki Ramayana Hindi  | Gita Press Gorakhpur Publication | Srimad Valmiki Ramayana Sunderkand by | Language: Sanskrit | Code: 78 | Vairagyasandipani and Barvai Ramayana  (Hindi) | Mula Ramayana  (Hindi) | Shri Ramgīta -Teachings of Lord Rama to Lakshmana from the Valmiki Ramayana | Language: Hindi | Code: 232,Books for Daily Practice and Worship | Literature of Tulsidas | Picture-Stories | Ramayana | Ramchritmanas | Republished Special Issues of 'KALYAN' | Shri Jayadayal Ji Goyandka | Shrimad Bhagvadgita,NO_PRIMARY_ROUTE_CHANGE; optionally add a Gita Press popular edition if catalog-matched,"Popular edition, translation, illustration or devotional explanation only where a matching product exists.","Critical/recensional evidence, population census, official calendrics, inscriptions, media rights or consented fieldwork.",Purchase critical/printed editions where open digital surrogate is incomplete; request reuse rights,https://gitapress.org/catalogue,Role is an acquisition overlay. It does not mark the target complete and does not merge distinct editions.
COR-0110,02 Itihasa,Ramayana Sanskrit,Adhyatma Ramayana,USER_BUY_PHYSICAL_SCAN,B_SUPPLEMENTARY_PUBLISHED_SOURCE,MEDIUM,78,74 | 75 | 76 | 77 | 78 | 114 | 223 | 232 | 262 | 452 | 453 | 583 | 675 | 768 | 833 | 845 | 924 | 933 | 967 | 981,Adhyatmaramayana  (Hindi) | Shrimad Valmiki Ramayana Hindi - (Part 1) – Illustrated Hindi Translation | Gita Press Gorakhpur Publication | Shrimad Valmiki Ramayana Hindi (Part 2) – Illustrated Hindi Translation | Gita Press Gorakhpur Publication | Shrimad Valmiki Ramayana Hindi  | Gita Press Gorakhpur Publication | Srimad Valmiki Ramayana Sunderkand by | Language: Sanskrit | Code: 78 | Vairagyasandipani and Barvai Ramayana  (Hindi) | Mula Ramayana  (Hindi) | Shri Ramgīta -Teachings of Lord Rama to Lakshmana from the Valmiki Ramayana | Language: Hindi | Code: 232,Books for Daily Practice and Worship | Literature of Tulsidas | Picture-Stories | Ramayana | Ramchritmanas | Republished Special Issues of 'KALYAN' | Shri Jayadayal Ji Goyandka | Shrimad Bhagvadgita,ADD_GITA_PRESS_AS_SUPPLEMENTARY_SOURCE; do not close the master target on this evidence alone,"A relevant published treatment, translation, commentary, story or devotional edition.",The complete multi-tradition corpus target and its non-Gita-Press versions.,Purchase critical/printed editions where open digital surrogate is incomplete; request reuse rights,https://gitapress.org/catalogue,Role is an acquisition overlay. It does not mark the target complete and does not merge distinct editions.
COR-0111,02 Itihasa,Ramayana Sanskrit,Ananda Ramayana,USER_BUY_PHYSICAL_SCAN,B_SUPPLEMENTARY_PUBLISHED_SOURCE,MEDIUM,78,74 | 75 | 76 | 77 | 78 | 114 | 223 | 232 | 262 | 452 | 453 | 583 | 675 | 768 | 833 | 845 | 924 | 933 | 967 | 981,Adhyatmaramayana  (Hindi) | Shrimad Valmiki Ramayana Hindi - (Part 1) – Illustrated Hindi Translation | Gita Press Gorakhpur Publication | Shrimad Valmiki Ramayana Hindi (Part 2) – Illustrated Hindi Translation | Gita Press Gorakhpur Publication | Shrimad Valmiki Ramayana Hindi  | Gita Press Gorakhpur Publication | Srimad Valmiki Ramayana Sunderkand by | Language: Sanskrit | Code: 78 | Vairagyasandipani and Barvai Ramayana  (Hindi) | Mula Ramayana  (Hindi) | Shri Ramgīta -Teachings of Lord Rama to Lakshmana from the Valmiki Ramayana | Language: Hindi | Code: 232,Books for Daily Practice and Worship | Literature of Tulsidas | Picture-Stories | Ramayana | Ramchritmanas | Republished Special Issues of 'KALYAN' | Shri Jayadayal Ji Goyandka | Shrimad Bhagvadgita,ADD_GITA_PRESS_AS_SUPPLEMENTARY_SOURCE; do not close the master target on this evidence alone,"A relevant published treatment, translation, commentary, story or devotional edition.",The complete multi-tradition corpus target and its non-Gita-Press versions.,Purchase critical/printed editions where open digital surrogate is incomplete; request reuse rights,https://gitapress.org/catalogue,Role is an acquisition overlay. It does not mark the target complete and does not merge distinct editions.
COR-0112,02 Itihasa,Ramayana Sanskrit,Adbhuta Ramayana,USER_BUY_PHYSICAL_SCAN,B_SUPPLEMENTARY_PUBLISHED_SOURCE,MEDIUM,78,74 | 75 | 76 | 77 | 78 | 114 | 223 | 232 | 262 | 452 | 453 | 583 | 675 | 768 | 833 | 845 | 924 | 933 | 967 | 981,Adhyatmaramayana  (Hindi) | Shrimad Valmiki Ramayana Hindi - (Part 1) – Illustrated Hindi Translation | Gita Press Gorakhpur Publication | Shrimad Valmiki Ramayana Hindi (Part 2) – Illustrated Hindi Translation | Gita Press Gorakhpur Publication | Shrimad Valmiki Ramayana Hindi  | Gita Press Gorakhpur Publication | Srimad Valmiki Ramayana Sunderkand by | Language: Sanskrit | Code: 78 | Vairagyasandipani and Barvai Ramayana  (Hindi) | Mula Ramayana  (Hindi) | Shri Ramgīta -Teachings of Lord Rama to Lakshmana from the Valmiki Ramayana | Language: Hindi | Code: 232,Books for Daily Practice and Worship | Literature of Tulsidas | Picture-Stories | Ramayana | Ramchritmanas | Republished Special Issues of 'KALYAN' | Shri Jayadayal Ji Goyandka | Shrimad Bhagvadgita,ADD_GITA_PRESS_AS_SUPPLEMENTARY_SOURCE; do not close the master target on this evidence alone,"A relevant published treatment, translation, commentary, story or devotional edition.",The complete multi-tradition corpus target and its non-Gita-Press versions.,Purchase critical/printed editions where open digital surrogate is incomplete; request reuse rights,https://gitapress.org/catalogue,Role is an acquisition overlay. It does not mark the target complete and does not merge distinct editions.
COR-0113,02 Itihasa,Ramayana Sanskrit,Yoga Vasistha/Maharamayana — Laghu and Brihat forms,USER_BUY_PHYSICAL_SCAN,B_SUPPLEMENTARY_PUBLISHED_SOURCE,MEDIUM,78,74 | 75 | 76 | 77 | 78 | 114 | 223 | 232 | 262 | 452 | 453 | 583 | 675 | 768 | 833 | 845 | 924 | 933 | 967 | 981,Adhyatmaramayana  (Hindi) | Shrimad Valmiki Ramayana Hindi - (Part 1) – Illustrated Hindi Translation | Gita Press Gorakhpur Publication | Shrimad Valmiki Ramayana Hindi (Part 2) – Illustrated Hindi Translation | Gita Press Gorakhpur Publication | Shrimad Valmiki Ramayana Hindi  | Gita Press Gorakhpur Publication | Srimad Valmiki Ramayana Sunderkand by | Language: Sanskrit | Code: 78 | Vairagyasandipani and Barvai Ramayana  (Hindi) | Mula Ramayana  (Hindi) | Shri Ramgīta -Teachings of Lord Rama to Lakshmana from the Valmiki Ramayana | Language: Hindi | Code: 232,Books for Daily Practice and Worship | Literature of Tulsidas | Picture-Stories | Ramayana | Ramchritmanas | Republished Special Issues of 'KALYAN' | Shri Jayadayal Ji Goyandka | Shrimad Bhagvadgita,ADD_GITA_PRESS_AS_SUPPLEMENTARY_SOURCE; do not close the master target on this evidence alone,"A relevant published treatment, translation, commentary, story or devotional edition.",The complete multi-tradition corpus target and its non-Gita-Press versions.,Purchase critical/printed editions where open digital surrogate is incomplete; request reuse rights,https://gitapress.org/catalogue,Role is an acquisition overlay. It does not mark the target complete and does not merge distinct editions.
COR-0114,02 Itihasa,Ramayana Sanskrit,Agastya Ramayana traditions,USER_BUY_PHYSICAL_SCAN,B_SUPPLEMENTARY_PUBLISHED_SOURCE,MEDIUM,78,74 | 75 | 76 | 77 | 78 | 114 | 223 | 232 | 262 | 452 | 453 | 583 | 675 | 768 | 833 | 845 | 924 | 933 | 967 | 981,Adhyatmaramayana  (Hindi) | Shrimad Valmiki Ramayana Hindi - (Part 1) – Illustrated Hindi Translation | Gita Press Gorakhpur Publication | Shrimad Valmiki Ramayana Hindi (Part 2) – Illustrated Hindi Translation | Gita Press Gorakhpur Publication | Shrimad Valmiki Ramayana Hindi  | Gita Press Gorakhpur Publication | Srimad Valmiki Ramayana Sunderkand by | Language: Sanskrit | Code: 78 | Vairagyasandipani and Barvai Ramayana  (Hindi) | Mula Ramayana  (Hindi) | Shri Ramgīta -Teachings of Lord Rama to Lakshmana from the Valmiki Ramayana | Language: Hindi | Code: 232,Books for Daily Practice and Worship | Literature of Tulsidas | Picture-Stories | Ramayana | Ramchritmanas | Republished Special Issues of 'KALYAN' | Shri Jayadayal Ji Goyandka | Shrimad Bhagvadgita,ADD_GITA_PRESS_AS_SUPPLEMENTARY_SOURCE; do not close the master target on this evidence alone,"A relevant published treatment, translation, commentary, story or devotional edition.",The complete multi-tradition corpus target and its non-Gita-Press versions.,Purchase critical/printed editions where open digital surrogate is incomplete; request reuse rights,https://gitapress.org/catalogue,Role is an acquisition overlay. It does not mark the target complete and does not merge distinct editions.
COR-0115,02 Itihasa,Ramayana regional and transregional,Ramcharitmanas of Tulsidas,AGENT_DOWNLOAD_RIGHTS_REVIEW,A_DIRECT_PUBLISHED_EDITION_CANDIDATE,HIGH,48,80 | 81 | 82 | 83 | 84 | 85 | 87 | 88 | 89 | 90 | 91 | 92 | 93 | 98 | 99 | 100 | 105 | 456 | 785 | 790,"Shri Ramcharitmanas Hindi – Illustrated, Annotated & Large Edition | Gita Press Gorakhpur Publication | Shri Ramcharitmanas Hindi – Illustrated | Annotated | Bold Print | Large Edition | Gita Press Gorakhpur Publication | Shri Ramcharitmanas Hindi – Annotated, Medium Size Edition | Gita Press Gorakhpur Publication | Shri Ramcharitmanas Hindi – Large Print Original Text Only | Gita Press Gorakhpur Publication | Shri Ramcharitmanas Hindi – Original Text, Medium Size Edition | Gita Press Gorakhpur Publication | Shri Ramcharitmanas Hindi – Original Text Edition | Gita Press Gorakhpur Publication | Manas-Piyush (Khanda 1–7) – Ramcharitmanas Tika Set | Language: Hindi | Code: 87 | Manas-Piyush (Khanda 2–7) – Ramcharitmanas Tika Set | Language: Hindi | Code: 88",Literature of Tulsidas | Ramchritmanas,PARTNERSHIP_FIRST_FOR_GITA_PRESS_EDITION; retain other editions and witnesses as separate requirements,"Catalog metadata, print/digital master, complete Gita Press edition, language variants, cover/illustrations and update history—subject to agreement.","Other publishers, critical editions, regional recensions not in catalog, or manuscript witnesses.",Download open editions; purchase/permission/fieldwork for protected or oral versions,https://gitapress.org/catalogue,Role is an acquisition overlay. It does not mark the target complete and does not merge distinct editions.
COR-0116,02 Itihasa,Ramayana regional and transregional,Kamba Ramayanam/Irāmāvatāram,AGENT_DOWNLOAD_RIGHTS_REVIEW,B_SUPPLEMENTARY_PUBLISHED_SOURCE,MEDIUM,78,74 | 75 | 76 | 77 | 78 | 114 | 223 | 232 | 262 | 452 | 453 | 583 | 675 | 768 | 833 | 845 | 924 | 933 | 967 | 981,Adhyatmaramayana  (Hindi) | Shrimad Valmiki Ramayana Hindi - (Part 1) – Illustrated Hindi Translation | Gita Press Gorakhpur Publication | Shrimad Valmiki Ramayana Hindi (Part 2) – Illustrated Hindi Translation | Gita Press Gorakhpur Publication | Shrimad Valmiki Ramayana Hindi  | Gita Press Gorakhpur Publication | Srimad Valmiki Ramayana Sunderkand by | Language: Sanskrit | Code: 78 | Vairagyasandipani and Barvai Ramayana  (Hindi) | Mula Ramayana  (Hindi) | Shri Ramgīta -Teachings of Lord Rama to Lakshmana from the Valmiki Ramayana | Language: Hindi | Code: 232,Books for Daily Practice and Worship | Literature of Tulsidas | Picture-Stories | Ramayana | Ramchritmanas | Republished Special Issues of 'KALYAN' | Shri Jayadayal Ji Goyandka | Shrimad Bhagvadgita,ADD_GITA_PRESS_AS_SUPPLEMENTARY_SOURCE; do not close the master target on this evidence alone,"A relevant published treatment, translation, commentary, story or devotional edition.",The complete multi-tradition corpus target and its non-Gita-Press versions.,Download open editions; purchase/permission/fieldwork for protected or oral versions,https://gitapress.org/catalogue,Role is an acquisition overlay. It does not mark the target complete and does not merge distinct editions.
COR-0117,02 Itihasa,Ramayana regional and transregional,Krittivasi Ramayana,AGENT_DOWNLOAD_RIGHTS_REVIEW,B_SUPPLEMENTARY_PUBLISHED_SOURCE,MEDIUM,78,74 | 75 | 76 | 77 | 78 | 114 | 223 | 232 | 262 | 452 | 453 | 583 | 675 | 768 | 833 | 845 | 924 | 933 | 967 | 981,Adhyatmaramayana  (Hindi) | Shrimad Valmiki Ramayana Hindi - (Part 1) – Illustrated Hindi Translation | Gita Press Gorakhpur Publication | Shrimad Valmiki Ramayana Hindi (Part 2) – Illustrated Hindi Translation | Gita Press Gorakhpur Publication | Shrimad Valmiki Ramayana Hindi  | Gita Press Gorakhpur Publication | Srimad Valmiki Ramayana Sunderkand by | Language: Sanskrit | Code: 78 | Vairagyasandipani and Barvai Ramayana  (Hindi) | Mula Ramayana  (Hindi) | Shri Ramgīta -Teachings of Lord Rama to Lakshmana from the Valmiki Ramayana | Language: Hindi | Code: 232,Books for Daily Practice and Worship | Literature of Tulsidas | Picture-Stories | Ramayana | Ramchritmanas | Republished Special Issues of 'KALYAN' | Shri Jayadayal Ji Goyandka | Shrimad Bhagvadgita,ADD_GITA_PRESS_AS_SUPPLEMENTARY_SOURCE; do not close the master target on this evidence alone,"A relevant published treatment, translation, commentary, story or devotional edition.",The complete multi-tradition corpus target and its non-Gita-Press versions.,Download open editions; purchase/permission/fieldwork for protected or oral versions,https://gitapress.org/catalogue,Role is an acquisition overlay. It does not mark the target complete and does not merge distinct editions.
COR-0118,02 Itihasa,Ramayana regional and transregional,Ranganatha Ramayanam,AGENT_DOWNLOAD_RIGHTS_REVIEW,B_SUPPLEMENTARY_PUBLISHED_SOURCE,MEDIUM,78,74 | 75 | 76 | 77 | 78 | 114 | 223 | 232 | 262 | 452 | 453 | 583 | 675 | 768 | 833 | 845 | 924 | 933 | 967 | 981,Adhyatmaramayana  (Hindi) | Shrimad Valmiki Ramayana Hindi - (Part 1) – Illustrated Hindi Translation | Gita Press Gorakhpur Publication | Shrimad Valmiki Ramayana Hindi (Part 2) – Illustrated Hindi Translation | Gita Press Gorakhpur Publication | Shrimad Valmiki Ramayana Hindi  | Gita Press Gorakhpur Publication | Srimad Valmiki Ramayana Sunderkand by | Language: Sanskrit | Code: 78 | Vairagyasandipani and Barvai Ramayana  (Hindi) | Mula Ramayana  (Hindi) | Shri Ramgīta -Teachings of Lord Rama to Lakshmana from the Valmiki Ramayana | Language: Hindi | Code: 232,Books for Daily Practice and Worship | Literature of Tulsidas | Picture-Stories | Ramayana | Ramchritmanas | Republished Special Issues of 'KALYAN' | Shri Jayadayal Ji Goyandka | Shrimad Bhagvadgita,ADD_GITA_PRESS_AS_SUPPLEMENTARY_SOURCE; do not close the master target on this evidence alone,"A relevant published treatment, translation, commentary, story or devotional edition.",The complete multi-tradition corpus target and its non-Gita-Press versions.,Download open editions; purchase/permission/fieldwork for protected or oral versions,https://gitapress.org/catalogue,Role is an acquisition overlay. It does not mark the target complete and does not merge distinct editions.
COR-0119,02 Itihasa,Ramayana regional and transregional,Molla Ramayanam,AGENT_DOWNLOAD_RIGHTS_REVIEW,B_SUPPLEMENTARY_PUBLISHED_SOURCE,MEDIUM,78,74 | 75 | 76 | 77 | 78 | 114 | 223 | 232 | 262 | 452 | 453 | 583 | 675 | 768 | 833 | 845 | 924 | 933 | 967 | 981,Adhyatmaramayana  (Hindi) | Shrimad Valmiki Ramayana Hindi - (Part 1) – Illustrated Hindi Translation | Gita Press Gorakhpur Publication | Shrimad Valmiki Ramayana Hindi (Part 2) – Illustrated Hindi Translation | Gita Press Gorakhpur Publication | Shrimad Valmiki Ramayana Hindi  | Gita Press Gorakhpur Publication | Srimad Valmiki Ramayana Sunderkand by | Language: Sanskrit | Code: 78 | Vairagyasandipani and Barvai Ramayana  (Hindi) | Mula Ramayana  (Hindi) | Shri Ramgīta -Teachings of Lord Rama to Lakshmana from the Valmiki Ramayana | Language: Hindi | Code: 232,Books for Daily Practice and Worship | Literature of Tulsidas | Picture-Stories | Ramayana | Ramchritmanas | Republished Special Issues of 'KALYAN' | Shri Jayadayal Ji Goyandka | Shrimad Bhagvadgita,ADD_GITA_PRESS_AS_SUPPLEMENTARY_SOURCE; do not close the master target on this evidence alone,"A relevant published treatment, translation, commentary, story or devotional edition.",The complete multi-tradition corpus target and its non-Gita-Press versions.,Download open editions; purchase/permission/fieldwork for protected or oral versions,https://gitapress.org/catalogue,Role is an acquisition overlay. It does not mark the target complete and does not merge distinct editions.
COR-0120,02 Itihasa,Ramayana regional and transregional,Bhaskara Ramayanam,AGENT_DOWNLOAD_RIGHTS_REVIEW,B_SUPPLEMENTARY_PUBLISHED_SOURCE,MEDIUM,78,74 | 75 | 76 | 77 | 78 | 114 | 223 | 232 | 262 | 452 | 453 | 583 | 675 | 768 | 833 | 845 | 924 | 933 | 967 | 981,Adhyatmaramayana  (Hindi) | Shrimad Valmiki Ramayana Hindi - (Part 1) – Illustrated Hindi Translation | Gita Press Gorakhpur Publication | Shrimad Valmiki Ramayana Hindi (Part 2) – Illustrated Hindi Translation | Gita Press Gorakhpur Publication | Shrimad Valmiki Ramayana Hindi  | Gita Press Gorakhpur Publication | Srimad Valmiki Ramayana Sunderkand by | Language: Sanskrit | Code: 78 | Vairagyasandipani and Barvai Ramayana  (Hindi) | Mula Ramayana  (Hindi) | Shri Ramgīta -Teachings of Lord Rama to Lakshmana from the Valmiki Ramayana | Language: Hindi | Code: 232,Books for Daily Practice and Worship | Literature of Tulsidas | Picture-Stories | Ramayana | Ramchritmanas | Republished Special Issues of 'KALYAN' | Shri Jayadayal Ji Goyandka | Shrimad Bhagvadgita,ADD_GITA_PRESS_AS_SUPPLEMENTARY_SOURCE; do not close the master target on this evidence alone,"A relevant published treatment, translation, commentary, story or devotional edition.",The complete multi-tradition corpus target and its non-Gita-Press versions.,Download open editions; purchase/permission/fieldwork for protected or oral versions,https://gitapress.org/catalogue,Role is an acquisition overlay. It does not mark the target complete and does not merge distinct editions.
COR-0121,02 Itihasa,Ramayana regional and transregional,Torave Ramayana,AGENT_DOWNLOAD_RIGHTS_REVIEW,B_SUPPLEMENTARY_PUBLISHED_SOURCE,MEDIUM,78,74 | 75 | 76 | 77 | 78 | 114 | 223 | 232 | 262 | 452 | 453 | 583 | 675 | 768 | 833 | 845 | 924 | 933 | 967 | 981,Adhyatmaramayana  (Hindi) | Shrimad Valmiki Ramayana Hindi - (Part 1) – Illustrated Hindi Translation | Gita Press Gorakhpur Publication | Shrimad Valmiki Ramayana Hindi (Part 2) – Illustrated Hindi Translation | Gita Press Gorakhpur Publication | Shrimad Valmiki Ramayana Hindi  | Gita Press Gorakhpur Publication | Srimad Valmiki Ramayana Sunderkand by | Language: Sanskrit | Code: 78 | Vairagyasandipani and Barvai Ramayana  (Hindi) | Mula Ramayana  (Hindi) | Shri Ramgīta -Teachings of Lord Rama to Lakshmana from the Valmiki Ramayana | Language: Hindi | Code: 232,Books for Daily Practice and Worship | Literature of Tulsidas | Picture-Stories | Ramayana | Ramchritmanas | Republished Special Issues of 'KALYAN' | Shri Jayadayal Ji Goyandka | Shrimad Bhagvadgita,ADD_GITA_PRESS_AS_SUPPLEMENTARY_SOURCE; do not close the master target on this evidence alone,"A relevant published treatment, translation, commentary, story or devotional edition.",The complete multi-tradition corpus target and its non-Gita-Press versions.,Download open editions; purchase/permission/fieldwork for protected or oral versions,https://gitapress.org/catalogue,Role is an acquisition overlay. It does not mark the target complete and does not merge distinct editions.
COR-0122,02 Itihasa,Ramayana regional and transregional,Adhyatma Ramayanam Kilippattu,AGENT_DOWNLOAD_RIGHTS_REVIEW,B_SUPPLEMENTARY_PUBLISHED_SOURCE,MEDIUM,78,74 | 75 | 76 | 77 | 78 | 114 | 223 | 232 | 262 | 452 | 453 | 583 | 675 | 768 | 833 | 845 | 924 | 933 | 967 | 981,Adhyatmaramayana  (Hindi) | Shrimad Valmiki Ramayana Hindi - (Part 1) – Illustrated Hindi Translation | Gita Press Gorakhpur Publication | Shrimad Valmiki Ramayana Hindi (Part 2) – Illustrated Hindi Translation | Gita Press Gorakhpur Publication | Shrimad Valmiki Ramayana Hindi  | Gita Press Gorakhpur Publication | Srimad Valmiki Ramayana Sunderkand by | Language: Sanskrit | Code: 78 | Vairagyasandipani and Barvai Ramayana  (Hindi) | Mula Ramayana  (Hindi) | Shri Ramgīta -Teachings of Lord Rama to Lakshmana from the Valmiki Ramayana | Language: Hindi | Code: 232,Books for Daily Practice and Worship | Literature of Tulsidas | Picture-Stories | Ramayana | Ramchritmanas | Republished Special Issues of 'KALYAN' | Shri Jayadayal Ji Goyandka | Shrimad Bhagvadgita,ADD_GITA_PRESS_AS_SUPPLEMENTARY_SOURCE; do not close the master target on this evidence alone,"A relevant published treatment, translation, commentary, story or devotional edition.",The complete multi-tradition corpus target and its non-Gita-Press versions.,Download open editions; purchase/permission/fieldwork for protected or oral versions,https://gitapress.org/catalogue,Role is an acquisition overlay. It does not mark the target complete and does not merge distinct editions.
COR-0123,02 Itihasa,Ramayana regional and transregional,Jagamohana/Dandi Ramayana of Balarama Dasa,AGENT_DOWNLOAD_RIGHTS_REVIEW,B_SUPPLEMENTARY_PUBLISHED_SOURCE,MEDIUM,78,74 | 75 | 76 | 77 | 78 | 114 | 223 | 232 | 262 | 452 | 453 | 583 | 675 | 768 | 833 | 845 | 924 | 933 | 967 | 981,Adhyatmaramayana  (Hindi) | Shrimad Valmiki Ramayana Hindi - (Part 1) – Illustrated Hindi Translation | Gita Press Gorakhpur Publication | Shrimad Valmiki Ramayana Hindi (Part 2) – Illustrated Hindi Translation | Gita Press Gorakhpur Publication | Shrimad Valmiki Ramayana Hindi  | Gita Press Gorakhpur Publication | Srimad Valmiki Ramayana Sunderkand by | Language: Sanskrit | Code: 78 | Vairagyasandipani and Barvai Ramayana  (Hindi) | Mula Ramayana  (Hindi) | Shri Ramgīta -Teachings of Lord Rama to Lakshmana from the Valmiki Ramayana | Language: Hindi | Code: 232,Books for Daily Practice and Worship | Literature of Tulsidas | Picture-Stories | Ramayana | Ramchritmanas | Republished Special Issues of 'KALYAN' | Shri Jayadayal Ji Goyandka | Shrimad Bhagvadgita,ADD_GITA_PRESS_AS_SUPPLEMENTARY_SOURCE; do not close the master target on this evidence alone,"A relevant published treatment, translation, commentary, story or devotional edition.",The complete multi-tradition corpus target and its non-Gita-Press versions.,Download open editions; purchase/permission/fieldwork for protected or oral versions,https://gitapress.org/catalogue,Role is an acquisition overlay. It does not mark the target complete and does not merge distinct editions.
COR-0124,02 Itihasa,Ramayana regional and transregional,Saptakanda Ramayana of Madhava Kandali,AGENT_DOWNLOAD_RIGHTS_REVIEW,B_SUPPLEMENTARY_PUBLISHED_SOURCE,MEDIUM,78,74 | 75 | 76 | 77 | 78 | 114 | 223 | 232 | 262 | 452 | 453 | 583 | 675 | 768 | 833 | 845 | 924 | 933 | 967 | 981,Adhyatmaramayana  (Hindi) | Shrimad Valmiki Ramayana Hindi - (Part 1) – Illustrated Hindi Translation | Gita Press Gorakhpur Publication | Shrimad Valmiki Ramayana Hindi (Part 2) – Illustrated Hindi Translation | Gita Press Gorakhpur Publication | Shrimad Valmiki Ramayana Hindi  | Gita Press Gorakhpur Publication | Srimad Valmiki Ramayana Sunderkand by | Language: Sanskrit | Code: 78 | Vairagyasandipani and Barvai Ramayana  (Hindi) | Mula Ramayana  (Hindi) | Shri Ramgīta -Teachings of Lord Rama to Lakshmana from the Valmiki Ramayana | Language: Hindi | Code: 232,Books for Daily Practice and Worship | Literature of Tulsidas | Picture-Stories | Ramayana | Ramchritmanas | Republished Special Issues of 'KALYAN' | Shri Jayadayal Ji Goyandka | Shrimad Bhagvadgita,ADD_GITA_PRESS_AS_SUPPLEMENTARY_SOURCE; do not close the master target on this evidence alone,"A relevant published treatment, translation, commentary, story or devotional edition.",The complete multi-tradition corpus target and its non-Gita-Press versions.,Download open editions; purchase/permission/fieldwork for protected or oral versions,https://gitapress.org/catalogue,Role is an acquisition overlay. It does not mark the target complete and does not merge distinct editions.
COR-0125,02 Itihasa,Ramayana regional and transregional,Bhanubhakta Ramayana,AGENT_DOWNLOAD_RIGHTS_REVIEW,B_SUPPLEMENTARY_PUBLISHED_SOURCE,MEDIUM,78,74 | 75 | 76 | 77 | 78 | 114 | 223 | 232 | 262 | 452 | 453 | 583 | 675 | 768 | 833 | 845 | 924 | 933 | 967 | 981,Adhyatmaramayana  (Hindi) | Shrimad Valmiki Ramayana Hindi - (Part 1) – Illustrated Hindi Translation | Gita Press Gorakhpur Publication | Shrimad Valmiki Ramayana Hindi (Part 2) – Illustrated Hindi Translation | Gita Press Gorakhpur Publication | Shrimad Valmiki Ramayana Hindi  | Gita Press Gorakhpur Publication | Srimad Valmiki Ramayana Sunderkand by | Language: Sanskrit | Code: 78 | Vairagyasandipani and Barvai Ramayana  (Hindi) | Mula Ramayana  (Hindi) | Shri Ramgīta -Teachings of Lord Rama to Lakshmana from the Valmiki Ramayana | Language: Hindi | Code: 232,Books for Daily Practice and Worship | Literature of Tulsidas | Picture-Stories | Ramayana | Ramchritmanas | Republished Special Issues of 'KALYAN' | Shri Jayadayal Ji Goyandka | Shrimad Bhagvadgita,ADD_GITA_PRESS_AS_SUPPLEMENTARY_SOURCE; do not close the master target on this evidence alone,"A relevant published treatment, translation, commentary, story or devotional edition.",The complete multi-tradition corpus target and its non-Gita-Press versions.,Download open editions; purchase/permission/fieldwork for protected or oral versions,https://gitapress.org/catalogue,Role is an acquisition overlay. It does not mark the target complete and does not merge distinct editions.
COR-0126,02 Itihasa,Ramayana regional and transregional,Giradhara Ramayana (Gujarati),AGENT_DOWNLOAD_RIGHTS_REVIEW,B_SUPPLEMENTARY_PUBLISHED_SOURCE,MEDIUM,78,74 | 75 | 76 | 77 | 78 | 114 | 223 | 232 | 262 | 452 | 453 | 583 | 675 | 768 | 833 | 845 | 924 | 933 | 967 | 981,Adhyatmaramayana  (Hindi) | Shrimad Valmiki Ramayana Hindi - (Part 1) – Illustrated Hindi Translation | Gita Press Gorakhpur Publication | Shrimad Valmiki Ramayana Hindi (Part 2) – Illustrated Hindi Translation | Gita Press Gorakhpur Publication | Shrimad Valmiki Ramayana Hindi  | Gita Press Gorakhpur Publication | Srimad Valmiki Ramayana Sunderkand by | Language: Sanskrit | Code: 78 | Vairagyasandipani and Barvai Ramayana  (Hindi) | Mula Ramayana  (Hindi) | Shri Ramgīta -Teachings of Lord Rama to Lakshmana from the Valmiki Ramayana | Language: Hindi | Code: 232,Books for Daily Practice and Worship | Literature of Tulsidas | Picture-Stories | Ramayana | Ramchritmanas | Republished Special Issues of 'KALYAN' | Shri Jayadayal Ji Goyandka | Shrimad Bhagvadgita,ADD_GITA_PRESS_AS_SUPPLEMENTARY_SOURCE; do not close the master target on this evidence alone,"A relevant published treatment, translation, commentary, story or devotional edition.",The complete multi-tradition corpus target and its non-Gita-Press versions.,Download open editions; purchase/permission/fieldwork for protected or oral versions,https://gitapress.org/catalogue,Role is an acquisition overlay. It does not mark the target complete and does not merge distinct editions.
COR-0127,02 Itihasa,Ramayana regional and transregional,Paumacariya and Jain Ramayana corpus,AGENT_DOWNLOAD_RIGHTS_REVIEW,B_SUPPLEMENTARY_PUBLISHED_SOURCE,MEDIUM,78,74 | 75 | 76 | 77 | 78 | 114 | 223 | 232 | 262 | 452 | 453 | 583 | 675 | 768 | 833 | 845 | 924 | 933 | 967 | 981,Adhyatmaramayana  (Hindi) | Shrimad Valmiki Ramayana Hindi - (Part 1) – Illustrated Hindi Translation | Gita Press Gorakhpur Publication | Shrimad Valmiki Ramayana Hindi (Part 2) – Illustrated Hindi Translation | Gita Press Gorakhpur Publication | Shrimad Valmiki Ramayana Hindi  | Gita Press Gorakhpur Publication | Srimad Valmiki Ramayana Sunderkand by | Language: Sanskrit | Code: 78 | Vairagyasandipani and Barvai Ramayana  (Hindi) | Mula Ramayana  (Hindi) | Shri Ramgīta -Teachings of Lord Rama to Lakshmana from the Valmiki Ramayana | Language: Hindi | Code: 232,Books for Daily Practice and Worship | Literature of Tulsidas | Picture-Stories | Ramayana | Ramchritmanas | Republished Special Issues of 'KALYAN' | Shri Jayadayal Ji Goyandka | Shrimad Bhagvadgita,ADD_GITA_PRESS_AS_SUPPLEMENTARY_SOURCE; do not close the master target on this evidence alone,"A relevant published treatment, translation, commentary, story or devotional edition.",The complete multi-tradition corpus target and its non-Gita-Press versions.,Download open editions; purchase/permission/fieldwork for protected or oral versions,https://gitapress.org/catalogue,Role is an acquisition overlay. It does not mark the target complete and does not merge distinct editions.
COR-0128,02 Itihasa,Ramayana regional and transregional,Dasharatha Jataka and Buddhist Ramayana parallels,AGENT_DOWNLOAD_RIGHTS_REVIEW,B_SUPPLEMENTARY_PUBLISHED_SOURCE,MEDIUM,78,74 | 75 | 76 | 77 | 78 | 114 | 223 | 232 | 262 | 452 | 453 | 583 | 675 | 768 | 833 | 845 | 924 | 933 | 967 | 981,Adhyatmaramayana  (Hindi) | Shrimad Valmiki Ramayana Hindi - (Part 1) – Illustrated Hindi Translation | Gita Press Gorakhpur Publication | Shrimad Valmiki Ramayana Hindi (Part 2) – Illustrated Hindi Translation | Gita Press Gorakhpur Publication | Shrimad Valmiki Ramayana Hindi  | Gita Press Gorakhpur Publication | Srimad Valmiki Ramayana Sunderkand by | Language: Sanskrit | Code: 78 | Vairagyasandipani and Barvai Ramayana  (Hindi) | Mula Ramayana  (Hindi) | Shri Ramgīta -Teachings of Lord Rama to Lakshmana from the Valmiki Ramayana | Language: Hindi | Code: 232,Books for Daily Practice and Worship | Literature of Tulsidas | Picture-Stories | Ramayana | Ramchritmanas | Republished Special Issues of 'KALYAN' | Shri Jayadayal Ji Goyandka | Shrimad Bhagvadgita,ADD_GITA_PRESS_AS_SUPPLEMENTARY_SOURCE; do not close the master target on this evidence alone,"A relevant published treatment, translation, commentary, story or devotional edition.",The complete multi-tradition corpus target and its non-Gita-Press versions.,Download open editions; purchase/permission/fieldwork for protected or oral versions,https://gitapress.org/catalogue,Role is an acquisition overlay. It does not mark the target complete and does not merge distinct editions.
COR-0129,02 Itihasa,Ramayana regional and transregional,Kakawin Ramayana,AGENT_DOWNLOAD_RIGHTS_REVIEW,B_SUPPLEMENTARY_PUBLISHED_SOURCE,MEDIUM,78,74 | 75 | 76 | 77 | 78 | 114 | 223 | 232 | 262 | 452 | 453 | 583 | 675 | 768 | 833 | 845 | 924 | 933 | 967 | 981,Adhyatmaramayana  (Hindi) | Shrimad Valmiki Ramayana Hindi - (Part 1) – Illustrated Hindi Translation | Gita Press Gorakhpur Publication | Shrimad Valmiki Ramayana Hindi (Part 2) – Illustrated Hindi Translation | Gita Press Gorakhpur Publication | Shrimad Valmiki Ramayana Hindi  | Gita Press Gorakhpur Publication | Srimad Valmiki Ramayana Sunderkand by | Language: Sanskrit | Code: 78 | Vairagyasandipani and Barvai Ramayana  (Hindi) | Mula Ramayana  (Hindi) | Shri Ramgīta -Teachings of Lord Rama to Lakshmana from the Valmiki Ramayana | Language: Hindi | Code: 232,Books for Daily Practice and Worship | Literature of Tulsidas | Picture-Stories | Ramayana | Ramchritmanas | Republished Special Issues of 'KALYAN' | Shri Jayadayal Ji Goyandka | Shrimad Bhagvadgita,ADD_GITA_PRESS_AS_SUPPLEMENTARY_SOURCE; do not close the master target on this evidence alone,"A relevant published treatment, translation, commentary, story or devotional edition.",The complete multi-tradition corpus target and its non-Gita-Press versions.,Download open editions; purchase/permission/fieldwork for protected or oral versions,https://gitapress.org/catalogue,Role is an acquisition overlay. It does not mark the target complete and does not merge distinct editions.
COR-0130,02 Itihasa,Ramayana regional and transregional,Ramakien,AGENT_DOWNLOAD_RIGHTS_REVIEW,D_NOT_A_REPLACEMENT,HIGH,0,,,,NO_ROUTE_CHANGE,Only incidental or contextual Gita Press material if later identified.,The target's primary source population.,Download open editions; purchase/permission/fieldwork for protected or oral versions,https://gitapress.org/catalogue,Role is an acquisition overlay. It does not mark the target complete and does not merge distinct editions.
COR-0131,02 Itihasa,Ramayana regional and transregional,Reamker,AGENT_DOWNLOAD_RIGHTS_REVIEW,D_NOT_A_REPLACEMENT,HIGH,0,,,,NO_ROUTE_CHANGE,Only incidental or contextual Gita Press material if later identified.,The target's primary source population.,Download open editions; purchase/permission/fieldwork for protected or oral versions,https://gitapress.org/catalogue,Role is an acquisition overlay. It does not mark the target complete and does not merge distinct editions.
COR-0132,02 Itihasa,Ramayana regional and transregional,Hikayat Seri Rama,AGENT_DOWNLOAD_RIGHTS_REVIEW,D_NOT_A_REPLACEMENT,HIGH,0,,,,NO_ROUTE_CHANGE,Only incidental or contextual Gita Press material if later identified.,The target's primary source population.,Download open editions; purchase/permission/fieldwork for protected or oral versions,https://gitapress.org/catalogue,Role is an acquisition overlay. It does not mark the target complete and does not merge distinct editions.
COR-0133,02 Itihasa,Ramayana regional and transregional,Phra Lak Phra Lam,AGENT_DOWNLOAD_RIGHTS_REVIEW,D_NOT_A_REPLACEMENT,HIGH,0,,,,NO_ROUTE_CHANGE,Only incidental or contextual Gita Press material if later identified.,The target's primary source population.,Download open editions; purchase/permission/fieldwork for protected or oral versions,https://gitapress.org/catalogue,Role is an acquisition overlay. It does not mark the target complete and does not merge distinct editions.
COR-0134,02 Itihasa,Ramayana regional and transregional,Yama Zatdaw,AGENT_DOWNLOAD_RIGHTS_REVIEW,D_NOT_A_REPLACEMENT,HIGH,0,,,,NO_ROUTE_CHANGE,Only incidental or contextual Gita Press material if later identified.,The target's primary source population.,Download open editions; purchase/permission/fieldwork for protected or oral versions,https://gitapress.org/catalogue,Role is an acquisition overlay. It does not mark the target complete and does not merge distinct editions.
COR-0135,02 Itihasa,Ramayana regional and transregional,Maranao Maharadia Lawana,AGENT_DOWNLOAD_RIGHTS_REVIEW,D_NOT_A_REPLACEMENT,HIGH,0,,,,NO_ROUTE_CHANGE,Only incidental or contextual Gita Press material if later identified.,The target's primary source population.,Download open editions; purchase/permission/fieldwork for protected or oral versions,https://gitapress.org/catalogue,Role is an acquisition overlay. It does not mark the target complete and does not merge distinct editions.
COR-0136,02 Itihasa,Ramayana regional and transregional,Tibetan Ramayana versions,AGENT_DOWNLOAD_RIGHTS_REVIEW,B_SUPPLEMENTARY_PUBLISHED_SOURCE,MEDIUM,78,74 | 75 | 76 | 77 | 78 | 114 | 223 | 232 | 262 | 452 | 453 | 583 | 675 | 768 | 833 | 845 | 924 | 933 | 967 | 981,Adhyatmaramayana  (Hindi) | Shrimad Valmiki Ramayana Hindi - (Part 1) – Illustrated Hindi Translation | Gita Press Gorakhpur Publication | Shrimad Valmiki Ramayana Hindi (Part 2) – Illustrated Hindi Translation | Gita Press Gorakhpur Publication | Shrimad Valmiki Ramayana Hindi  | Gita Press Gorakhpur Publication | Srimad Valmiki Ramayana Sunderkand by | Language: Sanskrit | Code: 78 | Vairagyasandipani and Barvai Ramayana  (Hindi) | Mula Ramayana  (Hindi) | Shri Ramgīta -Teachings of Lord Rama to Lakshmana from the Valmiki Ramayana | Language: Hindi | Code: 232,Books for Daily Practice and Worship | Literature of Tulsidas | Picture-Stories | Ramayana | Ramchritmanas | Republished Special Issues of 'KALYAN' | Shri Jayadayal Ji Goyandka | Shrimad Bhagvadgita,ADD_GITA_PRESS_AS_SUPPLEMENTARY_SOURCE; do not close the master target on this evidence alone,"A relevant published treatment, translation, commentary, story or devotional edition.",The complete multi-tradition corpus target and its non-Gita-Press versions.,Download open editions; purchase/permission/fieldwork for protected or oral versions,https://gitapress.org/catalogue,Role is an acquisition overlay. It does not mark the target complete and does not merge distinct editions.
COR-0137,02 Itihasa,Ramayana regional and transregional,Khotanese Ramayana fragments,AGENT_DOWNLOAD_RIGHTS_REVIEW,D_NOT_A_REPLACEMENT,HIGH,78,74 | 75 | 76 | 77 | 78 | 114 | 223 | 232 | 262 | 452 | 453 | 583 | 675 | 768 | 833 | 845 | 924 | 933 | 967 | 981,Adhyatmaramayana  (Hindi) | Shrimad Valmiki Ramayana Hindi - (Part 1) – Illustrated Hindi Translation | Gita Press Gorakhpur Publication | Shrimad Valmiki Ramayana Hindi (Part 2) – Illustrated Hindi Translation | Gita Press Gorakhpur Publication | Shrimad Valmiki Ramayana Hindi  | Gita Press Gorakhpur Publication | Srimad Valmiki Ramayana Sunderkand by | Language: Sanskrit | Code: 78 | Vairagyasandipani and Barvai Ramayana  (Hindi) | Mula Ramayana  (Hindi) | Shri Ramgīta -Teachings of Lord Rama to Lakshmana from the Valmiki Ramayana | Language: Hindi | Code: 232,Books for Daily Practice and Worship | Literature of Tulsidas | Picture-Stories | Ramayana | Ramchritmanas | Republished Special Issues of 'KALYAN' | Shri Jayadayal Ji Goyandka | Shrimad Bhagvadgita,NO_PRIMARY_ROUTE_CHANGE; optionally add a Gita Press popular edition if catalog-matched,"Popular edition, translation, illustration or devotional explanation only where a matching product exists.","Critical/recensional evidence, population census, official calendrics, inscriptions, media rights or consented fieldwork.",Download open editions; purchase/permission/fieldwork for protected or oral versions,https://gitapress.org/catalogue,Role is an acquisition overlay. It does not mark the target complete and does not merge distinct editions.
COR-0138,02 Itihasa,Ramayana regional and transregional,"Ramayana folk, shadow-puppet and performance scripts by region",AGENT_DOWNLOAD_RIGHTS_REVIEW,B_SUPPLEMENTARY_PUBLISHED_SOURCE,MEDIUM,78,74 | 75 | 76 | 77 | 78 | 114 | 223 | 232 | 262 | 452 | 453 | 583 | 675 | 768 | 833 | 845 | 924 | 933 | 967 | 981,Adhyatmaramayana  (Hindi) | Shrimad Valmiki Ramayana Hindi - (Part 1) – Illustrated Hindi Translation | Gita Press Gorakhpur Publication | Shrimad Valmiki Ramayana Hindi (Part 2) – Illustrated Hindi Translation | Gita Press Gorakhpur Publication | Shrimad Valmiki Ramayana Hindi  | Gita Press Gorakhpur Publication | Srimad Valmiki Ramayana Sunderkand by | Language: Sanskrit | Code: 78 | Vairagyasandipani and Barvai Ramayana  (Hindi) | Mula Ramayana  (Hindi) | Shri Ramgīta -Teachings of Lord Rama to Lakshmana from the Valmiki Ramayana | Language: Hindi | Code: 232,Books for Daily Practice and Worship | Literature of Tulsidas | Picture-Stories | Ramayana | Ramchritmanas | Republished Special Issues of 'KALYAN' | Shri Jayadayal Ji Goyandka | Shrimad Bhagvadgita,ADD_GITA_PRESS_AS_SUPPLEMENTARY_SOURCE; do not close the master target on this evidence alone,"A relevant published treatment, translation, commentary, story or devotional edition.",The complete multi-tradition corpus target and its non-Gita-Press versions.,Download open editions; purchase/permission/fieldwork for protected or oral versions,https://gitapress.org/catalogue,Role is an acquisition overlay. It does not mark the target complete and does not merge distinct editions.
COR-0139,03 Purana and Mahatmya,Mahapurana,Brahma Purana,AGENT_DOWNLOAD_RIGHTS_REVIEW,A_DIRECT_PUBLISHED_EDITION_CANDIDATE,HIGH,3,631 | 1111 | 2375,Sankshipt Brahma Vaivarta Purana – Illustrated Hindi Edition in Large Print by | Language: Hindi | Code: 631 | Sankshipt Brahma Purana – Illustrated Hindi Edition in Large Print by | Language: Hindi | Code: 1111 | Stories from the Brahma Purana,Puran Upanishad and Others | Useful Books for All,PARTNERSHIP_FIRST_FOR_GITA_PRESS_EDITION; retain other editions and witnesses as separate requirements,"Catalog metadata, print/digital master, complete Gita Press edition, language variants, cover/illustrations and update history—subject to agreement.","Other publishers, critical editions, regional recensions not in catalog, or manuscript witnesses.",Item-level rights review,https://gitapress.org/catalogue,Role is an acquisition overlay. It does not mark the target complete and does not merge distinct editions.
COR-0140,03 Purana and Mahatmya,Mahapurana,Padma Purana,AGENT_DOWNLOAD_RIGHTS_REVIEW,A_DIRECT_PUBLISHED_EDITION_CANDIDATE,HIGH,2,44 | 2078,Padma Puran | Language: Hindi | Code: 44 | Sankshipta Padma Puran  (Gujarati),Puran Upanishad and Others,PARTNERSHIP_FIRST_FOR_GITA_PRESS_EDITION; retain other editions and witnesses as separate requirements,"Catalog metadata, print/digital master, complete Gita Press edition, language variants, cover/illustrations and update history—subject to agreement.","Other publishers, critical editions, regional recensions not in catalog, or manuscript witnesses.",Item-level rights review,https://gitapress.org/catalogue,Role is an acquisition overlay. It does not mark the target complete and does not merge distinct editions.
COR-0141,03 Purana and Mahatmya,Mahapurana,Vishnu Purana,AGENT_DOWNLOAD_RIGHTS_REVIEW,A_DIRECT_PUBLISHED_EDITION_CANDIDATE,HIGH,6,48 | 1364 | 2006 | 2040 | 2196 | 2329,Sri Vishnu Puran | Language: Hindi | Code: 48 | Sri Vishnu Puran  (Hindi) | Sri Vishnu Puran  (Gujarati) | Shri Vishnu Purana | Language: Bangla | Code: 2040 | Shri Vishnupuranam  (Tamil) | Sri Vishnu Puran (Nepali),Puran Upanishad and Others | Swami Ramsukhdas Ji,PARTNERSHIP_FIRST_FOR_GITA_PRESS_EDITION; retain other editions and witnesses as separate requirements,"Catalog metadata, print/digital master, complete Gita Press edition, language variants, cover/illustrations and update history—subject to agreement.","Other publishers, critical editions, regional recensions not in catalog, or manuscript witnesses.",Item-level rights review,https://gitapress.org/catalogue,Role is an acquisition overlay. It does not mark the target complete and does not merge distinct editions.
COR-0142,03 Purana and Mahatmya,Mahapurana,Shiva Purana,AGENT_DOWNLOAD_RIGHTS_REVIEW,A_DIRECT_PUBLISHED_EDITION_CANDIDATE,HIGH,16,789 | 975 | 1286 | 1468 | 1926 | 1937 | 2020 | 2043 | 2189 | 2223 | 2224 | 2266 | 2318 | 2325 | 2326 | CB004,Sankshipt Shiv Puran Hindi – Illustrated Large Print Edition | Gita Press Gorakhpur Publication | Sankshipta Shiva Puran by | Language: Telugu | Code: 975 | Sankshipt Shiv Puran Gujarati – Illustrated Edition with Large Print | Gita Press Gorakhpur Publication | | Sankshipt Shiv Puran Hindi – Special Edition | Gita Press Gorakhpur Publication | Sankshipta Shiva Puran by | Language: Kannada | Code: 1926 | Sankshipta Shiva Puran by | Language: Bangla | Code: 1937 | Shri Shiv Mahapuran (Mool Matra) | Language: Hindi | Code: 2020 | Shrishivmahapuranam,Puran Upanishad and Others | Useful Books for All,PARTNERSHIP_FIRST_FOR_GITA_PRESS_EDITION; retain other editions and witnesses as separate requirements,"Catalog metadata, print/digital master, complete Gita Press edition, language variants, cover/illustrations and update history—subject to agreement.","Other publishers, critical editions, regional recensions not in catalog, or manuscript witnesses.",Item-level rights review,https://gitapress.org/catalogue,Role is an acquisition overlay. It does not mark the target complete and does not merge distinct editions.
COR-0143,03 Purana and Mahatmya,Mahapurana,Bhagavata Purana,AGENT_DOWNLOAD_RIGHTS_REVIEW,A_DIRECT_PUBLISHED_EDITION_CANDIDATE,HIGH,48,26 | 27 | 29 | 124 | 564 | 565 | 992 | 1551 | 1552 | 1553 | 1577 | 1678 | 1735 | 1739 | 1740 | 1744 | 1776 | 1831 | 1832 | 1951,Shrimad Bhagavat Mahapuran Hindi - First Part with Hindi Commentary and Illustrations | Gita Press Gorakhpur Publication | Shrimad Bhagavat Mahapuran Hindi – Second Part with Hindi Commentary and Illustrations | Gita Press Gorakhpur Publication | Shrimad Bhagavat Mahapuran (Sthoolaksharam Moolmantram)  Sanskrit – Text in Bold Script | Gita Press Gorakhpur Publication | | Srimad Bhagavat Mahapurana by | Language: Sanskrit | Code: 124 | Srimad Bhagavat Mahapurana Part-1 of 2 by Shri Maharishi Vedavyasa | Language: English | Code: 564 | Srimad Bhagavat Mahapurana Part-2 of 2 by Shri Maharishi Vedavyasa | Language: English | Code: 565 | Srimaddevibhagwatmahapuranam-Mulmatram  (Telugu) | Shrimad Bhagavat Mahapuran Oriya – By Jagannath Das Krit (Odia Edition) Gita Press Gorakhpur Publication,Puran Upanishad and Others,PARTNERSHIP_FIRST_FOR_GITA_PRESS_EDITION; retain other editions and witnesses as separate requirements,"Catalog metadata, print/digital master, complete Gita Press edition, language variants, cover/illustrations and update history—subject to agreement.","Other publishers, critical editions, regional recensions not in catalog, or manuscript witnesses.",Item-level rights review,https://gitapress.org/catalogue,Role is an acquisition overlay. It does not mark the target complete and does not merge distinct editions.
COR-0144,03 Purana and Mahatmya,Mahapurana,Narada/Naradiya Purana,AGENT_DOWNLOAD_RIGHTS_REVIEW,A_DIRECT_PUBLISHED_EDITION_CANDIDATE,HIGH,2,1183 | 2131,"Sankshipt Narada Purana  – Illustrated by | Language: Hindi | Code: 1183 | Sankshipt Narad Puran | Illustrated, Large Print Edition | Sacred Wisdom of Devarshi Narad | Language: Gujarati | Code: 2131",Puran Upanishad and Others,PARTNERSHIP_FIRST_FOR_GITA_PRESS_EDITION; retain other editions and witnesses as separate requirements,"Catalog metadata, print/digital master, complete Gita Press edition, language variants, cover/illustrations and update history—subject to agreement.","Other publishers, critical editions, regional recensions not in catalog, or manuscript witnesses.",Item-level rights review,https://gitapress.org/catalogue,Role is an acquisition overlay. It does not mark the target complete and does not merge distinct editions.
COR-0145,03 Purana and Mahatmya,Mahapurana,Markandeya Purana including Devi Mahatmya,AGENT_DOWNLOAD_RIGHTS_REVIEW,A_DIRECT_PUBLISHED_EDITION_CANDIDATE,HIGH,3,539 | 2069 | 2089,Sankshipta Markandeya Puran | Language: Hindi | Code: 539 | Markandeya Puran  (Gujarati) | Sankshipta Shrimarkandey Puran  (Telugu),Puran Upanishad and Others,PARTNERSHIP_FIRST_FOR_GITA_PRESS_EDITION; retain other editions and witnesses as separate requirements,"Catalog metadata, print/digital master, complete Gita Press edition, language variants, cover/illustrations and update history—subject to agreement.","Other publishers, critical editions, regional recensions not in catalog, or manuscript witnesses.",Item-level rights review,https://gitapress.org/catalogue,Role is an acquisition overlay. It does not mark the target complete and does not merge distinct editions.
COR-0146,03 Purana and Mahatmya,Mahapurana,Agni Purana,AGENT_DOWNLOAD_RIGHTS_REVIEW,A_DIRECT_PUBLISHED_EDITION_CANDIDATE,MEDIUM,1,1362,Agni Purana – Hindi Translation of the Original Sanskrit Text by | Language: Hindi | Code: 1362,Puran Upanishad and Others,PARTNERSHIP_FIRST_FOR_GITA_PRESS_EDITION; retain other editions and witnesses as separate requirements,"Catalog metadata, print/digital master, complete Gita Press edition, language variants, cover/illustrations and update history—subject to agreement.","Other publishers, critical editions, regional recensions not in catalog, or manuscript witnesses.",Item-level rights review,https://gitapress.org/catalogue,Role is an acquisition overlay. It does not mark the target complete and does not merge distinct editions.
COR-0147,03 Purana and Mahatmya,Mahapurana,Bhavishya Purana,AGENT_DOWNLOAD_RIGHTS_REVIEW,A_DIRECT_PUBLISHED_EDITION_CANDIDATE,MEDIUM,1,2073,Sankshipt Bhavishya Puran  (Gujarati),Puran Upanishad and Others,PARTNERSHIP_FIRST_FOR_GITA_PRESS_EDITION; retain other editions and witnesses as separate requirements,"Catalog metadata, print/digital master, complete Gita Press edition, language variants, cover/illustrations and update history—subject to agreement.","Other publishers, critical editions, regional recensions not in catalog, or manuscript witnesses.",Item-level rights review,https://gitapress.org/catalogue,Role is an acquisition overlay. It does not mark the target complete and does not merge distinct editions.
COR-0148,03 Purana and Mahatmya,Mahapurana,Brahmavaivarta Purana,AGENT_DOWNLOAD_RIGHTS_REVIEW,A_DIRECT_PUBLISHED_EDITION_CANDIDATE,HIGH,2,631 | 2165,Sankshipt Brahma Vaivarta Purana – Illustrated Hindi Edition in Large Print by | Language: Hindi | Code: 631 | Sankshipta Brahamvaivarta Puran | Language: Gujarati | Code: 2165,Puran Upanishad and Others,PARTNERSHIP_FIRST_FOR_GITA_PRESS_EDITION; retain other editions and witnesses as separate requirements,"Catalog metadata, print/digital master, complete Gita Press edition, language variants, cover/illustrations and update history—subject to agreement.","Other publishers, critical editions, regional recensions not in catalog, or manuscript witnesses.",Item-level rights review,https://gitapress.org/catalogue,Role is an acquisition overlay. It does not mark the target complete and does not merge distinct editions.
COR-0149,03 Purana and Mahatmya,Mahapurana,Linga Purana,AGENT_DOWNLOAD_RIGHTS_REVIEW,A_DIRECT_PUBLISHED_EDITION_CANDIDATE,HIGH,3,1985 | 2227 | 2348,Shri Linga Mahapurana | Language: Hindi | Code: 1985 | Shriling Maha Puran | Language: Gujarati | Code: 2227 | Shrilingmahapuran,Puran Upanishad and Others,PARTNERSHIP_FIRST_FOR_GITA_PRESS_EDITION; retain other editions and witnesses as separate requirements,"Catalog metadata, print/digital master, complete Gita Press edition, language variants, cover/illustrations and update history—subject to agreement.","Other publishers, critical editions, regional recensions not in catalog, or manuscript witnesses.",Item-level rights review,https://gitapress.org/catalogue,Role is an acquisition overlay. It does not mark the target complete and does not merge distinct editions.
COR-0150,03 Purana and Mahatmya,Mahapurana,Varaha Purana,AGENT_DOWNLOAD_RIGHTS_REVIEW,A_DIRECT_PUBLISHED_EDITION_CANDIDATE,MEDIUM,1,1361,Sankshipta Sri Varah Puran  (Hindi),Puran Upanishad and Others,PARTNERSHIP_FIRST_FOR_GITA_PRESS_EDITION; retain other editions and witnesses as separate requirements,"Catalog metadata, print/digital master, complete Gita Press edition, language variants, cover/illustrations and update history—subject to agreement.","Other publishers, critical editions, regional recensions not in catalog, or manuscript witnesses.",Item-level rights review,https://gitapress.org/catalogue,Role is an acquisition overlay. It does not mark the target complete and does not merge distinct editions.
COR-0151,03 Purana and Mahatmya,Mahapurana,Skanda Purana,AGENT_DOWNLOAD_RIGHTS_REVIEW,A_DIRECT_PUBLISHED_EDITION_CANDIDATE,HIGH,2,279 | 2036,Sankshipt Skanda Purana Hindi – Abridged Edition Gita Press Gorakhpur Publication | Sankshipt Skanda Purana – Concise Edition of the Skanda Purana with Gujarati Explanation by | Language: Gujarati | Code: 2036,Puran Upanishad and Others,PARTNERSHIP_FIRST_FOR_GITA_PRESS_EDITION; retain other editions and witnesses as separate requirements,"Catalog metadata, print/digital master, complete Gita Press edition, language variants, cover/illustrations and update history—subject to agreement.","Other publishers, critical editions, regional recensions not in catalog, or manuscript witnesses.",Item-level rights review,https://gitapress.org/catalogue,Role is an acquisition overlay. It does not mark the target complete and does not merge distinct editions.
COR-0152,03 Purana and Mahatmya,Mahapurana,Vamana Purana,AGENT_DOWNLOAD_RIGHTS_REVIEW,A_DIRECT_PUBLISHED_EDITION_CANDIDATE,HIGH,2,1432 | 2339,Shri Vamana Purana – Illustrated Edition with Hindi Translation by | Language: Hindi | Code: 1432 | Shri Vamana Purana – Illustrated Edition with Gujarati Translation by | Language: Gujarati | Code: 2339,Puran Upanishad and Others,PARTNERSHIP_FIRST_FOR_GITA_PRESS_EDITION; retain other editions and witnesses as separate requirements,"Catalog metadata, print/digital master, complete Gita Press edition, language variants, cover/illustrations and update history—subject to agreement.","Other publishers, critical editions, regional recensions not in catalog, or manuscript witnesses.",Item-level rights review,https://gitapress.org/catalogue,Role is an acquisition overlay. It does not mark the target complete and does not merge distinct editions.
COR-0153,03 Purana and Mahatmya,Mahapurana,Kurma Purana,AGENT_DOWNLOAD_RIGHTS_REVIEW,A_DIRECT_PUBLISHED_EDITION_CANDIDATE,HIGH,2,1131 | 2276,Kurma Purana  – Illustrated Edition with Hindi Translation by | Language: Hindi | Code: 1131 | Kurma Puranank  (Gujarati),Puran Upanishad and Others,PARTNERSHIP_FIRST_FOR_GITA_PRESS_EDITION; retain other editions and witnesses as separate requirements,"Catalog metadata, print/digital master, complete Gita Press edition, language variants, cover/illustrations and update history—subject to agreement.","Other publishers, critical editions, regional recensions not in catalog, or manuscript witnesses.",Item-level rights review,https://gitapress.org/catalogue,Role is an acquisition overlay. It does not mark the target complete and does not merge distinct editions.
COR-0154,03 Purana and Mahatmya,Mahapurana,Matsya Purana,AGENT_DOWNLOAD_RIGHTS_REVIEW,A_DIRECT_PUBLISHED_EDITION_CANDIDATE,HIGH,3,557 | 2290 | 2347,Matasyamahapuran  (Hindi) | Matasyamahapuran  (Gujarati) | Matasya Puran,Puran Upanishad and Others,PARTNERSHIP_FIRST_FOR_GITA_PRESS_EDITION; retain other editions and witnesses as separate requirements,"Catalog metadata, print/digital master, complete Gita Press edition, language variants, cover/illustrations and update history—subject to agreement.","Other publishers, critical editions, regional recensions not in catalog, or manuscript witnesses.",Item-level rights review,https://gitapress.org/catalogue,Role is an acquisition overlay. It does not mark the target complete and does not merge distinct editions.
COR-0155,03 Purana and Mahatmya,Mahapurana,Garuda Purana,AGENT_DOWNLOAD_RIGHTS_REVIEW,A_DIRECT_PUBLISHED_EDITION_CANDIDATE,HIGH,3,1189 | 1416 | 1981,"Sankshipt Garud Puran Hindi – Illustrated Edition with Large Font | Gita Press Gorakhpur Publication | | Garud Puran Saroddhar (With Simplified Commentary) | Sacred Hindu Scripture on Dharma, Afterlife & Liberation | Language: Hindi | Size: Medium | Code: 1416 | Sankshipt Garud Puran | Language: Gujarati | Code: 1981",Books for Daily Practice and Worship | Puran Upanishad and Others,PARTNERSHIP_FIRST_FOR_GITA_PRESS_EDITION; retain other editions and witnesses as separate requirements,"Catalog metadata, print/digital master, complete Gita Press edition, language variants, cover/illustrations and update history—subject to agreement.","Other publishers, critical editions, regional recensions not in catalog, or manuscript witnesses.",Item-level rights review,https://gitapress.org/catalogue,Role is an acquisition overlay. It does not mark the target complete and does not merge distinct editions.
COR-0156,03 Purana and Mahatmya,Mahapurana,Brahmanda Purana,AGENT_DOWNLOAD_RIGHTS_REVIEW,D_NOT_A_REPLACEMENT,HIGH,0,,,,NO_ROUTE_CHANGE,Only incidental or contextual Gita Press material if later identified.,The target's primary source population.,Item-level rights review,https://gitapress.org/catalogue,Role is an acquisition overlay. It does not mark the target complete and does not merge distinct editions.
COR-0157,03 Purana and Mahatmya,Upapurana and sectarian Purana,Devi Bhagavata Purana,AGENT_DOWNLOAD_RIGHTS_REVIEW,A_DIRECT_PUBLISHED_EDITION_CANDIDATE,HIGH,58,26 | 27 | 29 | 124 | 564 | 565 | 982 | 992 | 1133 | 1326 | 1551 | 1552 | 1553 | 1577 | 1647 | 1678 | 1735 | 1739 | 1740 | 1744,Shrimad Bhagavat Mahapuran Hindi - First Part with Hindi Commentary and Illustrations | Gita Press Gorakhpur Publication | Shrimad Bhagavat Mahapuran Hindi – Second Part with Hindi Commentary and Illustrations | Gita Press Gorakhpur Publication | Shrimad Bhagavat Mahapuran (Sthoolaksharam Moolmantram)  Sanskrit – Text in Bold Script | Gita Press Gorakhpur Publication | | Srimad Bhagavat Mahapurana by | Language: Sanskrit | Code: 124 | Srimad Bhagavat Mahapurana Part-1 of 2 by Shri Maharishi Vedavyasa | Language: English | Code: 564 | Srimad Bhagavat Mahapurana Part-2 of 2 by Shri Maharishi Vedavyasa | Language: English | Code: 565 | Sankshipta Sri Maddevi Bhagavatamu (Telugu) – Concise Śrīmad Devi Bhāgavatam by | Language: Telugu | Code: 982 | Srimaddevibhagwatmahapuranam-Mulmatram  (Telugu),Picture-Stories | Puran Upanishad and Others | Useful Books for All,PARTNERSHIP_FIRST_FOR_GITA_PRESS_EDITION; retain other editions and witnesses as separate requirements,"Catalog metadata, print/digital master, complete Gita Press edition, language variants, cover/illustrations and update history—subject to agreement.","Other publishers, critical editions, regional recensions not in catalog, or manuscript witnesses.",Item-level rights review,https://gitapress.org/catalogue,Role is an acquisition overlay. It does not mark the target complete and does not merge distinct editions.
COR-0158,03 Purana and Mahatmya,Upapurana and sectarian Purana,Kalika Purana,AGENT_DOWNLOAD_RIGHTS_REVIEW,D_NOT_A_REPLACEMENT,HIGH,0,,,,NO_ROUTE_CHANGE,Only incidental or contextual Gita Press material if later identified.,The target's primary source population.,Item-level rights review,https://gitapress.org/catalogue,Role is an acquisition overlay. It does not mark the target complete and does not merge distinct editions.
COR-0159,03 Purana and Mahatmya,Upapurana and sectarian Purana,Mahabhagavata Purana,AGENT_DOWNLOAD_RIGHTS_REVIEW,A_DIRECT_PUBLISHED_EDITION_CANDIDATE,HIGH,48,26 | 27 | 29 | 124 | 564 | 565 | 992 | 1551 | 1552 | 1553 | 1577 | 1678 | 1735 | 1739 | 1740 | 1744 | 1776 | 1831 | 1832 | 1951,Shrimad Bhagavat Mahapuran Hindi - First Part with Hindi Commentary and Illustrations | Gita Press Gorakhpur Publication | Shrimad Bhagavat Mahapuran Hindi – Second Part with Hindi Commentary and Illustrations | Gita Press Gorakhpur Publication | Shrimad Bhagavat Mahapuran (Sthoolaksharam Moolmantram)  Sanskrit – Text in Bold Script | Gita Press Gorakhpur Publication | | Srimad Bhagavat Mahapurana by | Language: Sanskrit | Code: 124 | Srimad Bhagavat Mahapurana Part-1 of 2 by Shri Maharishi Vedavyasa | Language: English | Code: 564 | Srimad Bhagavat Mahapurana Part-2 of 2 by Shri Maharishi Vedavyasa | Language: English | Code: 565 | Srimaddevibhagwatmahapuranam-Mulmatram  (Telugu) | Shrimad Bhagavat Mahapuran Oriya – By Jagannath Das Krit (Odia Edition) Gita Press Gorakhpur Publication,Puran Upanishad and Others,PARTNERSHIP_FIRST_FOR_GITA_PRESS_EDITION; retain other editions and witnesses as separate requirements,"Catalog metadata, print/digital master, complete Gita Press edition, language variants, cover/illustrations and update history—subject to agreement.","Other publishers, critical editions, regional recensions not in catalog, or manuscript witnesses.",Item-level rights review,https://gitapress.org/catalogue,Role is an acquisition overlay. It does not mark the target complete and does not merge distinct editions.
COR-0160,03 Purana and Mahatmya,Upapurana and sectarian Purana,Vishnudharmottara Purana,AGENT_DOWNLOAD_RIGHTS_REVIEW,D_NOT_A_REPLACEMENT,HIGH,0,,,,NO_ROUTE_CHANGE,Only incidental or contextual Gita Press material if later identified.,The target's primary source population.,Item-level rights review,https://gitapress.org/catalogue,Role is an acquisition overlay. It does not mark the target complete and does not merge distinct editions.
COR-0161,03 Purana and Mahatmya,Upapurana and sectarian Purana,Vishnudharma Purana,AGENT_DOWNLOAD_RIGHTS_REVIEW,D_NOT_A_REPLACEMENT,HIGH,0,,,,NO_ROUTE_CHANGE,Only incidental or contextual Gita Press material if later identified.,The target's primary source population.,Item-level rights review,https://gitapress.org/catalogue,Role is an acquisition overlay. It does not mark the target complete and does not merge distinct editions.
COR-0162,03 Purana and Mahatmya,Upapurana and sectarian Purana,Narasimha Purana,AGENT_DOWNLOAD_RIGHTS_REVIEW,A_DIRECT_PUBLISHED_EDITION_CANDIDATE,HIGH,3,1113 | 2218 | 2372,"Shri Narasingha Puran (Sachitra,Anuvad Sahit) | Illustrated Edition with Hindi Translation | Language: Hindi | Size: Large | Code: 1113 | Narasingha Puran  (Gujarati) | Narasimha Purana (Nepali)",Puran Upanishad and Others,PARTNERSHIP_FIRST_FOR_GITA_PRESS_EDITION; retain other editions and witnesses as separate requirements,"Catalog metadata, print/digital master, complete Gita Press edition, language variants, cover/illustrations and update history—subject to agreement.","Other publishers, critical editions, regional recensions not in catalog, or manuscript witnesses.",Item-level rights review,https://gitapress.org/catalogue,Role is an acquisition overlay. It does not mark the target complete and does not merge distinct editions.
COR-0163,03 Purana and Mahatmya,Upapurana and sectarian Purana,Ganesha Purana,AGENT_DOWNLOAD_RIGHTS_REVIEW,D_NOT_A_REPLACEMENT,HIGH,0,,,,NO_ROUTE_CHANGE,Only incidental or contextual Gita Press material if later identified.,The target's primary source population.,Item-level rights review,https://gitapress.org/catalogue,Role is an acquisition overlay. It does not mark the target complete and does not merge distinct editions.
COR-0164,03 Purana and Mahatmya,Upapurana and sectarian Purana,Mudgala Purana,AGENT_DOWNLOAD_RIGHTS_REVIEW,D_NOT_A_REPLACEMENT,HIGH,0,,,,NO_ROUTE_CHANGE,Only incidental or contextual Gita Press material if later identified.,The target's primary source population.,Item-level rights review,https://gitapress.org/catalogue,Role is an acquisition overlay. It does not mark the target complete and does not merge distinct editions.
COR-0165,03 Purana and Mahatmya,Upapurana and sectarian Purana,Saura Purana,AGENT_DOWNLOAD_RIGHTS_REVIEW,D_NOT_A_REPLACEMENT,HIGH,0,,,,NO_ROUTE_CHANGE,Only incidental or contextual Gita Press material if later identified.,The target's primary source population.,Item-level rights review,https://gitapress.org/catalogue,Role is an acquisition overlay. It does not mark the target complete and does not merge distinct editions.
COR-0166,03 Purana and Mahatmya,Upapurana and sectarian Purana,Samba Purana,AGENT_DOWNLOAD_RIGHTS_REVIEW,D_NOT_A_REPLACEMENT,HIGH,0,,,,NO_ROUTE_CHANGE,Only incidental or contextual Gita Press material if later identified.,The target's primary source population.,Item-level rights review,https://gitapress.org/catalogue,Role is an acquisition overlay. It does not mark the target complete and does not merge distinct editions.
COR-0167,03 Purana and Mahatmya,Upapurana and sectarian Purana,Brihaddharma Purana,AGENT_DOWNLOAD_RIGHTS_REVIEW,D_NOT_A_REPLACEMENT,HIGH,0,,,,NO_ROUTE_CHANGE,Only incidental or contextual Gita Press material if later identified.,The target's primary source population.,Item-level rights review,https://gitapress.org/catalogue,Role is an acquisition overlay. It does not mark the target complete and does not merge distinct editions.
COR-0168,03 Purana and Mahatmya,Upapurana and sectarian Purana,Brahmadharma Purana,AGENT_DOWNLOAD_RIGHTS_REVIEW,D_NOT_A_REPLACEMENT,HIGH,0,,,,NO_ROUTE_CHANGE,Only incidental or contextual Gita Press material if later identified.,The target's primary source population.,Item-level rights review,https://gitapress.org/catalogue,Role is an acquisition overlay. It does not mark the target complete and does not merge distinct editions.
COR-0169,03 Purana and Mahatmya,Upapurana and sectarian Purana,Ekāmra Purana,AGENT_DOWNLOAD_RIGHTS_REVIEW,D_NOT_A_REPLACEMENT,HIGH,0,,,,NO_ROUTE_CHANGE,Only incidental or contextual Gita Press material if later identified.,The target's primary source population.,Item-level rights review,https://gitapress.org/catalogue,Role is an acquisition overlay. It does not mark the target complete and does not merge distinct editions.
COR-0170,03 Purana and Mahatmya,Upapurana and sectarian Purana,Nilamata Purana,AGENT_DOWNLOAD_RIGHTS_REVIEW,D_NOT_A_REPLACEMENT,HIGH,0,,,,NO_ROUTE_CHANGE,Only incidental or contextual Gita Press material if later identified.,The target's primary source population.,Item-level rights review,https://gitapress.org/catalogue,Role is an acquisition overlay. It does not mark the target complete and does not merge distinct editions.
COR-0171,03 Purana and Mahatmya,Upapurana and sectarian Purana,Bhargava Purana,AGENT_DOWNLOAD_RIGHTS_REVIEW,D_NOT_A_REPLACEMENT,HIGH,0,,,,NO_ROUTE_CHANGE,Only incidental or contextual Gita Press material if later identified.,The target's primary source population.,Item-level rights review,https://gitapress.org/catalogue,Role is an acquisition overlay. It does not mark the target complete and does not merge distinct editions.
COR-0172,03 Purana and Mahatmya,Upapurana and sectarian Purana,Kapila Purana,AGENT_DOWNLOAD_RIGHTS_REVIEW,D_NOT_A_REPLACEMENT,HIGH,0,,,,NO_ROUTE_CHANGE,Only incidental or contextual Gita Press material if later identified.,The target's primary source population.,Item-level rights review,https://gitapress.org/catalogue,Role is an acquisition overlay. It does not mark the target complete and does not merge distinct editions.
COR-0173,03 Purana and Mahatmya,Upapurana and sectarian Purana,Sanatkumara Purana,AGENT_DOWNLOAD_RIGHTS_REVIEW,D_NOT_A_REPLACEMENT,HIGH,0,,,,NO_ROUTE_CHANGE,Only incidental or contextual Gita Press material if later identified.,The target's primary source population.,Item-level rights review,https://gitapress.org/catalogue,Role is an acquisition overlay. It does not mark the target complete and does not merge distinct editions.
COR-0174,03 Purana and Mahatmya,Upapurana and sectarian Purana,All named Upapuranas in manuscript and printed catalogues — enumeration program,AGENT_DOWNLOAD_RIGHTS_REVIEW,D_NOT_A_REPLACEMENT,HIGH,0,,,,NO_ROUTE_CHANGE,Only incidental or contextual Gita Press material if later identified.,The target's primary source population.,Item-level rights review,https://gitapress.org/catalogue,Role is an acquisition overlay. It does not mark the target complete and does not merge distinct editions.
COR-0175,03 Purana and Mahatmya,Mahatmya,Sthala Purana and Kshetra Mahatmya corpus — every temple and sacred place,USER_NEGOTIATE_INSTITUTION,D_NOT_A_REPLACEMENT,HIGH,0,,,,NO_ROUTE_CHANGE,Only incidental or contextual Gita Press material if later identified.,The target's primary source population.,"Partner with temples, manuscript libraries and regional publishers; buy/scan rare editions",https://gitapress.org/catalogue,Role is an acquisition overlay. It does not mark the target complete and does not merge distinct editions.
COR-0176,03 Purana and Mahatmya,Mahatmya,River and tirtha mahatmya corpus,USER_NEGOTIATE_INSTITUTION,D_NOT_A_REPLACEMENT,HIGH,0,,,,NO_ROUTE_CHANGE,Only incidental or contextual Gita Press material if later identified.,The target's primary source population.,"Partner with temples, manuscript libraries and regional publishers; buy/scan rare editions",https://gitapress.org/catalogue,Role is an acquisition overlay. It does not mark the target complete and does not merge distinct editions.
COR-0177,03 Purana and Mahatmya,Mahatmya,Vrata Mahatmya corpus,USER_NEGOTIATE_INSTITUTION,D_NOT_A_REPLACEMENT,HIGH,0,,,,NO_ROUTE_CHANGE,Only incidental or contextual Gita Press material if later identified.,The target's primary source population.,"Partner with temples, manuscript libraries and regional publishers; buy/scan rare editions",https://gitapress.org/catalogue,Role is an acquisition overlay. It does not mark the target complete and does not merge distinct editions.
COR-0178,03 Purana and Mahatmya,Mahatmya,Masa Mahatmya corpus,USER_NEGOTIATE_INSTITUTION,D_NOT_A_REPLACEMENT,HIGH,0,,,,NO_ROUTE_CHANGE,Only incidental or contextual Gita Press material if later identified.,The target's primary source population.,"Partner with temples, manuscript libraries and regional publishers; buy/scan rare editions",https://gitapress.org/catalogue,Role is an acquisition overlay. It does not mark the target complete and does not merge distinct editions.
COR-0179,03 Purana and Mahatmya,Mahatmya,Deity-specific Mahatmya corpus,USER_NEGOTIATE_INSTITUTION,D_NOT_A_REPLACEMENT,HIGH,0,,,,NO_ROUTE_CHANGE,Only incidental or contextual Gita Press material if later identified.,The target's primary source population.,"Partner with temples, manuscript libraries and regional publishers; buy/scan rare editions",https://gitapress.org/catalogue,Role is an acquisition overlay. It does not mark the target complete and does not merge distinct editions.
COR-0180,03 Purana and Mahatmya,Mahatmya,Regional vernacular Puranas and Mahatmyas,USER_NEGOTIATE_INSTITUTION,D_NOT_A_REPLACEMENT,HIGH,0,,,,NO_ROUTE_CHANGE,Only incidental or contextual Gita Press material if later identified.,The target's primary source population.,"Partner with temples, manuscript libraries and regional publishers; buy/scan rare editions",https://gitapress.org/catalogue,Role is an acquisition overlay. It does not mark the target complete and does not merge distinct editions.
COR-0181,04 Agama Tantra and Temple,Shaiva Agama,Shaiva Siddhanta canon — 28 Mulagamas,USER_NEGOTIATE_INSTITUTION,C_ARCHIVE_OR_RESEARCH_DISCOVERY_POTENTIAL,LOW_UNTIL_ARCHIVE_CATALOG_RECEIVED,0,,,,REQUEST_MANUSCRIPT_AND_RESEARCH_LIBRARY_CATALOG; no route replacement yet,"Possible manuscript metadata, source copies, bibliographic leads or a future edition from the reported archive.","Specialist manuscript institutes, lineage permissions, critical editions and school-specific completeness.",Formal partnership and rights agreement; fund transcription and critical editing where needed,https://gitapress.org/catalogue,Role is an acquisition overlay. It does not mark the target complete and does not merge distinct editions.
COR-0182,04 Agama Tantra and Temple,Shaiva Agama,Shaiva Siddhanta Upagamas corpus,USER_NEGOTIATE_INSTITUTION,C_ARCHIVE_OR_RESEARCH_DISCOVERY_POTENTIAL,LOW_UNTIL_ARCHIVE_CATALOG_RECEIVED,0,,,,REQUEST_MANUSCRIPT_AND_RESEARCH_LIBRARY_CATALOG; no route replacement yet,"Possible manuscript metadata, source copies, bibliographic leads or a future edition from the reported archive.","Specialist manuscript institutes, lineage permissions, critical editions and school-specific completeness.",Formal partnership and rights agreement; fund transcription and critical editing where needed,https://gitapress.org/catalogue,Role is an acquisition overlay. It does not mark the target complete and does not merge distinct editions.
COR-0183,04 Agama Tantra and Temple,Shaiva Agama,Shaiva Siddhanta paddhati and prayoga corpus,USER_NEGOTIATE_INSTITUTION,C_ARCHIVE_OR_RESEARCH_DISCOVERY_POTENTIAL,LOW_UNTIL_ARCHIVE_CATALOG_RECEIVED,0,,,,REQUEST_MANUSCRIPT_AND_RESEARCH_LIBRARY_CATALOG; no route replacement yet,"Possible manuscript metadata, source copies, bibliographic leads or a future edition from the reported archive.","Specialist manuscript institutes, lineage permissions, critical editions and school-specific completeness.",Formal partnership and rights agreement; fund transcription and critical editing where needed,https://gitapress.org/catalogue,Role is an acquisition overlay. It does not mark the target complete and does not merge distinct editions.
COR-0184,04 Agama Tantra and Temple,Shaiva Agama,Raurava Agama,USER_NEGOTIATE_INSTITUTION,C_ARCHIVE_OR_RESEARCH_DISCOVERY_POTENTIAL,LOW_UNTIL_ARCHIVE_CATALOG_RECEIVED,0,,,,REQUEST_MANUSCRIPT_AND_RESEARCH_LIBRARY_CATALOG; no route replacement yet,"Possible manuscript metadata, source copies, bibliographic leads or a future edition from the reported archive.","Specialist manuscript institutes, lineage permissions, critical editions and school-specific completeness.",Formal partnership and rights agreement; fund transcription and critical editing where needed,https://gitapress.org/catalogue,Role is an acquisition overlay. It does not mark the target complete and does not merge distinct editions.
COR-0185,04 Agama Tantra and Temple,Shaiva Agama,Kamika Agama,USER_NEGOTIATE_INSTITUTION,C_ARCHIVE_OR_RESEARCH_DISCOVERY_POTENTIAL,LOW_UNTIL_ARCHIVE_CATALOG_RECEIVED,0,,,,REQUEST_MANUSCRIPT_AND_RESEARCH_LIBRARY_CATALOG; no route replacement yet,"Possible manuscript metadata, source copies, bibliographic leads or a future edition from the reported archive.","Specialist manuscript institutes, lineage permissions, critical editions and school-specific completeness.",Formal partnership and rights agreement; fund transcription and critical editing where needed,https://gitapress.org/catalogue,Role is an acquisition overlay. It does not mark the target complete and does not merge distinct editions.
COR-0186,04 Agama Tantra and Temple,Shaiva Agama,Karana Agama,USER_NEGOTIATE_INSTITUTION,C_ARCHIVE_OR_RESEARCH_DISCOVERY_POTENTIAL,LOW_UNTIL_ARCHIVE_CATALOG_RECEIVED,0,,,,REQUEST_MANUSCRIPT_AND_RESEARCH_LIBRARY_CATALOG; no route replacement yet,"Possible manuscript metadata, source copies, bibliographic leads or a future edition from the reported archive.","Specialist manuscript institutes, lineage permissions, critical editions and school-specific completeness.",Formal partnership and rights agreement; fund transcription and critical editing where needed,https://gitapress.org/catalogue,Role is an acquisition overlay. It does not mark the target complete and does not merge distinct editions.
COR-0187,04 Agama Tantra and Temple,Shaiva Agama,Ajita Agama,USER_NEGOTIATE_INSTITUTION,C_ARCHIVE_OR_RESEARCH_DISCOVERY_POTENTIAL,LOW_UNTIL_ARCHIVE_CATALOG_RECEIVED,0,,,,REQUEST_MANUSCRIPT_AND_RESEARCH_LIBRARY_CATALOG; no route replacement yet,"Possible manuscript metadata, source copies, bibliographic leads or a future edition from the reported archive.","Specialist manuscript institutes, lineage permissions, critical editions and school-specific completeness.",Formal partnership and rights agreement; fund transcription and critical editing where needed,https://gitapress.org/catalogue,Role is an acquisition overlay. It does not mark the target complete and does not merge distinct editions.
COR-0188,04 Agama Tantra and Temple,Shaiva Agama,Mrugendra Agama,USER_NEGOTIATE_INSTITUTION,C_ARCHIVE_OR_RESEARCH_DISCOVERY_POTENTIAL,LOW_UNTIL_ARCHIVE_CATALOG_RECEIVED,0,,,,REQUEST_MANUSCRIPT_AND_RESEARCH_LIBRARY_CATALOG; no route replacement yet,"Possible manuscript metadata, source copies, bibliographic leads or a future edition from the reported archive.","Specialist manuscript institutes, lineage permissions, critical editions and school-specific completeness.",Formal partnership and rights agreement; fund transcription and critical editing where needed,https://gitapress.org/catalogue,Role is an acquisition overlay. It does not mark the target complete and does not merge distinct editions.
COR-0189,04 Agama Tantra and Temple,Shaiva Agama,Mataṅgaparameshvara Agama,USER_NEGOTIATE_INSTITUTION,C_ARCHIVE_OR_RESEARCH_DISCOVERY_POTENTIAL,LOW_UNTIL_ARCHIVE_CATALOG_RECEIVED,0,,,,REQUEST_MANUSCRIPT_AND_RESEARCH_LIBRARY_CATALOG; no route replacement yet,"Possible manuscript metadata, source copies, bibliographic leads or a future edition from the reported archive.","Specialist manuscript institutes, lineage permissions, critical editions and school-specific completeness.",Formal partnership and rights agreement; fund transcription and critical editing where needed,https://gitapress.org/catalogue,Role is an acquisition overlay. It does not mark the target complete and does not merge distinct editions.
COR-0190,04 Agama Tantra and Temple,Shaiva Agama,Pauṣkara Agama,USER_NEGOTIATE_INSTITUTION,C_ARCHIVE_OR_RESEARCH_DISCOVERY_POTENTIAL,LOW_UNTIL_ARCHIVE_CATALOG_RECEIVED,0,,,,REQUEST_MANUSCRIPT_AND_RESEARCH_LIBRARY_CATALOG; no route replacement yet,"Possible manuscript metadata, source copies, bibliographic leads or a future edition from the reported archive.","Specialist manuscript institutes, lineage permissions, critical editions and school-specific completeness.",Formal partnership and rights agreement; fund transcription and critical editing where needed,https://gitapress.org/catalogue,Role is an acquisition overlay. It does not mark the target complete and does not merge distinct editions.
COR-0191,04 Agama Tantra and Temple,Shaiva Agama,Kirana Agama,USER_NEGOTIATE_INSTITUTION,C_ARCHIVE_OR_RESEARCH_DISCOVERY_POTENTIAL,LOW_UNTIL_ARCHIVE_CATALOG_RECEIVED,0,,,,REQUEST_MANUSCRIPT_AND_RESEARCH_LIBRARY_CATALOG; no route replacement yet,"Possible manuscript metadata, source copies, bibliographic leads or a future edition from the reported archive.","Specialist manuscript institutes, lineage permissions, critical editions and school-specific completeness.",Formal partnership and rights agreement; fund transcription and critical editing where needed,https://gitapress.org/catalogue,Role is an acquisition overlay. It does not mark the target complete and does not merge distinct editions.
COR-0192,04 Agama Tantra and Temple,Shaiva Agama,Sarvajnanottara Agama,USER_NEGOTIATE_INSTITUTION,C_ARCHIVE_OR_RESEARCH_DISCOVERY_POTENTIAL,LOW_UNTIL_ARCHIVE_CATALOG_RECEIVED,0,,,,REQUEST_MANUSCRIPT_AND_RESEARCH_LIBRARY_CATALOG; no route replacement yet,"Possible manuscript metadata, source copies, bibliographic leads or a future edition from the reported archive.","Specialist manuscript institutes, lineage permissions, critical editions and school-specific completeness.",Formal partnership and rights agreement; fund transcription and critical editing where needed,https://gitapress.org/catalogue,Role is an acquisition overlay. It does not mark the target complete and does not merge distinct editions.
COR-0193,04 Agama Tantra and Temple,Shaiva Agama,Nishvasatattvasamhita,USER_NEGOTIATE_INSTITUTION,C_ARCHIVE_OR_RESEARCH_DISCOVERY_POTENTIAL,LOW_UNTIL_ARCHIVE_CATALOG_RECEIVED,0,,,,REQUEST_MANUSCRIPT_AND_RESEARCH_LIBRARY_CATALOG; no route replacement yet,"Possible manuscript metadata, source copies, bibliographic leads or a future edition from the reported archive.","Specialist manuscript institutes, lineage permissions, critical editions and school-specific completeness.",Formal partnership and rights agreement; fund transcription and critical editing where needed,https://gitapress.org/catalogue,Role is an acquisition overlay. It does not mark the target complete and does not merge distinct editions.
COR-0194,04 Agama Tantra and Temple,Vaishnava Agama,Pancharatra Samhita corpus,USER_NEGOTIATE_INSTITUTION,C_ARCHIVE_OR_RESEARCH_DISCOVERY_POTENTIAL,LOW_UNTIL_ARCHIVE_CATALOG_RECEIVED,0,,,,REQUEST_MANUSCRIPT_AND_RESEARCH_LIBRARY_CATALOG; no route replacement yet,"Possible manuscript metadata, source copies, bibliographic leads or a future edition from the reported archive.","Specialist manuscript institutes, lineage permissions, critical editions and school-specific completeness.","Partner with manuscript libraries, Vaishnava institutions and temple authorities",https://gitapress.org/catalogue,Role is an acquisition overlay. It does not mark the target complete and does not merge distinct editions.
COR-0195,04 Agama Tantra and Temple,Vaishnava Agama,Vaikhanasa Agama and Samhita corpus,USER_NEGOTIATE_INSTITUTION,C_ARCHIVE_OR_RESEARCH_DISCOVERY_POTENTIAL,LOW_UNTIL_ARCHIVE_CATALOG_RECEIVED,0,,,,REQUEST_MANUSCRIPT_AND_RESEARCH_LIBRARY_CATALOG; no route replacement yet,"Possible manuscript metadata, source copies, bibliographic leads or a future edition from the reported archive.","Specialist manuscript institutes, lineage permissions, critical editions and school-specific completeness.","Partner with manuscript libraries, Vaishnava institutions and temple authorities",https://gitapress.org/catalogue,Role is an acquisition overlay. It does not mark the target complete and does not merge distinct editions.
COR-0196,04 Agama Tantra and Temple,Vaishnava Agama,Jayakhya Samhita,USER_NEGOTIATE_INSTITUTION,C_ARCHIVE_OR_RESEARCH_DISCOVERY_POTENTIAL,LOW_UNTIL_ARCHIVE_CATALOG_RECEIVED,0,,,,REQUEST_MANUSCRIPT_AND_RESEARCH_LIBRARY_CATALOG; no route replacement yet,"Possible manuscript metadata, source copies, bibliographic leads or a future edition from the reported archive.","Specialist manuscript institutes, lineage permissions, critical editions and school-specific completeness.","Partner with manuscript libraries, Vaishnava institutions and temple authorities",https://gitapress.org/catalogue,Role is an acquisition overlay. It does not mark the target complete and does not merge distinct editions.
COR-0197,04 Agama Tantra and Temple,Vaishnava Agama,Ahirbudhnya Samhita,USER_NEGOTIATE_INSTITUTION,C_ARCHIVE_OR_RESEARCH_DISCOVERY_POTENTIAL,LOW_UNTIL_ARCHIVE_CATALOG_RECEIVED,0,,,,REQUEST_MANUSCRIPT_AND_RESEARCH_LIBRARY_CATALOG; no route replacement yet,"Possible manuscript metadata, source copies, bibliographic leads or a future edition from the reported archive.","Specialist manuscript institutes, lineage permissions, critical editions and school-specific completeness.","Partner with manuscript libraries, Vaishnava institutions and temple authorities",https://gitapress.org/catalogue,Role is an acquisition overlay. It does not mark the target complete and does not merge distinct editions.
COR-0198,04 Agama Tantra and Temple,Vaishnava Agama,Lakshmi Tantra,USER_NEGOTIATE_INSTITUTION,C_ARCHIVE_OR_RESEARCH_DISCOVERY_POTENTIAL,LOW_UNTIL_ARCHIVE_CATALOG_RECEIVED,0,,,,REQUEST_MANUSCRIPT_AND_RESEARCH_LIBRARY_CATALOG; no route replacement yet,"Possible manuscript metadata, source copies, bibliographic leads or a future edition from the reported archive.","Specialist manuscript institutes, lineage permissions, critical editions and school-specific completeness.","Partner with manuscript libraries, Vaishnava institutions and temple authorities",https://gitapress.org/catalogue,Role is an acquisition overlay. It does not mark the target complete and does not merge distinct editions.
COR-0199,04 Agama Tantra and Temple,Vaishnava Agama,Pauskara Samhita,USER_NEGOTIATE_INSTITUTION,C_ARCHIVE_OR_RESEARCH_DISCOVERY_POTENTIAL,LOW_UNTIL_ARCHIVE_CATALOG_RECEIVED,0,,,,REQUEST_MANUSCRIPT_AND_RESEARCH_LIBRARY_CATALOG; no route replacement yet,"Possible manuscript metadata, source copies, bibliographic leads or a future edition from the reported archive.","Specialist manuscript institutes, lineage permissions, critical editions and school-specific completeness.","Partner with manuscript libraries, Vaishnava institutions and temple authorities",https://gitapress.org/catalogue,Role is an acquisition overlay. It does not mark the target complete and does not merge distinct editions.
COR-0200,04 Agama Tantra and Temple,Vaishnava Agama,Satvata Samhita,USER_NEGOTIATE_INSTITUTION,C_ARCHIVE_OR_RESEARCH_DISCOVERY_POTENTIAL,LOW_UNTIL_ARCHIVE_CATALOG_RECEIVED,0,,,,REQUEST_MANUSCRIPT_AND_RESEARCH_LIBRARY_CATALOG; no route replacement yet,"Possible manuscript metadata, source copies, bibliographic leads or a future edition from the reported archive.","Specialist manuscript institutes, lineage permissions, critical editions and school-specific completeness.","Partner with manuscript libraries, Vaishnava institutions and temple authorities",https://gitapress.org/catalogue,Role is an acquisition overlay. It does not mark the target complete and does not merge distinct editions.
COR-0201,04 Agama Tantra and Temple,Vaishnava Agama,Padma Samhita,USER_NEGOTIATE_INSTITUTION,C_ARCHIVE_OR_RESEARCH_DISCOVERY_POTENTIAL,LOW_UNTIL_ARCHIVE_CATALOG_RECEIVED,0,,,,REQUEST_MANUSCRIPT_AND_RESEARCH_LIBRARY_CATALOG; no route replacement yet,"Possible manuscript metadata, source copies, bibliographic leads or a future edition from the reported archive.","Specialist manuscript institutes, lineage permissions, critical editions and school-specific completeness.","Partner with manuscript libraries, Vaishnava institutions and temple authorities",https://gitapress.org/catalogue,Role is an acquisition overlay. It does not mark the target complete and does not merge distinct editions.
COR-0202,04 Agama Tantra and Temple,Vaishnava Agama,Parameshvara Samhita,USER_NEGOTIATE_INSTITUTION,C_ARCHIVE_OR_RESEARCH_DISCOVERY_POTENTIAL,LOW_UNTIL_ARCHIVE_CATALOG_RECEIVED,0,,,,REQUEST_MANUSCRIPT_AND_RESEARCH_LIBRARY_CATALOG; no route replacement yet,"Possible manuscript metadata, source copies, bibliographic leads or a future edition from the reported archive.","Specialist manuscript institutes, lineage permissions, critical editions and school-specific completeness.","Partner with manuscript libraries, Vaishnava institutions and temple authorities",https://gitapress.org/catalogue,Role is an acquisition overlay. It does not mark the target complete and does not merge distinct editions.
COR-0203,04 Agama Tantra and Temple,Vaishnava Agama,Ishvara Samhita,USER_NEGOTIATE_INSTITUTION,C_ARCHIVE_OR_RESEARCH_DISCOVERY_POTENTIAL,LOW_UNTIL_ARCHIVE_CATALOG_RECEIVED,0,,,,REQUEST_MANUSCRIPT_AND_RESEARCH_LIBRARY_CATALOG; no route replacement yet,"Possible manuscript metadata, source copies, bibliographic leads or a future edition from the reported archive.","Specialist manuscript institutes, lineage permissions, critical editions and school-specific completeness.","Partner with manuscript libraries, Vaishnava institutions and temple authorities",https://gitapress.org/catalogue,Role is an acquisition overlay. It does not mark the target complete and does not merge distinct editions.
COR-0204,04 Agama Tantra and Temple,Vaishnava Agama,Sanatkumara Samhita,USER_NEGOTIATE_INSTITUTION,C_ARCHIVE_OR_RESEARCH_DISCOVERY_POTENTIAL,LOW_UNTIL_ARCHIVE_CATALOG_RECEIVED,0,,,,REQUEST_MANUSCRIPT_AND_RESEARCH_LIBRARY_CATALOG; no route replacement yet,"Possible manuscript metadata, source copies, bibliographic leads or a future edition from the reported archive.","Specialist manuscript institutes, lineage permissions, critical editions and school-specific completeness.","Partner with manuscript libraries, Vaishnava institutions and temple authorities",https://gitapress.org/catalogue,Role is an acquisition overlay. It does not mark the target complete and does not merge distinct editions.
COR-0205,04 Agama Tantra and Temple,Vaishnava Agama,Vishvaksena Samhita,USER_NEGOTIATE_INSTITUTION,C_ARCHIVE_OR_RESEARCH_DISCOVERY_POTENTIAL,LOW_UNTIL_ARCHIVE_CATALOG_RECEIVED,0,,,,REQUEST_MANUSCRIPT_AND_RESEARCH_LIBRARY_CATALOG; no route replacement yet,"Possible manuscript metadata, source copies, bibliographic leads or a future edition from the reported archive.","Specialist manuscript institutes, lineage permissions, critical editions and school-specific completeness.","Partner with manuscript libraries, Vaishnava institutions and temple authorities",https://gitapress.org/catalogue,Role is an acquisition overlay. It does not mark the target complete and does not merge distinct editions.
COR-0206,04 Agama Tantra and Temple,Vaishnava Agama,"Pancharatra paddhati, temple and domestic ritual manuals",USER_NEGOTIATE_INSTITUTION,C_ARCHIVE_OR_RESEARCH_DISCOVERY_POTENTIAL,LOW_UNTIL_ARCHIVE_CATALOG_RECEIVED,0,,,,REQUEST_MANUSCRIPT_AND_RESEARCH_LIBRARY_CATALOG; no route replacement yet,"Possible manuscript metadata, source copies, bibliographic leads or a future edition from the reported archive.","Specialist manuscript institutes, lineage permissions, critical editions and school-specific completeness.","Partner with manuscript libraries, Vaishnava institutions and temple authorities",https://gitapress.org/catalogue,Role is an acquisition overlay. It does not mark the target complete and does not merge distinct editions.
COR-0207,04 Agama Tantra and Temple,Vaishnava Agama,Vaikhanasa paddhati and temple manuals,USER_NEGOTIATE_INSTITUTION,C_ARCHIVE_OR_RESEARCH_DISCOVERY_POTENTIAL,LOW_UNTIL_ARCHIVE_CATALOG_RECEIVED,0,,,,REQUEST_MANUSCRIPT_AND_RESEARCH_LIBRARY_CATALOG; no route replacement yet,"Possible manuscript metadata, source copies, bibliographic leads or a future edition from the reported archive.","Specialist manuscript institutes, lineage permissions, critical editions and school-specific completeness.","Partner with manuscript libraries, Vaishnava institutions and temple authorities",https://gitapress.org/catalogue,Role is an acquisition overlay. It does not mark the target complete and does not merge distinct editions.
COR-0208,04 Agama Tantra and Temple,Shakta Tantra,Sri Vidya Tantra corpus,USER_NEGOTIATE_INSTITUTION,C_ARCHIVE_OR_RESEARCH_DISCOVERY_POTENTIAL,LOW_UNTIL_ARCHIVE_CATALOG_RECEIVED,0,,,,REQUEST_MANUSCRIPT_AND_RESEARCH_LIBRARY_CATALOG; no route replacement yet,"Possible manuscript metadata, source copies, bibliographic leads or a future edition from the reported archive.","Specialist manuscript institutes, lineage permissions, critical editions and school-specific completeness.",Institutional agreement plus restricted-access handling for living/esoteric materials,https://gitapress.org/catalogue,Role is an acquisition overlay. It does not mark the target complete and does not merge distinct editions.
COR-0209,04 Agama Tantra and Temple,Shakta Tantra,Kaula Tantra corpus,USER_NEGOTIATE_INSTITUTION,C_ARCHIVE_OR_RESEARCH_DISCOVERY_POTENTIAL,LOW_UNTIL_ARCHIVE_CATALOG_RECEIVED,0,,,,REQUEST_MANUSCRIPT_AND_RESEARCH_LIBRARY_CATALOG; no route replacement yet,"Possible manuscript metadata, source copies, bibliographic leads or a future edition from the reported archive.","Specialist manuscript institutes, lineage permissions, critical editions and school-specific completeness.",Institutional agreement plus restricted-access handling for living/esoteric materials,https://gitapress.org/catalogue,Role is an acquisition overlay. It does not mark the target complete and does not merge distinct editions.
COR-0210,04 Agama Tantra and Temple,Shakta Tantra,Krama Tantra corpus,USER_NEGOTIATE_INSTITUTION,C_ARCHIVE_OR_RESEARCH_DISCOVERY_POTENTIAL,LOW_UNTIL_ARCHIVE_CATALOG_RECEIVED,0,,,,REQUEST_MANUSCRIPT_AND_RESEARCH_LIBRARY_CATALOG; no route replacement yet,"Possible manuscript metadata, source copies, bibliographic leads or a future edition from the reported archive.","Specialist manuscript institutes, lineage permissions, critical editions and school-specific completeness.",Institutional agreement plus restricted-access handling for living/esoteric materials,https://gitapress.org/catalogue,Role is an acquisition overlay. It does not mark the target complete and does not merge distinct editions.
COR-0211,04 Agama Tantra and Temple,Shakta Tantra,Kubjika Tantra corpus,USER_NEGOTIATE_INSTITUTION,C_ARCHIVE_OR_RESEARCH_DISCOVERY_POTENTIAL,LOW_UNTIL_ARCHIVE_CATALOG_RECEIVED,0,,,,REQUEST_MANUSCRIPT_AND_RESEARCH_LIBRARY_CATALOG; no route replacement yet,"Possible manuscript metadata, source copies, bibliographic leads or a future edition from the reported archive.","Specialist manuscript institutes, lineage permissions, critical editions and school-specific completeness.",Institutional agreement plus restricted-access handling for living/esoteric materials,https://gitapress.org/catalogue,Role is an acquisition overlay. It does not mark the target complete and does not merge distinct editions.
COR-0212,04 Agama Tantra and Temple,Shakta Tantra,Kali Tantra corpus,USER_NEGOTIATE_INSTITUTION,C_ARCHIVE_OR_RESEARCH_DISCOVERY_POTENTIAL,LOW_UNTIL_ARCHIVE_CATALOG_RECEIVED,0,,,,REQUEST_MANUSCRIPT_AND_RESEARCH_LIBRARY_CATALOG; no route replacement yet,"Possible manuscript metadata, source copies, bibliographic leads or a future edition from the reported archive.","Specialist manuscript institutes, lineage permissions, critical editions and school-specific completeness.",Institutional agreement plus restricted-access handling for living/esoteric materials,https://gitapress.org/catalogue,Role is an acquisition overlay. It does not mark the target complete and does not merge distinct editions.
COR-0213,04 Agama Tantra and Temple,Shakta Tantra,Tripura Tantra corpus,USER_NEGOTIATE_INSTITUTION,C_ARCHIVE_OR_RESEARCH_DISCOVERY_POTENTIAL,LOW_UNTIL_ARCHIVE_CATALOG_RECEIVED,0,,,,REQUEST_MANUSCRIPT_AND_RESEARCH_LIBRARY_CATALOG; no route replacement yet,"Possible manuscript metadata, source copies, bibliographic leads or a future edition from the reported archive.","Specialist manuscript institutes, lineage permissions, critical editions and school-specific completeness.",Institutional agreement plus restricted-access handling for living/esoteric materials,https://gitapress.org/catalogue,Role is an acquisition overlay. It does not mark the target complete and does not merge distinct editions.
COR-0214,04 Agama Tantra and Temple,Shakta Tantra,Yamala corpus,USER_NEGOTIATE_INSTITUTION,C_ARCHIVE_OR_RESEARCH_DISCOVERY_POTENTIAL,LOW_UNTIL_ARCHIVE_CATALOG_RECEIVED,0,,,,REQUEST_MANUSCRIPT_AND_RESEARCH_LIBRARY_CATALOG; no route replacement yet,"Possible manuscript metadata, source copies, bibliographic leads or a future edition from the reported archive.","Specialist manuscript institutes, lineage permissions, critical editions and school-specific completeness.",Institutional agreement plus restricted-access handling for living/esoteric materials,https://gitapress.org/catalogue,Role is an acquisition overlay. It does not mark the target complete and does not merge distinct editions.
COR-0215,04 Agama Tantra and Temple,Shakta Tantra,Brahmayamala,USER_NEGOTIATE_INSTITUTION,C_ARCHIVE_OR_RESEARCH_DISCOVERY_POTENTIAL,LOW_UNTIL_ARCHIVE_CATALOG_RECEIVED,0,,,,REQUEST_MANUSCRIPT_AND_RESEARCH_LIBRARY_CATALOG; no route replacement yet,"Possible manuscript metadata, source copies, bibliographic leads or a future edition from the reported archive.","Specialist manuscript institutes, lineage permissions, critical editions and school-specific completeness.",Institutional agreement plus restricted-access handling for living/esoteric materials,https://gitapress.org/catalogue,Role is an acquisition overlay. It does not mark the target complete and does not merge distinct editions.
COR-0216,04 Agama Tantra and Temple,Shakta Tantra,Rudrayamala,USER_NEGOTIATE_INSTITUTION,C_ARCHIVE_OR_RESEARCH_DISCOVERY_POTENTIAL,LOW_UNTIL_ARCHIVE_CATALOG_RECEIVED,0,,,,REQUEST_MANUSCRIPT_AND_RESEARCH_LIBRARY_CATALOG; no route replacement yet,"Possible manuscript metadata, source copies, bibliographic leads or a future edition from the reported archive.","Specialist manuscript institutes, lineage permissions, critical editions and school-specific completeness.",Institutional agreement plus restricted-access handling for living/esoteric materials,https://gitapress.org/catalogue,Role is an acquisition overlay. It does not mark the target complete and does not merge distinct editions.
COR-0217,04 Agama Tantra and Temple,Shakta Tantra,Jayadrathayamala,USER_NEGOTIATE_INSTITUTION,C_ARCHIVE_OR_RESEARCH_DISCOVERY_POTENTIAL,LOW_UNTIL_ARCHIVE_CATALOG_RECEIVED,0,,,,REQUEST_MANUSCRIPT_AND_RESEARCH_LIBRARY_CATALOG; no route replacement yet,"Possible manuscript metadata, source copies, bibliographic leads or a future edition from the reported archive.","Specialist manuscript institutes, lineage permissions, critical editions and school-specific completeness.",Institutional agreement plus restricted-access handling for living/esoteric materials,https://gitapress.org/catalogue,Role is an acquisition overlay. It does not mark the target complete and does not merge distinct editions.
COR-0218,04 Agama Tantra and Temple,Shakta Tantra,Tantraraja Tantra,USER_NEGOTIATE_INSTITUTION,C_ARCHIVE_OR_RESEARCH_DISCOVERY_POTENTIAL,LOW_UNTIL_ARCHIVE_CATALOG_RECEIVED,0,,,,REQUEST_MANUSCRIPT_AND_RESEARCH_LIBRARY_CATALOG; no route replacement yet,"Possible manuscript metadata, source copies, bibliographic leads or a future edition from the reported archive.","Specialist manuscript institutes, lineage permissions, critical editions and school-specific completeness.",Institutional agreement plus restricted-access handling for living/esoteric materials,https://gitapress.org/catalogue,Role is an acquisition overlay. It does not mark the target complete and does not merge distinct editions.
COR-0219,04 Agama Tantra and Temple,Shakta Tantra,Vamakeshvara Tantra/Nityashodashikarnava,USER_NEGOTIATE_INSTITUTION,C_ARCHIVE_OR_RESEARCH_DISCOVERY_POTENTIAL,LOW_UNTIL_ARCHIVE_CATALOG_RECEIVED,0,,,,REQUEST_MANUSCRIPT_AND_RESEARCH_LIBRARY_CATALOG; no route replacement yet,"Possible manuscript metadata, source copies, bibliographic leads or a future edition from the reported archive.","Specialist manuscript institutes, lineage permissions, critical editions and school-specific completeness.",Institutional agreement plus restricted-access handling for living/esoteric materials,https://gitapress.org/catalogue,Role is an acquisition overlay. It does not mark the target complete and does not merge distinct editions.
COR-0220,04 Agama Tantra and Temple,Shakta Tantra,Yoginihridaya,USER_NEGOTIATE_INSTITUTION,C_ARCHIVE_OR_RESEARCH_DISCOVERY_POTENTIAL,LOW_UNTIL_ARCHIVE_CATALOG_RECEIVED,0,,,,REQUEST_MANUSCRIPT_AND_RESEARCH_LIBRARY_CATALOG; no route replacement yet,"Possible manuscript metadata, source copies, bibliographic leads or a future edition from the reported archive.","Specialist manuscript institutes, lineage permissions, critical editions and school-specific completeness.",Institutional agreement plus restricted-access handling for living/esoteric materials,https://gitapress.org/catalogue,Role is an acquisition overlay. It does not mark the target complete and does not merge distinct editions.
COR-0221,04 Agama Tantra and Temple,Shakta Tantra,Prapanchasara Tantra,USER_NEGOTIATE_INSTITUTION,C_ARCHIVE_OR_RESEARCH_DISCOVERY_POTENTIAL,LOW_UNTIL_ARCHIVE_CATALOG_RECEIVED,0,,,,REQUEST_MANUSCRIPT_AND_RESEARCH_LIBRARY_CATALOG; no route replacement yet,"Possible manuscript metadata, source copies, bibliographic leads or a future edition from the reported archive.","Specialist manuscript institutes, lineage permissions, critical editions and school-specific completeness.",Institutional agreement plus restricted-access handling for living/esoteric materials,https://gitapress.org/catalogue,Role is an acquisition overlay. It does not mark the target complete and does not merge distinct editions.
COR-0222,04 Agama Tantra and Temple,Shakta Tantra,Sharadatilaka Tantra,USER_NEGOTIATE_INSTITUTION,C_ARCHIVE_OR_RESEARCH_DISCOVERY_POTENTIAL,LOW_UNTIL_ARCHIVE_CATALOG_RECEIVED,0,,,,REQUEST_MANUSCRIPT_AND_RESEARCH_LIBRARY_CATALOG; no route replacement yet,"Possible manuscript metadata, source copies, bibliographic leads or a future edition from the reported archive.","Specialist manuscript institutes, lineage permissions, critical editions and school-specific completeness.",Institutional agreement plus restricted-access handling for living/esoteric materials,https://gitapress.org/catalogue,Role is an acquisition overlay. It does not mark the target complete and does not merge distinct editions.
COR-0223,04 Agama Tantra and Temple,Shakta Tantra,Kularnava Tantra,USER_NEGOTIATE_INSTITUTION,C_ARCHIVE_OR_RESEARCH_DISCOVERY_POTENTIAL,LOW_UNTIL_ARCHIVE_CATALOG_RECEIVED,0,,,,REQUEST_MANUSCRIPT_AND_RESEARCH_LIBRARY_CATALOG; no route replacement yet,"Possible manuscript metadata, source copies, bibliographic leads or a future edition from the reported archive.","Specialist manuscript institutes, lineage permissions, critical editions and school-specific completeness.",Institutional agreement plus restricted-access handling for living/esoteric materials,https://gitapress.org/catalogue,Role is an acquisition overlay. It does not mark the target complete and does not merge distinct editions.
COR-0224,04 Agama Tantra and Temple,Shakta Tantra,Mahanirvana Tantra,USER_NEGOTIATE_INSTITUTION,C_ARCHIVE_OR_RESEARCH_DISCOVERY_POTENTIAL,LOW_UNTIL_ARCHIVE_CATALOG_RECEIVED,0,,,,REQUEST_MANUSCRIPT_AND_RESEARCH_LIBRARY_CATALOG; no route replacement yet,"Possible manuscript metadata, source copies, bibliographic leads or a future edition from the reported archive.","Specialist manuscript institutes, lineage permissions, critical editions and school-specific completeness.",Institutional agreement plus restricted-access handling for living/esoteric materials,https://gitapress.org/catalogue,Role is an acquisition overlay. It does not mark the target complete and does not merge distinct editions.
COR-0225,04 Agama Tantra and Temple,Shakta Tantra,Kulachudamani Tantra,USER_NEGOTIATE_INSTITUTION,C_ARCHIVE_OR_RESEARCH_DISCOVERY_POTENTIAL,LOW_UNTIL_ARCHIVE_CATALOG_RECEIVED,0,,,,REQUEST_MANUSCRIPT_AND_RESEARCH_LIBRARY_CATALOG; no route replacement yet,"Possible manuscript metadata, source copies, bibliographic leads or a future edition from the reported archive.","Specialist manuscript institutes, lineage permissions, critical editions and school-specific completeness.",Institutional agreement plus restricted-access handling for living/esoteric materials,https://gitapress.org/catalogue,Role is an acquisition overlay. It does not mark the target complete and does not merge distinct editions.
COR-0226,04 Agama Tantra and Temple,Shakta Tantra,Todala Tantra,USER_NEGOTIATE_INSTITUTION,C_ARCHIVE_OR_RESEARCH_DISCOVERY_POTENTIAL,LOW_UNTIL_ARCHIVE_CATALOG_RECEIVED,0,,,,REQUEST_MANUSCRIPT_AND_RESEARCH_LIBRARY_CATALOG; no route replacement yet,"Possible manuscript metadata, source copies, bibliographic leads or a future edition from the reported archive.","Specialist manuscript institutes, lineage permissions, critical editions and school-specific completeness.",Institutional agreement plus restricted-access handling for living/esoteric materials,https://gitapress.org/catalogue,Role is an acquisition overlay. It does not mark the target complete and does not merge distinct editions.
COR-0227,04 Agama Tantra and Temple,Shakta Tantra,Mantramahodadhi,USER_NEGOTIATE_INSTITUTION,C_ARCHIVE_OR_RESEARCH_DISCOVERY_POTENTIAL,LOW_UNTIL_ARCHIVE_CATALOG_RECEIVED,0,,,,REQUEST_MANUSCRIPT_AND_RESEARCH_LIBRARY_CATALOG; no route replacement yet,"Possible manuscript metadata, source copies, bibliographic leads or a future edition from the reported archive.","Specialist manuscript institutes, lineage permissions, critical editions and school-specific completeness.",Institutional agreement plus restricted-access handling for living/esoteric materials,https://gitapress.org/catalogue,Role is an acquisition overlay. It does not mark the target complete and does not merge distinct editions.
COR-0228,04 Agama Tantra and Temple,Shakta Tantra,"Shakta paddhati, prayoga, mantra and yantra manuals",USER_NEGOTIATE_INSTITUTION,C_ARCHIVE_OR_RESEARCH_DISCOVERY_POTENTIAL,LOW_UNTIL_ARCHIVE_CATALOG_RECEIVED,0,,,,REQUEST_MANUSCRIPT_AND_RESEARCH_LIBRARY_CATALOG; no route replacement yet,"Possible manuscript metadata, source copies, bibliographic leads or a future edition from the reported archive.","Specialist manuscript institutes, lineage permissions, critical editions and school-specific completeness.",Institutional agreement plus restricted-access handling for living/esoteric materials,https://gitapress.org/catalogue,Role is an acquisition overlay. It does not mark the target complete and does not merge distinct editions.
COR-0229,04 Agama Tantra and Temple,Nondual Shaiva and related,Trika Agama corpus,AGENT_DOWNLOAD_RIGHTS_REVIEW,C_ARCHIVE_OR_RESEARCH_DISCOVERY_POTENTIAL,LOW_UNTIL_ARCHIVE_CATALOG_RECEIVED,0,,,,REQUEST_MANUSCRIPT_AND_RESEARCH_LIBRARY_CATALOG; no route replacement yet,"Possible manuscript metadata, source copies, bibliographic leads or a future edition from the reported archive.","Specialist manuscript institutes, lineage permissions, critical editions and school-specific completeness.",Item-level rights review,https://gitapress.org/catalogue,Role is an acquisition overlay. It does not mark the target complete and does not merge distinct editions.
COR-0230,04 Agama Tantra and Temple,Nondual Shaiva and related,Malinivijayottara Tantra,AGENT_DOWNLOAD_RIGHTS_REVIEW,C_ARCHIVE_OR_RESEARCH_DISCOVERY_POTENTIAL,LOW_UNTIL_ARCHIVE_CATALOG_RECEIVED,0,,,,REQUEST_MANUSCRIPT_AND_RESEARCH_LIBRARY_CATALOG; no route replacement yet,"Possible manuscript metadata, source copies, bibliographic leads or a future edition from the reported archive.","Specialist manuscript institutes, lineage permissions, critical editions and school-specific completeness.",Item-level rights review,https://gitapress.org/catalogue,Role is an acquisition overlay. It does not mark the target complete and does not merge distinct editions.
COR-0231,04 Agama Tantra and Temple,Nondual Shaiva and related,Svacchanda Tantra,AGENT_DOWNLOAD_RIGHTS_REVIEW,C_ARCHIVE_OR_RESEARCH_DISCOVERY_POTENTIAL,LOW_UNTIL_ARCHIVE_CATALOG_RECEIVED,0,,,,REQUEST_MANUSCRIPT_AND_RESEARCH_LIBRARY_CATALOG; no route replacement yet,"Possible manuscript metadata, source copies, bibliographic leads or a future edition from the reported archive.","Specialist manuscript institutes, lineage permissions, critical editions and school-specific completeness.",Item-level rights review,https://gitapress.org/catalogue,Role is an acquisition overlay. It does not mark the target complete and does not merge distinct editions.
COR-0232,04 Agama Tantra and Temple,Nondual Shaiva and related,Netra Tantra,AGENT_DOWNLOAD_RIGHTS_REVIEW,C_ARCHIVE_OR_RESEARCH_DISCOVERY_POTENTIAL,LOW_UNTIL_ARCHIVE_CATALOG_RECEIVED,0,,,,REQUEST_MANUSCRIPT_AND_RESEARCH_LIBRARY_CATALOG; no route replacement yet,"Possible manuscript metadata, source copies, bibliographic leads or a future edition from the reported archive.","Specialist manuscript institutes, lineage permissions, critical editions and school-specific completeness.",Item-level rights review,https://gitapress.org/catalogue,Role is an acquisition overlay. It does not mark the target complete and does not merge distinct editions.
COR-0233,04 Agama Tantra and Temple,Nondual Shaiva and related,Vijnanabhairava,AGENT_DOWNLOAD_RIGHTS_REVIEW,C_ARCHIVE_OR_RESEARCH_DISCOVERY_POTENTIAL,LOW_UNTIL_ARCHIVE_CATALOG_RECEIVED,0,,,,REQUEST_MANUSCRIPT_AND_RESEARCH_LIBRARY_CATALOG; no route replacement yet,"Possible manuscript metadata, source copies, bibliographic leads or a future edition from the reported archive.","Specialist manuscript institutes, lineage permissions, critical editions and school-specific completeness.",Item-level rights review,https://gitapress.org/catalogue,Role is an acquisition overlay. It does not mark the target complete and does not merge distinct editions.
COR-0234,04 Agama Tantra and Temple,Nondual Shaiva and related,Tantraloka,AGENT_DOWNLOAD_RIGHTS_REVIEW,C_ARCHIVE_OR_RESEARCH_DISCOVERY_POTENTIAL,LOW_UNTIL_ARCHIVE_CATALOG_RECEIVED,0,,,,REQUEST_MANUSCRIPT_AND_RESEARCH_LIBRARY_CATALOG; no route replacement yet,"Possible manuscript metadata, source copies, bibliographic leads or a future edition from the reported archive.","Specialist manuscript institutes, lineage permissions, critical editions and school-specific completeness.",Item-level rights review,https://gitapress.org/catalogue,Role is an acquisition overlay. It does not mark the target complete and does not merge distinct editions.
COR-0235,04 Agama Tantra and Temple,Nondual Shaiva and related,Tantrasara,AGENT_DOWNLOAD_RIGHTS_REVIEW,C_ARCHIVE_OR_RESEARCH_DISCOVERY_POTENTIAL,LOW_UNTIL_ARCHIVE_CATALOG_RECEIVED,0,,,,REQUEST_MANUSCRIPT_AND_RESEARCH_LIBRARY_CATALOG; no route replacement yet,"Possible manuscript metadata, source copies, bibliographic leads or a future edition from the reported archive.","Specialist manuscript institutes, lineage permissions, critical editions and school-specific completeness.",Item-level rights review,https://gitapress.org/catalogue,Role is an acquisition overlay. It does not mark the target complete and does not merge distinct editions.
COR-0236,04 Agama Tantra and Temple,Nondual Shaiva and related,Paratrishika and Vivarana,AGENT_DOWNLOAD_RIGHTS_REVIEW,C_ARCHIVE_OR_RESEARCH_DISCOVERY_POTENTIAL,LOW_UNTIL_ARCHIVE_CATALOG_RECEIVED,0,,,,REQUEST_MANUSCRIPT_AND_RESEARCH_LIBRARY_CATALOG; no route replacement yet,"Possible manuscript metadata, source copies, bibliographic leads or a future edition from the reported archive.","Specialist manuscript institutes, lineage permissions, critical editions and school-specific completeness.",Item-level rights review,https://gitapress.org/catalogue,Role is an acquisition overlay. It does not mark the target complete and does not merge distinct editions.
COR-0237,04 Agama Tantra and Temple,Nondual Shaiva and related,Spanda Karika and commentaries,AGENT_DOWNLOAD_RIGHTS_REVIEW,C_ARCHIVE_OR_RESEARCH_DISCOVERY_POTENTIAL,LOW_UNTIL_ARCHIVE_CATALOG_RECEIVED,0,,,,REQUEST_MANUSCRIPT_AND_RESEARCH_LIBRARY_CATALOG; no route replacement yet,"Possible manuscript metadata, source copies, bibliographic leads or a future edition from the reported archive.","Specialist manuscript institutes, lineage permissions, critical editions and school-specific completeness.",Item-level rights review,https://gitapress.org/catalogue,Role is an acquisition overlay. It does not mark the target complete and does not merge distinct editions.
COR-0238,04 Agama Tantra and Temple,Nondual Shaiva and related,Shiva Sutra and commentaries,AGENT_DOWNLOAD_RIGHTS_REVIEW,C_ARCHIVE_OR_RESEARCH_DISCOVERY_POTENTIAL,LOW_UNTIL_ARCHIVE_CATALOG_RECEIVED,0,,,,REQUEST_MANUSCRIPT_AND_RESEARCH_LIBRARY_CATALOG; no route replacement yet,"Possible manuscript metadata, source copies, bibliographic leads or a future edition from the reported archive.","Specialist manuscript institutes, lineage permissions, critical editions and school-specific completeness.",Item-level rights review,https://gitapress.org/catalogue,Role is an acquisition overlay. It does not mark the target complete and does not merge distinct editions.
COR-0239,04 Agama Tantra and Temple,Nondual Shaiva and related,Pratyabhijna corpus,AGENT_DOWNLOAD_RIGHTS_REVIEW,C_ARCHIVE_OR_RESEARCH_DISCOVERY_POTENTIAL,LOW_UNTIL_ARCHIVE_CATALOG_RECEIVED,0,,,,REQUEST_MANUSCRIPT_AND_RESEARCH_LIBRARY_CATALOG; no route replacement yet,"Possible manuscript metadata, source copies, bibliographic leads or a future edition from the reported archive.","Specialist manuscript institutes, lineage permissions, critical editions and school-specific completeness.",Item-level rights review,https://gitapress.org/catalogue,Role is an acquisition overlay. It does not mark the target complete and does not merge distinct editions.
COR-0240,04 Agama Tantra and Temple,Nondual Shaiva and related,Natha textual corpus,AGENT_DOWNLOAD_RIGHTS_REVIEW,C_ARCHIVE_OR_RESEARCH_DISCOVERY_POTENTIAL,LOW_UNTIL_ARCHIVE_CATALOG_RECEIVED,0,,,,REQUEST_MANUSCRIPT_AND_RESEARCH_LIBRARY_CATALOG; no route replacement yet,"Possible manuscript metadata, source copies, bibliographic leads or a future edition from the reported archive.","Specialist manuscript institutes, lineage permissions, critical editions and school-specific completeness.",Item-level rights review,https://gitapress.org/catalogue,Role is an acquisition overlay. It does not mark the target complete and does not merge distinct editions.
COR-0241,04 Agama Tantra and Temple,Nondual Shaiva and related,Virashaiva/Lingayat Agama and Shunya Sampadane corpus,AGENT_DOWNLOAD_RIGHTS_REVIEW,C_ARCHIVE_OR_RESEARCH_DISCOVERY_POTENTIAL,LOW_UNTIL_ARCHIVE_CATALOG_RECEIVED,0,,,,REQUEST_MANUSCRIPT_AND_RESEARCH_LIBRARY_CATALOG; no route replacement yet,"Possible manuscript metadata, source copies, bibliographic leads or a future edition from the reported archive.","Specialist manuscript institutes, lineage permissions, critical editions and school-specific completeness.",Item-level rights review,https://gitapress.org/catalogue,Role is an acquisition overlay. It does not mark the target complete and does not merge distinct editions.
COR-0242,04 Agama Tantra and Temple,Temple technology,Shilpa Shastra corpus,USER_NEGOTIATE_INSTITUTION,C_ARCHIVE_OR_RESEARCH_DISCOVERY_POTENTIAL,LOW_UNTIL_ARCHIVE_CATALOG_RECEIVED,0,,,,REQUEST_MANUSCRIPT_AND_RESEARCH_LIBRARY_CATALOG; no route replacement yet,"Possible manuscript metadata, source copies, bibliographic leads or a future edition from the reported archive.","Specialist manuscript institutes, lineage permissions, critical editions and school-specific completeness.",Acquire from publishers and temple authorities; permissions for operational manuals,https://gitapress.org/catalogue,Role is an acquisition overlay. It does not mark the target complete and does not merge distinct editions.
COR-0243,04 Agama Tantra and Temple,Temple technology,Vastu Shastra corpus,USER_NEGOTIATE_INSTITUTION,C_ARCHIVE_OR_RESEARCH_DISCOVERY_POTENTIAL,LOW_UNTIL_ARCHIVE_CATALOG_RECEIVED,0,,,,REQUEST_MANUSCRIPT_AND_RESEARCH_LIBRARY_CATALOG; no route replacement yet,"Possible manuscript metadata, source copies, bibliographic leads or a future edition from the reported archive.","Specialist manuscript institutes, lineage permissions, critical editions and school-specific completeness.",Acquire from publishers and temple authorities; permissions for operational manuals,https://gitapress.org/catalogue,Role is an acquisition overlay. It does not mark the target complete and does not merge distinct editions.
COR-0244,04 Agama Tantra and Temple,Temple technology,Iconometry and iconography manuals,USER_NEGOTIATE_INSTITUTION,C_ARCHIVE_OR_RESEARCH_DISCOVERY_POTENTIAL,LOW_UNTIL_ARCHIVE_CATALOG_RECEIVED,0,,,,REQUEST_MANUSCRIPT_AND_RESEARCH_LIBRARY_CATALOG; no route replacement yet,"Possible manuscript metadata, source copies, bibliographic leads or a future edition from the reported archive.","Specialist manuscript institutes, lineage permissions, critical editions and school-specific completeness.",Acquire from publishers and temple authorities; permissions for operational manuals,https://gitapress.org/catalogue,Role is an acquisition overlay. It does not mark the target complete and does not merge distinct editions.
COR-0245,04 Agama Tantra and Temple,Temple technology,Temple construction and consecration manuals,USER_NEGOTIATE_INSTITUTION,C_ARCHIVE_OR_RESEARCH_DISCOVERY_POTENTIAL,LOW_UNTIL_ARCHIVE_CATALOG_RECEIVED,0,,,,REQUEST_MANUSCRIPT_AND_RESEARCH_LIBRARY_CATALOG; no route replacement yet,"Possible manuscript metadata, source copies, bibliographic leads or a future edition from the reported archive.","Specialist manuscript institutes, lineage permissions, critical editions and school-specific completeness.",Acquire from publishers and temple authorities; permissions for operational manuals,https://gitapress.org/catalogue,Role is an acquisition overlay. It does not mark the target complete and does not merge distinct editions.
COR-0246,04 Agama Tantra and Temple,Temple technology,"Archana, nityapuja and utsava paddhatis",USER_NEGOTIATE_INSTITUTION,C_ARCHIVE_OR_RESEARCH_DISCOVERY_POTENTIAL,LOW_UNTIL_ARCHIVE_CATALOG_RECEIVED,0,,,,REQUEST_MANUSCRIPT_AND_RESEARCH_LIBRARY_CATALOG; no route replacement yet,"Possible manuscript metadata, source copies, bibliographic leads or a future edition from the reported archive.","Specialist manuscript institutes, lineage permissions, critical editions and school-specific completeness.",Acquire from publishers and temple authorities; permissions for operational manuals,https://gitapress.org/catalogue,Role is an acquisition overlay. It does not mark the target complete and does not merge distinct editions.
COR-0247,04 Agama Tantra and Temple,Temple technology,"Temple-specific service registers, festival calendars and procedure manuals",USER_NEGOTIATE_INSTITUTION,D_NOT_A_REPLACEMENT,HIGH,0,,,,NO_PRIMARY_ROUTE_CHANGE; optionally add a Gita Press popular edition if catalog-matched,"Popular edition, translation, illustration or devotional explanation only where a matching product exists.","Critical/recensional evidence, population census, official calendrics, inscriptions, media rights or consented fieldwork.",Acquire from publishers and temple authorities; permissions for operational manuals,https://gitapress.org/catalogue,Role is an acquisition overlay. It does not mark the target complete and does not merge distinct editions.
COR-0248,05 Darshana Theology Commentary,Six darshanas,"Nyaya Sutra with principal bhashyas, varttikas and later Navya-Nyaya corpus",AGENT_DOWNLOAD_RIGHTS_REVIEW,C_ARCHIVE_OR_RESEARCH_DISCOVERY_POTENTIAL,LOW_UNTIL_ARCHIVE_CATALOG_RECEIVED,0,,,,REQUEST_MANUSCRIPT_AND_RESEARCH_LIBRARY_CATALOG; no route replacement yet,"Possible manuscript metadata, source copies, bibliographic leads or a future edition from the reported archive.","Specialist manuscript institutes, lineage permissions, critical editions and school-specific completeness.",Item-level rights review,https://gitapress.org/catalogue,Role is an acquisition overlay. It does not mark the target complete and does not merge distinct editions.
COR-0249,05 Darshana Theology Commentary,Six darshanas,Vaisheshika Sutra with principal commentaries,AGENT_DOWNLOAD_RIGHTS_REVIEW,C_ARCHIVE_OR_RESEARCH_DISCOVERY_POTENTIAL,LOW_UNTIL_ARCHIVE_CATALOG_RECEIVED,0,,,,REQUEST_MANUSCRIPT_AND_RESEARCH_LIBRARY_CATALOG; no route replacement yet,"Possible manuscript metadata, source copies, bibliographic leads or a future edition from the reported archive.","Specialist manuscript institutes, lineage permissions, critical editions and school-specific completeness.",Item-level rights review,https://gitapress.org/catalogue,Role is an acquisition overlay. It does not mark the target complete and does not merge distinct editions.
COR-0250,05 Darshana Theology Commentary,Six darshanas,Samkhya Karika and Samkhya Sutra traditions,AGENT_DOWNLOAD_RIGHTS_REVIEW,C_ARCHIVE_OR_RESEARCH_DISCOVERY_POTENTIAL,LOW_UNTIL_ARCHIVE_CATALOG_RECEIVED,0,,,,REQUEST_MANUSCRIPT_AND_RESEARCH_LIBRARY_CATALOG; no route replacement yet,"Possible manuscript metadata, source copies, bibliographic leads or a future edition from the reported archive.","Specialist manuscript institutes, lineage permissions, critical editions and school-specific completeness.",Item-level rights review,https://gitapress.org/catalogue,Role is an acquisition overlay. It does not mark the target complete and does not merge distinct editions.
COR-0251,05 Darshana Theology Commentary,Six darshanas,Yoga Sutra with Vyasa Bhashya and major commentaries,AGENT_DOWNLOAD_RIGHTS_REVIEW,C_ARCHIVE_OR_RESEARCH_DISCOVERY_POTENTIAL,LOW_UNTIL_ARCHIVE_CATALOG_RECEIVED,0,,,,REQUEST_MANUSCRIPT_AND_RESEARCH_LIBRARY_CATALOG; no route replacement yet,"Possible manuscript metadata, source copies, bibliographic leads or a future edition from the reported archive.","Specialist manuscript institutes, lineage permissions, critical editions and school-specific completeness.",Item-level rights review,https://gitapress.org/catalogue,Role is an acquisition overlay. It does not mark the target complete and does not merge distinct editions.
COR-0252,05 Darshana Theology Commentary,Six darshanas,Purva Mimamsa Sutra with Shabara Bhashya,AGENT_DOWNLOAD_RIGHTS_REVIEW,C_ARCHIVE_OR_RESEARCH_DISCOVERY_POTENTIAL,LOW_UNTIL_ARCHIVE_CATALOG_RECEIVED,0,,,,REQUEST_MANUSCRIPT_AND_RESEARCH_LIBRARY_CATALOG; no route replacement yet,"Possible manuscript metadata, source copies, bibliographic leads or a future edition from the reported archive.","Specialist manuscript institutes, lineage permissions, critical editions and school-specific completeness.",Item-level rights review,https://gitapress.org/catalogue,Role is an acquisition overlay. It does not mark the target complete and does not merge distinct editions.
COR-0253,05 Darshana Theology Commentary,Six darshanas,Bhatta Mimamsa corpus,AGENT_DOWNLOAD_RIGHTS_REVIEW,C_ARCHIVE_OR_RESEARCH_DISCOVERY_POTENTIAL,LOW_UNTIL_ARCHIVE_CATALOG_RECEIVED,0,,,,REQUEST_MANUSCRIPT_AND_RESEARCH_LIBRARY_CATALOG; no route replacement yet,"Possible manuscript metadata, source copies, bibliographic leads or a future edition from the reported archive.","Specialist manuscript institutes, lineage permissions, critical editions and school-specific completeness.",Item-level rights review,https://gitapress.org/catalogue,Role is an acquisition overlay. It does not mark the target complete and does not merge distinct editions.
COR-0254,05 Darshana Theology Commentary,Six darshanas,Prabhakara Mimamsa corpus,AGENT_DOWNLOAD_RIGHTS_REVIEW,C_ARCHIVE_OR_RESEARCH_DISCOVERY_POTENTIAL,LOW_UNTIL_ARCHIVE_CATALOG_RECEIVED,0,,,,REQUEST_MANUSCRIPT_AND_RESEARCH_LIBRARY_CATALOG; no route replacement yet,"Possible manuscript metadata, source copies, bibliographic leads or a future edition from the reported archive.","Specialist manuscript institutes, lineage permissions, critical editions and school-specific completeness.",Item-level rights review,https://gitapress.org/catalogue,Role is an acquisition overlay. It does not mark the target complete and does not merge distinct editions.
COR-0255,05 Darshana Theology Commentary,Six darshanas,Brahma Sutra root text and complete commentary traditions,AGENT_DOWNLOAD_RIGHTS_REVIEW,B_SUPPLEMENTARY_PUBLISHED_SOURCE,MEDIUM,1,65,Vedanta Darshan (Brahmasutra) | Shrimad Vedavyasapranitam Brahmasutra Text | Language: Hindi | Size: Medium | Code: 65,Puran Upanishad and Others,ADD_GITA_PRESS_AS_SUPPLEMENTARY_SOURCE; do not close the master target on this evidence alone,"A relevant published treatment, translation, commentary, story or devotional edition.",The complete multi-tradition corpus target and its non-Gita-Press versions.,Item-level rights review,https://gitapress.org/catalogue,Role is an acquisition overlay. It does not mark the target complete and does not merge distinct editions.
COR-0256,05 Darshana Theology Commentary,Vedanta schools,Advaita Vedanta canonical and post-Shankara corpus,AGENT_DOWNLOAD_RIGHTS_REVIEW,C_ARCHIVE_OR_RESEARCH_DISCOVERY_POTENTIAL,LOW_UNTIL_ARCHIVE_CATALOG_RECEIVED,0,,,,REQUEST_MANUSCRIPT_AND_RESEARCH_LIBRARY_CATALOG; no route replacement yet,"Possible manuscript metadata, source copies, bibliographic leads or a future edition from the reported archive.","Specialist manuscript institutes, lineage permissions, critical editions and school-specific completeness.",Public-domain download plus publisher/mission permissions for protected editions,https://gitapress.org/catalogue,Role is an acquisition overlay. It does not mark the target complete and does not merge distinct editions.
COR-0257,05 Darshana Theology Commentary,Vedanta schools,Vishishtadvaita Vedanta canonical corpus,AGENT_DOWNLOAD_RIGHTS_REVIEW,C_ARCHIVE_OR_RESEARCH_DISCOVERY_POTENTIAL,LOW_UNTIL_ARCHIVE_CATALOG_RECEIVED,0,,,,REQUEST_MANUSCRIPT_AND_RESEARCH_LIBRARY_CATALOG; no route replacement yet,"Possible manuscript metadata, source copies, bibliographic leads or a future edition from the reported archive.","Specialist manuscript institutes, lineage permissions, critical editions and school-specific completeness.",Public-domain download plus publisher/mission permissions for protected editions,https://gitapress.org/catalogue,Role is an acquisition overlay. It does not mark the target complete and does not merge distinct editions.
COR-0258,05 Darshana Theology Commentary,Vedanta schools,Dvaita Vedanta canonical corpus,AGENT_DOWNLOAD_RIGHTS_REVIEW,C_ARCHIVE_OR_RESEARCH_DISCOVERY_POTENTIAL,LOW_UNTIL_ARCHIVE_CATALOG_RECEIVED,0,,,,REQUEST_MANUSCRIPT_AND_RESEARCH_LIBRARY_CATALOG; no route replacement yet,"Possible manuscript metadata, source copies, bibliographic leads or a future edition from the reported archive.","Specialist manuscript institutes, lineage permissions, critical editions and school-specific completeness.",Public-domain download plus publisher/mission permissions for protected editions,https://gitapress.org/catalogue,Role is an acquisition overlay. It does not mark the target complete and does not merge distinct editions.
COR-0259,05 Darshana Theology Commentary,Vedanta schools,Bhedabheda Vedanta corpus,AGENT_DOWNLOAD_RIGHTS_REVIEW,C_ARCHIVE_OR_RESEARCH_DISCOVERY_POTENTIAL,LOW_UNTIL_ARCHIVE_CATALOG_RECEIVED,0,,,,REQUEST_MANUSCRIPT_AND_RESEARCH_LIBRARY_CATALOG; no route replacement yet,"Possible manuscript metadata, source copies, bibliographic leads or a future edition from the reported archive.","Specialist manuscript institutes, lineage permissions, critical editions and school-specific completeness.",Public-domain download plus publisher/mission permissions for protected editions,https://gitapress.org/catalogue,Role is an acquisition overlay. It does not mark the target complete and does not merge distinct editions.
COR-0260,05 Darshana Theology Commentary,Vedanta schools,Dvaitadvaita/Nimbarka corpus,AGENT_DOWNLOAD_RIGHTS_REVIEW,C_ARCHIVE_OR_RESEARCH_DISCOVERY_POTENTIAL,LOW_UNTIL_ARCHIVE_CATALOG_RECEIVED,0,,,,REQUEST_MANUSCRIPT_AND_RESEARCH_LIBRARY_CATALOG; no route replacement yet,"Possible manuscript metadata, source copies, bibliographic leads or a future edition from the reported archive.","Specialist manuscript institutes, lineage permissions, critical editions and school-specific completeness.",Public-domain download plus publisher/mission permissions for protected editions,https://gitapress.org/catalogue,Role is an acquisition overlay. It does not mark the target complete and does not merge distinct editions.
COR-0261,05 Darshana Theology Commentary,Vedanta schools,Shuddhadvaita/Vallabha corpus,AGENT_DOWNLOAD_RIGHTS_REVIEW,C_ARCHIVE_OR_RESEARCH_DISCOVERY_POTENTIAL,LOW_UNTIL_ARCHIVE_CATALOG_RECEIVED,0,,,,REQUEST_MANUSCRIPT_AND_RESEARCH_LIBRARY_CATALOG; no route replacement yet,"Possible manuscript metadata, source copies, bibliographic leads or a future edition from the reported archive.","Specialist manuscript institutes, lineage permissions, critical editions and school-specific completeness.",Public-domain download plus publisher/mission permissions for protected editions,https://gitapress.org/catalogue,Role is an acquisition overlay. It does not mark the target complete and does not merge distinct editions.
COR-0262,05 Darshana Theology Commentary,Vedanta schools,Achintya Bhedabheda/Gaudiya Vedanta corpus,AGENT_DOWNLOAD_RIGHTS_REVIEW,C_ARCHIVE_OR_RESEARCH_DISCOVERY_POTENTIAL,LOW_UNTIL_ARCHIVE_CATALOG_RECEIVED,0,,,,REQUEST_MANUSCRIPT_AND_RESEARCH_LIBRARY_CATALOG; no route replacement yet,"Possible manuscript metadata, source copies, bibliographic leads or a future edition from the reported archive.","Specialist manuscript institutes, lineage permissions, critical editions and school-specific completeness.",Public-domain download plus publisher/mission permissions for protected editions,https://gitapress.org/catalogue,Role is an acquisition overlay. It does not mark the target complete and does not merge distinct editions.
COR-0263,05 Darshana Theology Commentary,Vedanta schools,Ramanandi Vedanta corpus,AGENT_DOWNLOAD_RIGHTS_REVIEW,C_ARCHIVE_OR_RESEARCH_DISCOVERY_POTENTIAL,LOW_UNTIL_ARCHIVE_CATALOG_RECEIVED,0,,,,REQUEST_MANUSCRIPT_AND_RESEARCH_LIBRARY_CATALOG; no route replacement yet,"Possible manuscript metadata, source copies, bibliographic leads or a future edition from the reported archive.","Specialist manuscript institutes, lineage permissions, critical editions and school-specific completeness.",Public-domain download plus publisher/mission permissions for protected editions,https://gitapress.org/catalogue,Role is an acquisition overlay. It does not mark the target complete and does not merge distinct editions.
COR-0264,05 Darshana Theology Commentary,Vedanta schools,Swaminarayan/Akshara-Purushottama Vedanta corpus,AGENT_DOWNLOAD_RIGHTS_REVIEW,C_ARCHIVE_OR_RESEARCH_DISCOVERY_POTENTIAL,LOW_UNTIL_ARCHIVE_CATALOG_RECEIVED,0,,,,REQUEST_MANUSCRIPT_AND_RESEARCH_LIBRARY_CATALOG; no route replacement yet,"Possible manuscript metadata, source copies, bibliographic leads or a future edition from the reported archive.","Specialist manuscript institutes, lineage permissions, critical editions and school-specific completeness.",Public-domain download plus publisher/mission permissions for protected editions,https://gitapress.org/catalogue,Role is an acquisition overlay. It does not mark the target complete and does not merge distinct editions.
COR-0265,05 Darshana Theology Commentary,Vedanta schools,"Modern Vedanta — Ramakrishna, Vivekananda and successors",AGENT_DOWNLOAD_RIGHTS_REVIEW,C_ARCHIVE_OR_RESEARCH_DISCOVERY_POTENTIAL,LOW_UNTIL_ARCHIVE_CATALOG_RECEIVED,0,,,,REQUEST_MANUSCRIPT_AND_RESEARCH_LIBRARY_CATALOG; no route replacement yet,"Possible manuscript metadata, source copies, bibliographic leads or a future edition from the reported archive.","Specialist manuscript institutes, lineage permissions, critical editions and school-specific completeness.",Public-domain download plus publisher/mission permissions for protected editions,https://gitapress.org/catalogue,Role is an acquisition overlay. It does not mark the target complete and does not merge distinct editions.
COR-0266,05 Darshana Theology Commentary,Vedanta schools,Modern Integral Vedanta — Sri Aurobindo corpus,AGENT_DOWNLOAD_RIGHTS_REVIEW,C_ARCHIVE_OR_RESEARCH_DISCOVERY_POTENTIAL,LOW_UNTIL_ARCHIVE_CATALOG_RECEIVED,0,,,,REQUEST_MANUSCRIPT_AND_RESEARCH_LIBRARY_CATALOG; no route replacement yet,"Possible manuscript metadata, source copies, bibliographic leads or a future edition from the reported archive.","Specialist manuscript institutes, lineage permissions, critical editions and school-specific completeness.",Public-domain download plus publisher/mission permissions for protected editions,https://gitapress.org/catalogue,Role is an acquisition overlay. It does not mark the target complete and does not merge distinct editions.
COR-0267,05 Darshana Theology Commentary,Shaiva Shakta and devotional theology,Shaiva Siddhanta philosophical corpus,AGENT_DOWNLOAD_RIGHTS_REVIEW,C_ARCHIVE_OR_RESEARCH_DISCOVERY_POTENTIAL,LOW_UNTIL_ARCHIVE_CATALOG_RECEIVED,0,,,,REQUEST_MANUSCRIPT_AND_RESEARCH_LIBRARY_CATALOG; no route replacement yet,"Possible manuscript metadata, source copies, bibliographic leads or a future edition from the reported archive.","Specialist manuscript institutes, lineage permissions, critical editions and school-specific completeness.",Item-level rights review,https://gitapress.org/catalogue,Role is an acquisition overlay. It does not mark the target complete and does not merge distinct editions.
COR-0268,05 Darshana Theology Commentary,Shaiva Shakta and devotional theology,Kashmir Shaiva Pratyabhijna corpus,AGENT_DOWNLOAD_RIGHTS_REVIEW,C_ARCHIVE_OR_RESEARCH_DISCOVERY_POTENTIAL,LOW_UNTIL_ARCHIVE_CATALOG_RECEIVED,0,,,,REQUEST_MANUSCRIPT_AND_RESEARCH_LIBRARY_CATALOG; no route replacement yet,"Possible manuscript metadata, source copies, bibliographic leads or a future edition from the reported archive.","Specialist manuscript institutes, lineage permissions, critical editions and school-specific completeness.",Item-level rights review,https://gitapress.org/catalogue,Role is an acquisition overlay. It does not mark the target complete and does not merge distinct editions.
COR-0269,05 Darshana Theology Commentary,Shaiva Shakta and devotional theology,Virashaiva/Lingayat philosophical corpus,AGENT_DOWNLOAD_RIGHTS_REVIEW,C_ARCHIVE_OR_RESEARCH_DISCOVERY_POTENTIAL,LOW_UNTIL_ARCHIVE_CATALOG_RECEIVED,0,,,,REQUEST_MANUSCRIPT_AND_RESEARCH_LIBRARY_CATALOG; no route replacement yet,"Possible manuscript metadata, source copies, bibliographic leads or a future edition from the reported archive.","Specialist manuscript institutes, lineage permissions, critical editions and school-specific completeness.",Item-level rights review,https://gitapress.org/catalogue,Role is an acquisition overlay. It does not mark the target complete and does not merge distinct editions.
COR-0270,05 Darshana Theology Commentary,Shaiva Shakta and devotional theology,Shakta theology and goddess philosophy corpus,AGENT_DOWNLOAD_RIGHTS_REVIEW,C_ARCHIVE_OR_RESEARCH_DISCOVERY_POTENTIAL,LOW_UNTIL_ARCHIVE_CATALOG_RECEIVED,0,,,,REQUEST_MANUSCRIPT_AND_RESEARCH_LIBRARY_CATALOG; no route replacement yet,"Possible manuscript metadata, source copies, bibliographic leads or a future edition from the reported archive.","Specialist manuscript institutes, lineage permissions, critical editions and school-specific completeness.",Item-level rights review,https://gitapress.org/catalogue,Role is an acquisition overlay. It does not mark the target complete and does not merge distinct editions.
COR-0271,05 Darshana Theology Commentary,Shaiva Shakta and devotional theology,Pashupata and Lakulisha corpus,AGENT_DOWNLOAD_RIGHTS_REVIEW,C_ARCHIVE_OR_RESEARCH_DISCOVERY_POTENTIAL,LOW_UNTIL_ARCHIVE_CATALOG_RECEIVED,0,,,,REQUEST_MANUSCRIPT_AND_RESEARCH_LIBRARY_CATALOG; no route replacement yet,"Possible manuscript metadata, source copies, bibliographic leads or a future edition from the reported archive.","Specialist manuscript institutes, lineage permissions, critical editions and school-specific completeness.",Item-level rights review,https://gitapress.org/catalogue,Role is an acquisition overlay. It does not mark the target complete and does not merge distinct editions.
COR-0272,05 Darshana Theology Commentary,Shaiva Shakta and devotional theology,Shaiva Bhakti theological commentaries,AGENT_DOWNLOAD_RIGHTS_REVIEW,C_ARCHIVE_OR_RESEARCH_DISCOVERY_POTENTIAL,LOW_UNTIL_ARCHIVE_CATALOG_RECEIVED,0,,,,REQUEST_MANUSCRIPT_AND_RESEARCH_LIBRARY_CATALOG; no route replacement yet,"Possible manuscript metadata, source copies, bibliographic leads or a future edition from the reported archive.","Specialist manuscript institutes, lineage permissions, critical editions and school-specific completeness.",Item-level rights review,https://gitapress.org/catalogue,Role is an acquisition overlay. It does not mark the target complete and does not merge distinct editions.
COR-0273,05 Darshana Theology Commentary,Shaiva Shakta and devotional theology,Sri Vaishnava Rahasyatraya and commentary corpus,AGENT_DOWNLOAD_RIGHTS_REVIEW,C_ARCHIVE_OR_RESEARCH_DISCOVERY_POTENTIAL,LOW_UNTIL_ARCHIVE_CATALOG_RECEIVED,0,,,,REQUEST_MANUSCRIPT_AND_RESEARCH_LIBRARY_CATALOG; no route replacement yet,"Possible manuscript metadata, source copies, bibliographic leads or a future edition from the reported archive.","Specialist manuscript institutes, lineage permissions, critical editions and school-specific completeness.",Item-level rights review,https://gitapress.org/catalogue,Role is an acquisition overlay. It does not mark the target complete and does not merge distinct editions.
COR-0274,05 Darshana Theology Commentary,Shaiva Shakta and devotional theology,Gaudiya Goswami theological corpus,AGENT_DOWNLOAD_RIGHTS_REVIEW,C_ARCHIVE_OR_RESEARCH_DISCOVERY_POTENTIAL,LOW_UNTIL_ARCHIVE_CATALOG_RECEIVED,0,,,,REQUEST_MANUSCRIPT_AND_RESEARCH_LIBRARY_CATALOG; no route replacement yet,"Possible manuscript metadata, source copies, bibliographic leads or a future edition from the reported archive.","Specialist manuscript institutes, lineage permissions, critical editions and school-specific completeness.",Item-level rights review,https://gitapress.org/catalogue,Role is an acquisition overlay. It does not mark the target complete and does not merge distinct editions.
COR-0275,06 Dharma Conduct and Samskara,Dharmasutra and Smriti,Gautama Dharmasutra,AGENT_DOWNLOAD_RIGHTS_REVIEW,C_ARCHIVE_OR_RESEARCH_DISCOVERY_POTENTIAL,LOW_UNTIL_ARCHIVE_CATALOG_RECEIVED,0,,,,REQUEST_MANUSCRIPT_AND_RESEARCH_LIBRARY_CATALOG; no route replacement yet,"Possible manuscript metadata, source copies, bibliographic leads or a future edition from the reported archive.","Specialist manuscript institutes, lineage permissions, critical editions and school-specific completeness.",Item-level rights review,https://gitapress.org/catalogue,Role is an acquisition overlay. It does not mark the target complete and does not merge distinct editions.
COR-0276,06 Dharma Conduct and Samskara,Dharmasutra and Smriti,Baudhayana Dharmasutra,AGENT_DOWNLOAD_RIGHTS_REVIEW,C_ARCHIVE_OR_RESEARCH_DISCOVERY_POTENTIAL,LOW_UNTIL_ARCHIVE_CATALOG_RECEIVED,0,,,,REQUEST_MANUSCRIPT_AND_RESEARCH_LIBRARY_CATALOG; no route replacement yet,"Possible manuscript metadata, source copies, bibliographic leads or a future edition from the reported archive.","Specialist manuscript institutes, lineage permissions, critical editions and school-specific completeness.",Item-level rights review,https://gitapress.org/catalogue,Role is an acquisition overlay. It does not mark the target complete and does not merge distinct editions.
COR-0277,06 Dharma Conduct and Samskara,Dharmasutra and Smriti,Apastamba Dharmasutra,AGENT_DOWNLOAD_RIGHTS_REVIEW,C_ARCHIVE_OR_RESEARCH_DISCOVERY_POTENTIAL,LOW_UNTIL_ARCHIVE_CATALOG_RECEIVED,0,,,,REQUEST_MANUSCRIPT_AND_RESEARCH_LIBRARY_CATALOG; no route replacement yet,"Possible manuscript metadata, source copies, bibliographic leads or a future edition from the reported archive.","Specialist manuscript institutes, lineage permissions, critical editions and school-specific completeness.",Item-level rights review,https://gitapress.org/catalogue,Role is an acquisition overlay. It does not mark the target complete and does not merge distinct editions.
COR-0278,06 Dharma Conduct and Samskara,Dharmasutra and Smriti,Vasishtha Dharmasutra,AGENT_DOWNLOAD_RIGHTS_REVIEW,C_ARCHIVE_OR_RESEARCH_DISCOVERY_POTENTIAL,LOW_UNTIL_ARCHIVE_CATALOG_RECEIVED,0,,,,REQUEST_MANUSCRIPT_AND_RESEARCH_LIBRARY_CATALOG; no route replacement yet,"Possible manuscript metadata, source copies, bibliographic leads or a future edition from the reported archive.","Specialist manuscript institutes, lineage permissions, critical editions and school-specific completeness.",Item-level rights review,https://gitapress.org/catalogue,Role is an acquisition overlay. It does not mark the target complete and does not merge distinct editions.
COR-0279,06 Dharma Conduct and Samskara,Dharmasutra and Smriti,Manusmriti and major commentaries,AGENT_DOWNLOAD_RIGHTS_REVIEW,C_ARCHIVE_OR_RESEARCH_DISCOVERY_POTENTIAL,LOW_UNTIL_ARCHIVE_CATALOG_RECEIVED,0,,,,REQUEST_MANUSCRIPT_AND_RESEARCH_LIBRARY_CATALOG; no route replacement yet,"Possible manuscript metadata, source copies, bibliographic leads or a future edition from the reported archive.","Specialist manuscript institutes, lineage permissions, critical editions and school-specific completeness.",Item-level rights review,https://gitapress.org/catalogue,Role is an acquisition overlay. It does not mark the target complete and does not merge distinct editions.
COR-0280,06 Dharma Conduct and Samskara,Dharmasutra and Smriti,Yajnavalkya Smriti and major commentaries,AGENT_DOWNLOAD_RIGHTS_REVIEW,C_ARCHIVE_OR_RESEARCH_DISCOVERY_POTENTIAL,LOW_UNTIL_ARCHIVE_CATALOG_RECEIVED,0,,,,REQUEST_MANUSCRIPT_AND_RESEARCH_LIBRARY_CATALOG; no route replacement yet,"Possible manuscript metadata, source copies, bibliographic leads or a future edition from the reported archive.","Specialist manuscript institutes, lineage permissions, critical editions and school-specific completeness.",Item-level rights review,https://gitapress.org/catalogue,Role is an acquisition overlay. It does not mark the target complete and does not merge distinct editions.
COR-0281,06 Dharma Conduct and Samskara,Dharmasutra and Smriti,Narada Smriti,AGENT_DOWNLOAD_RIGHTS_REVIEW,B_SUPPLEMENTARY_PUBLISHED_SOURCE,MEDIUM,2,1183 | 2131,"Sankshipt Narada Purana  – Illustrated by | Language: Hindi | Code: 1183 | Sankshipt Narad Puran | Illustrated, Large Print Edition | Sacred Wisdom of Devarshi Narad | Language: Gujarati | Code: 2131",Puran Upanishad and Others,ADD_GITA_PRESS_AS_SUPPLEMENTARY_SOURCE; do not close the master target on this evidence alone,"A relevant published treatment, translation, commentary, story or devotional edition.",The complete multi-tradition corpus target and its non-Gita-Press versions.,Item-level rights review,https://gitapress.org/catalogue,Role is an acquisition overlay. It does not mark the target complete and does not merge distinct editions.
COR-0282,06 Dharma Conduct and Samskara,Dharmasutra and Smriti,Vishnu Smriti,AGENT_DOWNLOAD_RIGHTS_REVIEW,C_ARCHIVE_OR_RESEARCH_DISCOVERY_POTENTIAL,LOW_UNTIL_ARCHIVE_CATALOG_RECEIVED,0,,,,REQUEST_MANUSCRIPT_AND_RESEARCH_LIBRARY_CATALOG; no route replacement yet,"Possible manuscript metadata, source copies, bibliographic leads or a future edition from the reported archive.","Specialist manuscript institutes, lineage permissions, critical editions and school-specific completeness.",Item-level rights review,https://gitapress.org/catalogue,Role is an acquisition overlay. It does not mark the target complete and does not merge distinct editions.
COR-0283,06 Dharma Conduct and Samskara,Dharmasutra and Smriti,Parashara Smriti,AGENT_DOWNLOAD_RIGHTS_REVIEW,C_ARCHIVE_OR_RESEARCH_DISCOVERY_POTENTIAL,LOW_UNTIL_ARCHIVE_CATALOG_RECEIVED,0,,,,REQUEST_MANUSCRIPT_AND_RESEARCH_LIBRARY_CATALOG; no route replacement yet,"Possible manuscript metadata, source copies, bibliographic leads or a future edition from the reported archive.","Specialist manuscript institutes, lineage permissions, critical editions and school-specific completeness.",Item-level rights review,https://gitapress.org/catalogue,Role is an acquisition overlay. It does not mark the target complete and does not merge distinct editions.
COR-0284,06 Dharma Conduct and Samskara,Dharmasutra and Smriti,Brihaspati Smriti fragments,AGENT_DOWNLOAD_RIGHTS_REVIEW,D_NOT_A_REPLACEMENT,HIGH,0,,,,NO_PRIMARY_ROUTE_CHANGE; optionally add a Gita Press popular edition if catalog-matched,"Popular edition, translation, illustration or devotional explanation only where a matching product exists.","Critical/recensional evidence, population census, official calendrics, inscriptions, media rights or consented fieldwork.",Item-level rights review,https://gitapress.org/catalogue,Role is an acquisition overlay. It does not mark the target complete and does not merge distinct editions.
COR-0285,06 Dharma Conduct and Samskara,Dharmasutra and Smriti,Katyayana Smriti fragments,AGENT_DOWNLOAD_RIGHTS_REVIEW,D_NOT_A_REPLACEMENT,HIGH,0,,,,NO_PRIMARY_ROUTE_CHANGE; optionally add a Gita Press popular edition if catalog-matched,"Popular edition, translation, illustration or devotional explanation only where a matching product exists.","Critical/recensional evidence, population census, official calendrics, inscriptions, media rights or consented fieldwork.",Item-level rights review,https://gitapress.org/catalogue,Role is an acquisition overlay. It does not mark the target complete and does not merge distinct editions.
COR-0286,06 Dharma Conduct and Samskara,Dharmasutra and Smriti,Daksha Smriti,AGENT_DOWNLOAD_RIGHTS_REVIEW,C_ARCHIVE_OR_RESEARCH_DISCOVERY_POTENTIAL,LOW_UNTIL_ARCHIVE_CATALOG_RECEIVED,0,,,,REQUEST_MANUSCRIPT_AND_RESEARCH_LIBRARY_CATALOG; no route replacement yet,"Possible manuscript metadata, source copies, bibliographic leads or a future edition from the reported archive.","Specialist manuscript institutes, lineage permissions, critical editions and school-specific completeness.",Item-level rights review,https://gitapress.org/catalogue,Role is an acquisition overlay. It does not mark the target complete and does not merge distinct editions.
COR-0287,06 Dharma Conduct and Samskara,Dharmasutra and Smriti,Samvarta Smriti,AGENT_DOWNLOAD_RIGHTS_REVIEW,C_ARCHIVE_OR_RESEARCH_DISCOVERY_POTENTIAL,LOW_UNTIL_ARCHIVE_CATALOG_RECEIVED,0,,,,REQUEST_MANUSCRIPT_AND_RESEARCH_LIBRARY_CATALOG; no route replacement yet,"Possible manuscript metadata, source copies, bibliographic leads or a future edition from the reported archive.","Specialist manuscript institutes, lineage permissions, critical editions and school-specific completeness.",Item-level rights review,https://gitapress.org/catalogue,Role is an acquisition overlay. It does not mark the target complete and does not merge distinct editions.
COR-0288,06 Dharma Conduct and Samskara,Dharmasutra and Smriti,All minor Smritis — enumeration program,AGENT_DOWNLOAD_RIGHTS_REVIEW,C_ARCHIVE_OR_RESEARCH_DISCOVERY_POTENTIAL,LOW_UNTIL_ARCHIVE_CATALOG_RECEIVED,0,,,,REQUEST_MANUSCRIPT_AND_RESEARCH_LIBRARY_CATALOG; no route replacement yet,"Possible manuscript metadata, source copies, bibliographic leads or a future edition from the reported archive.","Specialist manuscript institutes, lineage permissions, critical editions and school-specific completeness.",Item-level rights review,https://gitapress.org/catalogue,Role is an acquisition overlay. It does not mark the target complete and does not merge distinct editions.
COR-0289,06 Dharma Conduct and Samskara,Nibandha and practice,Dharmashastra nibandha/digest corpus,AGENT_DOWNLOAD_RIGHTS_REVIEW,C_ARCHIVE_OR_RESEARCH_DISCOVERY_POTENTIAL,LOW_UNTIL_ARCHIVE_CATALOG_RECEIVED,0,,,,REQUEST_MANUSCRIPT_AND_RESEARCH_LIBRARY_CATALOG; no route replacement yet,"Possible manuscript metadata, source copies, bibliographic leads or a future edition from the reported archive.","Specialist manuscript institutes, lineage permissions, critical editions and school-specific completeness.",Item-level rights review,https://gitapress.org/catalogue,Role is an acquisition overlay. It does not mark the target complete and does not merge distinct editions.
COR-0290,06 Dharma Conduct and Samskara,Nibandha and practice,Mitakshara,AGENT_DOWNLOAD_RIGHTS_REVIEW,C_ARCHIVE_OR_RESEARCH_DISCOVERY_POTENTIAL,LOW_UNTIL_ARCHIVE_CATALOG_RECEIVED,0,,,,REQUEST_MANUSCRIPT_AND_RESEARCH_LIBRARY_CATALOG; no route replacement yet,"Possible manuscript metadata, source copies, bibliographic leads or a future edition from the reported archive.","Specialist manuscript institutes, lineage permissions, critical editions and school-specific completeness.",Item-level rights review,https://gitapress.org/catalogue,Role is an acquisition overlay. It does not mark the target complete and does not merge distinct editions.
COR-0291,06 Dharma Conduct and Samskara,Nibandha and practice,Dayabhaga,AGENT_DOWNLOAD_RIGHTS_REVIEW,C_ARCHIVE_OR_RESEARCH_DISCOVERY_POTENTIAL,LOW_UNTIL_ARCHIVE_CATALOG_RECEIVED,0,,,,REQUEST_MANUSCRIPT_AND_RESEARCH_LIBRARY_CATALOG; no route replacement yet,"Possible manuscript metadata, source copies, bibliographic leads or a future edition from the reported archive.","Specialist manuscript institutes, lineage permissions, critical editions and school-specific completeness.",Item-level rights review,https://gitapress.org/catalogue,Role is an acquisition overlay. It does not mark the target complete and does not merge distinct editions.
COR-0292,06 Dharma Conduct and Samskara,Nibandha and practice,Viramitrodaya,AGENT_DOWNLOAD_RIGHTS_REVIEW,C_ARCHIVE_OR_RESEARCH_DISCOVERY_POTENTIAL,LOW_UNTIL_ARCHIVE_CATALOG_RECEIVED,0,,,,REQUEST_MANUSCRIPT_AND_RESEARCH_LIBRARY_CATALOG; no route replacement yet,"Possible manuscript metadata, source copies, bibliographic leads or a future edition from the reported archive.","Specialist manuscript institutes, lineage permissions, critical editions and school-specific completeness.",Item-level rights review,https://gitapress.org/catalogue,Role is an acquisition overlay. It does not mark the target complete and does not merge distinct editions.
COR-0293,06 Dharma Conduct and Samskara,Nibandha and practice,Dharmasindhu,AGENT_DOWNLOAD_RIGHTS_REVIEW,C_ARCHIVE_OR_RESEARCH_DISCOVERY_POTENTIAL,LOW_UNTIL_ARCHIVE_CATALOG_RECEIVED,0,,,,REQUEST_MANUSCRIPT_AND_RESEARCH_LIBRARY_CATALOG; no route replacement yet,"Possible manuscript metadata, source copies, bibliographic leads or a future edition from the reported archive.","Specialist manuscript institutes, lineage permissions, critical editions and school-specific completeness.",Item-level rights review,https://gitapress.org/catalogue,Role is an acquisition overlay. It does not mark the target complete and does not merge distinct editions.
COR-0294,06 Dharma Conduct and Samskara,Nibandha and practice,Nirnayasindhu,AGENT_DOWNLOAD_RIGHTS_REVIEW,C_ARCHIVE_OR_RESEARCH_DISCOVERY_POTENTIAL,LOW_UNTIL_ARCHIVE_CATALOG_RECEIVED,0,,,,REQUEST_MANUSCRIPT_AND_RESEARCH_LIBRARY_CATALOG; no route replacement yet,"Possible manuscript metadata, source copies, bibliographic leads or a future edition from the reported archive.","Specialist manuscript institutes, lineage permissions, critical editions and school-specific completeness.",Item-level rights review,https://gitapress.org/catalogue,Role is an acquisition overlay. It does not mark the target complete and does not merge distinct editions.
COR-0295,06 Dharma Conduct and Samskara,Nibandha and practice,Smritichandrika,AGENT_DOWNLOAD_RIGHTS_REVIEW,C_ARCHIVE_OR_RESEARCH_DISCOVERY_POTENTIAL,LOW_UNTIL_ARCHIVE_CATALOG_RECEIVED,0,,,,REQUEST_MANUSCRIPT_AND_RESEARCH_LIBRARY_CATALOG; no route replacement yet,"Possible manuscript metadata, source copies, bibliographic leads or a future edition from the reported archive.","Specialist manuscript institutes, lineage permissions, critical editions and school-specific completeness.",Item-level rights review,https://gitapress.org/catalogue,Role is an acquisition overlay. It does not mark the target complete and does not merge distinct editions.
COR-0296,06 Dharma Conduct and Samskara,Nibandha and practice,Chaturvargachintamani,AGENT_DOWNLOAD_RIGHTS_REVIEW,C_ARCHIVE_OR_RESEARCH_DISCOVERY_POTENTIAL,LOW_UNTIL_ARCHIVE_CATALOG_RECEIVED,0,,,,REQUEST_MANUSCRIPT_AND_RESEARCH_LIBRARY_CATALOG; no route replacement yet,"Possible manuscript metadata, source copies, bibliographic leads or a future edition from the reported archive.","Specialist manuscript institutes, lineage permissions, critical editions and school-specific completeness.",Item-level rights review,https://gitapress.org/catalogue,Role is an acquisition overlay. It does not mark the target complete and does not merge distinct editions.
COR-0297,06 Dharma Conduct and Samskara,Nibandha and practice,Kane History of Dharmasastra,AGENT_DOWNLOAD_RIGHTS_REVIEW,C_ARCHIVE_OR_RESEARCH_DISCOVERY_POTENTIAL,LOW_UNTIL_ARCHIVE_CATALOG_RECEIVED,0,,,,REQUEST_MANUSCRIPT_AND_RESEARCH_LIBRARY_CATALOG; no route replacement yet,"Possible manuscript metadata, source copies, bibliographic leads or a future edition from the reported archive.","Specialist manuscript institutes, lineage permissions, critical editions and school-specific completeness.",Item-level rights review,https://gitapress.org/catalogue,Role is an acquisition overlay. It does not mark the target complete and does not merge distinct editions.
COR-0298,06 Dharma Conduct and Samskara,Nibandha and practice,Samskara manuals by Vedic school and region,AGENT_DOWNLOAD_RIGHTS_REVIEW,C_ARCHIVE_OR_RESEARCH_DISCOVERY_POTENTIAL,LOW_UNTIL_ARCHIVE_CATALOG_RECEIVED,0,,,,REQUEST_MANUSCRIPT_AND_RESEARCH_LIBRARY_CATALOG; no route replacement yet,"Possible manuscript metadata, source copies, bibliographic leads or a future edition from the reported archive.","Specialist manuscript institutes, lineage permissions, critical editions and school-specific completeness.",Item-level rights review,https://gitapress.org/catalogue,Role is an acquisition overlay. It does not mark the target complete and does not merge distinct editions.
COR-0299,06 Dharma Conduct and Samskara,Nibandha and practice,Antyeshti and shraddha manuals by tradition,AGENT_DOWNLOAD_RIGHTS_REVIEW,C_ARCHIVE_OR_RESEARCH_DISCOVERY_POTENTIAL,LOW_UNTIL_ARCHIVE_CATALOG_RECEIVED,0,,,,REQUEST_MANUSCRIPT_AND_RESEARCH_LIBRARY_CATALOG; no route replacement yet,"Possible manuscript metadata, source copies, bibliographic leads or a future edition from the reported archive.","Specialist manuscript institutes, lineage permissions, critical editions and school-specific completeness.",Item-level rights review,https://gitapress.org/catalogue,Role is an acquisition overlay. It does not mark the target complete and does not merge distinct editions.
COR-0300,06 Dharma Conduct and Samskara,Nibandha and practice,Prayashchitta manuals,AGENT_DOWNLOAD_RIGHTS_REVIEW,C_ARCHIVE_OR_RESEARCH_DISCOVERY_POTENTIAL,LOW_UNTIL_ARCHIVE_CATALOG_RECEIVED,0,,,,REQUEST_MANUSCRIPT_AND_RESEARCH_LIBRARY_CATALOG; no route replacement yet,"Possible manuscript metadata, source copies, bibliographic leads or a future edition from the reported archive.","Specialist manuscript institutes, lineage permissions, critical editions and school-specific completeness.",Item-level rights review,https://gitapress.org/catalogue,Role is an acquisition overlay. It does not mark the target complete and does not merge distinct editions.
COR-0301,06 Dharma Conduct and Samskara,Nibandha and practice,Dana and vrata manuals,AGENT_DOWNLOAD_RIGHTS_REVIEW,C_ARCHIVE_OR_RESEARCH_DISCOVERY_POTENTIAL,LOW_UNTIL_ARCHIVE_CATALOG_RECEIVED,0,,,,REQUEST_MANUSCRIPT_AND_RESEARCH_LIBRARY_CATALOG; no route replacement yet,"Possible manuscript metadata, source copies, bibliographic leads or a future edition from the reported archive.","Specialist manuscript institutes, lineage permissions, critical editions and school-specific completeness.",Item-level rights review,https://gitapress.org/catalogue,Role is an acquisition overlay. It does not mark the target complete and does not merge distinct editions.
COR-0302,07 Bhakti and Vernacular,Tamil,Nalayira Divya Prabandham with commentaries,AGENT_DOWNLOAD_RIGHTS_REVIEW,D_NOT_A_REPLACEMENT,HIGH,0,,,,NO_ROUTE_CHANGE,Only incidental or contextual Gita Press material if later identified.,The target's primary source population.,Item-level rights review,https://gitapress.org/catalogue,Role is an acquisition overlay. It does not mark the target complete and does not merge distinct editions.
COR-0303,07 Bhakti and Vernacular,Tamil,Tiruppavai commentarial corpus,AGENT_DOWNLOAD_RIGHTS_REVIEW,D_NOT_A_REPLACEMENT,HIGH,0,,,,NO_ROUTE_CHANGE,Only incidental or contextual Gita Press material if later identified.,The target's primary source population.,Item-level rights review,https://gitapress.org/catalogue,Role is an acquisition overlay. It does not mark the target complete and does not merge distinct editions.
COR-0304,07 Bhakti and Vernacular,Tamil,Tiruvaymoli commentarial corpus,AGENT_DOWNLOAD_RIGHTS_REVIEW,D_NOT_A_REPLACEMENT,HIGH,0,,,,NO_ROUTE_CHANGE,Only incidental or contextual Gita Press material if later identified.,The target's primary source population.,Item-level rights review,https://gitapress.org/catalogue,Role is an acquisition overlay. It does not mark the target complete and does not merge distinct editions.
COR-0305,07 Bhakti and Vernacular,Tamil,Twelve Tirumurai complete canon,AGENT_DOWNLOAD_RIGHTS_REVIEW,D_NOT_A_REPLACEMENT,HIGH,0,,,,NO_ROUTE_CHANGE,Only incidental or contextual Gita Press material if later identified.,The target's primary source population.,Item-level rights review,https://gitapress.org/catalogue,Role is an acquisition overlay. It does not mark the target complete and does not merge distinct editions.
COR-0306,07 Bhakti and Vernacular,Tamil,Tevaram complete corpus,AGENT_DOWNLOAD_RIGHTS_REVIEW,D_NOT_A_REPLACEMENT,HIGH,0,,,,NO_ROUTE_CHANGE,Only incidental or contextual Gita Press material if later identified.,The target's primary source population.,Item-level rights review,https://gitapress.org/catalogue,Role is an acquisition overlay. It does not mark the target complete and does not merge distinct editions.
COR-0307,07 Bhakti and Vernacular,Tamil,Tiruvacakam,AGENT_DOWNLOAD_RIGHTS_REVIEW,D_NOT_A_REPLACEMENT,HIGH,0,,,,NO_ROUTE_CHANGE,Only incidental or contextual Gita Press material if later identified.,The target's primary source population.,Item-level rights review,https://gitapress.org/catalogue,Role is an acquisition overlay. It does not mark the target complete and does not merge distinct editions.
COR-0308,07 Bhakti and Vernacular,Tamil,Periyapuranam,AGENT_DOWNLOAD_RIGHTS_REVIEW,D_NOT_A_REPLACEMENT,HIGH,0,,,,NO_ROUTE_CHANGE,Only incidental or contextual Gita Press material if later identified.,The target's primary source population.,Item-level rights review,https://gitapress.org/catalogue,Role is an acquisition overlay. It does not mark the target complete and does not merge distinct editions.
COR-0309,07 Bhakti and Vernacular,Tamil,Tirumantiram,AGENT_DOWNLOAD_RIGHTS_REVIEW,D_NOT_A_REPLACEMENT,HIGH,0,,,,NO_ROUTE_CHANGE,Only incidental or contextual Gita Press material if later identified.,The target's primary source population.,Item-level rights review,https://gitapress.org/catalogue,Role is an acquisition overlay. It does not mark the target complete and does not merge distinct editions.
COR-0310,07 Bhakti and Vernacular,Tamil,Abhirami Antati,AGENT_DOWNLOAD_RIGHTS_REVIEW,D_NOT_A_REPLACEMENT,HIGH,0,,,,NO_ROUTE_CHANGE,Only incidental or contextual Gita Press material if later identified.,The target's primary source population.,Item-level rights review,https://gitapress.org/catalogue,Role is an acquisition overlay. It does not mark the target complete and does not merge distinct editions.
COR-0311,07 Bhakti and Vernacular,Tamil,Kandar Anubhuti and Tiruppugazh,AGENT_DOWNLOAD_RIGHTS_REVIEW,D_NOT_A_REPLACEMENT,HIGH,0,,,,NO_ROUTE_CHANGE,Only incidental or contextual Gita Press material if later identified.,The target's primary source population.,Item-level rights review,https://gitapress.org/catalogue,Role is an acquisition overlay. It does not mark the target complete and does not merge distinct editions.
COR-0312,07 Bhakti and Vernacular,Tamil,Tamil Ramalinga Vallalar/Tiruvarutpa corpus,AGENT_DOWNLOAD_RIGHTS_REVIEW,D_NOT_A_REPLACEMENT,HIGH,0,,,,NO_ROUTE_CHANGE,Only incidental or contextual Gita Press material if later identified.,The target's primary source population.,Item-level rights review,https://gitapress.org/catalogue,Role is an acquisition overlay. It does not mark the target complete and does not merge distinct editions.
COR-0313,07 Bhakti and Vernacular,Tamil,Tamil temple talapuranam corpus,AGENT_DOWNLOAD_RIGHTS_REVIEW,D_NOT_A_REPLACEMENT,HIGH,0,,,,NO_ROUTE_CHANGE,Only incidental or contextual Gita Press material if later identified.,The target's primary source population.,Item-level rights review,https://gitapress.org/catalogue,Role is an acquisition overlay. It does not mark the target complete and does not merge distinct editions.
COR-0314,07 Bhakti and Vernacular,Kannada,Vachana Sahitya complete corpora by vachanakara,AGENT_DOWNLOAD_RIGHTS_REVIEW,D_NOT_A_REPLACEMENT,HIGH,0,,,,NO_ROUTE_CHANGE,Only incidental or contextual Gita Press material if later identified.,The target's primary source population.,Item-level rights review,https://gitapress.org/catalogue,Role is an acquisition overlay. It does not mark the target complete and does not merge distinct editions.
COR-0315,07 Bhakti and Vernacular,Kannada,Basava Vachanas,AGENT_DOWNLOAD_RIGHTS_REVIEW,D_NOT_A_REPLACEMENT,HIGH,0,,,,NO_ROUTE_CHANGE,Only incidental or contextual Gita Press material if later identified.,The target's primary source population.,Item-level rights review,https://gitapress.org/catalogue,Role is an acquisition overlay. It does not mark the target complete and does not merge distinct editions.
COR-0316,07 Bhakti and Vernacular,Kannada,Allama Prabhu Vachanas,AGENT_DOWNLOAD_RIGHTS_REVIEW,D_NOT_A_REPLACEMENT,HIGH,0,,,,NO_ROUTE_CHANGE,Only incidental or contextual Gita Press material if later identified.,The target's primary source population.,Item-level rights review,https://gitapress.org/catalogue,Role is an acquisition overlay. It does not mark the target complete and does not merge distinct editions.
COR-0317,07 Bhakti and Vernacular,Kannada,Akka Mahadevi Vachanas,AGENT_DOWNLOAD_RIGHTS_REVIEW,D_NOT_A_REPLACEMENT,HIGH,0,,,,NO_ROUTE_CHANGE,Only incidental or contextual Gita Press material if later identified.,The target's primary source population.,Item-level rights review,https://gitapress.org/catalogue,Role is an acquisition overlay. It does not mark the target complete and does not merge distinct editions.
COR-0318,07 Bhakti and Vernacular,Kannada,Shunya Sampadane recensions,AGENT_DOWNLOAD_RIGHTS_REVIEW,D_NOT_A_REPLACEMENT,HIGH,0,,,,NO_PRIMARY_ROUTE_CHANGE; optionally add a Gita Press popular edition if catalog-matched,"Popular edition, translation, illustration or devotional explanation only where a matching product exists.","Critical/recensional evidence, population census, official calendrics, inscriptions, media rights or consented fieldwork.",Item-level rights review,https://gitapress.org/catalogue,Role is an acquisition overlay. It does not mark the target complete and does not merge distinct editions.
COR-0319,07 Bhakti and Vernacular,Kannada,Haridasa Sahitya complete corpus,AGENT_DOWNLOAD_RIGHTS_REVIEW,D_NOT_A_REPLACEMENT,HIGH,0,,,,NO_ROUTE_CHANGE,Only incidental or contextual Gita Press material if later identified.,The target's primary source population.,Item-level rights review,https://gitapress.org/catalogue,Role is an acquisition overlay. It does not mark the target complete and does not merge distinct editions.
COR-0320,07 Bhakti and Vernacular,Kannada,Purandara Dasa songs,AGENT_DOWNLOAD_RIGHTS_REVIEW,D_NOT_A_REPLACEMENT,HIGH,0,,,,NO_ROUTE_CHANGE,Only incidental or contextual Gita Press material if later identified.,The target's primary source population.,Item-level rights review,https://gitapress.org/catalogue,Role is an acquisition overlay. It does not mark the target complete and does not merge distinct editions.
COR-0321,07 Bhakti and Vernacular,Kannada,Kanaka Dasa works,AGENT_DOWNLOAD_RIGHTS_REVIEW,D_NOT_A_REPLACEMENT,HIGH,0,,,,NO_ROUTE_CHANGE,Only incidental or contextual Gita Press material if later identified.,The target's primary source population.,Item-level rights review,https://gitapress.org/catalogue,Role is an acquisition overlay. It does not mark the target complete and does not merge distinct editions.
COR-0322,07 Bhakti and Vernacular,Kannada,Dasa Sahitya musical/audio corpus,AGENT_DOWNLOAD_RIGHTS_REVIEW,D_NOT_A_REPLACEMENT,HIGH,0,,,,NO_ROUTE_CHANGE,Only incidental or contextual Gita Press material if later identified.,The target's primary source population.,Item-level rights review,https://gitapress.org/catalogue,Role is an acquisition overlay. It does not mark the target complete and does not merge distinct editions.
COR-0323,07 Bhakti and Vernacular,Telugu,Pothana Andhra Mahabhagavatamu,AGENT_DOWNLOAD_RIGHTS_REVIEW,A_DIRECT_PUBLISHED_EDITION_CANDIDATE,MEDIUM,1,1767,Sri Potana Bhagavatha Madhurimalu (Telugu) | Gita Press Gorakhpur | Pothana Bhagavatam Explained Edition | Language: Telugu | Size: Medium (पुस्तकाकार) | Code: 1767,Puran Upanishad and Others,PARTNERSHIP_FIRST_FOR_GITA_PRESS_EDITION; retain other editions and witnesses as separate requirements,"Catalog metadata, print/digital master, complete Gita Press edition, language variants, cover/illustrations and update history—subject to agreement.","Other publishers, critical editions, regional recensions not in catalog, or manuscript witnesses.",Item-level rights review,https://gitapress.org/catalogue,Role is an acquisition overlay. It does not mark the target complete and does not merge distinct editions.
COR-0324,07 Bhakti and Vernacular,Telugu,Annamacharya sankirtana complete corpus,AGENT_DOWNLOAD_RIGHTS_REVIEW,D_NOT_A_REPLACEMENT,HIGH,0,,,,NO_ROUTE_CHANGE,Only incidental or contextual Gita Press material if later identified.,The target's primary source population.,Item-level rights review,https://gitapress.org/catalogue,Role is an acquisition overlay. It does not mark the target complete and does not merge distinct editions.
COR-0325,07 Bhakti and Vernacular,Telugu,Tyagaraja kriti complete textual and audio corpus,AGENT_DOWNLOAD_RIGHTS_REVIEW,D_NOT_A_REPLACEMENT,HIGH,0,,,,NO_ROUTE_CHANGE,Only incidental or contextual Gita Press material if later identified.,The target's primary source population.,Item-level rights review,https://gitapress.org/catalogue,Role is an acquisition overlay. It does not mark the target complete and does not merge distinct editions.
COR-0326,07 Bhakti and Vernacular,Telugu,Bhadrachala Ramadasu kritis,AGENT_DOWNLOAD_RIGHTS_REVIEW,D_NOT_A_REPLACEMENT,HIGH,0,,,,NO_ROUTE_CHANGE,Only incidental or contextual Gita Press material if later identified.,The target's primary source population.,Item-level rights review,https://gitapress.org/catalogue,Role is an acquisition overlay. It does not mark the target complete and does not merge distinct editions.
COR-0327,07 Bhakti and Vernacular,Telugu,Tallapaka poets corpus,AGENT_DOWNLOAD_RIGHTS_REVIEW,D_NOT_A_REPLACEMENT,HIGH,0,,,,NO_ROUTE_CHANGE,Only incidental or contextual Gita Press material if later identified.,The target's primary source population.,Item-level rights review,https://gitapress.org/catalogue,Role is an acquisition overlay. It does not mark the target complete and does not merge distinct editions.
COR-0328,07 Bhakti and Vernacular,Telugu,Vemana Satakam,AGENT_DOWNLOAD_RIGHTS_REVIEW,D_NOT_A_REPLACEMENT,HIGH,0,,,,NO_ROUTE_CHANGE,Only incidental or contextual Gita Press material if later identified.,The target's primary source population.,Item-level rights review,https://gitapress.org/catalogue,Role is an acquisition overlay. It does not mark the target complete and does not merge distinct editions.
COR-0329,07 Bhakti and Vernacular,Telugu,Telugu temple and vrata literature corpus,AGENT_DOWNLOAD_RIGHTS_REVIEW,D_NOT_A_REPLACEMENT,HIGH,0,,,,NO_ROUTE_CHANGE,Only incidental or contextual Gita Press material if later identified.,The target's primary source population.,Item-level rights review,https://gitapress.org/catalogue,Role is an acquisition overlay. It does not mark the target complete and does not merge distinct editions.
COR-0330,07 Bhakti and Vernacular,Marathi,Jnaneshwari/Bhavarthadipika,AGENT_DOWNLOAD_RIGHTS_REVIEW,A_DIRECT_PUBLISHED_EDITION_CANDIDATE,HIGH,2,859 | 1728,Shri Jnaneshwari (Parayan Prat) Marathi - Commentary on Bhagavad Gita by Sant Jnaneshwar | Gita Press Gorakhpur Publication | Sarth Gyanaswari – Authentic Commentary on Jnaneshwari | Language: Kannada | Code: 1728,Shrimad Bhagvadgita,PARTNERSHIP_FIRST_FOR_GITA_PRESS_EDITION; retain other editions and witnesses as separate requirements,"Catalog metadata, print/digital master, complete Gita Press edition, language variants, cover/illustrations and update history—subject to agreement.","Other publishers, critical editions, regional recensions not in catalog, or manuscript witnesses.",Item-level rights review,https://gitapress.org/catalogue,Role is an acquisition overlay. It does not mark the target complete and does not merge distinct editions.
COR-0331,07 Bhakti and Vernacular,Marathi,Amritanubhava,AGENT_DOWNLOAD_RIGHTS_REVIEW,D_NOT_A_REPLACEMENT,HIGH,0,,,,NO_ROUTE_CHANGE,Only incidental or contextual Gita Press material if later identified.,The target's primary source population.,Item-level rights review,https://gitapress.org/catalogue,Role is an acquisition overlay. It does not mark the target complete and does not merge distinct editions.
COR-0332,07 Bhakti and Vernacular,Marathi,Tukaram Gatha complete corpus,AGENT_DOWNLOAD_RIGHTS_REVIEW,D_NOT_A_REPLACEMENT,HIGH,0,,,,NO_ROUTE_CHANGE,Only incidental or contextual Gita Press material if later identified.,The target's primary source population.,Item-level rights review,https://gitapress.org/catalogue,Role is an acquisition overlay. It does not mark the target complete and does not merge distinct editions.
COR-0333,07 Bhakti and Vernacular,Marathi,Eknathi Bhagavata,AGENT_DOWNLOAD_RIGHTS_REVIEW,A_DIRECT_PUBLISHED_EDITION_CANDIDATE,MEDIUM,1,853,Shri Eknathi Bhagwat (Mool)-Original Marathi Scripture | Teachings of Sant Eknath | Language: Marathi | Code: 853,Puran Upanishad and Others,PARTNERSHIP_FIRST_FOR_GITA_PRESS_EDITION; retain other editions and witnesses as separate requirements,"Catalog metadata, print/digital master, complete Gita Press edition, language variants, cover/illustrations and update history—subject to agreement.","Other publishers, critical editions, regional recensions not in catalog, or manuscript witnesses.",Item-level rights review,https://gitapress.org/catalogue,Role is an acquisition overlay. It does not mark the target complete and does not merge distinct editions.
COR-0334,07 Bhakti and Vernacular,Marathi,Eknath Gatha and Bharuds,AGENT_DOWNLOAD_RIGHTS_REVIEW,D_NOT_A_REPLACEMENT,HIGH,0,,,,NO_ROUTE_CHANGE,Only incidental or contextual Gita Press material if later identified.,The target's primary source population.,Item-level rights review,https://gitapress.org/catalogue,Role is an acquisition overlay. It does not mark the target complete and does not merge distinct editions.
COR-0335,07 Bhakti and Vernacular,Marathi,Namdev Abhangas and recensions,AGENT_DOWNLOAD_RIGHTS_REVIEW,D_NOT_A_REPLACEMENT,HIGH,0,,,,NO_PRIMARY_ROUTE_CHANGE; optionally add a Gita Press popular edition if catalog-matched,"Popular edition, translation, illustration or devotional explanation only where a matching product exists.","Critical/recensional evidence, population census, official calendrics, inscriptions, media rights or consented fieldwork.",Item-level rights review,https://gitapress.org/catalogue,Role is an acquisition overlay. It does not mark the target complete and does not merge distinct editions.
COR-0336,07 Bhakti and Vernacular,Marathi,Dasbodh,AGENT_DOWNLOAD_RIGHTS_REVIEW,D_NOT_A_REPLACEMENT,HIGH,0,,,,NO_ROUTE_CHANGE,Only incidental or contextual Gita Press material if later identified.,The target's primary source population.,Item-level rights review,https://gitapress.org/catalogue,Role is an acquisition overlay. It does not mark the target complete and does not merge distinct editions.
COR-0337,07 Bhakti and Vernacular,Marathi,Manache Shlok,AGENT_DOWNLOAD_RIGHTS_REVIEW,D_NOT_A_REPLACEMENT,HIGH,0,,,,NO_ROUTE_CHANGE,Only incidental or contextual Gita Press material if later identified.,The target's primary source population.,Item-level rights review,https://gitapress.org/catalogue,Role is an acquisition overlay. It does not mark the target complete and does not merge distinct editions.
COR-0338,07 Bhakti and Vernacular,Marathi,Guru Charitra,AGENT_DOWNLOAD_RIGHTS_REVIEW,D_NOT_A_REPLACEMENT,HIGH,0,,,,NO_ROUTE_CHANGE,Only incidental or contextual Gita Press material if later identified.,The target's primary source population.,Item-level rights review,https://gitapress.org/catalogue,Role is an acquisition overlay. It does not mark the target complete and does not merge distinct editions.
COR-0339,07 Bhakti and Vernacular,Marathi,Mahanubhava Lilacharitra corpus,AGENT_DOWNLOAD_RIGHTS_REVIEW,D_NOT_A_REPLACEMENT,HIGH,0,,,,NO_ROUTE_CHANGE,Only incidental or contextual Gita Press material if later identified.,The target's primary source population.,Item-level rights review,https://gitapress.org/catalogue,Role is an acquisition overlay. It does not mark the target complete and does not merge distinct editions.
COR-0340,07 Bhakti and Vernacular,Marathi,Varkari oral kirtan and abhang performance corpus,AGENT_DOWNLOAD_RIGHTS_REVIEW,D_NOT_A_REPLACEMENT,HIGH,0,,,,NO_ROUTE_CHANGE,Only incidental or contextual Gita Press material if later identified.,The target's primary source population.,Item-level rights review,https://gitapress.org/catalogue,Role is an acquisition overlay. It does not mark the target complete and does not merge distinct editions.
COR-0341,07 Bhakti and Vernacular,Hindi Braj Awadhi Rajasthani,Ramcharitmanas with major commentaries,AGENT_DOWNLOAD_RIGHTS_REVIEW,A_DIRECT_PUBLISHED_EDITION_CANDIDATE,HIGH,29,80 | 81 | 82 | 83 | 84 | 85 | 87 | 88 | 89 | 90 | 91 | 92 | 93 | 98 | 99 | 100 | 1095 | 1402 | 1419 | 1436,"Shri Ramcharitmanas Hindi – Illustrated, Annotated & Large Edition | Gita Press Gorakhpur Publication | Shri Ramcharitmanas Hindi – Illustrated | Annotated | Bold Print | Large Edition | Gita Press Gorakhpur Publication | Shri Ramcharitmanas Hindi – Annotated, Medium Size Edition | Gita Press Gorakhpur Publication | Shri Ramcharitmanas Hindi – Large Print Original Text Only | Gita Press Gorakhpur Publication | Shri Ramcharitmanas Hindi – Original Text, Medium Size Edition | Gita Press Gorakhpur Publication | Shri Ramcharitmanas Hindi – Original Text Edition | Gita Press Gorakhpur Publication | Manas-Piyush (Khanda 1–7) – Ramcharitmanas Tika Set | Language: Hindi | Code: 87 | Manas-Piyush (Khanda 2–7) – Ramcharitmanas Tika Set | Language: Hindi | Code: 88",Ramchritmanas,PARTNERSHIP_FIRST_FOR_GITA_PRESS_EDITION; retain other editions and witnesses as separate requirements,"Catalog metadata, print/digital master, complete Gita Press edition, language variants, cover/illustrations and update history—subject to agreement.","Other publishers, critical editions, regional recensions not in catalog, or manuscript witnesses.",Item-level rights review,https://gitapress.org/catalogue,Role is an acquisition overlay. It does not mark the target complete and does not merge distinct editions.
COR-0342,07 Bhakti and Vernacular,Hindi Braj Awadhi Rajasthani,Vinaya Patrika,AGENT_DOWNLOAD_RIGHTS_REVIEW,D_NOT_A_REPLACEMENT,HIGH,0,,,,NO_ROUTE_CHANGE,Only incidental or contextual Gita Press material if later identified.,The target's primary source population.,Item-level rights review,https://gitapress.org/catalogue,Role is an acquisition overlay. It does not mark the target complete and does not merge distinct editions.
COR-0343,07 Bhakti and Vernacular,Hindi Braj Awadhi Rajasthani,Kavitavali,AGENT_DOWNLOAD_RIGHTS_REVIEW,D_NOT_A_REPLACEMENT,HIGH,0,,,,NO_ROUTE_CHANGE,Only incidental or contextual Gita Press material if later identified.,The target's primary source population.,Item-level rights review,https://gitapress.org/catalogue,Role is an acquisition overlay. It does not mark the target complete and does not merge distinct editions.
COR-0344,07 Bhakti and Vernacular,Hindi Braj Awadhi Rajasthani,Gitavali,AGENT_DOWNLOAD_RIGHTS_REVIEW,D_NOT_A_REPLACEMENT,HIGH,0,,,,NO_ROUTE_CHANGE,Only incidental or contextual Gita Press material if later identified.,The target's primary source population.,Item-level rights review,https://gitapress.org/catalogue,Role is an acquisition overlay. It does not mark the target complete and does not merge distinct editions.
COR-0345,07 Bhakti and Vernacular,Hindi Braj Awadhi Rajasthani,Sursagar and Surdas textual recensions,AGENT_DOWNLOAD_RIGHTS_REVIEW,D_NOT_A_REPLACEMENT,HIGH,0,,,,NO_PRIMARY_ROUTE_CHANGE; optionally add a Gita Press popular edition if catalog-matched,"Popular edition, translation, illustration or devotional explanation only where a matching product exists.","Critical/recensional evidence, population census, official calendrics, inscriptions, media rights or consented fieldwork.",Item-level rights review,https://gitapress.org/catalogue,Role is an acquisition overlay. It does not mark the target complete and does not merge distinct editions.
COR-0346,07 Bhakti and Vernacular,Hindi Braj Awadhi Rajasthani,Kabir Bijak recensions,AGENT_DOWNLOAD_RIGHTS_REVIEW,D_NOT_A_REPLACEMENT,HIGH,0,,,,NO_PRIMARY_ROUTE_CHANGE; optionally add a Gita Press popular edition if catalog-matched,"Popular edition, translation, illustration or devotional explanation only where a matching product exists.","Critical/recensional evidence, population census, official calendrics, inscriptions, media rights or consented fieldwork.",Item-level rights review,https://gitapress.org/catalogue,Role is an acquisition overlay. It does not mark the target complete and does not merge distinct editions.
COR-0347,07 Bhakti and Vernacular,Hindi Braj Awadhi Rajasthani,Kabir Granthavali,AGENT_DOWNLOAD_RIGHTS_REVIEW,D_NOT_A_REPLACEMENT,HIGH,0,,,,NO_ROUTE_CHANGE,Only incidental or contextual Gita Press material if later identified.,The target's primary source population.,Item-level rights review,https://gitapress.org/catalogue,Role is an acquisition overlay. It does not mark the target complete and does not merge distinct editions.
COR-0348,07 Bhakti and Vernacular,Hindi Braj Awadhi Rajasthani,Mirabai pada corpus and regional recensions,AGENT_DOWNLOAD_RIGHTS_REVIEW,D_NOT_A_REPLACEMENT,HIGH,0,,,,NO_PRIMARY_ROUTE_CHANGE; optionally add a Gita Press popular edition if catalog-matched,"Popular edition, translation, illustration or devotional explanation only where a matching product exists.","Critical/recensional evidence, population census, official calendrics, inscriptions, media rights or consented fieldwork.",Item-level rights review,https://gitapress.org/catalogue,Role is an acquisition overlay. It does not mark the target complete and does not merge distinct editions.
COR-0349,07 Bhakti and Vernacular,Hindi Braj Awadhi Rajasthani,Nabhadas Bhaktamal and commentaries,AGENT_DOWNLOAD_RIGHTS_REVIEW,D_NOT_A_REPLACEMENT,HIGH,0,,,,NO_ROUTE_CHANGE,Only incidental or contextual Gita Press material if later identified.,The target's primary source population.,Item-level rights review,https://gitapress.org/catalogue,Role is an acquisition overlay. It does not mark the target complete and does not merge distinct editions.
COR-0350,07 Bhakti and Vernacular,Hindi Braj Awadhi Rajasthani,Raskhan corpus,AGENT_DOWNLOAD_RIGHTS_REVIEW,D_NOT_A_REPLACEMENT,HIGH,0,,,,NO_ROUTE_CHANGE,Only incidental or contextual Gita Press material if later identified.,The target's primary source population.,Item-level rights review,https://gitapress.org/catalogue,Role is an acquisition overlay. It does not mark the target complete and does not merge distinct editions.
COR-0351,07 Bhakti and Vernacular,Hindi Braj Awadhi Rajasthani,Ramanandi literature,AGENT_DOWNLOAD_RIGHTS_REVIEW,D_NOT_A_REPLACEMENT,HIGH,0,,,,NO_ROUTE_CHANGE,Only incidental or contextual Gita Press material if later identified.,The target's primary source population.,Item-level rights review,https://gitapress.org/catalogue,Role is an acquisition overlay. It does not mark the target complete and does not merge distinct editions.
COR-0352,07 Bhakti and Vernacular,Hindi Braj Awadhi Rajasthani,Dadu Dayal Vani,AGENT_DOWNLOAD_RIGHTS_REVIEW,D_NOT_A_REPLACEMENT,HIGH,0,,,,NO_ROUTE_CHANGE,Only incidental or contextual Gita Press material if later identified.,The target's primary source population.,Item-level rights review,https://gitapress.org/catalogue,Role is an acquisition overlay. It does not mark the target complete and does not merge distinct editions.
COR-0353,07 Bhakti and Vernacular,Hindi Braj Awadhi Rajasthani,Charandas and regional sant corpora,AGENT_DOWNLOAD_RIGHTS_REVIEW,D_NOT_A_REPLACEMENT,HIGH,0,,,,NO_ROUTE_CHANGE,Only incidental or contextual Gita Press material if later identified.,The target's primary source population.,Item-level rights review,https://gitapress.org/catalogue,Role is an acquisition overlay. It does not mark the target complete and does not merge distinct editions.
COR-0354,07 Bhakti and Vernacular,Bengali Assamese Odia,Chaitanya Charitamrita,AGENT_DOWNLOAD_RIGHTS_REVIEW,A_DIRECT_PUBLISHED_EDITION_CANDIDATE,HIGH,2,123 | 1662,Shri Shri Chaitanya Charitavali (Hindi) | Life & Teachings of Mahaprabhu Chaitanya | Language: Hindi | Code: 123 | Sri Chaitnya Chritamrit | Language: Bangla | Code: 1662,Devotee Characters | Puran Upanishad and Others,PARTNERSHIP_FIRST_FOR_GITA_PRESS_EDITION; retain other editions and witnesses as separate requirements,"Catalog metadata, print/digital master, complete Gita Press edition, language variants, cover/illustrations and update history—subject to agreement.","Other publishers, critical editions, regional recensions not in catalog, or manuscript witnesses.",Item-level rights review,https://gitapress.org/catalogue,Role is an acquisition overlay. It does not mark the target complete and does not merge distinct editions.
COR-0355,07 Bhakti and Vernacular,Bengali Assamese Odia,Chaitanya Bhagavata,AGENT_DOWNLOAD_RIGHTS_REVIEW,A_DIRECT_PUBLISHED_EDITION_CANDIDATE,MEDIUM,1,2274,Srichaitanya Bhagwat  (Bangla),Puran Upanishad and Others,PARTNERSHIP_FIRST_FOR_GITA_PRESS_EDITION; retain other editions and witnesses as separate requirements,"Catalog metadata, print/digital master, complete Gita Press edition, language variants, cover/illustrations and update history—subject to agreement.","Other publishers, critical editions, regional recensions not in catalog, or manuscript witnesses.",Item-level rights review,https://gitapress.org/catalogue,Role is an acquisition overlay. It does not mark the target complete and does not merge distinct editions.
COR-0356,07 Bhakti and Vernacular,Bengali Assamese Odia,Gaudiya Vaishnava Padavali corpus,AGENT_DOWNLOAD_RIGHTS_REVIEW,D_NOT_A_REPLACEMENT,HIGH,0,,,,NO_ROUTE_CHANGE,Only incidental or contextual Gita Press material if later identified.,The target's primary source population.,Item-level rights review,https://gitapress.org/catalogue,Role is an acquisition overlay. It does not mark the target complete and does not merge distinct editions.
COR-0357,07 Bhakti and Vernacular,Bengali Assamese Odia,Shakta Padavali and Ramprasad Sen corpus,AGENT_DOWNLOAD_RIGHTS_REVIEW,D_NOT_A_REPLACEMENT,HIGH,0,,,,NO_ROUTE_CHANGE,Only incidental or contextual Gita Press material if later identified.,The target's primary source population.,Item-level rights review,https://gitapress.org/catalogue,Role is an acquisition overlay. It does not mark the target complete and does not merge distinct editions.
COR-0358,07 Bhakti and Vernacular,Bengali Assamese Odia,Mangal Kavya corpus,AGENT_DOWNLOAD_RIGHTS_REVIEW,D_NOT_A_REPLACEMENT,HIGH,0,,,,NO_ROUTE_CHANGE,Only incidental or contextual Gita Press material if later identified.,The target's primary source population.,Item-level rights review,https://gitapress.org/catalogue,Role is an acquisition overlay. It does not mark the target complete and does not merge distinct editions.
COR-0359,07 Bhakti and Vernacular,Bengali Assamese Odia,Kirtan Ghoxa,AGENT_DOWNLOAD_RIGHTS_REVIEW,D_NOT_A_REPLACEMENT,HIGH,0,,,,NO_ROUTE_CHANGE,Only incidental or contextual Gita Press material if later identified.,The target's primary source population.,Item-level rights review,https://gitapress.org/catalogue,Role is an acquisition overlay. It does not mark the target complete and does not merge distinct editions.
COR-0360,07 Bhakti and Vernacular,Bengali Assamese Odia,Nam Ghoxa,AGENT_DOWNLOAD_RIGHTS_REVIEW,D_NOT_A_REPLACEMENT,HIGH,0,,,,NO_ROUTE_CHANGE,Only incidental or contextual Gita Press material if later identified.,The target's primary source population.,Item-level rights review,https://gitapress.org/catalogue,Role is an acquisition overlay. It does not mark the target complete and does not merge distinct editions.
COR-0361,07 Bhakti and Vernacular,Bengali Assamese Odia,Assamese Borgeet complete textual/audio corpus,AGENT_DOWNLOAD_RIGHTS_REVIEW,D_NOT_A_REPLACEMENT,HIGH,0,,,,NO_ROUTE_CHANGE,Only incidental or contextual Gita Press material if later identified.,The target's primary source population.,Item-level rights review,https://gitapress.org/catalogue,Role is an acquisition overlay. It does not mark the target complete and does not merge distinct editions.
COR-0362,07 Bhakti and Vernacular,Bengali Assamese Odia,Odia Bhagavata of Jagannatha Dasa,AGENT_DOWNLOAD_RIGHTS_REVIEW,D_NOT_A_REPLACEMENT,HIGH,0,,,,NO_ROUTE_CHANGE,Only incidental or contextual Gita Press material if later identified.,The target's primary source population.,Item-level rights review,https://gitapress.org/catalogue,Role is an acquisition overlay. It does not mark the target complete and does not merge distinct editions.
COR-0363,07 Bhakti and Vernacular,Bengali Assamese Odia,Panchasakha literature,AGENT_DOWNLOAD_RIGHTS_REVIEW,D_NOT_A_REPLACEMENT,HIGH,0,,,,NO_ROUTE_CHANGE,Only incidental or contextual Gita Press material if later identified.,The target's primary source population.,Item-level rights review,https://gitapress.org/catalogue,Role is an acquisition overlay. It does not mark the target complete and does not merge distinct editions.
COR-0364,07 Bhakti and Vernacular,Bengali Assamese Odia,Jagannath devotional and ritual literature,AGENT_DOWNLOAD_RIGHTS_REVIEW,D_NOT_A_REPLACEMENT,HIGH,0,,,,NO_ROUTE_CHANGE,Only incidental or contextual Gita Press material if later identified.,The target's primary source population.,Item-level rights review,https://gitapress.org/catalogue,Role is an acquisition overlay. It does not mark the target complete and does not merge distinct editions.
COR-0365,07 Bhakti and Vernacular,Bengali Assamese Odia,Odia bhajan and performance corpus,AGENT_DOWNLOAD_RIGHTS_REVIEW,D_NOT_A_REPLACEMENT,HIGH,0,,,,NO_ROUTE_CHANGE,Only incidental or contextual Gita Press material if later identified.,The target's primary source population.,Item-level rights review,https://gitapress.org/catalogue,Role is an acquisition overlay. It does not mark the target complete and does not merge distinct editions.
COR-0366,07 Bhakti and Vernacular,Gujarati Malayalam Nepali and other,Narsinh Mehta pada corpus,AGENT_DOWNLOAD_RIGHTS_REVIEW,D_NOT_A_REPLACEMENT,HIGH,0,,,,NO_ROUTE_CHANGE,Only incidental or contextual Gita Press material if later identified.,The target's primary source population.,Item-level rights review,https://gitapress.org/catalogue,Role is an acquisition overlay. It does not mark the target complete and does not merge distinct editions.
COR-0367,07 Bhakti and Vernacular,Gujarati Malayalam Nepali and other,Akha Bhagat chhappa corpus,AGENT_DOWNLOAD_RIGHTS_REVIEW,D_NOT_A_REPLACEMENT,HIGH,0,,,,NO_ROUTE_CHANGE,Only incidental or contextual Gita Press material if later identified.,The target's primary source population.,Item-level rights review,https://gitapress.org/catalogue,Role is an acquisition overlay. It does not mark the target complete and does not merge distinct editions.
COR-0368,07 Bhakti and Vernacular,Gujarati Malayalam Nepali and other,Dayaram garbi corpus,AGENT_DOWNLOAD_RIGHTS_REVIEW,D_NOT_A_REPLACEMENT,HIGH,0,,,,NO_ROUTE_CHANGE,Only incidental or contextual Gita Press material if later identified.,The target's primary source population.,Item-level rights review,https://gitapress.org/catalogue,Role is an acquisition overlay. It does not mark the target complete and does not merge distinct editions.
COR-0369,07 Bhakti and Vernacular,Gujarati Malayalam Nepali and other,Gujarati Swaminarayan textual corpus,AGENT_DOWNLOAD_RIGHTS_REVIEW,D_NOT_A_REPLACEMENT,HIGH,0,,,,NO_ROUTE_CHANGE,Only incidental or contextual Gita Press material if later identified.,The target's primary source population.,Item-level rights review,https://gitapress.org/catalogue,Role is an acquisition overlay. It does not mark the target complete and does not merge distinct editions.
COR-0370,07 Bhakti and Vernacular,Gujarati Malayalam Nepali and other,Adhyatma Ramayanam Kilippattu,AGENT_DOWNLOAD_RIGHTS_REVIEW,B_SUPPLEMENTARY_PUBLISHED_SOURCE,MEDIUM,78,74 | 75 | 76 | 77 | 78 | 114 | 223 | 232 | 262 | 452 | 453 | 583 | 675 | 768 | 833 | 845 | 924 | 933 | 967 | 981,Adhyatmaramayana  (Hindi) | Shrimad Valmiki Ramayana Hindi - (Part 1) – Illustrated Hindi Translation | Gita Press Gorakhpur Publication | Shrimad Valmiki Ramayana Hindi (Part 2) – Illustrated Hindi Translation | Gita Press Gorakhpur Publication | Shrimad Valmiki Ramayana Hindi  | Gita Press Gorakhpur Publication | Srimad Valmiki Ramayana Sunderkand by | Language: Sanskrit | Code: 78 | Vairagyasandipani and Barvai Ramayana  (Hindi) | Mula Ramayana  (Hindi) | Shri Ramgīta -Teachings of Lord Rama to Lakshmana from the Valmiki Ramayana | Language: Hindi | Code: 232,Books for Daily Practice and Worship | Literature of Tulsidas | Picture-Stories | Ramayana | Ramchritmanas | Republished Special Issues of 'KALYAN' | Shri Jayadayal Ji Goyandka | Shrimad Bhagvadgita,ADD_GITA_PRESS_AS_SUPPLEMENTARY_SOURCE; do not close the master target on this evidence alone,"A relevant published treatment, translation, commentary, story or devotional edition.",The complete multi-tradition corpus target and its non-Gita-Press versions.,Item-level rights review,https://gitapress.org/catalogue,Role is an acquisition overlay. It does not mark the target complete and does not merge distinct editions.
COR-0371,07 Bhakti and Vernacular,Gujarati Malayalam Nepali and other,Mahabharatam Kilippattu,AGENT_DOWNLOAD_RIGHTS_REVIEW,B_SUPPLEMENTARY_PUBLISHED_SOURCE,MEDIUM,42,32 | 33 | 34 | 35 | 36 | 37 | 38 | 39 | 263 | 511 | 720 | 728 | 766 | 894 | 979 | 980 | 1245 | 1354 | 1386 | 1538,"Mahabharat - Volume 1 (Adi Parva & Sabha Parva, Illustrated Hindi Translation) | Language: Hindi | Code: 32 | Mahabharat – Volume 2 (Van Parva & Virat Parva, Illustrated Hindi Translation) | Language: Hindi | Code: 33 | Mahabharat - Volume 3 (Udyoga Parva & Bhishma Parva, Illustrated Hindi Translation) | Language: Hindi | Code: 34 | Mahabharat - Volume 4 Sampurna Mahakavya with Simple Hindi Translation & Illustrations | Language: Hindi | Code: 35 | Mahabharat-Volume 5 (Shanti Parva) With Illustrations and Simple Hindi Translation | Language: Hindi | Code: 36 | Mahabharat-Volume 6 Anushasan, Ashwamedhika, Ashramavasika, Mausal, Mahaprasthanika & Svargarohan Parva With Illustrations and Simple Hindi Translation | Language: Hindi | Code: 37 | Mahabharat– Khilbhag Shri Harivansh Puran | Language: Hindi | Code: 38 | Sankshipt Mahabharat – Part 1 of 2  – Concise Mahabharata with Sanskrit Verses & Hindi Explanation by | Language: Hindi | Code: 39",Devotee Characters | Picture-Stories | Puran Upanishad and Others | Republished Special Issues of 'KALYAN' | Shri Jayadayal Ji Goyandka,ADD_GITA_PRESS_AS_SUPPLEMENTARY_SOURCE; do not close the master target on this evidence alone,"A relevant published treatment, translation, commentary, story or devotional edition.",The complete multi-tradition corpus target and its non-Gita-Press versions.,Item-level rights review,https://gitapress.org/catalogue,Role is an acquisition overlay. It does not mark the target complete and does not merge distinct editions.
COR-0372,07 Bhakti and Vernacular,Gujarati Malayalam Nepali and other,Narayaneeyam and commentaries,AGENT_DOWNLOAD_RIGHTS_REVIEW,D_NOT_A_REPLACEMENT,HIGH,0,,,,NO_ROUTE_CHANGE,Only incidental or contextual Gita Press material if later identified.,The target's primary source population.,Item-level rights review,https://gitapress.org/catalogue,Role is an acquisition overlay. It does not mark the target complete and does not merge distinct editions.
COR-0373,07 Bhakti and Vernacular,Gujarati Malayalam Nepali and other,Malayalam temple sopana and devotional corpus,AGENT_DOWNLOAD_RIGHTS_REVIEW,D_NOT_A_REPLACEMENT,HIGH,0,,,,NO_ROUTE_CHANGE,Only incidental or contextual Gita Press material if later identified.,The target's primary source population.,Item-level rights review,https://gitapress.org/catalogue,Role is an acquisition overlay. It does not mark the target complete and does not merge distinct editions.
COR-0374,07 Bhakti and Vernacular,Gujarati Malayalam Nepali and other,Bhanubhakta Ramayana,AGENT_DOWNLOAD_RIGHTS_REVIEW,B_SUPPLEMENTARY_PUBLISHED_SOURCE,MEDIUM,78,74 | 75 | 76 | 77 | 78 | 114 | 223 | 232 | 262 | 452 | 453 | 583 | 675 | 768 | 833 | 845 | 924 | 933 | 967 | 981,Adhyatmaramayana  (Hindi) | Shrimad Valmiki Ramayana Hindi - (Part 1) – Illustrated Hindi Translation | Gita Press Gorakhpur Publication | Shrimad Valmiki Ramayana Hindi (Part 2) – Illustrated Hindi Translation | Gita Press Gorakhpur Publication | Shrimad Valmiki Ramayana Hindi  | Gita Press Gorakhpur Publication | Srimad Valmiki Ramayana Sunderkand by | Language: Sanskrit | Code: 78 | Vairagyasandipani and Barvai Ramayana  (Hindi) | Mula Ramayana  (Hindi) | Shri Ramgīta -Teachings of Lord Rama to Lakshmana from the Valmiki Ramayana | Language: Hindi | Code: 232,Books for Daily Practice and Worship | Literature of Tulsidas | Picture-Stories | Ramayana | Ramchritmanas | Republished Special Issues of 'KALYAN' | Shri Jayadayal Ji Goyandka | Shrimad Bhagvadgita,ADD_GITA_PRESS_AS_SUPPLEMENTARY_SOURCE; do not close the master target on this evidence alone,"A relevant published treatment, translation, commentary, story or devotional edition.",The complete multi-tradition corpus target and its non-Gita-Press versions.,Item-level rights review,https://gitapress.org/catalogue,Role is an acquisition overlay. It does not mark the target complete and does not merge distinct editions.
COR-0375,07 Bhakti and Vernacular,Gujarati Malayalam Nepali and other,Nepali bhajan and stotra corpus,AGENT_DOWNLOAD_RIGHTS_REVIEW,D_NOT_A_REPLACEMENT,HIGH,0,,,,NO_ROUTE_CHANGE,Only incidental or contextual Gita Press material if later identified.,The target's primary source population.,Item-level rights review,https://gitapress.org/catalogue,Role is an acquisition overlay. It does not mark the target complete and does not merge distinct editions.
COR-0376,07 Bhakti and Vernacular,Gujarati Malayalam Nepali and other,Newar Hindu ritual and narrative corpus,AGENT_DOWNLOAD_RIGHTS_REVIEW,D_NOT_A_REPLACEMENT,HIGH,0,,,,NO_ROUTE_CHANGE,Only incidental or contextual Gita Press material if later identified.,The target's primary source population.,Item-level rights review,https://gitapress.org/catalogue,Role is an acquisition overlay. It does not mark the target complete and does not merge distinct editions.
COR-0377,07 Bhakti and Vernacular,Gujarati Malayalam Nepali and other,Sindhi Hindu devotional corpus,AGENT_DOWNLOAD_RIGHTS_REVIEW,D_NOT_A_REPLACEMENT,HIGH,0,,,,NO_ROUTE_CHANGE,Only incidental or contextual Gita Press material if later identified.,The target's primary source population.,Item-level rights review,https://gitapress.org/catalogue,Role is an acquisition overlay. It does not mark the target complete and does not merge distinct editions.
COR-0378,07 Bhakti and Vernacular,Gujarati Malayalam Nepali and other,Kashmiri Shaiva and devotional vernacular corpus,AGENT_DOWNLOAD_RIGHTS_REVIEW,D_NOT_A_REPLACEMENT,HIGH,0,,,,NO_ROUTE_CHANGE,Only incidental or contextual Gita Press material if later identified.,The target's primary source population.,Item-level rights review,https://gitapress.org/catalogue,Role is an acquisition overlay. It does not mark the target complete and does not merge distinct editions.
COR-0379,07 Bhakti and Vernacular,Gujarati Malayalam Nepali and other,Konkani Hindu devotional and temple corpus,AGENT_DOWNLOAD_RIGHTS_REVIEW,D_NOT_A_REPLACEMENT,HIGH,0,,,,NO_ROUTE_CHANGE,Only incidental or contextual Gita Press material if later identified.,The target's primary source population.,Item-level rights review,https://gitapress.org/catalogue,Role is an acquisition overlay. It does not mark the target complete and does not merge distinct editions.
COR-0380,07 Bhakti and Vernacular,Gujarati Malayalam Nepali and other,Maithili Hindu devotional corpus,AGENT_DOWNLOAD_RIGHTS_REVIEW,D_NOT_A_REPLACEMENT,HIGH,0,,,,NO_ROUTE_CHANGE,Only incidental or contextual Gita Press material if later identified.,The target's primary source population.,Item-level rights review,https://gitapress.org/catalogue,Role is an acquisition overlay. It does not mark the target complete and does not merge distinct editions.
COR-0381,08 Narrative and Cultural,Classical story collections,Panchatantra — Tantrakhyayika recension,AGENT_DOWNLOAD_RIGHTS_REVIEW,D_NOT_A_REPLACEMENT,HIGH,0,,,,NO_PRIMARY_ROUTE_CHANGE; optionally add a Gita Press popular edition if catalog-matched,"Popular edition, translation, illustration or devotional explanation only where a matching product exists.","Critical/recensional evidence, population census, official calendrics, inscriptions, media rights or consented fieldwork.",Item-level rights review,https://gitapress.org/catalogue,Role is an acquisition overlay. It does not mark the target complete and does not merge distinct editions.
COR-0382,08 Narrative and Cultural,Classical story collections,Panchatantra — Southern recension,AGENT_DOWNLOAD_RIGHTS_REVIEW,D_NOT_A_REPLACEMENT,HIGH,0,,,,NO_PRIMARY_ROUTE_CHANGE; optionally add a Gita Press popular edition if catalog-matched,"Popular edition, translation, illustration or devotional explanation only where a matching product exists.","Critical/recensional evidence, population census, official calendrics, inscriptions, media rights or consented fieldwork.",Item-level rights review,https://gitapress.org/catalogue,Role is an acquisition overlay. It does not mark the target complete and does not merge distinct editions.
COR-0383,08 Narrative and Cultural,Classical story collections,Panchatantra — Nepalese recension,AGENT_DOWNLOAD_RIGHTS_REVIEW,D_NOT_A_REPLACEMENT,HIGH,0,,,,NO_PRIMARY_ROUTE_CHANGE; optionally add a Gita Press popular edition if catalog-matched,"Popular edition, translation, illustration or devotional explanation only where a matching product exists.","Critical/recensional evidence, population census, official calendrics, inscriptions, media rights or consented fieldwork.",Item-level rights review,https://gitapress.org/catalogue,Role is an acquisition overlay. It does not mark the target complete and does not merge distinct editions.
COR-0384,08 Narrative and Cultural,Classical story collections,Panchatantra — Purnabhadra recension,AGENT_DOWNLOAD_RIGHTS_REVIEW,D_NOT_A_REPLACEMENT,HIGH,0,,,,NO_PRIMARY_ROUTE_CHANGE; optionally add a Gita Press popular edition if catalog-matched,"Popular edition, translation, illustration or devotional explanation only where a matching product exists.","Critical/recensional evidence, population census, official calendrics, inscriptions, media rights or consented fieldwork.",Item-level rights review,https://gitapress.org/catalogue,Role is an acquisition overlay. It does not mark the target complete and does not merge distinct editions.
COR-0385,08 Narrative and Cultural,Classical story collections,Panchatantra — Hitopadesha and derivative Sanskrit recensions,AGENT_DOWNLOAD_RIGHTS_REVIEW,D_NOT_A_REPLACEMENT,HIGH,0,,,,NO_PRIMARY_ROUTE_CHANGE; optionally add a Gita Press popular edition if catalog-matched,"Popular edition, translation, illustration or devotional explanation only where a matching product exists.","Critical/recensional evidence, population census, official calendrics, inscriptions, media rights or consented fieldwork.",Item-level rights review,https://gitapress.org/catalogue,Role is an acquisition overlay. It does not mark the target complete and does not merge distinct editions.
COR-0386,08 Narrative and Cultural,Classical story collections,Kalila wa Dimna and global transmission corpus,AGENT_DOWNLOAD_RIGHTS_REVIEW,B_SUPPLEMENTARY_PUBLISHED_SOURCE,MEDIUM_FOR_CATEGORY; LOW_FOR_EXACT_TARGET,0,,,,REQUEST_CATEGORY-LEVEL CATALOG AND ADD MATCHING ITEMS; keep existing acquisition route,"Stories, deity/saint biographies, daily practice, worship, festival guidance, picture stories or Kalyan thematic material.","Every regional variant, temple-specific procedure, living tradition or external source tradition.",Item-level rights review,https://gitapress.org/catalogue,Role is an acquisition overlay. It does not mark the target complete and does not merge distinct editions.
COR-0387,08 Narrative and Cultural,Classical story collections,Hitopadesha,AGENT_DOWNLOAD_RIGHTS_REVIEW,B_SUPPLEMENTARY_PUBLISHED_SOURCE,MEDIUM_FOR_CATEGORY; LOW_FOR_EXACT_TARGET,0,,,,REQUEST_CATEGORY-LEVEL CATALOG AND ADD MATCHING ITEMS; keep existing acquisition route,"Stories, deity/saint biographies, daily practice, worship, festival guidance, picture stories or Kalyan thematic material.","Every regional variant, temple-specific procedure, living tradition or external source tradition.",Item-level rights review,https://gitapress.org/catalogue,Role is an acquisition overlay. It does not mark the target complete and does not merge distinct editions.
COR-0388,08 Narrative and Cultural,Classical story collections,Kathasaritsagara,AGENT_DOWNLOAD_RIGHTS_REVIEW,B_SUPPLEMENTARY_PUBLISHED_SOURCE,MEDIUM_FOR_CATEGORY; LOW_FOR_EXACT_TARGET,0,,,,REQUEST_CATEGORY-LEVEL CATALOG AND ADD MATCHING ITEMS; keep existing acquisition route,"Stories, deity/saint biographies, daily practice, worship, festival guidance, picture stories or Kalyan thematic material.","Every regional variant, temple-specific procedure, living tradition or external source tradition.",Item-level rights review,https://gitapress.org/catalogue,Role is an acquisition overlay. It does not mark the target complete and does not merge distinct editions.
COR-0389,08 Narrative and Cultural,Classical story collections,Brihatkathamanjari,AGENT_DOWNLOAD_RIGHTS_REVIEW,B_SUPPLEMENTARY_PUBLISHED_SOURCE,MEDIUM_FOR_CATEGORY; LOW_FOR_EXACT_TARGET,0,,,,REQUEST_CATEGORY-LEVEL CATALOG AND ADD MATCHING ITEMS; keep existing acquisition route,"Stories, deity/saint biographies, daily practice, worship, festival guidance, picture stories or Kalyan thematic material.","Every regional variant, temple-specific procedure, living tradition or external source tradition.",Item-level rights review,https://gitapress.org/catalogue,Role is an acquisition overlay. It does not mark the target complete and does not merge distinct editions.
COR-0390,08 Narrative and Cultural,Classical story collections,Brihatkathashlokasamgraha,AGENT_DOWNLOAD_RIGHTS_REVIEW,B_SUPPLEMENTARY_PUBLISHED_SOURCE,MEDIUM_FOR_CATEGORY; LOW_FOR_EXACT_TARGET,0,,,,REQUEST_CATEGORY-LEVEL CATALOG AND ADD MATCHING ITEMS; keep existing acquisition route,"Stories, deity/saint biographies, daily practice, worship, festival guidance, picture stories or Kalyan thematic material.","Every regional variant, temple-specific procedure, living tradition or external source tradition.",Item-level rights review,https://gitapress.org/catalogue,Role is an acquisition overlay. It does not mark the target complete and does not merge distinct editions.
COR-0391,08 Narrative and Cultural,Classical story collections,Vetala Panchavimshati recensions,AGENT_DOWNLOAD_RIGHTS_REVIEW,D_NOT_A_REPLACEMENT,HIGH,0,,,,NO_PRIMARY_ROUTE_CHANGE; optionally add a Gita Press popular edition if catalog-matched,"Popular edition, translation, illustration or devotional explanation only where a matching product exists.","Critical/recensional evidence, population census, official calendrics, inscriptions, media rights or consented fieldwork.",Item-level rights review,https://gitapress.org/catalogue,Role is an acquisition overlay. It does not mark the target complete and does not merge distinct editions.
COR-0392,08 Narrative and Cultural,Classical story collections,Simhasana Dvatrimshika recensions,AGENT_DOWNLOAD_RIGHTS_REVIEW,D_NOT_A_REPLACEMENT,HIGH,0,,,,NO_PRIMARY_ROUTE_CHANGE; optionally add a Gita Press popular edition if catalog-matched,"Popular edition, translation, illustration or devotional explanation only where a matching product exists.","Critical/recensional evidence, population census, official calendrics, inscriptions, media rights or consented fieldwork.",Item-level rights review,https://gitapress.org/catalogue,Role is an acquisition overlay. It does not mark the target complete and does not merge distinct editions.
COR-0393,08 Narrative and Cultural,Classical story collections,Shukasaptati recensions,AGENT_DOWNLOAD_RIGHTS_REVIEW,D_NOT_A_REPLACEMENT,HIGH,0,,,,NO_PRIMARY_ROUTE_CHANGE; optionally add a Gita Press popular edition if catalog-matched,"Popular edition, translation, illustration or devotional explanation only where a matching product exists.","Critical/recensional evidence, population census, official calendrics, inscriptions, media rights or consented fieldwork.",Item-level rights review,https://gitapress.org/catalogue,Role is an acquisition overlay. It does not mark the target complete and does not merge distinct editions.
COR-0394,08 Narrative and Cultural,Classical story collections,Jataka and Avadana parallels contextual to Hindu narrative,AGENT_DOWNLOAD_RIGHTS_REVIEW,B_SUPPLEMENTARY_PUBLISHED_SOURCE,MEDIUM_FOR_CATEGORY; LOW_FOR_EXACT_TARGET,0,,,,REQUEST_CATEGORY-LEVEL CATALOG AND ADD MATCHING ITEMS; keep existing acquisition route,"Stories, deity/saint biographies, daily practice, worship, festival guidance, picture stories or Kalyan thematic material.","Every regional variant, temple-specific procedure, living tradition or external source tradition.",Item-level rights review,https://gitapress.org/catalogue,Role is an acquisition overlay. It does not mark the target complete and does not merge distinct editions.
COR-0395,08 Narrative and Cultural,Classical story collections,Purana-derived standalone story anthologies,AGENT_DOWNLOAD_RIGHTS_REVIEW,B_SUPPLEMENTARY_PUBLISHED_SOURCE,MEDIUM_FOR_CATEGORY; LOW_FOR_EXACT_TARGET,0,,,,REQUEST_CATEGORY-LEVEL CATALOG AND ADD MATCHING ITEMS; keep existing acquisition route,"Stories, deity/saint biographies, daily practice, worship, festival guidance, picture stories or Kalyan thematic material.","Every regional variant, temple-specific procedure, living tradition or external source tradition.",Item-level rights review,https://gitapress.org/catalogue,Role is an acquisition overlay. It does not mark the target complete and does not merge distinct editions.
COR-0396,08 Narrative and Cultural,Classical story collections,"Regional folk tale, deity legend and moral story collections",AGENT_DOWNLOAD_RIGHTS_REVIEW,B_SUPPLEMENTARY_PUBLISHED_SOURCE,MEDIUM_FOR_CATEGORY; LOW_FOR_EXACT_TARGET,0,,,,REQUEST_CATEGORY-LEVEL CATALOG AND ADD MATCHING ITEMS; keep existing acquisition route,"Stories, deity/saint biographies, daily practice, worship, festival guidance, picture stories or Kalyan thematic material.","Every regional variant, temple-specific procedure, living tradition or external source tradition.",Item-level rights review,https://gitapress.org/catalogue,Role is an acquisition overlay. It does not mark the target complete and does not merge distinct editions.
COR-0397,08 Narrative and Cultural,Niti Subhashita and education,Chanakya Niti recensions,AGENT_DOWNLOAD_RIGHTS_REVIEW,D_NOT_A_REPLACEMENT,HIGH,0,,,,NO_PRIMARY_ROUTE_CHANGE; optionally add a Gita Press popular edition if catalog-matched,"Popular edition, translation, illustration or devotional explanation only where a matching product exists.","Critical/recensional evidence, population census, official calendrics, inscriptions, media rights or consented fieldwork.",Item-level rights review,https://gitapress.org/catalogue,Role is an acquisition overlay. It does not mark the target complete and does not merge distinct editions.
COR-0398,08 Narrative and Cultural,Niti Subhashita and education,Bhartrihari Shatakatraya,AGENT_DOWNLOAD_RIGHTS_REVIEW,B_SUPPLEMENTARY_PUBLISHED_SOURCE,MEDIUM_FOR_CATEGORY; LOW_FOR_EXACT_TARGET,0,,,,REQUEST_CATEGORY-LEVEL CATALOG AND ADD MATCHING ITEMS; keep existing acquisition route,"Stories, deity/saint biographies, daily practice, worship, festival guidance, picture stories or Kalyan thematic material.","Every regional variant, temple-specific procedure, living tradition or external source tradition.",Item-level rights review,https://gitapress.org/catalogue,Role is an acquisition overlay. It does not mark the target complete and does not merge distinct editions.
COR-0399,08 Narrative and Cultural,Niti Subhashita and education,Subhashitaratnabhandagara,AGENT_DOWNLOAD_RIGHTS_REVIEW,B_SUPPLEMENTARY_PUBLISHED_SOURCE,MEDIUM_FOR_CATEGORY; LOW_FOR_EXACT_TARGET,0,,,,REQUEST_CATEGORY-LEVEL CATALOG AND ADD MATCHING ITEMS; keep existing acquisition route,"Stories, deity/saint biographies, daily practice, worship, festival guidance, picture stories or Kalyan thematic material.","Every regional variant, temple-specific procedure, living tradition or external source tradition.",Item-level rights review,https://gitapress.org/catalogue,Role is an acquisition overlay. It does not mark the target complete and does not merge distinct editions.
COR-0400,08 Narrative and Cultural,Niti Subhashita and education,Subhashitavali anthologies,AGENT_DOWNLOAD_RIGHTS_REVIEW,B_SUPPLEMENTARY_PUBLISHED_SOURCE,MEDIUM_FOR_CATEGORY; LOW_FOR_EXACT_TARGET,0,,,,REQUEST_CATEGORY-LEVEL CATALOG AND ADD MATCHING ITEMS; keep existing acquisition route,"Stories, deity/saint biographies, daily practice, worship, festival guidance, picture stories or Kalyan thematic material.","Every regional variant, temple-specific procedure, living tradition or external source tradition.",Item-level rights review,https://gitapress.org/catalogue,Role is an acquisition overlay. It does not mark the target complete and does not merge distinct editions.
COR-0401,08 Narrative and Cultural,Niti Subhashita and education,Niti and didactic story schoolbook corpus,AGENT_DOWNLOAD_RIGHTS_REVIEW,B_SUPPLEMENTARY_PUBLISHED_SOURCE,MEDIUM_FOR_CATEGORY; LOW_FOR_EXACT_TARGET,0,,,,REQUEST_CATEGORY-LEVEL CATALOG AND ADD MATCHING ITEMS; keep existing acquisition route,"Stories, deity/saint biographies, daily practice, worship, festival guidance, picture stories or Kalyan thematic material.","Every regional variant, temple-specific procedure, living tradition or external source tradition.",Item-level rights review,https://gitapress.org/catalogue,Role is an acquisition overlay. It does not mark the target complete and does not merge distinct editions.
COR-0402,08 Narrative and Cultural,Niti Subhashita and education,Children's illustrated retellings — rights-cleared corpus,AGENT_DOWNLOAD_RIGHTS_REVIEW,B_SUPPLEMENTARY_PUBLISHED_SOURCE,MEDIUM_FOR_CATEGORY; LOW_FOR_EXACT_TARGET,0,,,,REQUEST_CATEGORY-LEVEL CATALOG AND ADD MATCHING ITEMS; keep existing acquisition route,"Stories, deity/saint biographies, daily practice, worship, festival guidance, picture stories or Kalyan thematic material.","Every regional variant, temple-specific procedure, living tradition or external source tradition.",Item-level rights review,https://gitapress.org/catalogue,Role is an acquisition overlay. It does not mark the target complete and does not merge distinct editions.
COR-0403,09 Deities and Sacred Beings,Entity dossiers,Brahma and Saraswati corpus,AGENT_DOWNLOAD_RIGHTS_REVIEW,B_SUPPLEMENTARY_PUBLISHED_SOURCE,MEDIUM_FOR_CATEGORY; LOW_FOR_EXACT_TARGET,0,,,,REQUEST_CATEGORY-LEVEL CATALOG AND ADD MATCHING ITEMS; keep existing acquisition route,"Stories, deity/saint biographies, daily practice, worship, festival guidance, picture stories or Kalyan thematic material.","Every regional variant, temple-specific procedure, living tradition or external source tradition.",Item-level rights review,https://gitapress.org/catalogue,Role is an acquisition overlay. It does not mark the target complete and does not merge distinct editions.
COR-0404,09 Deities and Sacred Beings,Entity dossiers,"Vishnu, Lakshmi and avatar corpus",AGENT_DOWNLOAD_RIGHTS_REVIEW,B_SUPPLEMENTARY_PUBLISHED_SOURCE,MEDIUM_FOR_CATEGORY; LOW_FOR_EXACT_TARGET,0,,,,REQUEST_CATEGORY-LEVEL CATALOG AND ADD MATCHING ITEMS; keep existing acquisition route,"Stories, deity/saint biographies, daily practice, worship, festival guidance, picture stories or Kalyan thematic material.","Every regional variant, temple-specific procedure, living tradition or external source tradition.",Item-level rights review,https://gitapress.org/catalogue,Role is an acquisition overlay. It does not mark the target complete and does not merge distinct editions.
COR-0405,09 Deities and Sacred Beings,Entity dossiers,"Shiva, Parvati and Shaiva family corpus",AGENT_DOWNLOAD_RIGHTS_REVIEW,B_SUPPLEMENTARY_PUBLISHED_SOURCE,MEDIUM_FOR_CATEGORY; LOW_FOR_EXACT_TARGET,0,,,,REQUEST_CATEGORY-LEVEL CATALOG AND ADD MATCHING ITEMS; keep existing acquisition route,"Stories, deity/saint biographies, daily practice, worship, festival guidance, picture stories or Kalyan thematic material.","Every regional variant, temple-specific procedure, living tradition or external source tradition.",Item-level rights review,https://gitapress.org/catalogue,Role is an acquisition overlay. It does not mark the target complete and does not merge distinct editions.
COR-0406,09 Deities and Sacred Beings,Entity dossiers,Devi/Durga/Kali/Mahavidya corpus,AGENT_DOWNLOAD_RIGHTS_REVIEW,B_SUPPLEMENTARY_PUBLISHED_SOURCE,MEDIUM_FOR_CATEGORY; LOW_FOR_EXACT_TARGET,0,,,,REQUEST_CATEGORY-LEVEL CATALOG AND ADD MATCHING ITEMS; keep existing acquisition route,"Stories, deity/saint biographies, daily practice, worship, festival guidance, picture stories or Kalyan thematic material.","Every regional variant, temple-specific procedure, living tradition or external source tradition.",Item-level rights review,https://gitapress.org/catalogue,Role is an acquisition overlay. It does not mark the target complete and does not merge distinct editions.
COR-0407,09 Deities and Sacred Beings,Entity dossiers,Ganesha corpus,AGENT_DOWNLOAD_RIGHTS_REVIEW,B_SUPPLEMENTARY_PUBLISHED_SOURCE,MEDIUM_FOR_CATEGORY; LOW_FOR_EXACT_TARGET,0,,,,REQUEST_CATEGORY-LEVEL CATALOG AND ADD MATCHING ITEMS; keep existing acquisition route,"Stories, deity/saint biographies, daily practice, worship, festival guidance, picture stories or Kalyan thematic material.","Every regional variant, temple-specific procedure, living tradition or external source tradition.",Item-level rights review,https://gitapress.org/catalogue,Role is an acquisition overlay. It does not mark the target complete and does not merge distinct editions.
COR-0408,09 Deities and Sacred Beings,Entity dossiers,Skanda/Murugan/Kartikeya corpus,AGENT_DOWNLOAD_RIGHTS_REVIEW,B_SUPPLEMENTARY_PUBLISHED_SOURCE,MEDIUM_FOR_CATEGORY; LOW_FOR_EXACT_TARGET,0,,,,REQUEST_CATEGORY-LEVEL CATALOG AND ADD MATCHING ITEMS; keep existing acquisition route,"Stories, deity/saint biographies, daily practice, worship, festival guidance, picture stories or Kalyan thematic material.","Every regional variant, temple-specific procedure, living tradition or external source tradition.",Item-level rights review,https://gitapress.org/catalogue,Role is an acquisition overlay. It does not mark the target complete and does not merge distinct editions.
COR-0409,09 Deities and Sacred Beings,Entity dossiers,Surya and solar deities corpus,AGENT_DOWNLOAD_RIGHTS_REVIEW,B_SUPPLEMENTARY_PUBLISHED_SOURCE,MEDIUM_FOR_CATEGORY; LOW_FOR_EXACT_TARGET,0,,,,REQUEST_CATEGORY-LEVEL CATALOG AND ADD MATCHING ITEMS; keep existing acquisition route,"Stories, deity/saint biographies, daily practice, worship, festival guidance, picture stories or Kalyan thematic material.","Every regional variant, temple-specific procedure, living tradition or external source tradition.",Item-level rights review,https://gitapress.org/catalogue,Role is an acquisition overlay. It does not mark the target complete and does not merge distinct editions.
COR-0410,09 Deities and Sacred Beings,Entity dossiers,Hanuman and vanara corpus,AGENT_DOWNLOAD_RIGHTS_REVIEW,B_SUPPLEMENTARY_PUBLISHED_SOURCE,MEDIUM_FOR_CATEGORY; LOW_FOR_EXACT_TARGET,0,,,,REQUEST_CATEGORY-LEVEL CATALOG AND ADD MATCHING ITEMS; keep existing acquisition route,"Stories, deity/saint biographies, daily practice, worship, festival guidance, picture stories or Kalyan thematic material.","Every regional variant, temple-specific procedure, living tradition or external source tradition.",Item-level rights review,https://gitapress.org/catalogue,Role is an acquisition overlay. It does not mark the target complete and does not merge distinct editions.
COR-0411,09 Deities and Sacred Beings,Entity dossiers,Krishna and Radha corpus,AGENT_DOWNLOAD_RIGHTS_REVIEW,B_SUPPLEMENTARY_PUBLISHED_SOURCE,MEDIUM_FOR_CATEGORY; LOW_FOR_EXACT_TARGET,0,,,,REQUEST_CATEGORY-LEVEL CATALOG AND ADD MATCHING ITEMS; keep existing acquisition route,"Stories, deity/saint biographies, daily practice, worship, festival guidance, picture stories or Kalyan thematic material.","Every regional variant, temple-specific procedure, living tradition or external source tradition.",Item-level rights review,https://gitapress.org/catalogue,Role is an acquisition overlay. It does not mark the target complete and does not merge distinct editions.
COR-0412,09 Deities and Sacred Beings,Entity dossiers,"Rama, Sita and Ramayana personae corpus",AGENT_DOWNLOAD_RIGHTS_REVIEW,B_SUPPLEMENTARY_PUBLISHED_SOURCE,MEDIUM,78,74 | 75 | 76 | 77 | 78 | 114 | 223 | 232 | 262 | 452 | 453 | 583 | 675 | 768 | 833 | 845 | 924 | 933 | 967 | 981,Adhyatmaramayana  (Hindi) | Shrimad Valmiki Ramayana Hindi - (Part 1) – Illustrated Hindi Translation | Gita Press Gorakhpur Publication | Shrimad Valmiki Ramayana Hindi (Part 2) – Illustrated Hindi Translation | Gita Press Gorakhpur Publication | Shrimad Valmiki Ramayana Hindi  | Gita Press Gorakhpur Publication | Srimad Valmiki Ramayana Sunderkand by | Language: Sanskrit | Code: 78 | Vairagyasandipani and Barvai Ramayana  (Hindi) | Mula Ramayana  (Hindi) | Shri Ramgīta -Teachings of Lord Rama to Lakshmana from the Valmiki Ramayana | Language: Hindi | Code: 232,Books for Daily Practice and Worship | Literature of Tulsidas | Picture-Stories | Ramayana | Ramchritmanas | Republished Special Issues of 'KALYAN' | Shri Jayadayal Ji Goyandka | Shrimad Bhagvadgita,ADD_GITA_PRESS_AS_SUPPLEMENTARY_SOURCE; do not close the master target on this evidence alone,"A relevant published treatment, translation, commentary, story or devotional edition.",The complete multi-tradition corpus target and its non-Gita-Press versions.,Item-level rights review,https://gitapress.org/catalogue,Role is an acquisition overlay. It does not mark the target complete and does not merge distinct editions.
COR-0413,09 Deities and Sacred Beings,Entity dossiers,Vedic devas corpus,AGENT_DOWNLOAD_RIGHTS_REVIEW,B_SUPPLEMENTARY_PUBLISHED_SOURCE,MEDIUM_FOR_CATEGORY; LOW_FOR_EXACT_TARGET,0,,,,REQUEST_CATEGORY-LEVEL CATALOG AND ADD MATCHING ITEMS; keep existing acquisition route,"Stories, deity/saint biographies, daily practice, worship, festival guidance, picture stories or Kalyan thematic material.","Every regional variant, temple-specific procedure, living tradition or external source tradition.",Item-level rights review,https://gitapress.org/catalogue,Role is an acquisition overlay. It does not mark the target complete and does not merge distinct editions.
COR-0414,09 Deities and Sacred Beings,Entity dossiers,Navagraha corpus,AGENT_DOWNLOAD_RIGHTS_REVIEW,B_SUPPLEMENTARY_PUBLISHED_SOURCE,MEDIUM_FOR_CATEGORY; LOW_FOR_EXACT_TARGET,0,,,,REQUEST_CATEGORY-LEVEL CATALOG AND ADD MATCHING ITEMS; keep existing acquisition route,"Stories, deity/saint biographies, daily practice, worship, festival guidance, picture stories or Kalyan thematic material.","Every regional variant, temple-specific procedure, living tradition or external source tradition.",Item-level rights review,https://gitapress.org/catalogue,Role is an acquisition overlay. It does not mark the target complete and does not merge distinct editions.
COR-0415,09 Deities and Sacred Beings,Entity dossiers,"Lokapala, dikpala and guardian deity corpus",AGENT_DOWNLOAD_RIGHTS_REVIEW,B_SUPPLEMENTARY_PUBLISHED_SOURCE,MEDIUM_FOR_CATEGORY; LOW_FOR_EXACT_TARGET,0,,,,REQUEST_CATEGORY-LEVEL CATALOG AND ADD MATCHING ITEMS; keep existing acquisition route,"Stories, deity/saint biographies, daily practice, worship, festival guidance, picture stories or Kalyan thematic material.","Every regional variant, temple-specific procedure, living tradition or external source tradition.",Item-level rights review,https://gitapress.org/catalogue,Role is an acquisition overlay. It does not mark the target complete and does not merge distinct editions.
COR-0416,09 Deities and Sacred Beings,Entity dossiers,"Yaksha, naga, gandharva, apsara and semi-divine beings",AGENT_DOWNLOAD_RIGHTS_REVIEW,B_SUPPLEMENTARY_PUBLISHED_SOURCE,MEDIUM_FOR_CATEGORY; LOW_FOR_EXACT_TARGET,0,,,,REQUEST_CATEGORY-LEVEL CATALOG AND ADD MATCHING ITEMS; keep existing acquisition route,"Stories, deity/saint biographies, daily practice, worship, festival guidance, picture stories or Kalyan thematic material.","Every regional variant, temple-specific procedure, living tradition or external source tradition.",Item-level rights review,https://gitapress.org/catalogue,Role is an acquisition overlay. It does not mark the target complete and does not merge distinct editions.
COR-0417,09 Deities and Sacred Beings,Entity dossiers,"Asura, daitya, danava and antagonist corpus",AGENT_DOWNLOAD_RIGHTS_REVIEW,B_SUPPLEMENTARY_PUBLISHED_SOURCE,MEDIUM_FOR_CATEGORY; LOW_FOR_EXACT_TARGET,0,,,,REQUEST_CATEGORY-LEVEL CATALOG AND ADD MATCHING ITEMS; keep existing acquisition route,"Stories, deity/saint biographies, daily practice, worship, festival guidance, picture stories or Kalyan thematic material.","Every regional variant, temple-specific procedure, living tradition or external source tradition.",Item-level rights review,https://gitapress.org/catalogue,Role is an acquisition overlay. It does not mark the target complete and does not merge distinct editions.
COR-0418,09 Deities and Sacred Beings,Entity dossiers,"Rishi, muni, acharya and saint biographical corpus",AGENT_DOWNLOAD_RIGHTS_REVIEW,B_SUPPLEMENTARY_PUBLISHED_SOURCE,MEDIUM_FOR_CATEGORY; LOW_FOR_EXACT_TARGET,0,,,,REQUEST_CATEGORY-LEVEL CATALOG AND ADD MATCHING ITEMS; keep existing acquisition route,"Stories, deity/saint biographies, daily practice, worship, festival guidance, picture stories or Kalyan thematic material.","Every regional variant, temple-specific procedure, living tradition or external source tradition.",Item-level rights review,https://gitapress.org/catalogue,Role is an acquisition overlay. It does not mark the target complete and does not merge distinct editions.
COR-0419,09 Deities and Sacred Beings,Entity dossiers,"Gramadevata, kuladevata and regional deity corpus",AGENT_DOWNLOAD_RIGHTS_REVIEW,B_SUPPLEMENTARY_PUBLISHED_SOURCE,MEDIUM_FOR_CATEGORY; LOW_FOR_EXACT_TARGET,0,,,,REQUEST_CATEGORY-LEVEL CATALOG AND ADD MATCHING ITEMS; keep existing acquisition route,"Stories, deity/saint biographies, daily practice, worship, festival guidance, picture stories or Kalyan thematic material.","Every regional variant, temple-specific procedure, living tradition or external source tradition.",Item-level rights review,https://gitapress.org/catalogue,Role is an acquisition overlay. It does not mark the target complete and does not merge distinct editions.
COR-0420,09 Deities and Sacred Beings,Entity dossiers,Syncretic and transregional Hindu deity forms,AGENT_DOWNLOAD_RIGHTS_REVIEW,B_SUPPLEMENTARY_PUBLISHED_SOURCE,MEDIUM_FOR_CATEGORY; LOW_FOR_EXACT_TARGET,0,,,,REQUEST_CATEGORY-LEVEL CATALOG AND ADD MATCHING ITEMS; keep existing acquisition route,"Stories, deity/saint biographies, daily practice, worship, festival guidance, picture stories or Kalyan thematic material.","Every regional variant, temple-specific procedure, living tradition or external source tradition.",Item-level rights review,https://gitapress.org/catalogue,Role is an acquisition overlay. It does not mark the target complete and does not merge distinct editions.
COR-0421,10 Sacred Places and Temples,Canonical pilgrimage sets,Twelve Jyotirlingas — all textual/site traditions,AGENT_DOWNLOAD_RIGHTS_REVIEW,D_NOT_A_REPLACEMENT,HIGH,0,,,,NO_PRIMARY_ROUTE_CHANGE; optionally add a Gita Press popular edition if catalog-matched,"Popular edition, translation, illustration or devotional explanation only where a matching product exists.","Critical/recensional evidence, population census, official calendrics, inscriptions, media rights or consented fieldwork.",Item-level rights review,https://gitapress.org/catalogue,Role is an acquisition overlay. It does not mark the target complete and does not merge distinct editions.
COR-0422,10 Sacred Places and Temples,Canonical pilgrimage sets,Shakti Pitha lists and variant enumerations,AGENT_DOWNLOAD_RIGHTS_REVIEW,D_NOT_A_REPLACEMENT,HIGH,0,,,,NO_PRIMARY_ROUTE_CHANGE; optionally add a Gita Press popular edition if catalog-matched,"Popular edition, translation, illustration or devotional explanation only where a matching product exists.","Critical/recensional evidence, population census, official calendrics, inscriptions, media rights or consented fieldwork.",Item-level rights review,https://gitapress.org/catalogue,Role is an acquisition overlay. It does not mark the target complete and does not merge distinct editions.
COR-0423,10 Sacred Places and Temples,Canonical pilgrimage sets,108 Divya Desams,AGENT_DOWNLOAD_RIGHTS_REVIEW,D_NOT_A_REPLACEMENT,HIGH,0,,,,NO_PRIMARY_ROUTE_CHANGE; optionally add a Gita Press popular edition if catalog-matched,"Popular edition, translation, illustration or devotional explanation only where a matching product exists.","Critical/recensional evidence, population census, official calendrics, inscriptions, media rights or consented fieldwork.",Item-level rights review,https://gitapress.org/catalogue,Role is an acquisition overlay. It does not mark the target complete and does not merge distinct editions.
COR-0424,10 Sacred Places and Temples,Canonical pilgrimage sets,275 Paadal Petra Sthalams,AGENT_DOWNLOAD_RIGHTS_REVIEW,D_NOT_A_REPLACEMENT,HIGH,0,,,,NO_PRIMARY_ROUTE_CHANGE; optionally add a Gita Press popular edition if catalog-matched,"Popular edition, translation, illustration or devotional explanation only where a matching product exists.","Critical/recensional evidence, population census, official calendrics, inscriptions, media rights or consented fieldwork.",Item-level rights review,https://gitapress.org/catalogue,Role is an acquisition overlay. It does not mark the target complete and does not merge distinct editions.
COR-0425,10 Sacred Places and Temples,Canonical pilgrimage sets,Pancha Bhuta Sthalams,AGENT_DOWNLOAD_RIGHTS_REVIEW,D_NOT_A_REPLACEMENT,HIGH,0,,,,NO_PRIMARY_ROUTE_CHANGE; optionally add a Gita Press popular edition if catalog-matched,"Popular edition, translation, illustration or devotional explanation only where a matching product exists.","Critical/recensional evidence, population census, official calendrics, inscriptions, media rights or consented fieldwork.",Item-level rights review,https://gitapress.org/catalogue,Role is an acquisition overlay. It does not mark the target complete and does not merge distinct editions.
COR-0426,10 Sacred Places and Temples,Canonical pilgrimage sets,Sapta Puri,AGENT_DOWNLOAD_RIGHTS_REVIEW,D_NOT_A_REPLACEMENT,HIGH,0,,,,NO_PRIMARY_ROUTE_CHANGE; optionally add a Gita Press popular edition if catalog-matched,"Popular edition, translation, illustration or devotional explanation only where a matching product exists.","Critical/recensional evidence, population census, official calendrics, inscriptions, media rights or consented fieldwork.",Item-level rights review,https://gitapress.org/catalogue,Role is an acquisition overlay. It does not mark the target complete and does not merge distinct editions.
COR-0427,10 Sacred Places and Temples,Canonical pilgrimage sets,Char Dham and Chota Char Dham,AGENT_DOWNLOAD_RIGHTS_REVIEW,D_NOT_A_REPLACEMENT,HIGH,0,,,,NO_PRIMARY_ROUTE_CHANGE; optionally add a Gita Press popular edition if catalog-matched,"Popular edition, translation, illustration or devotional explanation only where a matching product exists.","Critical/recensional evidence, population census, official calendrics, inscriptions, media rights or consented fieldwork.",Item-level rights review,https://gitapress.org/catalogue,Role is an acquisition overlay. It does not mark the target complete and does not merge distinct editions.
COR-0428,10 Sacred Places and Temples,Canonical pilgrimage sets,Pancha Kedar,AGENT_DOWNLOAD_RIGHTS_REVIEW,D_NOT_A_REPLACEMENT,HIGH,0,,,,NO_PRIMARY_ROUTE_CHANGE; optionally add a Gita Press popular edition if catalog-matched,"Popular edition, translation, illustration or devotional explanation only where a matching product exists.","Critical/recensional evidence, population census, official calendrics, inscriptions, media rights or consented fieldwork.",Item-level rights review,https://gitapress.org/catalogue,Role is an acquisition overlay. It does not mark the target complete and does not merge distinct editions.
COR-0429,10 Sacred Places and Temples,Canonical pilgrimage sets,Pancha Badri,AGENT_DOWNLOAD_RIGHTS_REVIEW,D_NOT_A_REPLACEMENT,HIGH,0,,,,NO_PRIMARY_ROUTE_CHANGE; optionally add a Gita Press popular edition if catalog-matched,"Popular edition, translation, illustration or devotional explanation only where a matching product exists.","Critical/recensional evidence, population census, official calendrics, inscriptions, media rights or consented fieldwork.",Item-level rights review,https://gitapress.org/catalogue,Role is an acquisition overlay. It does not mark the target complete and does not merge distinct editions.
COR-0430,10 Sacred Places and Temples,Canonical pilgrimage sets,Pancha Prayag,AGENT_DOWNLOAD_RIGHTS_REVIEW,D_NOT_A_REPLACEMENT,HIGH,0,,,,NO_PRIMARY_ROUTE_CHANGE; optionally add a Gita Press popular edition if catalog-matched,"Popular edition, translation, illustration or devotional explanation only where a matching product exists.","Critical/recensional evidence, population census, official calendrics, inscriptions, media rights or consented fieldwork.",Item-level rights review,https://gitapress.org/catalogue,Role is an acquisition overlay. It does not mark the target complete and does not merge distinct editions.
COR-0431,10 Sacred Places and Temples,Canonical pilgrimage sets,Arupadai Veedu,AGENT_DOWNLOAD_RIGHTS_REVIEW,D_NOT_A_REPLACEMENT,HIGH,0,,,,NO_PRIMARY_ROUTE_CHANGE; optionally add a Gita Press popular edition if catalog-matched,"Popular edition, translation, illustration or devotional explanation only where a matching product exists.","Critical/recensional evidence, population census, official calendrics, inscriptions, media rights or consented fieldwork.",Item-level rights review,https://gitapress.org/catalogue,Role is an acquisition overlay. It does not mark the target complete and does not merge distinct editions.
COR-0432,10 Sacred Places and Temples,Canonical pilgrimage sets,Navagraha temple circuits,AGENT_DOWNLOAD_RIGHTS_REVIEW,D_NOT_A_REPLACEMENT,HIGH,0,,,,NO_PRIMARY_ROUTE_CHANGE; optionally add a Gita Press popular edition if catalog-matched,"Popular edition, translation, illustration or devotional explanation only where a matching product exists.","Critical/recensional evidence, population census, official calendrics, inscriptions, media rights or consented fieldwork.",Item-level rights review,https://gitapress.org/catalogue,Role is an acquisition overlay. It does not mark the target complete and does not merge distinct editions.
COR-0433,10 Sacred Places and Temples,Canonical pilgrimage sets,Ashta Vinayak,AGENT_DOWNLOAD_RIGHTS_REVIEW,D_NOT_A_REPLACEMENT,HIGH,0,,,,NO_PRIMARY_ROUTE_CHANGE; optionally add a Gita Press popular edition if catalog-matched,"Popular edition, translation, illustration or devotional explanation only where a matching product exists.","Critical/recensional evidence, population census, official calendrics, inscriptions, media rights or consented fieldwork.",Item-level rights review,https://gitapress.org/catalogue,Role is an acquisition overlay. It does not mark the target complete and does not merge distinct editions.
COR-0434,10 Sacred Places and Temples,Canonical pilgrimage sets,Dwadasha Aranya and regional sacred circuits,AGENT_DOWNLOAD_RIGHTS_REVIEW,D_NOT_A_REPLACEMENT,HIGH,0,,,,NO_PRIMARY_ROUTE_CHANGE; optionally add a Gita Press popular edition if catalog-matched,"Popular edition, translation, illustration or devotional explanation only where a matching product exists.","Critical/recensional evidence, population census, official calendrics, inscriptions, media rights or consented fieldwork.",Item-level rights review,https://gitapress.org/catalogue,Role is an acquisition overlay. It does not mark the target complete and does not merge distinct editions.
COR-0435,10 Sacred Places and Temples,Population-scale temple census,"Tamil Nadu HRCE 44,300+ temple information population",USER_NEGOTIATE_INSTITUTION,D_NOT_A_REPLACEMENT,HIGH,0,,,,NO_PRIMARY_ROUTE_CHANGE; optionally add a Gita Press popular edition if catalog-matched,"Popular edition, translation, illustration or devotional explanation only where a matching product exists.","Critical/recensional evidence, population census, official calendrics, inscriptions, media rights or consented fieldwork.",Secure bulk data/MOU from boards and trusts; crawl only where terms permit; fieldwork for missing sites,https://gitapress.org/catalogue,Role is an acquisition overlay. It does not mark the target complete and does not merge distinct editions.
COR-0436,10 Sacred Places and Temples,Population-scale temple census,All non-HRCE Tamil Nadu temples and shrines,USER_NEGOTIATE_INSTITUTION,D_NOT_A_REPLACEMENT,HIGH,0,,,,NO_PRIMARY_ROUTE_CHANGE; optionally add a Gita Press popular edition if catalog-matched,"Popular edition, translation, illustration or devotional explanation only where a matching product exists.","Critical/recensional evidence, population census, official calendrics, inscriptions, media rights or consented fieldwork.",Secure bulk data/MOU from boards and trusts; crawl only where terms permit; fieldwork for missing sites,https://gitapress.org/catalogue,Role is an acquisition overlay. It does not mark the target complete and does not merge distinct editions.
COR-0437,10 Sacred Places and Temples,Population-scale temple census,Kerala temples by Devaswom board and independent trust,USER_NEGOTIATE_INSTITUTION,D_NOT_A_REPLACEMENT,HIGH,0,,,,NO_PRIMARY_ROUTE_CHANGE; optionally add a Gita Press popular edition if catalog-matched,"Popular edition, translation, illustration or devotional explanation only where a matching product exists.","Critical/recensional evidence, population census, official calendrics, inscriptions, media rights or consented fieldwork.",Secure bulk data/MOU from boards and trusts; crawl only where terms permit; fieldwork for missing sites,https://gitapress.org/catalogue,Role is an acquisition overlay. It does not mark the target complete and does not merge distinct editions.
COR-0438,10 Sacred Places and Temples,Population-scale temple census,Karnataka Muzrai and independent temples,USER_NEGOTIATE_INSTITUTION,D_NOT_A_REPLACEMENT,HIGH,0,,,,NO_PRIMARY_ROUTE_CHANGE; optionally add a Gita Press popular edition if catalog-matched,"Popular edition, translation, illustration or devotional explanation only where a matching product exists.","Critical/recensional evidence, population census, official calendrics, inscriptions, media rights or consented fieldwork.",Secure bulk data/MOU from boards and trusts; crawl only where terms permit; fieldwork for missing sites,https://gitapress.org/catalogue,Role is an acquisition overlay. It does not mark the target complete and does not merge distinct editions.
COR-0439,10 Sacred Places and Temples,Population-scale temple census,Andhra Pradesh Endowments temples,USER_NEGOTIATE_INSTITUTION,D_NOT_A_REPLACEMENT,HIGH,0,,,,NO_PRIMARY_ROUTE_CHANGE; optionally add a Gita Press popular edition if catalog-matched,"Popular edition, translation, illustration or devotional explanation only where a matching product exists.","Critical/recensional evidence, population census, official calendrics, inscriptions, media rights or consented fieldwork.",Secure bulk data/MOU from boards and trusts; crawl only where terms permit; fieldwork for missing sites,https://gitapress.org/catalogue,Role is an acquisition overlay. It does not mark the target complete and does not merge distinct editions.
COR-0440,10 Sacred Places and Temples,Population-scale temple census,Telangana Endowments temples,USER_NEGOTIATE_INSTITUTION,D_NOT_A_REPLACEMENT,HIGH,0,,,,NO_PRIMARY_ROUTE_CHANGE; optionally add a Gita Press popular edition if catalog-matched,"Popular edition, translation, illustration or devotional explanation only where a matching product exists.","Critical/recensional evidence, population census, official calendrics, inscriptions, media rights or consented fieldwork.",Secure bulk data/MOU from boards and trusts; crawl only where terms permit; fieldwork for missing sites,https://gitapress.org/catalogue,Role is an acquisition overlay. It does not mark the target complete and does not merge distinct editions.
COR-0441,10 Sacred Places and Temples,Population-scale temple census,Odisha temples and mathas,USER_NEGOTIATE_INSTITUTION,D_NOT_A_REPLACEMENT,HIGH,0,,,,NO_PRIMARY_ROUTE_CHANGE; optionally add a Gita Press popular edition if catalog-matched,"Popular edition, translation, illustration or devotional explanation only where a matching product exists.","Critical/recensional evidence, population census, official calendrics, inscriptions, media rights or consented fieldwork.",Secure bulk data/MOU from boards and trusts; crawl only where terms permit; fieldwork for missing sites,https://gitapress.org/catalogue,Role is an acquisition overlay. It does not mark the target complete and does not merge distinct editions.
COR-0442,10 Sacred Places and Temples,Population-scale temple census,West Bengal temples and Shakta/Vaishnava sites,USER_NEGOTIATE_INSTITUTION,D_NOT_A_REPLACEMENT,HIGH,0,,,,NO_PRIMARY_ROUTE_CHANGE; optionally add a Gita Press popular edition if catalog-matched,"Popular edition, translation, illustration or devotional explanation only where a matching product exists.","Critical/recensional evidence, population census, official calendrics, inscriptions, media rights or consented fieldwork.",Secure bulk data/MOU from boards and trusts; crawl only where terms permit; fieldwork for missing sites,https://gitapress.org/catalogue,Role is an acquisition overlay. It does not mark the target complete and does not merge distinct editions.
COR-0443,10 Sacred Places and Temples,Population-scale temple census,Assam temples and sattras,USER_NEGOTIATE_INSTITUTION,D_NOT_A_REPLACEMENT,HIGH,0,,,,NO_PRIMARY_ROUTE_CHANGE; optionally add a Gita Press popular edition if catalog-matched,"Popular edition, translation, illustration or devotional explanation only where a matching product exists.","Critical/recensional evidence, population census, official calendrics, inscriptions, media rights or consented fieldwork.",Secure bulk data/MOU from boards and trusts; crawl only where terms permit; fieldwork for missing sites,https://gitapress.org/catalogue,Role is an acquisition overlay. It does not mark the target complete and does not merge distinct editions.
COR-0444,10 Sacred Places and Temples,Population-scale temple census,Bihar and Jharkhand sacred sites,USER_NEGOTIATE_INSTITUTION,D_NOT_A_REPLACEMENT,HIGH,0,,,,NO_PRIMARY_ROUTE_CHANGE; optionally add a Gita Press popular edition if catalog-matched,"Popular edition, translation, illustration or devotional explanation only where a matching product exists.","Critical/recensional evidence, population census, official calendrics, inscriptions, media rights or consented fieldwork.",Secure bulk data/MOU from boards and trusts; crawl only where terms permit; fieldwork for missing sites,https://gitapress.org/catalogue,Role is an acquisition overlay. It does not mark the target complete and does not merge distinct editions.
COR-0445,10 Sacred Places and Temples,Population-scale temple census,Uttar Pradesh temples and tirthas,USER_NEGOTIATE_INSTITUTION,D_NOT_A_REPLACEMENT,HIGH,0,,,,NO_PRIMARY_ROUTE_CHANGE; optionally add a Gita Press popular edition if catalog-matched,"Popular edition, translation, illustration or devotional explanation only where a matching product exists.","Critical/recensional evidence, population census, official calendrics, inscriptions, media rights or consented fieldwork.",Secure bulk data/MOU from boards and trusts; crawl only where terms permit; fieldwork for missing sites,https://gitapress.org/catalogue,Role is an acquisition overlay. It does not mark the target complete and does not merge distinct editions.
COR-0446,10 Sacred Places and Temples,Population-scale temple census,Uttarakhand temples and Himalayan pilgrimage sites,USER_NEGOTIATE_INSTITUTION,D_NOT_A_REPLACEMENT,HIGH,0,,,,NO_PRIMARY_ROUTE_CHANGE; optionally add a Gita Press popular edition if catalog-matched,"Popular edition, translation, illustration or devotional explanation only where a matching product exists.","Critical/recensional evidence, population census, official calendrics, inscriptions, media rights or consented fieldwork.",Secure bulk data/MOU from boards and trusts; crawl only where terms permit; fieldwork for missing sites,https://gitapress.org/catalogue,Role is an acquisition overlay. It does not mark the target complete and does not merge distinct editions.
COR-0447,10 Sacred Places and Temples,Population-scale temple census,Himachal Pradesh temples,USER_NEGOTIATE_INSTITUTION,D_NOT_A_REPLACEMENT,HIGH,0,,,,NO_PRIMARY_ROUTE_CHANGE; optionally add a Gita Press popular edition if catalog-matched,"Popular edition, translation, illustration or devotional explanation only where a matching product exists.","Critical/recensional evidence, population census, official calendrics, inscriptions, media rights or consented fieldwork.",Secure bulk data/MOU from boards and trusts; crawl only where terms permit; fieldwork for missing sites,https://gitapress.org/catalogue,Role is an acquisition overlay. It does not mark the target complete and does not merge distinct editions.
COR-0448,10 Sacred Places and Temples,Population-scale temple census,Jammu Kashmir and Ladakh Hindu sacred sites,USER_NEGOTIATE_INSTITUTION,D_NOT_A_REPLACEMENT,HIGH,0,,,,NO_PRIMARY_ROUTE_CHANGE; optionally add a Gita Press popular edition if catalog-matched,"Popular edition, translation, illustration or devotional explanation only where a matching product exists.","Critical/recensional evidence, population census, official calendrics, inscriptions, media rights or consented fieldwork.",Secure bulk data/MOU from boards and trusts; crawl only where terms permit; fieldwork for missing sites,https://gitapress.org/catalogue,Role is an acquisition overlay. It does not mark the target complete and does not merge distinct editions.
COR-0449,10 Sacred Places and Temples,Population-scale temple census,Punjab Haryana Chandigarh temples,USER_NEGOTIATE_INSTITUTION,D_NOT_A_REPLACEMENT,HIGH,0,,,,NO_PRIMARY_ROUTE_CHANGE; optionally add a Gita Press popular edition if catalog-matched,"Popular edition, translation, illustration or devotional explanation only where a matching product exists.","Critical/recensional evidence, population census, official calendrics, inscriptions, media rights or consented fieldwork.",Secure bulk data/MOU from boards and trusts; crawl only where terms permit; fieldwork for missing sites,https://gitapress.org/catalogue,Role is an acquisition overlay. It does not mark the target complete and does not merge distinct editions.
COR-0450,10 Sacred Places and Temples,Population-scale temple census,Rajasthan Devasthan temples,USER_NEGOTIATE_INSTITUTION,D_NOT_A_REPLACEMENT,HIGH,0,,,,NO_PRIMARY_ROUTE_CHANGE; optionally add a Gita Press popular edition if catalog-matched,"Popular edition, translation, illustration or devotional explanation only where a matching product exists.","Critical/recensional evidence, population census, official calendrics, inscriptions, media rights or consented fieldwork.",Secure bulk data/MOU from boards and trusts; crawl only where terms permit; fieldwork for missing sites,https://gitapress.org/catalogue,Role is an acquisition overlay. It does not mark the target complete and does not merge distinct editions.
COR-0451,10 Sacred Places and Temples,Population-scale temple census,Gujarat temples and tirthas,USER_NEGOTIATE_INSTITUTION,D_NOT_A_REPLACEMENT,HIGH,0,,,,NO_PRIMARY_ROUTE_CHANGE; optionally add a Gita Press popular edition if catalog-matched,"Popular edition, translation, illustration or devotional explanation only where a matching product exists.","Critical/recensional evidence, population census, official calendrics, inscriptions, media rights or consented fieldwork.",Secure bulk data/MOU from boards and trusts; crawl only where terms permit; fieldwork for missing sites,https://gitapress.org/catalogue,Role is an acquisition overlay. It does not mark the target complete and does not merge distinct editions.
COR-0452,10 Sacred Places and Temples,Population-scale temple census,Madhya Pradesh Chhattisgarh temples,USER_NEGOTIATE_INSTITUTION,D_NOT_A_REPLACEMENT,HIGH,0,,,,NO_PRIMARY_ROUTE_CHANGE; optionally add a Gita Press popular edition if catalog-matched,"Popular edition, translation, illustration or devotional explanation only where a matching product exists.","Critical/recensional evidence, population census, official calendrics, inscriptions, media rights or consented fieldwork.",Secure bulk data/MOU from boards and trusts; crawl only where terms permit; fieldwork for missing sites,https://gitapress.org/catalogue,Role is an acquisition overlay. It does not mark the target complete and does not merge distinct editions.
COR-0453,10 Sacred Places and Temples,Population-scale temple census,Maharashtra and Goa temples,USER_NEGOTIATE_INSTITUTION,D_NOT_A_REPLACEMENT,HIGH,0,,,,NO_PRIMARY_ROUTE_CHANGE; optionally add a Gita Press popular edition if catalog-matched,"Popular edition, translation, illustration or devotional explanation only where a matching product exists.","Critical/recensional evidence, population census, official calendrics, inscriptions, media rights or consented fieldwork.",Secure bulk data/MOU from boards and trusts; crawl only where terms permit; fieldwork for missing sites,https://gitapress.org/catalogue,Role is an acquisition overlay. It does not mark the target complete and does not merge distinct editions.
COR-0454,10 Sacred Places and Temples,Population-scale temple census,Northeast regional Hindu temples,USER_NEGOTIATE_INSTITUTION,D_NOT_A_REPLACEMENT,HIGH,0,,,,NO_PRIMARY_ROUTE_CHANGE; optionally add a Gita Press popular edition if catalog-matched,"Popular edition, translation, illustration or devotional explanation only where a matching product exists.","Critical/recensional evidence, population census, official calendrics, inscriptions, media rights or consented fieldwork.",Secure bulk data/MOU from boards and trusts; crawl only where terms permit; fieldwork for missing sites,https://gitapress.org/catalogue,Role is an acquisition overlay. It does not mark the target complete and does not merge distinct editions.
COR-0455,10 Sacred Places and Temples,Population-scale temple census,Nepal Hindu temples and tirthas,USER_NEGOTIATE_INSTITUTION,D_NOT_A_REPLACEMENT,HIGH,0,,,,NO_PRIMARY_ROUTE_CHANGE; optionally add a Gita Press popular edition if catalog-matched,"Popular edition, translation, illustration or devotional explanation only where a matching product exists.","Critical/recensional evidence, population census, official calendrics, inscriptions, media rights or consented fieldwork.",Secure bulk data/MOU from boards and trusts; crawl only where terms permit; fieldwork for missing sites,https://gitapress.org/catalogue,Role is an acquisition overlay. It does not mark the target complete and does not merge distinct editions.
COR-0456,10 Sacred Places and Temples,Population-scale temple census,Sri Lanka Hindu temples,USER_NEGOTIATE_INSTITUTION,D_NOT_A_REPLACEMENT,HIGH,0,,,,NO_PRIMARY_ROUTE_CHANGE; optionally add a Gita Press popular edition if catalog-matched,"Popular edition, translation, illustration or devotional explanation only where a matching product exists.","Critical/recensional evidence, population census, official calendrics, inscriptions, media rights or consented fieldwork.",Secure bulk data/MOU from boards and trusts; crawl only where terms permit; fieldwork for missing sites,https://gitapress.org/catalogue,Role is an acquisition overlay. It does not mark the target complete and does not merge distinct editions.
COR-0457,10 Sacred Places and Temples,Population-scale temple census,Bangladesh and Pakistan surviving Hindu sites,USER_NEGOTIATE_INSTITUTION,D_NOT_A_REPLACEMENT,HIGH,0,,,,NO_PRIMARY_ROUTE_CHANGE; optionally add a Gita Press popular edition if catalog-matched,"Popular edition, translation, illustration or devotional explanation only where a matching product exists.","Critical/recensional evidence, population census, official calendrics, inscriptions, media rights or consented fieldwork.",Secure bulk data/MOU from boards and trusts; crawl only where terms permit; fieldwork for missing sites,https://gitapress.org/catalogue,Role is an acquisition overlay. It does not mark the target complete and does not merge distinct editions.
COR-0458,10 Sacred Places and Temples,Population-scale temple census,Southeast Asian Hindu temple heritage,USER_NEGOTIATE_INSTITUTION,D_NOT_A_REPLACEMENT,HIGH,0,,,,NO_PRIMARY_ROUTE_CHANGE; optionally add a Gita Press popular edition if catalog-matched,"Popular edition, translation, illustration or devotional explanation only where a matching product exists.","Critical/recensional evidence, population census, official calendrics, inscriptions, media rights or consented fieldwork.",Secure bulk data/MOU from boards and trusts; crawl only where terms permit; fieldwork for missing sites,https://gitapress.org/catalogue,Role is an acquisition overlay. It does not mark the target complete and does not merge distinct editions.
COR-0459,10 Sacred Places and Temples,Population-scale temple census,Global diaspora mandirs and living communities,USER_NEGOTIATE_INSTITUTION,D_NOT_A_REPLACEMENT,HIGH,0,,,,NO_PRIMARY_ROUTE_CHANGE; optionally add a Gita Press popular edition if catalog-matched,"Popular edition, translation, illustration or devotional explanation only where a matching product exists.","Critical/recensional evidence, population census, official calendrics, inscriptions, media rights or consented fieldwork.",Secure bulk data/MOU from boards and trusts; crawl only where terms permit; fieldwork for missing sites,https://gitapress.org/catalogue,Role is an acquisition overlay. It does not mark the target complete and does not merge distinct editions.
COR-0460,11 Ritual and Lived Practice,Domestic and lifecycle,Daily nitya-karma manuals by tradition,USER_NEGOTIATE_INSTITUTION,B_SUPPLEMENTARY_PUBLISHED_SOURCE,MEDIUM_FOR_CATEGORY; LOW_FOR_EXACT_TARGET,0,,,,REQUEST_CATEGORY-LEVEL CATALOG AND ADD MATCHING ITEMS; keep existing acquisition route,"Stories, deity/saint biographies, daily practice, worship, festival guidance, picture stories or Kalyan thematic material.","Every regional variant, temple-specific procedure, living tradition or external source tradition.",Permissions from publishers/temples/lineages; document variants; commission missing procedures,https://gitapress.org/catalogue,Role is an acquisition overlay. It does not mark the target complete and does not merge distinct editions.
COR-0461,11 Ritual and Lived Practice,Domestic and lifecycle,Sandhyavandana by Vedic school,USER_NEGOTIATE_INSTITUTION,B_SUPPLEMENTARY_PUBLISHED_SOURCE,MEDIUM_FOR_CATEGORY; LOW_FOR_EXACT_TARGET,0,,,,REQUEST_CATEGORY-LEVEL CATALOG AND ADD MATCHING ITEMS; keep existing acquisition route,"Stories, deity/saint biographies, daily practice, worship, festival guidance, picture stories or Kalyan thematic material.","Every regional variant, temple-specific procedure, living tradition or external source tradition.",Permissions from publishers/temples/lineages; document variants; commission missing procedures,https://gitapress.org/catalogue,Role is an acquisition overlay. It does not mark the target complete and does not merge distinct editions.
COR-0462,11 Ritual and Lived Practice,Domestic and lifecycle,Home puja manuals by deity/tradition,USER_NEGOTIATE_INSTITUTION,B_SUPPLEMENTARY_PUBLISHED_SOURCE,MEDIUM_FOR_CATEGORY; LOW_FOR_EXACT_TARGET,0,,,,REQUEST_CATEGORY-LEVEL CATALOG AND ADD MATCHING ITEMS; keep existing acquisition route,"Stories, deity/saint biographies, daily practice, worship, festival guidance, picture stories or Kalyan thematic material.","Every regional variant, temple-specific procedure, living tradition or external source tradition.",Permissions from publishers/temples/lineages; document variants; commission missing procedures,https://gitapress.org/catalogue,Role is an acquisition overlay. It does not mark the target complete and does not merge distinct editions.
COR-0463,11 Ritual and Lived Practice,Domestic and lifecycle,Samskara manuals from conception through antyeshti,USER_NEGOTIATE_INSTITUTION,B_SUPPLEMENTARY_PUBLISHED_SOURCE,MEDIUM_FOR_CATEGORY; LOW_FOR_EXACT_TARGET,0,,,,REQUEST_CATEGORY-LEVEL CATALOG AND ADD MATCHING ITEMS; keep existing acquisition route,"Stories, deity/saint biographies, daily practice, worship, festival guidance, picture stories or Kalyan thematic material.","Every regional variant, temple-specific procedure, living tradition or external source tradition.",Permissions from publishers/temples/lineages; document variants; commission missing procedures,https://gitapress.org/catalogue,Role is an acquisition overlay. It does not mark the target complete and does not merge distinct editions.
COR-0464,11 Ritual and Lived Practice,Domestic and lifecycle,Shraddha and ancestor rites by region/tradition,USER_NEGOTIATE_INSTITUTION,B_SUPPLEMENTARY_PUBLISHED_SOURCE,MEDIUM_FOR_CATEGORY; LOW_FOR_EXACT_TARGET,0,,,,REQUEST_CATEGORY-LEVEL CATALOG AND ADD MATCHING ITEMS; keep existing acquisition route,"Stories, deity/saint biographies, daily practice, worship, festival guidance, picture stories or Kalyan thematic material.","Every regional variant, temple-specific procedure, living tradition or external source tradition.",Permissions from publishers/temples/lineages; document variants; commission missing procedures,https://gitapress.org/catalogue,Role is an acquisition overlay. It does not mark the target complete and does not merge distinct editions.
COR-0465,11 Ritual and Lived Practice,Domestic and lifecycle,Vrata manuals and vrata-katha corpus,USER_NEGOTIATE_INSTITUTION,B_SUPPLEMENTARY_PUBLISHED_SOURCE,MEDIUM_FOR_CATEGORY; LOW_FOR_EXACT_TARGET,0,,,,REQUEST_CATEGORY-LEVEL CATALOG AND ADD MATCHING ITEMS; keep existing acquisition route,"Stories, deity/saint biographies, daily practice, worship, festival guidance, picture stories or Kalyan thematic material.","Every regional variant, temple-specific procedure, living tradition or external source tradition.",Permissions from publishers/temples/lineages; document variants; commission missing procedures,https://gitapress.org/catalogue,Role is an acquisition overlay. It does not mark the target complete and does not merge distinct editions.
COR-0466,11 Ritual and Lived Practice,Domestic and lifecycle,Fasting rules including Ekadashi traditions,USER_NEGOTIATE_INSTITUTION,B_SUPPLEMENTARY_PUBLISHED_SOURCE,MEDIUM_FOR_CATEGORY; LOW_FOR_EXACT_TARGET,0,,,,REQUEST_CATEGORY-LEVEL CATALOG AND ADD MATCHING ITEMS; keep existing acquisition route,"Stories, deity/saint biographies, daily practice, worship, festival guidance, picture stories or Kalyan thematic material.","Every regional variant, temple-specific procedure, living tradition or external source tradition.",Permissions from publishers/temples/lineages; document variants; commission missing procedures,https://gitapress.org/catalogue,Role is an acquisition overlay. It does not mark the target complete and does not merge distinct editions.
COR-0467,11 Ritual and Lived Practice,Domestic and lifecycle,Household festival procedure corpus,USER_NEGOTIATE_INSTITUTION,B_SUPPLEMENTARY_PUBLISHED_SOURCE,MEDIUM_FOR_CATEGORY; LOW_FOR_EXACT_TARGET,0,,,,REQUEST_CATEGORY-LEVEL CATALOG AND ADD MATCHING ITEMS; keep existing acquisition route,"Stories, deity/saint biographies, daily practice, worship, festival guidance, picture stories or Kalyan thematic material.","Every regional variant, temple-specific procedure, living tradition or external source tradition.",Permissions from publishers/temples/lineages; document variants; commission missing procedures,https://gitapress.org/catalogue,Role is an acquisition overlay. It does not mark the target complete and does not merge distinct editions.
COR-0468,11 Ritual and Lived Practice,Domestic and lifecycle,Pilgrimage procedure and sankalpa manuals,USER_NEGOTIATE_INSTITUTION,B_SUPPLEMENTARY_PUBLISHED_SOURCE,MEDIUM_FOR_CATEGORY; LOW_FOR_EXACT_TARGET,0,,,,REQUEST_CATEGORY-LEVEL CATALOG AND ADD MATCHING ITEMS; keep existing acquisition route,"Stories, deity/saint biographies, daily practice, worship, festival guidance, picture stories or Kalyan thematic material.","Every regional variant, temple-specific procedure, living tradition or external source tradition.",Permissions from publishers/temples/lineages; document variants; commission missing procedures,https://gitapress.org/catalogue,Role is an acquisition overlay. It does not mark the target complete and does not merge distinct editions.
COR-0469,11 Ritual and Lived Practice,Domestic and lifecycle,Modern trusted how-to guidance from institutions,USER_NEGOTIATE_INSTITUTION,B_SUPPLEMENTARY_PUBLISHED_SOURCE,MEDIUM_FOR_CATEGORY; LOW_FOR_EXACT_TARGET,0,,,,REQUEST_CATEGORY-LEVEL CATALOG AND ADD MATCHING ITEMS; keep existing acquisition route,"Stories, deity/saint biographies, daily practice, worship, festival guidance, picture stories or Kalyan thematic material.","Every regional variant, temple-specific procedure, living tradition or external source tradition.",Permissions from publishers/temples/lineages; document variants; commission missing procedures,https://gitapress.org/catalogue,Role is an acquisition overlay. It does not mark the target complete and does not merge distinct editions.
COR-0470,11 Ritual and Lived Practice,Temple and priestly,"Nitya, naimittika and kamya temple ritual manuals",USER_COMMISSION_FIELDWORK,B_SUPPLEMENTARY_PUBLISHED_SOURCE,MEDIUM_FOR_CATEGORY; LOW_FOR_EXACT_TARGET,0,,,,REQUEST_CATEGORY-LEVEL CATALOG AND ADD MATCHING ITEMS; keep existing acquisition route,"Stories, deity/saint biographies, daily practice, worship, festival guidance, picture stories or Kalyan thematic material.","Every regional variant, temple-specific procedure, living tradition or external source tradition.","Fieldwork, informed consent, cultural protocol and institution-specific permissions",https://gitapress.org/catalogue,Role is an acquisition overlay. It does not mark the target complete and does not merge distinct editions.
COR-0471,11 Ritual and Lived Practice,Temple and priestly,Consecration and renovation ritual corpus,USER_COMMISSION_FIELDWORK,B_SUPPLEMENTARY_PUBLISHED_SOURCE,MEDIUM_FOR_CATEGORY; LOW_FOR_EXACT_TARGET,0,,,,REQUEST_CATEGORY-LEVEL CATALOG AND ADD MATCHING ITEMS; keep existing acquisition route,"Stories, deity/saint biographies, daily practice, worship, festival guidance, picture stories or Kalyan thematic material.","Every regional variant, temple-specific procedure, living tradition or external source tradition.","Fieldwork, informed consent, cultural protocol and institution-specific permissions",https://gitapress.org/catalogue,Role is an acquisition overlay. It does not mark the target complete and does not merge distinct editions.
COR-0472,11 Ritual and Lived Practice,Temple and priestly,Utsava procedure manuals,USER_COMMISSION_FIELDWORK,B_SUPPLEMENTARY_PUBLISHED_SOURCE,MEDIUM_FOR_CATEGORY; LOW_FOR_EXACT_TARGET,0,,,,REQUEST_CATEGORY-LEVEL CATALOG AND ADD MATCHING ITEMS; keep existing acquisition route,"Stories, deity/saint biographies, daily practice, worship, festival guidance, picture stories or Kalyan thematic material.","Every regional variant, temple-specific procedure, living tradition or external source tradition.","Fieldwork, informed consent, cultural protocol and institution-specific permissions",https://gitapress.org/catalogue,Role is an acquisition overlay. It does not mark the target complete and does not merge distinct editions.
COR-0473,11 Ritual and Lived Practice,Temple and priestly,"Alankara, naivedya and music service traditions",USER_COMMISSION_FIELDWORK,B_SUPPLEMENTARY_PUBLISHED_SOURCE,MEDIUM_FOR_CATEGORY; LOW_FOR_EXACT_TARGET,0,,,,REQUEST_CATEGORY-LEVEL CATALOG AND ADD MATCHING ITEMS; keep existing acquisition route,"Stories, deity/saint biographies, daily practice, worship, festival guidance, picture stories or Kalyan thematic material.","Every regional variant, temple-specific procedure, living tradition or external source tradition.","Fieldwork, informed consent, cultural protocol and institution-specific permissions",https://gitapress.org/catalogue,Role is an acquisition overlay. It does not mark the target complete and does not merge distinct editions.
COR-0474,11 Ritual and Lived Practice,Temple and priestly,Temple kitchen and prasada traditions,USER_COMMISSION_FIELDWORK,B_SUPPLEMENTARY_PUBLISHED_SOURCE,MEDIUM_FOR_CATEGORY; LOW_FOR_EXACT_TARGET,0,,,,REQUEST_CATEGORY-LEVEL CATALOG AND ADD MATCHING ITEMS; keep existing acquisition route,"Stories, deity/saint biographies, daily practice, worship, festival guidance, picture stories or Kalyan thematic material.","Every regional variant, temple-specific procedure, living tradition or external source tradition.","Fieldwork, informed consent, cultural protocol and institution-specific permissions",https://gitapress.org/catalogue,Role is an acquisition overlay. It does not mark the target complete and does not merge distinct editions.
COR-0475,11 Ritual and Lived Practice,Temple and priestly,Priestly oral explanations and local procedure registers,USER_COMMISSION_FIELDWORK,B_SUPPLEMENTARY_PUBLISHED_SOURCE,MEDIUM_FOR_CATEGORY; LOW_FOR_EXACT_TARGET,0,,,,REQUEST_CATEGORY-LEVEL CATALOG AND ADD MATCHING ITEMS; keep existing acquisition route,"Stories, deity/saint biographies, daily practice, worship, festival guidance, picture stories or Kalyan thematic material.","Every regional variant, temple-specific procedure, living tradition or external source tradition.","Fieldwork, informed consent, cultural protocol and institution-specific permissions",https://gitapress.org/catalogue,Role is an acquisition overlay. It does not mark the target complete and does not merge distinct editions.
COR-0476,11 Ritual and Lived Practice,Temple and priestly,Women's domestic ritual and oral vrata traditions,USER_COMMISSION_FIELDWORK,B_SUPPLEMENTARY_PUBLISHED_SOURCE,MEDIUM_FOR_CATEGORY; LOW_FOR_EXACT_TARGET,0,,,,REQUEST_CATEGORY-LEVEL CATALOG AND ADD MATCHING ITEMS; keep existing acquisition route,"Stories, deity/saint biographies, daily practice, worship, festival guidance, picture stories or Kalyan thematic material.","Every regional variant, temple-specific procedure, living tradition or external source tradition.","Fieldwork, informed consent, cultural protocol and institution-specific permissions",https://gitapress.org/catalogue,Role is an acquisition overlay. It does not mark the target complete and does not merge distinct editions.
COR-0477,11 Ritual and Lived Practice,Temple and priestly,"Folk, tribal and regional Hindu ritual traditions",USER_COMMISSION_FIELDWORK,B_SUPPLEMENTARY_PUBLISHED_SOURCE,MEDIUM_FOR_CATEGORY; LOW_FOR_EXACT_TARGET,0,,,,REQUEST_CATEGORY-LEVEL CATALOG AND ADD MATCHING ITEMS; keep existing acquisition route,"Stories, deity/saint biographies, daily practice, worship, festival guidance, picture stories or Kalyan thematic material.","Every regional variant, temple-specific procedure, living tradition or external source tradition.","Fieldwork, informed consent, cultural protocol and institution-specific permissions",https://gitapress.org/catalogue,Role is an acquisition overlay. It does not mark the target complete and does not merge distinct editions.
COR-0478,12 Calendrics and Panchanga,Astronomical and regional calendars,Rashtriya Panchang annual editions and tables,AGENT_DOWNLOAD_RIGHTS_REVIEW,D_NOT_A_REPLACEMENT,HIGH,0,,,,NO_PRIMARY_ROUTE_CHANGE; optionally add a Gita Press popular edition if catalog-matched,"Popular edition, translation, illustration or devotional explanation only where a matching product exists.","Critical/recensional evidence, population census, official calendrics, inscriptions, media rights or consented fieldwork.",Download government/open tables; license publisher panchangas; derive only with auditable algorithms,https://gitapress.org/catalogue,Role is an acquisition overlay. It does not mark the target complete and does not merge distinct editions.
COR-0479,12 Calendrics and Panchanga,Astronomical and regional calendars,Surya Siddhanta and astronomical canon,AGENT_DOWNLOAD_RIGHTS_REVIEW,D_NOT_A_REPLACEMENT,HIGH,0,,,,NO_PRIMARY_ROUTE_CHANGE; optionally add a Gita Press popular edition if catalog-matched,"Popular edition, translation, illustration or devotional explanation only where a matching product exists.","Critical/recensional evidence, population census, official calendrics, inscriptions, media rights or consented fieldwork.",Download government/open tables; license publisher panchangas; derive only with auditable algorithms,https://gitapress.org/catalogue,Role is an acquisition overlay. It does not mark the target complete and does not merge distinct editions.
COR-0480,12 Calendrics and Panchanga,Astronomical and regional calendars,Drik and vakya panchanga calculation traditions,AGENT_DOWNLOAD_RIGHTS_REVIEW,D_NOT_A_REPLACEMENT,HIGH,0,,,,NO_PRIMARY_ROUTE_CHANGE; optionally add a Gita Press popular edition if catalog-matched,"Popular edition, translation, illustration or devotional explanation only where a matching product exists.","Critical/recensional evidence, population census, official calendrics, inscriptions, media rights or consented fieldwork.",Download government/open tables; license publisher panchangas; derive only with auditable algorithms,https://gitapress.org/catalogue,Role is an acquisition overlay. It does not mark the target complete and does not merge distinct editions.
COR-0481,12 Calendrics and Panchanga,Astronomical and regional calendars,Amanta and purnimanta lunar calendars,AGENT_DOWNLOAD_RIGHTS_REVIEW,D_NOT_A_REPLACEMENT,HIGH,0,,,,NO_PRIMARY_ROUTE_CHANGE; optionally add a Gita Press popular edition if catalog-matched,"Popular edition, translation, illustration or devotional explanation only where a matching product exists.","Critical/recensional evidence, population census, official calendrics, inscriptions, media rights or consented fieldwork.",Download government/open tables; license publisher panchangas; derive only with auditable algorithms,https://gitapress.org/catalogue,Role is an acquisition overlay. It does not mark the target complete and does not merge distinct editions.
COR-0482,12 Calendrics and Panchanga,Astronomical and regional calendars,"Solar calendars — Tamil, Malayalam, Bengali, Odia, Assamese and related",AGENT_DOWNLOAD_RIGHTS_REVIEW,D_NOT_A_REPLACEMENT,HIGH,0,,,,NO_PRIMARY_ROUTE_CHANGE; optionally add a Gita Press popular edition if catalog-matched,"Popular edition, translation, illustration or devotional explanation only where a matching product exists.","Critical/recensional evidence, population census, official calendrics, inscriptions, media rights or consented fieldwork.",Download government/open tables; license publisher panchangas; derive only with auditable algorithms,https://gitapress.org/catalogue,Role is an acquisition overlay. It does not mark the target complete and does not merge distinct editions.
COR-0483,12 Calendrics and Panchanga,Astronomical and regional calendars,Regional panchang annuals by state/language,AGENT_DOWNLOAD_RIGHTS_REVIEW,D_NOT_A_REPLACEMENT,HIGH,0,,,,NO_PRIMARY_ROUTE_CHANGE; optionally add a Gita Press popular edition if catalog-matched,"Popular edition, translation, illustration or devotional explanation only where a matching product exists.","Critical/recensional evidence, population census, official calendrics, inscriptions, media rights or consented fieldwork.",Download government/open tables; license publisher panchangas; derive only with auditable algorithms,https://gitapress.org/catalogue,Role is an acquisition overlay. It does not mark the target complete and does not merge distinct editions.
COR-0484,12 Calendrics and Panchanga,Astronomical and regional calendars,Temple-specific calendars,AGENT_DOWNLOAD_RIGHTS_REVIEW,D_NOT_A_REPLACEMENT,HIGH,0,,,,NO_PRIMARY_ROUTE_CHANGE; optionally add a Gita Press popular edition if catalog-matched,"Popular edition, translation, illustration or devotional explanation only where a matching product exists.","Critical/recensional evidence, population census, official calendrics, inscriptions, media rights or consented fieldwork.",Download government/open tables; license publisher panchangas; derive only with auditable algorithms,https://gitapress.org/catalogue,Role is an acquisition overlay. It does not mark the target complete and does not merge distinct editions.
COR-0485,12 Calendrics and Panchanga,Astronomical and regional calendars,Matha/sampradaya calendars,AGENT_DOWNLOAD_RIGHTS_REVIEW,D_NOT_A_REPLACEMENT,HIGH,0,,,,NO_PRIMARY_ROUTE_CHANGE; optionally add a Gita Press popular edition if catalog-matched,"Popular edition, translation, illustration or devotional explanation only where a matching product exists.","Critical/recensional evidence, population census, official calendrics, inscriptions, media rights or consented fieldwork.",Download government/open tables; license publisher panchangas; derive only with auditable algorithms,https://gitapress.org/catalogue,Role is an acquisition overlay. It does not mark the target complete and does not merge distinct editions.
COR-0486,12 Calendrics and Panchanga,Astronomical and regional calendars,Diaspora location-specific panchangas,AGENT_DOWNLOAD_RIGHTS_REVIEW,D_NOT_A_REPLACEMENT,HIGH,0,,,,NO_PRIMARY_ROUTE_CHANGE; optionally add a Gita Press popular edition if catalog-matched,"Popular edition, translation, illustration or devotional explanation only where a matching product exists.","Critical/recensional evidence, population census, official calendrics, inscriptions, media rights or consented fieldwork.",Download government/open tables; license publisher panchangas; derive only with auditable algorithms,https://gitapress.org/catalogue,Role is an acquisition overlay. It does not mark the target complete and does not merge distinct editions.
COR-0487,12 Calendrics and Panchanga,Astronomical and regional calendars,Festival date rule corpus including adhika/kshaya/intercalation and local observance rules,AGENT_DOWNLOAD_RIGHTS_REVIEW,D_NOT_A_REPLACEMENT,HIGH,0,,,,NO_PRIMARY_ROUTE_CHANGE; optionally add a Gita Press popular edition if catalog-matched,"Popular edition, translation, illustration or devotional explanation only where a matching product exists.","Critical/recensional evidence, population census, official calendrics, inscriptions, media rights or consented fieldwork.",Download government/open tables; license publisher panchangas; derive only with auditable algorithms,https://gitapress.org/catalogue,Role is an acquisition overlay. It does not mark the target complete and does not merge distinct editions.
COR-0488,13 Festivals and Observances,Festival dossiers,Pan-Indian major festival corpus,USER_NEGOTIATE_INSTITUTION,B_SUPPLEMENTARY_PUBLISHED_SOURCE,MEDIUM_FOR_CATEGORY; LOW_FOR_EXACT_TARGET,0,,,,REQUEST_CATEGORY-LEVEL CATALOG AND ADD MATCHING ITEMS; keep existing acquisition route,"Stories, deity/saint biographies, daily practice, worship, festival guidance, picture stories or Kalyan thematic material.","Every regional variant, temple-specific procedure, living tradition or external source tradition.","Combine public sources with permissions from temples, committees and publishers",https://gitapress.org/catalogue,Role is an acquisition overlay. It does not mark the target complete and does not merge distinct editions.
COR-0489,13 Festivals and Observances,Festival dossiers,Regional and state festival corpus,USER_NEGOTIATE_INSTITUTION,B_SUPPLEMENTARY_PUBLISHED_SOURCE,MEDIUM_FOR_CATEGORY; LOW_FOR_EXACT_TARGET,0,,,,REQUEST_CATEGORY-LEVEL CATALOG AND ADD MATCHING ITEMS; keep existing acquisition route,"Stories, deity/saint biographies, daily practice, worship, festival guidance, picture stories or Kalyan thematic material.","Every regional variant, temple-specific procedure, living tradition or external source tradition.","Combine public sources with permissions from temples, committees and publishers",https://gitapress.org/catalogue,Role is an acquisition overlay. It does not mark the target complete and does not merge distinct editions.
COR-0490,13 Festivals and Observances,Festival dossiers,Temple-specific festival corpus,USER_NEGOTIATE_INSTITUTION,B_SUPPLEMENTARY_PUBLISHED_SOURCE,MEDIUM_FOR_CATEGORY; LOW_FOR_EXACT_TARGET,0,,,,REQUEST_CATEGORY-LEVEL CATALOG AND ADD MATCHING ITEMS; keep existing acquisition route,"Stories, deity/saint biographies, daily practice, worship, festival guidance, picture stories or Kalyan thematic material.","Every regional variant, temple-specific procedure, living tradition or external source tradition.","Combine public sources with permissions from temples, committees and publishers",https://gitapress.org/catalogue,Role is an acquisition overlay. It does not mark the target complete and does not merge distinct editions.
COR-0491,13 Festivals and Observances,Festival dossiers,Deity-specific jayanti and utsava corpus,USER_NEGOTIATE_INSTITUTION,B_SUPPLEMENTARY_PUBLISHED_SOURCE,MEDIUM_FOR_CATEGORY; LOW_FOR_EXACT_TARGET,0,,,,REQUEST_CATEGORY-LEVEL CATALOG AND ADD MATCHING ITEMS; keep existing acquisition route,"Stories, deity/saint biographies, daily practice, worship, festival guidance, picture stories or Kalyan thematic material.","Every regional variant, temple-specific procedure, living tradition or external source tradition.","Combine public sources with permissions from temples, committees and publishers",https://gitapress.org/catalogue,Role is an acquisition overlay. It does not mark the target complete and does not merge distinct editions.
COR-0492,13 Festivals and Observances,Festival dossiers,Monthly tithi observance corpus,USER_NEGOTIATE_INSTITUTION,B_SUPPLEMENTARY_PUBLISHED_SOURCE,MEDIUM_FOR_CATEGORY; LOW_FOR_EXACT_TARGET,0,,,,REQUEST_CATEGORY-LEVEL CATALOG AND ADD MATCHING ITEMS; keep existing acquisition route,"Stories, deity/saint biographies, daily practice, worship, festival guidance, picture stories or Kalyan thematic material.","Every regional variant, temple-specific procedure, living tradition or external source tradition.","Combine public sources with permissions from temples, committees and publishers",https://gitapress.org/catalogue,Role is an acquisition overlay. It does not mark the target complete and does not merge distinct editions.
COR-0493,13 Festivals and Observances,Festival dossiers,Weekly deity observance corpus,USER_NEGOTIATE_INSTITUTION,B_SUPPLEMENTARY_PUBLISHED_SOURCE,MEDIUM_FOR_CATEGORY; LOW_FOR_EXACT_TARGET,0,,,,REQUEST_CATEGORY-LEVEL CATALOG AND ADD MATCHING ITEMS; keep existing acquisition route,"Stories, deity/saint biographies, daily practice, worship, festival guidance, picture stories or Kalyan thematic material.","Every regional variant, temple-specific procedure, living tradition or external source tradition.","Combine public sources with permissions from temples, committees and publishers",https://gitapress.org/catalogue,Role is an acquisition overlay. It does not mark the target complete and does not merge distinct editions.
COR-0494,13 Festivals and Observances,Festival dossiers,Ekadashi corpus by name and tradition,USER_NEGOTIATE_INSTITUTION,B_SUPPLEMENTARY_PUBLISHED_SOURCE,MEDIUM_FOR_CATEGORY; LOW_FOR_EXACT_TARGET,0,,,,REQUEST_CATEGORY-LEVEL CATALOG AND ADD MATCHING ITEMS; keep existing acquisition route,"Stories, deity/saint biographies, daily practice, worship, festival guidance, picture stories or Kalyan thematic material.","Every regional variant, temple-specific procedure, living tradition or external source tradition.","Combine public sources with permissions from temples, committees and publishers",https://gitapress.org/catalogue,Role is an acquisition overlay. It does not mark the target complete and does not merge distinct editions.
COR-0495,13 Festivals and Observances,Festival dossiers,"Pradosha, Sankashti, Purnima and Amavasya observances",USER_NEGOTIATE_INSTITUTION,B_SUPPLEMENTARY_PUBLISHED_SOURCE,MEDIUM_FOR_CATEGORY; LOW_FOR_EXACT_TARGET,0,,,,REQUEST_CATEGORY-LEVEL CATALOG AND ADD MATCHING ITEMS; keep existing acquisition route,"Stories, deity/saint biographies, daily practice, worship, festival guidance, picture stories or Kalyan thematic material.","Every regional variant, temple-specific procedure, living tradition or external source tradition.","Combine public sources with permissions from temples, committees and publishers",https://gitapress.org/catalogue,Role is an acquisition overlay. It does not mark the target complete and does not merge distinct editions.
COR-0496,13 Festivals and Observances,Festival dossiers,Navaratri regional traditions,USER_NEGOTIATE_INSTITUTION,B_SUPPLEMENTARY_PUBLISHED_SOURCE,MEDIUM_FOR_CATEGORY; LOW_FOR_EXACT_TARGET,0,,,,REQUEST_CATEGORY-LEVEL CATALOG AND ADD MATCHING ITEMS; keep existing acquisition route,"Stories, deity/saint biographies, daily practice, worship, festival guidance, picture stories or Kalyan thematic material.","Every regional variant, temple-specific procedure, living tradition or external source tradition.","Combine public sources with permissions from temples, committees and publishers",https://gitapress.org/catalogue,Role is an acquisition overlay. It does not mark the target complete and does not merge distinct editions.
COR-0497,13 Festivals and Observances,Festival dossiers,Durga Puja complete ritual and cultural corpus,USER_NEGOTIATE_INSTITUTION,B_SUPPLEMENTARY_PUBLISHED_SOURCE,MEDIUM_FOR_CATEGORY; LOW_FOR_EXACT_TARGET,0,,,,REQUEST_CATEGORY-LEVEL CATALOG AND ADD MATCHING ITEMS; keep existing acquisition route,"Stories, deity/saint biographies, daily practice, worship, festival guidance, picture stories or Kalyan thematic material.","Every regional variant, temple-specific procedure, living tradition or external source tradition.","Combine public sources with permissions from temples, committees and publishers",https://gitapress.org/catalogue,Role is an acquisition overlay. It does not mark the target complete and does not merge distinct editions.
COR-0498,13 Festivals and Observances,Festival dossiers,Onam and Kerala temple-festival corpus,USER_NEGOTIATE_INSTITUTION,B_SUPPLEMENTARY_PUBLISHED_SOURCE,MEDIUM_FOR_CATEGORY; LOW_FOR_EXACT_TARGET,0,,,,REQUEST_CATEGORY-LEVEL CATALOG AND ADD MATCHING ITEMS; keep existing acquisition route,"Stories, deity/saint biographies, daily practice, worship, festival guidance, picture stories or Kalyan thematic material.","Every regional variant, temple-specific procedure, living tradition or external source tradition.","Combine public sources with permissions from temples, committees and publishers",https://gitapress.org/catalogue,Role is an acquisition overlay. It does not mark the target complete and does not merge distinct editions.
COR-0499,13 Festivals and Observances,Festival dossiers,Pongal/Makar Sankranti regional traditions,USER_NEGOTIATE_INSTITUTION,B_SUPPLEMENTARY_PUBLISHED_SOURCE,MEDIUM_FOR_CATEGORY; LOW_FOR_EXACT_TARGET,0,,,,REQUEST_CATEGORY-LEVEL CATALOG AND ADD MATCHING ITEMS; keep existing acquisition route,"Stories, deity/saint biographies, daily practice, worship, festival guidance, picture stories or Kalyan thematic material.","Every regional variant, temple-specific procedure, living tradition or external source tradition.","Combine public sources with permissions from temples, committees and publishers",https://gitapress.org/catalogue,Role is an acquisition overlay. It does not mark the target complete and does not merge distinct editions.
COR-0500,13 Festivals and Observances,Festival dossiers,Ratha Yatra traditions,USER_NEGOTIATE_INSTITUTION,B_SUPPLEMENTARY_PUBLISHED_SOURCE,MEDIUM_FOR_CATEGORY; LOW_FOR_EXACT_TARGET,0,,,,REQUEST_CATEGORY-LEVEL CATALOG AND ADD MATCHING ITEMS; keep existing acquisition route,"Stories, deity/saint biographies, daily practice, worship, festival guidance, picture stories or Kalyan thematic material.","Every regional variant, temple-specific procedure, living tradition or external source tradition.","Combine public sources with permissions from temples, committees and publishers",https://gitapress.org/catalogue,Role is an acquisition overlay. It does not mark the target complete and does not merge distinct editions.
COR-0501,13 Festivals and Observances,Festival dossiers,Kumbha Mela and pilgrimage-event corpus,USER_NEGOTIATE_INSTITUTION,B_SUPPLEMENTARY_PUBLISHED_SOURCE,MEDIUM_FOR_CATEGORY; LOW_FOR_EXACT_TARGET,0,,,,REQUEST_CATEGORY-LEVEL CATALOG AND ADD MATCHING ITEMS; keep existing acquisition route,"Stories, deity/saint biographies, daily practice, worship, festival guidance, picture stories or Kalyan thematic material.","Every regional variant, temple-specific procedure, living tradition or external source tradition.","Combine public sources with permissions from temples, committees and publishers",https://gitapress.org/catalogue,Role is an acquisition overlay. It does not mark the target complete and does not merge distinct editions.
COR-0502,13 Festivals and Observances,Festival dossiers,Modern and diaspora festival adaptations,USER_NEGOTIATE_INSTITUTION,B_SUPPLEMENTARY_PUBLISHED_SOURCE,MEDIUM_FOR_CATEGORY; LOW_FOR_EXACT_TARGET,0,,,,REQUEST_CATEGORY-LEVEL CATALOG AND ADD MATCHING ITEMS; keep existing acquisition route,"Stories, deity/saint biographies, daily practice, worship, festival guidance, picture stories or Kalyan thematic material.","Every regional variant, temple-specific procedure, living tradition or external source tradition.","Combine public sources with permissions from temples, committees and publishers",https://gitapress.org/catalogue,Role is an acquisition overlay. It does not mark the target complete and does not merge distinct editions.
COR-0503,14 Material Visual and Epigraphic,Art and objects,Murti/iconography image corpus by deity/form/period/region,USER_NEGOTIATE_INSTITUTION,D_NOT_A_REPLACEMENT,HIGH,0,,,,NO_PRIMARY_ROUTE_CHANGE; optionally add a Gita Press popular edition if catalog-matched,"Popular edition, translation, illustration or devotional explanation only where a matching product exists.","Critical/recensional evidence, population census, official calendrics, inscriptions, media rights or consented fieldwork.",Museum/archive licences or open-access download; commission photography where permitted,https://gitapress.org/catalogue,Role is an acquisition overlay. It does not mark the target complete and does not merge distinct editions.
COR-0504,14 Material Visual and Epigraphic,Art and objects,"Temple architecture image, plan and 3D corpus",USER_NEGOTIATE_INSTITUTION,D_NOT_A_REPLACEMENT,HIGH,0,,,,NO_PRIMARY_ROUTE_CHANGE; optionally add a Gita Press popular edition if catalog-matched,"Popular edition, translation, illustration or devotional explanation only where a matching product exists.","Critical/recensional evidence, population census, official calendrics, inscriptions, media rights or consented fieldwork.",Museum/archive licences or open-access download; commission photography where permitted,https://gitapress.org/catalogue,Role is an acquisition overlay. It does not mark the target complete and does not merge distinct editions.
COR-0505,14 Material Visual and Epigraphic,Art and objects,Manuscript illustration corpus,USER_NEGOTIATE_INSTITUTION,D_NOT_A_REPLACEMENT,HIGH,0,,,,NO_PRIMARY_ROUTE_CHANGE; optionally add a Gita Press popular edition if catalog-matched,"Popular edition, translation, illustration or devotional explanation only where a matching product exists.","Critical/recensional evidence, population census, official calendrics, inscriptions, media rights or consented fieldwork.",Museum/archive licences or open-access download; commission photography where permitted,https://gitapress.org/catalogue,Role is an acquisition overlay. It does not mark the target complete and does not merge distinct editions.
COR-0506,14 Material Visual and Epigraphic,Art and objects,Painting traditions and devotional art,USER_NEGOTIATE_INSTITUTION,D_NOT_A_REPLACEMENT,HIGH,0,,,,NO_PRIMARY_ROUTE_CHANGE; optionally add a Gita Press popular edition if catalog-matched,"Popular edition, translation, illustration or devotional explanation only where a matching product exists.","Critical/recensional evidence, population census, official calendrics, inscriptions, media rights or consented fieldwork.",Museum/archive licences or open-access download; commission photography where permitted,https://gitapress.org/catalogue,Role is an acquisition overlay. It does not mark the target complete and does not merge distinct editions.
COR-0507,14 Material Visual and Epigraphic,Art and objects,Sculpture and museum-object corpus,USER_NEGOTIATE_INSTITUTION,D_NOT_A_REPLACEMENT,HIGH,0,,,,NO_PRIMARY_ROUTE_CHANGE; optionally add a Gita Press popular edition if catalog-matched,"Popular edition, translation, illustration or devotional explanation only where a matching product exists.","Critical/recensional evidence, population census, official calendrics, inscriptions, media rights or consented fieldwork.",Museum/archive licences or open-access download; commission photography where permitted,https://gitapress.org/catalogue,Role is an acquisition overlay. It does not mark the target complete and does not merge distinct editions.
COR-0508,14 Material Visual and Epigraphic,Art and objects,Yantra and mandala corpus,USER_NEGOTIATE_INSTITUTION,D_NOT_A_REPLACEMENT,HIGH,0,,,,NO_PRIMARY_ROUTE_CHANGE; optionally add a Gita Press popular edition if catalog-matched,"Popular edition, translation, illustration or devotional explanation only where a matching product exists.","Critical/recensional evidence, population census, official calendrics, inscriptions, media rights or consented fieldwork.",Museum/archive licences or open-access download; commission photography where permitted,https://gitapress.org/catalogue,Role is an acquisition overlay. It does not mark the target complete and does not merge distinct editions.
COR-0509,14 Material Visual and Epigraphic,Art and objects,"Ritual objects, textiles, jewellery and alankara corpus",USER_NEGOTIATE_INSTITUTION,D_NOT_A_REPLACEMENT,HIGH,0,,,,NO_PRIMARY_ROUTE_CHANGE; optionally add a Gita Press popular edition if catalog-matched,"Popular edition, translation, illustration or devotional explanation only where a matching product exists.","Critical/recensional evidence, population census, official calendrics, inscriptions, media rights or consented fieldwork.",Museum/archive licences or open-access download; commission photography where permitted,https://gitapress.org/catalogue,Role is an acquisition overlay. It does not mark the target complete and does not merge distinct editions.
COR-0510,14 Material Visual and Epigraphic,Art and objects,"Calendar art, print culture and modern devotional visual corpus",USER_NEGOTIATE_INSTITUTION,D_NOT_A_REPLACEMENT,HIGH,0,,,,NO_PRIMARY_ROUTE_CHANGE; optionally add a Gita Press popular edition if catalog-matched,"Popular edition, translation, illustration or devotional explanation only where a matching product exists.","Critical/recensional evidence, population census, official calendrics, inscriptions, media rights or consented fieldwork.",Museum/archive licences or open-access download; commission photography where permitted,https://gitapress.org/catalogue,Role is an acquisition overlay. It does not mark the target complete and does not merge distinct editions.
COR-0511,14 Material Visual and Epigraphic,Art and objects,"Coins, seals and archaeological objects with Hindu themes",USER_NEGOTIATE_INSTITUTION,D_NOT_A_REPLACEMENT,HIGH,0,,,,NO_PRIMARY_ROUTE_CHANGE; optionally add a Gita Press popular edition if catalog-matched,"Popular edition, translation, illustration or devotional explanation only where a matching product exists.","Critical/recensional evidence, population census, official calendrics, inscriptions, media rights or consented fieldwork.",Museum/archive licences or open-access download; commission photography where permitted,https://gitapress.org/catalogue,Role is an acquisition overlay. It does not mark the target complete and does not merge distinct editions.
COR-0512,14 Material Visual and Epigraphic,Epigraphy,BharatSHRI national inscription repository,AGENT_DOWNLOAD_RIGHTS_REVIEW,D_NOT_A_REPLACEMENT,HIGH,0,,,,NO_PRIMARY_ROUTE_CHANGE; optionally add a Gita Press popular edition if catalog-matched,"Popular edition, translation, illustration or devotional explanation only where a matching product exists.","Critical/recensional evidence, population census, official calendrics, inscriptions, media rights or consented fieldwork.",Item-level rights review,https://gitapress.org/catalogue,Role is an acquisition overlay. It does not mark the target complete and does not merge distinct editions.
COR-0513,14 Material Visual and Epigraphic,Epigraphy,Corpus Inscriptionum Indicarum complete series,AGENT_DOWNLOAD_RIGHTS_REVIEW,D_NOT_A_REPLACEMENT,HIGH,0,,,,NO_PRIMARY_ROUTE_CHANGE; optionally add a Gita Press popular edition if catalog-matched,"Popular edition, translation, illustration or devotional explanation only where a matching product exists.","Critical/recensional evidence, population census, official calendrics, inscriptions, media rights or consented fieldwork.",Item-level rights review,https://gitapress.org/catalogue,Role is an acquisition overlay. It does not mark the target complete and does not merge distinct editions.
COR-0514,14 Material Visual and Epigraphic,Epigraphy,South Indian Inscriptions complete series,AGENT_DOWNLOAD_RIGHTS_REVIEW,D_NOT_A_REPLACEMENT,HIGH,0,,,,NO_PRIMARY_ROUTE_CHANGE; optionally add a Gita Press popular edition if catalog-matched,"Popular edition, translation, illustration or devotional explanation only where a matching product exists.","Critical/recensional evidence, population census, official calendrics, inscriptions, media rights or consented fieldwork.",Item-level rights review,https://gitapress.org/catalogue,Role is an acquisition overlay. It does not mark the target complete and does not merge distinct editions.
COR-0515,14 Material Visual and Epigraphic,Epigraphy,Epigraphia Indica complete series,AGENT_DOWNLOAD_RIGHTS_REVIEW,D_NOT_A_REPLACEMENT,HIGH,0,,,,NO_PRIMARY_ROUTE_CHANGE; optionally add a Gita Press popular edition if catalog-matched,"Popular edition, translation, illustration or devotional explanation only where a matching product exists.","Critical/recensional evidence, population census, official calendrics, inscriptions, media rights or consented fieldwork.",Item-level rights review,https://gitapress.org/catalogue,Role is an acquisition overlay. It does not mark the target complete and does not merge distinct editions.
COR-0516,14 Material Visual and Epigraphic,Epigraphy,Annual Reports on Indian Epigraphy,AGENT_DOWNLOAD_RIGHTS_REVIEW,D_NOT_A_REPLACEMENT,HIGH,0,,,,NO_PRIMARY_ROUTE_CHANGE; optionally add a Gita Press popular edition if catalog-matched,"Popular edition, translation, illustration or devotional explanation only where a matching product exists.","Critical/recensional evidence, population census, official calendrics, inscriptions, media rights or consented fieldwork.",Item-level rights review,https://gitapress.org/catalogue,Role is an acquisition overlay. It does not mark the target complete and does not merge distinct editions.
COR-0517,14 Material Visual and Epigraphic,Epigraphy,State epigraphy series and estampage collections,AGENT_DOWNLOAD_RIGHTS_REVIEW,D_NOT_A_REPLACEMENT,HIGH,0,,,,NO_PRIMARY_ROUTE_CHANGE; optionally add a Gita Press popular edition if catalog-matched,"Popular edition, translation, illustration or devotional explanation only where a matching product exists.","Critical/recensional evidence, population census, official calendrics, inscriptions, media rights or consented fieldwork.",Item-level rights review,https://gitapress.org/catalogue,Role is an acquisition overlay. It does not mark the target complete and does not merge distinct editions.
COR-0518,14 Material Visual and Epigraphic,Epigraphy,"Temple donation, ritual and festival inscription corpus",AGENT_DOWNLOAD_RIGHTS_REVIEW,D_NOT_A_REPLACEMENT,HIGH,0,,,,NO_PRIMARY_ROUTE_CHANGE; optionally add a Gita Press popular edition if catalog-matched,"Popular edition, translation, illustration or devotional explanation only where a matching product exists.","Critical/recensional evidence, population census, official calendrics, inscriptions, media rights or consented fieldwork.",Item-level rights review,https://gitapress.org/catalogue,Role is an acquisition overlay. It does not mark the target complete and does not merge distinct editions.
COR-0519,15 Oral Music and Performance,Performance corpora,Harikatha and Kathakalakshepam recordings/scripts,USER_COMMISSION_FIELDWORK,D_NOT_A_REPLACEMENT,HIGH,0,,,,NO_PRIMARY_ROUTE_CHANGE; optionally add a Gita Press popular edition if catalog-matched,"Popular edition, translation, illustration or devotional explanation only where a matching product exists.","Critical/recensional evidence, population census, official calendrics, inscriptions, media rights or consented fieldwork.",License archives and commission consented field recordings; preserve restricted community access where required,https://gitapress.org/catalogue,Role is an acquisition overlay. It does not mark the target complete and does not merge distinct editions.
COR-0520,15 Oral Music and Performance,Performance corpora,Kirtan traditions by region and sampradaya,USER_COMMISSION_FIELDWORK,D_NOT_A_REPLACEMENT,HIGH,0,,,,NO_PRIMARY_ROUTE_CHANGE; optionally add a Gita Press popular edition if catalog-matched,"Popular edition, translation, illustration or devotional explanation only where a matching product exists.","Critical/recensional evidence, population census, official calendrics, inscriptions, media rights or consented fieldwork.",License archives and commission consented field recordings; preserve restricted community access where required,https://gitapress.org/catalogue,Role is an acquisition overlay. It does not mark the target complete and does not merge distinct editions.
COR-0521,15 Oral Music and Performance,Performance corpora,Bhajan and samaj-gayan traditions,USER_COMMISSION_FIELDWORK,D_NOT_A_REPLACEMENT,HIGH,0,,,,NO_PRIMARY_ROUTE_CHANGE; optionally add a Gita Press popular edition if catalog-matched,"Popular edition, translation, illustration or devotional explanation only where a matching product exists.","Critical/recensional evidence, population census, official calendrics, inscriptions, media rights or consented fieldwork.",License archives and commission consented field recordings; preserve restricted community access where required,https://gitapress.org/catalogue,Role is an acquisition overlay. It does not mark the target complete and does not merge distinct editions.
COR-0522,15 Oral Music and Performance,Performance corpora,Ramlila scripts and performances,USER_COMMISSION_FIELDWORK,D_NOT_A_REPLACEMENT,HIGH,0,,,,NO_PRIMARY_ROUTE_CHANGE; optionally add a Gita Press popular edition if catalog-matched,"Popular edition, translation, illustration or devotional explanation only where a matching product exists.","Critical/recensional evidence, population census, official calendrics, inscriptions, media rights or consented fieldwork.",License archives and commission consented field recordings; preserve restricted community access where required,https://gitapress.org/catalogue,Role is an acquisition overlay. It does not mark the target complete and does not merge distinct editions.
COR-0523,15 Oral Music and Performance,Performance corpora,Raslila scripts and performances,USER_COMMISSION_FIELDWORK,D_NOT_A_REPLACEMENT,HIGH,0,,,,NO_PRIMARY_ROUTE_CHANGE; optionally add a Gita Press popular edition if catalog-matched,"Popular edition, translation, illustration or devotional explanation only where a matching product exists.","Critical/recensional evidence, population census, official calendrics, inscriptions, media rights or consented fieldwork.",License archives and commission consented field recordings; preserve restricted community access where required,https://gitapress.org/catalogue,Role is an acquisition overlay. It does not mark the target complete and does not merge distinct editions.
COR-0524,15 Oral Music and Performance,Performance corpora,Yakshagana Hindu narrative repertoire,USER_COMMISSION_FIELDWORK,D_NOT_A_REPLACEMENT,HIGH,0,,,,NO_PRIMARY_ROUTE_CHANGE; optionally add a Gita Press popular edition if catalog-matched,"Popular edition, translation, illustration or devotional explanation only where a matching product exists.","Critical/recensional evidence, population census, official calendrics, inscriptions, media rights or consented fieldwork.",License archives and commission consented field recordings; preserve restricted community access where required,https://gitapress.org/catalogue,Role is an acquisition overlay. It does not mark the target complete and does not merge distinct editions.
COR-0525,15 Oral Music and Performance,Performance corpora,Kathakali attakatha corpus,USER_COMMISSION_FIELDWORK,D_NOT_A_REPLACEMENT,HIGH,0,,,,NO_PRIMARY_ROUTE_CHANGE; optionally add a Gita Press popular edition if catalog-matched,"Popular edition, translation, illustration or devotional explanation only where a matching product exists.","Critical/recensional evidence, population census, official calendrics, inscriptions, media rights or consented fieldwork.",License archives and commission consented field recordings; preserve restricted community access where required,https://gitapress.org/catalogue,Role is an acquisition overlay. It does not mark the target complete and does not merge distinct editions.
COR-0526,15 Oral Music and Performance,Performance corpora,Koodiyattam Hindu narrative repertoire,USER_COMMISSION_FIELDWORK,D_NOT_A_REPLACEMENT,HIGH,0,,,,NO_PRIMARY_ROUTE_CHANGE; optionally add a Gita Press popular edition if catalog-matched,"Popular edition, translation, illustration or devotional explanation only where a matching product exists.","Critical/recensional evidence, population census, official calendrics, inscriptions, media rights or consented fieldwork.",License archives and commission consented field recordings; preserve restricted community access where required,https://gitapress.org/catalogue,Role is an acquisition overlay. It does not mark the target complete and does not merge distinct editions.
COR-0527,15 Oral Music and Performance,Performance corpora,Kutiyattam temple theatre manuals and recordings,USER_COMMISSION_FIELDWORK,D_NOT_A_REPLACEMENT,HIGH,0,,,,NO_PRIMARY_ROUTE_CHANGE; optionally add a Gita Press popular edition if catalog-matched,"Popular edition, translation, illustration or devotional explanation only where a matching product exists.","Critical/recensional evidence, population census, official calendrics, inscriptions, media rights or consented fieldwork.",License archives and commission consented field recordings; preserve restricted community access where required,https://gitapress.org/catalogue,Role is an acquisition overlay. It does not mark the target complete and does not merge distinct editions.
COR-0528,15 Oral Music and Performance,Performance corpora,Therukoothu corpus,USER_COMMISSION_FIELDWORK,D_NOT_A_REPLACEMENT,HIGH,0,,,,NO_PRIMARY_ROUTE_CHANGE; optionally add a Gita Press popular edition if catalog-matched,"Popular edition, translation, illustration or devotional explanation only where a matching product exists.","Critical/recensional evidence, population census, official calendrics, inscriptions, media rights or consented fieldwork.",License archives and commission consented field recordings; preserve restricted community access where required,https://gitapress.org/catalogue,Role is an acquisition overlay. It does not mark the target complete and does not merge distinct editions.
COR-0529,15 Oral Music and Performance,Performance corpora,Bhagavata Mela corpus,USER_COMMISSION_FIELDWORK,D_NOT_A_REPLACEMENT,HIGH,0,,,,NO_PRIMARY_ROUTE_CHANGE; optionally add a Gita Press popular edition if catalog-matched,"Popular edition, translation, illustration or devotional explanation only where a matching product exists.","Critical/recensional evidence, population census, official calendrics, inscriptions, media rights or consented fieldwork.",License archives and commission consented field recordings; preserve restricted community access where required,https://gitapress.org/catalogue,Role is an acquisition overlay. It does not mark the target complete and does not merge distinct editions.
COR-0530,15 Oral Music and Performance,Performance corpora,Ankiya Naat and Bhaona corpus,USER_COMMISSION_FIELDWORK,D_NOT_A_REPLACEMENT,HIGH,0,,,,NO_PRIMARY_ROUTE_CHANGE; optionally add a Gita Press popular edition if catalog-matched,"Popular edition, translation, illustration or devotional explanation only where a matching product exists.","Critical/recensional evidence, population census, official calendrics, inscriptions, media rights or consented fieldwork.",License archives and commission consented field recordings; preserve restricted community access where required,https://gitapress.org/catalogue,Role is an acquisition overlay. It does not mark the target complete and does not merge distinct editions.
COR-0531,15 Oral Music and Performance,Performance corpora,Chhau Hindu narrative repertoire,USER_COMMISSION_FIELDWORK,D_NOT_A_REPLACEMENT,HIGH,0,,,,NO_PRIMARY_ROUTE_CHANGE; optionally add a Gita Press popular edition if catalog-matched,"Popular edition, translation, illustration or devotional explanation only where a matching product exists.","Critical/recensional evidence, population census, official calendrics, inscriptions, media rights or consented fieldwork.",License archives and commission consented field recordings; preserve restricted community access where required,https://gitapress.org/catalogue,Role is an acquisition overlay. It does not mark the target complete and does not merge distinct editions.
COR-0532,15 Oral Music and Performance,Performance corpora,Pandavani corpus,USER_COMMISSION_FIELDWORK,D_NOT_A_REPLACEMENT,HIGH,0,,,,NO_PRIMARY_ROUTE_CHANGE; optionally add a Gita Press popular edition if catalog-matched,"Popular edition, translation, illustration or devotional explanation only where a matching product exists.","Critical/recensional evidence, population census, official calendrics, inscriptions, media rights or consented fieldwork.",License archives and commission consented field recordings; preserve restricted community access where required,https://gitapress.org/catalogue,Role is an acquisition overlay. It does not mark the target complete and does not merge distinct editions.
COR-0533,15 Oral Music and Performance,Performance corpora,Pabuji/phad and regional narrative performance,USER_COMMISSION_FIELDWORK,D_NOT_A_REPLACEMENT,HIGH,0,,,,NO_PRIMARY_ROUTE_CHANGE; optionally add a Gita Press popular edition if catalog-matched,"Popular edition, translation, illustration or devotional explanation only where a matching product exists.","Critical/recensional evidence, population census, official calendrics, inscriptions, media rights or consented fieldwork.",License archives and commission consented field recordings; preserve restricted community access where required,https://gitapress.org/catalogue,Role is an acquisition overlay. It does not mark the target complete and does not merge distinct editions.
COR-0534,15 Oral Music and Performance,Performance corpora,Shadow-puppet Ramayana/Mahabharata traditions,USER_COMMISSION_FIELDWORK,D_NOT_A_REPLACEMENT,HIGH,119,32 | 33 | 34 | 35 | 36 | 37 | 38 | 39 | 74 | 75 | 76 | 77 | 78 | 114 | 223 | 232 | 262 | 263 | 452 | 453,"Mahabharat - Volume 1 (Adi Parva & Sabha Parva, Illustrated Hindi Translation) | Language: Hindi | Code: 32 | Mahabharat – Volume 2 (Van Parva & Virat Parva, Illustrated Hindi Translation) | Language: Hindi | Code: 33 | Mahabharat - Volume 3 (Udyoga Parva & Bhishma Parva, Illustrated Hindi Translation) | Language: Hindi | Code: 34 | Mahabharat - Volume 4 Sampurna Mahakavya with Simple Hindi Translation & Illustrations | Language: Hindi | Code: 35 | Mahabharat-Volume 5 (Shanti Parva) With Illustrations and Simple Hindi Translation | Language: Hindi | Code: 36 | Mahabharat-Volume 6 Anushasan, Ashwamedhika, Ashramavasika, Mausal, Mahaprasthanika & Svargarohan Parva With Illustrations and Simple Hindi Translation | Language: Hindi | Code: 37 | Mahabharat– Khilbhag Shri Harivansh Puran | Language: Hindi | Code: 38 | Sankshipt Mahabharat – Part 1 of 2  – Concise Mahabharata with Sanskrit Verses & Hindi Explanation by | Language: Hindi | Code: 39",Books for Daily Practice and Worship | Devotee Characters | Literature of Tulsidas | Picture-Stories | Puran Upanishad and Others | Ramayana | Ramchritmanas | Republished Special Issues of 'KALYAN' | Shri Jayadayal Ji Goyandka | Shrimad Bhagvadgita,NO_PRIMARY_ROUTE_CHANGE; optionally add a Gita Press popular edition if catalog-matched,"Popular edition, translation, illustration or devotional explanation only where a matching product exists.","Critical/recensional evidence, population census, official calendrics, inscriptions, media rights or consented fieldwork.",License archives and commission consented field recordings; preserve restricted community access where required,https://gitapress.org/catalogue,Role is an acquisition overlay. It does not mark the target complete and does not merge distinct editions.
COR-0535,15 Oral Music and Performance,Performance corpora,"Temple music, nagasvaram, sopana and ritual music corpora",USER_COMMISSION_FIELDWORK,D_NOT_A_REPLACEMENT,HIGH,0,,,,NO_PRIMARY_ROUTE_CHANGE; optionally add a Gita Press popular edition if catalog-matched,"Popular edition, translation, illustration or devotional explanation only where a matching product exists.","Critical/recensional evidence, population census, official calendrics, inscriptions, media rights or consented fieldwork.",License archives and commission consented field recordings; preserve restricted community access where required,https://gitapress.org/catalogue,Role is an acquisition overlay. It does not mark the target complete and does not merge distinct editions.
COR-0536,15 Oral Music and Performance,Performance corpora,Classical compositions with devotional texts and variants,USER_COMMISSION_FIELDWORK,D_NOT_A_REPLACEMENT,HIGH,0,,,,NO_PRIMARY_ROUTE_CHANGE; optionally add a Gita Press popular edition if catalog-matched,"Popular edition, translation, illustration or devotional explanation only where a matching product exists.","Critical/recensional evidence, population census, official calendrics, inscriptions, media rights or consented fieldwork.",License archives and commission consented field recordings; preserve restricted community access where required,https://gitapress.org/catalogue,Role is an acquisition overlay. It does not mark the target complete and does not merge distinct editions.
COR-0537,15 Oral Music and Performance,Performance corpora,Folk devotional song and oral legend corpus by community,USER_COMMISSION_FIELDWORK,D_NOT_A_REPLACEMENT,HIGH,0,,,,NO_PRIMARY_ROUTE_CHANGE; optionally add a Gita Press popular edition if catalog-matched,"Popular edition, translation, illustration or devotional explanation only where a matching product exists.","Critical/recensional evidence, population census, official calendrics, inscriptions, media rights or consented fieldwork.",License archives and commission consented field recordings; preserve restricted community access where required,https://gitapress.org/catalogue,Role is an acquisition overlay. It does not mark the target complete and does not merge distinct editions.
COR-0538,16 Historical and Modern,Histories biographies periodicals,Pre-modern hagiography and guru-parampara corpora,AGENT_DOWNLOAD_RIGHTS_REVIEW,B_SUPPLEMENTARY_PUBLISHED_SOURCE,MEDIUM_FOR_CATEGORY; LOW_FOR_EXACT_TARGET,0,,,,REQUEST_CATEGORY-LEVEL CATALOG AND ADD MATCHING ITEMS; keep existing acquisition route,"Stories, deity/saint biographies, daily practice, worship, festival guidance, picture stories or Kalyan thematic material.","Every regional variant, temple-specific procedure, living tradition or external source tradition.",Public-domain acquisition plus publisher/archive permission for protected runs,https://gitapress.org/catalogue,Role is an acquisition overlay. It does not mark the target complete and does not merge distinct editions.
COR-0539,16 Historical and Modern,Histories biographies periodicals,Lives and complete works of major acharyas and saints,AGENT_DOWNLOAD_RIGHTS_REVIEW,B_SUPPLEMENTARY_PUBLISHED_SOURCE,MEDIUM_FOR_CATEGORY; LOW_FOR_EXACT_TARGET,0,,,,REQUEST_CATEGORY-LEVEL CATALOG AND ADD MATCHING ITEMS; keep existing acquisition route,"Stories, deity/saint biographies, daily practice, worship, festival guidance, picture stories or Kalyan thematic material.","Every regional variant, temple-specific procedure, living tradition or external source tradition.",Public-domain acquisition plus publisher/archive permission for protected runs,https://gitapress.org/catalogue,Role is an acquisition overlay. It does not mark the target complete and does not merge distinct editions.
COR-0540,16 Historical and Modern,Histories biographies periodicals,"Colonial-era editions, translations and surveys",AGENT_DOWNLOAD_RIGHTS_REVIEW,B_SUPPLEMENTARY_PUBLISHED_SOURCE,MEDIUM_FOR_CATEGORY; LOW_FOR_EXACT_TARGET,0,,,,REQUEST_CATEGORY-LEVEL CATALOG AND ADD MATCHING ITEMS; keep existing acquisition route,"Stories, deity/saint biographies, daily practice, worship, festival guidance, picture stories or Kalyan thematic material.","Every regional variant, temple-specific procedure, living tradition or external source tradition.",Public-domain acquisition plus publisher/archive permission for protected runs,https://gitapress.org/catalogue,Role is an acquisition overlay. It does not mark the target complete and does not merge distinct editions.
COR-0541,16 Historical and Modern,Histories biographies periodicals,"Gazetteers documenting temples, fairs and customs",AGENT_DOWNLOAD_RIGHTS_REVIEW,B_SUPPLEMENTARY_PUBLISHED_SOURCE,MEDIUM_FOR_CATEGORY; LOW_FOR_EXACT_TARGET,0,,,,REQUEST_CATEGORY-LEVEL CATALOG AND ADD MATCHING ITEMS; keep existing acquisition route,"Stories, deity/saint biographies, daily practice, worship, festival guidance, picture stories or Kalyan thematic material.","Every regional variant, temple-specific procedure, living tradition or external source tradition.",Public-domain acquisition plus publisher/archive permission for protected runs,https://gitapress.org/catalogue,Role is an acquisition overlay. It does not mark the target complete and does not merge distinct editions.
COR-0542,16 Historical and Modern,Histories biographies periodicals,Archaeological Survey reports and temple surveys,AGENT_DOWNLOAD_RIGHTS_REVIEW,B_SUPPLEMENTARY_PUBLISHED_SOURCE,MEDIUM_FOR_CATEGORY; LOW_FOR_EXACT_TARGET,0,,,,REQUEST_CATEGORY-LEVEL CATALOG AND ADD MATCHING ITEMS; keep existing acquisition route,"Stories, deity/saint biographies, daily practice, worship, festival guidance, picture stories or Kalyan thematic material.","Every regional variant, temple-specific procedure, living tradition or external source tradition.",Public-domain acquisition plus publisher/archive permission for protected runs,https://gitapress.org/catalogue,Role is an acquisition overlay. It does not mark the target complete and does not merge distinct editions.
COR-0543,16 Historical and Modern,Histories biographies periodicals,Ethnographies of ritual and regional religion,AGENT_DOWNLOAD_RIGHTS_REVIEW,B_SUPPLEMENTARY_PUBLISHED_SOURCE,MEDIUM_FOR_CATEGORY; LOW_FOR_EXACT_TARGET,0,,,,REQUEST_CATEGORY-LEVEL CATALOG AND ADD MATCHING ITEMS; keep existing acquisition route,"Stories, deity/saint biographies, daily practice, worship, festival guidance, picture stories or Kalyan thematic material.","Every regional variant, temple-specific procedure, living tradition or external source tradition.",Public-domain acquisition plus publisher/archive permission for protected runs,https://gitapress.org/catalogue,Role is an acquisition overlay. It does not mark the target complete and does not merge distinct editions.
COR-0544,16 Historical and Modern,Histories biographies periodicals,Modern Hindu reform and revival movement corpora,AGENT_DOWNLOAD_RIGHTS_REVIEW,B_SUPPLEMENTARY_PUBLISHED_SOURCE,MEDIUM_FOR_CATEGORY; LOW_FOR_EXACT_TARGET,0,,,,REQUEST_CATEGORY-LEVEL CATALOG AND ADD MATCHING ITEMS; keep existing acquisition route,"Stories, deity/saint biographies, daily practice, worship, festival guidance, picture stories or Kalyan thematic material.","Every regional variant, temple-specific procedure, living tradition or external source tradition.",Public-domain acquisition plus publisher/archive permission for protected runs,https://gitapress.org/catalogue,Role is an acquisition overlay. It does not mark the target complete and does not merge distinct editions.
COR-0545,16 Historical and Modern,Histories biographies periodicals,Complete works of Ramakrishna-Vivekananda movement,AGENT_DOWNLOAD_RIGHTS_REVIEW,B_SUPPLEMENTARY_PUBLISHED_SOURCE,MEDIUM_FOR_CATEGORY; LOW_FOR_EXACT_TARGET,0,,,,REQUEST_CATEGORY-LEVEL CATALOG AND ADD MATCHING ITEMS; keep existing acquisition route,"Stories, deity/saint biographies, daily practice, worship, festival guidance, picture stories or Kalyan thematic material.","Every regional variant, temple-specific procedure, living tradition or external source tradition.",Public-domain acquisition plus publisher/archive permission for protected runs,https://gitapress.org/catalogue,Role is an acquisition overlay. It does not mark the target complete and does not merge distinct editions.
COR-0546,16 Historical and Modern,Histories biographies periodicals,Arya Samaj and Dayananda corpus,AGENT_DOWNLOAD_RIGHTS_REVIEW,B_SUPPLEMENTARY_PUBLISHED_SOURCE,MEDIUM_FOR_CATEGORY; LOW_FOR_EXACT_TARGET,0,,,,REQUEST_CATEGORY-LEVEL CATALOG AND ADD MATCHING ITEMS; keep existing acquisition route,"Stories, deity/saint biographies, daily practice, worship, festival guidance, picture stories or Kalyan thematic material.","Every regional variant, temple-specific procedure, living tradition or external source tradition.",Public-domain acquisition plus publisher/archive permission for protected runs,https://gitapress.org/catalogue,Role is an acquisition overlay. It does not mark the target complete and does not merge distinct editions.
COR-0547,16 Historical and Modern,Histories biographies periodicals,Swaminarayan modern corpus,AGENT_DOWNLOAD_RIGHTS_REVIEW,B_SUPPLEMENTARY_PUBLISHED_SOURCE,MEDIUM_FOR_CATEGORY; LOW_FOR_EXACT_TARGET,0,,,,REQUEST_CATEGORY-LEVEL CATALOG AND ADD MATCHING ITEMS; keep existing acquisition route,"Stories, deity/saint biographies, daily practice, worship, festival guidance, picture stories or Kalyan thematic material.","Every regional variant, temple-specific procedure, living tradition or external source tradition.",Public-domain acquisition plus publisher/archive permission for protected runs,https://gitapress.org/catalogue,Role is an acquisition overlay. It does not mark the target complete and does not merge distinct editions.
COR-0548,16 Historical and Modern,Histories biographies periodicals,ISKCON/Gaudiya modern publications,AGENT_DOWNLOAD_RIGHTS_REVIEW,B_SUPPLEMENTARY_PUBLISHED_SOURCE,MEDIUM_FOR_CATEGORY; LOW_FOR_EXACT_TARGET,0,,,,REQUEST_CATEGORY-LEVEL CATALOG AND ADD MATCHING ITEMS; keep existing acquisition route,"Stories, deity/saint biographies, daily practice, worship, festival guidance, picture stories or Kalyan thematic material.","Every regional variant, temple-specific procedure, living tradition or external source tradition.",Public-domain acquisition plus publisher/archive permission for protected runs,https://gitapress.org/catalogue,Role is an acquisition overlay. It does not mark the target complete and does not merge distinct editions.
COR-0549,16 Historical and Modern,Histories biographies periodicals,Chinmaya Mission publications,AGENT_DOWNLOAD_RIGHTS_REVIEW,B_SUPPLEMENTARY_PUBLISHED_SOURCE,MEDIUM_FOR_CATEGORY; LOW_FOR_EXACT_TARGET,0,,,,REQUEST_CATEGORY-LEVEL CATALOG AND ADD MATCHING ITEMS; keep existing acquisition route,"Stories, deity/saint biographies, daily practice, worship, festival guidance, picture stories or Kalyan thematic material.","Every regional variant, temple-specific procedure, living tradition or external source tradition.",Public-domain acquisition plus publisher/archive permission for protected runs,https://gitapress.org/catalogue,Role is an acquisition overlay. It does not mark the target complete and does not merge distinct editions.
COR-0550,16 Historical and Modern,Histories biographies periodicals,Divine Life Society/Sivananda publications,AGENT_DOWNLOAD_RIGHTS_REVIEW,B_SUPPLEMENTARY_PUBLISHED_SOURCE,MEDIUM_FOR_CATEGORY; LOW_FOR_EXACT_TARGET,0,,,,REQUEST_CATEGORY-LEVEL CATALOG AND ADD MATCHING ITEMS; keep existing acquisition route,"Stories, deity/saint biographies, daily practice, worship, festival guidance, picture stories or Kalyan thematic material.","Every regional variant, temple-specific procedure, living tradition or external source tradition.",Public-domain acquisition plus publisher/archive permission for protected runs,https://gitapress.org/catalogue,Role is an acquisition overlay. It does not mark the target complete and does not merge distinct editions.
COR-0551,16 Historical and Modern,Histories biographies periodicals,Sri Aurobindo and The Mother complete works,AGENT_DOWNLOAD_RIGHTS_REVIEW,B_SUPPLEMENTARY_PUBLISHED_SOURCE,MEDIUM_FOR_CATEGORY; LOW_FOR_EXACT_TARGET,0,,,,REQUEST_CATEGORY-LEVEL CATALOG AND ADD MATCHING ITEMS; keep existing acquisition route,"Stories, deity/saint biographies, daily practice, worship, festival guidance, picture stories or Kalyan thematic material.","Every regional variant, temple-specific procedure, living tradition or external source tradition.",Public-domain acquisition plus publisher/archive permission for protected runs,https://gitapress.org/catalogue,Role is an acquisition overlay. It does not mark the target complete and does not merge distinct editions.
COR-0552,16 Historical and Modern,Histories biographies periodicals,"Kalyan monthly magazine and annual special numbers, 1926-present",AGENT_DOWNLOAD_RIGHTS_REVIEW,A_DIRECT_PUBLISHED_EDITION_CANDIDATE,HIGH,72,40 | 41 | 42 | 43 | 248 | 249 | 358 | 361 | 367 | 373 | 400 | 436 | 518 | 545 | 572 | 586 | 587 | 604 | 607 | 616,Kalyan-Bhakt Charitank (Special 46th Year Edition) | Language: Hindi | Code: 40 | Kalyan Shakti-Ank-Special Issue on Divine Mother & Devi Worship | Language: Hindi | Code: 41 | Kalyan Shri Hanuman Ank (Hindi) – 49th Year Special Edition | Language: Hindi | Code: 42 | Kalyan Nari Ank | Language: Hindi | Code: 43 | Kalyana Prapti Ke Upaya - Tattva Chintamani Vol. 1 | Shighra Kalyana Ke Sopana - Tattva Chintamani Vol. 2 (Part I) | Kalyan Kunj Part-1 | Manav Kalyan Ke Sadhan,Books for Daily Practice and Worship | Kalyan Monthly | Puran Upanishad and Others | Republished Special Issues of 'KALYAN' | Shri Hanuman Prasad Ji Poddar | Shri Jayadayal Ji Goyandka | Swami Ramsukhdas Ji | Useful Books for All | Useful Books for Children,PARTNERSHIP_FIRST_FOR_GITA_PRESS_EDITION; retain other editions and witnesses as separate requirements,"Catalog metadata, print/digital master, complete Gita Press edition, language variants, cover/illustrations and update history—subject to agreement.","Other publishers, critical editions, regional recensions not in catalog, or manuscript witnesses.",Public-domain acquisition plus publisher/archive permission for protected runs,https://gitapress.org/catalogue,Role is an acquisition overlay. It does not mark the target complete and does not merge distinct editions.
COR-0553,16 Historical and Modern,Histories biographies periodicals,"Hindu religious journals, almanacs, pamphlets and ephemera",AGENT_DOWNLOAD_RIGHTS_REVIEW,B_SUPPLEMENTARY_PUBLISHED_SOURCE,MEDIUM_FOR_CATEGORY; LOW_FOR_EXACT_TARGET,0,,,,REQUEST_CATEGORY-LEVEL CATALOG AND ADD MATCHING ITEMS; keep existing acquisition route,"Stories, deity/saint biographies, daily practice, worship, festival guidance, picture stories or Kalyan thematic material.","Every regional variant, temple-specific procedure, living tradition or external source tradition.",Public-domain acquisition plus publisher/archive permission for protected runs,https://gitapress.org/catalogue,Role is an acquisition overlay. It does not mark the target complete and does not merge distinct editions.
COR-0554,16 Historical and Modern,Histories biographies periodicals,"Court, endowment and administrative records affecting temples",AGENT_DOWNLOAD_RIGHTS_REVIEW,B_SUPPLEMENTARY_PUBLISHED_SOURCE,MEDIUM_FOR_CATEGORY; LOW_FOR_EXACT_TARGET,0,,,,REQUEST_CATEGORY-LEVEL CATALOG AND ADD MATCHING ITEMS; keep existing acquisition route,"Stories, deity/saint biographies, daily practice, worship, festival guidance, picture stories or Kalyan thematic material.","Every regional variant, temple-specific procedure, living tradition or external source tradition.",Public-domain acquisition plus publisher/archive permission for protected runs,https://gitapress.org/catalogue,Role is an acquisition overlay. It does not mark the target complete and does not merge distinct editions.
COR-0555,17 Contextual and Transregional,Related traditions and reception,Jain retellings and shared narrative corpus,AGENT_DOWNLOAD_RIGHTS_REVIEW,D_NOT_A_REPLACEMENT,HIGH,0,,,,NO_ROUTE_CHANGE,Only incidental or contextual Gita Press material if later identified.,The target's primary source population.,Open-access harvesting plus digital/physical purchase and permissions as applicable,https://gitapress.org/catalogue,Role is an acquisition overlay. It does not mark the target complete and does not merge distinct editions.
COR-0556,17 Contextual and Transregional,Related traditions and reception,Buddhist retellings and shared deity/narrative corpus,AGENT_DOWNLOAD_RIGHTS_REVIEW,D_NOT_A_REPLACEMENT,HIGH,0,,,,NO_ROUTE_CHANGE,Only incidental or contextual Gita Press material if later identified.,The target's primary source population.,Open-access harvesting plus digital/physical purchase and permissions as applicable,https://gitapress.org/catalogue,Role is an acquisition overlay. It does not mark the target complete and does not merge distinct editions.
COR-0557,17 Contextual and Transregional,Related traditions and reception,Sikh and Sant intersections contextual corpus,AGENT_DOWNLOAD_RIGHTS_REVIEW,D_NOT_A_REPLACEMENT,HIGH,0,,,,NO_ROUTE_CHANGE,Only incidental or contextual Gita Press material if later identified.,The target's primary source population.,Open-access harvesting plus digital/physical purchase and permissions as applicable,https://gitapress.org/catalogue,Role is an acquisition overlay. It does not mark the target complete and does not merge distinct editions.
COR-0558,17 Contextual and Transregional,Related traditions and reception,Tribal and indigenous traditions interacting with Hindu practice,AGENT_DOWNLOAD_RIGHTS_REVIEW,D_NOT_A_REPLACEMENT,HIGH,0,,,,NO_ROUTE_CHANGE,Only incidental or contextual Gita Press material if later identified.,The target's primary source population.,Open-access harvesting plus digital/physical purchase and permissions as applicable,https://gitapress.org/catalogue,Role is an acquisition overlay. It does not mark the target complete and does not merge distinct editions.
COR-0559,17 Contextual and Transregional,Related traditions and reception,"Southeast Asian Hindu epics, temples and ritual corpora",AGENT_DOWNLOAD_RIGHTS_REVIEW,D_NOT_A_REPLACEMENT,HIGH,0,,,,NO_ROUTE_CHANGE,Only incidental or contextual Gita Press material if later identified.,The target's primary source population.,Open-access harvesting plus digital/physical purchase and permissions as applicable,https://gitapress.org/catalogue,Role is an acquisition overlay. It does not mark the target complete and does not merge distinct editions.
COR-0560,17 Contextual and Transregional,Related traditions and reception,Balinese Hindu scriptures and living practice,AGENT_DOWNLOAD_RIGHTS_REVIEW,D_NOT_A_REPLACEMENT,HIGH,0,,,,NO_ROUTE_CHANGE,Only incidental or contextual Gita Press material if later identified.,The target's primary source population.,Open-access harvesting plus digital/physical purchase and permissions as applicable,https://gitapress.org/catalogue,Role is an acquisition overlay. It does not mark the target complete and does not merge distinct editions.
COR-0561,17 Contextual and Transregional,Related traditions and reception,Nepalese Hindu-Buddhist shared ritual corpus,AGENT_DOWNLOAD_RIGHTS_REVIEW,D_NOT_A_REPLACEMENT,HIGH,0,,,,NO_ROUTE_CHANGE,Only incidental or contextual Gita Press material if later identified.,The target's primary source population.,Open-access harvesting plus digital/physical purchase and permissions as applicable,https://gitapress.org/catalogue,Role is an acquisition overlay. It does not mark the target complete and does not merge distinct editions.
COR-0562,17 Contextual and Transregional,Related traditions and reception,Sri Lankan Tamil Hindu corpus,AGENT_DOWNLOAD_RIGHTS_REVIEW,D_NOT_A_REPLACEMENT,HIGH,0,,,,NO_ROUTE_CHANGE,Only incidental or contextual Gita Press material if later identified.,The target's primary source population.,Open-access harvesting plus digital/physical purchase and permissions as applicable,https://gitapress.org/catalogue,Role is an acquisition overlay. It does not mark the target complete and does not merge distinct editions.
COR-0563,17 Contextual and Transregional,Related traditions and reception,Caribbean Hindu textual and ritual corpus,AGENT_DOWNLOAD_RIGHTS_REVIEW,D_NOT_A_REPLACEMENT,HIGH,0,,,,NO_ROUTE_CHANGE,Only incidental or contextual Gita Press material if later identified.,The target's primary source population.,Open-access harvesting plus digital/physical purchase and permissions as applicable,https://gitapress.org/catalogue,Role is an acquisition overlay. It does not mark the target complete and does not merge distinct editions.
COR-0564,17 Contextual and Transregional,Related traditions and reception,"Fiji, Mauritius, South Africa and Southeast Asian diaspora corpora",AGENT_DOWNLOAD_RIGHTS_REVIEW,D_NOT_A_REPLACEMENT,HIGH,0,,,,NO_ROUTE_CHANGE,Only incidental or contextual Gita Press material if later identified.,The target's primary source population.,Open-access harvesting plus digital/physical purchase and permissions as applicable,https://gitapress.org/catalogue,Role is an acquisition overlay. It does not mark the target complete and does not merge distinct editions.
COR-0565,17 Contextual and Transregional,Related traditions and reception,"European, North American, Gulf and global diaspora corpora",AGENT_DOWNLOAD_RIGHTS_REVIEW,D_NOT_A_REPLACEMENT,HIGH,0,,,,NO_ROUTE_CHANGE,Only incidental or contextual Gita Press material if later identified.,The target's primary source population.,Open-access harvesting plus digital/physical purchase and permissions as applicable,https://gitapress.org/catalogue,Role is an acquisition overlay. It does not mark the target complete and does not merge distinct editions.
COR-0566,17 Contextual and Transregional,Related traditions and reception,"Academic monographs, critical editions, articles, theses and reference works",AGENT_DOWNLOAD_RIGHTS_REVIEW,D_NOT_A_REPLACEMENT,HIGH,0,,,,NO_PRIMARY_ROUTE_CHANGE; optionally add a Gita Press popular edition if catalog-matched,"Popular edition, translation, illustration or devotional explanation only where a matching product exists.","Critical/recensional evidence, population census, official calendrics, inscriptions, media rights or consented fieldwork.",Open-access harvesting plus digital/physical purchase and permissions as applicable,https://gitapress.org/catalogue,Role is an acquisition overlay. It does not mark the target complete and does not merge distinct editions.
COR-0567,17 Contextual and Transregional,Related traditions and reception,"Bibliographies, manuscript catalogues and union catalogues",AGENT_DOWNLOAD_RIGHTS_REVIEW,D_NOT_A_REPLACEMENT,HIGH,0,,,,NO_ROUTE_CHANGE,Only incidental or contextual Gita Press material if later identified.,The target's primary source population.,Open-access harvesting plus digital/physical purchase and permissions as applicable,https://gitapress.org/catalogue,Role is an acquisition overlay. It does not mark the target complete and does not merge distinct editions.
COR-0568,17 Contextual and Transregional,Related traditions and reception,"Linguistic resources, dictionaries, concordances and indices needed to interpret the corpus",AGENT_DOWNLOAD_RIGHTS_REVIEW,D_NOT_A_REPLACEMENT,HIGH,0,,,,NO_ROUTE_CHANGE,Only incidental or contextual Gita Press material if later identified.,The target's primary source population.,Open-access harvesting plus digital/physical purchase and permissions as applicable,https://gitapress.org/catalogue,Role is an acquisition overlay. It does not mark the target complete and does not merge distinct editions.
