corpus_id,domain,subdomain,corpus_or_collection,scope_tier,languages,geography_tradition,desired_representation,unit_of_completeness,minimum_complete_package,priority,primary_acquisition_route,agent_can_acquire_without_user_action,user_action_required,digital_availability,preferred_source_or_partner,rights_status,inventory_status,source_url,notes
COR-0001,01 Shruti and Vedic,Samhita,Rigveda Samhita — Shakala recension,CORE,Sanskrit,Pan-Indian,Edition-specific full text plus scans and structure,one work-version-edition-representation,complete recension with accent marks; pada/krama variants where extant; edition scans; structural index,P0,AGENT_DOWNLOAD_RIGHTS_REVIEW,CONDITIONAL,Item-level rights review,PARTIAL,GRETIL|Ambuda|Internet Archive|institutional catalogues,MIXED_OR_UNKNOWN,TARGET_ENUMERATED_NOT_RECONCILED,,
COR-0002,01 Shruti and Vedic,Samhita,Rigveda Samhita — Bashkala fragments and Khilani,CORE,Sanskrit,Pan-Indian,Edition-specific full text plus scans and structure,one work-version-edition-representation,complete recension with accent marks; pada/krama variants where extant; edition scans; structural index,P0,AGENT_DOWNLOAD_RIGHTS_REVIEW,CONDITIONAL,Item-level rights review,PARTIAL,GRETIL|Ambuda|Internet Archive|institutional catalogues,MIXED_OR_UNKNOWN,TARGET_ENUMERATED_NOT_RECONCILED,,
COR-0003,01 Shruti and Vedic,Samhita,Samaveda Samhita — Kauthuma recension,CORE,Sanskrit,Pan-Indian,Edition-specific full text plus scans and structure,one work-version-edition-representation,complete recension with accent marks; pada/krama variants where extant; edition scans; structural index,P0,AGENT_DOWNLOAD_RIGHTS_REVIEW,CONDITIONAL,Item-level rights review,PARTIAL,GRETIL|Ambuda|Internet Archive|institutional catalogues,MIXED_OR_UNKNOWN,TARGET_ENUMERATED_NOT_RECONCILED,,
COR-0004,01 Shruti and Vedic,Samhita,Samaveda Samhita — Ranayaniya recension,CORE,Sanskrit,Pan-Indian,Edition-specific full text plus scans and structure,one work-version-edition-representation,complete recension with accent marks; pada/krama variants where extant; edition scans; structural index,P0,AGENT_DOWNLOAD_RIGHTS_REVIEW,CONDITIONAL,Item-level rights review,PARTIAL,GRETIL|Ambuda|Internet Archive|institutional catalogues,MIXED_OR_UNKNOWN,TARGET_ENUMERATED_NOT_RECONCILED,,
COR-0005,01 Shruti and Vedic,Samhita,Samaveda Samhita — Jaiminiya/Talavakara recension,CORE,Sanskrit,Pan-Indian,Edition-specific full text plus scans and structure,one work-version-edition-representation,complete recension with accent marks; pada/krama variants where extant; edition scans; structural index,P0,AGENT_DOWNLOAD_RIGHTS_REVIEW,CONDITIONAL,Item-level rights review,PARTIAL,GRETIL|Ambuda|Internet Archive|institutional catalogues,MIXED_OR_UNKNOWN,TARGET_ENUMERATED_NOT_RECONCILED,,
COR-0006,01 Shruti and Vedic,Samhita,Shukla Yajurveda — Vajasaneyi Madhyandina Samhita,CORE,Sanskrit,Pan-Indian,Edition-specific full text plus scans and structure,one work-version-edition-representation,complete recension with accent marks; pada/krama variants where extant; edition scans; structural index,P0,AGENT_DOWNLOAD_RIGHTS_REVIEW,CONDITIONAL,Item-level rights review,PARTIAL,GRETIL|Ambuda|Internet Archive|institutional catalogues,MIXED_OR_UNKNOWN,TARGET_ENUMERATED_NOT_RECONCILED,,
COR-0007,01 Shruti and Vedic,Samhita,Shukla Yajurveda — Vajasaneyi Kanva Samhita,CORE,Sanskrit,Pan-Indian,Edition-specific full text plus scans and structure,one work-version-edition-representation,complete recension with accent marks; pada/krama variants where extant; edition scans; structural index,P0,AGENT_DOWNLOAD_RIGHTS_REVIEW,CONDITIONAL,Item-level rights review,PARTIAL,GRETIL|Ambuda|Internet Archive|institutional catalogues,MIXED_OR_UNKNOWN,TARGET_ENUMERATED_NOT_RECONCILED,,
COR-0008,01 Shruti and Vedic,Samhita,Krishna Yajurveda — Taittiriya Samhita,CORE,Sanskrit,Pan-Indian,Edition-specific full text plus scans and structure,one work-version-edition-representation,complete recension with accent marks; pada/krama variants where extant; edition scans; structural index,P0,AGENT_DOWNLOAD_RIGHTS_REVIEW,CONDITIONAL,Item-level rights review,PARTIAL,GRETIL|Ambuda|Internet Archive|institutional catalogues,MIXED_OR_UNKNOWN,TARGET_ENUMERATED_NOT_RECONCILED,,
COR-0009,01 Shruti and Vedic,Samhita,Krishna Yajurveda — Maitrayani Samhita,CORE,Sanskrit,Pan-Indian,Edition-specific full text plus scans and structure,one work-version-edition-representation,complete recension with accent marks; pada/krama variants where extant; edition scans; structural index,P0,AGENT_DOWNLOAD_RIGHTS_REVIEW,CONDITIONAL,Item-level rights review,PARTIAL,GRETIL|Ambuda|Internet Archive|institutional catalogues,MIXED_OR_UNKNOWN,TARGET_ENUMERATED_NOT_RECONCILED,,
COR-0010,01 Shruti and Vedic,Samhita,Krishna Yajurveda — Katha Samhita,CORE,Sanskrit,Pan-Indian,Edition-specific full text plus scans and structure,one work-version-edition-representation,complete recension with accent marks; pada/krama variants where extant; edition scans; structural index,P0,AGENT_DOWNLOAD_RIGHTS_REVIEW,CONDITIONAL,Item-level rights review,PARTIAL,GRETIL|Ambuda|Internet Archive|institutional catalogues,MIXED_OR_UNKNOWN,TARGET_ENUMERATED_NOT_RECONCILED,,
COR-0011,01 Shruti and Vedic,Samhita,Krishna Yajurveda — Kapisthala-Katha Samhita,CORE,Sanskrit,Pan-Indian,Edition-specific full text plus scans and structure,one work-version-edition-representation,complete recension with accent marks; pada/krama variants where extant; edition scans; structural index,P0,AGENT_DOWNLOAD_RIGHTS_REVIEW,CONDITIONAL,Item-level rights review,PARTIAL,GRETIL|Ambuda|Internet Archive|institutional catalogues,MIXED_OR_UNKNOWN,TARGET_ENUMERATED_NOT_RECONCILED,,
COR-0012,01 Shruti and Vedic,Samhita,Atharvaveda — Shaunaka Samhita,CORE,Sanskrit,Pan-Indian,Edition-specific full text plus scans and structure,one work-version-edition-representation,complete recension with accent marks; pada/krama variants where extant; edition scans; structural index,P0,AGENT_DOWNLOAD_RIGHTS_REVIEW,CONDITIONAL,Item-level rights review,PARTIAL,GRETIL|Ambuda|Internet Archive|institutional catalogues,MIXED_OR_UNKNOWN,TARGET_ENUMERATED_NOT_RECONCILED,,
COR-0013,01 Shruti and Vedic,Samhita,Atharvaveda — Paippalada Samhita (Kashmir and Odisha witnesses),CORE,Sanskrit,Pan-Indian,Edition-specific full text plus scans and structure,one work-version-edition-representation,complete recension with accent marks; pada/krama variants where extant; edition scans; structural index,P0,AGENT_DOWNLOAD_RIGHTS_REVIEW,CONDITIONAL,Item-level rights review,PARTIAL,GRETIL|Ambuda|Internet Archive|institutional catalogues,MIXED_OR_UNKNOWN,TARGET_ENUMERATED_NOT_RECONCILED,,
COR-0014,01 Shruti and Vedic,Brahmana,Aitareya Brahmana,CORE,Sanskrit,Pan-Indian,Edition-specific full text plus scans and structure,one work-version-edition-representation,complete work; all books/chapters/verses; front/back matter; edition metadata,P0,AGENT_DOWNLOAD_RIGHTS_REVIEW,CONDITIONAL,Item-level rights review,PARTIAL,GRETIL|Ambuda|Internet Archive|institutional catalogues,MIXED_OR_UNKNOWN,TARGET_ENUMERATED_NOT_RECONCILED,,
COR-0015,01 Shruti and Vedic,Brahmana,Kaushitaki/Shankhayana Brahmana,CORE,Sanskrit,Pan-Indian,Edition-specific full text plus scans and structure,one work-version-edition-representation,complete work; all books/chapters/verses; front/back matter; edition metadata,P0,AGENT_DOWNLOAD_RIGHTS_REVIEW,CONDITIONAL,Item-level rights review,PARTIAL,GRETIL|Ambuda|Internet Archive|institutional catalogues,MIXED_OR_UNKNOWN,TARGET_ENUMERATED_NOT_RECONCILED,,
COR-0016,01 Shruti and Vedic,Brahmana,Panchavimsha/Tandya Mahabrahmana,CORE,Sanskrit,Pan-Indian,Edition-specific full text plus scans and structure,one work-version-edition-representation,complete work; all books/chapters/verses; front/back matter; edition metadata,P0,AGENT_DOWNLOAD_RIGHTS_REVIEW,CONDITIONAL,Item-level rights review,PARTIAL,GRETIL|Ambuda|Internet Archive|institutional catalogues,MIXED_OR_UNKNOWN,TARGET_ENUMERATED_NOT_RECONCILED,,
COR-0017,01 Shruti and Vedic,Brahmana,Shadvimsha Brahmana,CORE,Sanskrit,Pan-Indian,Edition-specific full text plus scans and structure,one work-version-edition-representation,complete work; all books/chapters/verses; front/back matter; edition metadata,P0,AGENT_DOWNLOAD_RIGHTS_REVIEW,CONDITIONAL,Item-level rights review,PARTIAL,GRETIL|Ambuda|Internet Archive|institutional catalogues,MIXED_OR_UNKNOWN,TARGET_ENUMERATED_NOT_RECONCILED,,
COR-0018,01 Shruti and Vedic,Brahmana,Samavidhana Brahmana,CORE,Sanskrit,Pan-Indian,Edition-specific full text plus scans and structure,one work-version-edition-representation,complete work; all books/chapters/verses; front/back matter; edition metadata,P0,AGENT_DOWNLOAD_RIGHTS_REVIEW,CONDITIONAL,Item-level rights review,PARTIAL,GRETIL|Ambuda|Internet Archive|institutional catalogues,MIXED_OR_UNKNOWN,TARGET_ENUMERATED_NOT_RECONCILED,,
COR-0019,01 Shruti and Vedic,Brahmana,Arsheya Brahmana,CORE,Sanskrit,Pan-Indian,Edition-specific full text plus scans and structure,one work-version-edition-representation,complete work; all books/chapters/verses; front/back matter; edition metadata,P0,AGENT_DOWNLOAD_RIGHTS_REVIEW,CONDITIONAL,Item-level rights review,PARTIAL,GRETIL|Ambuda|Internet Archive|institutional catalogues,MIXED_OR_UNKNOWN,TARGET_ENUMERATED_NOT_RECONCILED,,
COR-0020,01 Shruti and Vedic,Brahmana,Devata/Daivata Brahmana,CORE,Sanskrit,Pan-Indian,Edition-specific full text plus scans and structure,one work-version-edition-representation,complete work; all books/chapters/verses; front/back matter; edition metadata,P0,AGENT_DOWNLOAD_RIGHTS_REVIEW,CONDITIONAL,Item-level rights review,PARTIAL,GRETIL|Ambuda|Internet Archive|institutional catalogues,MIXED_OR_UNKNOWN,TARGET_ENUMERATED_NOT_RECONCILED,,
COR-0021,01 Shruti and Vedic,Brahmana,Chandogya/Mantra Brahmana,CORE,Sanskrit,Pan-Indian,Edition-specific full text plus scans and structure,one work-version-edition-representation,complete work; all books/chapters/verses; front/back matter; edition metadata,P0,AGENT_DOWNLOAD_RIGHTS_REVIEW,CONDITIONAL,Item-level rights review,PARTIAL,GRETIL|Ambuda|Internet Archive|institutional catalogues,MIXED_OR_UNKNOWN,TARGET_ENUMERATED_NOT_RECONCILED,,
COR-0022,01 Shruti and Vedic,Brahmana,Samhitopanishad Brahmana,CORE,Sanskrit,Pan-Indian,Edition-specific full text plus scans and structure,one work-version-edition-representation,complete work; all books/chapters/verses; front/back matter; edition metadata,P0,AGENT_DOWNLOAD_RIGHTS_REVIEW,CONDITIONAL,Item-level rights review,PARTIAL,GRETIL|Ambuda|Internet Archive|institutional catalogues,MIXED_OR_UNKNOWN,TARGET_ENUMERATED_NOT_RECONCILED,,
COR-0023,01 Shruti and Vedic,Brahmana,Vamsha Brahmana,CORE,Sanskrit,Pan-Indian,Edition-specific full text plus scans and structure,one work-version-edition-representation,complete work; all books/chapters/verses; front/back matter; edition metadata,P0,AGENT_DOWNLOAD_RIGHTS_REVIEW,CONDITIONAL,Item-level rights review,PARTIAL,GRETIL|Ambuda|Internet Archive|institutional catalogues,MIXED_OR_UNKNOWN,TARGET_ENUMERATED_NOT_RECONCILED,,
COR-0024,01 Shruti and Vedic,Brahmana,Jaiminiya Brahmana,CORE,Sanskrit,Pan-Indian,Edition-specific full text plus scans and structure,one work-version-edition-representation,complete work; all books/chapters/verses; front/back matter; edition metadata,P0,AGENT_DOWNLOAD_RIGHTS_REVIEW,CONDITIONAL,Item-level rights review,PARTIAL,GRETIL|Ambuda|Internet Archive|institutional catalogues,MIXED_OR_UNKNOWN,TARGET_ENUMERATED_NOT_RECONCILED,,
COR-0025,01 Shruti and Vedic,Brahmana,Jaiminiya Arsheya Brahmana,CORE,Sanskrit,Pan-Indian,Edition-specific full text plus scans and structure,one work-version-edition-representation,complete work; all books/chapters/verses; front/back matter; edition metadata,P0,AGENT_DOWNLOAD_RIGHTS_REVIEW,CONDITIONAL,Item-level rights review,PARTIAL,GRETIL|Ambuda|Internet Archive|institutional catalogues,MIXED_OR_UNKNOWN,TARGET_ENUMERATED_NOT_RECONCILED,,
COR-0026,01 Shruti and Vedic,Brahmana,Jaiminiya Upanishad Brahmana,CORE,Sanskrit,Pan-Indian,Edition-specific full text plus scans and structure,one work-version-edition-representation,complete work; all books/chapters/verses; front/back matter; edition metadata,P0,AGENT_DOWNLOAD_RIGHTS_REVIEW,CONDITIONAL,Item-level rights review,PARTIAL,GRETIL|Ambuda|Internet Archive|institutional catalogues,MIXED_OR_UNKNOWN,TARGET_ENUMERATED_NOT_RECONCILED,,
COR-0027,01 Shruti and Vedic,Brahmana,Taittiriya Brahmana,CORE,Sanskrit,Pan-Indian,Edition-specific full text plus scans and structure,one work-version-edition-representation,complete work; all books/chapters/verses; front/back matter; edition metadata,P0,AGENT_DOWNLOAD_RIGHTS_REVIEW,CONDITIONAL,Item-level rights review,PARTIAL,GRETIL|Ambuda|Internet Archive|institutional catalogues,MIXED_OR_UNKNOWN,TARGET_ENUMERATED_NOT_RECONCILED,,
COR-0028,01 Shruti and Vedic,Brahmana,Shatapatha Brahmana — Madhyandina recension,CORE,Sanskrit,Pan-Indian,Edition-specific full text plus scans and structure,one work-version-edition-representation,complete work; all books/chapters/verses; front/back matter; edition metadata,P0,AGENT_DOWNLOAD_RIGHTS_REVIEW,CONDITIONAL,Item-level rights review,PARTIAL,GRETIL|Ambuda|Internet Archive|institutional catalogues,MIXED_OR_UNKNOWN,TARGET_ENUMERATED_NOT_RECONCILED,,
COR-0029,01 Shruti and Vedic,Brahmana,Shatapatha Brahmana — Kanva recension,CORE,Sanskrit,Pan-Indian,Edition-specific full text plus scans and structure,one work-version-edition-representation,complete work; all books/chapters/verses; front/back matter; edition metadata,P0,AGENT_DOWNLOAD_RIGHTS_REVIEW,CONDITIONAL,Item-level rights review,PARTIAL,GRETIL|Ambuda|Internet Archive|institutional catalogues,MIXED_OR_UNKNOWN,TARGET_ENUMERATED_NOT_RECONCILED,,
COR-0030,01 Shruti and Vedic,Brahmana,Gopatha Brahmana,CORE,Sanskrit,Pan-Indian,Edition-specific full text plus scans and structure,one work-version-edition-representation,complete work; all books/chapters/verses; front/back matter; edition metadata,P0,AGENT_DOWNLOAD_RIGHTS_REVIEW,CONDITIONAL,Item-level rights review,PARTIAL,GRETIL|Ambuda|Internet Archive|institutional catalogues,MIXED_OR_UNKNOWN,TARGET_ENUMERATED_NOT_RECONCILED,,
COR-0031,01 Shruti and Vedic,Aranyaka,Aitareya Aranyaka,CORE,Sanskrit,Pan-Indian,Edition-specific full text plus scans and structure,one work-version-edition-representation,complete work; all books/chapters/verses; front/back matter; edition metadata,P0,AGENT_DOWNLOAD_RIGHTS_REVIEW,CONDITIONAL,Item-level rights review,PARTIAL,GRETIL|Ambuda|Internet Archive|institutional catalogues,MIXED_OR_UNKNOWN,TARGET_ENUMERATED_NOT_RECONCILED,,
COR-0032,01 Shruti and Vedic,Aranyaka,Kaushitaki/Shankhayana Aranyaka,CORE,Sanskrit,Pan-Indian,Edition-specific full text plus scans and structure,one work-version-edition-representation,complete work; all books/chapters/verses; front/back matter; edition metadata,P0,AGENT_DOWNLOAD_RIGHTS_REVIEW,CONDITIONAL,Item-level rights review,PARTIAL,GRETIL|Ambuda|Internet Archive|institutional catalogues,MIXED_OR_UNKNOWN,TARGET_ENUMERATED_NOT_RECONCILED,,
COR-0033,01 Shruti and Vedic,Aranyaka,Taittiriya Aranyaka,CORE,Sanskrit,Pan-Indian,Edition-specific full text plus scans and structure,one work-version-edition-representation,complete work; all books/chapters/verses; front/back matter; edition metadata,P0,AGENT_DOWNLOAD_RIGHTS_REVIEW,CONDITIONAL,Item-level rights review,PARTIAL,GRETIL|Ambuda|Internet Archive|institutional catalogues,MIXED_OR_UNKNOWN,TARGET_ENUMERATED_NOT_RECONCILED,,
COR-0034,01 Shruti and Vedic,Aranyaka,Talavakara/Jaiminiya Upanishad Brahmana aranyaka material,CORE,Sanskrit,Pan-Indian,Edition-specific full text plus scans and structure,one work-version-edition-representation,complete work; all books/chapters/verses; front/back matter; edition metadata,P0,AGENT_DOWNLOAD_RIGHTS_REVIEW,CONDITIONAL,Item-level rights review,PARTIAL,GRETIL|Ambuda|Internet Archive|institutional catalogues,MIXED_OR_UNKNOWN,TARGET_ENUMERATED_NOT_RECONCILED,,
COR-0035,01 Shruti and Vedic,Aranyaka,Brihadaranyaka — Madhyandina recension,CORE,Sanskrit,Pan-Indian,Edition-specific full text plus scans and structure,one work-version-edition-representation,complete work; all books/chapters/verses; front/back matter; edition metadata,P0,AGENT_DOWNLOAD_RIGHTS_REVIEW,CONDITIONAL,Item-level rights review,PARTIAL,GRETIL|Ambuda|Internet Archive|institutional catalogues,MIXED_OR_UNKNOWN,TARGET_ENUMERATED_NOT_RECONCILED,,
COR-0036,01 Shruti and Vedic,Aranyaka,Brihadaranyaka — Kanva recension,CORE,Sanskrit,Pan-Indian,Edition-specific full text plus scans and structure,one work-version-edition-representation,complete work; all books/chapters/verses; front/back matter; edition metadata,P0,AGENT_DOWNLOAD_RIGHTS_REVIEW,CONDITIONAL,Item-level rights review,PARTIAL,GRETIL|Ambuda|Internet Archive|institutional catalogues,MIXED_OR_UNKNOWN,TARGET_ENUMERATED_NOT_RECONCILED,,
COR-0037,01 Shruti and Vedic,Principal Upanishads,Isha Upanishad,CORE,Sanskrit,Pan-Indian,Edition-specific full text plus scans and structure,one work-version-edition-representation,complete work; all books/chapters/verses; front/back matter; edition metadata,P0,AGENT_DOWNLOAD_RIGHTS_REVIEW,CONDITIONAL,Item-level rights review,PARTIAL,GRETIL|Ambuda|Internet Archive|institutional catalogues,MIXED_OR_UNKNOWN,TARGET_ENUMERATED_NOT_RECONCILED,,
COR-0038,01 Shruti and Vedic,Principal Upanishads,Kena Upanishad,CORE,Sanskrit,Pan-Indian,Edition-specific full text plus scans and structure,one work-version-edition-representation,complete work; all books/chapters/verses; front/back matter; edition metadata,P0,AGENT_DOWNLOAD_RIGHTS_REVIEW,CONDITIONAL,Item-level rights review,PARTIAL,GRETIL|Ambuda|Internet Archive|institutional catalogues,MIXED_OR_UNKNOWN,TARGET_ENUMERATED_NOT_RECONCILED,,
COR-0039,01 Shruti and Vedic,Principal Upanishads,Katha Upanishad,CORE,Sanskrit,Pan-Indian,Edition-specific full text plus scans and structure,one work-version-edition-representation,complete work; all books/chapters/verses; front/back matter; edition metadata,P0,AGENT_DOWNLOAD_RIGHTS_REVIEW,CONDITIONAL,Item-level rights review,PARTIAL,GRETIL|Ambuda|Internet Archive|institutional catalogues,MIXED_OR_UNKNOWN,TARGET_ENUMERATED_NOT_RECONCILED,,
COR-0040,01 Shruti and Vedic,Principal Upanishads,Prashna Upanishad,CORE,Sanskrit,Pan-Indian,Edition-specific full text plus scans and structure,one work-version-edition-representation,complete work; all books/chapters/verses; front/back matter; edition metadata,P0,AGENT_DOWNLOAD_RIGHTS_REVIEW,CONDITIONAL,Item-level rights review,PARTIAL,GRETIL|Ambuda|Internet Archive|institutional catalogues,MIXED_OR_UNKNOWN,TARGET_ENUMERATED_NOT_RECONCILED,,
COR-0041,01 Shruti and Vedic,Principal Upanishads,Mundaka Upanishad,CORE,Sanskrit,Pan-Indian,Edition-specific full text plus scans and structure,one work-version-edition-representation,complete work; all books/chapters/verses; front/back matter; edition metadata,P0,AGENT_DOWNLOAD_RIGHTS_REVIEW,CONDITIONAL,Item-level rights review,PARTIAL,GRETIL|Ambuda|Internet Archive|institutional catalogues,MIXED_OR_UNKNOWN,TARGET_ENUMERATED_NOT_RECONCILED,,
COR-0042,01 Shruti and Vedic,Principal Upanishads,Mandukya Upanishad and Gaudapada Karika,CORE,Sanskrit,Pan-Indian,Edition-specific full text plus scans and structure,one work-version-edition-representation,complete work; all books/chapters/verses; front/back matter; edition metadata,P0,AGENT_DOWNLOAD_RIGHTS_REVIEW,CONDITIONAL,Item-level rights review,PARTIAL,GRETIL|Ambuda|Internet Archive|institutional catalogues,MIXED_OR_UNKNOWN,TARGET_ENUMERATED_NOT_RECONCILED,,
COR-0043,01 Shruti and Vedic,Principal Upanishads,Taittiriya Upanishad,CORE,Sanskrit,Pan-Indian,Edition-specific full text plus scans and structure,one work-version-edition-representation,complete work; all books/chapters/verses; front/back matter; edition metadata,P0,AGENT_DOWNLOAD_RIGHTS_REVIEW,CONDITIONAL,Item-level rights review,PARTIAL,GRETIL|Ambuda|Internet Archive|institutional catalogues,MIXED_OR_UNKNOWN,TARGET_ENUMERATED_NOT_RECONCILED,,
COR-0044,01 Shruti and Vedic,Principal Upanishads,Aitareya Upanishad,CORE,Sanskrit,Pan-Indian,Edition-specific full text plus scans and structure,one work-version-edition-representation,complete work; all books/chapters/verses; front/back matter; edition metadata,P0,AGENT_DOWNLOAD_RIGHTS_REVIEW,CONDITIONAL,Item-level rights review,PARTIAL,GRETIL|Ambuda|Internet Archive|institutional catalogues,MIXED_OR_UNKNOWN,TARGET_ENUMERATED_NOT_RECONCILED,,
COR-0045,01 Shruti and Vedic,Principal Upanishads,Chandogya Upanishad,CORE,Sanskrit,Pan-Indian,Edition-specific full text plus scans and structure,one work-version-edition-representation,complete work; all books/chapters/verses; front/back matter; edition metadata,P0,AGENT_DOWNLOAD_RIGHTS_REVIEW,CONDITIONAL,Item-level rights review,PARTIAL,GRETIL|Ambuda|Internet Archive|institutional catalogues,MIXED_OR_UNKNOWN,TARGET_ENUMERATED_NOT_RECONCILED,,
COR-0046,01 Shruti and Vedic,Principal Upanishads,Brihadaranyaka Upanishad,CORE,Sanskrit,Pan-Indian,Edition-specific full text plus scans and structure,one work-version-edition-representation,complete work; all books/chapters/verses; front/back matter; edition metadata,P0,AGENT_DOWNLOAD_RIGHTS_REVIEW,CONDITIONAL,Item-level rights review,PARTIAL,GRETIL|Ambuda|Internet Archive|institutional catalogues,MIXED_OR_UNKNOWN,TARGET_ENUMERATED_NOT_RECONCILED,,
COR-0047,01 Shruti and Vedic,Principal Upanishads,Shvetashvatara Upanishad,CORE,Sanskrit,Pan-Indian,Edition-specific full text plus scans and structure,one work-version-edition-representation,complete work; all books/chapters/verses; front/back matter; edition metadata,P0,AGENT_DOWNLOAD_RIGHTS_REVIEW,CONDITIONAL,Item-level rights review,PARTIAL,GRETIL|Ambuda|Internet Archive|institutional catalogues,MIXED_OR_UNKNOWN,TARGET_ENUMERATED_NOT_RECONCILED,,
COR-0048,01 Shruti and Vedic,Principal Upanishads,Kaushitaki Upanishad,CORE,Sanskrit,Pan-Indian,Edition-specific full text plus scans and structure,one work-version-edition-representation,complete work; all books/chapters/verses; front/back matter; edition metadata,P0,AGENT_DOWNLOAD_RIGHTS_REVIEW,CONDITIONAL,Item-level rights review,PARTIAL,GRETIL|Ambuda|Internet Archive|institutional catalogues,MIXED_OR_UNKNOWN,TARGET_ENUMERATED_NOT_RECONCILED,,
COR-0049,01 Shruti and Vedic,Principal Upanishads,Maitri/Maitrayaniya Upanishad,CORE,Sanskrit,Pan-Indian,Edition-specific full text plus scans and structure,one work-version-edition-representation,complete work; all books/chapters/verses; front/back matter; edition metadata,P0,AGENT_DOWNLOAD_RIGHTS_REVIEW,CONDITIONAL,Item-level rights review,PARTIAL,GRETIL|Ambuda|Internet Archive|institutional catalogues,MIXED_OR_UNKNOWN,TARGET_ENUMERATED_NOT_RECONCILED,,
COR-0050,01 Shruti and Vedic,Minor Upanishads,Muktika canon of 108 Upanishads,CORE,Sanskrit,Pan-Indian,Edition-specific full text plus scans and structure,each named Upanishad and each recension/commentarial edition,all 108 titles reconciled to the Muktika list; full Sanskrit; major translations and commentaries,P0,AGENT_DOWNLOAD_RIGHTS_REVIEW,CONDITIONAL,Item-level rights review,PARTIAL,GRETIL|Ambuda|Internet Archive|institutional catalogues,MIXED_OR_UNKNOWN,TARGET_ENUMERATED_NOT_RECONCILED,,Expand the collection into 108 child work records during reconciliation.
COR-0051,01 Shruti and Vedic,Vedanga and ancillary Vedic corpus,Shiksha corpus (phonetics and recitation manuals),CORE,Sanskrit,Pan-Indian,Edition-specific full text plus scans and structure,"each school-specific root text, recension and commentary",complete work; all books/chapters/verses; front/back matter; edition metadata,P0,AGENT_DOWNLOAD_RIGHTS_REVIEW,CONDITIONAL,Item-level rights review,PARTIAL,GRETIL|Ambuda|Internet Archive|institutional catalogues,MIXED_OR_UNKNOWN,TARGET_ENUMERATED_NOT_RECONCILED,,
COR-0052,01 Shruti and Vedic,Vedanga and ancillary Vedic corpus,Pratishakhya corpus by Vedic school,CORE,Sanskrit,Pan-Indian,Edition-specific full text plus scans and structure,"each school-specific root text, recension and commentary",complete work; all books/chapters/verses; front/back matter; edition metadata,P0,AGENT_DOWNLOAD_RIGHTS_REVIEW,CONDITIONAL,Item-level rights review,PARTIAL,GRETIL|Ambuda|Internet Archive|institutional catalogues,MIXED_OR_UNKNOWN,TARGET_ENUMERATED_NOT_RECONCILED,,
COR-0053,01 Shruti and Vedic,Vedanga and ancillary Vedic corpus,Chandas corpus including Pingala,CORE,Sanskrit,Pan-Indian,Edition-specific full text plus scans and structure,"each school-specific root text, recension and commentary",complete work; all books/chapters/verses; front/back matter; edition metadata,P0,AGENT_DOWNLOAD_RIGHTS_REVIEW,CONDITIONAL,Item-level rights review,PARTIAL,GRETIL|Ambuda|Internet Archive|institutional catalogues,MIXED_OR_UNKNOWN,TARGET_ENUMERATED_NOT_RECONCILED,,
COR-0054,01 Shruti and Vedic,Vedanga and ancillary Vedic corpus,Vyakarana Vedic corpus including Panini and predecessors,CORE,Sanskrit,Pan-Indian,Edition-specific full text plus scans and structure,"each school-specific root text, recension and commentary",complete work; all books/chapters/verses; front/back matter; edition metadata,P0,AGENT_DOWNLOAD_RIGHTS_REVIEW,CONDITIONAL,Item-level rights review,PARTIAL,GRETIL|Ambuda|Internet Archive|institutional catalogues,MIXED_OR_UNKNOWN,TARGET_ENUMERATED_NOT_RECONCILED,,
COR-0055,01 Shruti and Vedic,Vedanga and ancillary Vedic corpus,Nirukta and Nighantu corpus,CORE,Sanskrit,Pan-Indian,Edition-specific full text plus scans and structure,"each school-specific root text, recension and commentary",complete work; all books/chapters/verses; front/back matter; edition metadata,P0,AGENT_DOWNLOAD_RIGHTS_REVIEW,CONDITIONAL,Item-level rights review,PARTIAL,GRETIL|Ambuda|Internet Archive|institutional catalogues,MIXED_OR_UNKNOWN,TARGET_ENUMERATED_NOT_RECONCILED,,
COR-0056,01 Shruti and Vedic,Vedanga and ancillary Vedic corpus,Kalpa — Shrautasutra corpus by school,CORE,Sanskrit,Pan-Indian,Edition-specific full text plus scans and structure,"each school-specific root text, recension and commentary",complete work; all books/chapters/verses; front/back matter; edition metadata,P0,AGENT_DOWNLOAD_RIGHTS_REVIEW,CONDITIONAL,Item-level rights review,PARTIAL,GRETIL|Ambuda|Internet Archive|institutional catalogues,MIXED_OR_UNKNOWN,TARGET_ENUMERATED_NOT_RECONCILED,,
COR-0057,01 Shruti and Vedic,Vedanga and ancillary Vedic corpus,Kalpa — Grihyasutra corpus by school,CORE,Sanskrit,Pan-Indian,Edition-specific full text plus scans and structure,"each school-specific root text, recension and commentary",complete work; all books/chapters/verses; front/back matter; edition metadata,P0,AGENT_DOWNLOAD_RIGHTS_REVIEW,CONDITIONAL,Item-level rights review,PARTIAL,GRETIL|Ambuda|Internet Archive|institutional catalogues,MIXED_OR_UNKNOWN,TARGET_ENUMERATED_NOT_RECONCILED,,
COR-0058,01 Shruti and Vedic,Vedanga and ancillary Vedic corpus,Kalpa — Dharmasutra corpus by school,CORE,Sanskrit,Pan-Indian,Edition-specific full text plus scans and structure,"each school-specific root text, recension and commentary",complete work; all books/chapters/verses; front/back matter; edition metadata,P0,AGENT_DOWNLOAD_RIGHTS_REVIEW,CONDITIONAL,Item-level rights review,PARTIAL,GRETIL|Ambuda|Internet Archive|institutional catalogues,MIXED_OR_UNKNOWN,TARGET_ENUMERATED_NOT_RECONCILED,,
COR-0059,01 Shruti and Vedic,Vedanga and ancillary Vedic corpus,Kalpa — Shulbasutra corpus,CORE,Sanskrit,Pan-Indian,Edition-specific full text plus scans and structure,"each school-specific root text, recension and commentary",complete work; all books/chapters/verses; front/back matter; edition metadata,P0,AGENT_DOWNLOAD_RIGHTS_REVIEW,CONDITIONAL,Item-level rights review,PARTIAL,GRETIL|Ambuda|Internet Archive|institutional catalogues,MIXED_OR_UNKNOWN,TARGET_ENUMERATED_NOT_RECONCILED,,
COR-0060,01 Shruti and Vedic,Vedanga and ancillary Vedic corpus,Vedanga Jyotisha recensions and commentaries,CORE,Sanskrit,Pan-Indian,Edition-specific full text plus scans and structure,"each school-specific root text, recension and commentary",complete work; all books/chapters/verses; front/back matter; edition metadata,P0,AGENT_DOWNLOAD_RIGHTS_REVIEW,CONDITIONAL,Item-level rights review,PARTIAL,GRETIL|Ambuda|Internet Archive|institutional catalogues,MIXED_OR_UNKNOWN,TARGET_ENUMERATED_NOT_RECONCILED,,
COR-0061,01 Shruti and Vedic,Vedanga and ancillary Vedic corpus,"Anukramani, Parishishta, Khila and prayoga corpora by Vedic school",CORE,Sanskrit,Pan-Indian,Edition-specific full text plus scans and structure,"each school-specific root text, recension and commentary",complete work; all books/chapters/verses; front/back matter; edition metadata,P0,AGENT_DOWNLOAD_RIGHTS_REVIEW,CONDITIONAL,Item-level rights review,PARTIAL,GRETIL|Ambuda|Internet Archive|institutional catalogues,MIXED_OR_UNKNOWN,TARGET_ENUMERATED_NOT_RECONCILED,,
COR-0062,01 Shruti and Vedic,Oral heritage,Complete Vedic recitation audio/video by shakha and patha,CORE,Sanskrit,Pan-Indian,Lossless audio/video plus timed transcript and performer metadata,one shakha × patha × complete text × performer lineage,complete work; all books/chapters/verses; front/back matter; edition metadata,P0,USER_NEGOTIATE_INSTITUTION,NO,Partnership and performer consent; fund recording where no complete archive exists,PARTIAL,Vedic Heritage Portal|Veda pathashalas|private lineages,PERMISSION_REQUIRED,POPULATION_NOT_FULLY_ENUMERATED,https://vedicheritage.gov.in/,"Include samhita, pada, krama, jata, ghana and other vikriti paths where living."
COR-0063,02 Itihasa,Mahabharata Sanskrit,"Mahabharata — BORI Critical Edition, 18 parvans",CORE,Sanskrit,Pan-Indian,Edition-specific full text plus scans and structure,one work-version-edition-representation,complete work; all books/chapters/verses; front/back matter; edition metadata,P0,USER_BUY_PHYSICAL_SCAN,NO,Purchase exact edition/volume set and scan; separately request digital/publication rights,PARTIAL_RESTRICTED,BORI|Oriental Institute Baroda|Gita Press|publishers,PERMISSION_REQUIRED_FOR_MODERN_EDITIONS,TARGET_ENUMERATED_NOT_RECONCILED,,
COR-0064,02 Itihasa,Mahabharata Sanskrit,Mahabharata — BORI Critical Edition critical apparatus,CORE,Sanskrit,Pan-Indian,Edition-specific full text plus scans and structure,one work-version-edition-representation,complete work; all books/chapters/verses; front/back matter; edition metadata,P0,USER_BUY_PHYSICAL_SCAN,NO,Purchase exact edition/volume set and scan; separately request digital/publication rights,PARTIAL_RESTRICTED,BORI|Oriental Institute Baroda|Gita Press|publishers,PERMISSION_REQUIRED_FOR_MODERN_EDITIONS,TARGET_ENUMERATED_NOT_RECONCILED,,
COR-0065,02 Itihasa,Mahabharata Sanskrit,Mahabharata — Nilakantha vulgate edition,CORE,Sanskrit,Pan-Indian,Edition-specific full text plus scans and structure,one work-version-edition-representation,complete work; all books/chapters/verses; front/back matter; edition metadata,P0,USER_BUY_PHYSICAL_SCAN,NO,Purchase exact edition/volume set and scan; separately request digital/publication rights,PARTIAL_RESTRICTED,BORI|Oriental Institute Baroda|Gita Press|publishers,PERMISSION_REQUIRED_FOR_MODERN_EDITIONS,TARGET_ENUMERATED_NOT_RECONCILED,,
COR-0066,02 Itihasa,Mahabharata Sanskrit,Mahabharata — Southern recension editions,CORE,Sanskrit,Pan-Indian,Edition-specific full text plus scans and structure,one work-version-edition-representation,complete work; all books/chapters/verses; front/back matter; edition metadata,P0,USER_BUY_PHYSICAL_SCAN,NO,Purchase exact edition/volume set and scan; separately request digital/publication rights,PARTIAL_RESTRICTED,BORI|Oriental Institute Baroda|Gita Press|publishers,PERMISSION_REQUIRED_FOR_MODERN_EDITIONS,TARGET_ENUMERATED_NOT_RECONCILED,,
COR-0067,02 Itihasa,Mahabharata Sanskrit,Mahabharata — Northern recension editions,CORE,Sanskrit,Pan-Indian,Edition-specific full text plus scans and structure,one work-version-edition-representation,complete work; all books/chapters/verses; front/back matter; edition metadata,P0,USER_BUY_PHYSICAL_SCAN,NO,Purchase exact edition/volume set and scan; separately request digital/publication rights,PARTIAL_RESTRICTED,BORI|Oriental Institute Baroda|Gita Press|publishers,PERMISSION_REQUIRED_FOR_MODERN_EDITIONS,TARGET_ENUMERATED_NOT_RECONCILED,,
COR-0068,02 Itihasa,Mahabharata Sanskrit,Harivamsha — BORI Critical Edition,CORE,Sanskrit,Pan-Indian,Edition-specific full text plus scans and structure,one work-version-edition-representation,complete work; all books/chapters/verses; front/back matter; edition metadata,P0,USER_BUY_PHYSICAL_SCAN,NO,Purchase exact edition/volume set and scan; separately request digital/publication rights,PARTIAL_RESTRICTED,BORI|Oriental Institute Baroda|Gita Press|publishers,PERMISSION_REQUIRED_FOR_MODERN_EDITIONS,TARGET_ENUMERATED_NOT_RECONCILED,,
COR-0069,02 Itihasa,Mahabharata Sanskrit,Harivamsha — vulgate and regional recensions,CORE,Sanskrit,Pan-Indian,Edition-specific full text plus scans and structure,one work-version-edition-representation,complete work; all books/chapters/verses; front/back matter; edition metadata,P0,USER_BUY_PHYSICAL_SCAN,NO,Purchase exact edition/volume set and scan; separately request digital/publication rights,PARTIAL_RESTRICTED,BORI|Oriental Institute Baroda|Gita Press|publishers,PERMISSION_REQUIRED_FOR_MODERN_EDITIONS,TARGET_ENUMERATED_NOT_RECONCILED,,
COR-0070,02 Itihasa,Mahabharata Sanskrit,Mahabharata khilas and supplementary passages,CORE,Sanskrit,Pan-Indian,Edition-specific full text plus scans and structure,one work-version-edition-representation,complete work; all books/chapters/verses; front/back matter; edition metadata,P0,USER_BUY_PHYSICAL_SCAN,NO,Purchase exact edition/volume set and scan; separately request digital/publication rights,PARTIAL_RESTRICTED,BORI|Oriental Institute Baroda|Gita Press|publishers,PERMISSION_REQUIRED_FOR_MODERN_EDITIONS,TARGET_ENUMERATED_NOT_RECONCILED,,
COR-0071,02 Itihasa,Mahabharata translations and commentaries,Kisari Mohan Ganguli English translation,CORE,Sanskrit|English|Hindi|Bengali|Odia|Tamil|Telugu|Kannada|Malayalam|Marathi|Gujarati|Assamese|Nepali|Old Javanese,India and Southeast Asia,Edition-specific full text plus scans and structure,one work-version-edition-representation,complete work; all books/chapters/verses; front/back matter; edition metadata,P0,AGENT_DOWNLOAD_RIGHTS_REVIEW,CONDITIONAL,Acquire public-domain editions automatically; user purchases and permissions for protected translations,PARTIAL,GRETIL|Ambuda|Internet Archive|institutional catalogues,MIXED_OR_UNKNOWN,TARGET_ENUMERATED_NOT_RECONCILED,,Each named translation/retelling expands to all volumes and editions; copyright route is edition-specific.
COR-0072,02 Itihasa,Mahabharata translations and commentaries,Manmatha Nath Dutt English translation,CORE,Sanskrit|English|Hindi|Bengali|Odia|Tamil|Telugu|Kannada|Malayalam|Marathi|Gujarati|Assamese|Nepali|Old Javanese,India and Southeast Asia,Edition-specific full text plus scans and structure,one work-version-edition-representation,complete work; all books/chapters/verses; front/back matter; edition metadata,P0,AGENT_DOWNLOAD_RIGHTS_REVIEW,CONDITIONAL,Acquire public-domain editions automatically; user purchases and permissions for protected translations,PARTIAL,GRETIL|Ambuda|Internet Archive|institutional catalogues,MIXED_OR_UNKNOWN,TARGET_ENUMERATED_NOT_RECONCILED,,Each named translation/retelling expands to all volumes and editions; copyright route is edition-specific.
COR-0073,02 Itihasa,Mahabharata translations and commentaries,Bibek Debroy English translation,CORE,Sanskrit|English|Hindi|Bengali|Odia|Tamil|Telugu|Kannada|Malayalam|Marathi|Gujarati|Assamese|Nepali|Old Javanese,India and Southeast Asia,Edition-specific full text plus scans and structure,one work-version-edition-representation,complete work; all books/chapters/verses; front/back matter; edition metadata,P0,AGENT_DOWNLOAD_RIGHTS_REVIEW,CONDITIONAL,Acquire public-domain editions automatically; user purchases and permissions for protected translations,PARTIAL,GRETIL|Ambuda|Internet Archive|institutional catalogues,MIXED_OR_UNKNOWN,TARGET_ENUMERATED_NOT_RECONCILED,,Each named translation/retelling expands to all volumes and editions; copyright route is edition-specific.
COR-0074,02 Itihasa,Mahabharata translations and commentaries,University of Chicago Mahabharata translation series,CORE,Sanskrit|English|Hindi|Bengali|Odia|Tamil|Telugu|Kannada|Malayalam|Marathi|Gujarati|Assamese|Nepali|Old Javanese,India and Southeast Asia,Edition-specific full text plus scans and structure,one work-version-edition-representation,complete work; all books/chapters/verses; front/back matter; edition metadata,P0,AGENT_DOWNLOAD_RIGHTS_REVIEW,CONDITIONAL,Acquire public-domain editions automatically; user purchases and permissions for protected translations,PARTIAL,GRETIL|Ambuda|Internet Archive|institutional catalogues,MIXED_OR_UNKNOWN,TARGET_ENUMERATED_NOT_RECONCILED,,Each named translation/retelling expands to all volumes and editions; copyright route is edition-specific.
COR-0075,02 Itihasa,Mahabharata translations and commentaries,Clay Sanskrit Library Mahabharata volumes,CORE,Sanskrit|English|Hindi|Bengali|Odia|Tamil|Telugu|Kannada|Malayalam|Marathi|Gujarati|Assamese|Nepali|Old Javanese,India and Southeast Asia,Edition-specific full text plus scans and structure,one work-version-edition-representation,complete work; all books/chapters/verses; front/back matter; edition metadata,P0,AGENT_DOWNLOAD_RIGHTS_REVIEW,CONDITIONAL,Acquire public-domain editions automatically; user purchases and permissions for protected translations,PARTIAL,GRETIL|Ambuda|Internet Archive|institutional catalogues,MIXED_OR_UNKNOWN,TARGET_ENUMERATED_NOT_RECONCILED,,Each named translation/retelling expands to all volumes and editions; copyright route is edition-specific.
COR-0076,02 Itihasa,Mahabharata translations and commentaries,Gita Press Hindi Mahabharata,CORE,Sanskrit|English|Hindi|Bengali|Odia|Tamil|Telugu|Kannada|Malayalam|Marathi|Gujarati|Assamese|Nepali|Old Javanese,India and Southeast Asia,Edition-specific full text plus scans and structure,one work-version-edition-representation,complete work; all books/chapters/verses; front/back matter; edition metadata,P0,AGENT_DOWNLOAD_RIGHTS_REVIEW,CONDITIONAL,Acquire public-domain editions automatically; user purchases and permissions for protected translations,PARTIAL,GRETIL|Ambuda|Internet Archive|institutional catalogues,MIXED_OR_UNKNOWN,TARGET_ENUMERATED_NOT_RECONCILED,,Each named translation/retelling expands to all volumes and editions; copyright route is edition-specific.
COR-0077,02 Itihasa,Mahabharata translations and commentaries,Bengali Kashiram Das Mahabharata,CORE,Sanskrit|English|Hindi|Bengali|Odia|Tamil|Telugu|Kannada|Malayalam|Marathi|Gujarati|Assamese|Nepali|Old Javanese,India and Southeast Asia,Edition-specific full text plus scans and structure,one work-version-edition-representation,complete work; all books/chapters/verses; front/back matter; edition metadata,P0,AGENT_DOWNLOAD_RIGHTS_REVIEW,CONDITIONAL,Acquire public-domain editions automatically; user purchases and permissions for protected translations,PARTIAL,GRETIL|Ambuda|Internet Archive|institutional catalogues,MIXED_OR_UNKNOWN,TARGET_ENUMERATED_NOT_RECONCILED,,Each named translation/retelling expands to all volumes and editions; copyright route is edition-specific.
COR-0078,02 Itihasa,Mahabharata translations and commentaries,Odia Sarala Mahabharata,CORE,Sanskrit|English|Hindi|Bengali|Odia|Tamil|Telugu|Kannada|Malayalam|Marathi|Gujarati|Assamese|Nepali|Old Javanese,India and Southeast Asia,Edition-specific full text plus scans and structure,one work-version-edition-representation,complete work; all books/chapters/verses; front/back matter; edition metadata,P0,AGENT_DOWNLOAD_RIGHTS_REVIEW,CONDITIONAL,Acquire public-domain editions automatically; user purchases and permissions for protected translations,PARTIAL,GRETIL|Ambuda|Internet Archive|institutional catalogues,MIXED_OR_UNKNOWN,TARGET_ENUMERATED_NOT_RECONCILED,,Each named translation/retelling expands to all volumes and editions; copyright route is edition-specific.
COR-0079,02 Itihasa,Mahabharata translations and commentaries,Tamil Villibharatam,CORE,Sanskrit|English|Hindi|Bengali|Odia|Tamil|Telugu|Kannada|Malayalam|Marathi|Gujarati|Assamese|Nepali|Old Javanese,India and Southeast Asia,Edition-specific full text plus scans and structure,one work-version-edition-representation,complete work; all books/chapters/verses; front/back matter; edition metadata,P0,AGENT_DOWNLOAD_RIGHTS_REVIEW,CONDITIONAL,Acquire public-domain editions automatically; user purchases and permissions for protected translations,PARTIAL,GRETIL|Ambuda|Internet Archive|institutional catalogues,MIXED_OR_UNKNOWN,TARGET_ENUMERATED_NOT_RECONCILED,,Each named translation/retelling expands to all volumes and editions; copyright route is edition-specific.
COR-0080,02 Itihasa,Mahabharata translations and commentaries,"Telugu Andhra Mahabharatam — Nannaya, Tikkana, Errana",CORE,Sanskrit|English|Hindi|Bengali|Odia|Tamil|Telugu|Kannada|Malayalam|Marathi|Gujarati|Assamese|Nepali|Old Javanese,India and Southeast Asia,Edition-specific full text plus scans and structure,one work-version-edition-representation,complete work; all books/chapters/verses; front/back matter; edition metadata,P0,AGENT_DOWNLOAD_RIGHTS_REVIEW,CONDITIONAL,Acquire public-domain editions automatically; user purchases and permissions for protected translations,PARTIAL,GRETIL|Ambuda|Internet Archive|institutional catalogues,MIXED_OR_UNKNOWN,TARGET_ENUMERATED_NOT_RECONCILED,,Each named translation/retelling expands to all volumes and editions; copyright route is edition-specific.
COR-0081,02 Itihasa,Mahabharata translations and commentaries,Kannada Kumara Vyasa Bharata,CORE,Sanskrit|English|Hindi|Bengali|Odia|Tamil|Telugu|Kannada|Malayalam|Marathi|Gujarati|Assamese|Nepali|Old Javanese,India and Southeast Asia,Edition-specific full text plus scans and structure,one work-version-edition-representation,complete work; all books/chapters/verses; front/back matter; edition metadata,P0,AGENT_DOWNLOAD_RIGHTS_REVIEW,CONDITIONAL,Acquire public-domain editions automatically; user purchases and permissions for protected translations,PARTIAL,GRETIL|Ambuda|Internet Archive|institutional catalogues,MIXED_OR_UNKNOWN,TARGET_ENUMERATED_NOT_RECONCILED,,Each named translation/retelling expands to all volumes and editions; copyright route is edition-specific.
COR-0082,02 Itihasa,Mahabharata translations and commentaries,Kannada Pampa Bharata,CORE,Sanskrit|English|Hindi|Bengali|Odia|Tamil|Telugu|Kannada|Malayalam|Marathi|Gujarati|Assamese|Nepali|Old Javanese,India and Southeast Asia,Edition-specific full text plus scans and structure,one work-version-edition-representation,complete work; all books/chapters/verses; front/back matter; edition metadata,P0,AGENT_DOWNLOAD_RIGHTS_REVIEW,CONDITIONAL,Acquire public-domain editions automatically; user purchases and permissions for protected translations,PARTIAL,GRETIL|Ambuda|Internet Archive|institutional catalogues,MIXED_OR_UNKNOWN,TARGET_ENUMERATED_NOT_RECONCILED,,Each named translation/retelling expands to all volumes and editions; copyright route is edition-specific.
COR-0083,02 Itihasa,Mahabharata translations and commentaries,Malayalam Bharata traditions,CORE,Sanskrit|English|Hindi|Bengali|Odia|Tamil|Telugu|Kannada|Malayalam|Marathi|Gujarati|Assamese|Nepali|Old Javanese,India and Southeast Asia,Edition-specific full text plus scans and structure,one work-version-edition-representation,complete work; all books/chapters/verses; front/back matter; edition metadata,P0,AGENT_DOWNLOAD_RIGHTS_REVIEW,CONDITIONAL,Acquire public-domain editions automatically; user purchases and permissions for protected translations,PARTIAL,GRETIL|Ambuda|Internet Archive|institutional catalogues,MIXED_OR_UNKNOWN,TARGET_ENUMERATED_NOT_RECONCILED,,Each named translation/retelling expands to all volumes and editions; copyright route is edition-specific.
COR-0084,02 Itihasa,Mahabharata translations and commentaries,Marathi Mahabharata retellings,CORE,Sanskrit|English|Hindi|Bengali|Odia|Tamil|Telugu|Kannada|Malayalam|Marathi|Gujarati|Assamese|Nepali|Old Javanese,India and Southeast Asia,Edition-specific full text plus scans and structure,one work-version-edition-representation,complete work; all books/chapters/verses; front/back matter; edition metadata,P0,AGENT_DOWNLOAD_RIGHTS_REVIEW,CONDITIONAL,Acquire public-domain editions automatically; user purchases and permissions for protected translations,PARTIAL,GRETIL|Ambuda|Internet Archive|institutional catalogues,MIXED_OR_UNKNOWN,TARGET_ENUMERATED_NOT_RECONCILED,,Each named translation/retelling expands to all volumes and editions; copyright route is edition-specific.
COR-0085,02 Itihasa,Mahabharata translations and commentaries,Gujarati Mahabharata translations,CORE,Sanskrit|English|Hindi|Bengali|Odia|Tamil|Telugu|Kannada|Malayalam|Marathi|Gujarati|Assamese|Nepali|Old Javanese,India and Southeast Asia,Edition-specific full text plus scans and structure,one work-version-edition-representation,complete work; all books/chapters/verses; front/back matter; edition metadata,P0,AGENT_DOWNLOAD_RIGHTS_REVIEW,CONDITIONAL,Acquire public-domain editions automatically; user purchases and permissions for protected translations,PARTIAL,GRETIL|Ambuda|Internet Archive|institutional catalogues,MIXED_OR_UNKNOWN,TARGET_ENUMERATED_NOT_RECONCILED,,Each named translation/retelling expands to all volumes and editions; copyright route is edition-specific.
COR-0086,02 Itihasa,Mahabharata translations and commentaries,Assamese Mahabharata retellings,CORE,Sanskrit|English|Hindi|Bengali|Odia|Tamil|Telugu|Kannada|Malayalam|Marathi|Gujarati|Assamese|Nepali|Old Javanese,India and Southeast Asia,Edition-specific full text plus scans and structure,one work-version-edition-representation,complete work; all books/chapters/verses; front/back matter; edition metadata,P0,AGENT_DOWNLOAD_RIGHTS_REVIEW,CONDITIONAL,Acquire public-domain editions automatically; user purchases and permissions for protected translations,PARTIAL,GRETIL|Ambuda|Internet Archive|institutional catalogues,MIXED_OR_UNKNOWN,TARGET_ENUMERATED_NOT_RECONCILED,,Each named translation/retelling expands to all volumes and editions; copyright route is edition-specific.
COR-0087,02 Itihasa,Mahabharata translations and commentaries,Nepali Mahabharata translations,CORE,Sanskrit|English|Hindi|Bengali|Odia|Tamil|Telugu|Kannada|Malayalam|Marathi|Gujarati|Assamese|Nepali|Old Javanese,India and Southeast Asia,Edition-specific full text plus scans and structure,one work-version-edition-representation,complete work; all books/chapters/verses; front/back matter; edition metadata,P0,AGENT_DOWNLOAD_RIGHTS_REVIEW,CONDITIONAL,Acquire public-domain editions automatically; user purchases and permissions for protected translations,PARTIAL,GRETIL|Ambuda|Internet Archive|institutional catalogues,MIXED_OR_UNKNOWN,TARGET_ENUMERATED_NOT_RECONCILED,,Each named translation/retelling expands to all volumes and editions; copyright route is edition-specific.
COR-0088,02 Itihasa,Mahabharata translations and commentaries,Javanese Kakawin Bharatayuddha and related wayang textual corpus,CORE,Sanskrit|English|Hindi|Bengali|Odia|Tamil|Telugu|Kannada|Malayalam|Marathi|Gujarati|Assamese|Nepali|Old Javanese,India and Southeast Asia,Edition-specific full text plus scans and structure,one work-version-edition-representation,complete work; all books/chapters/verses; front/back matter; edition metadata,P0,AGENT_DOWNLOAD_RIGHTS_REVIEW,CONDITIONAL,Acquire public-domain editions automatically; user purchases and permissions for protected translations,PARTIAL,GRETIL|Ambuda|Internet Archive|institutional catalogues,MIXED_OR_UNKNOWN,TARGET_ENUMERATED_NOT_RECONCILED,,Each named translation/retelling expands to all volumes and editions; copyright route is edition-specific.
COR-0089,02 Itihasa,Bhagavad Gita,Bhagavad Gita root text — critical and vulgate editions,CORE,Sanskrit,Pan-Indian,Edition-specific full text plus scans and structure,"each root-text recension, commentary, translation and complete edition",complete work; all books/chapters/verses; front/back matter; edition metadata,P0,AGENT_DOWNLOAD_RIGHTS_REVIEW,CONDITIONAL,Automatic for verified public domain; purchase/licence protected modern works,PARTIAL,GRETIL|Ambuda|Internet Archive|institutional catalogues,MIXED_OR_UNKNOWN,TARGET_ENUMERATED_NOT_RECONCILED,,
COR-0090,02 Itihasa,Bhagavad Gita,Shankaracharya Gita Bhashya,CORE,Sanskrit,Pan-Indian,Edition-specific full text plus scans and structure,"each root-text recension, commentary, translation and complete edition",complete work; all books/chapters/verses; front/back matter; edition metadata,P0,AGENT_DOWNLOAD_RIGHTS_REVIEW,CONDITIONAL,Automatic for verified public domain; purchase/licence protected modern works,PARTIAL,GRETIL|Ambuda|Internet Archive|institutional catalogues,MIXED_OR_UNKNOWN,TARGET_ENUMERATED_NOT_RECONCILED,,
COR-0091,02 Itihasa,Bhagavad Gita,Ramanuja Gita Bhashya,CORE,Sanskrit,Pan-Indian,Edition-specific full text plus scans and structure,"each root-text recension, commentary, translation and complete edition",complete work; all books/chapters/verses; front/back matter; edition metadata,P0,AGENT_DOWNLOAD_RIGHTS_REVIEW,CONDITIONAL,Automatic for verified public domain; purchase/licence protected modern works,PARTIAL,GRETIL|Ambuda|Internet Archive|institutional catalogues,MIXED_OR_UNKNOWN,TARGET_ENUMERATED_NOT_RECONCILED,,
COR-0092,02 Itihasa,Bhagavad Gita,Madhva Gita Bhashya and Tatparya,CORE,Sanskrit,Pan-Indian,Edition-specific full text plus scans and structure,"each root-text recension, commentary, translation and complete edition",complete work; all books/chapters/verses; front/back matter; edition metadata,P0,AGENT_DOWNLOAD_RIGHTS_REVIEW,CONDITIONAL,Automatic for verified public domain; purchase/licence protected modern works,PARTIAL,GRETIL|Ambuda|Internet Archive|institutional catalogues,MIXED_OR_UNKNOWN,TARGET_ENUMERATED_NOT_RECONCILED,,
COR-0093,02 Itihasa,Bhagavad Gita,Abhinavagupta Gitartha-samgraha,CORE,Sanskrit,Pan-Indian,Edition-specific full text plus scans and structure,"each root-text recension, commentary, translation and complete edition",complete work; all books/chapters/verses; front/back matter; edition metadata,P0,AGENT_DOWNLOAD_RIGHTS_REVIEW,CONDITIONAL,Automatic for verified public domain; purchase/licence protected modern works,PARTIAL,GRETIL|Ambuda|Internet Archive|institutional catalogues,MIXED_OR_UNKNOWN,TARGET_ENUMERATED_NOT_RECONCILED,,
COR-0094,02 Itihasa,Bhagavad Gita,Shridhara Svamin Subodhini,CORE,Sanskrit,Pan-Indian,Edition-specific full text plus scans and structure,"each root-text recension, commentary, translation and complete edition",complete work; all books/chapters/verses; front/back matter; edition metadata,P0,AGENT_DOWNLOAD_RIGHTS_REVIEW,CONDITIONAL,Automatic for verified public domain; purchase/licence protected modern works,PARTIAL,GRETIL|Ambuda|Internet Archive|institutional catalogues,MIXED_OR_UNKNOWN,TARGET_ENUMERATED_NOT_RECONCILED,,
COR-0095,02 Itihasa,Bhagavad Gita,Madhusudana Sarasvati Gudhartha Dipika,CORE,Sanskrit,Pan-Indian,Edition-specific full text plus scans and structure,"each root-text recension, commentary, translation and complete edition",complete work; all books/chapters/verses; front/back matter; edition metadata,P0,AGENT_DOWNLOAD_RIGHTS_REVIEW,CONDITIONAL,Automatic for verified public domain; purchase/licence protected modern works,PARTIAL,GRETIL|Ambuda|Internet Archive|institutional catalogues,MIXED_OR_UNKNOWN,TARGET_ENUMERATED_NOT_RECONCILED,,
COR-0096,02 Itihasa,Bhagavad Gita,Jnaneshwari/Bhavarthadipika,CORE,Sanskrit,Pan-Indian,Edition-specific full text plus scans and structure,"each root-text recension, commentary, translation and complete edition",complete work; all books/chapters/verses; front/back matter; edition metadata,P0,AGENT_DOWNLOAD_RIGHTS_REVIEW,CONDITIONAL,Automatic for verified public domain; purchase/licence protected modern works,PARTIAL,GRETIL|Ambuda|Internet Archive|institutional catalogues,MIXED_OR_UNKNOWN,TARGET_ENUMERATED_NOT_RECONCILED,,
COR-0097,02 Itihasa,Bhagavad Gita,Tilak Gita Rahasya,CORE,Sanskrit,Pan-Indian,Edition-specific full text plus scans and structure,"each root-text recension, commentary, translation and complete edition",complete work; all books/chapters/verses; front/back matter; edition metadata,P0,AGENT_DOWNLOAD_RIGHTS_REVIEW,CONDITIONAL,Automatic for verified public domain; purchase/licence protected modern works,PARTIAL,GRETIL|Ambuda|Internet Archive|institutional catalogues,MIXED_OR_UNKNOWN,TARGET_ENUMERATED_NOT_RECONCILED,,
COR-0098,02 Itihasa,Bhagavad Gita,Gandhi Anasaktiyoga,CORE,Sanskrit,Pan-Indian,Edition-specific full text plus scans and structure,"each root-text recension, commentary, translation and complete edition",complete work; all books/chapters/verses; front/back matter; edition metadata,P0,AGENT_DOWNLOAD_RIGHTS_REVIEW,CONDITIONAL,Automatic for verified public domain; purchase/licence protected modern works,PARTIAL,GRETIL|Ambuda|Internet Archive|institutional catalogues,MIXED_OR_UNKNOWN,TARGET_ENUMERATED_NOT_RECONCILED,,
COR-0099,02 Itihasa,Bhagavad Gita,Aurobindo Essays on the Gita,CORE,Sanskrit,Pan-Indian,Edition-specific full text plus scans and structure,"each root-text recension, commentary, translation and complete edition",complete work; all books/chapters/verses; front/back matter; edition metadata,P0,AGENT_DOWNLOAD_RIGHTS_REVIEW,CONDITIONAL,Automatic for verified public domain; purchase/licence protected modern works,PARTIAL,GRETIL|Ambuda|Internet Archive|institutional catalogues,MIXED_OR_UNKNOWN,TARGET_ENUMERATED_NOT_RECONCILED,,
COR-0100,02 Itihasa,Bhagavad Gita,Bhaktivedanta Swami Bhagavad-gita As It Is,CORE,Sanskrit,Pan-Indian,Edition-specific full text plus scans and structure,"each root-text recension, commentary, translation and complete edition",complete work; all books/chapters/verses; front/back matter; edition metadata,P0,AGENT_DOWNLOAD_RIGHTS_REVIEW,CONDITIONAL,Automatic for verified public domain; purchase/licence protected modern works,PARTIAL,GRETIL|Ambuda|Internet Archive|institutional catalogues,MIXED_OR_UNKNOWN,TARGET_ENUMERATED_NOT_RECONCILED,,
COR-0101,02 Itihasa,Bhagavad Gita,Chinmayananda Bhagavad Gita commentary,CORE,Sanskrit,Pan-Indian,Edition-specific full text plus scans and structure,"each root-text recension, commentary, translation and complete edition",complete work; all books/chapters/verses; front/back matter; edition metadata,P0,AGENT_DOWNLOAD_RIGHTS_REVIEW,CONDITIONAL,Automatic for verified public domain; purchase/licence protected modern works,PARTIAL,GRETIL|Ambuda|Internet Archive|institutional catalogues,MIXED_OR_UNKNOWN,TARGET_ENUMERATED_NOT_RECONCILED,,
COR-0102,02 Itihasa,Bhagavad Gita,Sivananda Bhagavad Gita commentary,CORE,Sanskrit,Pan-Indian,Edition-specific full text plus scans and structure,"each root-text recension, commentary, translation and complete edition",complete work; all books/chapters/verses; front/back matter; edition metadata,P0,AGENT_DOWNLOAD_RIGHTS_REVIEW,CONDITIONAL,Automatic for verified public domain; purchase/licence protected modern works,PARTIAL,GRETIL|Ambuda|Internet Archive|institutional catalogues,MIXED_OR_UNKNOWN,TARGET_ENUMERATED_NOT_RECONCILED,,
COR-0103,02 Itihasa,Bhagavad Gita,Gita Press editions and translations,CORE,Sanskrit,Pan-Indian,Edition-specific full text plus scans and structure,"each root-text recension, commentary, translation and complete edition",complete work; all books/chapters/verses; front/back matter; edition metadata,P0,AGENT_DOWNLOAD_RIGHTS_REVIEW,CONDITIONAL,Automatic for verified public domain; purchase/licence protected modern works,PARTIAL,GRETIL|Ambuda|Internet Archive|institutional catalogues,MIXED_OR_UNKNOWN,TARGET_ENUMERATED_NOT_RECONCILED,,
COR-0104,02 Itihasa,Bhagavad Gita,Gita Supersite translation/commentary corpus,CORE,Sanskrit,Pan-Indian,Edition-specific full text plus scans and structure,"each root-text recension, commentary, translation and complete edition",complete work; all books/chapters/verses; front/back matter; edition metadata,P0,AGENT_DOWNLOAD_RIGHTS_REVIEW,CONDITIONAL,Automatic for verified public domain; purchase/licence protected modern works,PARTIAL,GRETIL|Ambuda|Internet Archive|institutional catalogues,MIXED_OR_UNKNOWN,TARGET_ENUMERATED_NOT_RECONCILED,,
COR-0105,02 Itihasa,Ramayana Sanskrit,"Valmiki Ramayana — Baroda Critical Edition, 7 kandas",CORE,Sanskrit,Pan-Indian,Edition-specific full text plus scans and structure,one work-version-edition-representation,complete work; all books/chapters/verses; front/back matter; edition metadata,P0,USER_BUY_PHYSICAL_SCAN,NO,Purchase critical/printed editions where open digital surrogate is incomplete; request reuse rights,PARTIAL_RESTRICTED,Oriental Institute Baroda|Gita Press|GRETIL|Internet Archive,MIXED_OR_UNKNOWN,TARGET_ENUMERATED_NOT_RECONCILED,,
COR-0106,02 Itihasa,Ramayana Sanskrit,Valmiki Ramayana — critical apparatus and appendices,CORE,Sanskrit,Pan-Indian,Edition-specific full text plus scans and structure,one work-version-edition-representation,complete work; all books/chapters/verses; front/back matter; edition metadata,P0,USER_BUY_PHYSICAL_SCAN,NO,Purchase critical/printed editions where open digital surrogate is incomplete; request reuse rights,PARTIAL_RESTRICTED,Oriental Institute Baroda|Gita Press|GRETIL|Internet Archive,MIXED_OR_UNKNOWN,TARGET_ENUMERATED_NOT_RECONCILED,,
COR-0107,02 Itihasa,Ramayana Sanskrit,Valmiki Ramayana — Bombay/Nirnaya Sagara recension,CORE,Sanskrit,Pan-Indian,Edition-specific full text plus scans and structure,one work-version-edition-representation,complete work; all books/chapters/verses; front/back matter; edition metadata,P0,USER_BUY_PHYSICAL_SCAN,NO,Purchase critical/printed editions where open digital surrogate is incomplete; request reuse rights,PARTIAL_RESTRICTED,Oriental Institute Baroda|Gita Press|GRETIL|Internet Archive,MIXED_OR_UNKNOWN,TARGET_ENUMERATED_NOT_RECONCILED,,
COR-0108,02 Itihasa,Ramayana Sanskrit,Valmiki Ramayana — Southern recension,CORE,Sanskrit,Pan-Indian,Edition-specific full text plus scans and structure,one work-version-edition-representation,complete work; all books/chapters/verses; front/back matter; edition metadata,P0,USER_BUY_PHYSICAL_SCAN,NO,Purchase critical/printed editions where open digital surrogate is incomplete; request reuse rights,PARTIAL_RESTRICTED,Oriental Institute Baroda|Gita Press|GRETIL|Internet Archive,MIXED_OR_UNKNOWN,TARGET_ENUMERATED_NOT_RECONCILED,,
COR-0109,02 Itihasa,Ramayana Sanskrit,Valmiki Ramayana — Northwestern and Bengal recensions,CORE,Sanskrit,Pan-Indian,Edition-specific full text plus scans and structure,one work-version-edition-representation,complete work; all books/chapters/verses; front/back matter; edition metadata,P0,USER_BUY_PHYSICAL_SCAN,NO,Purchase critical/printed editions where open digital surrogate is incomplete; request reuse rights,PARTIAL_RESTRICTED,Oriental Institute Baroda|Gita Press|GRETIL|Internet Archive,MIXED_OR_UNKNOWN,TARGET_ENUMERATED_NOT_RECONCILED,,
COR-0110,02 Itihasa,Ramayana Sanskrit,Adhyatma Ramayana,CORE,Sanskrit,Pan-Indian,Edition-specific full text plus scans and structure,one work-version-edition-representation,complete work; all books/chapters/verses; front/back matter; edition metadata,P0,USER_BUY_PHYSICAL_SCAN,NO,Purchase critical/printed editions where open digital surrogate is incomplete; request reuse rights,PARTIAL_RESTRICTED,Oriental Institute Baroda|Gita Press|GRETIL|Internet Archive,MIXED_OR_UNKNOWN,TARGET_ENUMERATED_NOT_RECONCILED,,
COR-0111,02 Itihasa,Ramayana Sanskrit,Ananda Ramayana,CORE,Sanskrit,Pan-Indian,Edition-specific full text plus scans and structure,one work-version-edition-representation,complete work; all books/chapters/verses; front/back matter; edition metadata,P0,USER_BUY_PHYSICAL_SCAN,NO,Purchase critical/printed editions where open digital surrogate is incomplete; request reuse rights,PARTIAL_RESTRICTED,Oriental Institute Baroda|Gita Press|GRETIL|Internet Archive,MIXED_OR_UNKNOWN,TARGET_ENUMERATED_NOT_RECONCILED,,
COR-0112,02 Itihasa,Ramayana Sanskrit,Adbhuta Ramayana,CORE,Sanskrit,Pan-Indian,Edition-specific full text plus scans and structure,one work-version-edition-representation,complete work; all books/chapters/verses; front/back matter; edition metadata,P0,USER_BUY_PHYSICAL_SCAN,NO,Purchase critical/printed editions where open digital surrogate is incomplete; request reuse rights,PARTIAL_RESTRICTED,Oriental Institute Baroda|Gita Press|GRETIL|Internet Archive,MIXED_OR_UNKNOWN,TARGET_ENUMERATED_NOT_RECONCILED,,
COR-0113,02 Itihasa,Ramayana Sanskrit,Yoga Vasistha/Maharamayana — Laghu and Brihat forms,CORE,Sanskrit,Pan-Indian,Edition-specific full text plus scans and structure,one work-version-edition-representation,complete work; all books/chapters/verses; front/back matter; edition metadata,P0,USER_BUY_PHYSICAL_SCAN,NO,Purchase critical/printed editions where open digital surrogate is incomplete; request reuse rights,PARTIAL_RESTRICTED,Oriental Institute Baroda|Gita Press|GRETIL|Internet Archive,MIXED_OR_UNKNOWN,TARGET_ENUMERATED_NOT_RECONCILED,,
COR-0114,02 Itihasa,Ramayana Sanskrit,Agastya Ramayana traditions,CORE,Sanskrit,Pan-Indian,Edition-specific full text plus scans and structure,one work-version-edition-representation,complete work; all books/chapters/verses; front/back matter; edition metadata,P0,USER_BUY_PHYSICAL_SCAN,NO,Purchase critical/printed editions where open digital surrogate is incomplete; request reuse rights,PARTIAL_RESTRICTED,Oriental Institute Baroda|Gita Press|GRETIL|Internet Archive,MIXED_OR_UNKNOWN,TARGET_ENUMERATED_NOT_RECONCILED,,
COR-0115,02 Itihasa,Ramayana regional and transregional,Ramcharitmanas of Tulsidas,CORE,Awadhi|Tamil|Bengali|Telugu|Kannada|Malayalam|Odia|Assamese|Nepali|Gujarati|Prakrit|Pali|Old Javanese|Thai|Khmer|Malay|Lao|Burmese|Maranao|Tibetan|Khotanese,South Asia and Southeast Asia,Edition-specific full text plus scans and structure,each work-version-recension-edition/performance script,complete work; all books/chapters/verses; front/back matter; edition metadata,P0,AGENT_DOWNLOAD_RIGHTS_REVIEW,CONDITIONAL,Download open editions; purchase/permission/fieldwork for protected or oral versions,PARTIAL,GRETIL|Ambuda|Internet Archive|institutional catalogues,MIXED_OR_UNKNOWN,TARGET_ENUMERATED_NOT_RECONCILED,,
COR-0116,02 Itihasa,Ramayana regional and transregional,Kamba Ramayanam/Irāmāvatāram,CORE,Awadhi|Tamil|Bengali|Telugu|Kannada|Malayalam|Odia|Assamese|Nepali|Gujarati|Prakrit|Pali|Old Javanese|Thai|Khmer|Malay|Lao|Burmese|Maranao|Tibetan|Khotanese,South Asia and Southeast Asia,Edition-specific full text plus scans and structure,each work-version-recension-edition/performance script,complete work; all books/chapters/verses; front/back matter; edition metadata,P0,AGENT_DOWNLOAD_RIGHTS_REVIEW,CONDITIONAL,Download open editions; purchase/permission/fieldwork for protected or oral versions,PARTIAL,GRETIL|Ambuda|Internet Archive|institutional catalogues,MIXED_OR_UNKNOWN,TARGET_ENUMERATED_NOT_RECONCILED,,
COR-0117,02 Itihasa,Ramayana regional and transregional,Krittivasi Ramayana,CORE,Awadhi|Tamil|Bengali|Telugu|Kannada|Malayalam|Odia|Assamese|Nepali|Gujarati|Prakrit|Pali|Old Javanese|Thai|Khmer|Malay|Lao|Burmese|Maranao|Tibetan|Khotanese,South Asia and Southeast Asia,Edition-specific full text plus scans and structure,each work-version-recension-edition/performance script,complete work; all books/chapters/verses; front/back matter; edition metadata,P0,AGENT_DOWNLOAD_RIGHTS_REVIEW,CONDITIONAL,Download open editions; purchase/permission/fieldwork for protected or oral versions,PARTIAL,GRETIL|Ambuda|Internet Archive|institutional catalogues,MIXED_OR_UNKNOWN,TARGET_ENUMERATED_NOT_RECONCILED,,
COR-0118,02 Itihasa,Ramayana regional and transregional,Ranganatha Ramayanam,CORE,Awadhi|Tamil|Bengali|Telugu|Kannada|Malayalam|Odia|Assamese|Nepali|Gujarati|Prakrit|Pali|Old Javanese|Thai|Khmer|Malay|Lao|Burmese|Maranao|Tibetan|Khotanese,South Asia and Southeast Asia,Edition-specific full text plus scans and structure,each work-version-recension-edition/performance script,complete work; all books/chapters/verses; front/back matter; edition metadata,P0,AGENT_DOWNLOAD_RIGHTS_REVIEW,CONDITIONAL,Download open editions; purchase/permission/fieldwork for protected or oral versions,PARTIAL,GRETIL|Ambuda|Internet Archive|institutional catalogues,MIXED_OR_UNKNOWN,TARGET_ENUMERATED_NOT_RECONCILED,,
COR-0119,02 Itihasa,Ramayana regional and transregional,Molla Ramayanam,CORE,Awadhi|Tamil|Bengali|Telugu|Kannada|Malayalam|Odia|Assamese|Nepali|Gujarati|Prakrit|Pali|Old Javanese|Thai|Khmer|Malay|Lao|Burmese|Maranao|Tibetan|Khotanese,South Asia and Southeast Asia,Edition-specific full text plus scans and structure,each work-version-recension-edition/performance script,complete work; all books/chapters/verses; front/back matter; edition metadata,P0,AGENT_DOWNLOAD_RIGHTS_REVIEW,CONDITIONAL,Download open editions; purchase/permission/fieldwork for protected or oral versions,PARTIAL,GRETIL|Ambuda|Internet Archive|institutional catalogues,MIXED_OR_UNKNOWN,TARGET_ENUMERATED_NOT_RECONCILED,,
COR-0120,02 Itihasa,Ramayana regional and transregional,Bhaskara Ramayanam,CORE,Awadhi|Tamil|Bengali|Telugu|Kannada|Malayalam|Odia|Assamese|Nepali|Gujarati|Prakrit|Pali|Old Javanese|Thai|Khmer|Malay|Lao|Burmese|Maranao|Tibetan|Khotanese,South Asia and Southeast Asia,Edition-specific full text plus scans and structure,each work-version-recension-edition/performance script,complete work; all books/chapters/verses; front/back matter; edition metadata,P0,AGENT_DOWNLOAD_RIGHTS_REVIEW,CONDITIONAL,Download open editions; purchase/permission/fieldwork for protected or oral versions,PARTIAL,GRETIL|Ambuda|Internet Archive|institutional catalogues,MIXED_OR_UNKNOWN,TARGET_ENUMERATED_NOT_RECONCILED,,
COR-0121,02 Itihasa,Ramayana regional and transregional,Torave Ramayana,CORE,Awadhi|Tamil|Bengali|Telugu|Kannada|Malayalam|Odia|Assamese|Nepali|Gujarati|Prakrit|Pali|Old Javanese|Thai|Khmer|Malay|Lao|Burmese|Maranao|Tibetan|Khotanese,South Asia and Southeast Asia,Edition-specific full text plus scans and structure,each work-version-recension-edition/performance script,complete work; all books/chapters/verses; front/back matter; edition metadata,P0,AGENT_DOWNLOAD_RIGHTS_REVIEW,CONDITIONAL,Download open editions; purchase/permission/fieldwork for protected or oral versions,PARTIAL,GRETIL|Ambuda|Internet Archive|institutional catalogues,MIXED_OR_UNKNOWN,TARGET_ENUMERATED_NOT_RECONCILED,,
COR-0122,02 Itihasa,Ramayana regional and transregional,Adhyatma Ramayanam Kilippattu,CORE,Awadhi|Tamil|Bengali|Telugu|Kannada|Malayalam|Odia|Assamese|Nepali|Gujarati|Prakrit|Pali|Old Javanese|Thai|Khmer|Malay|Lao|Burmese|Maranao|Tibetan|Khotanese,South Asia and Southeast Asia,Edition-specific full text plus scans and structure,each work-version-recension-edition/performance script,complete work; all books/chapters/verses; front/back matter; edition metadata,P0,AGENT_DOWNLOAD_RIGHTS_REVIEW,CONDITIONAL,Download open editions; purchase/permission/fieldwork for protected or oral versions,PARTIAL,GRETIL|Ambuda|Internet Archive|institutional catalogues,MIXED_OR_UNKNOWN,TARGET_ENUMERATED_NOT_RECONCILED,,
COR-0123,02 Itihasa,Ramayana regional and transregional,Jagamohana/Dandi Ramayana of Balarama Dasa,CORE,Awadhi|Tamil|Bengali|Telugu|Kannada|Malayalam|Odia|Assamese|Nepali|Gujarati|Prakrit|Pali|Old Javanese|Thai|Khmer|Malay|Lao|Burmese|Maranao|Tibetan|Khotanese,South Asia and Southeast Asia,Edition-specific full text plus scans and structure,each work-version-recension-edition/performance script,complete work; all books/chapters/verses; front/back matter; edition metadata,P0,AGENT_DOWNLOAD_RIGHTS_REVIEW,CONDITIONAL,Download open editions; purchase/permission/fieldwork for protected or oral versions,PARTIAL,GRETIL|Ambuda|Internet Archive|institutional catalogues,MIXED_OR_UNKNOWN,TARGET_ENUMERATED_NOT_RECONCILED,,
COR-0124,02 Itihasa,Ramayana regional and transregional,Saptakanda Ramayana of Madhava Kandali,CORE,Awadhi|Tamil|Bengali|Telugu|Kannada|Malayalam|Odia|Assamese|Nepali|Gujarati|Prakrit|Pali|Old Javanese|Thai|Khmer|Malay|Lao|Burmese|Maranao|Tibetan|Khotanese,South Asia and Southeast Asia,Edition-specific full text plus scans and structure,each work-version-recension-edition/performance script,complete work; all books/chapters/verses; front/back matter; edition metadata,P0,AGENT_DOWNLOAD_RIGHTS_REVIEW,CONDITIONAL,Download open editions; purchase/permission/fieldwork for protected or oral versions,PARTIAL,GRETIL|Ambuda|Internet Archive|institutional catalogues,MIXED_OR_UNKNOWN,TARGET_ENUMERATED_NOT_RECONCILED,,
COR-0125,02 Itihasa,Ramayana regional and transregional,Bhanubhakta Ramayana,CORE,Awadhi|Tamil|Bengali|Telugu|Kannada|Malayalam|Odia|Assamese|Nepali|Gujarati|Prakrit|Pali|Old Javanese|Thai|Khmer|Malay|Lao|Burmese|Maranao|Tibetan|Khotanese,South Asia and Southeast Asia,Edition-specific full text plus scans and structure,each work-version-recension-edition/performance script,complete work; all books/chapters/verses; front/back matter; edition metadata,P0,AGENT_DOWNLOAD_RIGHTS_REVIEW,CONDITIONAL,Download open editions; purchase/permission/fieldwork for protected or oral versions,PARTIAL,GRETIL|Ambuda|Internet Archive|institutional catalogues,MIXED_OR_UNKNOWN,TARGET_ENUMERATED_NOT_RECONCILED,,
COR-0126,02 Itihasa,Ramayana regional and transregional,Giradhara Ramayana (Gujarati),CORE,Awadhi|Tamil|Bengali|Telugu|Kannada|Malayalam|Odia|Assamese|Nepali|Gujarati|Prakrit|Pali|Old Javanese|Thai|Khmer|Malay|Lao|Burmese|Maranao|Tibetan|Khotanese,South Asia and Southeast Asia,Edition-specific full text plus scans and structure,each work-version-recension-edition/performance script,complete work; all books/chapters/verses; front/back matter; edition metadata,P0,AGENT_DOWNLOAD_RIGHTS_REVIEW,CONDITIONAL,Download open editions; purchase/permission/fieldwork for protected or oral versions,PARTIAL,GRETIL|Ambuda|Internet Archive|institutional catalogues,MIXED_OR_UNKNOWN,TARGET_ENUMERATED_NOT_RECONCILED,,
COR-0127,02 Itihasa,Ramayana regional and transregional,Paumacariya and Jain Ramayana corpus,CORE,Awadhi|Tamil|Bengali|Telugu|Kannada|Malayalam|Odia|Assamese|Nepali|Gujarati|Prakrit|Pali|Old Javanese|Thai|Khmer|Malay|Lao|Burmese|Maranao|Tibetan|Khotanese,South Asia and Southeast Asia,Edition-specific full text plus scans and structure,each work-version-recension-edition/performance script,complete work; all books/chapters/verses; front/back matter; edition metadata,P0,AGENT_DOWNLOAD_RIGHTS_REVIEW,CONDITIONAL,Download open editions; purchase/permission/fieldwork for protected or oral versions,PARTIAL,GRETIL|Ambuda|Internet Archive|institutional catalogues,MIXED_OR_UNKNOWN,TARGET_ENUMERATED_NOT_RECONCILED,,
COR-0128,02 Itihasa,Ramayana regional and transregional,Dasharatha Jataka and Buddhist Ramayana parallels,CORE,Awadhi|Tamil|Bengali|Telugu|Kannada|Malayalam|Odia|Assamese|Nepali|Gujarati|Prakrit|Pali|Old Javanese|Thai|Khmer|Malay|Lao|Burmese|Maranao|Tibetan|Khotanese,South Asia and Southeast Asia,Edition-specific full text plus scans and structure,each work-version-recension-edition/performance script,complete work; all books/chapters/verses; front/back matter; edition metadata,P0,AGENT_DOWNLOAD_RIGHTS_REVIEW,CONDITIONAL,Download open editions; purchase/permission/fieldwork for protected or oral versions,PARTIAL,GRETIL|Ambuda|Internet Archive|institutional catalogues,MIXED_OR_UNKNOWN,TARGET_ENUMERATED_NOT_RECONCILED,,
COR-0129,02 Itihasa,Ramayana regional and transregional,Kakawin Ramayana,CORE,Awadhi|Tamil|Bengali|Telugu|Kannada|Malayalam|Odia|Assamese|Nepali|Gujarati|Prakrit|Pali|Old Javanese|Thai|Khmer|Malay|Lao|Burmese|Maranao|Tibetan|Khotanese,South Asia and Southeast Asia,Edition-specific full text plus scans and structure,each work-version-recension-edition/performance script,complete work; all books/chapters/verses; front/back matter; edition metadata,P0,AGENT_DOWNLOAD_RIGHTS_REVIEW,CONDITIONAL,Download open editions; purchase/permission/fieldwork for protected or oral versions,PARTIAL,GRETIL|Ambuda|Internet Archive|institutional catalogues,MIXED_OR_UNKNOWN,TARGET_ENUMERATED_NOT_RECONCILED,,
COR-0130,02 Itihasa,Ramayana regional and transregional,Ramakien,CORE,Awadhi|Tamil|Bengali|Telugu|Kannada|Malayalam|Odia|Assamese|Nepali|Gujarati|Prakrit|Pali|Old Javanese|Thai|Khmer|Malay|Lao|Burmese|Maranao|Tibetan|Khotanese,South Asia and Southeast Asia,Edition-specific full text plus scans and structure,each work-version-recension-edition/performance script,complete work; all books/chapters/verses; front/back matter; edition metadata,P0,AGENT_DOWNLOAD_RIGHTS_REVIEW,CONDITIONAL,Download open editions; purchase/permission/fieldwork for protected or oral versions,PARTIAL,GRETIL|Ambuda|Internet Archive|institutional catalogues,MIXED_OR_UNKNOWN,TARGET_ENUMERATED_NOT_RECONCILED,,
COR-0131,02 Itihasa,Ramayana regional and transregional,Reamker,CORE,Awadhi|Tamil|Bengali|Telugu|Kannada|Malayalam|Odia|Assamese|Nepali|Gujarati|Prakrit|Pali|Old Javanese|Thai|Khmer|Malay|Lao|Burmese|Maranao|Tibetan|Khotanese,South Asia and Southeast Asia,Edition-specific full text plus scans and structure,each work-version-recension-edition/performance script,complete work; all books/chapters/verses; front/back matter; edition metadata,P0,AGENT_DOWNLOAD_RIGHTS_REVIEW,CONDITIONAL,Download open editions; purchase/permission/fieldwork for protected or oral versions,PARTIAL,GRETIL|Ambuda|Internet Archive|institutional catalogues,MIXED_OR_UNKNOWN,TARGET_ENUMERATED_NOT_RECONCILED,,
COR-0132,02 Itihasa,Ramayana regional and transregional,Hikayat Seri Rama,CORE,Awadhi|Tamil|Bengali|Telugu|Kannada|Malayalam|Odia|Assamese|Nepali|Gujarati|Prakrit|Pali|Old Javanese|Thai|Khmer|Malay|Lao|Burmese|Maranao|Tibetan|Khotanese,South Asia and Southeast Asia,Edition-specific full text plus scans and structure,each work-version-recension-edition/performance script,complete work; all books/chapters/verses; front/back matter; edition metadata,P0,AGENT_DOWNLOAD_RIGHTS_REVIEW,CONDITIONAL,Download open editions; purchase/permission/fieldwork for protected or oral versions,PARTIAL,GRETIL|Ambuda|Internet Archive|institutional catalogues,MIXED_OR_UNKNOWN,TARGET_ENUMERATED_NOT_RECONCILED,,
COR-0133,02 Itihasa,Ramayana regional and transregional,Phra Lak Phra Lam,CORE,Awadhi|Tamil|Bengali|Telugu|Kannada|Malayalam|Odia|Assamese|Nepali|Gujarati|Prakrit|Pali|Old Javanese|Thai|Khmer|Malay|Lao|Burmese|Maranao|Tibetan|Khotanese,South Asia and Southeast Asia,Edition-specific full text plus scans and structure,each work-version-recension-edition/performance script,complete work; all books/chapters/verses; front/back matter; edition metadata,P0,AGENT_DOWNLOAD_RIGHTS_REVIEW,CONDITIONAL,Download open editions; purchase/permission/fieldwork for protected or oral versions,PARTIAL,GRETIL|Ambuda|Internet Archive|institutional catalogues,MIXED_OR_UNKNOWN,TARGET_ENUMERATED_NOT_RECONCILED,,
COR-0134,02 Itihasa,Ramayana regional and transregional,Yama Zatdaw,CORE,Awadhi|Tamil|Bengali|Telugu|Kannada|Malayalam|Odia|Assamese|Nepali|Gujarati|Prakrit|Pali|Old Javanese|Thai|Khmer|Malay|Lao|Burmese|Maranao|Tibetan|Khotanese,South Asia and Southeast Asia,Edition-specific full text plus scans and structure,each work-version-recension-edition/performance script,complete work; all books/chapters/verses; front/back matter; edition metadata,P0,AGENT_DOWNLOAD_RIGHTS_REVIEW,CONDITIONAL,Download open editions; purchase/permission/fieldwork for protected or oral versions,PARTIAL,GRETIL|Ambuda|Internet Archive|institutional catalogues,MIXED_OR_UNKNOWN,TARGET_ENUMERATED_NOT_RECONCILED,,
COR-0135,02 Itihasa,Ramayana regional and transregional,Maranao Maharadia Lawana,CORE,Awadhi|Tamil|Bengali|Telugu|Kannada|Malayalam|Odia|Assamese|Nepali|Gujarati|Prakrit|Pali|Old Javanese|Thai|Khmer|Malay|Lao|Burmese|Maranao|Tibetan|Khotanese,South Asia and Southeast Asia,Edition-specific full text plus scans and structure,each work-version-recension-edition/performance script,complete work; all books/chapters/verses; front/back matter; edition metadata,P0,AGENT_DOWNLOAD_RIGHTS_REVIEW,CONDITIONAL,Download open editions; purchase/permission/fieldwork for protected or oral versions,PARTIAL,GRETIL|Ambuda|Internet Archive|institutional catalogues,MIXED_OR_UNKNOWN,TARGET_ENUMERATED_NOT_RECONCILED,,
COR-0136,02 Itihasa,Ramayana regional and transregional,Tibetan Ramayana versions,CORE,Awadhi|Tamil|Bengali|Telugu|Kannada|Malayalam|Odia|Assamese|Nepali|Gujarati|Prakrit|Pali|Old Javanese|Thai|Khmer|Malay|Lao|Burmese|Maranao|Tibetan|Khotanese,South Asia and Southeast Asia,Edition-specific full text plus scans and structure,each work-version-recension-edition/performance script,complete work; all books/chapters/verses; front/back matter; edition metadata,P0,AGENT_DOWNLOAD_RIGHTS_REVIEW,CONDITIONAL,Download open editions; purchase/permission/fieldwork for protected or oral versions,PARTIAL,GRETIL|Ambuda|Internet Archive|institutional catalogues,MIXED_OR_UNKNOWN,TARGET_ENUMERATED_NOT_RECONCILED,,
COR-0137,02 Itihasa,Ramayana regional and transregional,Khotanese Ramayana fragments,CORE,Awadhi|Tamil|Bengali|Telugu|Kannada|Malayalam|Odia|Assamese|Nepali|Gujarati|Prakrit|Pali|Old Javanese|Thai|Khmer|Malay|Lao|Burmese|Maranao|Tibetan|Khotanese,South Asia and Southeast Asia,Edition-specific full text plus scans and structure,each work-version-recension-edition/performance script,complete work; all books/chapters/verses; front/back matter; edition metadata,P0,AGENT_DOWNLOAD_RIGHTS_REVIEW,CONDITIONAL,Download open editions; purchase/permission/fieldwork for protected or oral versions,PARTIAL,GRETIL|Ambuda|Internet Archive|institutional catalogues,MIXED_OR_UNKNOWN,TARGET_ENUMERATED_NOT_RECONCILED,,
COR-0138,02 Itihasa,Ramayana regional and transregional,"Ramayana folk, shadow-puppet and performance scripts by region",CORE,Awadhi|Tamil|Bengali|Telugu|Kannada|Malayalam|Odia|Assamese|Nepali|Gujarati|Prakrit|Pali|Old Javanese|Thai|Khmer|Malay|Lao|Burmese|Maranao|Tibetan|Khotanese,South Asia and Southeast Asia,Edition-specific full text plus scans and structure,each work-version-recension-edition/performance script,complete work; all books/chapters/verses; front/back matter; edition metadata,P0,AGENT_DOWNLOAD_RIGHTS_REVIEW,CONDITIONAL,Download open editions; purchase/permission/fieldwork for protected or oral versions,PARTIAL,GRETIL|Ambuda|Internet Archive|institutional catalogues,MIXED_OR_UNKNOWN,TARGET_ENUMERATED_NOT_RECONCILED,,
COR-0139,03 Purana and Mahatmya,Mahapurana,Brahma Purana,CORE,Sanskrit,Pan-Indian,Edition-specific full text plus scans and structure,"each recension, khanda/samhita, critical/popular edition, translation and commentary",complete Sanskrit edition with every khanda/chapter; major regional recensions; translations; apparatus,P0,AGENT_DOWNLOAD_RIGHTS_REVIEW,CONDITIONAL,Item-level rights review,PARTIAL,GRETIL|Ambuda|Internet Archive|institutional catalogues,MIXED_OR_UNKNOWN,TARGET_ENUMERATED_NOT_RECONCILED,,
COR-0140,03 Purana and Mahatmya,Mahapurana,Padma Purana,CORE,Sanskrit,Pan-Indian,Edition-specific full text plus scans and structure,"each recension, khanda/samhita, critical/popular edition, translation and commentary",complete Sanskrit edition with every khanda/chapter; major regional recensions; translations; apparatus,P0,AGENT_DOWNLOAD_RIGHTS_REVIEW,CONDITIONAL,Item-level rights review,PARTIAL,GRETIL|Ambuda|Internet Archive|institutional catalogues,MIXED_OR_UNKNOWN,TARGET_ENUMERATED_NOT_RECONCILED,,
COR-0141,03 Purana and Mahatmya,Mahapurana,Vishnu Purana,CORE,Sanskrit,Pan-Indian,Edition-specific full text plus scans and structure,"each recension, khanda/samhita, critical/popular edition, translation and commentary",complete Sanskrit edition with every khanda/chapter; major regional recensions; translations; apparatus,P0,AGENT_DOWNLOAD_RIGHTS_REVIEW,CONDITIONAL,Item-level rights review,PARTIAL,GRETIL|Ambuda|Internet Archive|institutional catalogues,MIXED_OR_UNKNOWN,TARGET_ENUMERATED_NOT_RECONCILED,,
COR-0142,03 Purana and Mahatmya,Mahapurana,Shiva Purana,CORE,Sanskrit,Pan-Indian,Edition-specific full text plus scans and structure,"each recension, khanda/samhita, critical/popular edition, translation and commentary",complete Sanskrit edition with every khanda/chapter; major regional recensions; translations; apparatus,P0,AGENT_DOWNLOAD_RIGHTS_REVIEW,CONDITIONAL,Item-level rights review,PARTIAL,GRETIL|Ambuda|Internet Archive|institutional catalogues,MIXED_OR_UNKNOWN,TARGET_ENUMERATED_NOT_RECONCILED,,
COR-0143,03 Purana and Mahatmya,Mahapurana,Bhagavata Purana,CORE,Sanskrit,Pan-Indian,Edition-specific full text plus scans and structure,"each recension, khanda/samhita, critical/popular edition, translation and commentary",complete Sanskrit edition with every khanda/chapter; major regional recensions; translations; apparatus,P0,AGENT_DOWNLOAD_RIGHTS_REVIEW,CONDITIONAL,Item-level rights review,PARTIAL,GRETIL|Ambuda|Internet Archive|institutional catalogues,MIXED_OR_UNKNOWN,TARGET_ENUMERATED_NOT_RECONCILED,,
COR-0144,03 Purana and Mahatmya,Mahapurana,Narada/Naradiya Purana,CORE,Sanskrit,Pan-Indian,Edition-specific full text plus scans and structure,"each recension, khanda/samhita, critical/popular edition, translation and commentary",complete Sanskrit edition with every khanda/chapter; major regional recensions; translations; apparatus,P0,AGENT_DOWNLOAD_RIGHTS_REVIEW,CONDITIONAL,Item-level rights review,PARTIAL,GRETIL|Ambuda|Internet Archive|institutional catalogues,MIXED_OR_UNKNOWN,TARGET_ENUMERATED_NOT_RECONCILED,,
COR-0145,03 Purana and Mahatmya,Mahapurana,Markandeya Purana including Devi Mahatmya,CORE,Sanskrit,Pan-Indian,Edition-specific full text plus scans and structure,"each recension, khanda/samhita, critical/popular edition, translation and commentary",complete Sanskrit edition with every khanda/chapter; major regional recensions; translations; apparatus,P0,AGENT_DOWNLOAD_RIGHTS_REVIEW,CONDITIONAL,Item-level rights review,PARTIAL,GRETIL|Ambuda|Internet Archive|institutional catalogues,MIXED_OR_UNKNOWN,TARGET_ENUMERATED_NOT_RECONCILED,,
COR-0146,03 Purana and Mahatmya,Mahapurana,Agni Purana,CORE,Sanskrit,Pan-Indian,Edition-specific full text plus scans and structure,"each recension, khanda/samhita, critical/popular edition, translation and commentary",complete Sanskrit edition with every khanda/chapter; major regional recensions; translations; apparatus,P0,AGENT_DOWNLOAD_RIGHTS_REVIEW,CONDITIONAL,Item-level rights review,PARTIAL,GRETIL|Ambuda|Internet Archive|institutional catalogues,MIXED_OR_UNKNOWN,TARGET_ENUMERATED_NOT_RECONCILED,,
COR-0147,03 Purana and Mahatmya,Mahapurana,Bhavishya Purana,CORE,Sanskrit,Pan-Indian,Edition-specific full text plus scans and structure,"each recension, khanda/samhita, critical/popular edition, translation and commentary",complete Sanskrit edition with every khanda/chapter; major regional recensions; translations; apparatus,P0,AGENT_DOWNLOAD_RIGHTS_REVIEW,CONDITIONAL,Item-level rights review,PARTIAL,GRETIL|Ambuda|Internet Archive|institutional catalogues,MIXED_OR_UNKNOWN,TARGET_ENUMERATED_NOT_RECONCILED,,
COR-0148,03 Purana and Mahatmya,Mahapurana,Brahmavaivarta Purana,CORE,Sanskrit,Pan-Indian,Edition-specific full text plus scans and structure,"each recension, khanda/samhita, critical/popular edition, translation and commentary",complete Sanskrit edition with every khanda/chapter; major regional recensions; translations; apparatus,P0,AGENT_DOWNLOAD_RIGHTS_REVIEW,CONDITIONAL,Item-level rights review,PARTIAL,GRETIL|Ambuda|Internet Archive|institutional catalogues,MIXED_OR_UNKNOWN,TARGET_ENUMERATED_NOT_RECONCILED,,
COR-0149,03 Purana and Mahatmya,Mahapurana,Linga Purana,CORE,Sanskrit,Pan-Indian,Edition-specific full text plus scans and structure,"each recension, khanda/samhita, critical/popular edition, translation and commentary",complete Sanskrit edition with every khanda/chapter; major regional recensions; translations; apparatus,P0,AGENT_DOWNLOAD_RIGHTS_REVIEW,CONDITIONAL,Item-level rights review,PARTIAL,GRETIL|Ambuda|Internet Archive|institutional catalogues,MIXED_OR_UNKNOWN,TARGET_ENUMERATED_NOT_RECONCILED,,
COR-0150,03 Purana and Mahatmya,Mahapurana,Varaha Purana,CORE,Sanskrit,Pan-Indian,Edition-specific full text plus scans and structure,"each recension, khanda/samhita, critical/popular edition, translation and commentary",complete Sanskrit edition with every khanda/chapter; major regional recensions; translations; apparatus,P0,AGENT_DOWNLOAD_RIGHTS_REVIEW,CONDITIONAL,Item-level rights review,PARTIAL,GRETIL|Ambuda|Internet Archive|institutional catalogues,MIXED_OR_UNKNOWN,TARGET_ENUMERATED_NOT_RECONCILED,,
COR-0151,03 Purana and Mahatmya,Mahapurana,Skanda Purana,CORE,Sanskrit,Pan-Indian,Edition-specific full text plus scans and structure,"each recension, khanda/samhita, critical/popular edition, translation and commentary",complete Sanskrit edition with every khanda/chapter; major regional recensions; translations; apparatus,P0,AGENT_DOWNLOAD_RIGHTS_REVIEW,CONDITIONAL,Item-level rights review,PARTIAL,GRETIL|Ambuda|Internet Archive|institutional catalogues,MIXED_OR_UNKNOWN,TARGET_ENUMERATED_NOT_RECONCILED,,
COR-0152,03 Purana and Mahatmya,Mahapurana,Vamana Purana,CORE,Sanskrit,Pan-Indian,Edition-specific full text plus scans and structure,"each recension, khanda/samhita, critical/popular edition, translation and commentary",complete Sanskrit edition with every khanda/chapter; major regional recensions; translations; apparatus,P0,AGENT_DOWNLOAD_RIGHTS_REVIEW,CONDITIONAL,Item-level rights review,PARTIAL,GRETIL|Ambuda|Internet Archive|institutional catalogues,MIXED_OR_UNKNOWN,TARGET_ENUMERATED_NOT_RECONCILED,,
COR-0153,03 Purana and Mahatmya,Mahapurana,Kurma Purana,CORE,Sanskrit,Pan-Indian,Edition-specific full text plus scans and structure,"each recension, khanda/samhita, critical/popular edition, translation and commentary",complete Sanskrit edition with every khanda/chapter; major regional recensions; translations; apparatus,P0,AGENT_DOWNLOAD_RIGHTS_REVIEW,CONDITIONAL,Item-level rights review,PARTIAL,GRETIL|Ambuda|Internet Archive|institutional catalogues,MIXED_OR_UNKNOWN,TARGET_ENUMERATED_NOT_RECONCILED,,
COR-0154,03 Purana and Mahatmya,Mahapurana,Matsya Purana,CORE,Sanskrit,Pan-Indian,Edition-specific full text plus scans and structure,"each recension, khanda/samhita, critical/popular edition, translation and commentary",complete Sanskrit edition with every khanda/chapter; major regional recensions; translations; apparatus,P0,AGENT_DOWNLOAD_RIGHTS_REVIEW,CONDITIONAL,Item-level rights review,PARTIAL,GRETIL|Ambuda|Internet Archive|institutional catalogues,MIXED_OR_UNKNOWN,TARGET_ENUMERATED_NOT_RECONCILED,,
COR-0155,03 Purana and Mahatmya,Mahapurana,Garuda Purana,CORE,Sanskrit,Pan-Indian,Edition-specific full text plus scans and structure,"each recension, khanda/samhita, critical/popular edition, translation and commentary",complete Sanskrit edition with every khanda/chapter; major regional recensions; translations; apparatus,P0,AGENT_DOWNLOAD_RIGHTS_REVIEW,CONDITIONAL,Item-level rights review,PARTIAL,GRETIL|Ambuda|Internet Archive|institutional catalogues,MIXED_OR_UNKNOWN,TARGET_ENUMERATED_NOT_RECONCILED,,
COR-0156,03 Purana and Mahatmya,Mahapurana,Brahmanda Purana,CORE,Sanskrit,Pan-Indian,Edition-specific full text plus scans and structure,"each recension, khanda/samhita, critical/popular edition, translation and commentary",complete Sanskrit edition with every khanda/chapter; major regional recensions; translations; apparatus,P0,AGENT_DOWNLOAD_RIGHTS_REVIEW,CONDITIONAL,Item-level rights review,PARTIAL,GRETIL|Ambuda|Internet Archive|institutional catalogues,MIXED_OR_UNKNOWN,TARGET_ENUMERATED_NOT_RECONCILED,,
COR-0157,03 Purana and Mahatmya,Upapurana and sectarian Purana,Devi Bhagavata Purana,CORE,Sanskrit,Pan-Indian,Edition-specific full text plus scans and structure,"each title, recension, manuscript family and complete edition",complete work; all books/chapters/verses; front/back matter; edition metadata,P0,AGENT_DOWNLOAD_RIGHTS_REVIEW,CONDITIONAL,Item-level rights review,PARTIAL,GRETIL|Ambuda|Internet Archive|institutional catalogues,MIXED_OR_UNKNOWN,TARGET_ENUMERATED_NOT_RECONCILED,,
COR-0158,03 Purana and Mahatmya,Upapurana and sectarian Purana,Kalika Purana,CORE,Sanskrit,Pan-Indian,Edition-specific full text plus scans and structure,"each title, recension, manuscript family and complete edition",complete work; all books/chapters/verses; front/back matter; edition metadata,P0,AGENT_DOWNLOAD_RIGHTS_REVIEW,CONDITIONAL,Item-level rights review,PARTIAL,GRETIL|Ambuda|Internet Archive|institutional catalogues,MIXED_OR_UNKNOWN,TARGET_ENUMERATED_NOT_RECONCILED,,
COR-0159,03 Purana and Mahatmya,Upapurana and sectarian Purana,Mahabhagavata Purana,CORE,Sanskrit,Pan-Indian,Edition-specific full text plus scans and structure,"each title, recension, manuscript family and complete edition",complete work; all books/chapters/verses; front/back matter; edition metadata,P0,AGENT_DOWNLOAD_RIGHTS_REVIEW,CONDITIONAL,Item-level rights review,PARTIAL,GRETIL|Ambuda|Internet Archive|institutional catalogues,MIXED_OR_UNKNOWN,TARGET_ENUMERATED_NOT_RECONCILED,,
COR-0160,03 Purana and Mahatmya,Upapurana and sectarian Purana,Vishnudharmottara Purana,CORE,Sanskrit,Pan-Indian,Edition-specific full text plus scans and structure,"each title, recension, manuscript family and complete edition",complete work; all books/chapters/verses; front/back matter; edition metadata,P0,AGENT_DOWNLOAD_RIGHTS_REVIEW,CONDITIONAL,Item-level rights review,PARTIAL,GRETIL|Ambuda|Internet Archive|institutional catalogues,MIXED_OR_UNKNOWN,TARGET_ENUMERATED_NOT_RECONCILED,,
COR-0161,03 Purana and Mahatmya,Upapurana and sectarian Purana,Vishnudharma Purana,CORE,Sanskrit,Pan-Indian,Edition-specific full text plus scans and structure,"each title, recension, manuscript family and complete edition",complete work; all books/chapters/verses; front/back matter; edition metadata,P0,AGENT_DOWNLOAD_RIGHTS_REVIEW,CONDITIONAL,Item-level rights review,PARTIAL,GRETIL|Ambuda|Internet Archive|institutional catalogues,MIXED_OR_UNKNOWN,TARGET_ENUMERATED_NOT_RECONCILED,,
COR-0162,03 Purana and Mahatmya,Upapurana and sectarian Purana,Narasimha Purana,CORE,Sanskrit,Pan-Indian,Edition-specific full text plus scans and structure,"each title, recension, manuscript family and complete edition",complete work; all books/chapters/verses; front/back matter; edition metadata,P0,AGENT_DOWNLOAD_RIGHTS_REVIEW,CONDITIONAL,Item-level rights review,PARTIAL,GRETIL|Ambuda|Internet Archive|institutional catalogues,MIXED_OR_UNKNOWN,TARGET_ENUMERATED_NOT_RECONCILED,,
COR-0163,03 Purana and Mahatmya,Upapurana and sectarian Purana,Ganesha Purana,CORE,Sanskrit,Pan-Indian,Edition-specific full text plus scans and structure,"each title, recension, manuscript family and complete edition",complete work; all books/chapters/verses; front/back matter; edition metadata,P0,AGENT_DOWNLOAD_RIGHTS_REVIEW,CONDITIONAL,Item-level rights review,PARTIAL,GRETIL|Ambuda|Internet Archive|institutional catalogues,MIXED_OR_UNKNOWN,TARGET_ENUMERATED_NOT_RECONCILED,,
COR-0164,03 Purana and Mahatmya,Upapurana and sectarian Purana,Mudgala Purana,CORE,Sanskrit,Pan-Indian,Edition-specific full text plus scans and structure,"each title, recension, manuscript family and complete edition",complete work; all books/chapters/verses; front/back matter; edition metadata,P0,AGENT_DOWNLOAD_RIGHTS_REVIEW,CONDITIONAL,Item-level rights review,PARTIAL,GRETIL|Ambuda|Internet Archive|institutional catalogues,MIXED_OR_UNKNOWN,TARGET_ENUMERATED_NOT_RECONCILED,,
COR-0165,03 Purana and Mahatmya,Upapurana and sectarian Purana,Saura Purana,CORE,Sanskrit,Pan-Indian,Edition-specific full text plus scans and structure,"each title, recension, manuscript family and complete edition",complete work; all books/chapters/verses; front/back matter; edition metadata,P0,AGENT_DOWNLOAD_RIGHTS_REVIEW,CONDITIONAL,Item-level rights review,PARTIAL,GRETIL|Ambuda|Internet Archive|institutional catalogues,MIXED_OR_UNKNOWN,TARGET_ENUMERATED_NOT_RECONCILED,,
COR-0166,03 Purana and Mahatmya,Upapurana and sectarian Purana,Samba Purana,CORE,Sanskrit,Pan-Indian,Edition-specific full text plus scans and structure,"each title, recension, manuscript family and complete edition",complete work; all books/chapters/verses; front/back matter; edition metadata,P0,AGENT_DOWNLOAD_RIGHTS_REVIEW,CONDITIONAL,Item-level rights review,PARTIAL,GRETIL|Ambuda|Internet Archive|institutional catalogues,MIXED_OR_UNKNOWN,TARGET_ENUMERATED_NOT_RECONCILED,,
COR-0167,03 Purana and Mahatmya,Upapurana and sectarian Purana,Brihaddharma Purana,CORE,Sanskrit,Pan-Indian,Edition-specific full text plus scans and structure,"each title, recension, manuscript family and complete edition",complete work; all books/chapters/verses; front/back matter; edition metadata,P0,AGENT_DOWNLOAD_RIGHTS_REVIEW,CONDITIONAL,Item-level rights review,PARTIAL,GRETIL|Ambuda|Internet Archive|institutional catalogues,MIXED_OR_UNKNOWN,TARGET_ENUMERATED_NOT_RECONCILED,,
COR-0168,03 Purana and Mahatmya,Upapurana and sectarian Purana,Brahmadharma Purana,CORE,Sanskrit,Pan-Indian,Edition-specific full text plus scans and structure,"each title, recension, manuscript family and complete edition",complete work; all books/chapters/verses; front/back matter; edition metadata,P0,AGENT_DOWNLOAD_RIGHTS_REVIEW,CONDITIONAL,Item-level rights review,PARTIAL,GRETIL|Ambuda|Internet Archive|institutional catalogues,MIXED_OR_UNKNOWN,TARGET_ENUMERATED_NOT_RECONCILED,,
COR-0169,03 Purana and Mahatmya,Upapurana and sectarian Purana,Ekāmra Purana,CORE,Sanskrit,Pan-Indian,Edition-specific full text plus scans and structure,"each title, recension, manuscript family and complete edition",complete work; all books/chapters/verses; front/back matter; edition metadata,P0,AGENT_DOWNLOAD_RIGHTS_REVIEW,CONDITIONAL,Item-level rights review,PARTIAL,GRETIL|Ambuda|Internet Archive|institutional catalogues,MIXED_OR_UNKNOWN,TARGET_ENUMERATED_NOT_RECONCILED,,
COR-0170,03 Purana and Mahatmya,Upapurana and sectarian Purana,Nilamata Purana,CORE,Sanskrit,Pan-Indian,Edition-specific full text plus scans and structure,"each title, recension, manuscript family and complete edition",complete work; all books/chapters/verses; front/back matter; edition metadata,P0,AGENT_DOWNLOAD_RIGHTS_REVIEW,CONDITIONAL,Item-level rights review,PARTIAL,GRETIL|Ambuda|Internet Archive|institutional catalogues,MIXED_OR_UNKNOWN,TARGET_ENUMERATED_NOT_RECONCILED,,
COR-0171,03 Purana and Mahatmya,Upapurana and sectarian Purana,Bhargava Purana,CORE,Sanskrit,Pan-Indian,Edition-specific full text plus scans and structure,"each title, recension, manuscript family and complete edition",complete work; all books/chapters/verses; front/back matter; edition metadata,P0,AGENT_DOWNLOAD_RIGHTS_REVIEW,CONDITIONAL,Item-level rights review,PARTIAL,GRETIL|Ambuda|Internet Archive|institutional catalogues,MIXED_OR_UNKNOWN,TARGET_ENUMERATED_NOT_RECONCILED,,
COR-0172,03 Purana and Mahatmya,Upapurana and sectarian Purana,Kapila Purana,CORE,Sanskrit,Pan-Indian,Edition-specific full text plus scans and structure,"each title, recension, manuscript family and complete edition",complete work; all books/chapters/verses; front/back matter; edition metadata,P0,AGENT_DOWNLOAD_RIGHTS_REVIEW,CONDITIONAL,Item-level rights review,PARTIAL,GRETIL|Ambuda|Internet Archive|institutional catalogues,MIXED_OR_UNKNOWN,TARGET_ENUMERATED_NOT_RECONCILED,,
COR-0173,03 Purana and Mahatmya,Upapurana and sectarian Purana,Sanatkumara Purana,CORE,Sanskrit,Pan-Indian,Edition-specific full text plus scans and structure,"each title, recension, manuscript family and complete edition",complete work; all books/chapters/verses; front/back matter; edition metadata,P0,AGENT_DOWNLOAD_RIGHTS_REVIEW,CONDITIONAL,Item-level rights review,PARTIAL,GRETIL|Ambuda|Internet Archive|institutional catalogues,MIXED_OR_UNKNOWN,TARGET_ENUMERATED_NOT_RECONCILED,,
COR-0174,03 Purana and Mahatmya,Upapurana and sectarian Purana,All named Upapuranas in manuscript and printed catalogues — enumeration program,CORE,Sanskrit,Pan-Indian,Edition-specific full text plus scans and structure,"each title, recension, manuscript family and complete edition",complete work; all books/chapters/verses; front/back matter; edition metadata,P0,AGENT_DOWNLOAD_RIGHTS_REVIEW,CONDITIONAL,Item-level rights review,PARTIAL,GRETIL|Ambuda|Internet Archive|institutional catalogues,MIXED_OR_UNKNOWN,TARGET_ENUMERATED_NOT_RECONCILED,,
COR-0175,03 Purana and Mahatmya,Mahatmya,Sthala Purana and Kshetra Mahatmya corpus — every temple and sacred place,CORE,Sanskrit and all regional languages,Every region and diaspora,Edition-specific full text plus scans and structure,one named mahatmya/version/witness/edition,complete work; all books/chapters/verses; front/back matter; edition metadata,P0,USER_NEGOTIATE_INSTITUTION,NO,"Partner with temples, manuscript libraries and regional publishers; buy/scan rare editions",LOW_PARTIAL,IFP|Muktabodha|temple libraries|regional archives|private collections,MIXED_OR_UNKNOWN,POPULATION_NOT_FULLY_ENUMERATED,,
COR-0176,03 Purana and Mahatmya,Mahatmya,River and tirtha mahatmya corpus,CORE,Sanskrit and all regional languages,Every region and diaspora,Edition-specific full text plus scans and structure,one named mahatmya/version/witness/edition,complete work; all books/chapters/verses; front/back matter; edition metadata,P0,USER_NEGOTIATE_INSTITUTION,NO,"Partner with temples, manuscript libraries and regional publishers; buy/scan rare editions",LOW_PARTIAL,IFP|Muktabodha|temple libraries|regional archives|private collections,MIXED_OR_UNKNOWN,POPULATION_NOT_FULLY_ENUMERATED,,
COR-0177,03 Purana and Mahatmya,Mahatmya,Vrata Mahatmya corpus,CORE,Sanskrit and all regional languages,Every region and diaspora,Edition-specific full text plus scans and structure,one named mahatmya/version/witness/edition,complete work; all books/chapters/verses; front/back matter; edition metadata,P0,USER_NEGOTIATE_INSTITUTION,NO,"Partner with temples, manuscript libraries and regional publishers; buy/scan rare editions",LOW_PARTIAL,IFP|Muktabodha|temple libraries|regional archives|private collections,MIXED_OR_UNKNOWN,POPULATION_NOT_FULLY_ENUMERATED,,
COR-0178,03 Purana and Mahatmya,Mahatmya,Masa Mahatmya corpus,CORE,Sanskrit and all regional languages,Every region and diaspora,Edition-specific full text plus scans and structure,one named mahatmya/version/witness/edition,complete work; all books/chapters/verses; front/back matter; edition metadata,P0,USER_NEGOTIATE_INSTITUTION,NO,"Partner with temples, manuscript libraries and regional publishers; buy/scan rare editions",LOW_PARTIAL,IFP|Muktabodha|temple libraries|regional archives|private collections,MIXED_OR_UNKNOWN,POPULATION_NOT_FULLY_ENUMERATED,,
COR-0179,03 Purana and Mahatmya,Mahatmya,Deity-specific Mahatmya corpus,CORE,Sanskrit and all regional languages,Every region and diaspora,Edition-specific full text plus scans and structure,one named mahatmya/version/witness/edition,complete work; all books/chapters/verses; front/back matter; edition metadata,P0,USER_NEGOTIATE_INSTITUTION,NO,"Partner with temples, manuscript libraries and regional publishers; buy/scan rare editions",LOW_PARTIAL,IFP|Muktabodha|temple libraries|regional archives|private collections,MIXED_OR_UNKNOWN,POPULATION_NOT_FULLY_ENUMERATED,,
COR-0180,03 Purana and Mahatmya,Mahatmya,Regional vernacular Puranas and Mahatmyas,CORE,Sanskrit and all regional languages,Every region and diaspora,Edition-specific full text plus scans and structure,one named mahatmya/version/witness/edition,complete work; all books/chapters/verses; front/back matter; edition metadata,P0,USER_NEGOTIATE_INSTITUTION,NO,"Partner with temples, manuscript libraries and regional publishers; buy/scan rare editions",LOW_PARTIAL,IFP|Muktabodha|temple libraries|regional archives|private collections,MIXED_OR_UNKNOWN,POPULATION_NOT_FULLY_ENUMERATED,,
COR-0181,04 Agama Tantra and Temple,Shaiva Agama,Shaiva Siddhanta canon — 28 Mulagamas,CORE,Sanskrit,Pan-Indian,Edition-specific full text plus scans and structure,one work-version-edition-representation,complete work; all books/chapters/verses; front/back matter; edition metadata,P0,USER_NEGOTIATE_INSTITUTION,NO,Formal partnership and rights agreement; fund transcription and critical editing where needed,PARTIAL_ACCOUNT_OR_REFERENCE,IFP|Muktabodha|EFEO|temple/matha collections,INSTITUTIONAL_PERMISSION_REQUIRED,TARGET_ENUMERATED_NOT_RECONCILED,,
COR-0182,04 Agama Tantra and Temple,Shaiva Agama,Shaiva Siddhanta Upagamas corpus,CORE,Sanskrit,Pan-Indian,Edition-specific full text plus scans and structure,one work-version-edition-representation,complete work; all books/chapters/verses; front/back matter; edition metadata,P0,USER_NEGOTIATE_INSTITUTION,NO,Formal partnership and rights agreement; fund transcription and critical editing where needed,PARTIAL_ACCOUNT_OR_REFERENCE,IFP|Muktabodha|EFEO|temple/matha collections,INSTITUTIONAL_PERMISSION_REQUIRED,TARGET_ENUMERATED_NOT_RECONCILED,,
COR-0183,04 Agama Tantra and Temple,Shaiva Agama,Shaiva Siddhanta paddhati and prayoga corpus,CORE,Sanskrit,Pan-Indian,Edition-specific full text plus scans and structure,one work-version-edition-representation,complete work; all books/chapters/verses; front/back matter; edition metadata,P0,USER_NEGOTIATE_INSTITUTION,NO,Formal partnership and rights agreement; fund transcription and critical editing where needed,PARTIAL_ACCOUNT_OR_REFERENCE,IFP|Muktabodha|EFEO|temple/matha collections,INSTITUTIONAL_PERMISSION_REQUIRED,TARGET_ENUMERATED_NOT_RECONCILED,,
COR-0184,04 Agama Tantra and Temple,Shaiva Agama,Raurava Agama,CORE,Sanskrit,Pan-Indian,Edition-specific full text plus scans and structure,one work-version-edition-representation,complete work; all books/chapters/verses; front/back matter; edition metadata,P0,USER_NEGOTIATE_INSTITUTION,NO,Formal partnership and rights agreement; fund transcription and critical editing where needed,PARTIAL_ACCOUNT_OR_REFERENCE,IFP|Muktabodha|EFEO|temple/matha collections,INSTITUTIONAL_PERMISSION_REQUIRED,TARGET_ENUMERATED_NOT_RECONCILED,,
COR-0185,04 Agama Tantra and Temple,Shaiva Agama,Kamika Agama,CORE,Sanskrit,Pan-Indian,Edition-specific full text plus scans and structure,one work-version-edition-representation,complete work; all books/chapters/verses; front/back matter; edition metadata,P0,USER_NEGOTIATE_INSTITUTION,NO,Formal partnership and rights agreement; fund transcription and critical editing where needed,PARTIAL_ACCOUNT_OR_REFERENCE,IFP|Muktabodha|EFEO|temple/matha collections,INSTITUTIONAL_PERMISSION_REQUIRED,TARGET_ENUMERATED_NOT_RECONCILED,,
COR-0186,04 Agama Tantra and Temple,Shaiva Agama,Karana Agama,CORE,Sanskrit,Pan-Indian,Edition-specific full text plus scans and structure,one work-version-edition-representation,complete work; all books/chapters/verses; front/back matter; edition metadata,P0,USER_NEGOTIATE_INSTITUTION,NO,Formal partnership and rights agreement; fund transcription and critical editing where needed,PARTIAL_ACCOUNT_OR_REFERENCE,IFP|Muktabodha|EFEO|temple/matha collections,INSTITUTIONAL_PERMISSION_REQUIRED,TARGET_ENUMERATED_NOT_RECONCILED,,
COR-0187,04 Agama Tantra and Temple,Shaiva Agama,Ajita Agama,CORE,Sanskrit,Pan-Indian,Edition-specific full text plus scans and structure,one work-version-edition-representation,complete work; all books/chapters/verses; front/back matter; edition metadata,P0,USER_NEGOTIATE_INSTITUTION,NO,Formal partnership and rights agreement; fund transcription and critical editing where needed,PARTIAL_ACCOUNT_OR_REFERENCE,IFP|Muktabodha|EFEO|temple/matha collections,INSTITUTIONAL_PERMISSION_REQUIRED,TARGET_ENUMERATED_NOT_RECONCILED,,
COR-0188,04 Agama Tantra and Temple,Shaiva Agama,Mrugendra Agama,CORE,Sanskrit,Pan-Indian,Edition-specific full text plus scans and structure,one work-version-edition-representation,complete work; all books/chapters/verses; front/back matter; edition metadata,P0,USER_NEGOTIATE_INSTITUTION,NO,Formal partnership and rights agreement; fund transcription and critical editing where needed,PARTIAL_ACCOUNT_OR_REFERENCE,IFP|Muktabodha|EFEO|temple/matha collections,INSTITUTIONAL_PERMISSION_REQUIRED,TARGET_ENUMERATED_NOT_RECONCILED,,
COR-0189,04 Agama Tantra and Temple,Shaiva Agama,Mataṅgaparameshvara Agama,CORE,Sanskrit,Pan-Indian,Edition-specific full text plus scans and structure,one work-version-edition-representation,complete work; all books/chapters/verses; front/back matter; edition metadata,P0,USER_NEGOTIATE_INSTITUTION,NO,Formal partnership and rights agreement; fund transcription and critical editing where needed,PARTIAL_ACCOUNT_OR_REFERENCE,IFP|Muktabodha|EFEO|temple/matha collections,INSTITUTIONAL_PERMISSION_REQUIRED,TARGET_ENUMERATED_NOT_RECONCILED,,
COR-0190,04 Agama Tantra and Temple,Shaiva Agama,Pauṣkara Agama,CORE,Sanskrit,Pan-Indian,Edition-specific full text plus scans and structure,one work-version-edition-representation,complete work; all books/chapters/verses; front/back matter; edition metadata,P0,USER_NEGOTIATE_INSTITUTION,NO,Formal partnership and rights agreement; fund transcription and critical editing where needed,PARTIAL_ACCOUNT_OR_REFERENCE,IFP|Muktabodha|EFEO|temple/matha collections,INSTITUTIONAL_PERMISSION_REQUIRED,TARGET_ENUMERATED_NOT_RECONCILED,,
COR-0191,04 Agama Tantra and Temple,Shaiva Agama,Kirana Agama,CORE,Sanskrit,Pan-Indian,Edition-specific full text plus scans and structure,one work-version-edition-representation,complete work; all books/chapters/verses; front/back matter; edition metadata,P0,USER_NEGOTIATE_INSTITUTION,NO,Formal partnership and rights agreement; fund transcription and critical editing where needed,PARTIAL_ACCOUNT_OR_REFERENCE,IFP|Muktabodha|EFEO|temple/matha collections,INSTITUTIONAL_PERMISSION_REQUIRED,TARGET_ENUMERATED_NOT_RECONCILED,,
COR-0192,04 Agama Tantra and Temple,Shaiva Agama,Sarvajnanottara Agama,CORE,Sanskrit,Pan-Indian,Edition-specific full text plus scans and structure,one work-version-edition-representation,complete work; all books/chapters/verses; front/back matter; edition metadata,P0,USER_NEGOTIATE_INSTITUTION,NO,Formal partnership and rights agreement; fund transcription and critical editing where needed,PARTIAL_ACCOUNT_OR_REFERENCE,IFP|Muktabodha|EFEO|temple/matha collections,INSTITUTIONAL_PERMISSION_REQUIRED,TARGET_ENUMERATED_NOT_RECONCILED,,
COR-0193,04 Agama Tantra and Temple,Shaiva Agama,Nishvasatattvasamhita,CORE,Sanskrit,Pan-Indian,Edition-specific full text plus scans and structure,one work-version-edition-representation,complete work; all books/chapters/verses; front/back matter; edition metadata,P0,USER_NEGOTIATE_INSTITUTION,NO,Formal partnership and rights agreement; fund transcription and critical editing where needed,PARTIAL_ACCOUNT_OR_REFERENCE,IFP|Muktabodha|EFEO|temple/matha collections,INSTITUTIONAL_PERMISSION_REQUIRED,TARGET_ENUMERATED_NOT_RECONCILED,,
COR-0194,04 Agama Tantra and Temple,Vaishnava Agama,Pancharatra Samhita corpus,CORE,Sanskrit,Pan-Indian,Edition-specific full text plus scans and structure,one work-version-edition-representation,complete work; all books/chapters/verses; front/back matter; edition metadata,P0,USER_NEGOTIATE_INSTITUTION,NO,"Partner with manuscript libraries, Vaishnava institutions and temple authorities",PARTIAL,GRETIL|Ambuda|Internet Archive|institutional catalogues,MIXED_OR_UNKNOWN,TARGET_ENUMERATED_NOT_RECONCILED,,
COR-0195,04 Agama Tantra and Temple,Vaishnava Agama,Vaikhanasa Agama and Samhita corpus,CORE,Sanskrit,Pan-Indian,Edition-specific full text plus scans and structure,one work-version-edition-representation,complete work; all books/chapters/verses; front/back matter; edition metadata,P0,USER_NEGOTIATE_INSTITUTION,NO,"Partner with manuscript libraries, Vaishnava institutions and temple authorities",PARTIAL,GRETIL|Ambuda|Internet Archive|institutional catalogues,MIXED_OR_UNKNOWN,TARGET_ENUMERATED_NOT_RECONCILED,,
COR-0196,04 Agama Tantra and Temple,Vaishnava Agama,Jayakhya Samhita,CORE,Sanskrit,Pan-Indian,Edition-specific full text plus scans and structure,one work-version-edition-representation,complete work; all books/chapters/verses; front/back matter; edition metadata,P0,USER_NEGOTIATE_INSTITUTION,NO,"Partner with manuscript libraries, Vaishnava institutions and temple authorities",PARTIAL,GRETIL|Ambuda|Internet Archive|institutional catalogues,MIXED_OR_UNKNOWN,TARGET_ENUMERATED_NOT_RECONCILED,,
COR-0197,04 Agama Tantra and Temple,Vaishnava Agama,Ahirbudhnya Samhita,CORE,Sanskrit,Pan-Indian,Edition-specific full text plus scans and structure,one work-version-edition-representation,complete work; all books/chapters/verses; front/back matter; edition metadata,P0,USER_NEGOTIATE_INSTITUTION,NO,"Partner with manuscript libraries, Vaishnava institutions and temple authorities",PARTIAL,GRETIL|Ambuda|Internet Archive|institutional catalogues,MIXED_OR_UNKNOWN,TARGET_ENUMERATED_NOT_RECONCILED,,
COR-0198,04 Agama Tantra and Temple,Vaishnava Agama,Lakshmi Tantra,CORE,Sanskrit,Pan-Indian,Edition-specific full text plus scans and structure,one work-version-edition-representation,complete work; all books/chapters/verses; front/back matter; edition metadata,P0,USER_NEGOTIATE_INSTITUTION,NO,"Partner with manuscript libraries, Vaishnava institutions and temple authorities",PARTIAL,GRETIL|Ambuda|Internet Archive|institutional catalogues,MIXED_OR_UNKNOWN,TARGET_ENUMERATED_NOT_RECONCILED,,
COR-0199,04 Agama Tantra and Temple,Vaishnava Agama,Pauskara Samhita,CORE,Sanskrit,Pan-Indian,Edition-specific full text plus scans and structure,one work-version-edition-representation,complete work; all books/chapters/verses; front/back matter; edition metadata,P0,USER_NEGOTIATE_INSTITUTION,NO,"Partner with manuscript libraries, Vaishnava institutions and temple authorities",PARTIAL,GRETIL|Ambuda|Internet Archive|institutional catalogues,MIXED_OR_UNKNOWN,TARGET_ENUMERATED_NOT_RECONCILED,,
COR-0200,04 Agama Tantra and Temple,Vaishnava Agama,Satvata Samhita,CORE,Sanskrit,Pan-Indian,Edition-specific full text plus scans and structure,one work-version-edition-representation,complete work; all books/chapters/verses; front/back matter; edition metadata,P0,USER_NEGOTIATE_INSTITUTION,NO,"Partner with manuscript libraries, Vaishnava institutions and temple authorities",PARTIAL,GRETIL|Ambuda|Internet Archive|institutional catalogues,MIXED_OR_UNKNOWN,TARGET_ENUMERATED_NOT_RECONCILED,,
COR-0201,04 Agama Tantra and Temple,Vaishnava Agama,Padma Samhita,CORE,Sanskrit,Pan-Indian,Edition-specific full text plus scans and structure,one work-version-edition-representation,complete work; all books/chapters/verses; front/back matter; edition metadata,P0,USER_NEGOTIATE_INSTITUTION,NO,"Partner with manuscript libraries, Vaishnava institutions and temple authorities",PARTIAL,GRETIL|Ambuda|Internet Archive|institutional catalogues,MIXED_OR_UNKNOWN,TARGET_ENUMERATED_NOT_RECONCILED,,
COR-0202,04 Agama Tantra and Temple,Vaishnava Agama,Parameshvara Samhita,CORE,Sanskrit,Pan-Indian,Edition-specific full text plus scans and structure,one work-version-edition-representation,complete work; all books/chapters/verses; front/back matter; edition metadata,P0,USER_NEGOTIATE_INSTITUTION,NO,"Partner with manuscript libraries, Vaishnava institutions and temple authorities",PARTIAL,GRETIL|Ambuda|Internet Archive|institutional catalogues,MIXED_OR_UNKNOWN,TARGET_ENUMERATED_NOT_RECONCILED,,
COR-0203,04 Agama Tantra and Temple,Vaishnava Agama,Ishvara Samhita,CORE,Sanskrit,Pan-Indian,Edition-specific full text plus scans and structure,one work-version-edition-representation,complete work; all books/chapters/verses; front/back matter; edition metadata,P0,USER_NEGOTIATE_INSTITUTION,NO,"Partner with manuscript libraries, Vaishnava institutions and temple authorities",PARTIAL,GRETIL|Ambuda|Internet Archive|institutional catalogues,MIXED_OR_UNKNOWN,TARGET_ENUMERATED_NOT_RECONCILED,,
COR-0204,04 Agama Tantra and Temple,Vaishnava Agama,Sanatkumara Samhita,CORE,Sanskrit,Pan-Indian,Edition-specific full text plus scans and structure,one work-version-edition-representation,complete work; all books/chapters/verses; front/back matter; edition metadata,P0,USER_NEGOTIATE_INSTITUTION,NO,"Partner with manuscript libraries, Vaishnava institutions and temple authorities",PARTIAL,GRETIL|Ambuda|Internet Archive|institutional catalogues,MIXED_OR_UNKNOWN,TARGET_ENUMERATED_NOT_RECONCILED,,
COR-0205,04 Agama Tantra and Temple,Vaishnava Agama,Vishvaksena Samhita,CORE,Sanskrit,Pan-Indian,Edition-specific full text plus scans and structure,one work-version-edition-representation,complete work; all books/chapters/verses; front/back matter; edition metadata,P0,USER_NEGOTIATE_INSTITUTION,NO,"Partner with manuscript libraries, Vaishnava institutions and temple authorities",PARTIAL,GRETIL|Ambuda|Internet Archive|institutional catalogues,MIXED_OR_UNKNOWN,TARGET_ENUMERATED_NOT_RECONCILED,,
COR-0206,04 Agama Tantra and Temple,Vaishnava Agama,"Pancharatra paddhati, temple and domestic ritual manuals",CORE,Sanskrit,Pan-Indian,Edition-specific full text plus scans and structure,one work-version-edition-representation,complete work; all books/chapters/verses; front/back matter; edition metadata,P0,USER_NEGOTIATE_INSTITUTION,NO,"Partner with manuscript libraries, Vaishnava institutions and temple authorities",PARTIAL,GRETIL|Ambuda|Internet Archive|institutional catalogues,MIXED_OR_UNKNOWN,TARGET_ENUMERATED_NOT_RECONCILED,,
COR-0207,04 Agama Tantra and Temple,Vaishnava Agama,Vaikhanasa paddhati and temple manuals,CORE,Sanskrit,Pan-Indian,Edition-specific full text plus scans and structure,one work-version-edition-representation,complete work; all books/chapters/verses; front/back matter; edition metadata,P0,USER_NEGOTIATE_INSTITUTION,NO,"Partner with manuscript libraries, Vaishnava institutions and temple authorities",PARTIAL,GRETIL|Ambuda|Internet Archive|institutional catalogues,MIXED_OR_UNKNOWN,TARGET_ENUMERATED_NOT_RECONCILED,,
COR-0208,04 Agama Tantra and Temple,Shakta Tantra,Sri Vidya Tantra corpus,CORE,Sanskrit,Pan-Indian,Edition-specific full text plus scans and structure,one work-version-edition-representation,complete work; all books/chapters/verses; front/back matter; edition metadata,P0,USER_NEGOTIATE_INSTITUTION,NO,Institutional agreement plus restricted-access handling for living/esoteric materials,PARTIAL_RESTRICTED,Muktabodha|IFP|Asiatic libraries|private lineages,PERMISSION_AND_CULTURAL_PROTOCOL_REQUIRED,TARGET_ENUMERATED_NOT_RECONCILED,,
COR-0209,04 Agama Tantra and Temple,Shakta Tantra,Kaula Tantra corpus,CORE,Sanskrit,Pan-Indian,Edition-specific full text plus scans and structure,one work-version-edition-representation,complete work; all books/chapters/verses; front/back matter; edition metadata,P0,USER_NEGOTIATE_INSTITUTION,NO,Institutional agreement plus restricted-access handling for living/esoteric materials,PARTIAL_RESTRICTED,Muktabodha|IFP|Asiatic libraries|private lineages,PERMISSION_AND_CULTURAL_PROTOCOL_REQUIRED,TARGET_ENUMERATED_NOT_RECONCILED,,
COR-0210,04 Agama Tantra and Temple,Shakta Tantra,Krama Tantra corpus,CORE,Sanskrit,Pan-Indian,Edition-specific full text plus scans and structure,one work-version-edition-representation,complete work; all books/chapters/verses; front/back matter; edition metadata,P0,USER_NEGOTIATE_INSTITUTION,NO,Institutional agreement plus restricted-access handling for living/esoteric materials,PARTIAL_RESTRICTED,Muktabodha|IFP|Asiatic libraries|private lineages,PERMISSION_AND_CULTURAL_PROTOCOL_REQUIRED,TARGET_ENUMERATED_NOT_RECONCILED,,
COR-0211,04 Agama Tantra and Temple,Shakta Tantra,Kubjika Tantra corpus,CORE,Sanskrit,Pan-Indian,Edition-specific full text plus scans and structure,one work-version-edition-representation,complete work; all books/chapters/verses; front/back matter; edition metadata,P0,USER_NEGOTIATE_INSTITUTION,NO,Institutional agreement plus restricted-access handling for living/esoteric materials,PARTIAL_RESTRICTED,Muktabodha|IFP|Asiatic libraries|private lineages,PERMISSION_AND_CULTURAL_PROTOCOL_REQUIRED,TARGET_ENUMERATED_NOT_RECONCILED,,
COR-0212,04 Agama Tantra and Temple,Shakta Tantra,Kali Tantra corpus,CORE,Sanskrit,Pan-Indian,Edition-specific full text plus scans and structure,one work-version-edition-representation,complete work; all books/chapters/verses; front/back matter; edition metadata,P0,USER_NEGOTIATE_INSTITUTION,NO,Institutional agreement plus restricted-access handling for living/esoteric materials,PARTIAL_RESTRICTED,Muktabodha|IFP|Asiatic libraries|private lineages,PERMISSION_AND_CULTURAL_PROTOCOL_REQUIRED,TARGET_ENUMERATED_NOT_RECONCILED,,
COR-0213,04 Agama Tantra and Temple,Shakta Tantra,Tripura Tantra corpus,CORE,Sanskrit,Pan-Indian,Edition-specific full text plus scans and structure,one work-version-edition-representation,complete work; all books/chapters/verses; front/back matter; edition metadata,P0,USER_NEGOTIATE_INSTITUTION,NO,Institutional agreement plus restricted-access handling for living/esoteric materials,PARTIAL_RESTRICTED,Muktabodha|IFP|Asiatic libraries|private lineages,PERMISSION_AND_CULTURAL_PROTOCOL_REQUIRED,TARGET_ENUMERATED_NOT_RECONCILED,,
COR-0214,04 Agama Tantra and Temple,Shakta Tantra,Yamala corpus,CORE,Sanskrit,Pan-Indian,Edition-specific full text plus scans and structure,one work-version-edition-representation,complete work; all books/chapters/verses; front/back matter; edition metadata,P0,USER_NEGOTIATE_INSTITUTION,NO,Institutional agreement plus restricted-access handling for living/esoteric materials,PARTIAL_RESTRICTED,Muktabodha|IFP|Asiatic libraries|private lineages,PERMISSION_AND_CULTURAL_PROTOCOL_REQUIRED,TARGET_ENUMERATED_NOT_RECONCILED,,
COR-0215,04 Agama Tantra and Temple,Shakta Tantra,Brahmayamala,CORE,Sanskrit,Pan-Indian,Edition-specific full text plus scans and structure,one work-version-edition-representation,complete work; all books/chapters/verses; front/back matter; edition metadata,P0,USER_NEGOTIATE_INSTITUTION,NO,Institutional agreement plus restricted-access handling for living/esoteric materials,PARTIAL_RESTRICTED,Muktabodha|IFP|Asiatic libraries|private lineages,PERMISSION_AND_CULTURAL_PROTOCOL_REQUIRED,TARGET_ENUMERATED_NOT_RECONCILED,,
COR-0216,04 Agama Tantra and Temple,Shakta Tantra,Rudrayamala,CORE,Sanskrit,Pan-Indian,Edition-specific full text plus scans and structure,one work-version-edition-representation,complete work; all books/chapters/verses; front/back matter; edition metadata,P0,USER_NEGOTIATE_INSTITUTION,NO,Institutional agreement plus restricted-access handling for living/esoteric materials,PARTIAL_RESTRICTED,Muktabodha|IFP|Asiatic libraries|private lineages,PERMISSION_AND_CULTURAL_PROTOCOL_REQUIRED,TARGET_ENUMERATED_NOT_RECONCILED,,
COR-0217,04 Agama Tantra and Temple,Shakta Tantra,Jayadrathayamala,CORE,Sanskrit,Pan-Indian,Edition-specific full text plus scans and structure,one work-version-edition-representation,complete work; all books/chapters/verses; front/back matter; edition metadata,P0,USER_NEGOTIATE_INSTITUTION,NO,Institutional agreement plus restricted-access handling for living/esoteric materials,PARTIAL_RESTRICTED,Muktabodha|IFP|Asiatic libraries|private lineages,PERMISSION_AND_CULTURAL_PROTOCOL_REQUIRED,TARGET_ENUMERATED_NOT_RECONCILED,,
COR-0218,04 Agama Tantra and Temple,Shakta Tantra,Tantraraja Tantra,CORE,Sanskrit,Pan-Indian,Edition-specific full text plus scans and structure,one work-version-edition-representation,complete work; all books/chapters/verses; front/back matter; edition metadata,P0,USER_NEGOTIATE_INSTITUTION,NO,Institutional agreement plus restricted-access handling for living/esoteric materials,PARTIAL_RESTRICTED,Muktabodha|IFP|Asiatic libraries|private lineages,PERMISSION_AND_CULTURAL_PROTOCOL_REQUIRED,TARGET_ENUMERATED_NOT_RECONCILED,,
COR-0219,04 Agama Tantra and Temple,Shakta Tantra,Vamakeshvara Tantra/Nityashodashikarnava,CORE,Sanskrit,Pan-Indian,Edition-specific full text plus scans and structure,one work-version-edition-representation,complete work; all books/chapters/verses; front/back matter; edition metadata,P0,USER_NEGOTIATE_INSTITUTION,NO,Institutional agreement plus restricted-access handling for living/esoteric materials,PARTIAL_RESTRICTED,Muktabodha|IFP|Asiatic libraries|private lineages,PERMISSION_AND_CULTURAL_PROTOCOL_REQUIRED,TARGET_ENUMERATED_NOT_RECONCILED,,
COR-0220,04 Agama Tantra and Temple,Shakta Tantra,Yoginihridaya,CORE,Sanskrit,Pan-Indian,Edition-specific full text plus scans and structure,one work-version-edition-representation,complete work; all books/chapters/verses; front/back matter; edition metadata,P0,USER_NEGOTIATE_INSTITUTION,NO,Institutional agreement plus restricted-access handling for living/esoteric materials,PARTIAL_RESTRICTED,Muktabodha|IFP|Asiatic libraries|private lineages,PERMISSION_AND_CULTURAL_PROTOCOL_REQUIRED,TARGET_ENUMERATED_NOT_RECONCILED,,
COR-0221,04 Agama Tantra and Temple,Shakta Tantra,Prapanchasara Tantra,CORE,Sanskrit,Pan-Indian,Edition-specific full text plus scans and structure,one work-version-edition-representation,complete work; all books/chapters/verses; front/back matter; edition metadata,P0,USER_NEGOTIATE_INSTITUTION,NO,Institutional agreement plus restricted-access handling for living/esoteric materials,PARTIAL_RESTRICTED,Muktabodha|IFP|Asiatic libraries|private lineages,PERMISSION_AND_CULTURAL_PROTOCOL_REQUIRED,TARGET_ENUMERATED_NOT_RECONCILED,,
COR-0222,04 Agama Tantra and Temple,Shakta Tantra,Sharadatilaka Tantra,CORE,Sanskrit,Pan-Indian,Edition-specific full text plus scans and structure,one work-version-edition-representation,complete work; all books/chapters/verses; front/back matter; edition metadata,P0,USER_NEGOTIATE_INSTITUTION,NO,Institutional agreement plus restricted-access handling for living/esoteric materials,PARTIAL_RESTRICTED,Muktabodha|IFP|Asiatic libraries|private lineages,PERMISSION_AND_CULTURAL_PROTOCOL_REQUIRED,TARGET_ENUMERATED_NOT_RECONCILED,,
COR-0223,04 Agama Tantra and Temple,Shakta Tantra,Kularnava Tantra,CORE,Sanskrit,Pan-Indian,Edition-specific full text plus scans and structure,one work-version-edition-representation,complete work; all books/chapters/verses; front/back matter; edition metadata,P0,USER_NEGOTIATE_INSTITUTION,NO,Institutional agreement plus restricted-access handling for living/esoteric materials,PARTIAL_RESTRICTED,Muktabodha|IFP|Asiatic libraries|private lineages,PERMISSION_AND_CULTURAL_PROTOCOL_REQUIRED,TARGET_ENUMERATED_NOT_RECONCILED,,
COR-0224,04 Agama Tantra and Temple,Shakta Tantra,Mahanirvana Tantra,CORE,Sanskrit,Pan-Indian,Edition-specific full text plus scans and structure,one work-version-edition-representation,complete work; all books/chapters/verses; front/back matter; edition metadata,P0,USER_NEGOTIATE_INSTITUTION,NO,Institutional agreement plus restricted-access handling for living/esoteric materials,PARTIAL_RESTRICTED,Muktabodha|IFP|Asiatic libraries|private lineages,PERMISSION_AND_CULTURAL_PROTOCOL_REQUIRED,TARGET_ENUMERATED_NOT_RECONCILED,,
COR-0225,04 Agama Tantra and Temple,Shakta Tantra,Kulachudamani Tantra,CORE,Sanskrit,Pan-Indian,Edition-specific full text plus scans and structure,one work-version-edition-representation,complete work; all books/chapters/verses; front/back matter; edition metadata,P0,USER_NEGOTIATE_INSTITUTION,NO,Institutional agreement plus restricted-access handling for living/esoteric materials,PARTIAL_RESTRICTED,Muktabodha|IFP|Asiatic libraries|private lineages,PERMISSION_AND_CULTURAL_PROTOCOL_REQUIRED,TARGET_ENUMERATED_NOT_RECONCILED,,
COR-0226,04 Agama Tantra and Temple,Shakta Tantra,Todala Tantra,CORE,Sanskrit,Pan-Indian,Edition-specific full text plus scans and structure,one work-version-edition-representation,complete work; all books/chapters/verses; front/back matter; edition metadata,P0,USER_NEGOTIATE_INSTITUTION,NO,Institutional agreement plus restricted-access handling for living/esoteric materials,PARTIAL_RESTRICTED,Muktabodha|IFP|Asiatic libraries|private lineages,PERMISSION_AND_CULTURAL_PROTOCOL_REQUIRED,TARGET_ENUMERATED_NOT_RECONCILED,,
COR-0227,04 Agama Tantra and Temple,Shakta Tantra,Mantramahodadhi,CORE,Sanskrit,Pan-Indian,Edition-specific full text plus scans and structure,one work-version-edition-representation,complete work; all books/chapters/verses; front/back matter; edition metadata,P0,USER_NEGOTIATE_INSTITUTION,NO,Institutional agreement plus restricted-access handling for living/esoteric materials,PARTIAL_RESTRICTED,Muktabodha|IFP|Asiatic libraries|private lineages,PERMISSION_AND_CULTURAL_PROTOCOL_REQUIRED,TARGET_ENUMERATED_NOT_RECONCILED,,
COR-0228,04 Agama Tantra and Temple,Shakta Tantra,"Shakta paddhati, prayoga, mantra and yantra manuals",CORE,Sanskrit,Pan-Indian,Edition-specific full text plus scans and structure,one work-version-edition-representation,complete work; all books/chapters/verses; front/back matter; edition metadata,P0,USER_NEGOTIATE_INSTITUTION,NO,Institutional agreement plus restricted-access handling for living/esoteric materials,PARTIAL_RESTRICTED,Muktabodha|IFP|Asiatic libraries|private lineages,PERMISSION_AND_CULTURAL_PROTOCOL_REQUIRED,TARGET_ENUMERATED_NOT_RECONCILED,,
COR-0229,04 Agama Tantra and Temple,Nondual Shaiva and related,Trika Agama corpus,CORE,Sanskrit,Pan-Indian,Edition-specific full text plus scans and structure,one work-version-edition-representation,complete work; all books/chapters/verses; front/back matter; edition metadata,P0,AGENT_DOWNLOAD_RIGHTS_REVIEW,CONDITIONAL,Item-level rights review,PARTIAL,GRETIL|Ambuda|Internet Archive|institutional catalogues,MIXED_OR_UNKNOWN,TARGET_ENUMERATED_NOT_RECONCILED,,
COR-0230,04 Agama Tantra and Temple,Nondual Shaiva and related,Malinivijayottara Tantra,CORE,Sanskrit,Pan-Indian,Edition-specific full text plus scans and structure,one work-version-edition-representation,complete work; all books/chapters/verses; front/back matter; edition metadata,P0,AGENT_DOWNLOAD_RIGHTS_REVIEW,CONDITIONAL,Item-level rights review,PARTIAL,GRETIL|Ambuda|Internet Archive|institutional catalogues,MIXED_OR_UNKNOWN,TARGET_ENUMERATED_NOT_RECONCILED,,
COR-0231,04 Agama Tantra and Temple,Nondual Shaiva and related,Svacchanda Tantra,CORE,Sanskrit,Pan-Indian,Edition-specific full text plus scans and structure,one work-version-edition-representation,complete work; all books/chapters/verses; front/back matter; edition metadata,P0,AGENT_DOWNLOAD_RIGHTS_REVIEW,CONDITIONAL,Item-level rights review,PARTIAL,GRETIL|Ambuda|Internet Archive|institutional catalogues,MIXED_OR_UNKNOWN,TARGET_ENUMERATED_NOT_RECONCILED,,
COR-0232,04 Agama Tantra and Temple,Nondual Shaiva and related,Netra Tantra,CORE,Sanskrit,Pan-Indian,Edition-specific full text plus scans and structure,one work-version-edition-representation,complete work; all books/chapters/verses; front/back matter; edition metadata,P0,AGENT_DOWNLOAD_RIGHTS_REVIEW,CONDITIONAL,Item-level rights review,PARTIAL,GRETIL|Ambuda|Internet Archive|institutional catalogues,MIXED_OR_UNKNOWN,TARGET_ENUMERATED_NOT_RECONCILED,,
COR-0233,04 Agama Tantra and Temple,Nondual Shaiva and related,Vijnanabhairava,CORE,Sanskrit,Pan-Indian,Edition-specific full text plus scans and structure,one work-version-edition-representation,complete work; all books/chapters/verses; front/back matter; edition metadata,P0,AGENT_DOWNLOAD_RIGHTS_REVIEW,CONDITIONAL,Item-level rights review,PARTIAL,GRETIL|Ambuda|Internet Archive|institutional catalogues,MIXED_OR_UNKNOWN,TARGET_ENUMERATED_NOT_RECONCILED,,
COR-0234,04 Agama Tantra and Temple,Nondual Shaiva and related,Tantraloka,CORE,Sanskrit,Pan-Indian,Edition-specific full text plus scans and structure,one work-version-edition-representation,complete work; all books/chapters/verses; front/back matter; edition metadata,P0,AGENT_DOWNLOAD_RIGHTS_REVIEW,CONDITIONAL,Item-level rights review,PARTIAL,GRETIL|Ambuda|Internet Archive|institutional catalogues,MIXED_OR_UNKNOWN,TARGET_ENUMERATED_NOT_RECONCILED,,
COR-0235,04 Agama Tantra and Temple,Nondual Shaiva and related,Tantrasara,CORE,Sanskrit,Pan-Indian,Edition-specific full text plus scans and structure,one work-version-edition-representation,complete work; all books/chapters/verses; front/back matter; edition metadata,P0,AGENT_DOWNLOAD_RIGHTS_REVIEW,CONDITIONAL,Item-level rights review,PARTIAL,GRETIL|Ambuda|Internet Archive|institutional catalogues,MIXED_OR_UNKNOWN,TARGET_ENUMERATED_NOT_RECONCILED,,
COR-0236,04 Agama Tantra and Temple,Nondual Shaiva and related,Paratrishika and Vivarana,CORE,Sanskrit,Pan-Indian,Edition-specific full text plus scans and structure,one work-version-edition-representation,complete work; all books/chapters/verses; front/back matter; edition metadata,P0,AGENT_DOWNLOAD_RIGHTS_REVIEW,CONDITIONAL,Item-level rights review,PARTIAL,GRETIL|Ambuda|Internet Archive|institutional catalogues,MIXED_OR_UNKNOWN,TARGET_ENUMERATED_NOT_RECONCILED,,
COR-0237,04 Agama Tantra and Temple,Nondual Shaiva and related,Spanda Karika and commentaries,CORE,Sanskrit,Pan-Indian,Edition-specific full text plus scans and structure,one work-version-edition-representation,complete work; all books/chapters/verses; front/back matter; edition metadata,P0,AGENT_DOWNLOAD_RIGHTS_REVIEW,CONDITIONAL,Item-level rights review,PARTIAL,GRETIL|Ambuda|Internet Archive|institutional catalogues,MIXED_OR_UNKNOWN,TARGET_ENUMERATED_NOT_RECONCILED,,
COR-0238,04 Agama Tantra and Temple,Nondual Shaiva and related,Shiva Sutra and commentaries,CORE,Sanskrit,Pan-Indian,Edition-specific full text plus scans and structure,one work-version-edition-representation,complete work; all books/chapters/verses; front/back matter; edition metadata,P0,AGENT_DOWNLOAD_RIGHTS_REVIEW,CONDITIONAL,Item-level rights review,PARTIAL,GRETIL|Ambuda|Internet Archive|institutional catalogues,MIXED_OR_UNKNOWN,TARGET_ENUMERATED_NOT_RECONCILED,,
COR-0239,04 Agama Tantra and Temple,Nondual Shaiva and related,Pratyabhijna corpus,CORE,Sanskrit,Pan-Indian,Edition-specific full text plus scans and structure,one work-version-edition-representation,complete work; all books/chapters/verses; front/back matter; edition metadata,P0,AGENT_DOWNLOAD_RIGHTS_REVIEW,CONDITIONAL,Item-level rights review,PARTIAL,GRETIL|Ambuda|Internet Archive|institutional catalogues,MIXED_OR_UNKNOWN,TARGET_ENUMERATED_NOT_RECONCILED,,
COR-0240,04 Agama Tantra and Temple,Nondual Shaiva and related,Natha textual corpus,CORE,Sanskrit,Pan-Indian,Edition-specific full text plus scans and structure,one work-version-edition-representation,complete work; all books/chapters/verses; front/back matter; edition metadata,P0,AGENT_DOWNLOAD_RIGHTS_REVIEW,CONDITIONAL,Item-level rights review,PARTIAL,GRETIL|Ambuda|Internet Archive|institutional catalogues,MIXED_OR_UNKNOWN,TARGET_ENUMERATED_NOT_RECONCILED,,
COR-0241,04 Agama Tantra and Temple,Nondual Shaiva and related,Virashaiva/Lingayat Agama and Shunya Sampadane corpus,CORE,Sanskrit,Pan-Indian,Edition-specific full text plus scans and structure,one work-version-edition-representation,complete work; all books/chapters/verses; front/back matter; edition metadata,P0,AGENT_DOWNLOAD_RIGHTS_REVIEW,CONDITIONAL,Item-level rights review,PARTIAL,GRETIL|Ambuda|Internet Archive|institutional catalogues,MIXED_OR_UNKNOWN,TARGET_ENUMERATED_NOT_RECONCILED,,
COR-0242,04 Agama Tantra and Temple,Temple technology,Shilpa Shastra corpus,CORE,Sanskrit,Pan-Indian,Edition-specific full text plus scans and structure,one work-version-edition-representation,complete work; all books/chapters/verses; front/back matter; edition metadata,P0,USER_NEGOTIATE_INSTITUTION,NO,Acquire from publishers and temple authorities; permissions for operational manuals,PARTIAL,GRETIL|Ambuda|Internet Archive|institutional catalogues,MIXED_OR_UNKNOWN,TARGET_ENUMERATED_NOT_RECONCILED,,
COR-0243,04 Agama Tantra and Temple,Temple technology,Vastu Shastra corpus,CORE,Sanskrit,Pan-Indian,Edition-specific full text plus scans and structure,one work-version-edition-representation,complete work; all books/chapters/verses; front/back matter; edition metadata,P0,USER_NEGOTIATE_INSTITUTION,NO,Acquire from publishers and temple authorities; permissions for operational manuals,PARTIAL,GRETIL|Ambuda|Internet Archive|institutional catalogues,MIXED_OR_UNKNOWN,TARGET_ENUMERATED_NOT_RECONCILED,,
COR-0244,04 Agama Tantra and Temple,Temple technology,Iconometry and iconography manuals,CORE,Sanskrit,Pan-Indian,Edition-specific full text plus scans and structure,one work-version-edition-representation,complete work; all books/chapters/verses; front/back matter; edition metadata,P0,USER_NEGOTIATE_INSTITUTION,NO,Acquire from publishers and temple authorities; permissions for operational manuals,PARTIAL,GRETIL|Ambuda|Internet Archive|institutional catalogues,MIXED_OR_UNKNOWN,TARGET_ENUMERATED_NOT_RECONCILED,,
COR-0245,04 Agama Tantra and Temple,Temple technology,Temple construction and consecration manuals,CORE,Sanskrit,Pan-Indian,Edition-specific full text plus scans and structure,one work-version-edition-representation,complete work; all books/chapters/verses; front/back matter; edition metadata,P0,USER_NEGOTIATE_INSTITUTION,NO,Acquire from publishers and temple authorities; permissions for operational manuals,PARTIAL,GRETIL|Ambuda|Internet Archive|institutional catalogues,MIXED_OR_UNKNOWN,TARGET_ENUMERATED_NOT_RECONCILED,,
COR-0246,04 Agama Tantra and Temple,Temple technology,"Archana, nityapuja and utsava paddhatis",CORE,Sanskrit,Pan-Indian,Edition-specific full text plus scans and structure,one work-version-edition-representation,complete work; all books/chapters/verses; front/back matter; edition metadata,P0,USER_NEGOTIATE_INSTITUTION,NO,Acquire from publishers and temple authorities; permissions for operational manuals,PARTIAL,GRETIL|Ambuda|Internet Archive|institutional catalogues,MIXED_OR_UNKNOWN,TARGET_ENUMERATED_NOT_RECONCILED,,
COR-0247,04 Agama Tantra and Temple,Temple technology,"Temple-specific service registers, festival calendars and procedure manuals",CORE,Sanskrit,Pan-Indian,Edition-specific full text plus scans and structure,one work-version-edition-representation,complete work; all books/chapters/verses; front/back matter; edition metadata,P0,USER_NEGOTIATE_INSTITUTION,NO,Acquire from publishers and temple authorities; permissions for operational manuals,PARTIAL,GRETIL|Ambuda|Internet Archive|institutional catalogues,MIXED_OR_UNKNOWN,TARGET_ENUMERATED_NOT_RECONCILED,,
COR-0248,05 Darshana Theology Commentary,Six darshanas,"Nyaya Sutra with principal bhashyas, varttikas and later Navya-Nyaya corpus",CORE,Sanskrit,Pan-Indian,Edition-specific full text plus scans and structure,each root text and every named commentary/subcommentary in the lineage,complete work; all books/chapters/verses; front/back matter; edition metadata,P0,AGENT_DOWNLOAD_RIGHTS_REVIEW,CONDITIONAL,Item-level rights review,PARTIAL,GRETIL|Ambuda|Internet Archive|institutional catalogues,MIXED_OR_UNKNOWN,TARGET_ENUMERATED_NOT_RECONCILED,,
COR-0249,05 Darshana Theology Commentary,Six darshanas,Vaisheshika Sutra with principal commentaries,CORE,Sanskrit,Pan-Indian,Edition-specific full text plus scans and structure,each root text and every named commentary/subcommentary in the lineage,complete work; all books/chapters/verses; front/back matter; edition metadata,P0,AGENT_DOWNLOAD_RIGHTS_REVIEW,CONDITIONAL,Item-level rights review,PARTIAL,GRETIL|Ambuda|Internet Archive|institutional catalogues,MIXED_OR_UNKNOWN,TARGET_ENUMERATED_NOT_RECONCILED,,
COR-0250,05 Darshana Theology Commentary,Six darshanas,Samkhya Karika and Samkhya Sutra traditions,CORE,Sanskrit,Pan-Indian,Edition-specific full text plus scans and structure,each root text and every named commentary/subcommentary in the lineage,complete work; all books/chapters/verses; front/back matter; edition metadata,P0,AGENT_DOWNLOAD_RIGHTS_REVIEW,CONDITIONAL,Item-level rights review,PARTIAL,GRETIL|Ambuda|Internet Archive|institutional catalogues,MIXED_OR_UNKNOWN,TARGET_ENUMERATED_NOT_RECONCILED,,
COR-0251,05 Darshana Theology Commentary,Six darshanas,Yoga Sutra with Vyasa Bhashya and major commentaries,CORE,Sanskrit,Pan-Indian,Edition-specific full text plus scans and structure,each root text and every named commentary/subcommentary in the lineage,complete work; all books/chapters/verses; front/back matter; edition metadata,P0,AGENT_DOWNLOAD_RIGHTS_REVIEW,CONDITIONAL,Item-level rights review,PARTIAL,GRETIL|Ambuda|Internet Archive|institutional catalogues,MIXED_OR_UNKNOWN,TARGET_ENUMERATED_NOT_RECONCILED,,
COR-0252,05 Darshana Theology Commentary,Six darshanas,Purva Mimamsa Sutra with Shabara Bhashya,CORE,Sanskrit,Pan-Indian,Edition-specific full text plus scans and structure,each root text and every named commentary/subcommentary in the lineage,complete work; all books/chapters/verses; front/back matter; edition metadata,P0,AGENT_DOWNLOAD_RIGHTS_REVIEW,CONDITIONAL,Item-level rights review,PARTIAL,GRETIL|Ambuda|Internet Archive|institutional catalogues,MIXED_OR_UNKNOWN,TARGET_ENUMERATED_NOT_RECONCILED,,
COR-0253,05 Darshana Theology Commentary,Six darshanas,Bhatta Mimamsa corpus,CORE,Sanskrit,Pan-Indian,Edition-specific full text plus scans and structure,each root text and every named commentary/subcommentary in the lineage,complete work; all books/chapters/verses; front/back matter; edition metadata,P0,AGENT_DOWNLOAD_RIGHTS_REVIEW,CONDITIONAL,Item-level rights review,PARTIAL,GRETIL|Ambuda|Internet Archive|institutional catalogues,MIXED_OR_UNKNOWN,TARGET_ENUMERATED_NOT_RECONCILED,,
COR-0254,05 Darshana Theology Commentary,Six darshanas,Prabhakara Mimamsa corpus,CORE,Sanskrit,Pan-Indian,Edition-specific full text plus scans and structure,each root text and every named commentary/subcommentary in the lineage,complete work; all books/chapters/verses; front/back matter; edition metadata,P0,AGENT_DOWNLOAD_RIGHTS_REVIEW,CONDITIONAL,Item-level rights review,PARTIAL,GRETIL|Ambuda|Internet Archive|institutional catalogues,MIXED_OR_UNKNOWN,TARGET_ENUMERATED_NOT_RECONCILED,,
COR-0255,05 Darshana Theology Commentary,Six darshanas,Brahma Sutra root text and complete commentary traditions,CORE,Sanskrit,Pan-Indian,Edition-specific full text plus scans and structure,each root text and every named commentary/subcommentary in the lineage,complete work; all books/chapters/verses; front/back matter; edition metadata,P0,AGENT_DOWNLOAD_RIGHTS_REVIEW,CONDITIONAL,Item-level rights review,PARTIAL,GRETIL|Ambuda|Internet Archive|institutional catalogues,MIXED_OR_UNKNOWN,TARGET_ENUMERATED_NOT_RECONCILED,,
COR-0256,05 Darshana Theology Commentary,Vedanta schools,Advaita Vedanta canonical and post-Shankara corpus,CORE,Sanskrit and regional/modern languages,Pan-Indian,Edition-specific full text plus scans and structure,one work-version-edition-representation,complete work; all books/chapters/verses; front/back matter; edition metadata,P0,AGENT_DOWNLOAD_RIGHTS_REVIEW,CONDITIONAL,Public-domain download plus publisher/mission permissions for protected editions,PARTIAL,GRETIL|Ambuda|Internet Archive|institutional catalogues,MIXED_OR_UNKNOWN,TARGET_ENUMERATED_NOT_RECONCILED,,
COR-0257,05 Darshana Theology Commentary,Vedanta schools,Vishishtadvaita Vedanta canonical corpus,CORE,Sanskrit and regional/modern languages,Pan-Indian,Edition-specific full text plus scans and structure,one work-version-edition-representation,complete work; all books/chapters/verses; front/back matter; edition metadata,P0,AGENT_DOWNLOAD_RIGHTS_REVIEW,CONDITIONAL,Public-domain download plus publisher/mission permissions for protected editions,PARTIAL,GRETIL|Ambuda|Internet Archive|institutional catalogues,MIXED_OR_UNKNOWN,TARGET_ENUMERATED_NOT_RECONCILED,,
COR-0258,05 Darshana Theology Commentary,Vedanta schools,Dvaita Vedanta canonical corpus,CORE,Sanskrit and regional/modern languages,Pan-Indian,Edition-specific full text plus scans and structure,one work-version-edition-representation,complete work; all books/chapters/verses; front/back matter; edition metadata,P0,AGENT_DOWNLOAD_RIGHTS_REVIEW,CONDITIONAL,Public-domain download plus publisher/mission permissions for protected editions,PARTIAL,GRETIL|Ambuda|Internet Archive|institutional catalogues,MIXED_OR_UNKNOWN,TARGET_ENUMERATED_NOT_RECONCILED,,
COR-0259,05 Darshana Theology Commentary,Vedanta schools,Bhedabheda Vedanta corpus,CORE,Sanskrit and regional/modern languages,Pan-Indian,Edition-specific full text plus scans and structure,one work-version-edition-representation,complete work; all books/chapters/verses; front/back matter; edition metadata,P0,AGENT_DOWNLOAD_RIGHTS_REVIEW,CONDITIONAL,Public-domain download plus publisher/mission permissions for protected editions,PARTIAL,GRETIL|Ambuda|Internet Archive|institutional catalogues,MIXED_OR_UNKNOWN,TARGET_ENUMERATED_NOT_RECONCILED,,
COR-0260,05 Darshana Theology Commentary,Vedanta schools,Dvaitadvaita/Nimbarka corpus,CORE,Sanskrit and regional/modern languages,Pan-Indian,Edition-specific full text plus scans and structure,one work-version-edition-representation,complete work; all books/chapters/verses; front/back matter; edition metadata,P0,AGENT_DOWNLOAD_RIGHTS_REVIEW,CONDITIONAL,Public-domain download plus publisher/mission permissions for protected editions,PARTIAL,GRETIL|Ambuda|Internet Archive|institutional catalogues,MIXED_OR_UNKNOWN,TARGET_ENUMERATED_NOT_RECONCILED,,
COR-0261,05 Darshana Theology Commentary,Vedanta schools,Shuddhadvaita/Vallabha corpus,CORE,Sanskrit and regional/modern languages,Pan-Indian,Edition-specific full text plus scans and structure,one work-version-edition-representation,complete work; all books/chapters/verses; front/back matter; edition metadata,P0,AGENT_DOWNLOAD_RIGHTS_REVIEW,CONDITIONAL,Public-domain download plus publisher/mission permissions for protected editions,PARTIAL,GRETIL|Ambuda|Internet Archive|institutional catalogues,MIXED_OR_UNKNOWN,TARGET_ENUMERATED_NOT_RECONCILED,,
COR-0262,05 Darshana Theology Commentary,Vedanta schools,Achintya Bhedabheda/Gaudiya Vedanta corpus,CORE,Sanskrit and regional/modern languages,Pan-Indian,Edition-specific full text plus scans and structure,one work-version-edition-representation,complete work; all books/chapters/verses; front/back matter; edition metadata,P0,AGENT_DOWNLOAD_RIGHTS_REVIEW,CONDITIONAL,Public-domain download plus publisher/mission permissions for protected editions,PARTIAL,GRETIL|Ambuda|Internet Archive|institutional catalogues,MIXED_OR_UNKNOWN,TARGET_ENUMERATED_NOT_RECONCILED,,
COR-0263,05 Darshana Theology Commentary,Vedanta schools,Ramanandi Vedanta corpus,CORE,Sanskrit and regional/modern languages,Pan-Indian,Edition-specific full text plus scans and structure,one work-version-edition-representation,complete work; all books/chapters/verses; front/back matter; edition metadata,P0,AGENT_DOWNLOAD_RIGHTS_REVIEW,CONDITIONAL,Public-domain download plus publisher/mission permissions for protected editions,PARTIAL,GRETIL|Ambuda|Internet Archive|institutional catalogues,MIXED_OR_UNKNOWN,TARGET_ENUMERATED_NOT_RECONCILED,,
COR-0264,05 Darshana Theology Commentary,Vedanta schools,Swaminarayan/Akshara-Purushottama Vedanta corpus,CORE,Sanskrit and regional/modern languages,Pan-Indian,Edition-specific full text plus scans and structure,one work-version-edition-representation,complete work; all books/chapters/verses; front/back matter; edition metadata,P0,AGENT_DOWNLOAD_RIGHTS_REVIEW,CONDITIONAL,Public-domain download plus publisher/mission permissions for protected editions,PARTIAL,GRETIL|Ambuda|Internet Archive|institutional catalogues,MIXED_OR_UNKNOWN,TARGET_ENUMERATED_NOT_RECONCILED,,
COR-0265,05 Darshana Theology Commentary,Vedanta schools,"Modern Vedanta — Ramakrishna, Vivekananda and successors",CORE,Sanskrit and regional/modern languages,Pan-Indian,Edition-specific full text plus scans and structure,one work-version-edition-representation,complete work; all books/chapters/verses; front/back matter; edition metadata,P0,AGENT_DOWNLOAD_RIGHTS_REVIEW,CONDITIONAL,Public-domain download plus publisher/mission permissions for protected editions,PARTIAL,GRETIL|Ambuda|Internet Archive|institutional catalogues,MIXED_OR_UNKNOWN,TARGET_ENUMERATED_NOT_RECONCILED,,
COR-0266,05 Darshana Theology Commentary,Vedanta schools,Modern Integral Vedanta — Sri Aurobindo corpus,CORE,Sanskrit and regional/modern languages,Pan-Indian,Edition-specific full text plus scans and structure,one work-version-edition-representation,complete work; all books/chapters/verses; front/back matter; edition metadata,P0,AGENT_DOWNLOAD_RIGHTS_REVIEW,CONDITIONAL,Public-domain download plus publisher/mission permissions for protected editions,PARTIAL,GRETIL|Ambuda|Internet Archive|institutional catalogues,MIXED_OR_UNKNOWN,TARGET_ENUMERATED_NOT_RECONCILED,,
COR-0267,05 Darshana Theology Commentary,Shaiva Shakta and devotional theology,Shaiva Siddhanta philosophical corpus,CORE,Sanskrit,Pan-Indian,Edition-specific full text plus scans and structure,one work-version-edition-representation,complete work; all books/chapters/verses; front/back matter; edition metadata,P0,AGENT_DOWNLOAD_RIGHTS_REVIEW,CONDITIONAL,Item-level rights review,PARTIAL,GRETIL|Ambuda|Internet Archive|institutional catalogues,MIXED_OR_UNKNOWN,TARGET_ENUMERATED_NOT_RECONCILED,,
COR-0268,05 Darshana Theology Commentary,Shaiva Shakta and devotional theology,Kashmir Shaiva Pratyabhijna corpus,CORE,Sanskrit,Pan-Indian,Edition-specific full text plus scans and structure,one work-version-edition-representation,complete work; all books/chapters/verses; front/back matter; edition metadata,P0,AGENT_DOWNLOAD_RIGHTS_REVIEW,CONDITIONAL,Item-level rights review,PARTIAL,GRETIL|Ambuda|Internet Archive|institutional catalogues,MIXED_OR_UNKNOWN,TARGET_ENUMERATED_NOT_RECONCILED,,
COR-0269,05 Darshana Theology Commentary,Shaiva Shakta and devotional theology,Virashaiva/Lingayat philosophical corpus,CORE,Sanskrit,Pan-Indian,Edition-specific full text plus scans and structure,one work-version-edition-representation,complete work; all books/chapters/verses; front/back matter; edition metadata,P0,AGENT_DOWNLOAD_RIGHTS_REVIEW,CONDITIONAL,Item-level rights review,PARTIAL,GRETIL|Ambuda|Internet Archive|institutional catalogues,MIXED_OR_UNKNOWN,TARGET_ENUMERATED_NOT_RECONCILED,,
COR-0270,05 Darshana Theology Commentary,Shaiva Shakta and devotional theology,Shakta theology and goddess philosophy corpus,CORE,Sanskrit,Pan-Indian,Edition-specific full text plus scans and structure,one work-version-edition-representation,complete work; all books/chapters/verses; front/back matter; edition metadata,P0,AGENT_DOWNLOAD_RIGHTS_REVIEW,CONDITIONAL,Item-level rights review,PARTIAL,GRETIL|Ambuda|Internet Archive|institutional catalogues,MIXED_OR_UNKNOWN,TARGET_ENUMERATED_NOT_RECONCILED,,
COR-0271,05 Darshana Theology Commentary,Shaiva Shakta and devotional theology,Pashupata and Lakulisha corpus,CORE,Sanskrit,Pan-Indian,Edition-specific full text plus scans and structure,one work-version-edition-representation,complete work; all books/chapters/verses; front/back matter; edition metadata,P0,AGENT_DOWNLOAD_RIGHTS_REVIEW,CONDITIONAL,Item-level rights review,PARTIAL,GRETIL|Ambuda|Internet Archive|institutional catalogues,MIXED_OR_UNKNOWN,TARGET_ENUMERATED_NOT_RECONCILED,,
COR-0272,05 Darshana Theology Commentary,Shaiva Shakta and devotional theology,Shaiva Bhakti theological commentaries,CORE,Sanskrit,Pan-Indian,Edition-specific full text plus scans and structure,one work-version-edition-representation,complete work; all books/chapters/verses; front/back matter; edition metadata,P0,AGENT_DOWNLOAD_RIGHTS_REVIEW,CONDITIONAL,Item-level rights review,PARTIAL,GRETIL|Ambuda|Internet Archive|institutional catalogues,MIXED_OR_UNKNOWN,TARGET_ENUMERATED_NOT_RECONCILED,,
COR-0273,05 Darshana Theology Commentary,Shaiva Shakta and devotional theology,Sri Vaishnava Rahasyatraya and commentary corpus,CORE,Sanskrit,Pan-Indian,Edition-specific full text plus scans and structure,one work-version-edition-representation,complete work; all books/chapters/verses; front/back matter; edition metadata,P0,AGENT_DOWNLOAD_RIGHTS_REVIEW,CONDITIONAL,Item-level rights review,PARTIAL,GRETIL|Ambuda|Internet Archive|institutional catalogues,MIXED_OR_UNKNOWN,TARGET_ENUMERATED_NOT_RECONCILED,,
COR-0274,05 Darshana Theology Commentary,Shaiva Shakta and devotional theology,Gaudiya Goswami theological corpus,CORE,Sanskrit,Pan-Indian,Edition-specific full text plus scans and structure,one work-version-edition-representation,complete work; all books/chapters/verses; front/back matter; edition metadata,P0,AGENT_DOWNLOAD_RIGHTS_REVIEW,CONDITIONAL,Item-level rights review,PARTIAL,GRETIL|Ambuda|Internet Archive|institutional catalogues,MIXED_OR_UNKNOWN,TARGET_ENUMERATED_NOT_RECONCILED,,
COR-0275,06 Dharma Conduct and Samskara,Dharmasutra and Smriti,Gautama Dharmasutra,CORE,Sanskrit,Pan-Indian,Edition-specific full text plus scans and structure,one work-version-edition-representation,complete work; all books/chapters/verses; front/back matter; edition metadata,P0,AGENT_DOWNLOAD_RIGHTS_REVIEW,CONDITIONAL,Item-level rights review,PARTIAL,GRETIL|Ambuda|Internet Archive|institutional catalogues,MIXED_OR_UNKNOWN,TARGET_ENUMERATED_NOT_RECONCILED,,
COR-0276,06 Dharma Conduct and Samskara,Dharmasutra and Smriti,Baudhayana Dharmasutra,CORE,Sanskrit,Pan-Indian,Edition-specific full text plus scans and structure,one work-version-edition-representation,complete work; all books/chapters/verses; front/back matter; edition metadata,P0,AGENT_DOWNLOAD_RIGHTS_REVIEW,CONDITIONAL,Item-level rights review,PARTIAL,GRETIL|Ambuda|Internet Archive|institutional catalogues,MIXED_OR_UNKNOWN,TARGET_ENUMERATED_NOT_RECONCILED,,
COR-0277,06 Dharma Conduct and Samskara,Dharmasutra and Smriti,Apastamba Dharmasutra,CORE,Sanskrit,Pan-Indian,Edition-specific full text plus scans and structure,one work-version-edition-representation,complete work; all books/chapters/verses; front/back matter; edition metadata,P0,AGENT_DOWNLOAD_RIGHTS_REVIEW,CONDITIONAL,Item-level rights review,PARTIAL,GRETIL|Ambuda|Internet Archive|institutional catalogues,MIXED_OR_UNKNOWN,TARGET_ENUMERATED_NOT_RECONCILED,,
COR-0278,06 Dharma Conduct and Samskara,Dharmasutra and Smriti,Vasishtha Dharmasutra,CORE,Sanskrit,Pan-Indian,Edition-specific full text plus scans and structure,one work-version-edition-representation,complete work; all books/chapters/verses; front/back matter; edition metadata,P0,AGENT_DOWNLOAD_RIGHTS_REVIEW,CONDITIONAL,Item-level rights review,PARTIAL,GRETIL|Ambuda|Internet Archive|institutional catalogues,MIXED_OR_UNKNOWN,TARGET_ENUMERATED_NOT_RECONCILED,,
COR-0279,06 Dharma Conduct and Samskara,Dharmasutra and Smriti,Manusmriti and major commentaries,CORE,Sanskrit,Pan-Indian,Edition-specific full text plus scans and structure,one work-version-edition-representation,complete work; all books/chapters/verses; front/back matter; edition metadata,P0,AGENT_DOWNLOAD_RIGHTS_REVIEW,CONDITIONAL,Item-level rights review,PARTIAL,GRETIL|Ambuda|Internet Archive|institutional catalogues,MIXED_OR_UNKNOWN,TARGET_ENUMERATED_NOT_RECONCILED,,
COR-0280,06 Dharma Conduct and Samskara,Dharmasutra and Smriti,Yajnavalkya Smriti and major commentaries,CORE,Sanskrit,Pan-Indian,Edition-specific full text plus scans and structure,one work-version-edition-representation,complete work; all books/chapters/verses; front/back matter; edition metadata,P0,AGENT_DOWNLOAD_RIGHTS_REVIEW,CONDITIONAL,Item-level rights review,PARTIAL,GRETIL|Ambuda|Internet Archive|institutional catalogues,MIXED_OR_UNKNOWN,TARGET_ENUMERATED_NOT_RECONCILED,,
COR-0281,06 Dharma Conduct and Samskara,Dharmasutra and Smriti,Narada Smriti,CORE,Sanskrit,Pan-Indian,Edition-specific full text plus scans and structure,one work-version-edition-representation,complete work; all books/chapters/verses; front/back matter; edition metadata,P0,AGENT_DOWNLOAD_RIGHTS_REVIEW,CONDITIONAL,Item-level rights review,PARTIAL,GRETIL|Ambuda|Internet Archive|institutional catalogues,MIXED_OR_UNKNOWN,TARGET_ENUMERATED_NOT_RECONCILED,,
COR-0282,06 Dharma Conduct and Samskara,Dharmasutra and Smriti,Vishnu Smriti,CORE,Sanskrit,Pan-Indian,Edition-specific full text plus scans and structure,one work-version-edition-representation,complete work; all books/chapters/verses; front/back matter; edition metadata,P0,AGENT_DOWNLOAD_RIGHTS_REVIEW,CONDITIONAL,Item-level rights review,PARTIAL,GRETIL|Ambuda|Internet Archive|institutional catalogues,MIXED_OR_UNKNOWN,TARGET_ENUMERATED_NOT_RECONCILED,,
COR-0283,06 Dharma Conduct and Samskara,Dharmasutra and Smriti,Parashara Smriti,CORE,Sanskrit,Pan-Indian,Edition-specific full text plus scans and structure,one work-version-edition-representation,complete work; all books/chapters/verses; front/back matter; edition metadata,P0,AGENT_DOWNLOAD_RIGHTS_REVIEW,CONDITIONAL,Item-level rights review,PARTIAL,GRETIL|Ambuda|Internet Archive|institutional catalogues,MIXED_OR_UNKNOWN,TARGET_ENUMERATED_NOT_RECONCILED,,
COR-0284,06 Dharma Conduct and Samskara,Dharmasutra and Smriti,Brihaspati Smriti fragments,CORE,Sanskrit,Pan-Indian,Edition-specific full text plus scans and structure,one work-version-edition-representation,complete work; all books/chapters/verses; front/back matter; edition metadata,P0,AGENT_DOWNLOAD_RIGHTS_REVIEW,CONDITIONAL,Item-level rights review,PARTIAL,GRETIL|Ambuda|Internet Archive|institutional catalogues,MIXED_OR_UNKNOWN,TARGET_ENUMERATED_NOT_RECONCILED,,
COR-0285,06 Dharma Conduct and Samskara,Dharmasutra and Smriti,Katyayana Smriti fragments,CORE,Sanskrit,Pan-Indian,Edition-specific full text plus scans and structure,one work-version-edition-representation,complete work; all books/chapters/verses; front/back matter; edition metadata,P0,AGENT_DOWNLOAD_RIGHTS_REVIEW,CONDITIONAL,Item-level rights review,PARTIAL,GRETIL|Ambuda|Internet Archive|institutional catalogues,MIXED_OR_UNKNOWN,TARGET_ENUMERATED_NOT_RECONCILED,,
COR-0286,06 Dharma Conduct and Samskara,Dharmasutra and Smriti,Daksha Smriti,CORE,Sanskrit,Pan-Indian,Edition-specific full text plus scans and structure,one work-version-edition-representation,complete work; all books/chapters/verses; front/back matter; edition metadata,P0,AGENT_DOWNLOAD_RIGHTS_REVIEW,CONDITIONAL,Item-level rights review,PARTIAL,GRETIL|Ambuda|Internet Archive|institutional catalogues,MIXED_OR_UNKNOWN,TARGET_ENUMERATED_NOT_RECONCILED,,
COR-0287,06 Dharma Conduct and Samskara,Dharmasutra and Smriti,Samvarta Smriti,CORE,Sanskrit,Pan-Indian,Edition-specific full text plus scans and structure,one work-version-edition-representation,complete work; all books/chapters/verses; front/back matter; edition metadata,P0,AGENT_DOWNLOAD_RIGHTS_REVIEW,CONDITIONAL,Item-level rights review,PARTIAL,GRETIL|Ambuda|Internet Archive|institutional catalogues,MIXED_OR_UNKNOWN,TARGET_ENUMERATED_NOT_RECONCILED,,
COR-0288,06 Dharma Conduct and Samskara,Dharmasutra and Smriti,All minor Smritis — enumeration program,CORE,Sanskrit,Pan-Indian,Edition-specific full text plus scans and structure,one work-version-edition-representation,complete work; all books/chapters/verses; front/back matter; edition metadata,P0,AGENT_DOWNLOAD_RIGHTS_REVIEW,CONDITIONAL,Item-level rights review,PARTIAL,GRETIL|Ambuda|Internet Archive|institutional catalogues,MIXED_OR_UNKNOWN,TARGET_ENUMERATED_NOT_RECONCILED,,
COR-0289,06 Dharma Conduct and Samskara,Nibandha and practice,Dharmashastra nibandha/digest corpus,CORE,Sanskrit and all regional languages,Pan-Indian,Edition-specific full text plus scans and structure,one work-version-edition-representation,complete work; all books/chapters/verses; front/back matter; edition metadata,P0,AGENT_DOWNLOAD_RIGHTS_REVIEW,CONDITIONAL,Item-level rights review,PARTIAL,GRETIL|Ambuda|Internet Archive|institutional catalogues,MIXED_OR_UNKNOWN,TARGET_ENUMERATED_NOT_RECONCILED,,
COR-0290,06 Dharma Conduct and Samskara,Nibandha and practice,Mitakshara,CORE,Sanskrit and all regional languages,Pan-Indian,Edition-specific full text plus scans and structure,one work-version-edition-representation,complete work; all books/chapters/verses; front/back matter; edition metadata,P0,AGENT_DOWNLOAD_RIGHTS_REVIEW,CONDITIONAL,Item-level rights review,PARTIAL,GRETIL|Ambuda|Internet Archive|institutional catalogues,MIXED_OR_UNKNOWN,TARGET_ENUMERATED_NOT_RECONCILED,,
COR-0291,06 Dharma Conduct and Samskara,Nibandha and practice,Dayabhaga,CORE,Sanskrit and all regional languages,Pan-Indian,Edition-specific full text plus scans and structure,one work-version-edition-representation,complete work; all books/chapters/verses; front/back matter; edition metadata,P0,AGENT_DOWNLOAD_RIGHTS_REVIEW,CONDITIONAL,Item-level rights review,PARTIAL,GRETIL|Ambuda|Internet Archive|institutional catalogues,MIXED_OR_UNKNOWN,TARGET_ENUMERATED_NOT_RECONCILED,,
COR-0292,06 Dharma Conduct and Samskara,Nibandha and practice,Viramitrodaya,CORE,Sanskrit and all regional languages,Pan-Indian,Edition-specific full text plus scans and structure,one work-version-edition-representation,complete work; all books/chapters/verses; front/back matter; edition metadata,P0,AGENT_DOWNLOAD_RIGHTS_REVIEW,CONDITIONAL,Item-level rights review,PARTIAL,GRETIL|Ambuda|Internet Archive|institutional catalogues,MIXED_OR_UNKNOWN,TARGET_ENUMERATED_NOT_RECONCILED,,
COR-0293,06 Dharma Conduct and Samskara,Nibandha and practice,Dharmasindhu,CORE,Sanskrit and all regional languages,Pan-Indian,Edition-specific full text plus scans and structure,one work-version-edition-representation,complete work; all books/chapters/verses; front/back matter; edition metadata,P0,AGENT_DOWNLOAD_RIGHTS_REVIEW,CONDITIONAL,Item-level rights review,PARTIAL,GRETIL|Ambuda|Internet Archive|institutional catalogues,MIXED_OR_UNKNOWN,TARGET_ENUMERATED_NOT_RECONCILED,,
COR-0294,06 Dharma Conduct and Samskara,Nibandha and practice,Nirnayasindhu,CORE,Sanskrit and all regional languages,Pan-Indian,Edition-specific full text plus scans and structure,one work-version-edition-representation,complete work; all books/chapters/verses; front/back matter; edition metadata,P0,AGENT_DOWNLOAD_RIGHTS_REVIEW,CONDITIONAL,Item-level rights review,PARTIAL,GRETIL|Ambuda|Internet Archive|institutional catalogues,MIXED_OR_UNKNOWN,TARGET_ENUMERATED_NOT_RECONCILED,,
COR-0295,06 Dharma Conduct and Samskara,Nibandha and practice,Smritichandrika,CORE,Sanskrit and all regional languages,Pan-Indian,Edition-specific full text plus scans and structure,one work-version-edition-representation,complete work; all books/chapters/verses; front/back matter; edition metadata,P0,AGENT_DOWNLOAD_RIGHTS_REVIEW,CONDITIONAL,Item-level rights review,PARTIAL,GRETIL|Ambuda|Internet Archive|institutional catalogues,MIXED_OR_UNKNOWN,TARGET_ENUMERATED_NOT_RECONCILED,,
COR-0296,06 Dharma Conduct and Samskara,Nibandha and practice,Chaturvargachintamani,CORE,Sanskrit and all regional languages,Pan-Indian,Edition-specific full text plus scans and structure,one work-version-edition-representation,complete work; all books/chapters/verses; front/back matter; edition metadata,P0,AGENT_DOWNLOAD_RIGHTS_REVIEW,CONDITIONAL,Item-level rights review,PARTIAL,GRETIL|Ambuda|Internet Archive|institutional catalogues,MIXED_OR_UNKNOWN,TARGET_ENUMERATED_NOT_RECONCILED,,
COR-0297,06 Dharma Conduct and Samskara,Nibandha and practice,Kane History of Dharmasastra,CORE,Sanskrit and all regional languages,Pan-Indian,Edition-specific full text plus scans and structure,one work-version-edition-representation,complete work; all books/chapters/verses; front/back matter; edition metadata,P0,AGENT_DOWNLOAD_RIGHTS_REVIEW,CONDITIONAL,Item-level rights review,PARTIAL,GRETIL|Ambuda|Internet Archive|institutional catalogues,MIXED_OR_UNKNOWN,TARGET_ENUMERATED_NOT_RECONCILED,,
COR-0298,06 Dharma Conduct and Samskara,Nibandha and practice,Samskara manuals by Vedic school and region,CORE,Sanskrit and all regional languages,Pan-Indian,Edition-specific full text plus scans and structure,one work-version-edition-representation,complete work; all books/chapters/verses; front/back matter; edition metadata,P0,AGENT_DOWNLOAD_RIGHTS_REVIEW,CONDITIONAL,Item-level rights review,PARTIAL,GRETIL|Ambuda|Internet Archive|institutional catalogues,MIXED_OR_UNKNOWN,TARGET_ENUMERATED_NOT_RECONCILED,,
COR-0299,06 Dharma Conduct and Samskara,Nibandha and practice,Antyeshti and shraddha manuals by tradition,CORE,Sanskrit and all regional languages,Pan-Indian,Edition-specific full text plus scans and structure,one work-version-edition-representation,complete work; all books/chapters/verses; front/back matter; edition metadata,P0,AGENT_DOWNLOAD_RIGHTS_REVIEW,CONDITIONAL,Item-level rights review,PARTIAL,GRETIL|Ambuda|Internet Archive|institutional catalogues,MIXED_OR_UNKNOWN,TARGET_ENUMERATED_NOT_RECONCILED,,
COR-0300,06 Dharma Conduct and Samskara,Nibandha and practice,Prayashchitta manuals,CORE,Sanskrit and all regional languages,Pan-Indian,Edition-specific full text plus scans and structure,one work-version-edition-representation,complete work; all books/chapters/verses; front/back matter; edition metadata,P0,AGENT_DOWNLOAD_RIGHTS_REVIEW,CONDITIONAL,Item-level rights review,PARTIAL,GRETIL|Ambuda|Internet Archive|institutional catalogues,MIXED_OR_UNKNOWN,TARGET_ENUMERATED_NOT_RECONCILED,,
COR-0301,06 Dharma Conduct and Samskara,Nibandha and practice,Dana and vrata manuals,CORE,Sanskrit and all regional languages,Pan-Indian,Edition-specific full text plus scans and structure,one work-version-edition-representation,complete work; all books/chapters/verses; front/back matter; edition metadata,P0,AGENT_DOWNLOAD_RIGHTS_REVIEW,CONDITIONAL,Item-level rights review,PARTIAL,GRETIL|Ambuda|Internet Archive|institutional catalogues,MIXED_OR_UNKNOWN,TARGET_ENUMERATED_NOT_RECONCILED,,
COR-0302,07 Bhakti and Vernacular,Tamil,Nalayira Divya Prabandham with commentaries,CORE,Tamil,Tamil traditions and diaspora,Edition-specific full text plus scans and structure,one work-version-edition-representation,complete work; all books/chapters/verses; front/back matter; edition metadata,P0,AGENT_DOWNLOAD_RIGHTS_REVIEW,CONDITIONAL,Item-level rights review,PARTIAL,Project Madurai|CICT|Tamil Virtual Academy|HRCE|publishers,MIXED_OR_UNKNOWN,TARGET_ENUMERATED_NOT_RECONCILED,,
COR-0303,07 Bhakti and Vernacular,Tamil,Tiruppavai commentarial corpus,CORE,Tamil,Tamil traditions and diaspora,Edition-specific full text plus scans and structure,one work-version-edition-representation,complete work; all books/chapters/verses; front/back matter; edition metadata,P0,AGENT_DOWNLOAD_RIGHTS_REVIEW,CONDITIONAL,Item-level rights review,PARTIAL,Project Madurai|CICT|Tamil Virtual Academy|HRCE|publishers,MIXED_OR_UNKNOWN,TARGET_ENUMERATED_NOT_RECONCILED,,
COR-0304,07 Bhakti and Vernacular,Tamil,Tiruvaymoli commentarial corpus,CORE,Tamil,Tamil traditions and diaspora,Edition-specific full text plus scans and structure,one work-version-edition-representation,complete work; all books/chapters/verses; front/back matter; edition metadata,P0,AGENT_DOWNLOAD_RIGHTS_REVIEW,CONDITIONAL,Item-level rights review,PARTIAL,Project Madurai|CICT|Tamil Virtual Academy|HRCE|publishers,MIXED_OR_UNKNOWN,TARGET_ENUMERATED_NOT_RECONCILED,,
COR-0305,07 Bhakti and Vernacular,Tamil,Twelve Tirumurai complete canon,CORE,Tamil,Tamil traditions and diaspora,Edition-specific full text plus scans and structure,one work-version-edition-representation,complete work; all books/chapters/verses; front/back matter; edition metadata,P0,AGENT_DOWNLOAD_RIGHTS_REVIEW,CONDITIONAL,Item-level rights review,PARTIAL,Project Madurai|CICT|Tamil Virtual Academy|HRCE|publishers,MIXED_OR_UNKNOWN,TARGET_ENUMERATED_NOT_RECONCILED,,
COR-0306,07 Bhakti and Vernacular,Tamil,Tevaram complete corpus,CORE,Tamil,Tamil traditions and diaspora,Edition-specific full text plus scans and structure,one work-version-edition-representation,complete work; all books/chapters/verses; front/back matter; edition metadata,P0,AGENT_DOWNLOAD_RIGHTS_REVIEW,CONDITIONAL,Item-level rights review,PARTIAL,Project Madurai|CICT|Tamil Virtual Academy|HRCE|publishers,MIXED_OR_UNKNOWN,TARGET_ENUMERATED_NOT_RECONCILED,,
COR-0307,07 Bhakti and Vernacular,Tamil,Tiruvacakam,CORE,Tamil,Tamil traditions and diaspora,Edition-specific full text plus scans and structure,one work-version-edition-representation,complete work; all books/chapters/verses; front/back matter; edition metadata,P0,AGENT_DOWNLOAD_RIGHTS_REVIEW,CONDITIONAL,Item-level rights review,PARTIAL,Project Madurai|CICT|Tamil Virtual Academy|HRCE|publishers,MIXED_OR_UNKNOWN,TARGET_ENUMERATED_NOT_RECONCILED,,
COR-0308,07 Bhakti and Vernacular,Tamil,Periyapuranam,CORE,Tamil,Tamil traditions and diaspora,Edition-specific full text plus scans and structure,one work-version-edition-representation,complete work; all books/chapters/verses; front/back matter; edition metadata,P0,AGENT_DOWNLOAD_RIGHTS_REVIEW,CONDITIONAL,Item-level rights review,PARTIAL,Project Madurai|CICT|Tamil Virtual Academy|HRCE|publishers,MIXED_OR_UNKNOWN,TARGET_ENUMERATED_NOT_RECONCILED,,
COR-0309,07 Bhakti and Vernacular,Tamil,Tirumantiram,CORE,Tamil,Tamil traditions and diaspora,Edition-specific full text plus scans and structure,one work-version-edition-representation,complete work; all books/chapters/verses; front/back matter; edition metadata,P0,AGENT_DOWNLOAD_RIGHTS_REVIEW,CONDITIONAL,Item-level rights review,PARTIAL,Project Madurai|CICT|Tamil Virtual Academy|HRCE|publishers,MIXED_OR_UNKNOWN,TARGET_ENUMERATED_NOT_RECONCILED,,
COR-0310,07 Bhakti and Vernacular,Tamil,Abhirami Antati,CORE,Tamil,Tamil traditions and diaspora,Edition-specific full text plus scans and structure,one work-version-edition-representation,complete work; all books/chapters/verses; front/back matter; edition metadata,P0,AGENT_DOWNLOAD_RIGHTS_REVIEW,CONDITIONAL,Item-level rights review,PARTIAL,Project Madurai|CICT|Tamil Virtual Academy|HRCE|publishers,MIXED_OR_UNKNOWN,TARGET_ENUMERATED_NOT_RECONCILED,,
COR-0311,07 Bhakti and Vernacular,Tamil,Kandar Anubhuti and Tiruppugazh,CORE,Tamil,Tamil traditions and diaspora,Edition-specific full text plus scans and structure,one work-version-edition-representation,complete work; all books/chapters/verses; front/back matter; edition metadata,P0,AGENT_DOWNLOAD_RIGHTS_REVIEW,CONDITIONAL,Item-level rights review,PARTIAL,Project Madurai|CICT|Tamil Virtual Academy|HRCE|publishers,MIXED_OR_UNKNOWN,TARGET_ENUMERATED_NOT_RECONCILED,,
COR-0312,07 Bhakti and Vernacular,Tamil,Tamil Ramalinga Vallalar/Tiruvarutpa corpus,CORE,Tamil,Tamil traditions and diaspora,Edition-specific full text plus scans and structure,one work-version-edition-representation,complete work; all books/chapters/verses; front/back matter; edition metadata,P0,AGENT_DOWNLOAD_RIGHTS_REVIEW,CONDITIONAL,Item-level rights review,PARTIAL,Project Madurai|CICT|Tamil Virtual Academy|HRCE|publishers,MIXED_OR_UNKNOWN,TARGET_ENUMERATED_NOT_RECONCILED,,
COR-0313,07 Bhakti and Vernacular,Tamil,Tamil temple talapuranam corpus,CORE,Tamil,Tamil traditions and diaspora,Edition-specific full text plus scans and structure,one work-version-edition-representation,complete work; all books/chapters/verses; front/back matter; edition metadata,P0,AGENT_DOWNLOAD_RIGHTS_REVIEW,CONDITIONAL,Item-level rights review,PARTIAL,Project Madurai|CICT|Tamil Virtual Academy|HRCE|publishers,MIXED_OR_UNKNOWN,TARGET_ENUMERATED_NOT_RECONCILED,,
COR-0314,07 Bhakti and Vernacular,Kannada,Vachana Sahitya complete corpora by vachanakara,CORE,Kannada,Karnataka traditions,Edition-specific full text plus scans and structure,one work-version-edition-representation,complete work; all books/chapters/verses; front/back matter; edition metadata,P0,AGENT_DOWNLOAD_RIGHTS_REVIEW,CONDITIONAL,Item-level rights review,PARTIAL,GRETIL|Ambuda|Internet Archive|institutional catalogues,MIXED_OR_UNKNOWN,TARGET_ENUMERATED_NOT_RECONCILED,,
COR-0315,07 Bhakti and Vernacular,Kannada,Basava Vachanas,CORE,Kannada,Karnataka traditions,Edition-specific full text plus scans and structure,one work-version-edition-representation,complete work; all books/chapters/verses; front/back matter; edition metadata,P0,AGENT_DOWNLOAD_RIGHTS_REVIEW,CONDITIONAL,Item-level rights review,PARTIAL,GRETIL|Ambuda|Internet Archive|institutional catalogues,MIXED_OR_UNKNOWN,TARGET_ENUMERATED_NOT_RECONCILED,,
COR-0316,07 Bhakti and Vernacular,Kannada,Allama Prabhu Vachanas,CORE,Kannada,Karnataka traditions,Edition-specific full text plus scans and structure,one work-version-edition-representation,complete work; all books/chapters/verses; front/back matter; edition metadata,P0,AGENT_DOWNLOAD_RIGHTS_REVIEW,CONDITIONAL,Item-level rights review,PARTIAL,GRETIL|Ambuda|Internet Archive|institutional catalogues,MIXED_OR_UNKNOWN,TARGET_ENUMERATED_NOT_RECONCILED,,
COR-0317,07 Bhakti and Vernacular,Kannada,Akka Mahadevi Vachanas,CORE,Kannada,Karnataka traditions,Edition-specific full text plus scans and structure,one work-version-edition-representation,complete work; all books/chapters/verses; front/back matter; edition metadata,P0,AGENT_DOWNLOAD_RIGHTS_REVIEW,CONDITIONAL,Item-level rights review,PARTIAL,GRETIL|Ambuda|Internet Archive|institutional catalogues,MIXED_OR_UNKNOWN,TARGET_ENUMERATED_NOT_RECONCILED,,
COR-0318,07 Bhakti and Vernacular,Kannada,Shunya Sampadane recensions,CORE,Kannada,Karnataka traditions,Edition-specific full text plus scans and structure,one work-version-edition-representation,complete work; all books/chapters/verses; front/back matter; edition metadata,P0,AGENT_DOWNLOAD_RIGHTS_REVIEW,CONDITIONAL,Item-level rights review,PARTIAL,GRETIL|Ambuda|Internet Archive|institutional catalogues,MIXED_OR_UNKNOWN,TARGET_ENUMERATED_NOT_RECONCILED,,
COR-0319,07 Bhakti and Vernacular,Kannada,Haridasa Sahitya complete corpus,CORE,Kannada,Karnataka traditions,Edition-specific full text plus scans and structure,one work-version-edition-representation,complete work; all books/chapters/verses; front/back matter; edition metadata,P0,AGENT_DOWNLOAD_RIGHTS_REVIEW,CONDITIONAL,Item-level rights review,PARTIAL,GRETIL|Ambuda|Internet Archive|institutional catalogues,MIXED_OR_UNKNOWN,TARGET_ENUMERATED_NOT_RECONCILED,,
COR-0320,07 Bhakti and Vernacular,Kannada,Purandara Dasa songs,CORE,Kannada,Karnataka traditions,Edition-specific full text plus scans and structure,one work-version-edition-representation,complete work; all books/chapters/verses; front/back matter; edition metadata,P0,AGENT_DOWNLOAD_RIGHTS_REVIEW,CONDITIONAL,Item-level rights review,PARTIAL,GRETIL|Ambuda|Internet Archive|institutional catalogues,MIXED_OR_UNKNOWN,TARGET_ENUMERATED_NOT_RECONCILED,,
COR-0321,07 Bhakti and Vernacular,Kannada,Kanaka Dasa works,CORE,Kannada,Karnataka traditions,Edition-specific full text plus scans and structure,one work-version-edition-representation,complete work; all books/chapters/verses; front/back matter; edition metadata,P0,AGENT_DOWNLOAD_RIGHTS_REVIEW,CONDITIONAL,Item-level rights review,PARTIAL,GRETIL|Ambuda|Internet Archive|institutional catalogues,MIXED_OR_UNKNOWN,TARGET_ENUMERATED_NOT_RECONCILED,,
COR-0322,07 Bhakti and Vernacular,Kannada,Dasa Sahitya musical/audio corpus,CORE,Kannada,Karnataka traditions,Edition-specific full text plus scans and structure,one work-version-edition-representation,complete work; all books/chapters/verses; front/back matter; edition metadata,P0,AGENT_DOWNLOAD_RIGHTS_REVIEW,CONDITIONAL,Item-level rights review,PARTIAL,GRETIL|Ambuda|Internet Archive|institutional catalogues,MIXED_OR_UNKNOWN,TARGET_ENUMERATED_NOT_RECONCILED,,
COR-0323,07 Bhakti and Vernacular,Telugu,Pothana Andhra Mahabhagavatamu,CORE,Telugu,Andhra and Telangana traditions,Edition-specific full text plus scans and structure,one work-version-edition-representation,complete work; all books/chapters/verses; front/back matter; edition metadata,P0,AGENT_DOWNLOAD_RIGHTS_REVIEW,CONDITIONAL,Item-level rights review,PARTIAL,GRETIL|Ambuda|Internet Archive|institutional catalogues,MIXED_OR_UNKNOWN,TARGET_ENUMERATED_NOT_RECONCILED,,
COR-0324,07 Bhakti and Vernacular,Telugu,Annamacharya sankirtana complete corpus,CORE,Telugu,Andhra and Telangana traditions,Edition-specific full text plus scans and structure,one work-version-edition-representation,complete work; all books/chapters/verses; front/back matter; edition metadata,P0,AGENT_DOWNLOAD_RIGHTS_REVIEW,CONDITIONAL,Item-level rights review,PARTIAL,GRETIL|Ambuda|Internet Archive|institutional catalogues,MIXED_OR_UNKNOWN,TARGET_ENUMERATED_NOT_RECONCILED,,
COR-0325,07 Bhakti and Vernacular,Telugu,Tyagaraja kriti complete textual and audio corpus,CORE,Telugu,Andhra and Telangana traditions,Edition-specific full text plus scans and structure,one work-version-edition-representation,complete work; all books/chapters/verses; front/back matter; edition metadata,P0,AGENT_DOWNLOAD_RIGHTS_REVIEW,CONDITIONAL,Item-level rights review,PARTIAL,GRETIL|Ambuda|Internet Archive|institutional catalogues,MIXED_OR_UNKNOWN,TARGET_ENUMERATED_NOT_RECONCILED,,
COR-0326,07 Bhakti and Vernacular,Telugu,Bhadrachala Ramadasu kritis,CORE,Telugu,Andhra and Telangana traditions,Edition-specific full text plus scans and structure,one work-version-edition-representation,complete work; all books/chapters/verses; front/back matter; edition metadata,P0,AGENT_DOWNLOAD_RIGHTS_REVIEW,CONDITIONAL,Item-level rights review,PARTIAL,GRETIL|Ambuda|Internet Archive|institutional catalogues,MIXED_OR_UNKNOWN,TARGET_ENUMERATED_NOT_RECONCILED,,
COR-0327,07 Bhakti and Vernacular,Telugu,Tallapaka poets corpus,CORE,Telugu,Andhra and Telangana traditions,Edition-specific full text plus scans and structure,one work-version-edition-representation,complete work; all books/chapters/verses; front/back matter; edition metadata,P0,AGENT_DOWNLOAD_RIGHTS_REVIEW,CONDITIONAL,Item-level rights review,PARTIAL,GRETIL|Ambuda|Internet Archive|institutional catalogues,MIXED_OR_UNKNOWN,TARGET_ENUMERATED_NOT_RECONCILED,,
COR-0328,07 Bhakti and Vernacular,Telugu,Vemana Satakam,CORE,Telugu,Andhra and Telangana traditions,Edition-specific full text plus scans and structure,one work-version-edition-representation,complete work; all books/chapters/verses; front/back matter; edition metadata,P0,AGENT_DOWNLOAD_RIGHTS_REVIEW,CONDITIONAL,Item-level rights review,PARTIAL,GRETIL|Ambuda|Internet Archive|institutional catalogues,MIXED_OR_UNKNOWN,TARGET_ENUMERATED_NOT_RECONCILED,,
COR-0329,07 Bhakti and Vernacular,Telugu,Telugu temple and vrata literature corpus,CORE,Telugu,Andhra and Telangana traditions,Edition-specific full text plus scans and structure,one work-version-edition-representation,complete work; all books/chapters/verses; front/back matter; edition metadata,P0,AGENT_DOWNLOAD_RIGHTS_REVIEW,CONDITIONAL,Item-level rights review,PARTIAL,GRETIL|Ambuda|Internet Archive|institutional catalogues,MIXED_OR_UNKNOWN,TARGET_ENUMERATED_NOT_RECONCILED,,
COR-0330,07 Bhakti and Vernacular,Marathi,Jnaneshwari/Bhavarthadipika,CORE,Marathi,Maharashtra traditions,Edition-specific full text plus scans and structure,one work-version-edition-representation,complete work; all books/chapters/verses; front/back matter; edition metadata,P0,AGENT_DOWNLOAD_RIGHTS_REVIEW,CONDITIONAL,Item-level rights review,PARTIAL,GRETIL|Ambuda|Internet Archive|institutional catalogues,MIXED_OR_UNKNOWN,TARGET_ENUMERATED_NOT_RECONCILED,,
COR-0331,07 Bhakti and Vernacular,Marathi,Amritanubhava,CORE,Marathi,Maharashtra traditions,Edition-specific full text plus scans and structure,one work-version-edition-representation,complete work; all books/chapters/verses; front/back matter; edition metadata,P0,AGENT_DOWNLOAD_RIGHTS_REVIEW,CONDITIONAL,Item-level rights review,PARTIAL,GRETIL|Ambuda|Internet Archive|institutional catalogues,MIXED_OR_UNKNOWN,TARGET_ENUMERATED_NOT_RECONCILED,,
COR-0332,07 Bhakti and Vernacular,Marathi,Tukaram Gatha complete corpus,CORE,Marathi,Maharashtra traditions,Edition-specific full text plus scans and structure,one work-version-edition-representation,complete work; all books/chapters/verses; front/back matter; edition metadata,P0,AGENT_DOWNLOAD_RIGHTS_REVIEW,CONDITIONAL,Item-level rights review,PARTIAL,GRETIL|Ambuda|Internet Archive|institutional catalogues,MIXED_OR_UNKNOWN,TARGET_ENUMERATED_NOT_RECONCILED,,
COR-0333,07 Bhakti and Vernacular,Marathi,Eknathi Bhagavata,CORE,Marathi,Maharashtra traditions,Edition-specific full text plus scans and structure,one work-version-edition-representation,complete work; all books/chapters/verses; front/back matter; edition metadata,P0,AGENT_DOWNLOAD_RIGHTS_REVIEW,CONDITIONAL,Item-level rights review,PARTIAL,GRETIL|Ambuda|Internet Archive|institutional catalogues,MIXED_OR_UNKNOWN,TARGET_ENUMERATED_NOT_RECONCILED,,
COR-0334,07 Bhakti and Vernacular,Marathi,Eknath Gatha and Bharuds,CORE,Marathi,Maharashtra traditions,Edition-specific full text plus scans and structure,one work-version-edition-representation,complete work; all books/chapters/verses; front/back matter; edition metadata,P0,AGENT_DOWNLOAD_RIGHTS_REVIEW,CONDITIONAL,Item-level rights review,PARTIAL,GRETIL|Ambuda|Internet Archive|institutional catalogues,MIXED_OR_UNKNOWN,TARGET_ENUMERATED_NOT_RECONCILED,,
COR-0335,07 Bhakti and Vernacular,Marathi,Namdev Abhangas and recensions,CORE,Marathi,Maharashtra traditions,Edition-specific full text plus scans and structure,one work-version-edition-representation,complete work; all books/chapters/verses; front/back matter; edition metadata,P0,AGENT_DOWNLOAD_RIGHTS_REVIEW,CONDITIONAL,Item-level rights review,PARTIAL,GRETIL|Ambuda|Internet Archive|institutional catalogues,MIXED_OR_UNKNOWN,TARGET_ENUMERATED_NOT_RECONCILED,,
COR-0336,07 Bhakti and Vernacular,Marathi,Dasbodh,CORE,Marathi,Maharashtra traditions,Edition-specific full text plus scans and structure,one work-version-edition-representation,complete work; all books/chapters/verses; front/back matter; edition metadata,P0,AGENT_DOWNLOAD_RIGHTS_REVIEW,CONDITIONAL,Item-level rights review,PARTIAL,GRETIL|Ambuda|Internet Archive|institutional catalogues,MIXED_OR_UNKNOWN,TARGET_ENUMERATED_NOT_RECONCILED,,
COR-0337,07 Bhakti and Vernacular,Marathi,Manache Shlok,CORE,Marathi,Maharashtra traditions,Edition-specific full text plus scans and structure,one work-version-edition-representation,complete work; all books/chapters/verses; front/back matter; edition metadata,P0,AGENT_DOWNLOAD_RIGHTS_REVIEW,CONDITIONAL,Item-level rights review,PARTIAL,GRETIL|Ambuda|Internet Archive|institutional catalogues,MIXED_OR_UNKNOWN,TARGET_ENUMERATED_NOT_RECONCILED,,
COR-0338,07 Bhakti and Vernacular,Marathi,Guru Charitra,CORE,Marathi,Maharashtra traditions,Edition-specific full text plus scans and structure,one work-version-edition-representation,complete work; all books/chapters/verses; front/back matter; edition metadata,P0,AGENT_DOWNLOAD_RIGHTS_REVIEW,CONDITIONAL,Item-level rights review,PARTIAL,GRETIL|Ambuda|Internet Archive|institutional catalogues,MIXED_OR_UNKNOWN,TARGET_ENUMERATED_NOT_RECONCILED,,
COR-0339,07 Bhakti and Vernacular,Marathi,Mahanubhava Lilacharitra corpus,CORE,Marathi,Maharashtra traditions,Edition-specific full text plus scans and structure,one work-version-edition-representation,complete work; all books/chapters/verses; front/back matter; edition metadata,P0,AGENT_DOWNLOAD_RIGHTS_REVIEW,CONDITIONAL,Item-level rights review,PARTIAL,GRETIL|Ambuda|Internet Archive|institutional catalogues,MIXED_OR_UNKNOWN,TARGET_ENUMERATED_NOT_RECONCILED,,
COR-0340,07 Bhakti and Vernacular,Marathi,Varkari oral kirtan and abhang performance corpus,CORE,Marathi,Maharashtra traditions,Edition-specific full text plus scans and structure,one work-version-edition-representation,complete work; all books/chapters/verses; front/back matter; edition metadata,P0,AGENT_DOWNLOAD_RIGHTS_REVIEW,CONDITIONAL,Item-level rights review,PARTIAL,GRETIL|Ambuda|Internet Archive|institutional catalogues,MIXED_OR_UNKNOWN,TARGET_ENUMERATED_NOT_RECONCILED,,
COR-0341,07 Bhakti and Vernacular,Hindi Braj Awadhi Rajasthani,Ramcharitmanas with major commentaries,CORE,Hindi|Braj|Awadhi|Rajasthani,North Indian traditions,Edition-specific full text plus scans and structure,one work-version-edition-representation,complete work; all books/chapters/verses; front/back matter; edition metadata,P0,AGENT_DOWNLOAD_RIGHTS_REVIEW,CONDITIONAL,Item-level rights review,PARTIAL,GRETIL|Ambuda|Internet Archive|institutional catalogues,MIXED_OR_UNKNOWN,TARGET_ENUMERATED_NOT_RECONCILED,,
COR-0342,07 Bhakti and Vernacular,Hindi Braj Awadhi Rajasthani,Vinaya Patrika,CORE,Hindi|Braj|Awadhi|Rajasthani,North Indian traditions,Edition-specific full text plus scans and structure,one work-version-edition-representation,complete work; all books/chapters/verses; front/back matter; edition metadata,P0,AGENT_DOWNLOAD_RIGHTS_REVIEW,CONDITIONAL,Item-level rights review,PARTIAL,GRETIL|Ambuda|Internet Archive|institutional catalogues,MIXED_OR_UNKNOWN,TARGET_ENUMERATED_NOT_RECONCILED,,
COR-0343,07 Bhakti and Vernacular,Hindi Braj Awadhi Rajasthani,Kavitavali,CORE,Hindi|Braj|Awadhi|Rajasthani,North Indian traditions,Edition-specific full text plus scans and structure,one work-version-edition-representation,complete work; all books/chapters/verses; front/back matter; edition metadata,P0,AGENT_DOWNLOAD_RIGHTS_REVIEW,CONDITIONAL,Item-level rights review,PARTIAL,GRETIL|Ambuda|Internet Archive|institutional catalogues,MIXED_OR_UNKNOWN,TARGET_ENUMERATED_NOT_RECONCILED,,
COR-0344,07 Bhakti and Vernacular,Hindi Braj Awadhi Rajasthani,Gitavali,CORE,Hindi|Braj|Awadhi|Rajasthani,North Indian traditions,Edition-specific full text plus scans and structure,one work-version-edition-representation,complete work; all books/chapters/verses; front/back matter; edition metadata,P0,AGENT_DOWNLOAD_RIGHTS_REVIEW,CONDITIONAL,Item-level rights review,PARTIAL,GRETIL|Ambuda|Internet Archive|institutional catalogues,MIXED_OR_UNKNOWN,TARGET_ENUMERATED_NOT_RECONCILED,,
COR-0345,07 Bhakti and Vernacular,Hindi Braj Awadhi Rajasthani,Sursagar and Surdas textual recensions,CORE,Hindi|Braj|Awadhi|Rajasthani,North Indian traditions,Edition-specific full text plus scans and structure,one work-version-edition-representation,complete work; all books/chapters/verses; front/back matter; edition metadata,P0,AGENT_DOWNLOAD_RIGHTS_REVIEW,CONDITIONAL,Item-level rights review,PARTIAL,GRETIL|Ambuda|Internet Archive|institutional catalogues,MIXED_OR_UNKNOWN,TARGET_ENUMERATED_NOT_RECONCILED,,
COR-0346,07 Bhakti and Vernacular,Hindi Braj Awadhi Rajasthani,Kabir Bijak recensions,CORE,Hindi|Braj|Awadhi|Rajasthani,North Indian traditions,Edition-specific full text plus scans and structure,one work-version-edition-representation,complete work; all books/chapters/verses; front/back matter; edition metadata,P0,AGENT_DOWNLOAD_RIGHTS_REVIEW,CONDITIONAL,Item-level rights review,PARTIAL,GRETIL|Ambuda|Internet Archive|institutional catalogues,MIXED_OR_UNKNOWN,TARGET_ENUMERATED_NOT_RECONCILED,,
COR-0347,07 Bhakti and Vernacular,Hindi Braj Awadhi Rajasthani,Kabir Granthavali,CORE,Hindi|Braj|Awadhi|Rajasthani,North Indian traditions,Edition-specific full text plus scans and structure,one work-version-edition-representation,complete work; all books/chapters/verses; front/back matter; edition metadata,P0,AGENT_DOWNLOAD_RIGHTS_REVIEW,CONDITIONAL,Item-level rights review,PARTIAL,GRETIL|Ambuda|Internet Archive|institutional catalogues,MIXED_OR_UNKNOWN,TARGET_ENUMERATED_NOT_RECONCILED,,
COR-0348,07 Bhakti and Vernacular,Hindi Braj Awadhi Rajasthani,Mirabai pada corpus and regional recensions,CORE,Hindi|Braj|Awadhi|Rajasthani,North Indian traditions,Edition-specific full text plus scans and structure,one work-version-edition-representation,complete work; all books/chapters/verses; front/back matter; edition metadata,P0,AGENT_DOWNLOAD_RIGHTS_REVIEW,CONDITIONAL,Item-level rights review,PARTIAL,GRETIL|Ambuda|Internet Archive|institutional catalogues,MIXED_OR_UNKNOWN,TARGET_ENUMERATED_NOT_RECONCILED,,
COR-0349,07 Bhakti and Vernacular,Hindi Braj Awadhi Rajasthani,Nabhadas Bhaktamal and commentaries,CORE,Hindi|Braj|Awadhi|Rajasthani,North Indian traditions,Edition-specific full text plus scans and structure,one work-version-edition-representation,complete work; all books/chapters/verses; front/back matter; edition metadata,P0,AGENT_DOWNLOAD_RIGHTS_REVIEW,CONDITIONAL,Item-level rights review,PARTIAL,GRETIL|Ambuda|Internet Archive|institutional catalogues,MIXED_OR_UNKNOWN,TARGET_ENUMERATED_NOT_RECONCILED,,
COR-0350,07 Bhakti and Vernacular,Hindi Braj Awadhi Rajasthani,Raskhan corpus,CORE,Hindi|Braj|Awadhi|Rajasthani,North Indian traditions,Edition-specific full text plus scans and structure,one work-version-edition-representation,complete work; all books/chapters/verses; front/back matter; edition metadata,P0,AGENT_DOWNLOAD_RIGHTS_REVIEW,CONDITIONAL,Item-level rights review,PARTIAL,GRETIL|Ambuda|Internet Archive|institutional catalogues,MIXED_OR_UNKNOWN,TARGET_ENUMERATED_NOT_RECONCILED,,
COR-0351,07 Bhakti and Vernacular,Hindi Braj Awadhi Rajasthani,Ramanandi literature,CORE,Hindi|Braj|Awadhi|Rajasthani,North Indian traditions,Edition-specific full text plus scans and structure,one work-version-edition-representation,complete work; all books/chapters/verses; front/back matter; edition metadata,P0,AGENT_DOWNLOAD_RIGHTS_REVIEW,CONDITIONAL,Item-level rights review,PARTIAL,GRETIL|Ambuda|Internet Archive|institutional catalogues,MIXED_OR_UNKNOWN,TARGET_ENUMERATED_NOT_RECONCILED,,
COR-0352,07 Bhakti and Vernacular,Hindi Braj Awadhi Rajasthani,Dadu Dayal Vani,CORE,Hindi|Braj|Awadhi|Rajasthani,North Indian traditions,Edition-specific full text plus scans and structure,one work-version-edition-representation,complete work; all books/chapters/verses; front/back matter; edition metadata,P0,AGENT_DOWNLOAD_RIGHTS_REVIEW,CONDITIONAL,Item-level rights review,PARTIAL,GRETIL|Ambuda|Internet Archive|institutional catalogues,MIXED_OR_UNKNOWN,TARGET_ENUMERATED_NOT_RECONCILED,,
COR-0353,07 Bhakti and Vernacular,Hindi Braj Awadhi Rajasthani,Charandas and regional sant corpora,CORE,Hindi|Braj|Awadhi|Rajasthani,North Indian traditions,Edition-specific full text plus scans and structure,one work-version-edition-representation,complete work; all books/chapters/verses; front/back matter; edition metadata,P0,AGENT_DOWNLOAD_RIGHTS_REVIEW,CONDITIONAL,Item-level rights review,PARTIAL,GRETIL|Ambuda|Internet Archive|institutional catalogues,MIXED_OR_UNKNOWN,TARGET_ENUMERATED_NOT_RECONCILED,,
COR-0354,07 Bhakti and Vernacular,Bengali Assamese Odia,Chaitanya Charitamrita,CORE,Bengali|Assamese|Odia,Eastern Indian traditions,Edition-specific full text plus scans and structure,one work-version-edition-representation,complete work; all books/chapters/verses; front/back matter; edition metadata,P0,AGENT_DOWNLOAD_RIGHTS_REVIEW,CONDITIONAL,Item-level rights review,PARTIAL,GRETIL|Ambuda|Internet Archive|institutional catalogues,MIXED_OR_UNKNOWN,TARGET_ENUMERATED_NOT_RECONCILED,,
COR-0355,07 Bhakti and Vernacular,Bengali Assamese Odia,Chaitanya Bhagavata,CORE,Bengali|Assamese|Odia,Eastern Indian traditions,Edition-specific full text plus scans and structure,one work-version-edition-representation,complete work; all books/chapters/verses; front/back matter; edition metadata,P0,AGENT_DOWNLOAD_RIGHTS_REVIEW,CONDITIONAL,Item-level rights review,PARTIAL,GRETIL|Ambuda|Internet Archive|institutional catalogues,MIXED_OR_UNKNOWN,TARGET_ENUMERATED_NOT_RECONCILED,,
COR-0356,07 Bhakti and Vernacular,Bengali Assamese Odia,Gaudiya Vaishnava Padavali corpus,CORE,Bengali|Assamese|Odia,Eastern Indian traditions,Edition-specific full text plus scans and structure,one work-version-edition-representation,complete work; all books/chapters/verses; front/back matter; edition metadata,P0,AGENT_DOWNLOAD_RIGHTS_REVIEW,CONDITIONAL,Item-level rights review,PARTIAL,GRETIL|Ambuda|Internet Archive|institutional catalogues,MIXED_OR_UNKNOWN,TARGET_ENUMERATED_NOT_RECONCILED,,
COR-0357,07 Bhakti and Vernacular,Bengali Assamese Odia,Shakta Padavali and Ramprasad Sen corpus,CORE,Bengali|Assamese|Odia,Eastern Indian traditions,Edition-specific full text plus scans and structure,one work-version-edition-representation,complete work; all books/chapters/verses; front/back matter; edition metadata,P0,AGENT_DOWNLOAD_RIGHTS_REVIEW,CONDITIONAL,Item-level rights review,PARTIAL,GRETIL|Ambuda|Internet Archive|institutional catalogues,MIXED_OR_UNKNOWN,TARGET_ENUMERATED_NOT_RECONCILED,,
COR-0358,07 Bhakti and Vernacular,Bengali Assamese Odia,Mangal Kavya corpus,CORE,Bengali|Assamese|Odia,Eastern Indian traditions,Edition-specific full text plus scans and structure,one work-version-edition-representation,complete work; all books/chapters/verses; front/back matter; edition metadata,P0,AGENT_DOWNLOAD_RIGHTS_REVIEW,CONDITIONAL,Item-level rights review,PARTIAL,GRETIL|Ambuda|Internet Archive|institutional catalogues,MIXED_OR_UNKNOWN,TARGET_ENUMERATED_NOT_RECONCILED,,
COR-0359,07 Bhakti and Vernacular,Bengali Assamese Odia,Kirtan Ghoxa,CORE,Bengali|Assamese|Odia,Eastern Indian traditions,Edition-specific full text plus scans and structure,one work-version-edition-representation,complete work; all books/chapters/verses; front/back matter; edition metadata,P0,AGENT_DOWNLOAD_RIGHTS_REVIEW,CONDITIONAL,Item-level rights review,PARTIAL,GRETIL|Ambuda|Internet Archive|institutional catalogues,MIXED_OR_UNKNOWN,TARGET_ENUMERATED_NOT_RECONCILED,,
COR-0360,07 Bhakti and Vernacular,Bengali Assamese Odia,Nam Ghoxa,CORE,Bengali|Assamese|Odia,Eastern Indian traditions,Edition-specific full text plus scans and structure,one work-version-edition-representation,complete work; all books/chapters/verses; front/back matter; edition metadata,P0,AGENT_DOWNLOAD_RIGHTS_REVIEW,CONDITIONAL,Item-level rights review,PARTIAL,GRETIL|Ambuda|Internet Archive|institutional catalogues,MIXED_OR_UNKNOWN,TARGET_ENUMERATED_NOT_RECONCILED,,
COR-0361,07 Bhakti and Vernacular,Bengali Assamese Odia,Assamese Borgeet complete textual/audio corpus,CORE,Bengali|Assamese|Odia,Eastern Indian traditions,Edition-specific full text plus scans and structure,one work-version-edition-representation,complete work; all books/chapters/verses; front/back matter; edition metadata,P0,AGENT_DOWNLOAD_RIGHTS_REVIEW,CONDITIONAL,Item-level rights review,PARTIAL,GRETIL|Ambuda|Internet Archive|institutional catalogues,MIXED_OR_UNKNOWN,TARGET_ENUMERATED_NOT_RECONCILED,,
COR-0362,07 Bhakti and Vernacular,Bengali Assamese Odia,Odia Bhagavata of Jagannatha Dasa,CORE,Bengali|Assamese|Odia,Eastern Indian traditions,Edition-specific full text plus scans and structure,one work-version-edition-representation,complete work; all books/chapters/verses; front/back matter; edition metadata,P0,AGENT_DOWNLOAD_RIGHTS_REVIEW,CONDITIONAL,Item-level rights review,PARTIAL,GRETIL|Ambuda|Internet Archive|institutional catalogues,MIXED_OR_UNKNOWN,TARGET_ENUMERATED_NOT_RECONCILED,,
COR-0363,07 Bhakti and Vernacular,Bengali Assamese Odia,Panchasakha literature,CORE,Bengali|Assamese|Odia,Eastern Indian traditions,Edition-specific full text plus scans and structure,one work-version-edition-representation,complete work; all books/chapters/verses; front/back matter; edition metadata,P0,AGENT_DOWNLOAD_RIGHTS_REVIEW,CONDITIONAL,Item-level rights review,PARTIAL,GRETIL|Ambuda|Internet Archive|institutional catalogues,MIXED_OR_UNKNOWN,TARGET_ENUMERATED_NOT_RECONCILED,,
COR-0364,07 Bhakti and Vernacular,Bengali Assamese Odia,Jagannath devotional and ritual literature,CORE,Bengali|Assamese|Odia,Eastern Indian traditions,Edition-specific full text plus scans and structure,one work-version-edition-representation,complete work; all books/chapters/verses; front/back matter; edition metadata,P0,AGENT_DOWNLOAD_RIGHTS_REVIEW,CONDITIONAL,Item-level rights review,PARTIAL,GRETIL|Ambuda|Internet Archive|institutional catalogues,MIXED_OR_UNKNOWN,TARGET_ENUMERATED_NOT_RECONCILED,,
COR-0365,07 Bhakti and Vernacular,Bengali Assamese Odia,Odia bhajan and performance corpus,CORE,Bengali|Assamese|Odia,Eastern Indian traditions,Edition-specific full text plus scans and structure,one work-version-edition-representation,complete work; all books/chapters/verses; front/back matter; edition metadata,P0,AGENT_DOWNLOAD_RIGHTS_REVIEW,CONDITIONAL,Item-level rights review,PARTIAL,GRETIL|Ambuda|Internet Archive|institutional catalogues,MIXED_OR_UNKNOWN,TARGET_ENUMERATED_NOT_RECONCILED,,
COR-0366,07 Bhakti and Vernacular,Gujarati Malayalam Nepali and other,Narsinh Mehta pada corpus,CORE,Gujarati|Malayalam|Nepali|Newari|Sindhi|Kashmiri|Konkani|Maithili,Pan-Indian,Edition-specific full text plus scans and structure,one work-version-edition-representation,complete work; all books/chapters/verses; front/back matter; edition metadata,P0,AGENT_DOWNLOAD_RIGHTS_REVIEW,CONDITIONAL,Item-level rights review,PARTIAL,GRETIL|Ambuda|Internet Archive|institutional catalogues,MIXED_OR_UNKNOWN,TARGET_ENUMERATED_NOT_RECONCILED,,
COR-0367,07 Bhakti and Vernacular,Gujarati Malayalam Nepali and other,Akha Bhagat chhappa corpus,CORE,Gujarati|Malayalam|Nepali|Newari|Sindhi|Kashmiri|Konkani|Maithili,Pan-Indian,Edition-specific full text plus scans and structure,one work-version-edition-representation,complete work; all books/chapters/verses; front/back matter; edition metadata,P0,AGENT_DOWNLOAD_RIGHTS_REVIEW,CONDITIONAL,Item-level rights review,PARTIAL,GRETIL|Ambuda|Internet Archive|institutional catalogues,MIXED_OR_UNKNOWN,TARGET_ENUMERATED_NOT_RECONCILED,,
COR-0368,07 Bhakti and Vernacular,Gujarati Malayalam Nepali and other,Dayaram garbi corpus,CORE,Gujarati|Malayalam|Nepali|Newari|Sindhi|Kashmiri|Konkani|Maithili,Pan-Indian,Edition-specific full text plus scans and structure,one work-version-edition-representation,complete work; all books/chapters/verses; front/back matter; edition metadata,P0,AGENT_DOWNLOAD_RIGHTS_REVIEW,CONDITIONAL,Item-level rights review,PARTIAL,GRETIL|Ambuda|Internet Archive|institutional catalogues,MIXED_OR_UNKNOWN,TARGET_ENUMERATED_NOT_RECONCILED,,
COR-0369,07 Bhakti and Vernacular,Gujarati Malayalam Nepali and other,Gujarati Swaminarayan textual corpus,CORE,Gujarati|Malayalam|Nepali|Newari|Sindhi|Kashmiri|Konkani|Maithili,Pan-Indian,Edition-specific full text plus scans and structure,one work-version-edition-representation,complete work; all books/chapters/verses; front/back matter; edition metadata,P0,AGENT_DOWNLOAD_RIGHTS_REVIEW,CONDITIONAL,Item-level rights review,PARTIAL,GRETIL|Ambuda|Internet Archive|institutional catalogues,MIXED_OR_UNKNOWN,TARGET_ENUMERATED_NOT_RECONCILED,,
COR-0370,07 Bhakti and Vernacular,Gujarati Malayalam Nepali and other,Adhyatma Ramayanam Kilippattu,CORE,Gujarati|Malayalam|Nepali|Newari|Sindhi|Kashmiri|Konkani|Maithili,Pan-Indian,Edition-specific full text plus scans and structure,one work-version-edition-representation,complete work; all books/chapters/verses; front/back matter; edition metadata,P0,AGENT_DOWNLOAD_RIGHTS_REVIEW,CONDITIONAL,Item-level rights review,PARTIAL,GRETIL|Ambuda|Internet Archive|institutional catalogues,MIXED_OR_UNKNOWN,TARGET_ENUMERATED_NOT_RECONCILED,,
COR-0371,07 Bhakti and Vernacular,Gujarati Malayalam Nepali and other,Mahabharatam Kilippattu,CORE,Gujarati|Malayalam|Nepali|Newari|Sindhi|Kashmiri|Konkani|Maithili,Pan-Indian,Edition-specific full text plus scans and structure,one work-version-edition-representation,complete work; all books/chapters/verses; front/back matter; edition metadata,P0,AGENT_DOWNLOAD_RIGHTS_REVIEW,CONDITIONAL,Item-level rights review,PARTIAL,GRETIL|Ambuda|Internet Archive|institutional catalogues,MIXED_OR_UNKNOWN,TARGET_ENUMERATED_NOT_RECONCILED,,
COR-0372,07 Bhakti and Vernacular,Gujarati Malayalam Nepali and other,Narayaneeyam and commentaries,CORE,Gujarati|Malayalam|Nepali|Newari|Sindhi|Kashmiri|Konkani|Maithili,Pan-Indian,Edition-specific full text plus scans and structure,one work-version-edition-representation,complete work; all books/chapters/verses; front/back matter; edition metadata,P0,AGENT_DOWNLOAD_RIGHTS_REVIEW,CONDITIONAL,Item-level rights review,PARTIAL,GRETIL|Ambuda|Internet Archive|institutional catalogues,MIXED_OR_UNKNOWN,TARGET_ENUMERATED_NOT_RECONCILED,,
COR-0373,07 Bhakti and Vernacular,Gujarati Malayalam Nepali and other,Malayalam temple sopana and devotional corpus,CORE,Gujarati|Malayalam|Nepali|Newari|Sindhi|Kashmiri|Konkani|Maithili,Pan-Indian,Edition-specific full text plus scans and structure,one work-version-edition-representation,complete work; all books/chapters/verses; front/back matter; edition metadata,P0,AGENT_DOWNLOAD_RIGHTS_REVIEW,CONDITIONAL,Item-level rights review,PARTIAL,GRETIL|Ambuda|Internet Archive|institutional catalogues,MIXED_OR_UNKNOWN,TARGET_ENUMERATED_NOT_RECONCILED,,
COR-0374,07 Bhakti and Vernacular,Gujarati Malayalam Nepali and other,Bhanubhakta Ramayana,CORE,Gujarati|Malayalam|Nepali|Newari|Sindhi|Kashmiri|Konkani|Maithili,Pan-Indian,Edition-specific full text plus scans and structure,one work-version-edition-representation,complete work; all books/chapters/verses; front/back matter; edition metadata,P0,AGENT_DOWNLOAD_RIGHTS_REVIEW,CONDITIONAL,Item-level rights review,PARTIAL,GRETIL|Ambuda|Internet Archive|institutional catalogues,MIXED_OR_UNKNOWN,TARGET_ENUMERATED_NOT_RECONCILED,,
COR-0375,07 Bhakti and Vernacular,Gujarati Malayalam Nepali and other,Nepali bhajan and stotra corpus,CORE,Gujarati|Malayalam|Nepali|Newari|Sindhi|Kashmiri|Konkani|Maithili,Pan-Indian,Edition-specific full text plus scans and structure,one work-version-edition-representation,complete work; all books/chapters/verses; front/back matter; edition metadata,P0,AGENT_DOWNLOAD_RIGHTS_REVIEW,CONDITIONAL,Item-level rights review,PARTIAL,GRETIL|Ambuda|Internet Archive|institutional catalogues,MIXED_OR_UNKNOWN,TARGET_ENUMERATED_NOT_RECONCILED,,
COR-0376,07 Bhakti and Vernacular,Gujarati Malayalam Nepali and other,Newar Hindu ritual and narrative corpus,CORE,Gujarati|Malayalam|Nepali|Newari|Sindhi|Kashmiri|Konkani|Maithili,Pan-Indian,Edition-specific full text plus scans and structure,one work-version-edition-representation,complete work; all books/chapters/verses; front/back matter; edition metadata,P0,AGENT_DOWNLOAD_RIGHTS_REVIEW,CONDITIONAL,Item-level rights review,PARTIAL,GRETIL|Ambuda|Internet Archive|institutional catalogues,MIXED_OR_UNKNOWN,TARGET_ENUMERATED_NOT_RECONCILED,,
COR-0377,07 Bhakti and Vernacular,Gujarati Malayalam Nepali and other,Sindhi Hindu devotional corpus,CORE,Gujarati|Malayalam|Nepali|Newari|Sindhi|Kashmiri|Konkani|Maithili,Pan-Indian,Edition-specific full text plus scans and structure,one work-version-edition-representation,complete work; all books/chapters/verses; front/back matter; edition metadata,P0,AGENT_DOWNLOAD_RIGHTS_REVIEW,CONDITIONAL,Item-level rights review,PARTIAL,GRETIL|Ambuda|Internet Archive|institutional catalogues,MIXED_OR_UNKNOWN,TARGET_ENUMERATED_NOT_RECONCILED,,
COR-0378,07 Bhakti and Vernacular,Gujarati Malayalam Nepali and other,Kashmiri Shaiva and devotional vernacular corpus,CORE,Gujarati|Malayalam|Nepali|Newari|Sindhi|Kashmiri|Konkani|Maithili,Pan-Indian,Edition-specific full text plus scans and structure,one work-version-edition-representation,complete work; all books/chapters/verses; front/back matter; edition metadata,P0,AGENT_DOWNLOAD_RIGHTS_REVIEW,CONDITIONAL,Item-level rights review,PARTIAL,GRETIL|Ambuda|Internet Archive|institutional catalogues,MIXED_OR_UNKNOWN,TARGET_ENUMERATED_NOT_RECONCILED,,
COR-0379,07 Bhakti and Vernacular,Gujarati Malayalam Nepali and other,Konkani Hindu devotional and temple corpus,CORE,Gujarati|Malayalam|Nepali|Newari|Sindhi|Kashmiri|Konkani|Maithili,Pan-Indian,Edition-specific full text plus scans and structure,one work-version-edition-representation,complete work; all books/chapters/verses; front/back matter; edition metadata,P0,AGENT_DOWNLOAD_RIGHTS_REVIEW,CONDITIONAL,Item-level rights review,PARTIAL,GRETIL|Ambuda|Internet Archive|institutional catalogues,MIXED_OR_UNKNOWN,TARGET_ENUMERATED_NOT_RECONCILED,,
COR-0380,07 Bhakti and Vernacular,Gujarati Malayalam Nepali and other,Maithili Hindu devotional corpus,CORE,Gujarati|Malayalam|Nepali|Newari|Sindhi|Kashmiri|Konkani|Maithili,Pan-Indian,Edition-specific full text plus scans and structure,one work-version-edition-representation,complete work; all books/chapters/verses; front/back matter; edition metadata,P0,AGENT_DOWNLOAD_RIGHTS_REVIEW,CONDITIONAL,Item-level rights review,PARTIAL,GRETIL|Ambuda|Internet Archive|institutional catalogues,MIXED_OR_UNKNOWN,TARGET_ENUMERATED_NOT_RECONCILED,,
COR-0381,08 Narrative and Cultural,Classical story collections,Panchatantra — Tantrakhyayika recension,CORE,Sanskrit,Pan-Indian,Edition-specific full text plus scans and structure,each collection-recension-edition and every nested story as a child unit,complete collection; frame narratives; every embedded story; verse/prose; all endings; edition metadata,P0,AGENT_DOWNLOAD_RIGHTS_REVIEW,CONDITIONAL,Item-level rights review,PARTIAL,GRETIL|Ambuda|Internet Archive|institutional catalogues,MIXED_OR_UNKNOWN,TARGET_ENUMERATED_NOT_RECONCILED,,
COR-0382,08 Narrative and Cultural,Classical story collections,Panchatantra — Southern recension,CORE,Sanskrit,Pan-Indian,Edition-specific full text plus scans and structure,each collection-recension-edition and every nested story as a child unit,complete collection; frame narratives; every embedded story; verse/prose; all endings; edition metadata,P0,AGENT_DOWNLOAD_RIGHTS_REVIEW,CONDITIONAL,Item-level rights review,PARTIAL,GRETIL|Ambuda|Internet Archive|institutional catalogues,MIXED_OR_UNKNOWN,TARGET_ENUMERATED_NOT_RECONCILED,,
COR-0383,08 Narrative and Cultural,Classical story collections,Panchatantra — Nepalese recension,CORE,Sanskrit,Pan-Indian,Edition-specific full text plus scans and structure,each collection-recension-edition and every nested story as a child unit,complete collection; frame narratives; every embedded story; verse/prose; all endings; edition metadata,P0,AGENT_DOWNLOAD_RIGHTS_REVIEW,CONDITIONAL,Item-level rights review,PARTIAL,GRETIL|Ambuda|Internet Archive|institutional catalogues,MIXED_OR_UNKNOWN,TARGET_ENUMERATED_NOT_RECONCILED,,
COR-0384,08 Narrative and Cultural,Classical story collections,Panchatantra — Purnabhadra recension,CORE,Sanskrit,Pan-Indian,Edition-specific full text plus scans and structure,each collection-recension-edition and every nested story as a child unit,complete collection; frame narratives; every embedded story; verse/prose; all endings; edition metadata,P0,AGENT_DOWNLOAD_RIGHTS_REVIEW,CONDITIONAL,Item-level rights review,PARTIAL,GRETIL|Ambuda|Internet Archive|institutional catalogues,MIXED_OR_UNKNOWN,TARGET_ENUMERATED_NOT_RECONCILED,,
COR-0385,08 Narrative and Cultural,Classical story collections,Panchatantra — Hitopadesha and derivative Sanskrit recensions,CORE,Sanskrit,Pan-Indian,Edition-specific full text plus scans and structure,each collection-recension-edition and every nested story as a child unit,complete collection; frame narratives; every embedded story; verse/prose; all endings; edition metadata,P0,AGENT_DOWNLOAD_RIGHTS_REVIEW,CONDITIONAL,Item-level rights review,PARTIAL,GRETIL|Ambuda|Internet Archive|institutional catalogues,MIXED_OR_UNKNOWN,TARGET_ENUMERATED_NOT_RECONCILED,,
COR-0386,08 Narrative and Cultural,Classical story collections,Kalila wa Dimna and global transmission corpus,CORE,Sanskrit,Pan-Indian,Edition-specific full text plus scans and structure,each collection-recension-edition and every nested story as a child unit,complete collection; frame narratives; every embedded story; verse/prose; all endings; edition metadata,P0,AGENT_DOWNLOAD_RIGHTS_REVIEW,CONDITIONAL,Item-level rights review,PARTIAL,GRETIL|Ambuda|Internet Archive|institutional catalogues,MIXED_OR_UNKNOWN,TARGET_ENUMERATED_NOT_RECONCILED,,
COR-0387,08 Narrative and Cultural,Classical story collections,Hitopadesha,CORE,Sanskrit,Pan-Indian,Edition-specific full text plus scans and structure,each collection-recension-edition and every nested story as a child unit,complete collection; frame narratives; every embedded story; verse/prose; all endings; edition metadata,P0,AGENT_DOWNLOAD_RIGHTS_REVIEW,CONDITIONAL,Item-level rights review,PARTIAL,GRETIL|Ambuda|Internet Archive|institutional catalogues,MIXED_OR_UNKNOWN,TARGET_ENUMERATED_NOT_RECONCILED,,
COR-0388,08 Narrative and Cultural,Classical story collections,Kathasaritsagara,CORE,Sanskrit,Pan-Indian,Edition-specific full text plus scans and structure,each collection-recension-edition and every nested story as a child unit,complete collection; frame narratives; every embedded story; verse/prose; all endings; edition metadata,P0,AGENT_DOWNLOAD_RIGHTS_REVIEW,CONDITIONAL,Item-level rights review,PARTIAL,GRETIL|Ambuda|Internet Archive|institutional catalogues,MIXED_OR_UNKNOWN,TARGET_ENUMERATED_NOT_RECONCILED,,
COR-0389,08 Narrative and Cultural,Classical story collections,Brihatkathamanjari,CORE,Sanskrit,Pan-Indian,Edition-specific full text plus scans and structure,each collection-recension-edition and every nested story as a child unit,complete collection; frame narratives; every embedded story; verse/prose; all endings; edition metadata,P0,AGENT_DOWNLOAD_RIGHTS_REVIEW,CONDITIONAL,Item-level rights review,PARTIAL,GRETIL|Ambuda|Internet Archive|institutional catalogues,MIXED_OR_UNKNOWN,TARGET_ENUMERATED_NOT_RECONCILED,,
COR-0390,08 Narrative and Cultural,Classical story collections,Brihatkathashlokasamgraha,CORE,Sanskrit,Pan-Indian,Edition-specific full text plus scans and structure,each collection-recension-edition and every nested story as a child unit,complete collection; frame narratives; every embedded story; verse/prose; all endings; edition metadata,P0,AGENT_DOWNLOAD_RIGHTS_REVIEW,CONDITIONAL,Item-level rights review,PARTIAL,GRETIL|Ambuda|Internet Archive|institutional catalogues,MIXED_OR_UNKNOWN,TARGET_ENUMERATED_NOT_RECONCILED,,
COR-0391,08 Narrative and Cultural,Classical story collections,Vetala Panchavimshati recensions,CORE,Sanskrit,Pan-Indian,Edition-specific full text plus scans and structure,each collection-recension-edition and every nested story as a child unit,complete collection; frame narratives; every embedded story; verse/prose; all endings; edition metadata,P0,AGENT_DOWNLOAD_RIGHTS_REVIEW,CONDITIONAL,Item-level rights review,PARTIAL,GRETIL|Ambuda|Internet Archive|institutional catalogues,MIXED_OR_UNKNOWN,TARGET_ENUMERATED_NOT_RECONCILED,,
COR-0392,08 Narrative and Cultural,Classical story collections,Simhasana Dvatrimshika recensions,CORE,Sanskrit,Pan-Indian,Edition-specific full text plus scans and structure,each collection-recension-edition and every nested story as a child unit,complete collection; frame narratives; every embedded story; verse/prose; all endings; edition metadata,P0,AGENT_DOWNLOAD_RIGHTS_REVIEW,CONDITIONAL,Item-level rights review,PARTIAL,GRETIL|Ambuda|Internet Archive|institutional catalogues,MIXED_OR_UNKNOWN,TARGET_ENUMERATED_NOT_RECONCILED,,
COR-0393,08 Narrative and Cultural,Classical story collections,Shukasaptati recensions,CORE,Sanskrit,Pan-Indian,Edition-specific full text plus scans and structure,each collection-recension-edition and every nested story as a child unit,complete collection; frame narratives; every embedded story; verse/prose; all endings; edition metadata,P0,AGENT_DOWNLOAD_RIGHTS_REVIEW,CONDITIONAL,Item-level rights review,PARTIAL,GRETIL|Ambuda|Internet Archive|institutional catalogues,MIXED_OR_UNKNOWN,TARGET_ENUMERATED_NOT_RECONCILED,,
COR-0394,08 Narrative and Cultural,Classical story collections,Jataka and Avadana parallels contextual to Hindu narrative,CORE,Sanskrit,Pan-Indian,Edition-specific full text plus scans and structure,each collection-recension-edition and every nested story as a child unit,complete collection; frame narratives; every embedded story; verse/prose; all endings; edition metadata,P0,AGENT_DOWNLOAD_RIGHTS_REVIEW,CONDITIONAL,Item-level rights review,PARTIAL,GRETIL|Ambuda|Internet Archive|institutional catalogues,MIXED_OR_UNKNOWN,TARGET_ENUMERATED_NOT_RECONCILED,,
COR-0395,08 Narrative and Cultural,Classical story collections,Purana-derived standalone story anthologies,CORE,Sanskrit,Pan-Indian,Edition-specific full text plus scans and structure,each collection-recension-edition and every nested story as a child unit,complete collection; frame narratives; every embedded story; verse/prose; all endings; edition metadata,P0,AGENT_DOWNLOAD_RIGHTS_REVIEW,CONDITIONAL,Item-level rights review,PARTIAL,GRETIL|Ambuda|Internet Archive|institutional catalogues,MIXED_OR_UNKNOWN,TARGET_ENUMERATED_NOT_RECONCILED,,
COR-0396,08 Narrative and Cultural,Classical story collections,"Regional folk tale, deity legend and moral story collections",CORE,Sanskrit,Pan-Indian,Edition-specific full text plus scans and structure,each collection-recension-edition and every nested story as a child unit,complete collection; frame narratives; every embedded story; verse/prose; all endings; edition metadata,P0,AGENT_DOWNLOAD_RIGHTS_REVIEW,CONDITIONAL,Item-level rights review,PARTIAL,GRETIL|Ambuda|Internet Archive|institutional catalogues,MIXED_OR_UNKNOWN,TARGET_ENUMERATED_NOT_RECONCILED,,
COR-0397,08 Narrative and Cultural,Niti Subhashita and education,Chanakya Niti recensions,CORE,Sanskrit,Pan-Indian,Edition-specific full text plus scans and structure,one work-version-edition-representation,complete work; all books/chapters/verses; front/back matter; edition metadata,P1,AGENT_DOWNLOAD_RIGHTS_REVIEW,CONDITIONAL,Item-level rights review,PARTIAL,GRETIL|Ambuda|Internet Archive|institutional catalogues,MIXED_OR_UNKNOWN,TARGET_ENUMERATED_NOT_RECONCILED,,
COR-0398,08 Narrative and Cultural,Niti Subhashita and education,Bhartrihari Shatakatraya,CORE,Sanskrit,Pan-Indian,Edition-specific full text plus scans and structure,one work-version-edition-representation,complete work; all books/chapters/verses; front/back matter; edition metadata,P1,AGENT_DOWNLOAD_RIGHTS_REVIEW,CONDITIONAL,Item-level rights review,PARTIAL,GRETIL|Ambuda|Internet Archive|institutional catalogues,MIXED_OR_UNKNOWN,TARGET_ENUMERATED_NOT_RECONCILED,,
COR-0399,08 Narrative and Cultural,Niti Subhashita and education,Subhashitaratnabhandagara,CORE,Sanskrit,Pan-Indian,Edition-specific full text plus scans and structure,one work-version-edition-representation,complete work; all books/chapters/verses; front/back matter; edition metadata,P1,AGENT_DOWNLOAD_RIGHTS_REVIEW,CONDITIONAL,Item-level rights review,PARTIAL,GRETIL|Ambuda|Internet Archive|institutional catalogues,MIXED_OR_UNKNOWN,TARGET_ENUMERATED_NOT_RECONCILED,,
COR-0400,08 Narrative and Cultural,Niti Subhashita and education,Subhashitavali anthologies,CORE,Sanskrit,Pan-Indian,Edition-specific full text plus scans and structure,one work-version-edition-representation,complete work; all books/chapters/verses; front/back matter; edition metadata,P1,AGENT_DOWNLOAD_RIGHTS_REVIEW,CONDITIONAL,Item-level rights review,PARTIAL,GRETIL|Ambuda|Internet Archive|institutional catalogues,MIXED_OR_UNKNOWN,TARGET_ENUMERATED_NOT_RECONCILED,,
COR-0401,08 Narrative and Cultural,Niti Subhashita and education,Niti and didactic story schoolbook corpus,CORE,Sanskrit,Pan-Indian,Edition-specific full text plus scans and structure,one work-version-edition-representation,complete work; all books/chapters/verses; front/back matter; edition metadata,P1,AGENT_DOWNLOAD_RIGHTS_REVIEW,CONDITIONAL,Item-level rights review,PARTIAL,GRETIL|Ambuda|Internet Archive|institutional catalogues,MIXED_OR_UNKNOWN,TARGET_ENUMERATED_NOT_RECONCILED,,
COR-0402,08 Narrative and Cultural,Niti Subhashita and education,Children's illustrated retellings — rights-cleared corpus,CORE,Sanskrit,Pan-Indian,Edition-specific full text plus scans and structure,one work-version-edition-representation,complete work; all books/chapters/verses; front/back matter; edition metadata,P1,AGENT_DOWNLOAD_RIGHTS_REVIEW,CONDITIONAL,Item-level rights review,PARTIAL,GRETIL|Ambuda|Internet Archive|institutional catalogues,MIXED_OR_UNKNOWN,TARGET_ENUMERATED_NOT_RECONCILED,,
COR-0403,09 Deities and Sacred Beings,Entity dossiers,Brahma and Saraswati corpus,CORE,All relevant languages,All traditions and diaspora,"Complete source passages, names, forms, genealogies, myths, iconography and worship traditions",one deity/form/name/tradition/source-attested dossier,complete work; all books/chapters/verses; front/back matter; edition metadata,P0,AGENT_DOWNLOAD_RIGHTS_REVIEW,CONDITIONAL,Item-level rights review,PARTIAL,GRETIL|Ambuda|Internet Archive|institutional catalogues,MIXED_OR_UNKNOWN,ONTOLOGY_TARGET_NOT_FULLY_ENUMERATED,,
COR-0404,09 Deities and Sacred Beings,Entity dossiers,"Vishnu, Lakshmi and avatar corpus",CORE,All relevant languages,All traditions and diaspora,"Complete source passages, names, forms, genealogies, myths, iconography and worship traditions",one deity/form/name/tradition/source-attested dossier,complete work; all books/chapters/verses; front/back matter; edition metadata,P0,AGENT_DOWNLOAD_RIGHTS_REVIEW,CONDITIONAL,Item-level rights review,PARTIAL,GRETIL|Ambuda|Internet Archive|institutional catalogues,MIXED_OR_UNKNOWN,ONTOLOGY_TARGET_NOT_FULLY_ENUMERATED,,
COR-0405,09 Deities and Sacred Beings,Entity dossiers,"Shiva, Parvati and Shaiva family corpus",CORE,All relevant languages,All traditions and diaspora,"Complete source passages, names, forms, genealogies, myths, iconography and worship traditions",one deity/form/name/tradition/source-attested dossier,complete work; all books/chapters/verses; front/back matter; edition metadata,P0,AGENT_DOWNLOAD_RIGHTS_REVIEW,CONDITIONAL,Item-level rights review,PARTIAL,GRETIL|Ambuda|Internet Archive|institutional catalogues,MIXED_OR_UNKNOWN,ONTOLOGY_TARGET_NOT_FULLY_ENUMERATED,,
COR-0406,09 Deities and Sacred Beings,Entity dossiers,Devi/Durga/Kali/Mahavidya corpus,CORE,All relevant languages,All traditions and diaspora,"Complete source passages, names, forms, genealogies, myths, iconography and worship traditions",one deity/form/name/tradition/source-attested dossier,complete work; all books/chapters/verses; front/back matter; edition metadata,P0,AGENT_DOWNLOAD_RIGHTS_REVIEW,CONDITIONAL,Item-level rights review,PARTIAL,GRETIL|Ambuda|Internet Archive|institutional catalogues,MIXED_OR_UNKNOWN,ONTOLOGY_TARGET_NOT_FULLY_ENUMERATED,,
COR-0407,09 Deities and Sacred Beings,Entity dossiers,Ganesha corpus,CORE,All relevant languages,All traditions and diaspora,"Complete source passages, names, forms, genealogies, myths, iconography and worship traditions",one deity/form/name/tradition/source-attested dossier,complete work; all books/chapters/verses; front/back matter; edition metadata,P0,AGENT_DOWNLOAD_RIGHTS_REVIEW,CONDITIONAL,Item-level rights review,PARTIAL,GRETIL|Ambuda|Internet Archive|institutional catalogues,MIXED_OR_UNKNOWN,ONTOLOGY_TARGET_NOT_FULLY_ENUMERATED,,
COR-0408,09 Deities and Sacred Beings,Entity dossiers,Skanda/Murugan/Kartikeya corpus,CORE,All relevant languages,All traditions and diaspora,"Complete source passages, names, forms, genealogies, myths, iconography and worship traditions",one deity/form/name/tradition/source-attested dossier,complete work; all books/chapters/verses; front/back matter; edition metadata,P0,AGENT_DOWNLOAD_RIGHTS_REVIEW,CONDITIONAL,Item-level rights review,PARTIAL,GRETIL|Ambuda|Internet Archive|institutional catalogues,MIXED_OR_UNKNOWN,ONTOLOGY_TARGET_NOT_FULLY_ENUMERATED,,
COR-0409,09 Deities and Sacred Beings,Entity dossiers,Surya and solar deities corpus,CORE,All relevant languages,All traditions and diaspora,"Complete source passages, names, forms, genealogies, myths, iconography and worship traditions",one deity/form/name/tradition/source-attested dossier,complete work; all books/chapters/verses; front/back matter; edition metadata,P0,AGENT_DOWNLOAD_RIGHTS_REVIEW,CONDITIONAL,Item-level rights review,PARTIAL,GRETIL|Ambuda|Internet Archive|institutional catalogues,MIXED_OR_UNKNOWN,ONTOLOGY_TARGET_NOT_FULLY_ENUMERATED,,
COR-0410,09 Deities and Sacred Beings,Entity dossiers,Hanuman and vanara corpus,CORE,All relevant languages,All traditions and diaspora,"Complete source passages, names, forms, genealogies, myths, iconography and worship traditions",one deity/form/name/tradition/source-attested dossier,complete work; all books/chapters/verses; front/back matter; edition metadata,P0,AGENT_DOWNLOAD_RIGHTS_REVIEW,CONDITIONAL,Item-level rights review,PARTIAL,GRETIL|Ambuda|Internet Archive|institutional catalogues,MIXED_OR_UNKNOWN,ONTOLOGY_TARGET_NOT_FULLY_ENUMERATED,,
COR-0411,09 Deities and Sacred Beings,Entity dossiers,Krishna and Radha corpus,CORE,All relevant languages,All traditions and diaspora,"Complete source passages, names, forms, genealogies, myths, iconography and worship traditions",one deity/form/name/tradition/source-attested dossier,complete work; all books/chapters/verses; front/back matter; edition metadata,P0,AGENT_DOWNLOAD_RIGHTS_REVIEW,CONDITIONAL,Item-level rights review,PARTIAL,GRETIL|Ambuda|Internet Archive|institutional catalogues,MIXED_OR_UNKNOWN,ONTOLOGY_TARGET_NOT_FULLY_ENUMERATED,,
COR-0412,09 Deities and Sacred Beings,Entity dossiers,"Rama, Sita and Ramayana personae corpus",CORE,All relevant languages,All traditions and diaspora,"Complete source passages, names, forms, genealogies, myths, iconography and worship traditions",one deity/form/name/tradition/source-attested dossier,complete work; all books/chapters/verses; front/back matter; edition metadata,P0,AGENT_DOWNLOAD_RIGHTS_REVIEW,CONDITIONAL,Item-level rights review,PARTIAL,GRETIL|Ambuda|Internet Archive|institutional catalogues,MIXED_OR_UNKNOWN,ONTOLOGY_TARGET_NOT_FULLY_ENUMERATED,,
COR-0413,09 Deities and Sacred Beings,Entity dossiers,Vedic devas corpus,CORE,All relevant languages,All traditions and diaspora,"Complete source passages, names, forms, genealogies, myths, iconography and worship traditions",one deity/form/name/tradition/source-attested dossier,complete work; all books/chapters/verses; front/back matter; edition metadata,P0,AGENT_DOWNLOAD_RIGHTS_REVIEW,CONDITIONAL,Item-level rights review,PARTIAL,GRETIL|Ambuda|Internet Archive|institutional catalogues,MIXED_OR_UNKNOWN,ONTOLOGY_TARGET_NOT_FULLY_ENUMERATED,,
COR-0414,09 Deities and Sacred Beings,Entity dossiers,Navagraha corpus,CORE,All relevant languages,All traditions and diaspora,"Complete source passages, names, forms, genealogies, myths, iconography and worship traditions",one deity/form/name/tradition/source-attested dossier,complete work; all books/chapters/verses; front/back matter; edition metadata,P0,AGENT_DOWNLOAD_RIGHTS_REVIEW,CONDITIONAL,Item-level rights review,PARTIAL,GRETIL|Ambuda|Internet Archive|institutional catalogues,MIXED_OR_UNKNOWN,ONTOLOGY_TARGET_NOT_FULLY_ENUMERATED,,
COR-0415,09 Deities and Sacred Beings,Entity dossiers,"Lokapala, dikpala and guardian deity corpus",CORE,All relevant languages,All traditions and diaspora,"Complete source passages, names, forms, genealogies, myths, iconography and worship traditions",one deity/form/name/tradition/source-attested dossier,complete work; all books/chapters/verses; front/back matter; edition metadata,P0,AGENT_DOWNLOAD_RIGHTS_REVIEW,CONDITIONAL,Item-level rights review,PARTIAL,GRETIL|Ambuda|Internet Archive|institutional catalogues,MIXED_OR_UNKNOWN,ONTOLOGY_TARGET_NOT_FULLY_ENUMERATED,,
COR-0416,09 Deities and Sacred Beings,Entity dossiers,"Yaksha, naga, gandharva, apsara and semi-divine beings",CORE,All relevant languages,All traditions and diaspora,"Complete source passages, names, forms, genealogies, myths, iconography and worship traditions",one deity/form/name/tradition/source-attested dossier,complete work; all books/chapters/verses; front/back matter; edition metadata,P0,AGENT_DOWNLOAD_RIGHTS_REVIEW,CONDITIONAL,Item-level rights review,PARTIAL,GRETIL|Ambuda|Internet Archive|institutional catalogues,MIXED_OR_UNKNOWN,ONTOLOGY_TARGET_NOT_FULLY_ENUMERATED,,
COR-0417,09 Deities and Sacred Beings,Entity dossiers,"Asura, daitya, danava and antagonist corpus",CORE,All relevant languages,All traditions and diaspora,"Complete source passages, names, forms, genealogies, myths, iconography and worship traditions",one deity/form/name/tradition/source-attested dossier,complete work; all books/chapters/verses; front/back matter; edition metadata,P0,AGENT_DOWNLOAD_RIGHTS_REVIEW,CONDITIONAL,Item-level rights review,PARTIAL,GRETIL|Ambuda|Internet Archive|institutional catalogues,MIXED_OR_UNKNOWN,ONTOLOGY_TARGET_NOT_FULLY_ENUMERATED,,
COR-0418,09 Deities and Sacred Beings,Entity dossiers,"Rishi, muni, acharya and saint biographical corpus",CORE,All relevant languages,All traditions and diaspora,"Complete source passages, names, forms, genealogies, myths, iconography and worship traditions",one deity/form/name/tradition/source-attested dossier,complete work; all books/chapters/verses; front/back matter; edition metadata,P0,AGENT_DOWNLOAD_RIGHTS_REVIEW,CONDITIONAL,Item-level rights review,PARTIAL,GRETIL|Ambuda|Internet Archive|institutional catalogues,MIXED_OR_UNKNOWN,ONTOLOGY_TARGET_NOT_FULLY_ENUMERATED,,
COR-0419,09 Deities and Sacred Beings,Entity dossiers,"Gramadevata, kuladevata and regional deity corpus",CORE,All relevant languages,All traditions and diaspora,"Complete source passages, names, forms, genealogies, myths, iconography and worship traditions",one deity/form/name/tradition/source-attested dossier,complete work; all books/chapters/verses; front/back matter; edition metadata,P0,AGENT_DOWNLOAD_RIGHTS_REVIEW,CONDITIONAL,Item-level rights review,PARTIAL,GRETIL|Ambuda|Internet Archive|institutional catalogues,MIXED_OR_UNKNOWN,ONTOLOGY_TARGET_NOT_FULLY_ENUMERATED,,
COR-0420,09 Deities and Sacred Beings,Entity dossiers,Syncretic and transregional Hindu deity forms,CORE,All relevant languages,All traditions and diaspora,"Complete source passages, names, forms, genealogies, myths, iconography and worship traditions",one deity/form/name/tradition/source-attested dossier,complete work; all books/chapters/verses; front/back matter; edition metadata,P0,AGENT_DOWNLOAD_RIGHTS_REVIEW,CONDITIONAL,Item-level rights review,PARTIAL,GRETIL|Ambuda|Internet Archive|institutional catalogues,MIXED_OR_UNKNOWN,ONTOLOGY_TARGET_NOT_FULLY_ENUMERATED,,
COR-0421,10 Sacred Places and Temples,Canonical pilgrimage sets,Twelve Jyotirlingas — all textual/site traditions,CORE,Sanskrit,Pan-Indian,Edition-specific full text plus scans and structure,each site × historical layer × source × living practice,complete work; all books/chapters/verses; front/back matter; edition metadata,P0,AGENT_DOWNLOAD_RIGHTS_REVIEW,CONDITIONAL,Item-level rights review,PARTIAL,GRETIL|Ambuda|Internet Archive|institutional catalogues,MIXED_OR_UNKNOWN,TARGET_ENUMERATED_NOT_RECONCILED,,
COR-0422,10 Sacred Places and Temples,Canonical pilgrimage sets,Shakti Pitha lists and variant enumerations,CORE,Sanskrit,Pan-Indian,Edition-specific full text plus scans and structure,each site × historical layer × source × living practice,complete work; all books/chapters/verses; front/back matter; edition metadata,P0,AGENT_DOWNLOAD_RIGHTS_REVIEW,CONDITIONAL,Item-level rights review,PARTIAL,GRETIL|Ambuda|Internet Archive|institutional catalogues,MIXED_OR_UNKNOWN,TARGET_ENUMERATED_NOT_RECONCILED,,
COR-0423,10 Sacred Places and Temples,Canonical pilgrimage sets,108 Divya Desams,CORE,Sanskrit,Pan-Indian,Edition-specific full text plus scans and structure,each site × historical layer × source × living practice,complete work; all books/chapters/verses; front/back matter; edition metadata,P0,AGENT_DOWNLOAD_RIGHTS_REVIEW,CONDITIONAL,Item-level rights review,PARTIAL,GRETIL|Ambuda|Internet Archive|institutional catalogues,MIXED_OR_UNKNOWN,TARGET_ENUMERATED_NOT_RECONCILED,,
COR-0424,10 Sacred Places and Temples,Canonical pilgrimage sets,275 Paadal Petra Sthalams,CORE,Sanskrit,Pan-Indian,Edition-specific full text plus scans and structure,each site × historical layer × source × living practice,complete work; all books/chapters/verses; front/back matter; edition metadata,P0,AGENT_DOWNLOAD_RIGHTS_REVIEW,CONDITIONAL,Item-level rights review,PARTIAL,GRETIL|Ambuda|Internet Archive|institutional catalogues,MIXED_OR_UNKNOWN,TARGET_ENUMERATED_NOT_RECONCILED,,
COR-0425,10 Sacred Places and Temples,Canonical pilgrimage sets,Pancha Bhuta Sthalams,CORE,Sanskrit,Pan-Indian,Edition-specific full text plus scans and structure,each site × historical layer × source × living practice,complete work; all books/chapters/verses; front/back matter; edition metadata,P0,AGENT_DOWNLOAD_RIGHTS_REVIEW,CONDITIONAL,Item-level rights review,PARTIAL,GRETIL|Ambuda|Internet Archive|institutional catalogues,MIXED_OR_UNKNOWN,TARGET_ENUMERATED_NOT_RECONCILED,,
COR-0426,10 Sacred Places and Temples,Canonical pilgrimage sets,Sapta Puri,CORE,Sanskrit,Pan-Indian,Edition-specific full text plus scans and structure,each site × historical layer × source × living practice,complete work; all books/chapters/verses; front/back matter; edition metadata,P0,AGENT_DOWNLOAD_RIGHTS_REVIEW,CONDITIONAL,Item-level rights review,PARTIAL,GRETIL|Ambuda|Internet Archive|institutional catalogues,MIXED_OR_UNKNOWN,TARGET_ENUMERATED_NOT_RECONCILED,,
COR-0427,10 Sacred Places and Temples,Canonical pilgrimage sets,Char Dham and Chota Char Dham,CORE,Sanskrit,Pan-Indian,Edition-specific full text plus scans and structure,each site × historical layer × source × living practice,complete work; all books/chapters/verses; front/back matter; edition metadata,P0,AGENT_DOWNLOAD_RIGHTS_REVIEW,CONDITIONAL,Item-level rights review,PARTIAL,GRETIL|Ambuda|Internet Archive|institutional catalogues,MIXED_OR_UNKNOWN,TARGET_ENUMERATED_NOT_RECONCILED,,
COR-0428,10 Sacred Places and Temples,Canonical pilgrimage sets,Pancha Kedar,CORE,Sanskrit,Pan-Indian,Edition-specific full text plus scans and structure,each site × historical layer × source × living practice,complete work; all books/chapters/verses; front/back matter; edition metadata,P0,AGENT_DOWNLOAD_RIGHTS_REVIEW,CONDITIONAL,Item-level rights review,PARTIAL,GRETIL|Ambuda|Internet Archive|institutional catalogues,MIXED_OR_UNKNOWN,TARGET_ENUMERATED_NOT_RECONCILED,,
COR-0429,10 Sacred Places and Temples,Canonical pilgrimage sets,Pancha Badri,CORE,Sanskrit,Pan-Indian,Edition-specific full text plus scans and structure,each site × historical layer × source × living practice,complete work; all books/chapters/verses; front/back matter; edition metadata,P0,AGENT_DOWNLOAD_RIGHTS_REVIEW,CONDITIONAL,Item-level rights review,PARTIAL,GRETIL|Ambuda|Internet Archive|institutional catalogues,MIXED_OR_UNKNOWN,TARGET_ENUMERATED_NOT_RECONCILED,,
COR-0430,10 Sacred Places and Temples,Canonical pilgrimage sets,Pancha Prayag,CORE,Sanskrit,Pan-Indian,Edition-specific full text plus scans and structure,each site × historical layer × source × living practice,complete work; all books/chapters/verses; front/back matter; edition metadata,P0,AGENT_DOWNLOAD_RIGHTS_REVIEW,CONDITIONAL,Item-level rights review,PARTIAL,GRETIL|Ambuda|Internet Archive|institutional catalogues,MIXED_OR_UNKNOWN,TARGET_ENUMERATED_NOT_RECONCILED,,
COR-0431,10 Sacred Places and Temples,Canonical pilgrimage sets,Arupadai Veedu,CORE,Sanskrit,Pan-Indian,Edition-specific full text plus scans and structure,each site × historical layer × source × living practice,complete work; all books/chapters/verses; front/back matter; edition metadata,P0,AGENT_DOWNLOAD_RIGHTS_REVIEW,CONDITIONAL,Item-level rights review,PARTIAL,GRETIL|Ambuda|Internet Archive|institutional catalogues,MIXED_OR_UNKNOWN,TARGET_ENUMERATED_NOT_RECONCILED,,
COR-0432,10 Sacred Places and Temples,Canonical pilgrimage sets,Navagraha temple circuits,CORE,Sanskrit,Pan-Indian,Edition-specific full text plus scans and structure,each site × historical layer × source × living practice,complete work; all books/chapters/verses; front/back matter; edition metadata,P0,AGENT_DOWNLOAD_RIGHTS_REVIEW,CONDITIONAL,Item-level rights review,PARTIAL,GRETIL|Ambuda|Internet Archive|institutional catalogues,MIXED_OR_UNKNOWN,TARGET_ENUMERATED_NOT_RECONCILED,,
COR-0433,10 Sacred Places and Temples,Canonical pilgrimage sets,Ashta Vinayak,CORE,Sanskrit,Pan-Indian,Edition-specific full text plus scans and structure,each site × historical layer × source × living practice,complete work; all books/chapters/verses; front/back matter; edition metadata,P0,AGENT_DOWNLOAD_RIGHTS_REVIEW,CONDITIONAL,Item-level rights review,PARTIAL,GRETIL|Ambuda|Internet Archive|institutional catalogues,MIXED_OR_UNKNOWN,TARGET_ENUMERATED_NOT_RECONCILED,,
COR-0434,10 Sacred Places and Temples,Canonical pilgrimage sets,Dwadasha Aranya and regional sacred circuits,CORE,Sanskrit,Pan-Indian,Edition-specific full text plus scans and structure,each site × historical layer × source × living practice,complete work; all books/chapters/verses; front/back matter; edition metadata,P0,AGENT_DOWNLOAD_RIGHTS_REVIEW,CONDITIONAL,Item-level rights review,PARTIAL,GRETIL|Ambuda|Internet Archive|institutional catalogues,MIXED_OR_UNKNOWN,TARGET_ENUMERATED_NOT_RECONCILED,,
COR-0435,10 Sacred Places and Temples,Population-scale temple census,"Tamil Nadu HRCE 44,300+ temple information population",CORE,All regional languages,"India, South Asia, Southeast Asia and diaspora","Official record, history, sthala-purana, deities, architecture, rituals, festivals, media and coordinates",one temple/shrine/site and every attached source document,complete work; all books/chapters/verses; front/back matter; edition metadata,P0,USER_NEGOTIATE_INSTITUTION,NO,Secure bulk data/MOU from boards and trusts; crawl only where terms permit; fieldwork for missing sites,HIGHLY_UNEVEN,State endowment portals|temple trusts|ASI|local archives|field surveys,PERMISSION_REQUIRED_OR_SITE_SPECIFIC,POPULATION_NOT_FULLY_ENUMERATED,,No all-India authoritative census exists; famous-list completion is not population completion.
COR-0436,10 Sacred Places and Temples,Population-scale temple census,All non-HRCE Tamil Nadu temples and shrines,CORE,All regional languages,"India, South Asia, Southeast Asia and diaspora","Official record, history, sthala-purana, deities, architecture, rituals, festivals, media and coordinates",one temple/shrine/site and every attached source document,complete work; all books/chapters/verses; front/back matter; edition metadata,P0,USER_NEGOTIATE_INSTITUTION,NO,Secure bulk data/MOU from boards and trusts; crawl only where terms permit; fieldwork for missing sites,HIGHLY_UNEVEN,State endowment portals|temple trusts|ASI|local archives|field surveys,PERMISSION_REQUIRED_OR_SITE_SPECIFIC,POPULATION_NOT_FULLY_ENUMERATED,,No all-India authoritative census exists; famous-list completion is not population completion.
COR-0437,10 Sacred Places and Temples,Population-scale temple census,Kerala temples by Devaswom board and independent trust,CORE,All regional languages,"India, South Asia, Southeast Asia and diaspora","Official record, history, sthala-purana, deities, architecture, rituals, festivals, media and coordinates",one temple/shrine/site and every attached source document,complete work; all books/chapters/verses; front/back matter; edition metadata,P0,USER_NEGOTIATE_INSTITUTION,NO,Secure bulk data/MOU from boards and trusts; crawl only where terms permit; fieldwork for missing sites,HIGHLY_UNEVEN,State endowment portals|temple trusts|ASI|local archives|field surveys,PERMISSION_REQUIRED_OR_SITE_SPECIFIC,POPULATION_NOT_FULLY_ENUMERATED,,No all-India authoritative census exists; famous-list completion is not population completion.
COR-0438,10 Sacred Places and Temples,Population-scale temple census,Karnataka Muzrai and independent temples,CORE,All regional languages,"India, South Asia, Southeast Asia and diaspora","Official record, history, sthala-purana, deities, architecture, rituals, festivals, media and coordinates",one temple/shrine/site and every attached source document,complete work; all books/chapters/verses; front/back matter; edition metadata,P0,USER_NEGOTIATE_INSTITUTION,NO,Secure bulk data/MOU from boards and trusts; crawl only where terms permit; fieldwork for missing sites,HIGHLY_UNEVEN,State endowment portals|temple trusts|ASI|local archives|field surveys,PERMISSION_REQUIRED_OR_SITE_SPECIFIC,POPULATION_NOT_FULLY_ENUMERATED,,No all-India authoritative census exists; famous-list completion is not population completion.
COR-0439,10 Sacred Places and Temples,Population-scale temple census,Andhra Pradesh Endowments temples,CORE,All regional languages,"India, South Asia, Southeast Asia and diaspora","Official record, history, sthala-purana, deities, architecture, rituals, festivals, media and coordinates",one temple/shrine/site and every attached source document,complete work; all books/chapters/verses; front/back matter; edition metadata,P0,USER_NEGOTIATE_INSTITUTION,NO,Secure bulk data/MOU from boards and trusts; crawl only where terms permit; fieldwork for missing sites,HIGHLY_UNEVEN,State endowment portals|temple trusts|ASI|local archives|field surveys,PERMISSION_REQUIRED_OR_SITE_SPECIFIC,POPULATION_NOT_FULLY_ENUMERATED,,No all-India authoritative census exists; famous-list completion is not population completion.
COR-0440,10 Sacred Places and Temples,Population-scale temple census,Telangana Endowments temples,CORE,All regional languages,"India, South Asia, Southeast Asia and diaspora","Official record, history, sthala-purana, deities, architecture, rituals, festivals, media and coordinates",one temple/shrine/site and every attached source document,complete work; all books/chapters/verses; front/back matter; edition metadata,P0,USER_NEGOTIATE_INSTITUTION,NO,Secure bulk data/MOU from boards and trusts; crawl only where terms permit; fieldwork for missing sites,HIGHLY_UNEVEN,State endowment portals|temple trusts|ASI|local archives|field surveys,PERMISSION_REQUIRED_OR_SITE_SPECIFIC,POPULATION_NOT_FULLY_ENUMERATED,,No all-India authoritative census exists; famous-list completion is not population completion.
COR-0441,10 Sacred Places and Temples,Population-scale temple census,Odisha temples and mathas,CORE,All regional languages,"India, South Asia, Southeast Asia and diaspora","Official record, history, sthala-purana, deities, architecture, rituals, festivals, media and coordinates",one temple/shrine/site and every attached source document,complete work; all books/chapters/verses; front/back matter; edition metadata,P0,USER_NEGOTIATE_INSTITUTION,NO,Secure bulk data/MOU from boards and trusts; crawl only where terms permit; fieldwork for missing sites,HIGHLY_UNEVEN,State endowment portals|temple trusts|ASI|local archives|field surveys,PERMISSION_REQUIRED_OR_SITE_SPECIFIC,POPULATION_NOT_FULLY_ENUMERATED,,No all-India authoritative census exists; famous-list completion is not population completion.
COR-0442,10 Sacred Places and Temples,Population-scale temple census,West Bengal temples and Shakta/Vaishnava sites,CORE,All regional languages,"India, South Asia, Southeast Asia and diaspora","Official record, history, sthala-purana, deities, architecture, rituals, festivals, media and coordinates",one temple/shrine/site and every attached source document,complete work; all books/chapters/verses; front/back matter; edition metadata,P0,USER_NEGOTIATE_INSTITUTION,NO,Secure bulk data/MOU from boards and trusts; crawl only where terms permit; fieldwork for missing sites,HIGHLY_UNEVEN,State endowment portals|temple trusts|ASI|local archives|field surveys,PERMISSION_REQUIRED_OR_SITE_SPECIFIC,POPULATION_NOT_FULLY_ENUMERATED,,No all-India authoritative census exists; famous-list completion is not population completion.
COR-0443,10 Sacred Places and Temples,Population-scale temple census,Assam temples and sattras,CORE,All regional languages,"India, South Asia, Southeast Asia and diaspora","Official record, history, sthala-purana, deities, architecture, rituals, festivals, media and coordinates",one temple/shrine/site and every attached source document,complete work; all books/chapters/verses; front/back matter; edition metadata,P0,USER_NEGOTIATE_INSTITUTION,NO,Secure bulk data/MOU from boards and trusts; crawl only where terms permit; fieldwork for missing sites,HIGHLY_UNEVEN,State endowment portals|temple trusts|ASI|local archives|field surveys,PERMISSION_REQUIRED_OR_SITE_SPECIFIC,POPULATION_NOT_FULLY_ENUMERATED,,No all-India authoritative census exists; famous-list completion is not population completion.
COR-0444,10 Sacred Places and Temples,Population-scale temple census,Bihar and Jharkhand sacred sites,CORE,All regional languages,"India, South Asia, Southeast Asia and diaspora","Official record, history, sthala-purana, deities, architecture, rituals, festivals, media and coordinates",one temple/shrine/site and every attached source document,complete work; all books/chapters/verses; front/back matter; edition metadata,P0,USER_NEGOTIATE_INSTITUTION,NO,Secure bulk data/MOU from boards and trusts; crawl only where terms permit; fieldwork for missing sites,HIGHLY_UNEVEN,State endowment portals|temple trusts|ASI|local archives|field surveys,PERMISSION_REQUIRED_OR_SITE_SPECIFIC,POPULATION_NOT_FULLY_ENUMERATED,,No all-India authoritative census exists; famous-list completion is not population completion.
COR-0445,10 Sacred Places and Temples,Population-scale temple census,Uttar Pradesh temples and tirthas,CORE,All regional languages,"India, South Asia, Southeast Asia and diaspora","Official record, history, sthala-purana, deities, architecture, rituals, festivals, media and coordinates",one temple/shrine/site and every attached source document,complete work; all books/chapters/verses; front/back matter; edition metadata,P0,USER_NEGOTIATE_INSTITUTION,NO,Secure bulk data/MOU from boards and trusts; crawl only where terms permit; fieldwork for missing sites,HIGHLY_UNEVEN,State endowment portals|temple trusts|ASI|local archives|field surveys,PERMISSION_REQUIRED_OR_SITE_SPECIFIC,POPULATION_NOT_FULLY_ENUMERATED,,No all-India authoritative census exists; famous-list completion is not population completion.
COR-0446,10 Sacred Places and Temples,Population-scale temple census,Uttarakhand temples and Himalayan pilgrimage sites,CORE,All regional languages,"India, South Asia, Southeast Asia and diaspora","Official record, history, sthala-purana, deities, architecture, rituals, festivals, media and coordinates",one temple/shrine/site and every attached source document,complete work; all books/chapters/verses; front/back matter; edition metadata,P0,USER_NEGOTIATE_INSTITUTION,NO,Secure bulk data/MOU from boards and trusts; crawl only where terms permit; fieldwork for missing sites,HIGHLY_UNEVEN,State endowment portals|temple trusts|ASI|local archives|field surveys,PERMISSION_REQUIRED_OR_SITE_SPECIFIC,POPULATION_NOT_FULLY_ENUMERATED,,No all-India authoritative census exists; famous-list completion is not population completion.
COR-0447,10 Sacred Places and Temples,Population-scale temple census,Himachal Pradesh temples,CORE,All regional languages,"India, South Asia, Southeast Asia and diaspora","Official record, history, sthala-purana, deities, architecture, rituals, festivals, media and coordinates",one temple/shrine/site and every attached source document,complete work; all books/chapters/verses; front/back matter; edition metadata,P0,USER_NEGOTIATE_INSTITUTION,NO,Secure bulk data/MOU from boards and trusts; crawl only where terms permit; fieldwork for missing sites,HIGHLY_UNEVEN,State endowment portals|temple trusts|ASI|local archives|field surveys,PERMISSION_REQUIRED_OR_SITE_SPECIFIC,POPULATION_NOT_FULLY_ENUMERATED,,No all-India authoritative census exists; famous-list completion is not population completion.
COR-0448,10 Sacred Places and Temples,Population-scale temple census,Jammu Kashmir and Ladakh Hindu sacred sites,CORE,All regional languages,"India, South Asia, Southeast Asia and diaspora","Official record, history, sthala-purana, deities, architecture, rituals, festivals, media and coordinates",one temple/shrine/site and every attached source document,complete work; all books/chapters/verses; front/back matter; edition metadata,P0,USER_NEGOTIATE_INSTITUTION,NO,Secure bulk data/MOU from boards and trusts; crawl only where terms permit; fieldwork for missing sites,HIGHLY_UNEVEN,State endowment portals|temple trusts|ASI|local archives|field surveys,PERMISSION_REQUIRED_OR_SITE_SPECIFIC,POPULATION_NOT_FULLY_ENUMERATED,,No all-India authoritative census exists; famous-list completion is not population completion.
COR-0449,10 Sacred Places and Temples,Population-scale temple census,Punjab Haryana Chandigarh temples,CORE,All regional languages,"India, South Asia, Southeast Asia and diaspora","Official record, history, sthala-purana, deities, architecture, rituals, festivals, media and coordinates",one temple/shrine/site and every attached source document,complete work; all books/chapters/verses; front/back matter; edition metadata,P0,USER_NEGOTIATE_INSTITUTION,NO,Secure bulk data/MOU from boards and trusts; crawl only where terms permit; fieldwork for missing sites,HIGHLY_UNEVEN,State endowment portals|temple trusts|ASI|local archives|field surveys,PERMISSION_REQUIRED_OR_SITE_SPECIFIC,POPULATION_NOT_FULLY_ENUMERATED,,No all-India authoritative census exists; famous-list completion is not population completion.
COR-0450,10 Sacred Places and Temples,Population-scale temple census,Rajasthan Devasthan temples,CORE,All regional languages,"India, South Asia, Southeast Asia and diaspora","Official record, history, sthala-purana, deities, architecture, rituals, festivals, media and coordinates",one temple/shrine/site and every attached source document,complete work; all books/chapters/verses; front/back matter; edition metadata,P0,USER_NEGOTIATE_INSTITUTION,NO,Secure bulk data/MOU from boards and trusts; crawl only where terms permit; fieldwork for missing sites,HIGHLY_UNEVEN,State endowment portals|temple trusts|ASI|local archives|field surveys,PERMISSION_REQUIRED_OR_SITE_SPECIFIC,POPULATION_NOT_FULLY_ENUMERATED,,No all-India authoritative census exists; famous-list completion is not population completion.
COR-0451,10 Sacred Places and Temples,Population-scale temple census,Gujarat temples and tirthas,CORE,All regional languages,"India, South Asia, Southeast Asia and diaspora","Official record, history, sthala-purana, deities, architecture, rituals, festivals, media and coordinates",one temple/shrine/site and every attached source document,complete work; all books/chapters/verses; front/back matter; edition metadata,P0,USER_NEGOTIATE_INSTITUTION,NO,Secure bulk data/MOU from boards and trusts; crawl only where terms permit; fieldwork for missing sites,HIGHLY_UNEVEN,State endowment portals|temple trusts|ASI|local archives|field surveys,PERMISSION_REQUIRED_OR_SITE_SPECIFIC,POPULATION_NOT_FULLY_ENUMERATED,,No all-India authoritative census exists; famous-list completion is not population completion.
COR-0452,10 Sacred Places and Temples,Population-scale temple census,Madhya Pradesh Chhattisgarh temples,CORE,All regional languages,"India, South Asia, Southeast Asia and diaspora","Official record, history, sthala-purana, deities, architecture, rituals, festivals, media and coordinates",one temple/shrine/site and every attached source document,complete work; all books/chapters/verses; front/back matter; edition metadata,P0,USER_NEGOTIATE_INSTITUTION,NO,Secure bulk data/MOU from boards and trusts; crawl only where terms permit; fieldwork for missing sites,HIGHLY_UNEVEN,State endowment portals|temple trusts|ASI|local archives|field surveys,PERMISSION_REQUIRED_OR_SITE_SPECIFIC,POPULATION_NOT_FULLY_ENUMERATED,,No all-India authoritative census exists; famous-list completion is not population completion.
COR-0453,10 Sacred Places and Temples,Population-scale temple census,Maharashtra and Goa temples,CORE,All regional languages,"India, South Asia, Southeast Asia and diaspora","Official record, history, sthala-purana, deities, architecture, rituals, festivals, media and coordinates",one temple/shrine/site and every attached source document,complete work; all books/chapters/verses; front/back matter; edition metadata,P0,USER_NEGOTIATE_INSTITUTION,NO,Secure bulk data/MOU from boards and trusts; crawl only where terms permit; fieldwork for missing sites,HIGHLY_UNEVEN,State endowment portals|temple trusts|ASI|local archives|field surveys,PERMISSION_REQUIRED_OR_SITE_SPECIFIC,POPULATION_NOT_FULLY_ENUMERATED,,No all-India authoritative census exists; famous-list completion is not population completion.
COR-0454,10 Sacred Places and Temples,Population-scale temple census,Northeast regional Hindu temples,CORE,All regional languages,"India, South Asia, Southeast Asia and diaspora","Official record, history, sthala-purana, deities, architecture, rituals, festivals, media and coordinates",one temple/shrine/site and every attached source document,complete work; all books/chapters/verses; front/back matter; edition metadata,P0,USER_NEGOTIATE_INSTITUTION,NO,Secure bulk data/MOU from boards and trusts; crawl only where terms permit; fieldwork for missing sites,HIGHLY_UNEVEN,State endowment portals|temple trusts|ASI|local archives|field surveys,PERMISSION_REQUIRED_OR_SITE_SPECIFIC,POPULATION_NOT_FULLY_ENUMERATED,,No all-India authoritative census exists; famous-list completion is not population completion.
COR-0455,10 Sacred Places and Temples,Population-scale temple census,Nepal Hindu temples and tirthas,CORE,All regional languages,"India, South Asia, Southeast Asia and diaspora","Official record, history, sthala-purana, deities, architecture, rituals, festivals, media and coordinates",one temple/shrine/site and every attached source document,complete work; all books/chapters/verses; front/back matter; edition metadata,P0,USER_NEGOTIATE_INSTITUTION,NO,Secure bulk data/MOU from boards and trusts; crawl only where terms permit; fieldwork for missing sites,HIGHLY_UNEVEN,State endowment portals|temple trusts|ASI|local archives|field surveys,PERMISSION_REQUIRED_OR_SITE_SPECIFIC,POPULATION_NOT_FULLY_ENUMERATED,,No all-India authoritative census exists; famous-list completion is not population completion.
COR-0456,10 Sacred Places and Temples,Population-scale temple census,Sri Lanka Hindu temples,CORE,All regional languages,"India, South Asia, Southeast Asia and diaspora","Official record, history, sthala-purana, deities, architecture, rituals, festivals, media and coordinates",one temple/shrine/site and every attached source document,complete work; all books/chapters/verses; front/back matter; edition metadata,P0,USER_NEGOTIATE_INSTITUTION,NO,Secure bulk data/MOU from boards and trusts; crawl only where terms permit; fieldwork for missing sites,HIGHLY_UNEVEN,State endowment portals|temple trusts|ASI|local archives|field surveys,PERMISSION_REQUIRED_OR_SITE_SPECIFIC,POPULATION_NOT_FULLY_ENUMERATED,,No all-India authoritative census exists; famous-list completion is not population completion.
COR-0457,10 Sacred Places and Temples,Population-scale temple census,Bangladesh and Pakistan surviving Hindu sites,CORE,All regional languages,"India, South Asia, Southeast Asia and diaspora","Official record, history, sthala-purana, deities, architecture, rituals, festivals, media and coordinates",one temple/shrine/site and every attached source document,complete work; all books/chapters/verses; front/back matter; edition metadata,P0,USER_NEGOTIATE_INSTITUTION,NO,Secure bulk data/MOU from boards and trusts; crawl only where terms permit; fieldwork for missing sites,HIGHLY_UNEVEN,State endowment portals|temple trusts|ASI|local archives|field surveys,PERMISSION_REQUIRED_OR_SITE_SPECIFIC,POPULATION_NOT_FULLY_ENUMERATED,,No all-India authoritative census exists; famous-list completion is not population completion.
COR-0458,10 Sacred Places and Temples,Population-scale temple census,Southeast Asian Hindu temple heritage,CORE,All regional languages,"India, South Asia, Southeast Asia and diaspora","Official record, history, sthala-purana, deities, architecture, rituals, festivals, media and coordinates",one temple/shrine/site and every attached source document,complete work; all books/chapters/verses; front/back matter; edition metadata,P0,USER_NEGOTIATE_INSTITUTION,NO,Secure bulk data/MOU from boards and trusts; crawl only where terms permit; fieldwork for missing sites,HIGHLY_UNEVEN,State endowment portals|temple trusts|ASI|local archives|field surveys,PERMISSION_REQUIRED_OR_SITE_SPECIFIC,POPULATION_NOT_FULLY_ENUMERATED,,No all-India authoritative census exists; famous-list completion is not population completion.
COR-0459,10 Sacred Places and Temples,Population-scale temple census,Global diaspora mandirs and living communities,CORE,All regional languages,"India, South Asia, Southeast Asia and diaspora","Official record, history, sthala-purana, deities, architecture, rituals, festivals, media and coordinates",one temple/shrine/site and every attached source document,complete work; all books/chapters/verses; front/back matter; edition metadata,P0,USER_NEGOTIATE_INSTITUTION,NO,Secure bulk data/MOU from boards and trusts; crawl only where terms permit; fieldwork for missing sites,HIGHLY_UNEVEN,State endowment portals|temple trusts|ASI|local archives|field surveys,PERMISSION_REQUIRED_OR_SITE_SPECIFIC,POPULATION_NOT_FULLY_ENUMERATED,,No all-India authoritative census exists; famous-list completion is not population completion.
COR-0460,11 Ritual and Lived Practice,Domestic and lifecycle,Daily nitya-karma manuals by tradition,CORE,Sanskrit and all regional languages,Pan-Indian,Edition-specific full text plus scans and structure,one practice × tradition × region × occasion × source,complete work; all books/chapters/verses; front/back matter; edition metadata,P0,USER_NEGOTIATE_INSTITUTION,NO,Permissions from publishers/temples/lineages; document variants; commission missing procedures,PARTIAL,GRETIL|Ambuda|Internet Archive|institutional catalogues,MIXED_OR_UNKNOWN,POPULATION_NOT_FULLY_ENUMERATED,,
COR-0461,11 Ritual and Lived Practice,Domestic and lifecycle,Sandhyavandana by Vedic school,CORE,Sanskrit and all regional languages,Pan-Indian,Edition-specific full text plus scans and structure,one practice × tradition × region × occasion × source,complete work; all books/chapters/verses; front/back matter; edition metadata,P0,USER_NEGOTIATE_INSTITUTION,NO,Permissions from publishers/temples/lineages; document variants; commission missing procedures,PARTIAL,GRETIL|Ambuda|Internet Archive|institutional catalogues,MIXED_OR_UNKNOWN,POPULATION_NOT_FULLY_ENUMERATED,,
COR-0462,11 Ritual and Lived Practice,Domestic and lifecycle,Home puja manuals by deity/tradition,CORE,Sanskrit and all regional languages,Pan-Indian,Edition-specific full text plus scans and structure,one practice × tradition × region × occasion × source,complete work; all books/chapters/verses; front/back matter; edition metadata,P0,USER_NEGOTIATE_INSTITUTION,NO,Permissions from publishers/temples/lineages; document variants; commission missing procedures,PARTIAL,GRETIL|Ambuda|Internet Archive|institutional catalogues,MIXED_OR_UNKNOWN,POPULATION_NOT_FULLY_ENUMERATED,,
COR-0463,11 Ritual and Lived Practice,Domestic and lifecycle,Samskara manuals from conception through antyeshti,CORE,Sanskrit and all regional languages,Pan-Indian,Edition-specific full text plus scans and structure,one practice × tradition × region × occasion × source,complete work; all books/chapters/verses; front/back matter; edition metadata,P0,USER_NEGOTIATE_INSTITUTION,NO,Permissions from publishers/temples/lineages; document variants; commission missing procedures,PARTIAL,GRETIL|Ambuda|Internet Archive|institutional catalogues,MIXED_OR_UNKNOWN,POPULATION_NOT_FULLY_ENUMERATED,,
COR-0464,11 Ritual and Lived Practice,Domestic and lifecycle,Shraddha and ancestor rites by region/tradition,CORE,Sanskrit and all regional languages,Pan-Indian,Edition-specific full text plus scans and structure,one practice × tradition × region × occasion × source,complete work; all books/chapters/verses; front/back matter; edition metadata,P0,USER_NEGOTIATE_INSTITUTION,NO,Permissions from publishers/temples/lineages; document variants; commission missing procedures,PARTIAL,GRETIL|Ambuda|Internet Archive|institutional catalogues,MIXED_OR_UNKNOWN,POPULATION_NOT_FULLY_ENUMERATED,,
COR-0465,11 Ritual and Lived Practice,Domestic and lifecycle,Vrata manuals and vrata-katha corpus,CORE,Sanskrit and all regional languages,Pan-Indian,Edition-specific full text plus scans and structure,one practice × tradition × region × occasion × source,complete work; all books/chapters/verses; front/back matter; edition metadata,P0,USER_NEGOTIATE_INSTITUTION,NO,Permissions from publishers/temples/lineages; document variants; commission missing procedures,PARTIAL,GRETIL|Ambuda|Internet Archive|institutional catalogues,MIXED_OR_UNKNOWN,POPULATION_NOT_FULLY_ENUMERATED,,
COR-0466,11 Ritual and Lived Practice,Domestic and lifecycle,Fasting rules including Ekadashi traditions,CORE,Sanskrit and all regional languages,Pan-Indian,Edition-specific full text plus scans and structure,one practice × tradition × region × occasion × source,complete work; all books/chapters/verses; front/back matter; edition metadata,P0,USER_NEGOTIATE_INSTITUTION,NO,Permissions from publishers/temples/lineages; document variants; commission missing procedures,PARTIAL,GRETIL|Ambuda|Internet Archive|institutional catalogues,MIXED_OR_UNKNOWN,POPULATION_NOT_FULLY_ENUMERATED,,
COR-0467,11 Ritual and Lived Practice,Domestic and lifecycle,Household festival procedure corpus,CORE,Sanskrit and all regional languages,Pan-Indian,Edition-specific full text plus scans and structure,one practice × tradition × region × occasion × source,complete work; all books/chapters/verses; front/back matter; edition metadata,P0,USER_NEGOTIATE_INSTITUTION,NO,Permissions from publishers/temples/lineages; document variants; commission missing procedures,PARTIAL,GRETIL|Ambuda|Internet Archive|institutional catalogues,MIXED_OR_UNKNOWN,POPULATION_NOT_FULLY_ENUMERATED,,
COR-0468,11 Ritual and Lived Practice,Domestic and lifecycle,Pilgrimage procedure and sankalpa manuals,CORE,Sanskrit and all regional languages,Pan-Indian,Edition-specific full text plus scans and structure,one practice × tradition × region × occasion × source,complete work; all books/chapters/verses; front/back matter; edition metadata,P0,USER_NEGOTIATE_INSTITUTION,NO,Permissions from publishers/temples/lineages; document variants; commission missing procedures,PARTIAL,GRETIL|Ambuda|Internet Archive|institutional catalogues,MIXED_OR_UNKNOWN,POPULATION_NOT_FULLY_ENUMERATED,,
COR-0469,11 Ritual and Lived Practice,Domestic and lifecycle,Modern trusted how-to guidance from institutions,CORE,Sanskrit and all regional languages,Pan-Indian,Edition-specific full text plus scans and structure,one practice × tradition × region × occasion × source,complete work; all books/chapters/verses; front/back matter; edition metadata,P0,USER_NEGOTIATE_INSTITUTION,NO,Permissions from publishers/temples/lineages; document variants; commission missing procedures,PARTIAL,GRETIL|Ambuda|Internet Archive|institutional catalogues,MIXED_OR_UNKNOWN,POPULATION_NOT_FULLY_ENUMERATED,,
COR-0470,11 Ritual and Lived Practice,Temple and priestly,"Nitya, naimittika and kamya temple ritual manuals",CORE,Sanskrit,Pan-Indian,Edition-specific full text plus scans and structure,one work-version-edition-representation,complete work; all books/chapters/verses; front/back matter; edition metadata,P0,USER_COMMISSION_FIELDWORK,NO,"Fieldwork, informed consent, cultural protocol and institution-specific permissions",LOW,GRETIL|Ambuda|Internet Archive|institutional catalogues,CONSENT_AND_CULTURAL_PROTOCOL_REQUIRED,TARGET_ENUMERATED_NOT_RECONCILED,,
COR-0471,11 Ritual and Lived Practice,Temple and priestly,Consecration and renovation ritual corpus,CORE,Sanskrit,Pan-Indian,Edition-specific full text plus scans and structure,one work-version-edition-representation,complete work; all books/chapters/verses; front/back matter; edition metadata,P0,USER_COMMISSION_FIELDWORK,NO,"Fieldwork, informed consent, cultural protocol and institution-specific permissions",LOW,GRETIL|Ambuda|Internet Archive|institutional catalogues,CONSENT_AND_CULTURAL_PROTOCOL_REQUIRED,TARGET_ENUMERATED_NOT_RECONCILED,,
COR-0472,11 Ritual and Lived Practice,Temple and priestly,Utsava procedure manuals,CORE,Sanskrit,Pan-Indian,Edition-specific full text plus scans and structure,one work-version-edition-representation,complete work; all books/chapters/verses; front/back matter; edition metadata,P0,USER_COMMISSION_FIELDWORK,NO,"Fieldwork, informed consent, cultural protocol and institution-specific permissions",LOW,GRETIL|Ambuda|Internet Archive|institutional catalogues,CONSENT_AND_CULTURAL_PROTOCOL_REQUIRED,TARGET_ENUMERATED_NOT_RECONCILED,,
COR-0473,11 Ritual and Lived Practice,Temple and priestly,"Alankara, naivedya and music service traditions",CORE,Sanskrit,Pan-Indian,Edition-specific full text plus scans and structure,one work-version-edition-representation,complete work; all books/chapters/verses; front/back matter; edition metadata,P0,USER_COMMISSION_FIELDWORK,NO,"Fieldwork, informed consent, cultural protocol and institution-specific permissions",LOW,GRETIL|Ambuda|Internet Archive|institutional catalogues,CONSENT_AND_CULTURAL_PROTOCOL_REQUIRED,TARGET_ENUMERATED_NOT_RECONCILED,,
COR-0474,11 Ritual and Lived Practice,Temple and priestly,Temple kitchen and prasada traditions,CORE,Sanskrit,Pan-Indian,Edition-specific full text plus scans and structure,one work-version-edition-representation,complete work; all books/chapters/verses; front/back matter; edition metadata,P0,USER_COMMISSION_FIELDWORK,NO,"Fieldwork, informed consent, cultural protocol and institution-specific permissions",LOW,GRETIL|Ambuda|Internet Archive|institutional catalogues,CONSENT_AND_CULTURAL_PROTOCOL_REQUIRED,TARGET_ENUMERATED_NOT_RECONCILED,,
COR-0475,11 Ritual and Lived Practice,Temple and priestly,Priestly oral explanations and local procedure registers,CORE,Sanskrit,Pan-Indian,Edition-specific full text plus scans and structure,one work-version-edition-representation,complete work; all books/chapters/verses; front/back matter; edition metadata,P0,USER_COMMISSION_FIELDWORK,NO,"Fieldwork, informed consent, cultural protocol and institution-specific permissions",LOW,GRETIL|Ambuda|Internet Archive|institutional catalogues,CONSENT_AND_CULTURAL_PROTOCOL_REQUIRED,TARGET_ENUMERATED_NOT_RECONCILED,,
COR-0476,11 Ritual and Lived Practice,Temple and priestly,Women's domestic ritual and oral vrata traditions,CORE,Sanskrit,Pan-Indian,Edition-specific full text plus scans and structure,one work-version-edition-representation,complete work; all books/chapters/verses; front/back matter; edition metadata,P0,USER_COMMISSION_FIELDWORK,NO,"Fieldwork, informed consent, cultural protocol and institution-specific permissions",LOW,GRETIL|Ambuda|Internet Archive|institutional catalogues,CONSENT_AND_CULTURAL_PROTOCOL_REQUIRED,TARGET_ENUMERATED_NOT_RECONCILED,,
COR-0477,11 Ritual and Lived Practice,Temple and priestly,"Folk, tribal and regional Hindu ritual traditions",CORE,Sanskrit,Pan-Indian,Edition-specific full text plus scans and structure,one work-version-edition-representation,complete work; all books/chapters/verses; front/back matter; edition metadata,P0,USER_COMMISSION_FIELDWORK,NO,"Fieldwork, informed consent, cultural protocol and institution-specific permissions",LOW,GRETIL|Ambuda|Internet Archive|institutional catalogues,CONSENT_AND_CULTURAL_PROTOCOL_REQUIRED,TARGET_ENUMERATED_NOT_RECONCILED,,
COR-0478,12 Calendrics and Panchanga,Astronomical and regional calendars,Rashtriya Panchang annual editions and tables,CORE,Sanskrit,Pan-Indian,Edition-specific full text plus scans and structure,one calendrical rule/source/region/year plus computed daily record,complete work; all books/chapters/verses; front/back matter; edition metadata,P0,AGENT_DOWNLOAD_RIGHTS_REVIEW,CONDITIONAL,Download government/open tables; license publisher panchangas; derive only with auditable algorithms,PARTIAL,IMD Positional Astronomy Centre|traditional panchanga publishers|temples/matthas,MIXED_OR_UNKNOWN,TARGET_ENUMERATED_NOT_RECONCILED,https://mausam.imd.gov.in/responsive/rashtriyPanchang.php,
COR-0479,12 Calendrics and Panchanga,Astronomical and regional calendars,Surya Siddhanta and astronomical canon,CORE,Sanskrit,Pan-Indian,Edition-specific full text plus scans and structure,one calendrical rule/source/region/year plus computed daily record,complete work; all books/chapters/verses; front/back matter; edition metadata,P0,AGENT_DOWNLOAD_RIGHTS_REVIEW,CONDITIONAL,Download government/open tables; license publisher panchangas; derive only with auditable algorithms,PARTIAL,IMD Positional Astronomy Centre|traditional panchanga publishers|temples/matthas,MIXED_OR_UNKNOWN,TARGET_ENUMERATED_NOT_RECONCILED,https://mausam.imd.gov.in/responsive/rashtriyPanchang.php,
COR-0480,12 Calendrics and Panchanga,Astronomical and regional calendars,Drik and vakya panchanga calculation traditions,CORE,Sanskrit,Pan-Indian,Edition-specific full text plus scans and structure,one calendrical rule/source/region/year plus computed daily record,complete work; all books/chapters/verses; front/back matter; edition metadata,P0,AGENT_DOWNLOAD_RIGHTS_REVIEW,CONDITIONAL,Download government/open tables; license publisher panchangas; derive only with auditable algorithms,PARTIAL,IMD Positional Astronomy Centre|traditional panchanga publishers|temples/matthas,MIXED_OR_UNKNOWN,TARGET_ENUMERATED_NOT_RECONCILED,https://mausam.imd.gov.in/responsive/rashtriyPanchang.php,
COR-0481,12 Calendrics and Panchanga,Astronomical and regional calendars,Amanta and purnimanta lunar calendars,CORE,Sanskrit,Pan-Indian,Edition-specific full text plus scans and structure,one calendrical rule/source/region/year plus computed daily record,complete work; all books/chapters/verses; front/back matter; edition metadata,P0,AGENT_DOWNLOAD_RIGHTS_REVIEW,CONDITIONAL,Download government/open tables; license publisher panchangas; derive only with auditable algorithms,PARTIAL,IMD Positional Astronomy Centre|traditional panchanga publishers|temples/matthas,MIXED_OR_UNKNOWN,TARGET_ENUMERATED_NOT_RECONCILED,https://mausam.imd.gov.in/responsive/rashtriyPanchang.php,
COR-0482,12 Calendrics and Panchanga,Astronomical and regional calendars,"Solar calendars — Tamil, Malayalam, Bengali, Odia, Assamese and related",CORE,Sanskrit,Pan-Indian,Edition-specific full text plus scans and structure,one calendrical rule/source/region/year plus computed daily record,complete work; all books/chapters/verses; front/back matter; edition metadata,P0,AGENT_DOWNLOAD_RIGHTS_REVIEW,CONDITIONAL,Download government/open tables; license publisher panchangas; derive only with auditable algorithms,PARTIAL,IMD Positional Astronomy Centre|traditional panchanga publishers|temples/matthas,MIXED_OR_UNKNOWN,TARGET_ENUMERATED_NOT_RECONCILED,https://mausam.imd.gov.in/responsive/rashtriyPanchang.php,
COR-0483,12 Calendrics and Panchanga,Astronomical and regional calendars,Regional panchang annuals by state/language,CORE,Sanskrit,Pan-Indian,Edition-specific full text plus scans and structure,one calendrical rule/source/region/year plus computed daily record,complete work; all books/chapters/verses; front/back matter; edition metadata,P0,AGENT_DOWNLOAD_RIGHTS_REVIEW,CONDITIONAL,Download government/open tables; license publisher panchangas; derive only with auditable algorithms,PARTIAL,IMD Positional Astronomy Centre|traditional panchanga publishers|temples/matthas,MIXED_OR_UNKNOWN,TARGET_ENUMERATED_NOT_RECONCILED,https://mausam.imd.gov.in/responsive/rashtriyPanchang.php,
COR-0484,12 Calendrics and Panchanga,Astronomical and regional calendars,Temple-specific calendars,CORE,Sanskrit,Pan-Indian,Edition-specific full text plus scans and structure,one calendrical rule/source/region/year plus computed daily record,complete work; all books/chapters/verses; front/back matter; edition metadata,P0,AGENT_DOWNLOAD_RIGHTS_REVIEW,CONDITIONAL,Download government/open tables; license publisher panchangas; derive only with auditable algorithms,PARTIAL,IMD Positional Astronomy Centre|traditional panchanga publishers|temples/matthas,MIXED_OR_UNKNOWN,TARGET_ENUMERATED_NOT_RECONCILED,https://mausam.imd.gov.in/responsive/rashtriyPanchang.php,
COR-0485,12 Calendrics and Panchanga,Astronomical and regional calendars,Matha/sampradaya calendars,CORE,Sanskrit,Pan-Indian,Edition-specific full text plus scans and structure,one calendrical rule/source/region/year plus computed daily record,complete work; all books/chapters/verses; front/back matter; edition metadata,P0,AGENT_DOWNLOAD_RIGHTS_REVIEW,CONDITIONAL,Download government/open tables; license publisher panchangas; derive only with auditable algorithms,PARTIAL,IMD Positional Astronomy Centre|traditional panchanga publishers|temples/matthas,MIXED_OR_UNKNOWN,TARGET_ENUMERATED_NOT_RECONCILED,https://mausam.imd.gov.in/responsive/rashtriyPanchang.php,
COR-0486,12 Calendrics and Panchanga,Astronomical and regional calendars,Diaspora location-specific panchangas,CORE,Sanskrit,Pan-Indian,Edition-specific full text plus scans and structure,one calendrical rule/source/region/year plus computed daily record,complete work; all books/chapters/verses; front/back matter; edition metadata,P0,AGENT_DOWNLOAD_RIGHTS_REVIEW,CONDITIONAL,Download government/open tables; license publisher panchangas; derive only with auditable algorithms,PARTIAL,IMD Positional Astronomy Centre|traditional panchanga publishers|temples/matthas,MIXED_OR_UNKNOWN,TARGET_ENUMERATED_NOT_RECONCILED,https://mausam.imd.gov.in/responsive/rashtriyPanchang.php,
COR-0487,12 Calendrics and Panchanga,Astronomical and regional calendars,Festival date rule corpus including adhika/kshaya/intercalation and local observance rules,CORE,Sanskrit,Pan-Indian,Edition-specific full text plus scans and structure,one calendrical rule/source/region/year plus computed daily record,complete work; all books/chapters/verses; front/back matter; edition metadata,P0,AGENT_DOWNLOAD_RIGHTS_REVIEW,CONDITIONAL,Download government/open tables; license publisher panchangas; derive only with auditable algorithms,PARTIAL,IMD Positional Astronomy Centre|traditional panchanga publishers|temples/matthas,MIXED_OR_UNKNOWN,TARGET_ENUMERATED_NOT_RECONCILED,https://mausam.imd.gov.in/responsive/rashtriyPanchang.php,
COR-0488,13 Festivals and Observances,Festival dossiers,Pan-Indian major festival corpus,CORE,All regional languages,Every region and diaspora,Edition-specific full text plus scans and structure,one observance × place/tradition × year/rule × procedure/source,complete work; all books/chapters/verses; front/back matter; edition metadata,P0,USER_NEGOTIATE_INSTITUTION,NO,"Combine public sources with permissions from temples, committees and publishers",PARTIAL,GRETIL|Ambuda|Internet Archive|institutional catalogues,MIXED_OR_UNKNOWN,POPULATION_NOT_FULLY_ENUMERATED,,
COR-0489,13 Festivals and Observances,Festival dossiers,Regional and state festival corpus,CORE,All regional languages,Every region and diaspora,Edition-specific full text plus scans and structure,one observance × place/tradition × year/rule × procedure/source,complete work; all books/chapters/verses; front/back matter; edition metadata,P0,USER_NEGOTIATE_INSTITUTION,NO,"Combine public sources with permissions from temples, committees and publishers",PARTIAL,GRETIL|Ambuda|Internet Archive|institutional catalogues,MIXED_OR_UNKNOWN,POPULATION_NOT_FULLY_ENUMERATED,,
COR-0490,13 Festivals and Observances,Festival dossiers,Temple-specific festival corpus,CORE,All regional languages,Every region and diaspora,Edition-specific full text plus scans and structure,one observance × place/tradition × year/rule × procedure/source,complete work; all books/chapters/verses; front/back matter; edition metadata,P0,USER_NEGOTIATE_INSTITUTION,NO,"Combine public sources with permissions from temples, committees and publishers",PARTIAL,GRETIL|Ambuda|Internet Archive|institutional catalogues,MIXED_OR_UNKNOWN,POPULATION_NOT_FULLY_ENUMERATED,,
COR-0491,13 Festivals and Observances,Festival dossiers,Deity-specific jayanti and utsava corpus,CORE,All regional languages,Every region and diaspora,Edition-specific full text plus scans and structure,one observance × place/tradition × year/rule × procedure/source,complete work; all books/chapters/verses; front/back matter; edition metadata,P0,USER_NEGOTIATE_INSTITUTION,NO,"Combine public sources with permissions from temples, committees and publishers",PARTIAL,GRETIL|Ambuda|Internet Archive|institutional catalogues,MIXED_OR_UNKNOWN,POPULATION_NOT_FULLY_ENUMERATED,,
COR-0492,13 Festivals and Observances,Festival dossiers,Monthly tithi observance corpus,CORE,All regional languages,Every region and diaspora,Edition-specific full text plus scans and structure,one observance × place/tradition × year/rule × procedure/source,complete work; all books/chapters/verses; front/back matter; edition metadata,P0,USER_NEGOTIATE_INSTITUTION,NO,"Combine public sources with permissions from temples, committees and publishers",PARTIAL,GRETIL|Ambuda|Internet Archive|institutional catalogues,MIXED_OR_UNKNOWN,POPULATION_NOT_FULLY_ENUMERATED,,
COR-0493,13 Festivals and Observances,Festival dossiers,Weekly deity observance corpus,CORE,All regional languages,Every region and diaspora,Edition-specific full text plus scans and structure,one observance × place/tradition × year/rule × procedure/source,complete work; all books/chapters/verses; front/back matter; edition metadata,P0,USER_NEGOTIATE_INSTITUTION,NO,"Combine public sources with permissions from temples, committees and publishers",PARTIAL,GRETIL|Ambuda|Internet Archive|institutional catalogues,MIXED_OR_UNKNOWN,POPULATION_NOT_FULLY_ENUMERATED,,
COR-0494,13 Festivals and Observances,Festival dossiers,Ekadashi corpus by name and tradition,CORE,All regional languages,Every region and diaspora,Edition-specific full text plus scans and structure,one observance × place/tradition × year/rule × procedure/source,complete work; all books/chapters/verses; front/back matter; edition metadata,P0,USER_NEGOTIATE_INSTITUTION,NO,"Combine public sources with permissions from temples, committees and publishers",PARTIAL,GRETIL|Ambuda|Internet Archive|institutional catalogues,MIXED_OR_UNKNOWN,POPULATION_NOT_FULLY_ENUMERATED,,
COR-0495,13 Festivals and Observances,Festival dossiers,"Pradosha, Sankashti, Purnima and Amavasya observances",CORE,All regional languages,Every region and diaspora,Edition-specific full text plus scans and structure,one observance × place/tradition × year/rule × procedure/source,complete work; all books/chapters/verses; front/back matter; edition metadata,P0,USER_NEGOTIATE_INSTITUTION,NO,"Combine public sources with permissions from temples, committees and publishers",PARTIAL,GRETIL|Ambuda|Internet Archive|institutional catalogues,MIXED_OR_UNKNOWN,POPULATION_NOT_FULLY_ENUMERATED,,
COR-0496,13 Festivals and Observances,Festival dossiers,Navaratri regional traditions,CORE,All regional languages,Every region and diaspora,Edition-specific full text plus scans and structure,one observance × place/tradition × year/rule × procedure/source,complete work; all books/chapters/verses; front/back matter; edition metadata,P0,USER_NEGOTIATE_INSTITUTION,NO,"Combine public sources with permissions from temples, committees and publishers",PARTIAL,GRETIL|Ambuda|Internet Archive|institutional catalogues,MIXED_OR_UNKNOWN,POPULATION_NOT_FULLY_ENUMERATED,,
COR-0497,13 Festivals and Observances,Festival dossiers,Durga Puja complete ritual and cultural corpus,CORE,All regional languages,Every region and diaspora,Edition-specific full text plus scans and structure,one observance × place/tradition × year/rule × procedure/source,complete work; all books/chapters/verses; front/back matter; edition metadata,P0,USER_NEGOTIATE_INSTITUTION,NO,"Combine public sources with permissions from temples, committees and publishers",PARTIAL,GRETIL|Ambuda|Internet Archive|institutional catalogues,MIXED_OR_UNKNOWN,POPULATION_NOT_FULLY_ENUMERATED,,
COR-0498,13 Festivals and Observances,Festival dossiers,Onam and Kerala temple-festival corpus,CORE,All regional languages,Every region and diaspora,Edition-specific full text plus scans and structure,one observance × place/tradition × year/rule × procedure/source,complete work; all books/chapters/verses; front/back matter; edition metadata,P0,USER_NEGOTIATE_INSTITUTION,NO,"Combine public sources with permissions from temples, committees and publishers",PARTIAL,GRETIL|Ambuda|Internet Archive|institutional catalogues,MIXED_OR_UNKNOWN,POPULATION_NOT_FULLY_ENUMERATED,,
COR-0499,13 Festivals and Observances,Festival dossiers,Pongal/Makar Sankranti regional traditions,CORE,All regional languages,Every region and diaspora,Edition-specific full text plus scans and structure,one observance × place/tradition × year/rule × procedure/source,complete work; all books/chapters/verses; front/back matter; edition metadata,P0,USER_NEGOTIATE_INSTITUTION,NO,"Combine public sources with permissions from temples, committees and publishers",PARTIAL,GRETIL|Ambuda|Internet Archive|institutional catalogues,MIXED_OR_UNKNOWN,POPULATION_NOT_FULLY_ENUMERATED,,
COR-0500,13 Festivals and Observances,Festival dossiers,Ratha Yatra traditions,CORE,All regional languages,Every region and diaspora,Edition-specific full text plus scans and structure,one observance × place/tradition × year/rule × procedure/source,complete work; all books/chapters/verses; front/back matter; edition metadata,P0,USER_NEGOTIATE_INSTITUTION,NO,"Combine public sources with permissions from temples, committees and publishers",PARTIAL,GRETIL|Ambuda|Internet Archive|institutional catalogues,MIXED_OR_UNKNOWN,POPULATION_NOT_FULLY_ENUMERATED,,
COR-0501,13 Festivals and Observances,Festival dossiers,Kumbha Mela and pilgrimage-event corpus,CORE,All regional languages,Every region and diaspora,Edition-specific full text plus scans and structure,one observance × place/tradition × year/rule × procedure/source,complete work; all books/chapters/verses; front/back matter; edition metadata,P0,USER_NEGOTIATE_INSTITUTION,NO,"Combine public sources with permissions from temples, committees and publishers",PARTIAL,GRETIL|Ambuda|Internet Archive|institutional catalogues,MIXED_OR_UNKNOWN,POPULATION_NOT_FULLY_ENUMERATED,,
COR-0502,13 Festivals and Observances,Festival dossiers,Modern and diaspora festival adaptations,CORE,All regional languages,Every region and diaspora,Edition-specific full text plus scans and structure,one observance × place/tradition × year/rule × procedure/source,complete work; all books/chapters/verses; front/back matter; edition metadata,P0,USER_NEGOTIATE_INSTITUTION,NO,"Combine public sources with permissions from temples, committees and publishers",PARTIAL,GRETIL|Ambuda|Internet Archive|institutional catalogues,MIXED_OR_UNKNOWN,POPULATION_NOT_FULLY_ENUMERATED,,
COR-0503,14 Material Visual and Epigraphic,Art and objects,Murti/iconography image corpus by deity/form/period/region,CORE,Sanskrit,Pan-Indian,"High-resolution media, rights, object metadata, iconographic description and source",one object/image/view/rights package,complete work; all books/chapters/verses; front/back matter; edition metadata,P1,USER_NEGOTIATE_INSTITUTION,NO,Museum/archive licences or open-access download; commission photography where permitted,PARTIAL,GRETIL|Ambuda|Internet Archive|institutional catalogues,IMAGE_RIGHTS_ITEM_SPECIFIC,TARGET_ENUMERATED_NOT_RECONCILED,,
COR-0504,14 Material Visual and Epigraphic,Art and objects,"Temple architecture image, plan and 3D corpus",CORE,Sanskrit,Pan-Indian,"High-resolution media, rights, object metadata, iconographic description and source",one object/image/view/rights package,complete work; all books/chapters/verses; front/back matter; edition metadata,P1,USER_NEGOTIATE_INSTITUTION,NO,Museum/archive licences or open-access download; commission photography where permitted,PARTIAL,GRETIL|Ambuda|Internet Archive|institutional catalogues,IMAGE_RIGHTS_ITEM_SPECIFIC,TARGET_ENUMERATED_NOT_RECONCILED,,
COR-0505,14 Material Visual and Epigraphic,Art and objects,Manuscript illustration corpus,CORE,Sanskrit,Pan-Indian,"High-resolution media, rights, object metadata, iconographic description and source",one object/image/view/rights package,complete work; all books/chapters/verses; front/back matter; edition metadata,P1,USER_NEGOTIATE_INSTITUTION,NO,Museum/archive licences or open-access download; commission photography where permitted,PARTIAL,GRETIL|Ambuda|Internet Archive|institutional catalogues,IMAGE_RIGHTS_ITEM_SPECIFIC,TARGET_ENUMERATED_NOT_RECONCILED,,
COR-0506,14 Material Visual and Epigraphic,Art and objects,Painting traditions and devotional art,CORE,Sanskrit,Pan-Indian,"High-resolution media, rights, object metadata, iconographic description and source",one object/image/view/rights package,complete work; all books/chapters/verses; front/back matter; edition metadata,P1,USER_NEGOTIATE_INSTITUTION,NO,Museum/archive licences or open-access download; commission photography where permitted,PARTIAL,GRETIL|Ambuda|Internet Archive|institutional catalogues,IMAGE_RIGHTS_ITEM_SPECIFIC,TARGET_ENUMERATED_NOT_RECONCILED,,
COR-0507,14 Material Visual and Epigraphic,Art and objects,Sculpture and museum-object corpus,CORE,Sanskrit,Pan-Indian,"High-resolution media, rights, object metadata, iconographic description and source",one object/image/view/rights package,complete work; all books/chapters/verses; front/back matter; edition metadata,P1,USER_NEGOTIATE_INSTITUTION,NO,Museum/archive licences or open-access download; commission photography where permitted,PARTIAL,GRETIL|Ambuda|Internet Archive|institutional catalogues,IMAGE_RIGHTS_ITEM_SPECIFIC,TARGET_ENUMERATED_NOT_RECONCILED,,
COR-0508,14 Material Visual and Epigraphic,Art and objects,Yantra and mandala corpus,CORE,Sanskrit,Pan-Indian,"High-resolution media, rights, object metadata, iconographic description and source",one object/image/view/rights package,complete work; all books/chapters/verses; front/back matter; edition metadata,P1,USER_NEGOTIATE_INSTITUTION,NO,Museum/archive licences or open-access download; commission photography where permitted,PARTIAL,GRETIL|Ambuda|Internet Archive|institutional catalogues,IMAGE_RIGHTS_ITEM_SPECIFIC,TARGET_ENUMERATED_NOT_RECONCILED,,
COR-0509,14 Material Visual and Epigraphic,Art and objects,"Ritual objects, textiles, jewellery and alankara corpus",CORE,Sanskrit,Pan-Indian,"High-resolution media, rights, object metadata, iconographic description and source",one object/image/view/rights package,complete work; all books/chapters/verses; front/back matter; edition metadata,P1,USER_NEGOTIATE_INSTITUTION,NO,Museum/archive licences or open-access download; commission photography where permitted,PARTIAL,GRETIL|Ambuda|Internet Archive|institutional catalogues,IMAGE_RIGHTS_ITEM_SPECIFIC,TARGET_ENUMERATED_NOT_RECONCILED,,
COR-0510,14 Material Visual and Epigraphic,Art and objects,"Calendar art, print culture and modern devotional visual corpus",CORE,Sanskrit,Pan-Indian,"High-resolution media, rights, object metadata, iconographic description and source",one object/image/view/rights package,complete work; all books/chapters/verses; front/back matter; edition metadata,P1,USER_NEGOTIATE_INSTITUTION,NO,Museum/archive licences or open-access download; commission photography where permitted,PARTIAL,GRETIL|Ambuda|Internet Archive|institutional catalogues,IMAGE_RIGHTS_ITEM_SPECIFIC,TARGET_ENUMERATED_NOT_RECONCILED,,
COR-0511,14 Material Visual and Epigraphic,Art and objects,"Coins, seals and archaeological objects with Hindu themes",CORE,Sanskrit,Pan-Indian,"High-resolution media, rights, object metadata, iconographic description and source",one object/image/view/rights package,complete work; all books/chapters/verses; front/back matter; edition metadata,P1,USER_NEGOTIATE_INSTITUTION,NO,Museum/archive licences or open-access download; commission photography where permitted,PARTIAL,GRETIL|Ambuda|Internet Archive|institutional catalogues,IMAGE_RIGHTS_ITEM_SPECIFIC,TARGET_ENUMERATED_NOT_RECONCILED,,
COR-0512,14 Material Visual and Epigraphic,Epigraphy,BharatSHRI national inscription repository,CORE,Sanskrit,Pan-Indian,"Image/estampage, diplomatic transcription, normalized text, translation and bibliography",one inscription and every representation,complete work; all books/chapters/verses; front/back matter; edition metadata,P0,AGENT_DOWNLOAD_RIGHTS_REVIEW,CONDITIONAL,Item-level rights review,PARTIAL,ASI BharatSHRI|state archaeology|museums|publications,MIXED_OR_UNKNOWN,TARGET_ENUMERATED_NOT_RECONCILED,https://www.bharatshri.org/index.aspx,
COR-0513,14 Material Visual and Epigraphic,Epigraphy,Corpus Inscriptionum Indicarum complete series,CORE,Sanskrit,Pan-Indian,"Image/estampage, diplomatic transcription, normalized text, translation and bibliography",one inscription and every representation,complete work; all books/chapters/verses; front/back matter; edition metadata,P0,AGENT_DOWNLOAD_RIGHTS_REVIEW,CONDITIONAL,Item-level rights review,PARTIAL,ASI BharatSHRI|state archaeology|museums|publications,MIXED_OR_UNKNOWN,TARGET_ENUMERATED_NOT_RECONCILED,https://www.bharatshri.org/index.aspx,
COR-0514,14 Material Visual and Epigraphic,Epigraphy,South Indian Inscriptions complete series,CORE,Sanskrit,Pan-Indian,"Image/estampage, diplomatic transcription, normalized text, translation and bibliography",one inscription and every representation,complete work; all books/chapters/verses; front/back matter; edition metadata,P0,AGENT_DOWNLOAD_RIGHTS_REVIEW,CONDITIONAL,Item-level rights review,PARTIAL,ASI BharatSHRI|state archaeology|museums|publications,MIXED_OR_UNKNOWN,TARGET_ENUMERATED_NOT_RECONCILED,https://www.bharatshri.org/index.aspx,
COR-0515,14 Material Visual and Epigraphic,Epigraphy,Epigraphia Indica complete series,CORE,Sanskrit,Pan-Indian,"Image/estampage, diplomatic transcription, normalized text, translation and bibliography",one inscription and every representation,complete work; all books/chapters/verses; front/back matter; edition metadata,P0,AGENT_DOWNLOAD_RIGHTS_REVIEW,CONDITIONAL,Item-level rights review,PARTIAL,ASI BharatSHRI|state archaeology|museums|publications,MIXED_OR_UNKNOWN,TARGET_ENUMERATED_NOT_RECONCILED,https://www.bharatshri.org/index.aspx,
COR-0516,14 Material Visual and Epigraphic,Epigraphy,Annual Reports on Indian Epigraphy,CORE,Sanskrit,Pan-Indian,"Image/estampage, diplomatic transcription, normalized text, translation and bibliography",one inscription and every representation,complete work; all books/chapters/verses; front/back matter; edition metadata,P0,AGENT_DOWNLOAD_RIGHTS_REVIEW,CONDITIONAL,Item-level rights review,PARTIAL,ASI BharatSHRI|state archaeology|museums|publications,MIXED_OR_UNKNOWN,TARGET_ENUMERATED_NOT_RECONCILED,https://www.bharatshri.org/index.aspx,
COR-0517,14 Material Visual and Epigraphic,Epigraphy,State epigraphy series and estampage collections,CORE,Sanskrit,Pan-Indian,"Image/estampage, diplomatic transcription, normalized text, translation and bibliography",one inscription and every representation,complete work; all books/chapters/verses; front/back matter; edition metadata,P0,AGENT_DOWNLOAD_RIGHTS_REVIEW,CONDITIONAL,Item-level rights review,PARTIAL,ASI BharatSHRI|state archaeology|museums|publications,MIXED_OR_UNKNOWN,TARGET_ENUMERATED_NOT_RECONCILED,https://www.bharatshri.org/index.aspx,
COR-0518,14 Material Visual and Epigraphic,Epigraphy,"Temple donation, ritual and festival inscription corpus",CORE,Sanskrit,Pan-Indian,"Image/estampage, diplomatic transcription, normalized text, translation and bibliography",one inscription and every representation,complete work; all books/chapters/verses; front/back matter; edition metadata,P0,AGENT_DOWNLOAD_RIGHTS_REVIEW,CONDITIONAL,Item-level rights review,PARTIAL,ASI BharatSHRI|state archaeology|museums|publications,MIXED_OR_UNKNOWN,TARGET_ENUMERATED_NOT_RECONCILED,https://www.bharatshri.org/index.aspx,
COR-0519,15 Oral Music and Performance,Performance corpora,Harikatha and Kathakalakshepam recordings/scripts,CORE,All relevant languages,All regions and diaspora,"Master audio/video, transcript, translation, performer/lineage, event, consent and rights",one complete performance/recital/script/version,complete work; all books/chapters/verses; front/back matter; edition metadata,P0,USER_COMMISSION_FIELDWORK,NO,License archives and commission consented field recordings; preserve restricted community access where required,LOW_PARTIAL,Sangeet Natak Akademi|IGNCA|AIIS|Doordarshan/All India Radio|performers,PERFORMER_ARCHIVE_AND_TRADITIONAL_KNOWLEDGE_PERMISSIONS,TARGET_ENUMERATED_NOT_RECONCILED,,
COR-0520,15 Oral Music and Performance,Performance corpora,Kirtan traditions by region and sampradaya,CORE,All relevant languages,All regions and diaspora,"Master audio/video, transcript, translation, performer/lineage, event, consent and rights",one complete performance/recital/script/version,complete work; all books/chapters/verses; front/back matter; edition metadata,P0,USER_COMMISSION_FIELDWORK,NO,License archives and commission consented field recordings; preserve restricted community access where required,LOW_PARTIAL,Sangeet Natak Akademi|IGNCA|AIIS|Doordarshan/All India Radio|performers,PERFORMER_ARCHIVE_AND_TRADITIONAL_KNOWLEDGE_PERMISSIONS,TARGET_ENUMERATED_NOT_RECONCILED,,
COR-0521,15 Oral Music and Performance,Performance corpora,Bhajan and samaj-gayan traditions,CORE,All relevant languages,All regions and diaspora,"Master audio/video, transcript, translation, performer/lineage, event, consent and rights",one complete performance/recital/script/version,complete work; all books/chapters/verses; front/back matter; edition metadata,P0,USER_COMMISSION_FIELDWORK,NO,License archives and commission consented field recordings; preserve restricted community access where required,LOW_PARTIAL,Sangeet Natak Akademi|IGNCA|AIIS|Doordarshan/All India Radio|performers,PERFORMER_ARCHIVE_AND_TRADITIONAL_KNOWLEDGE_PERMISSIONS,TARGET_ENUMERATED_NOT_RECONCILED,,
COR-0522,15 Oral Music and Performance,Performance corpora,Ramlila scripts and performances,CORE,All relevant languages,All regions and diaspora,"Master audio/video, transcript, translation, performer/lineage, event, consent and rights",one complete performance/recital/script/version,complete work; all books/chapters/verses; front/back matter; edition metadata,P0,USER_COMMISSION_FIELDWORK,NO,License archives and commission consented field recordings; preserve restricted community access where required,LOW_PARTIAL,Sangeet Natak Akademi|IGNCA|AIIS|Doordarshan/All India Radio|performers,PERFORMER_ARCHIVE_AND_TRADITIONAL_KNOWLEDGE_PERMISSIONS,TARGET_ENUMERATED_NOT_RECONCILED,,
COR-0523,15 Oral Music and Performance,Performance corpora,Raslila scripts and performances,CORE,All relevant languages,All regions and diaspora,"Master audio/video, transcript, translation, performer/lineage, event, consent and rights",one complete performance/recital/script/version,complete work; all books/chapters/verses; front/back matter; edition metadata,P0,USER_COMMISSION_FIELDWORK,NO,License archives and commission consented field recordings; preserve restricted community access where required,LOW_PARTIAL,Sangeet Natak Akademi|IGNCA|AIIS|Doordarshan/All India Radio|performers,PERFORMER_ARCHIVE_AND_TRADITIONAL_KNOWLEDGE_PERMISSIONS,TARGET_ENUMERATED_NOT_RECONCILED,,
COR-0524,15 Oral Music and Performance,Performance corpora,Yakshagana Hindu narrative repertoire,CORE,All relevant languages,All regions and diaspora,"Master audio/video, transcript, translation, performer/lineage, event, consent and rights",one complete performance/recital/script/version,complete work; all books/chapters/verses; front/back matter; edition metadata,P0,USER_COMMISSION_FIELDWORK,NO,License archives and commission consented field recordings; preserve restricted community access where required,LOW_PARTIAL,Sangeet Natak Akademi|IGNCA|AIIS|Doordarshan/All India Radio|performers,PERFORMER_ARCHIVE_AND_TRADITIONAL_KNOWLEDGE_PERMISSIONS,TARGET_ENUMERATED_NOT_RECONCILED,,
COR-0525,15 Oral Music and Performance,Performance corpora,Kathakali attakatha corpus,CORE,All relevant languages,All regions and diaspora,"Master audio/video, transcript, translation, performer/lineage, event, consent and rights",one complete performance/recital/script/version,complete work; all books/chapters/verses; front/back matter; edition metadata,P0,USER_COMMISSION_FIELDWORK,NO,License archives and commission consented field recordings; preserve restricted community access where required,LOW_PARTIAL,Sangeet Natak Akademi|IGNCA|AIIS|Doordarshan/All India Radio|performers,PERFORMER_ARCHIVE_AND_TRADITIONAL_KNOWLEDGE_PERMISSIONS,TARGET_ENUMERATED_NOT_RECONCILED,,
COR-0526,15 Oral Music and Performance,Performance corpora,Koodiyattam Hindu narrative repertoire,CORE,All relevant languages,All regions and diaspora,"Master audio/video, transcript, translation, performer/lineage, event, consent and rights",one complete performance/recital/script/version,complete work; all books/chapters/verses; front/back matter; edition metadata,P0,USER_COMMISSION_FIELDWORK,NO,License archives and commission consented field recordings; preserve restricted community access where required,LOW_PARTIAL,Sangeet Natak Akademi|IGNCA|AIIS|Doordarshan/All India Radio|performers,PERFORMER_ARCHIVE_AND_TRADITIONAL_KNOWLEDGE_PERMISSIONS,TARGET_ENUMERATED_NOT_RECONCILED,,
COR-0527,15 Oral Music and Performance,Performance corpora,Kutiyattam temple theatre manuals and recordings,CORE,All relevant languages,All regions and diaspora,"Master audio/video, transcript, translation, performer/lineage, event, consent and rights",one complete performance/recital/script/version,complete work; all books/chapters/verses; front/back matter; edition metadata,P0,USER_COMMISSION_FIELDWORK,NO,License archives and commission consented field recordings; preserve restricted community access where required,LOW_PARTIAL,Sangeet Natak Akademi|IGNCA|AIIS|Doordarshan/All India Radio|performers,PERFORMER_ARCHIVE_AND_TRADITIONAL_KNOWLEDGE_PERMISSIONS,TARGET_ENUMERATED_NOT_RECONCILED,,
COR-0528,15 Oral Music and Performance,Performance corpora,Therukoothu corpus,CORE,All relevant languages,All regions and diaspora,"Master audio/video, transcript, translation, performer/lineage, event, consent and rights",one complete performance/recital/script/version,complete work; all books/chapters/verses; front/back matter; edition metadata,P0,USER_COMMISSION_FIELDWORK,NO,License archives and commission consented field recordings; preserve restricted community access where required,LOW_PARTIAL,Sangeet Natak Akademi|IGNCA|AIIS|Doordarshan/All India Radio|performers,PERFORMER_ARCHIVE_AND_TRADITIONAL_KNOWLEDGE_PERMISSIONS,TARGET_ENUMERATED_NOT_RECONCILED,,
COR-0529,15 Oral Music and Performance,Performance corpora,Bhagavata Mela corpus,CORE,All relevant languages,All regions and diaspora,"Master audio/video, transcript, translation, performer/lineage, event, consent and rights",one complete performance/recital/script/version,complete work; all books/chapters/verses; front/back matter; edition metadata,P0,USER_COMMISSION_FIELDWORK,NO,License archives and commission consented field recordings; preserve restricted community access where required,LOW_PARTIAL,Sangeet Natak Akademi|IGNCA|AIIS|Doordarshan/All India Radio|performers,PERFORMER_ARCHIVE_AND_TRADITIONAL_KNOWLEDGE_PERMISSIONS,TARGET_ENUMERATED_NOT_RECONCILED,,
COR-0530,15 Oral Music and Performance,Performance corpora,Ankiya Naat and Bhaona corpus,CORE,All relevant languages,All regions and diaspora,"Master audio/video, transcript, translation, performer/lineage, event, consent and rights",one complete performance/recital/script/version,complete work; all books/chapters/verses; front/back matter; edition metadata,P0,USER_COMMISSION_FIELDWORK,NO,License archives and commission consented field recordings; preserve restricted community access where required,LOW_PARTIAL,Sangeet Natak Akademi|IGNCA|AIIS|Doordarshan/All India Radio|performers,PERFORMER_ARCHIVE_AND_TRADITIONAL_KNOWLEDGE_PERMISSIONS,TARGET_ENUMERATED_NOT_RECONCILED,,
COR-0531,15 Oral Music and Performance,Performance corpora,Chhau Hindu narrative repertoire,CORE,All relevant languages,All regions and diaspora,"Master audio/video, transcript, translation, performer/lineage, event, consent and rights",one complete performance/recital/script/version,complete work; all books/chapters/verses; front/back matter; edition metadata,P0,USER_COMMISSION_FIELDWORK,NO,License archives and commission consented field recordings; preserve restricted community access where required,LOW_PARTIAL,Sangeet Natak Akademi|IGNCA|AIIS|Doordarshan/All India Radio|performers,PERFORMER_ARCHIVE_AND_TRADITIONAL_KNOWLEDGE_PERMISSIONS,TARGET_ENUMERATED_NOT_RECONCILED,,
COR-0532,15 Oral Music and Performance,Performance corpora,Pandavani corpus,CORE,All relevant languages,All regions and diaspora,"Master audio/video, transcript, translation, performer/lineage, event, consent and rights",one complete performance/recital/script/version,complete work; all books/chapters/verses; front/back matter; edition metadata,P0,USER_COMMISSION_FIELDWORK,NO,License archives and commission consented field recordings; preserve restricted community access where required,LOW_PARTIAL,Sangeet Natak Akademi|IGNCA|AIIS|Doordarshan/All India Radio|performers,PERFORMER_ARCHIVE_AND_TRADITIONAL_KNOWLEDGE_PERMISSIONS,TARGET_ENUMERATED_NOT_RECONCILED,,
COR-0533,15 Oral Music and Performance,Performance corpora,Pabuji/phad and regional narrative performance,CORE,All relevant languages,All regions and diaspora,"Master audio/video, transcript, translation, performer/lineage, event, consent and rights",one complete performance/recital/script/version,complete work; all books/chapters/verses; front/back matter; edition metadata,P0,USER_COMMISSION_FIELDWORK,NO,License archives and commission consented field recordings; preserve restricted community access where required,LOW_PARTIAL,Sangeet Natak Akademi|IGNCA|AIIS|Doordarshan/All India Radio|performers,PERFORMER_ARCHIVE_AND_TRADITIONAL_KNOWLEDGE_PERMISSIONS,TARGET_ENUMERATED_NOT_RECONCILED,,
COR-0534,15 Oral Music and Performance,Performance corpora,Shadow-puppet Ramayana/Mahabharata traditions,CORE,All relevant languages,All regions and diaspora,"Master audio/video, transcript, translation, performer/lineage, event, consent and rights",one complete performance/recital/script/version,complete work; all books/chapters/verses; front/back matter; edition metadata,P0,USER_COMMISSION_FIELDWORK,NO,License archives and commission consented field recordings; preserve restricted community access where required,LOW_PARTIAL,Sangeet Natak Akademi|IGNCA|AIIS|Doordarshan/All India Radio|performers,PERFORMER_ARCHIVE_AND_TRADITIONAL_KNOWLEDGE_PERMISSIONS,TARGET_ENUMERATED_NOT_RECONCILED,,
COR-0535,15 Oral Music and Performance,Performance corpora,"Temple music, nagasvaram, sopana and ritual music corpora",CORE,All relevant languages,All regions and diaspora,"Master audio/video, transcript, translation, performer/lineage, event, consent and rights",one complete performance/recital/script/version,complete work; all books/chapters/verses; front/back matter; edition metadata,P0,USER_COMMISSION_FIELDWORK,NO,License archives and commission consented field recordings; preserve restricted community access where required,LOW_PARTIAL,Sangeet Natak Akademi|IGNCA|AIIS|Doordarshan/All India Radio|performers,PERFORMER_ARCHIVE_AND_TRADITIONAL_KNOWLEDGE_PERMISSIONS,TARGET_ENUMERATED_NOT_RECONCILED,,
COR-0536,15 Oral Music and Performance,Performance corpora,Classical compositions with devotional texts and variants,CORE,All relevant languages,All regions and diaspora,"Master audio/video, transcript, translation, performer/lineage, event, consent and rights",one complete performance/recital/script/version,complete work; all books/chapters/verses; front/back matter; edition metadata,P0,USER_COMMISSION_FIELDWORK,NO,License archives and commission consented field recordings; preserve restricted community access where required,LOW_PARTIAL,Sangeet Natak Akademi|IGNCA|AIIS|Doordarshan/All India Radio|performers,PERFORMER_ARCHIVE_AND_TRADITIONAL_KNOWLEDGE_PERMISSIONS,TARGET_ENUMERATED_NOT_RECONCILED,,
COR-0537,15 Oral Music and Performance,Performance corpora,Folk devotional song and oral legend corpus by community,CORE,All relevant languages,All regions and diaspora,"Master audio/video, transcript, translation, performer/lineage, event, consent and rights",one complete performance/recital/script/version,complete work; all books/chapters/verses; front/back matter; edition metadata,P0,USER_COMMISSION_FIELDWORK,NO,License archives and commission consented field recordings; preserve restricted community access where required,LOW_PARTIAL,Sangeet Natak Akademi|IGNCA|AIIS|Doordarshan/All India Radio|performers,PERFORMER_ARCHIVE_AND_TRADITIONAL_KNOWLEDGE_PERMISSIONS,TARGET_ENUMERATED_NOT_RECONCILED,,
COR-0538,16 Historical and Modern,Histories biographies periodicals,Pre-modern hagiography and guru-parampara corpora,CORE,All relevant languages,Pan-Indian,Edition-specific full text plus scans and structure,one complete publication run/work/edition,complete work; all books/chapters/verses; front/back matter; edition metadata,P1,AGENT_DOWNLOAD_RIGHTS_REVIEW,CONDITIONAL,Public-domain acquisition plus publisher/archive permission for protected runs,PARTIAL,GRETIL|Ambuda|Internet Archive|institutional catalogues,MIXED,TARGET_ENUMERATED_NOT_RECONCILED,,
COR-0539,16 Historical and Modern,Histories biographies periodicals,Lives and complete works of major acharyas and saints,CORE,All relevant languages,Pan-Indian,Edition-specific full text plus scans and structure,one complete publication run/work/edition,complete work; all books/chapters/verses; front/back matter; edition metadata,P1,AGENT_DOWNLOAD_RIGHTS_REVIEW,CONDITIONAL,Public-domain acquisition plus publisher/archive permission for protected runs,PARTIAL,GRETIL|Ambuda|Internet Archive|institutional catalogues,MIXED,TARGET_ENUMERATED_NOT_RECONCILED,,
COR-0540,16 Historical and Modern,Histories biographies periodicals,"Colonial-era editions, translations and surveys",CORE,All relevant languages,Pan-Indian,Edition-specific full text plus scans and structure,one complete publication run/work/edition,complete work; all books/chapters/verses; front/back matter; edition metadata,P1,AGENT_DOWNLOAD_RIGHTS_REVIEW,CONDITIONAL,Public-domain acquisition plus publisher/archive permission for protected runs,PARTIAL,GRETIL|Ambuda|Internet Archive|institutional catalogues,MIXED,TARGET_ENUMERATED_NOT_RECONCILED,,
COR-0541,16 Historical and Modern,Histories biographies periodicals,"Gazetteers documenting temples, fairs and customs",CORE,All relevant languages,Pan-Indian,Edition-specific full text plus scans and structure,one complete publication run/work/edition,complete work; all books/chapters/verses; front/back matter; edition metadata,P1,AGENT_DOWNLOAD_RIGHTS_REVIEW,CONDITIONAL,Public-domain acquisition plus publisher/archive permission for protected runs,PARTIAL,GRETIL|Ambuda|Internet Archive|institutional catalogues,MIXED,TARGET_ENUMERATED_NOT_RECONCILED,,
COR-0542,16 Historical and Modern,Histories biographies periodicals,Archaeological Survey reports and temple surveys,CORE,All relevant languages,Pan-Indian,Edition-specific full text plus scans and structure,one complete publication run/work/edition,complete work; all books/chapters/verses; front/back matter; edition metadata,P1,AGENT_DOWNLOAD_RIGHTS_REVIEW,CONDITIONAL,Public-domain acquisition plus publisher/archive permission for protected runs,PARTIAL,GRETIL|Ambuda|Internet Archive|institutional catalogues,MIXED,TARGET_ENUMERATED_NOT_RECONCILED,,
COR-0543,16 Historical and Modern,Histories biographies periodicals,Ethnographies of ritual and regional religion,CORE,All relevant languages,Pan-Indian,Edition-specific full text plus scans and structure,one complete publication run/work/edition,complete work; all books/chapters/verses; front/back matter; edition metadata,P1,AGENT_DOWNLOAD_RIGHTS_REVIEW,CONDITIONAL,Public-domain acquisition plus publisher/archive permission for protected runs,PARTIAL,GRETIL|Ambuda|Internet Archive|institutional catalogues,MIXED,TARGET_ENUMERATED_NOT_RECONCILED,,
COR-0544,16 Historical and Modern,Histories biographies periodicals,Modern Hindu reform and revival movement corpora,CORE,All relevant languages,Pan-Indian,Edition-specific full text plus scans and structure,one complete publication run/work/edition,complete work; all books/chapters/verses; front/back matter; edition metadata,P1,AGENT_DOWNLOAD_RIGHTS_REVIEW,CONDITIONAL,Public-domain acquisition plus publisher/archive permission for protected runs,PARTIAL,GRETIL|Ambuda|Internet Archive|institutional catalogues,MIXED,TARGET_ENUMERATED_NOT_RECONCILED,,
COR-0545,16 Historical and Modern,Histories biographies periodicals,Complete works of Ramakrishna-Vivekananda movement,CORE,All relevant languages,Pan-Indian,Edition-specific full text plus scans and structure,one complete publication run/work/edition,complete work; all books/chapters/verses; front/back matter; edition metadata,P1,AGENT_DOWNLOAD_RIGHTS_REVIEW,CONDITIONAL,Public-domain acquisition plus publisher/archive permission for protected runs,PARTIAL,GRETIL|Ambuda|Internet Archive|institutional catalogues,MIXED,TARGET_ENUMERATED_NOT_RECONCILED,,
COR-0546,16 Historical and Modern,Histories biographies periodicals,Arya Samaj and Dayananda corpus,CORE,All relevant languages,Pan-Indian,Edition-specific full text plus scans and structure,one complete publication run/work/edition,complete work; all books/chapters/verses; front/back matter; edition metadata,P1,AGENT_DOWNLOAD_RIGHTS_REVIEW,CONDITIONAL,Public-domain acquisition plus publisher/archive permission for protected runs,PARTIAL,GRETIL|Ambuda|Internet Archive|institutional catalogues,MIXED,TARGET_ENUMERATED_NOT_RECONCILED,,
COR-0547,16 Historical and Modern,Histories biographies periodicals,Swaminarayan modern corpus,CORE,All relevant languages,Pan-Indian,Edition-specific full text plus scans and structure,one complete publication run/work/edition,complete work; all books/chapters/verses; front/back matter; edition metadata,P1,AGENT_DOWNLOAD_RIGHTS_REVIEW,CONDITIONAL,Public-domain acquisition plus publisher/archive permission for protected runs,PARTIAL,GRETIL|Ambuda|Internet Archive|institutional catalogues,MIXED,TARGET_ENUMERATED_NOT_RECONCILED,,
COR-0548,16 Historical and Modern,Histories biographies periodicals,ISKCON/Gaudiya modern publications,CORE,All relevant languages,Pan-Indian,Edition-specific full text plus scans and structure,one complete publication run/work/edition,complete work; all books/chapters/verses; front/back matter; edition metadata,P1,AGENT_DOWNLOAD_RIGHTS_REVIEW,CONDITIONAL,Public-domain acquisition plus publisher/archive permission for protected runs,PARTIAL,GRETIL|Ambuda|Internet Archive|institutional catalogues,MIXED,TARGET_ENUMERATED_NOT_RECONCILED,,
COR-0549,16 Historical and Modern,Histories biographies periodicals,Chinmaya Mission publications,CORE,All relevant languages,Pan-Indian,Edition-specific full text plus scans and structure,one complete publication run/work/edition,complete work; all books/chapters/verses; front/back matter; edition metadata,P1,AGENT_DOWNLOAD_RIGHTS_REVIEW,CONDITIONAL,Public-domain acquisition plus publisher/archive permission for protected runs,PARTIAL,GRETIL|Ambuda|Internet Archive|institutional catalogues,MIXED,TARGET_ENUMERATED_NOT_RECONCILED,,
COR-0550,16 Historical and Modern,Histories biographies periodicals,Divine Life Society/Sivananda publications,CORE,All relevant languages,Pan-Indian,Edition-specific full text plus scans and structure,one complete publication run/work/edition,complete work; all books/chapters/verses; front/back matter; edition metadata,P1,AGENT_DOWNLOAD_RIGHTS_REVIEW,CONDITIONAL,Public-domain acquisition plus publisher/archive permission for protected runs,PARTIAL,GRETIL|Ambuda|Internet Archive|institutional catalogues,MIXED,TARGET_ENUMERATED_NOT_RECONCILED,,
COR-0551,16 Historical and Modern,Histories biographies periodicals,Sri Aurobindo and The Mother complete works,CORE,All relevant languages,Pan-Indian,Edition-specific full text plus scans and structure,one complete publication run/work/edition,complete work; all books/chapters/verses; front/back matter; edition metadata,P1,AGENT_DOWNLOAD_RIGHTS_REVIEW,CONDITIONAL,Public-domain acquisition plus publisher/archive permission for protected runs,PARTIAL,GRETIL|Ambuda|Internet Archive|institutional catalogues,MIXED,TARGET_ENUMERATED_NOT_RECONCILED,,
COR-0552,16 Historical and Modern,Histories biographies periodicals,"Kalyan monthly magazine and annual special numbers, 1926-present",CORE,All relevant languages,Pan-Indian,Edition-specific full text plus scans and structure,one complete publication run/work/edition,complete work; all books/chapters/verses; front/back matter; edition metadata,P1,AGENT_DOWNLOAD_RIGHTS_REVIEW,CONDITIONAL,Public-domain acquisition plus publisher/archive permission for protected runs,PARTIAL,GRETIL|Ambuda|Internet Archive|institutional catalogues,MIXED,TARGET_ENUMERATED_NOT_RECONCILED,,
COR-0553,16 Historical and Modern,Histories biographies periodicals,"Hindu religious journals, almanacs, pamphlets and ephemera",CORE,All relevant languages,Pan-Indian,Edition-specific full text plus scans and structure,one complete publication run/work/edition,complete work; all books/chapters/verses; front/back matter; edition metadata,P1,AGENT_DOWNLOAD_RIGHTS_REVIEW,CONDITIONAL,Public-domain acquisition plus publisher/archive permission for protected runs,PARTIAL,GRETIL|Ambuda|Internet Archive|institutional catalogues,MIXED,TARGET_ENUMERATED_NOT_RECONCILED,,
COR-0554,16 Historical and Modern,Histories biographies periodicals,"Court, endowment and administrative records affecting temples",CORE,All relevant languages,Pan-Indian,Edition-specific full text plus scans and structure,one complete publication run/work/edition,complete work; all books/chapters/verses; front/back matter; edition metadata,P1,AGENT_DOWNLOAD_RIGHTS_REVIEW,CONDITIONAL,Public-domain acquisition plus publisher/archive permission for protected runs,PARTIAL,GRETIL|Ambuda|Internet Archive|institutional catalogues,MIXED,TARGET_ENUMERATED_NOT_RECONCILED,,
COR-0555,17 Contextual and Transregional,Related traditions and reception,Jain retellings and shared narrative corpus,CONTEXTUAL,All relevant languages,Global,Edition-specific full text plus scans and structure,one work/dataset/community tradition/source,complete work; all books/chapters/verses; front/back matter; edition metadata,P1,AGENT_DOWNLOAD_RIGHTS_REVIEW,CONDITIONAL,Open-access harvesting plus digital/physical purchase and permissions as applicable,PARTIAL,GRETIL|Ambuda|Internet Archive|institutional catalogues,MIXED,TARGET_ENUMERATED_NOT_RECONCILED,,
COR-0556,17 Contextual and Transregional,Related traditions and reception,Buddhist retellings and shared deity/narrative corpus,CONTEXTUAL,All relevant languages,Global,Edition-specific full text plus scans and structure,one work/dataset/community tradition/source,complete work; all books/chapters/verses; front/back matter; edition metadata,P1,AGENT_DOWNLOAD_RIGHTS_REVIEW,CONDITIONAL,Open-access harvesting plus digital/physical purchase and permissions as applicable,PARTIAL,GRETIL|Ambuda|Internet Archive|institutional catalogues,MIXED,TARGET_ENUMERATED_NOT_RECONCILED,,
COR-0557,17 Contextual and Transregional,Related traditions and reception,Sikh and Sant intersections contextual corpus,CONTEXTUAL,All relevant languages,Global,Edition-specific full text plus scans and structure,one work/dataset/community tradition/source,complete work; all books/chapters/verses; front/back matter; edition metadata,P1,AGENT_DOWNLOAD_RIGHTS_REVIEW,CONDITIONAL,Open-access harvesting plus digital/physical purchase and permissions as applicable,PARTIAL,GRETIL|Ambuda|Internet Archive|institutional catalogues,MIXED,TARGET_ENUMERATED_NOT_RECONCILED,,
COR-0558,17 Contextual and Transregional,Related traditions and reception,Tribal and indigenous traditions interacting with Hindu practice,CONTEXTUAL,All relevant languages,Global,Edition-specific full text plus scans and structure,one work/dataset/community tradition/source,complete work; all books/chapters/verses; front/back matter; edition metadata,P1,AGENT_DOWNLOAD_RIGHTS_REVIEW,CONDITIONAL,Open-access harvesting plus digital/physical purchase and permissions as applicable,PARTIAL,GRETIL|Ambuda|Internet Archive|institutional catalogues,MIXED,TARGET_ENUMERATED_NOT_RECONCILED,,
COR-0559,17 Contextual and Transregional,Related traditions and reception,"Southeast Asian Hindu epics, temples and ritual corpora",CONTEXTUAL,All relevant languages,Global,Edition-specific full text plus scans and structure,one work/dataset/community tradition/source,complete work; all books/chapters/verses; front/back matter; edition metadata,P1,AGENT_DOWNLOAD_RIGHTS_REVIEW,CONDITIONAL,Open-access harvesting plus digital/physical purchase and permissions as applicable,PARTIAL,GRETIL|Ambuda|Internet Archive|institutional catalogues,MIXED,TARGET_ENUMERATED_NOT_RECONCILED,,
COR-0560,17 Contextual and Transregional,Related traditions and reception,Balinese Hindu scriptures and living practice,CONTEXTUAL,All relevant languages,Global,Edition-specific full text plus scans and structure,one work/dataset/community tradition/source,complete work; all books/chapters/verses; front/back matter; edition metadata,P1,AGENT_DOWNLOAD_RIGHTS_REVIEW,CONDITIONAL,Open-access harvesting plus digital/physical purchase and permissions as applicable,PARTIAL,GRETIL|Ambuda|Internet Archive|institutional catalogues,MIXED,TARGET_ENUMERATED_NOT_RECONCILED,,
COR-0561,17 Contextual and Transregional,Related traditions and reception,Nepalese Hindu-Buddhist shared ritual corpus,CONTEXTUAL,All relevant languages,Global,Edition-specific full text plus scans and structure,one work/dataset/community tradition/source,complete work; all books/chapters/verses; front/back matter; edition metadata,P1,AGENT_DOWNLOAD_RIGHTS_REVIEW,CONDITIONAL,Open-access harvesting plus digital/physical purchase and permissions as applicable,PARTIAL,GRETIL|Ambuda|Internet Archive|institutional catalogues,MIXED,TARGET_ENUMERATED_NOT_RECONCILED,,
COR-0562,17 Contextual and Transregional,Related traditions and reception,Sri Lankan Tamil Hindu corpus,CONTEXTUAL,All relevant languages,Global,Edition-specific full text plus scans and structure,one work/dataset/community tradition/source,complete work; all books/chapters/verses; front/back matter; edition metadata,P1,AGENT_DOWNLOAD_RIGHTS_REVIEW,CONDITIONAL,Open-access harvesting plus digital/physical purchase and permissions as applicable,PARTIAL,GRETIL|Ambuda|Internet Archive|institutional catalogues,MIXED,TARGET_ENUMERATED_NOT_RECONCILED,,
COR-0563,17 Contextual and Transregional,Related traditions and reception,Caribbean Hindu textual and ritual corpus,CONTEXTUAL,All relevant languages,Global,Edition-specific full text plus scans and structure,one work/dataset/community tradition/source,complete work; all books/chapters/verses; front/back matter; edition metadata,P1,AGENT_DOWNLOAD_RIGHTS_REVIEW,CONDITIONAL,Open-access harvesting plus digital/physical purchase and permissions as applicable,PARTIAL,GRETIL|Ambuda|Internet Archive|institutional catalogues,MIXED,TARGET_ENUMERATED_NOT_RECONCILED,,
COR-0564,17 Contextual and Transregional,Related traditions and reception,"Fiji, Mauritius, South Africa and Southeast Asian diaspora corpora",CONTEXTUAL,All relevant languages,Global,Edition-specific full text plus scans and structure,one work/dataset/community tradition/source,complete work; all books/chapters/verses; front/back matter; edition metadata,P1,AGENT_DOWNLOAD_RIGHTS_REVIEW,CONDITIONAL,Open-access harvesting plus digital/physical purchase and permissions as applicable,PARTIAL,GRETIL|Ambuda|Internet Archive|institutional catalogues,MIXED,TARGET_ENUMERATED_NOT_RECONCILED,,
COR-0565,17 Contextual and Transregional,Related traditions and reception,"European, North American, Gulf and global diaspora corpora",CONTEXTUAL,All relevant languages,Global,Edition-specific full text plus scans and structure,one work/dataset/community tradition/source,complete work; all books/chapters/verses; front/back matter; edition metadata,P1,AGENT_DOWNLOAD_RIGHTS_REVIEW,CONDITIONAL,Open-access harvesting plus digital/physical purchase and permissions as applicable,PARTIAL,GRETIL|Ambuda|Internet Archive|institutional catalogues,MIXED,TARGET_ENUMERATED_NOT_RECONCILED,,
COR-0566,17 Contextual and Transregional,Related traditions and reception,"Academic monographs, critical editions, articles, theses and reference works",CONTEXTUAL,All relevant languages,Global,Edition-specific full text plus scans and structure,one work/dataset/community tradition/source,complete work; all books/chapters/verses; front/back matter; edition metadata,P1,AGENT_DOWNLOAD_RIGHTS_REVIEW,CONDITIONAL,Open-access harvesting plus digital/physical purchase and permissions as applicable,PARTIAL,GRETIL|Ambuda|Internet Archive|institutional catalogues,MIXED,TARGET_ENUMERATED_NOT_RECONCILED,,
COR-0567,17 Contextual and Transregional,Related traditions and reception,"Bibliographies, manuscript catalogues and union catalogues",CONTEXTUAL,All relevant languages,Global,Edition-specific full text plus scans and structure,one work/dataset/community tradition/source,complete work; all books/chapters/verses; front/back matter; edition metadata,P1,AGENT_DOWNLOAD_RIGHTS_REVIEW,CONDITIONAL,Open-access harvesting plus digital/physical purchase and permissions as applicable,PARTIAL,GRETIL|Ambuda|Internet Archive|institutional catalogues,MIXED,TARGET_ENUMERATED_NOT_RECONCILED,,
COR-0568,17 Contextual and Transregional,Related traditions and reception,"Linguistic resources, dictionaries, concordances and indices needed to interpret the corpus",CONTEXTUAL,All relevant languages,Global,Edition-specific full text plus scans and structure,one work/dataset/community tradition/source,complete work; all books/chapters/verses; front/back matter; edition metadata,P1,AGENT_DOWNLOAD_RIGHTS_REVIEW,CONDITIONAL,Open-access harvesting plus digital/physical purchase and permissions as applicable,PARTIAL,GRETIL|Ambuda|Internet Archive|institutional catalogues,MIXED,TARGET_ENUMERATED_NOT_RECONCILED,,
