overlap_id,provider_a,item_a,title_a,provider_b,item_b,title_b,match_method,confidence,same_carrier_hash_verified,notes
OVL-0001,TextGrid GRETIL,TG-GRE-0001,Buddhacarita 1-23 (Tibetan translation),Original GRETIL catalogue,GRE-01080,"Asvaghosa: Buddhacarita 1-23 (collation, input by Roland Steiner)",EXACT_TEI_XML_ID_TO_CORPUSTEI_FILENAME_STEM,HIGH,False,Successor-object lineage match; content equality still requires old-carrier download/hash comparison.
OVL-0002,TextGrid GRETIL,TG-GRE-0036,Garuḍapurāṇa,Original GRETIL catalogue,GRE-00089,Garuda-Purana (input by members of the Sansknet Project),EXACT_TEI_XML_ID_TO_CORPUSTEI_FILENAME_STEM,HIGH,False,Successor-object lineage match; content equality still requires old-carrier download/hash comparison.
OVL-0003,TextGrid GRETIL,TG-GRE-0037,"Matsyapurāṇa, 1-176",Original GRETIL catalogue,GRE-00093,"Matsya-Purana, Adhy. 1-176 (input by Oliver Hellwig)",EXACT_TEI_XML_ID_TO_CORPUSTEI_FILENAME_STEM,HIGH,False,Successor-object lineage match; content equality still requires old-carrier download/hash comparison.
OVL-0004,TextGrid GRETIL,TG-GRE-0038,Kūrmapurāṇa,Original GRETIL catalogue,GRE-00090,Kurma-Purana (input by members of the Sansknet Project),EXACT_TEI_XML_ID_TO_CORPUSTEI_FILENAME_STEM,HIGH,False,Successor-object lineage match; content equality still requires old-carrier download/hash comparison.
OVL-0005,TextGrid GRETIL,TG-GRE-0039,Nāradapurāṇa (or Nāradīyapurāṇa),Original GRETIL catalogue,GRE-00094,Narada-Purana (input by members of the Sansknet Project),EXACT_TEI_XML_ID_TO_CORPUSTEI_FILENAME_STEM,HIGH,False,Successor-object lineage match; content equality still requires old-carrier download/hash comparison.
OVL-0006,TextGrid GRETIL,TG-GRE-0040,"Mārkaṇḍeyapurāṇa, 1-93",Original GRETIL catalogue,GRE-00092,Markandeya-Purana (input by members of the Sansknet Project),EXACT_TEI_XML_ID_TO_CORPUSTEI_FILENAME_STEM,HIGH,False,Successor-object lineage match; content equality still requires old-carrier download/hash comparison.
OVL-0007,TextGrid GRETIL,TG-GRE-0041,Narasiṃhapurāṇa,Original GRETIL catalogue,GRE-00095,Narasimha-Purana (input by Peter Schreiner),EXACT_TEI_XML_ID_TO_CORPUSTEI_FILENAME_STEM,HIGH,False,Successor-object lineage match; content equality still requires old-carrier download/hash comparison.
OVL-0008,TextGrid GRETIL,TG-GRE-0042,"Liṅgapurāṇa, 1-108",Original GRETIL catalogue,GRE-00091,Linga-Purana (input by members of the Sansknet Project),EXACT_TEI_XML_ID_TO_CORPUSTEI_FILENAME_STEM,HIGH,False,Successor-object lineage match; content equality still requires old-carrier download/hash comparison.
OVL-0009,TextGrid GRETIL,TG-GRE-0043,Revākhāṇḍa of the Vāyupurāṇa (RKV),Original GRETIL catalogue,GRE-00100,"Vayu-Purana , Revakhanda [wrongly incorporated into the Skanda-Purana] (input by Jürgen Neuss)",EXACT_TEI_XML_ID_TO_CORPUSTEI_FILENAME_STEM,HIGH,False,Successor-object lineage match; content equality still requires old-carrier download/hash comparison.
OVL-0010,TextGrid GRETIL,TG-GRE-0045,Skandapurāṇa: Revākhaṇḍa (RKS),Original GRETIL catalogue,GRE-00098,"Skanda-Purana, Revakhanda (input by Jürgen Neuss)",EXACT_TEI_XML_ID_TO_CORPUSTEI_FILENAME_STEM,HIGH,False,Successor-object lineage match; content equality still requires old-carrier download/hash comparison.
OVL-0011,TextGrid GRETIL,TG-GRE-0046,"Vāmanapurāṇa, Saromāhātmya",Original GRETIL catalogue,GRE-00099,Vamana-Purana (input by members of the Sansknet project),EXACT_TEI_XML_ID_TO_CORPUSTEI_FILENAME_STEM,HIGH,False,Successor-object lineage match; content equality still requires old-carrier download/hash comparison.
OVL-0012,TextGrid GRETIL,TG-GRE-0047,"Vāmanapurāṇa, 1-69",Original GRETIL catalogue,GRE-00099,Vamana-Purana (input by members of the Sansknet project),EXACT_TEI_XML_ID_TO_CORPUSTEI_FILENAME_STEM,HIGH,False,Successor-object lineage match; content equality still requires old-carrier download/hash comparison.
OVL-0013,TextGrid GRETIL,TG-GRE-0050,Viṣṇupurāṇa,Original GRETIL catalogue,GRE-00104,Visnu-Purana (input by members of the Sansknet Project),EXACT_TEI_XML_ID_TO_CORPUSTEI_FILENAME_STEM,HIGH,False,Successor-object lineage match; content equality still requires old-carrier download/hash comparison.
OVL-0014,TextGrid GRETIL,TG-GRE-0051,Viṣṇupurāṇa,Original GRETIL catalogue,GRE-00103,Visnu-Purana (input by Peter Schreiner),EXACT_TEI_XML_ID_TO_CORPUSTEI_FILENAME_STEM,HIGH,False,Successor-object lineage match; content equality still requires old-carrier download/hash comparison.
OVL-0015,TextGrid GRETIL,TG-GRE-0052,Agnipurāṇa,Original GRETIL catalogue,GRE-00083,Agni-Purana [BI-ed.] (input by Jun Takashima et al.),EXACT_TEI_XML_ID_TO_CORPUSTEI_FILENAME_STEM,HIGH,False,Successor-object lineage match; content equality still requires old-carrier download/hash comparison.
OVL-0016,TextGrid GRETIL,TG-GRE-0054,Bhāgavatapurāṇa,Original GRETIL catalogue,GRE-00084,Bhagavata-Purana (input by …),EXACT_TEI_XML_ID_TO_CORPUSTEI_FILENAME_STEM,HIGH,False,Successor-object lineage match; content equality still requires old-carrier download/hash comparison.
OVL-0017,TextGrid GRETIL,TG-GRE-0055,"Śivapurāṇa, Books 1 and 7",Original GRETIL catalogue,GRE-00096,"Siva-Purana, Books 1 and 7 (input by Jun Takashima et al.)",EXACT_TEI_XML_ID_TO_CORPUSTEI_FILENAME_STEM,HIGH,False,Successor-object lineage match; content equality still requires old-carrier download/hash comparison.
OVL-0018,TextGrid GRETIL,TG-GRE-0056,Brahmāṇḍapurāṇa,Original GRETIL catalogue,GRE-00087,Brahmanda-Purana (input by members of the Sansknet Project),EXACT_TEI_XML_ID_TO_CORPUSTEI_FILENAME_STEM,HIGH,False,Successor-object lineage match; content equality still requires old-carrier download/hash comparison.
OVL-0019,TextGrid GRETIL,TG-GRE-0057,"Devīgītā (= Devībhāgavata-Purāṇa 7,31-40)",Original GRETIL catalogue,GRE-00088,Devibhagavata-Purana: Devigita (input by Ursula Honegger),EXACT_TEI_XML_ID_TO_CORPUSTEI_FILENAME_STEM,HIGH,False,Successor-object lineage match; content equality still requires old-carrier download/hash comparison.
OVL-0020,TextGrid GRETIL,TG-GRE-0058,Brahmapurāṇa 1-246,Original GRETIL catalogue,GRE-00086,Brahma-Purana (input by Peter Schreiner and Renate Söhnen-Thieme),EXACT_TEI_XML_ID_TO_CORPUSTEI_FILENAME_STEM,HIGH,False,Successor-object lineage match; content equality still requires old-carrier download/hash comparison.
OVL-0021,TextGrid GRETIL,TG-GRE-0059,Āpastambagṛhyasūtra with Haradatta's Anākulāvṛtti and Sudarśana's Gṛhyatātparyadarśanavyākhyā,Original GRETIL catalogue,GRE-00058,"Apastamba-Grhyasutra, with Haradatta's Anakula and Sudarsana's Tatparyadarsana (input by members of the Sansknet project)",EXACT_TEI_XML_ID_TO_CORPUSTEI_FILENAME_STEM,HIGH,False,Successor-object lineage match; content equality still requires old-carrier download/hash comparison.
OVL-0022,TextGrid GRETIL,TG-GRE-0060,"Āpastambaśulbasūtra with the commentaries of Kapardin, Karavinda and Sundararāja",Original GRETIL catalogue,GRE-00056,"Apastamba-Sulbasutra, with commentaries of Kapardi, Karavinda and Sundararaja (input by members of the Sansknet project)",EXACT_TEI_XML_ID_TO_CORPUSTEI_FILENAME_STEM,HIGH,False,Successor-object lineage match; content equality still requires old-carrier download/hash comparison.
OVL-0023,TextGrid GRETIL,TG-GRE-0061,Atharvaprāyaścittāni,Original GRETIL catalogue,GRE-00071,Atharvaprayascittani [ = Atharvaprayascittasutra; transmitted as part of the Vaitanasrautasutra] (input by Arlo Griffiths),EXACT_TEI_XML_ID_TO_CORPUSTEI_FILENAME_STEM,HIGH,False,Successor-object lineage match; content equality still requires old-carrier download/hash comparison.
OVL-0024,TextGrid GRETIL,TG-GRE-0062,Atharvavedapariśiṣṭas,Original GRETIL catalogue,GRE-00072,"Atharvavedaparisista (input by Yuri Ishii, Tokai University, revised by Arlo Griffiths)",EXACT_TEI_XML_ID_TO_CORPUSTEI_FILENAME_STEM,HIGH,False,Successor-object lineage match; content equality still requires old-carrier download/hash comparison.
OVL-0025,TextGrid GRETIL,TG-GRE-0063,Āśvalāyanagṛhyasūtra,Original GRETIL catalogue,GRE-00059,Asvalayana-Grhyasutra (input by Muneo Tokunaga),EXACT_TEI_XML_ID_TO_CORPUSTEI_FILENAME_STEM,HIGH,False,Successor-object lineage match; content equality still requires old-carrier download/hash comparison.
OVL-0026,TextGrid GRETIL,TG-GRE-0064,Āśvalāyanaśrautasūtra,Original GRETIL catalogue,GRE-00051,Asvalayana-Srautasutra (input by Muneo Tokunaga),EXACT_TEI_XML_ID_TO_CORPUSTEI_FILENAME_STEM,HIGH,False,Successor-object lineage match; content equality still requires old-carrier download/hash comparison.
OVL-0027,TextGrid GRETIL,TG-GRE-0065,Dantyoṣṭhavidhi,Original GRETIL catalogue,GRE-00073,Dantyosthavidhi (input by Arlo Griffiths),EXACT_TEI_XML_ID_TO_CORPUSTEI_FILENAME_STEM,HIGH,False,Successor-object lineage match; content equality still requires old-carrier download/hash comparison.
OVL-0028,TextGrid GRETIL,TG-GRE-0066,Jaiminīyagṛhyasūtra,Original GRETIL catalogue,GRE-00061,Jaimini-Grhyasutra (input by members of the Sansknet project),EXACT_TEI_XML_ID_TO_CORPUSTEI_FILENAME_STEM,HIGH,False,Successor-object lineage match; content equality still requires old-carrier download/hash comparison.
OVL-0029,TextGrid GRETIL,TG-GRE-0067,Kauthumagṛhyasūtra,Original GRETIL catalogue,GRE-00065,Kauthuma-Grhyasutra (input by Ms. Jaya S. Nair),EXACT_TEI_XML_ID_TO_CORPUSTEI_FILENAME_STEM,HIGH,False,Successor-object lineage match; content equality still requires old-carrier download/hash comparison.
OVL-0030,TextGrid GRETIL,TG-GRE-0068,Kauśikasūtra,Original GRETIL catalogue,GRE-00063,Kausika-Sutra (input by Arlo Griffiths),EXACT_TEI_XML_ID_TO_CORPUSTEI_FILENAME_STEM,HIGH,False,Successor-object lineage match; content equality still requires old-carrier download/hash comparison.
OVL-0031,TextGrid GRETIL,TG-GRE-0069,Kauśikapaddhati,Original GRETIL catalogue,GRE-00064,"Kausikapaddhati, by Kesava (input by Ketaki Gokhale [in coop. w. A. Griffiths & M. Kobayashi])",EXACT_TEI_XML_ID_TO_CORPUSTEI_FILENAME_STEM,HIGH,False,Successor-object lineage match; content equality still requires old-carrier download/hash comparison.
OVL-0032,TextGrid GRETIL,TG-GRE-0070,Mānavagṛhyasūtra (= Maitrāyaṇīyamānavagṛhyasūtra),Original GRETIL catalogue,GRE-00067,Manava-Grhyasutra [ = Maitrayaniyamanava-Grhyasutra] (input by members of the Sansknet project),EXACT_TEI_XML_ID_TO_CORPUSTEI_FILENAME_STEM,HIGH,False,Successor-object lineage match; content equality still requires old-carrier download/hash comparison.
OVL-0033,TextGrid GRETIL,TG-GRE-0071,Ṛgvidhāna,Original GRETIL catalogue,GRE-00075,Rgvidhana (input by Muneo Tokunaga),EXACT_TEI_XML_ID_TO_CORPUSTEI_FILENAME_STEM,HIGH,False,Successor-object lineage match; content equality still requires old-carrier download/hash comparison.
OVL-0034,TextGrid GRETIL,TG-GRE-0072,Vaitānaśrautasūtra (= Vaitānasūtra),Original GRETIL catalogue,GRE-00055,Vaitana-Srautasutra ( = Vaitanasutra) (input by Arlo Griffiths),EXACT_TEI_XML_ID_TO_CORPUSTEI_FILENAME_STEM,HIGH,False,Successor-object lineage match; content equality still requires old-carrier download/hash comparison.
OVL-0035,TextGrid GRETIL,TG-GRE-0073,Vārāhagṛhyasūtra,Original GRETIL catalogue,GRE-00070,Varaha-Grhyasutra (input by Oliver Hellwig),EXACT_TEI_XML_ID_TO_CORPUSTEI_FILENAME_STEM,HIGH,False,Successor-object lineage match; content equality still requires old-carrier download/hash comparison.
OVL-0036,TextGrid GRETIL,TG-GRE-0074,Nirukta,Original GRETIL catalogue,GRE-00074,Nirukta (input by Muneo Tokunaga),EXACT_TEI_XML_ID_TO_CORPUSTEI_FILENAME_STEM,HIGH,False,Successor-object lineage match; content equality still requires old-carrier download/hash comparison.
OVL-0037,TextGrid GRETIL,TG-GRE-0075,Śāṅkhāyanagṛhyasūtra,Original GRETIL catalogue,GRE-00068,Sankhayana-Grhyasutra (input by Muneo Tokunaga),EXACT_TEI_XML_ID_TO_CORPUSTEI_FILENAME_STEM,HIGH,False,Successor-object lineage match; content equality still requires old-carrier download/hash comparison.
OVL-0038,TextGrid GRETIL,TG-GRE-0076,Śāṅkhāyanaśrautasūtra,Original GRETIL catalogue,GRE-00053,Sankhayana-Srautasutra (input by Muneo Tokunaga),EXACT_TEI_XML_ID_TO_CORPUSTEI_FILENAME_STEM,HIGH,False,Successor-object lineage match; content equality still requires old-carrier download/hash comparison.
OVL-0039,TextGrid GRETIL,TG-GRE-0077,Smaradīpikā,Original GRETIL catalogue,GRE-00772,Minanatha: Smaradipika (input by Oliver Hellwig),EXACT_TEI_XML_ID_TO_CORPUSTEI_FILENAME_STEM,HIGH,False,Successor-object lineage match; content equality still requires old-carrier download/hash comparison.
OVL-0040,TextGrid GRETIL,TG-GRE-0078,Rasendracintāmaṇi,Original GRETIL catalogue,GRE-00781,Dhundhukanatha: Rasendracintamani (input by Oliver Hellwig),EXACT_TEI_XML_ID_TO_CORPUSTEI_FILENAME_STEM,HIGH,False,Successor-object lineage match; content equality still requires old-carrier download/hash comparison.
OVL-0041,TextGrid GRETIL,TG-GRE-0079,Paribhāṣenduśekhara,Original GRETIL catalogue,GRE-00505,Nagesa [ = Nagojibhatta]: Paribhasendusekhara (input by members of the Sansknet project),EXACT_TEI_XML_ID_TO_CORPUSTEI_FILENAME_STEM,HIGH,False,Successor-object lineage match; content equality still requires old-carrier download/hash comparison.
OVL-0042,TextGrid GRETIL,TG-GRE-0080,Rasahṛdayatantra with Caturbhujamiśra's Mugdhāvabodhinī (comm.),Original GRETIL catalogue,GRE-00782,Govindabhagavatpada: Rasahrdayatantra (input by Oliver Hellwig),EXACT_TEI_XML_ID_TO_CORPUSTEI_FILENAME_STEM,HIGH,False,Successor-object lineage match; content equality still requires old-carrier download/hash comparison.
OVL-0043,TextGrid GRETIL,TG-GRE-0081,Aṣṭādhyāyī,Original GRETIL catalogue,GRE-00506,Panini: Astadhyayi [mula text extracted from the commented version] (input by Ms. Mari Minamino),EXACT_TEI_XML_ID_TO_CORPUSTEI_FILENAME_STEM,HIGH,False,Successor-object lineage match; content equality still requires old-carrier download/hash comparison.
OVL-0044,TextGrid GRETIL,TG-GRE-0082,Aṣṭādhyāyī,Original GRETIL catalogue,GRE-00507,Panini: Astadhyayi [alternative version] (input under the guidance of W.P. Lehman),EXACT_TEI_XML_ID_TO_CORPUSTEI_FILENAME_STEM,HIGH,False,Successor-object lineage match; content equality still requires old-carrier download/hash comparison.
OVL-0045,TextGrid GRETIL,TG-GRE-0083,Kādambarīsvīkaraṇasūtramañjarī,Original GRETIL catalogue,GRE-00773,Pururavas: Kadambarisvikaranasutramanjari (input by Oliver Hellwig),EXACT_TEI_XML_ID_TO_CORPUSTEI_FILENAME_STEM,HIGH,False,Successor-object lineage match; content equality still requires old-carrier download/hash comparison.
OVL-0046,TextGrid GRETIL,TG-GRE-0084,Rasaratnākara,Original GRETIL catalogue,GRE-00785,Nityanathasiddha [alias Nemanatha]: Rasaratnakara (input by Oliver Hellwig),EXACT_TEI_XML_ID_TO_CORPUSTEI_FILENAME_STEM,HIGH,False,Successor-object lineage match; content equality still requires old-carrier download/hash comparison.
OVL-0047,TextGrid GRETIL,TG-GRE-0085,"Rasādhyaya, 1-302+com with Ṭīkā",Original GRETIL catalogue,GRE-00786,"Rasadhyaya (with tika), verses 1-481 (input by Oliver Hellwig)",EXACT_TEI_XML_ID_TO_CORPUSTEI_FILENAME_STEM,HIGH,False,Successor-object lineage match; content equality still requires old-carrier download/hash comparison.
OVL-0048,TextGrid GRETIL,TG-GRE-0086,Pañcasāyaka,Original GRETIL catalogue,GRE-00771,Jyotirisvara Kavisekhara: Pancasayaka (input by Dhaval Patel),EXACT_TEI_XML_ID_TO_CORPUSTEI_FILENAME_STEM,HIGH,False,Successor-object lineage match; content equality still requires old-carrier download/hash comparison.
OVL-0049,TextGrid GRETIL,TG-GRE-0087,"Rasārṇava, 1-12",Original GRETIL catalogue,GRE-00787,Rasarnava (patalas 1-12) (input by Oliver Hellwig),EXACT_TEI_XML_ID_TO_CORPUSTEI_FILENAME_STEM,HIGH,False,Successor-object lineage match; content equality still requires old-carrier download/hash comparison.
OVL-0050,TextGrid GRETIL,TG-GRE-0088,"Rājanighaṇṭu [also called Nighaṇṭurāja, or Abhidhānacūḍāmaṇi]",Original GRETIL catalogue,GRE-00784,"Narahari Pandita [alias Nrsimha]: Rajanighantu [also called Nighanturaja, or Abhidhanacudamani] (input by Oliver Hellwig)",EXACT_TEI_XML_ID_TO_CORPUSTEI_FILENAME_STEM,HIGH,False,Successor-object lineage match; content equality still requires old-carrier download/hash comparison.
OVL-0051,TextGrid GRETIL,TG-GRE-0089,Sūryasiddhānta,Original GRETIL catalogue,GRE-00803,Suryasiddhanta (input by Michio Yano),EXACT_TEI_XML_ID_TO_CORPUSTEI_FILENAME_STEM,HIGH,False,Successor-object lineage match; content equality still requires old-carrier download/hash comparison.
OVL-0052,TextGrid GRETIL,TG-GRE-0090,"Rasendracūḍāmaṇi 3-5, 7-16",Original GRETIL catalogue,GRE-00789,"Somadeva: Rasendracudamani, chapters 3-5, 7-16 (input by Oliver Hellwig)",EXACT_TEI_XML_ID_TO_CORPUSTEI_FILENAME_STEM,HIGH,False,Successor-object lineage match; content equality still requires old-carrier download/hash comparison.
OVL-0053,TextGrid GRETIL,TG-GRE-0091,Vyākaraṇamahābhāṣya,Original GRETIL catalogue,GRE-00508,Patanjali: Vyakaranamahabhasya [Mahabhasya] (input by George Cardona),EXACT_TEI_XML_ID_TO_CORPUSTEI_FILENAME_STEM,HIGH,False,Successor-object lineage match; content equality still requires old-carrier download/hash comparison.
OVL-0054,TextGrid GRETIL,TG-GRE-0092,Rasaratnasamuccaya,Original GRETIL catalogue,GRE-00792,"Vagbhata: Rasaratnasamuccaya (input: Adhy. 1-5 by W. Mical, Somadeva Vasudeva and A. Glazier; Adhy. 6-12 by Oliver Hellwig)",EXACT_TEI_XML_ID_TO_CORPUSTEI_FILENAME_STEM,HIGH,False,Successor-object lineage match; content equality still requires old-carrier download/hash comparison.
OVL-0055,TextGrid GRETIL,TG-GRE-0093,Āyurvedamahodadhau annapānavidhi,Original GRETIL catalogue,GRE-00790,"Susena: Ayurvedamahodadhi, Annapanavidhi (input by Klaus Wille)",EXACT_TEI_XML_ID_TO_CORPUSTEI_FILENAME_STEM,HIGH,False,Successor-object lineage match; content equality still requires old-carrier download/hash comparison.
OVL-0056,TextGrid GRETIL,TG-GRE-0094,Aṣṭāṅganighaṇṭu,Original GRETIL catalogue,GRE-00794,Vahata: Astanganighantu (input by Oliver Hellwig),EXACT_TEI_XML_ID_TO_CORPUSTEI_FILENAME_STEM,HIGH,False,Successor-object lineage match; content equality still requires old-carrier download/hash comparison.
OVL-0057,TextGrid GRETIL,TG-GRE-0095,Bṛhajjātaka,Original GRETIL catalogue,GRE-00804,Varahamihira: Brhajjataka (input by Mizue Sugita),EXACT_TEI_XML_ID_TO_CORPUSTEI_FILENAME_STEM,HIGH,False,Successor-object lineage match; content equality still requires old-carrier download/hash comparison.
OVL-0058,TextGrid GRETIL,TG-GRE-0097,Laghusiddhāntakaumudī (= Laghukaumudi),Original GRETIL catalogue,GRE-00509,Varadaraja: Laghusiddhantakaumudi [ = Laghukaumudi] (input by members of the Sansknet project),EXACT_TEI_XML_ID_TO_CORPUSTEI_FILENAME_STEM,HIGH,False,Successor-object lineage match; content equality still requires old-carrier download/hash comparison.
OVL-0059,TextGrid GRETIL,TG-GRE-0098,Arthaśāstra,Original GRETIL catalogue,GRE-00770,Kautiliya-Arthasastra (input by Muneo Tokunaga),EXACT_TEI_XML_ID_TO_CORPUSTEI_FILENAME_STEM,HIGH,False,Successor-object lineage match; content equality still requires old-carrier download/hash comparison.
OVL-0060,TextGrid GRETIL,TG-GRE-0099,Tikanikayātra,Original GRETIL catalogue,GRE-00806,Varahamihira: Tikanikayatra (input by Mizue Sugita),EXACT_TEI_XML_ID_TO_CORPUSTEI_FILENAME_STEM,HIGH,False,Successor-object lineage match; content equality still requires old-carrier download/hash comparison.
OVL-0061,TextGrid GRETIL,TG-GRE-0100,Vivāhapaṭala,Original GRETIL catalogue,GRE-00807,Varahamihira: Vivahapatala (input by Mizue Sugita),EXACT_TEI_XML_ID_TO_CORPUSTEI_FILENAME_STEM,HIGH,False,Successor-object lineage match; content equality still requires old-carrier download/hash comparison.
OVL-0062,TextGrid GRETIL,TG-GRE-0101,Bṛhatsaṃhitā,Original GRETIL catalogue,GRE-00805,Varahamihira: Brhatsamhita (input by Michio Yano and Mizue Sugita),EXACT_TEI_XML_ID_TO_CORPUSTEI_FILENAME_STEM,HIGH,False,Successor-object lineage match; content equality still requires old-carrier download/hash comparison.
OVL-0063,TextGrid GRETIL,TG-GRE-0102,Yogayātrā,Original GRETIL catalogue,GRE-00808,Varahamihira: Yogayatra (input by Mizue Sugita),EXACT_TEI_XML_ID_TO_CORPUSTEI_FILENAME_STEM,HIGH,False,Successor-object lineage match; content equality still requires old-carrier download/hash comparison.
OVL-0064,TextGrid GRETIL,TG-GRE-0103,Kāmasūtra,Original GRETIL catalogue,GRE-00775,Vatsyayana: Kamasutra (input by Mizue Sugita),EXACT_TEI_XML_ID_TO_CORPUSTEI_FILENAME_STEM,HIGH,False,Successor-object lineage match; content equality still requires old-carrier download/hash comparison.
OVL-0065,TextGrid GRETIL,TG-GRE-0104,Kāmasūtra,Original GRETIL catalogue,GRE-00774,Vatsyayana: Kamasutra [with notes] (input by Jean Fezas),EXACT_TEI_XML_ID_TO_CORPUSTEI_FILENAME_STEM,HIGH,False,Successor-object lineage match; content equality still requires old-carrier download/hash comparison.
OVL-0066,TextGrid GRETIL,TG-GRE-0106,Nāmaliṅgānuśāsana = Amarakośa,Original GRETIL catalogue,GRE-00510,Amarasimha: Namalinganusasana [Amarakosa] (input by Avinash Sathaye & Pramod SV Ganesan),EXACT_TEI_XML_ID_TO_CORPUSTEI_FILENAME_STEM,HIGH,False,Successor-object lineage match; content equality still requires old-carrier download/hash comparison.
OVL-0067,TextGrid GRETIL,TG-GRE-0107,Āryabhaṭīya,Original GRETIL catalogue,GRE-00797,Aryabhatiya (input by Takao Hayashi),EXACT_TEI_XML_ID_TO_CORPUSTEI_FILENAME_STEM,HIGH,False,Successor-object lineage match; content equality still requires old-carrier download/hash comparison.
OVL-0068,TextGrid GRETIL,TG-GRE-0108,Carakasaṃhitā-parts with the Āyurvedadīpikā,Original GRETIL catalogue,GRE-00776,Agnivesa: Caraka-Samhita [selected parts] (input by Oliver Hellwig),EXACT_TEI_XML_ID_TO_CORPUSTEI_FILENAME_STEM,HIGH,False,Successor-object lineage match; content equality still requires old-carrier download/hash comparison.
OVL-0069,TextGrid GRETIL,TG-GRE-0109,Bījagaṇita,Original GRETIL catalogue,GRE-00799,Bhaskara: Bijaganita (input by Takao Hayashi),EXACT_TEI_XML_ID_TO_CORPUSTEI_FILENAME_STEM,HIGH,False,Successor-object lineage match; content equality still requires old-carrier download/hash comparison.
OVL-0070,TextGrid GRETIL,TG-GRE-0110,Āryabhaṭīya with the Commentary of Bhāskara I and Someśvara,Original GRETIL catalogue,GRE-00798,Aryabhatiya with the commentary of Bhaskara I and Somesvara (input by Danielle Feller),EXACT_TEI_XML_ID_TO_CORPUSTEI_FILENAME_STEM,HIGH,False,Successor-object lineage match; content equality still requires old-carrier download/hash comparison.
OVL-0071,TextGrid GRETIL,TG-GRE-0111,Bhāvaprakāśa,Original GRETIL catalogue,GRE-00778,Bhavamisra: Bhavaprakasa (input by Oliver Hellwig),EXACT_TEI_XML_ID_TO_CORPUSTEI_FILENAME_STEM,HIGH,False,Successor-object lineage match; content equality still requires old-carrier download/hash comparison.
OVL-0072,TextGrid GRETIL,TG-GRE-0112,Vākyapadīya,Original GRETIL catalogue,GRE-00501,Bhartrhari: Vakyapadiya [complete] (input by Yves Ramseier),EXACT_TEI_XML_ID_TO_CORPUSTEI_FILENAME_STEM,HIGH,False,Successor-object lineage match; content equality still requires old-carrier download/hash comparison.
OVL-0073,TextGrid GRETIL,TG-GRE-0113,Bower Manuscript,Original GRETIL catalogue,GRE-00779,Bower-Manuscript (input by Klaus Wille),EXACT_TEI_XML_ID_TO_CORPUSTEI_FILENAME_STEM,HIGH,False,Successor-object lineage match; content equality still requires old-carrier download/hash comparison.
OVL-0074,TextGrid GRETIL,TG-GRE-0114,Rasasaṃketakalikā [= Rasasaṅketakalikā],Original GRETIL catalogue,GRE-00780,Camunda [Kayastha ( = Kayasthacamunda)]: Rasasamketakalika [ = Rasasanketakalika] (input by Oliver Hellwig),EXACT_TEI_XML_ID_TO_CORPUSTEI_FILENAME_STEM,HIGH,False,Successor-object lineage match; content equality still requires old-carrier download/hash comparison.
OVL-0075,TextGrid GRETIL,TG-GRE-0115,Samanvayadiś,Original GRETIL catalogue,GRE-00504,Kudaka: Samanvayadis (input by Walter Slaje),EXACT_TEI_XML_ID_TO_CORPUSTEI_FILENAME_STEM,HIGH,False,Successor-object lineage match; content equality still requires old-carrier download/hash comparison.
OVL-0076,TextGrid GRETIL,TG-GRE-0116,Ṛgvedavedāṅgajyotiṣa,Original GRETIL catalogue,GRE-00802,Lagadha: Rgvedavedangajyotisa (input by Oliver Hellwig),EXACT_TEI_XML_ID_TO_CORPUSTEI_FILENAME_STEM,HIGH,False,Successor-object lineage match; content equality still requires old-carrier download/hash comparison.
OVL-0077,TextGrid GRETIL,TG-GRE-0117,Vaidyajīvana,Original GRETIL catalogue,GRE-00783,Lolimbaraja: Vaidyajivana (input by Jürgen Hanneder and Thomas Schäfer),EXACT_TEI_XML_ID_TO_CORPUSTEI_FILENAME_STEM,HIGH,False,Successor-object lineage match; content equality still requires old-carrier download/hash comparison.
OVL-0078,TextGrid GRETIL,TG-GRE-0118,Yogayātrā,Original GRETIL catalogue,GRE-00808,Varahamihira: Yogayatra (input by Mizue Sugita),EXACT_TEI_XML_ID_TO_CORPUSTEI_FILENAME_STEM,HIGH,False,Successor-object lineage match; content equality still requires old-carrier download/hash comparison.
OVL-0079,TextGrid GRETIL,TG-GRE-0119,Yogaśataka,Original GRETIL catalogue,GRE-00796,Yogasataka (input by Klaus Wille),EXACT_TEI_XML_ID_TO_CORPUSTEI_FILENAME_STEM,HIGH,False,Successor-object lineage match; content equality still requires old-carrier download/hash comparison.
OVL-0080,TextGrid GRETIL,TG-GRE-0120,Rasamañjarī,Original GRETIL catalogue,GRE-00788,Salinatha: Rasamanjari (input by Oliver Hellwig),EXACT_TEI_XML_ID_TO_CORPUSTEI_FILENAME_STEM,HIGH,False,Successor-object lineage match; content equality still requires old-carrier download/hash comparison.
OVL-0081,TextGrid GRETIL,TG-GRE-0121,Rasaprakāśasudhākara,Original GRETIL catalogue,GRE-00795,Yasodhara: Rasaprakasasudhakara (input by Oliver Hellwig),EXACT_TEI_XML_ID_TO_CORPUSTEI_FILENAME_STEM,HIGH,False,Successor-object lineage match; content equality still requires old-carrier download/hash comparison.
OVL-0082,TextGrid GRETIL,TG-GRE-0123,Aṣṭāṅgahṛdayasūtra,Original GRETIL catalogue,GRE-00791,Vagbhata: Astangahrdayasutra (input by R.P. Das and R.E. Emmerick),EXACT_TEI_XML_ID_TO_CORPUSTEI_FILENAME_STEM,HIGH,False,Successor-object lineage match; content equality still requires old-carrier download/hash comparison.
OVL-0083,TextGrid GRETIL,TG-GRE-0124,Līlāvatī,Original GRETIL catalogue,GRE-00800,Bhaskara: Lilavati (input by Takao Hayashi),EXACT_TEI_XML_ID_TO_CORPUSTEI_FILENAME_STEM,HIGH,False,Successor-object lineage match; content equality still requires old-carrier download/hash comparison.
OVL-0084,TextGrid GRETIL,TG-GRE-0125,Brāhmasphuṭasiddhānta,Original GRETIL catalogue,GRE-00801,Brahmagupta: Brahmasphutasiddhanta (input by Takao Hayashi),EXACT_TEI_XML_ID_TO_CORPUSTEI_FILENAME_STEM,HIGH,False,Successor-object lineage match; content equality still requires old-carrier download/hash comparison.
OVL-0085,TextGrid GRETIL,TG-GRE-0126,Ānandakanda,Original GRETIL catalogue,GRE-00777,Anandakanda (input by Oliver Hellwig),EXACT_TEI_XML_ID_TO_CORPUSTEI_FILENAME_STEM,HIGH,False,Successor-object lineage match; content equality still requires old-carrier download/hash comparison.
OVL-0086,TextGrid GRETIL,TG-GRE-0127,Śaṅkhāyana-Āraṇyaka,Original GRETIL catalogue,GRE-00025,Sankhayana-Aranyaka (input by Martin Joachim Kümmel),EXACT_TEI_XML_ID_TO_CORPUSTEI_FILENAME_STEM,HIGH,False,Successor-object lineage match; content equality still requires old-carrier download/hash comparison.
OVL-0087,TextGrid GRETIL,TG-GRE-0139,Pañcaviṃśabrāhmaṇa,Original GRETIL catalogue,GRE-00020,"Pancavimsa-Brahmana [Tandya-Maha-Brahmana] (input by Martin Kümmel, Arlo Griffiths and Masato Kobayashi)",EXACT_TEI_XML_ID_TO_CORPUSTEI_FILENAME_STEM,HIGH,False,Successor-object lineage match; content equality still requires old-carrier download/hash comparison.
OVL-0088,TextGrid GRETIL,TG-GRE-0140,Gopathabrāhmaṇa,Original GRETIL catalogue,GRE-00013,Gopatha-Brahmana (input by Arlo Griffiths),EXACT_TEI_XML_ID_TO_CORPUSTEI_FILENAME_STEM,HIGH,False,Successor-object lineage match; content equality still requires old-carrier download/hash comparison.
OVL-0089,TextGrid GRETIL,TG-GRE-0141,Kauṣītakibrāhmaṇa (or Śāṅkhāyanabrāhmaṇa),Original GRETIL catalogue,GRE-00018,Kausitaki-Brahmana [or Sankhayana-Brahmana] (input by Muneo Tokunaga),EXACT_TEI_XML_ID_TO_CORPUSTEI_FILENAME_STEM,HIGH,False,Successor-object lineage match; content equality still requires old-carrier download/hash comparison.
OVL-0090,TextGrid GRETIL,TG-GRE-0142,"Ṛgvedasaṃhitā, Padapāṭha",Original GRETIL catalogue,GRE-00002,"Rgveda, Padapatha text (input by members of the Sansknet project)",EXACT_TEI_XML_ID_TO_CORPUSTEI_FILENAME_STEM,HIGH,False,Successor-object lineage match; content equality still requires old-carrier download/hash comparison.
OVL-0091,TextGrid GRETIL,TG-GRE-0144,Paippalāda-Saṃhitā,Original GRETIL catalogue,GRE-00006,"Atharvaveda-Samhita, Paippalada recension (input by Arlo Griffiths, Thomas Zehnder, Philipp Kubisch, Duccio Lelli, Alexander Lubotsky, Carmen Spiers, and Michael Witzel)",EXACT_TEI_XML_ID_TO_CORPUSTEI_FILENAME_STEM,HIGH,False,Successor-object lineage match; content equality still requires old-carrier download/hash comparison.
OVL-0092,TextGrid GRETIL,TG-GRE-0145,"Bṛhadāraṇyakopaniṣad, Kāṇva recension with the commentary ascribed to Śaṃkara",Original GRETIL catalogue,GRE-00028,"Brhadaranyaka-Upanisad [YV/Sukla, Kanva recension], with comm. ascribed to Samkara (input by members of the Sansknet project)",EXACT_TEI_XML_ID_TO_CORPUSTEI_FILENAME_STEM,HIGH,False,Successor-object lineage match; content equality still requires old-carrier download/hash comparison.
OVL-0093,TextGrid GRETIL,TG-GRE-0146,Māṇḍūkyopaniṣad,Original GRETIL catalogue,GRE-00037,"Mandukya-Upanisad [AV], alternative version (input by Jeff Samuels)",EXACT_TEI_XML_ID_TO_CORPUSTEI_FILENAME_STEM,HIGH,False,Successor-object lineage match; content equality still requires old-carrier download/hash comparison.
OVL-0094,TextGrid GRETIL,TG-GRE-0147,"Māṇḍūkyopaniṣatkārikā (also known as Gauḍapādakārikā, Māṇḍūkyakārikā or Āgamaśāstra)",Original GRETIL catalogue,GRE-00036,"Mandukya-Upanisad [AV], with Gaudapada's Karika and comm. (input by members of the Sansknet project)",EXACT_TEI_XML_ID_TO_CORPUSTEI_FILENAME_STEM,HIGH,False,Successor-object lineage match; content equality still requires old-carrier download/hash comparison.
OVL-0095,TextGrid GRETIL,TG-GRE-0148,Śira-upaniṣad (= Atharvaśira-upanisad),Original GRETIL catalogue,GRE-00048,Sira-Upanisad [Atharvasira-Upanisad] (input by Oliver Hellwig),EXACT_TEI_XML_ID_TO_CORPUSTEI_FILENAME_STEM,HIGH,False,Successor-object lineage match; content equality still requires old-carrier download/hash comparison.
OVL-0096,TextGrid GRETIL,TG-GRE-0149,Nādabindūpaniṣad,Original GRETIL catalogue,GRE-00047,Nadabindu-Upanisad [Nadabindupanisad] (input by Oliver Hellwig),EXACT_TEI_XML_ID_TO_CORPUSTEI_FILENAME_STEM,HIGH,False,Successor-object lineage match; content equality still requires old-carrier download/hash comparison.
OVL-0097,TextGrid GRETIL,TG-GRE-0150,Śvetāśvataropaniṣad,Original GRETIL catalogue,GRE-00041,"Svetasvatara-Upanisad [YV/Krsna] (input by S. H., proofread by John Manetta)",EXACT_TEI_XML_ID_TO_CORPUSTEI_FILENAME_STEM,HIGH,False,Successor-object lineage match; content equality still requires old-carrier download/hash comparison.
OVL-0098,TextGrid GRETIL,TG-GRE-0151,Śivasaṃkalpopaniṣad,Original GRETIL catalogue,GRE-00040,Sivasamkalpa-Upanisad (input by Maximilian Mehner),EXACT_TEI_XML_ID_TO_CORPUSTEI_FILENAME_STEM,HIGH,False,Successor-object lineage match; content equality still requires old-carrier download/hash comparison.
OVL-0099,TextGrid GRETIL,TG-GRE-0152,Praśnopaniṣad with the commentary ascribed to Śaṃkara,Original GRETIL catalogue,GRE-00039,"Prasna-Upanisad [AV/Pai], with comm. ascribed to Samkara (input by members of the Sansknet project)",EXACT_TEI_XML_ID_TO_CORPUSTEI_FILENAME_STEM,HIGH,False,Successor-object lineage match; content equality still requires old-carrier download/hash comparison.
OVL-0100,TextGrid GRETIL,TG-GRE-0153,Śvetāśvataropaniṣad,Original GRETIL catalogue,GRE-00042,Svetasvatara-Upanisad [YV/Krsna (alternative version)] (input by Jan Brzezinski),EXACT_TEI_XML_ID_TO_CORPUSTEI_FILENAME_STEM,HIGH,False,Successor-object lineage match; content equality still requires old-carrier download/hash comparison.
OVL-0101,TextGrid GRETIL,TG-GRE-0154,Brahmabindūpaniṣad,Original GRETIL catalogue,GRE-00044,Brahmabindu-Upanisad [Brahmabindupanisad] (input by Oliver Hellwig),EXACT_TEI_XML_ID_TO_CORPUSTEI_FILENAME_STEM,HIGH,False,Successor-object lineage match; content equality still requires old-carrier download/hash comparison.
OVL-0102,TextGrid GRETIL,TG-GRE-0155,Garbhopaniṣad,Original GRETIL catalogue,GRE-00045,Garbha-Upanisad [Garbhopanisad] (input by Oliver Hellwig),EXACT_TEI_XML_ID_TO_CORPUSTEI_FILENAME_STEM,HIGH,False,Successor-object lineage match; content equality still requires old-carrier download/hash comparison.
OVL-0103,TextGrid GRETIL,TG-GRE-0156,"Īśopaniṣad (or Īśāvāsyopaniṣad), Kāṇva recension with the commentary ascribed to Śaṃkara",Original GRETIL catalogue,GRE-00030,"Isa-Upanisad [YV/Sukla], with comm. ascribed to Samkara (input by members of the Sansknet project)",EXACT_TEI_XML_ID_TO_CORPUSTEI_FILENAME_STEM,HIGH,False,Successor-object lineage match; content equality still requires old-carrier download/hash comparison.
OVL-0104,TextGrid GRETIL,TG-GRE-0157,Kaivalyopaniṣad,Original GRETIL catalogue,GRE-00046,Kaivalya-Upanisad [Kaivalyopanisad] (original input by Anshuman Pandey),EXACT_TEI_XML_ID_TO_CORPUSTEI_FILENAME_STEM,HIGH,False,Successor-object lineage match; content equality still requires old-carrier download/hash comparison.
OVL-0105,TextGrid GRETIL,TG-GRE-0158,Kathopaniṣad,Original GRETIL catalogue,GRE-00031,Katha-Upanisad [YV/Krsna] (input by Vienna University Student Team),EXACT_TEI_XML_ID_TO_CORPUSTEI_FILENAME_STEM,HIGH,False,Successor-object lineage match; content equality still requires old-carrier download/hash comparison.
OVL-0106,TextGrid GRETIL,TG-GRE-0160,Ṛgvedakhilāni,Original GRETIL catalogue,GRE-00003,Rgveda-Khilani (input by Muneo Tokunaga),EXACT_TEI_XML_ID_TO_CORPUSTEI_FILENAME_STEM,HIGH,False,Successor-object lineage match; content equality still requires old-carrier download/hash comparison.
OVL-0107,TextGrid GRETIL,TG-GRE-0161,Aitareyopaniṣad with the commentary ascribed to Śaṃkara,Original GRETIL catalogue,GRE-00027,"Aitareya-Upanisad [RV], with comm. ascribed to Samkara (input by members of the Sansknet project)",EXACT_TEI_XML_ID_TO_CORPUSTEI_FILENAME_STEM,HIGH,False,Successor-object lineage match; content equality still requires old-carrier download/hash comparison.
OVL-0108,TextGrid GRETIL,TG-GRE-0164,"Māṇḍūkyopaniṣad with Māṇḍūkyamūlamantrabhāṣya, Māṇḍūkyopaniṣatkārikā, and Āgamaśāstrabhāṣya",Original GRETIL catalogue,GRE-00036,"Mandukya-Upanisad [AV], with Gaudapada's Karika and comm. (input by members of the Sansknet project)",EXACT_TEI_XML_ID_TO_CORPUSTEI_FILENAME_STEM,HIGH,False,Successor-object lineage match; content equality still requires old-carrier download/hash comparison.
OVL-0109,TextGrid GRETIL,TG-GRE-0165,Taittirīya-Upaniṣad with Śaṃkarabhāṣya,Original GRETIL catalogue,GRE-00043,Taittiriya-Upanisad [YV/Krsna] with Samkarabhasya (input by Ivan Andrijanić),EXACT_TEI_XML_ID_TO_CORPUSTEI_FILENAME_STEM,HIGH,False,Successor-object lineage match; content equality still requires old-carrier download/hash comparison.
OVL-0110,TextGrid GRETIL,TG-GRE-0166,Sāmavedasaṃhitā,Original GRETIL catalogue,GRE-00007,Samaveda (input by Anshuman Pandey),EXACT_TEI_XML_ID_TO_CORPUSTEI_FILENAME_STEM,HIGH,False,Successor-object lineage match; content equality still requires old-carrier download/hash comparison.
OVL-0111,TextGrid GRETIL,TG-GRE-0168,Chāndogyopaniṣad with the commentary ascribed to Śaṃkara,Original GRETIL catalogue,GRE-00029,"Chandogya-Upanisad [SV], with comm. ascribed to Samkara (input by members of the Sansknet project)",EXACT_TEI_XML_ID_TO_CORPUSTEI_FILENAME_STEM,HIGH,False,Successor-object lineage match; content equality still requires old-carrier download/hash comparison.
OVL-0112,TextGrid GRETIL,TG-GRE-0170,Ṛgveda-Saṃhitā,Original GRETIL catalogue,GRE-00001,"Rgveda (input by Barend A. Van Nooten and Gary B. Holland, converted and revised by Detlef Eichler)",EXACT_TEI_XML_ID_TO_CORPUSTEI_FILENAME_STEM,HIGH,False,Successor-object lineage match; content equality still requires old-carrier download/hash comparison.
OVL-0113,TextGrid GRETIL,TG-GRE-0172,Caitanyacandrāmṛta,Original GRETIL catalogue,GRE-00120,Prabodhananda Sarasvati Gosvami: Caitanyacandramrta (input by …),EXACT_TEI_XML_ID_TO_CORPUSTEI_FILENAME_STEM,HIGH,False,Successor-object lineage match; content equality still requires old-carrier download/hash comparison.
OVL-0114,TextGrid GRETIL,TG-GRE-0173,Bhāvopahārastotra with Vivaraṇa commentary by Ramyadeva Bhaṭṭa,Original GRETIL catalogue,GRE-00136,"Cakrapaninatha: Bhavopaharastotra, with Ramyadeva Bhatta's Vivarana (input by Somadeva Vasudeva)",EXACT_TEI_XML_ID_TO_CORPUSTEI_FILENAME_STEM,HIGH,False,Successor-object lineage match; content equality still requires old-carrier download/hash comparison.
OVL-0115,TextGrid GRETIL,TG-GRE-0174,Stotraratna,Original GRETIL catalogue,GRE-00132,Yamuna: Stotraratna (input by Sadanori Ishitobi),EXACT_TEI_XML_ID_TO_CORPUSTEI_FILENAME_STEM,HIGH,False,Successor-object lineage match; content equality still requires old-carrier download/hash comparison.
OVL-0116,TextGrid GRETIL,TG-GRE-0175,Bījanighaṇṭu,Original GRETIL catalogue,GRE-00135,Bijanighantu (input by Oliver Hellwig),EXACT_TEI_XML_ID_TO_CORPUSTEI_FILENAME_STEM,HIGH,False,Successor-object lineage match; content equality still requires old-carrier download/hash comparison.
OVL-0117,TextGrid GRETIL,TG-GRE-0176,Śivamahimnastava,Original GRETIL catalogue,GRE-00154,Sivamahimnastava (input by Harunaga Isaacson),EXACT_TEI_XML_ID_TO_CORPUSTEI_FILENAME_STEM,HIGH,False,Successor-object lineage match; content equality still requires old-carrier download/hash comparison.
OVL-0118,TextGrid GRETIL,TG-GRE-0177,Devīkālottarāgama,Original GRETIL catalogue,GRE-00137,Devikalottara-Agama [Devikalottaragama] (input by Dominic Goodall),EXACT_TEI_XML_ID_TO_CORPUSTEI_FILENAME_STEM,HIGH,False,Successor-object lineage match; content equality still requires old-carrier download/hash comparison.
OVL-0119,TextGrid GRETIL,TG-GRE-0178,Āmaraughaśāsana,Original GRETIL catalogue,GRE-00138,"Goraksanatha ( = Gorakhnath): Amaraughasasana, with commentary (input by Oliver Hellwig)",EXACT_TEI_XML_ID_TO_CORPUSTEI_FILENAME_STEM,HIGH,False,Successor-object lineage match; content equality still requires old-carrier download/hash comparison.
OVL-0120,TextGrid GRETIL,TG-GRE-0179,Sārdhatriśatikālottarāgama,Original GRETIL catalogue,GRE-00153,"Sardhatrisatikalottaragama (input by Dominic Goodall, corr. by Yang Mei)",EXACT_TEI_XML_ID_TO_CORPUSTEI_FILENAME_STEM,HIGH,False,Successor-object lineage match; content equality still requires old-carrier download/hash comparison.
OVL-0121,TextGrid GRETIL,TG-GRE-0180,Sātvatatantra,Original GRETIL catalogue,GRE-00127,Satvatatantra (input by Oliver Hellwig),EXACT_TEI_XML_ID_TO_CORPUSTEI_FILENAME_STEM,HIGH,False,Successor-object lineage match; content equality still requires old-carrier download/hash comparison.
OVL-0122,TextGrid GRETIL,TG-GRE-0181,Gorakṣaśataka,Original GRETIL catalogue,GRE-00139,"Goraksanatha ( = Gorakhnath): Goraksasataka, 2 versions! (input by …)",EXACT_TEI_XML_ID_TO_CORPUSTEI_FILENAME_STEM,HIGH,False,Successor-object lineage match; content equality still requires old-carrier download/hash comparison.
OVL-0123,TextGrid GRETIL,TG-GRE-0182,Rādhākṛṣṇāṣṭakālīyalīlāsmaraṇakramapaddhati,Original GRETIL catalogue,GRE-00110,Dhyanacandra Gosvami: Radhakrsnastakaliyalilasmaranakramapaddhati (input ..),EXACT_TEI_XML_ID_TO_CORPUSTEI_FILENAME_STEM,HIGH,False,Successor-object lineage match; content equality still requires old-carrier download/hash comparison.
OVL-0124,TextGrid GRETIL,TG-GRE-0183,Gorakṣaśataka,Original GRETIL catalogue,GRE-00139,"Goraksanatha ( = Gorakhnath): Goraksasataka, 2 versions! (input by …)",EXACT_TEI_XML_ID_TO_CORPUSTEI_FILENAME_STEM,HIGH,False,Successor-object lineage match; content equality still requires old-carrier download/hash comparison.
OVL-0125,TextGrid GRETIL,TG-GRE-0184,Stavacintāmaṇi,Original GRETIL catalogue,GRE-00134,Bhatta Narayana: Stavacintamani (input by Harunaga Isaacson),EXACT_TEI_XML_ID_TO_CORPUSTEI_FILENAME_STEM,HIGH,False,Successor-object lineage match; content equality still requires old-carrier download/hash comparison.
OVL-0126,TextGrid GRETIL,TG-GRE-0185,Uḍḍāmareśvaratantra,Original GRETIL catalogue,GRE-00161,Uddamaresvara-Tantra (input by Oliver Hellwig),EXACT_TEI_XML_ID_TO_CORPUSTEI_FILENAME_STEM,HIGH,False,Successor-object lineage match; content equality still requires old-carrier download/hash comparison.
OVL-0127,TextGrid GRETIL,TG-GRE-0186,Toḍalatantra,Original GRETIL catalogue,GRE-00160,Todala-Tantra (input by Oliver Hellwig),EXACT_TEI_XML_ID_TO_CORPUSTEI_FILENAME_STEM,HIGH,False,Successor-object lineage match; content equality still requires old-carrier download/hash comparison.
OVL-0128,TextGrid GRETIL,TG-GRE-0187,Śivastotrāvali,Original GRETIL catalogue,GRE-00162,Utpaladeva: Sivastotravali (input by Somadeva Vasudeva),EXACT_TEI_XML_ID_TO_CORPUSTEI_FILENAME_STEM,HIGH,False,Successor-object lineage match; content equality still requires old-carrier download/hash comparison.
OVL-0129,TextGrid GRETIL,TG-GRE-0188,Śivasūtra with vārttika,Original GRETIL catalogue,GRE-00155,"Sivasutra, with Vartika (input by Oliver Hellwig)",EXACT_TEI_XML_ID_TO_CORPUSTEI_FILENAME_STEM,HIGH,False,Successor-object lineage match; content equality still requires old-carrier download/hash comparison.
OVL-0130,TextGrid GRETIL,TG-GRE-0189,Śivapūjāstava,Original GRETIL catalogue,GRE-00140,Jnanasambhu: Sivapujastava (input by Dominic Goodall),EXACT_TEI_XML_ID_TO_CORPUSTEI_FILENAME_STEM,HIGH,False,Successor-object lineage match; content equality still requires old-carrier download/hash comparison.
OVL-0131,TextGrid GRETIL,TG-GRE-0190,Vīṇāśikhatantra,Original GRETIL catalogue,GRE-00163,Vinasikha-Tantra (input by Somadeva Vasudeva),EXACT_TEI_XML_ID_TO_CORPUSTEI_FILENAME_STEM,HIGH,False,Successor-object lineage match; content equality still requires old-carrier download/hash comparison.
OVL-0132,TextGrid GRETIL,TG-GRE-0191,Ratnatrayaparīkṣā,Original GRETIL catalogue,GRE-00158,Srikantha: Ratnatrayapariksa (input by Dominic Goodall),EXACT_TEI_XML_ID_TO_CORPUSTEI_FILENAME_STEM,HIGH,False,Successor-object lineage match; content equality still requires old-carrier download/hash comparison.
OVL-0133,TextGrid GRETIL,TG-GRE-0192,Ardhanarīśvarastotra,Original GRETIL catalogue,GRE-00142,Kalhana: Ardhanarisvarastotra (input by Walter Slaje),EXACT_TEI_XML_ID_TO_CORPUSTEI_FILENAME_STEM,HIGH,False,Successor-object lineage match; content equality still requires old-carrier download/hash comparison.
OVL-0134,TextGrid GRETIL,TG-GRE-0193,Mukundamālā,Original GRETIL catalogue,GRE-00117,Kulasekhara: Mukundmala (input by Aleksandar Uskokov),EXACT_TEI_XML_ID_TO_CORPUSTEI_FILENAME_STEM,HIGH,False,Successor-object lineage match; content equality still requires old-carrier download/hash comparison.
OVL-0135,TextGrid GRETIL,TG-GRE-0194,Karatoyāmāhātmya,Original GRETIL catalogue,GRE-00141,Karatoyamahatmya (input by Arlo Griffiths),EXACT_TEI_XML_ID_TO_CORPUSTEI_FILENAME_STEM,HIGH,False,Successor-object lineage match; content equality still requires old-carrier download/hash comparison.
OVL-0136,TextGrid GRETIL,TG-GRE-0195,Kṛṣṇāmṛtamahārṇava,Original GRETIL catalogue,GRE-00118,Madhva (Anandatirtha): Krsnamrtamaharnava (input by Thomas K. Gugler),EXACT_TEI_XML_ID_TO_CORPUSTEI_FILENAME_STEM,HIGH,False,Successor-object lineage match; content equality still requires old-carrier download/hash comparison.
OVL-0137,TextGrid GRETIL,TG-GRE-0196,Pāśupatasūtra,Original GRETIL catalogue,GRE-00149,Pasupatasutra (input by Reinhold Grünendahl),EXACT_TEI_XML_ID_TO_CORPUSTEI_FILENAME_STEM,HIGH,False,Successor-object lineage match; content equality still requires old-carrier download/hash comparison.
OVL-0138,TextGrid GRETIL,TG-GRE-0197,Saundaryalaharī,Original GRETIL catalogue,GRE-00152,Samkara (attrib.): Saundaryalahari (input by Peter Schreiner),EXACT_TEI_XML_ID_TO_CORPUSTEI_FILENAME_STEM,HIGH,False,Successor-object lineage match; content equality still requires old-carrier download/hash comparison.
OVL-0139,TextGrid GRETIL,TG-GRE-0198,Brahmasaṃhitā 5 with Jīvagosvāmin's Digdarśanīṭīkā,Original GRETIL catalogue,GRE-00107,"Brahma-Samhita, Adhy. 5 - with Jiva's Digdarsanatika (input by …)",EXACT_TEI_XML_ID_TO_CORPUSTEI_FILENAME_STEM,HIGH,False,Successor-object lineage match; content equality still requires old-carrier download/hash comparison.
OVL-0140,TextGrid GRETIL,TG-GRE-0199,Gauragaovindārcanasmaraṇapaddhati,Original GRETIL catalogue,GRE-00109,Dhyanacandra Gosvami: Gauragovindarcanasmaranapaddhati (input by …),EXACT_TEI_XML_ID_TO_CORPUSTEI_FILENAME_STEM,HIGH,False,Successor-object lineage match; content equality still requires old-carrier download/hash comparison.
OVL-0141,TextGrid GRETIL,TG-GRE-0200,Laghubhāgavatāmṛta,Original GRETIL catalogue,GRE-00125,Rupa Gosvamin: Laghubhagavatamrta (input by …),EXACT_TEI_XML_ID_TO_CORPUSTEI_FILENAME_STEM,HIGH,False,Successor-object lineage match; content equality still requires old-carrier download/hash comparison.
OVL-0142,TextGrid GRETIL,TG-GRE-0201,Muktācarita,Original GRETIL catalogue,GRE-00123,Raghunathadasa Gosvamin: Muktacarita (input by …),EXACT_TEI_XML_ID_TO_CORPUSTEI_FILENAME_STEM,HIGH,False,Successor-object lineage match; content equality still requires old-carrier download/hash comparison.
OVL-0143,TextGrid GRETIL,TG-GRE-0202,Rādhākṛṣṇārcanadīpikā,Original GRETIL catalogue,GRE-00112,Jiva Gosvamin: Radhakrsnarcanadipika (input by …),EXACT_TEI_XML_ID_TO_CORPUSTEI_FILENAME_STEM,HIGH,False,Successor-object lineage match; content equality still requires old-carrier download/hash comparison.
OVL-0144,TextGrid GRETIL,TG-GRE-0203,Mātṛkābhedatantra,Original GRETIL catalogue,GRE-00146,Matrkabhedatantra (input by Oliver Hellwig),EXACT_TEI_XML_ID_TO_CORPUSTEI_FILENAME_STEM,HIGH,False,Successor-object lineage match; content equality still requires old-carrier download/hash comparison.
OVL-0145,TextGrid GRETIL,TG-GRE-0204,Harināmacintāmaṇi,Original GRETIL catalogue,GRE-00108,"Datta, Kedaranatha ( = Bhaktivinoda, 1838-1914): Harinamacintamani (input by …)",EXACT_TEI_XML_ID_TO_CORPUSTEI_FILENAME_STEM,HIGH,False,Successor-object lineage match; content equality still requires old-carrier download/hash comparison.
OVL-0146,TextGrid GRETIL,TG-GRE-0205,"Paraśurāmakalpasūtra (a digest of Śrīvidyā, as system of worship of the Divine Mother)",Original GRETIL catalogue,GRE-00148,Parasuramakalpasutra (input by Claudia Weber),EXACT_TEI_XML_ID_TO_CORPUSTEI_FILENAME_STEM,HIGH,False,Successor-object lineage match; content equality still requires old-carrier download/hash comparison.
OVL-0147,TextGrid GRETIL,TG-GRE-0206,Aṣṭāvakragītā,Original GRETIL catalogue,GRE-00105,Astavakragita (input by John Richards),EXACT_TEI_XML_ID_TO_CORPUSTEI_FILENAME_STEM,HIGH,False,Successor-object lineage match; content equality still requires old-carrier download/hash comparison.
OVL-0148,TextGrid GRETIL,TG-GRE-0207,Mālinīvijayottaratantra,Original GRETIL catalogue,GRE-00145,Malinivijayottaratantra (input by Somadeva Vasudeva),EXACT_TEI_XML_ID_TO_CORPUSTEI_FILENAME_STEM,HIGH,False,Successor-object lineage match; content equality still requires old-carrier download/hash comparison.
OVL-0149,TextGrid GRETIL,TG-GRE-0208,Bhāvanāsārasaṃgraha 1-2,Original GRETIL catalogue,GRE-00116,"Krsnadasa: Bhavanasarasamgraha, 1 & 2 (input by Jan Brzezinski)",EXACT_TEI_XML_ID_TO_CORPUSTEI_FILENAME_STEM,HIGH,False,Successor-object lineage match; content equality still requires old-carrier download/hash comparison.
OVL-0150,TextGrid GRETIL,TG-GRE-0209,Jñānāmṛtasārasaṃhitā (also called “Nāradapañcarātra”),Original GRETIL catalogue,GRE-00114,"Jnanamrtasara-Samhita (Book 1) [""Narada-Pancaratra""] (input by …)",EXACT_TEI_XML_ID_TO_CORPUSTEI_FILENAME_STEM,HIGH,False,Successor-object lineage match; content equality still requires old-carrier download/hash comparison.
OVL-0151,TextGrid GRETIL,TG-GRE-0210,Pāśupatasūtra with Kauṇḍinya's Pañcārthabhāṣya,Original GRETIL catalogue,GRE-00150,Pasupatasutra with Kaundinya's Pancarthabhasya (input by Oliver Hellwig),EXACT_TEI_XML_ID_TO_CORPUSTEI_FILENAME_STEM,HIGH,False,Successor-object lineage match; content equality still requires old-carrier download/hash comparison.
OVL-0152,TextGrid GRETIL,TG-GRE-0211,Prakāśasaṃhitā (a Pāñcarātrasaṃhitā),Original GRETIL catalogue,GRE-00121,Prakasa-Samhita [Pancaratra] (input by members of the Sansknet project),EXACT_TEI_XML_ID_TO_CORPUSTEI_FILENAME_STEM,HIGH,False,Successor-object lineage match; content equality still requires old-carrier download/hash comparison.
OVL-0153,TextGrid GRETIL,TG-GRE-0212,Śāstravārttāsamuccaya,Original GRETIL catalogue,GRE-00385,Haribhadrasuri: Sastravartasamuccaya (input by Yasunori Harada),EXACT_TEI_XML_ID_TO_CORPUSTEI_FILENAME_STEM,HIGH,False,Successor-object lineage match; content equality still requires old-carrier download/hash comparison.
OVL-0154,TextGrid GRETIL,TG-GRE-0213,"Kiraṇatantra, 1-6 with the commentary of Rāmakaṇṭha",Original GRETIL catalogue,GRE-00143,"Kirana-Tantra, Chapters 1-6 (input by Dominic Goodall)",EXACT_TEI_XML_ID_TO_CORPUSTEI_FILENAME_STEM,HIGH,False,Successor-object lineage match; content equality still requires old-carrier download/hash comparison.
OVL-0155,TextGrid GRETIL,TG-GRE-0214,Mṛgendrāgama (= Mrgendratantra),Original GRETIL catalogue,GRE-00147,Mrgendragama ( = Mrgendra-Tantra),EXACT_TEI_XML_ID_TO_CORPUSTEI_FILENAME_STEM,HIGH,False,Successor-object lineage match; content equality still requires old-carrier download/hash comparison.
OVL-0156,TextGrid GRETIL,TG-GRE-0215,Sādhanadīpikā,Original GRETIL catalogue,GRE-00122,Radhakrsnadasa Gosvamin: Sadhanadipika (input by …),EXACT_TEI_XML_ID_TO_CORPUSTEI_FILENAME_STEM,HIGH,False,Successor-object lineage match; content equality still requires old-carrier download/hash comparison.
OVL-0157,TextGrid GRETIL,TG-GRE-0216,"Vaikhānasamantrapraśna, 5-8",Original GRETIL catalogue,GRE-00128,"Vaikhanasamantraprasna, Prasnas 5- 8 (input by Howard J. Resnick)",EXACT_TEI_XML_ID_TO_CORPUSTEI_FILENAME_STEM,HIGH,False,Successor-object lineage match; content equality still requires old-carrier download/hash comparison.
OVL-0158,TextGrid GRETIL,TG-GRE-0217,Daśavidhāhetunirūpaṇa (part of the Vaikhānasasūtratātparyacintāmaṇi),Original GRETIL catalogue,GRE-00126,Srinivasamakhin Vedantadesika [ = Srinivasa Diksita]: Dasavidhahetunirupana [part of the Vaikhanasasutratatparyacintamani] (input by Ute Hüsken),EXACT_TEI_XML_ID_TO_CORPUSTEI_FILENAME_STEM,HIGH,False,Successor-object lineage match; content equality still requires old-carrier download/hash comparison.
OVL-0159,TextGrid GRETIL,TG-GRE-0218,Śivopaniṣad,Original GRETIL catalogue,GRE-00156,Siva-Upanisad [Sivopanisad] (input by Reinhold Grünendahl),EXACT_TEI_XML_ID_TO_CORPUSTEI_FILENAME_STEM,HIGH,False,Successor-object lineage match; content equality still requires old-carrier download/hash comparison.
OVL-0160,TextGrid GRETIL,TG-GRE-0219,Kramadīpikā with the commentary by Govindabhaṭṭācārya,Original GRETIL catalogue,GRE-00115,Kesava Kasmiri: Kramdipika [or: Gopalamantrakramadipika] - with comm. by Govinda Bhattacarya (input by Jan Brzezinski),EXACT_TEI_XML_ID_TO_CORPUSTEI_FILENAME_STEM,HIGH,False,Successor-object lineage match; content equality still requires old-carrier download/hash comparison.
OVL-0161,TextGrid GRETIL,TG-GRE-0220,Haribhaktirasāmṛtasindhu,Original GRETIL catalogue,GRE-00124,Rupa Gosvamin: Haribhaktirasamrtasindhu (input by Jan Brzezinski),EXACT_TEI_XML_ID_TO_CORPUSTEI_FILENAME_STEM,HIGH,False,Successor-object lineage match; content equality still requires old-carrier download/hash comparison.
OVL-0162,TextGrid GRETIL,TG-GRE-0221,Viṣvaksenasaṃhitā,Original GRETIL catalogue,GRE-00130,Visvaksena-Samhita (input by members of the Sansknet project),EXACT_TEI_XML_ID_TO_CORPUSTEI_FILENAME_STEM,HIGH,False,Successor-object lineage match; content equality still requires old-carrier download/hash comparison.
OVL-0163,TextGrid GRETIL,TG-GRE-0222,Pauṣkarasaṃhitā 27-43,Original GRETIL catalogue,GRE-00119,"Pauskara-Samhita, Adhyayas 27-43 [Pancaratra] (input by members of the Sansknet project)",EXACT_TEI_XML_ID_TO_CORPUSTEI_FILENAME_STEM,HIGH,False,Successor-object lineage match; content equality still requires old-carrier download/hash comparison.
OVL-0164,TextGrid GRETIL,TG-GRE-0223,Viṣṇudharma,Original GRETIL catalogue,GRE-00129,Visnudharma (input by Reinhold Grünendahl),EXACT_TEI_XML_ID_TO_CORPUSTEI_FILENAME_STEM,HIGH,False,Successor-object lineage match; content equality still requires old-carrier download/hash comparison.
OVL-0165,TextGrid GRETIL,TG-GRE-0224,Haribhaktivilāsa 1-11,Original GRETIL catalogue,GRE-00111,Gopalabhatta: Haribhaktivilasa 1-11 (input by Jan Brzezinski),EXACT_TEI_XML_ID_TO_CORPUSTEI_FILENAME_STEM,HIGH,False,Successor-object lineage match; content equality still requires old-carrier download/hash comparison.
OVL-0166,TextGrid GRETIL,TG-GRE-0225,Kubjikamatatantra,Original GRETIL catalogue,GRE-00144,Kubjikamatatantra (input by Somadeva Vasudeva),EXACT_TEI_XML_ID_TO_CORPUSTEI_FILENAME_STEM,HIGH,False,Successor-object lineage match; content equality still requires old-carrier download/hash comparison.
OVL-0167,TextGrid GRETIL,TG-GRE-0226,Satsamdarbha with Baladevavidyābhūṣaṇa's Ṭippaṇī,Original GRETIL catalogue,GRE-00113,Jiva Gosvamin: Satsamdarbha (input by …),EXACT_TEI_XML_ID_TO_CORPUSTEI_FILENAME_STEM,HIGH,False,Successor-object lineage match; content equality still requires old-carrier download/hash comparison.
OVL-0168,TextGrid GRETIL,TG-GRE-0227,Śāktavijñāna,Original GRETIL catalogue,GRE-00157,Somananda: Saktavijnana (input by Oliver Hellwig),EXACT_TEI_XML_ID_TO_CORPUSTEI_FILENAME_STEM,HIGH,False,Successor-object lineage match; content equality still requires old-carrier download/hash comparison.
OVL-0169,TextGrid GRETIL,TG-GRE-0228,Ekākṣarakośa,Original GRETIL catalogue,GRE-00151,Purusottamadeva: Ekaksarakosa (input by Oliver Hellwig),EXACT_TEI_XML_ID_TO_CORPUSTEI_FILENAME_STEM,HIGH,False,Successor-object lineage match; content equality still requires old-carrier download/hash comparison.
OVL-0170,TextGrid GRETIL,TG-GRE-0229,Catuḥślokī,Original GRETIL catalogue,GRE-00131,Yamuna: Catuhsloki [ = Catussloki] (input by Sadanori Ishitobi),EXACT_TEI_XML_ID_TO_CORPUSTEI_FILENAME_STEM,HIGH,False,Successor-object lineage match; content equality still requires old-carrier download/hash comparison.
OVL-0171,TextGrid GRETIL,TG-GRE-0230,Bhṛgusaṃhitā (a text of the Vaikhānasa-tradition),Original GRETIL catalogue,GRE-00106,Bhrgu-Samhita [Vaikhanasa tradition] (input by members of the Sansknet Project),EXACT_TEI_XML_ID_TO_CORPUSTEI_FILENAME_STEM,HIGH,False,Successor-object lineage match; content equality still requires old-carrier download/hash comparison.
OVL-0172,TextGrid GRETIL,TG-GRE-0231,Svacchandatantra [or Svacchandabhairavatantra],Original GRETIL catalogue,GRE-00159,"Svacchanda-Tantra [or Svacchandabhairava-Tantra] (input by Dominic Goodall, Mei Yang, Nibedita Rout, R. Sathyanarayanan, S.A.S. Sarma)",EXACT_TEI_XML_ID_TO_CORPUSTEI_FILENAME_STEM,HIGH,False,Successor-object lineage match; content equality still requires old-carrier download/hash comparison.
OVL-0173,TextGrid GRETIL,TG-GRE-0233,Vaikhānasadharmasūtra,Original GRETIL catalogue,GRE-00756,"Vaikhanasa-Dharmasutra (input by Hiromichi Hikita, and collated by Yuuko Matsuda and Yasuke Ikari)",EXACT_TEI_XML_ID_TO_CORPUSTEI_FILENAME_STEM,HIGH,False,Successor-object lineage match; content equality still requires old-carrier download/hash comparison.
OVL-0174,TextGrid GRETIL,TG-GRE-0234,Vāsiṣṭhadharmasūtra,Original GRETIL catalogue,GRE-00757,Vasistha-Dharmasastra (input by M. Fushimi),EXACT_TEI_XML_ID_TO_CORPUSTEI_FILENAME_STEM,HIGH,False,Successor-object lineage match; content equality still requires old-carrier download/hash comparison.
OVL-0175,TextGrid GRETIL,TG-GRE-0235,Parāśaradharmasaṃhitā (= Parāśarasmṛti),Original GRETIL catalogue,GRE-00764,Parasara-Smrti (input by Muneo Tokunaga),EXACT_TEI_XML_ID_TO_CORPUSTEI_FILENAME_STEM,HIGH,False,Successor-object lineage match; content equality still requires old-carrier download/hash comparison.
OVL-0176,TextGrid GRETIL,TG-GRE-0236,Nāradasmṛti,Original GRETIL catalogue,GRE-00763,"Narada-Smrti (input by Richard Lariviere, ed. by Yasuke Ikari)",EXACT_TEI_XML_ID_TO_CORPUSTEI_FILENAME_STEM,HIGH,False,Successor-object lineage match; content equality still requires old-carrier download/hash comparison.
OVL-0177,TextGrid GRETIL,TG-GRE-0237,Yamasmṛti (78-verse version),Original GRETIL catalogue,GRE-00767,Yama-Smrti (input by Jürgen Neuss),EXACT_TEI_XML_ID_TO_CORPUSTEI_FILENAME_STEM,HIGH,False,Successor-object lineage match; content equality still requires old-carrier download/hash comparison.
OVL-0178,TextGrid GRETIL,TG-GRE-0239,"Laghuyamasmṛti (Yamasmṛti, 99-verse version)",Original GRETIL catalogue,GRE-00767,Yama-Smrti (input by Jürgen Neuss),EXACT_TEI_XML_ID_TO_CORPUSTEI_FILENAME_STEM,HIGH,False,Successor-object lineage match; content equality still requires old-carrier download/hash comparison.
OVL-0179,TextGrid GRETIL,TG-GRE-0240,Yamasmṛti (South Indian recension),Original GRETIL catalogue,GRE-00767,Yama-Smrti (input by Jürgen Neuss),EXACT_TEI_XML_ID_TO_CORPUSTEI_FILENAME_STEM,HIGH,False,Successor-object lineage match; content equality still requires old-carrier download/hash comparison.
OVL-0180,TextGrid GRETIL,TG-GRE-0241,"Bṛhadyamasmṛti (Yamasmṛti, 182-verse version)",Original GRETIL catalogue,GRE-00767,Yama-Smrti (input by Jürgen Neuss),EXACT_TEI_XML_ID_TO_CORPUSTEI_FILENAME_STEM,HIGH,False,Successor-object lineage match; content equality still requires old-carrier download/hash comparison.
OVL-0181,TextGrid GRETIL,TG-GRE-0242,Yājñavalkyasmṛti,Original GRETIL catalogue,GRE-00766,"Yajnavalkya-Smrti (input by Muneo Tokunaga, checked by Yasuke Ikari)",EXACT_TEI_XML_ID_TO_CORPUSTEI_FILENAME_STEM,HIGH,False,Successor-object lineage match; content equality still requires old-carrier download/hash comparison.
OVL-0182,TextGrid GRETIL,TG-GRE-0243,Viṣṇusmṛti,Original GRETIL catalogue,GRE-00765,"Visnu-Smrti (input by I. Shima, collated by T. Hayashi)",EXACT_TEI_XML_ID_TO_CORPUSTEI_FILENAME_STEM,HIGH,False,Successor-object lineage match; content equality still requires old-carrier download/hash comparison.
OVL-0183,TextGrid GRETIL,TG-GRE-0244,Āpastambadharmasūtra,Original GRETIL catalogue,GRE-00752,Apastamba-Dharmasutra (input by Yasuke Ikari),EXACT_TEI_XML_ID_TO_CORPUSTEI_FILENAME_STEM,HIGH,False,Successor-object lineage match; content equality still requires old-carrier download/hash comparison.
OVL-0184,TextGrid GRETIL,TG-GRE-0245,Baudhāyanadharmasūtra,Original GRETIL catalogue,GRE-00753,Baudhayana-Dharmasutra (input by Masato Fujii & Mieko Kajihara),EXACT_TEI_XML_ID_TO_CORPUSTEI_FILENAME_STEM,HIGH,False,Successor-object lineage match; content equality still requires old-carrier download/hash comparison.
OVL-0185,TextGrid GRETIL,TG-GRE-0246,"Mitākṣarā, a commentary on the Yājñavalkya-dharmaśāstra",Original GRETIL catalogue,GRE-00769,"Vijnanesvara: Mitaksara, a commentary on the Yajnavalkya-dharmasastra (input by Donald R. Davis, Jr., Patrick Olivelle, Amy Hyne-Sutherland, and Nikola Rajić)",EXACT_TEI_XML_ID_TO_CORPUSTEI_FILENAME_STEM,HIGH,False,Successor-object lineage match; content equality still requires old-carrier download/hash comparison.
OVL-0186,TextGrid GRETIL,TG-GRE-0247,Āṅgirasasmṛti,Original GRETIL catalogue,GRE-00759,Angirasa-Smrti (input by Oliver Hellwig),EXACT_TEI_XML_ID_TO_CORPUSTEI_FILENAME_STEM,HIGH,False,Successor-object lineage match; content equality still requires old-carrier download/hash comparison.
OVL-0187,TextGrid GRETIL,TG-GRE-0248,"Dharmasūtra, 1-3 with Maskari's commentary Gautamasmṛtibhāṣya",Original GRETIL catalogue,GRE-00755,"Gautama-Dharmasutra, Adhy. 1-3, with Maskari's commentary (input by members of the Sansknet project)",EXACT_TEI_XML_ID_TO_CORPUSTEI_FILENAME_STEM,HIGH,False,Successor-object lineage match; content equality still requires old-carrier download/hash comparison.
OVL-0188,TextGrid GRETIL,TG-GRE-0249,Dharmasūtra,Original GRETIL catalogue,GRE-00754,Gautama-Dharmasutra (input by Nobuyuki Watase),EXACT_TEI_XML_ID_TO_CORPUSTEI_FILENAME_STEM,HIGH,False,Successor-object lineage match; content equality still requires old-carrier download/hash comparison.
OVL-0189,TextGrid GRETIL,TG-GRE-0250,Bṛhaspatismṛti (vyavahārakaṇḍa),Original GRETIL catalogue,GRE-00760,Brhaspati-Smrti: Vyavaharakanda (input by Yasuke Ikari and Akihiko Akamatsu),EXACT_TEI_XML_ID_TO_CORPUSTEI_FILENAME_STEM,HIGH,False,Successor-object lineage match; content equality still requires old-carrier download/hash comparison.
OVL-0190,TextGrid GRETIL,TG-GRE-0251,Manusmṛti,Original GRETIL catalogue,GRE-00762,Manu-Smriti (input by Michio Yano and Yasuke Ikari),EXACT_TEI_XML_ID_TO_CORPUSTEI_FILENAME_STEM,HIGH,False,Successor-object lineage match; content equality still requires old-carrier download/hash comparison.
OVL-0191,TextGrid GRETIL,TG-GRE-0253,Kādambarīkathāsāra,Original GRETIL catalogue,GRE-00419,Abhinanda: Kadambarikathasara [giving the story of Bana's Kadambari] (input by Harunaga Isaacson),EXACT_TEI_XML_ID_TO_CORPUSTEI_FILENAME_STEM,HIGH,False,Successor-object lineage match; content equality still requires old-carrier download/hash comparison.
OVL-0192,TextGrid GRETIL,TG-GRE-0254,Rāmacaritamahākāvye,Original GRETIL catalogue,GRE-00420,"Abhinanda: Ramacaritamahakavya, 1-3 (in progress; input by Harunaga Isaacson)",EXACT_TEI_XML_ID_TO_CORPUSTEI_FILENAME_STEM,HIGH,False,Successor-object lineage match; content equality still requires old-carrier download/hash comparison.
OVL-0193,TextGrid GRETIL,TG-GRE-0255,Amaruśataka,Original GRETIL catalogue,GRE-00421,Amarusataka (input by …),EXACT_TEI_XML_ID_TO_CORPUSTEI_FILENAME_STEM,HIGH,False,Successor-object lineage match; content equality still requires old-carrier download/hash comparison.
OVL-0194,TextGrid GRETIL,TG-GRE-0256,Vallālacarita,Original GRETIL catalogue,GRE-00422,Anandabhatta: Vallalacarita [ = Ballalacarita] (input by Oliver Hellwig),EXACT_TEI_XML_ID_TO_CORPUSTEI_FILENAME_STEM,HIGH,False,Successor-object lineage match; content equality still requires old-carrier download/hash comparison.
OVL-0195,TextGrid GRETIL,TG-GRE-0257,Dhvanyāloka with Abhinavagupta's Locana and Rāmaśāraka's Bālapriya,Original GRETIL catalogue,GRE-00387,"Anandavardhana: Dhvanyaloka, with Abhinavagupta's Locana and Ramasaraka's Balapriya (input by members of the Sansknet project)",EXACT_TEI_XML_ID_TO_CORPUSTEI_FILENAME_STEM,HIGH,False,Successor-object lineage match; content equality still requires old-carrier download/hash comparison.
OVL-0196,TextGrid GRETIL,TG-GRE-0258,Dhvanyāloka (also known as Sahṛdayaloka),Original GRETIL catalogue,GRE-00386,"Anandavardhana: Dhvanyaloka, with Abhinavagupta's Locana (input by Rajani Arjun Shankar, revised by Jan Brzezinski)",EXACT_TEI_XML_ID_TO_CORPUSTEI_FILENAME_STEM,HIGH,False,Successor-object lineage match; content equality still requires old-carrier download/hash comparison.
OVL-0197,TextGrid GRETIL,TG-GRE-0259,Vairāgyaśatakam,Original GRETIL catalogue,GRE-00423,Appayadiksita: Vairagyasataka (input by Dhaval Patel),EXACT_TEI_XML_ID_TO_CORPUSTEI_FILENAME_STEM,HIGH,False,Successor-object lineage match; content equality still requires old-carrier download/hash comparison.
OVL-0198,TextGrid GRETIL,TG-GRE-0260,Buddhacarita,Original GRETIL catalogue,GRE-00425,Asvaghosa: Buddhacarita [alternative Version] (input by members of the Sanskrit Buddhist Canon Input Project),EXACT_TEI_XML_ID_TO_CORPUSTEI_FILENAME_STEM,HIGH,False,Successor-object lineage match; content equality still requires old-carrier download/hash comparison.
OVL-0199,TextGrid GRETIL,TG-GRE-0261,Buddhacarita,Original GRETIL catalogue,GRE-00424,Asvaghosa: Buddhacarita (input by Peter Schreiner),EXACT_TEI_XML_ID_TO_CORPUSTEI_FILENAME_STEM,HIGH,False,Successor-object lineage match; content equality still requires old-carrier download/hash comparison.
OVL-0200,TextGrid GRETIL,TG-GRE-0262,Saundarānanda,Original GRETIL catalogue,GRE-00426,Asvaghosa: Saundarananda-mahakavya (input by N.N.),EXACT_TEI_XML_ID_TO_CORPUSTEI_FILENAME_STEM,HIGH,False,Successor-object lineage match; content equality still requires old-carrier download/hash comparison.
OVL-0201,TextGrid GRETIL,TG-GRE-0263,Saundarānanda,Original GRETIL catalogue,GRE-00427,Asvaghosa: Saundarananda-mahakavya [alternative version] (input by members of the Sanskrit Buddhist Canon Input Project),EXACT_TEI_XML_ID_TO_CORPUSTEI_FILENAME_STEM,HIGH,False,Successor-object lineage match; content equality still requires old-carrier download/hash comparison.
OVL-0202,TextGrid GRETIL,TG-GRE-0264,Harṣacarita,Original GRETIL catalogue,GRE-00428,Bana: Harsacarita,EXACT_TEI_XML_ID_TO_CORPUSTEI_FILENAME_STEM,HIGH,False,Successor-object lineage match; content equality still requires old-carrier download/hash comparison.
OVL-0203,TextGrid GRETIL,TG-GRE-0265,"Harṣacarita, Pariśiṣṭa",Original GRETIL catalogue,GRE-00428,Bana: Harsacarita,EXACT_TEI_XML_ID_TO_CORPUSTEI_FILENAME_STEM,HIGH,False,Successor-object lineage match; content equality still requires old-carrier download/hash comparison.
OVL-0204,TextGrid GRETIL,TG-GRE-0267,Bhallaṭaśataka,Original GRETIL catalogue,GRE-00430,Bhallata: Bhallatasataka (input by Somadeva Vasudeva),EXACT_TEI_XML_ID_TO_CORPUSTEI_FILENAME_STEM,HIGH,False,Successor-object lineage match; content equality still requires old-carrier download/hash comparison.
OVL-0205,TextGrid GRETIL,TG-GRE-0268,Kāvyālaṃkāra,Original GRETIL catalogue,GRE-00388,Bhamaha: Kavyalamkara (input by Dominic Goodall),EXACT_TEI_XML_ID_TO_CORPUSTEI_FILENAME_STEM,HIGH,False,Successor-object lineage match; content equality still requires old-carrier download/hash comparison.
OVL-0206,TextGrid GRETIL,TG-GRE-0269,"Nāṭyaśāstra 1-16, 18-30, 33, 35-37",Original GRETIL catalogue,GRE-00413,"Bharata: Natyasastra (input by Padmakar Dadegaonkar, Sowmya Krishnapur, Haresh Bakshi)",EXACT_TEI_XML_ID_TO_CORPUSTEI_FILENAME_STEM,HIGH,False,Successor-object lineage match; content equality still requires old-carrier download/hash comparison.
OVL-0207,TextGrid GRETIL,TG-GRE-0270,Kirātārjunīya,Original GRETIL catalogue,GRE-00431,Bharavi: Kiratarjuniya (input by Harunaga Isaacson),EXACT_TEI_XML_ID_TO_CORPUSTEI_FILENAME_STEM,HIGH,False,Successor-object lineage match; content equality still requires old-carrier download/hash comparison.
OVL-0208,TextGrid GRETIL,TG-GRE-0271,Dūtavākya,Original GRETIL catalogue,GRE-00475,Bhasa: Dutavakya (input by Yves Codet),EXACT_TEI_XML_ID_TO_CORPUSTEI_FILENAME_STEM,HIGH,False,Successor-object lineage match; content equality still requires old-carrier download/hash comparison.
OVL-0209,TextGrid GRETIL,TG-GRE-0272,Svapnavāsavadatta,Original GRETIL catalogue,GRE-00476,Bhasa: Svapnavasavadatta (input by Matthias Ahlborn),EXACT_TEI_XML_ID_TO_CORPUSTEI_FILENAME_STEM,HIGH,False,Successor-object lineage match; content equality still requires old-carrier download/hash comparison.
OVL-0210,TextGrid GRETIL,TG-GRE-0273,"Śatakatraya (1. Nītiśataka, 2. Śṛṅgāraśataka, 3. Vairāgyaśataka)",Original GRETIL catalogue,GRE-00492,"Bhartrhari: Satakatraya [1. Nitisataka, 2. Srngarasataka, 3. Vairagyasataka] (input by Jan K. Brzezinski)",EXACT_TEI_XML_ID_TO_CORPUSTEI_FILENAME_STEM,HIGH,False,Successor-object lineage match; content equality still requires old-carrier download/hash comparison.
OVL-0211,TextGrid GRETIL,TG-GRE-0274,Veṇīsaṃhāra,Original GRETIL catalogue,GRE-00477,Bhattanarayana: Venisamhara (input by Yves Codet),EXACT_TEI_XML_ID_TO_CORPUSTEI_FILENAME_STEM,HIGH,False,Successor-object lineage match; content equality still requires old-carrier download/hash comparison.
OVL-0212,TextGrid GRETIL,TG-GRE-0275,Rāvaṇavadha (= Bhaṭṭikāvya),Original GRETIL catalogue,GRE-00432,"Bhatti: Ravanavadha [ = ""Bhattikavya""] (input by …)",EXACT_TEI_XML_ID_TO_CORPUSTEI_FILENAME_STEM,HIGH,False,Successor-object lineage match; content equality still requires old-carrier download/hash comparison.
OVL-0213,TextGrid GRETIL,TG-GRE-0276,Caurapañcāśikā,Original GRETIL catalogue,GRE-00433,Bilhana: Caurapancasika (input by Somadeva Vasudeva),EXACT_TEI_XML_ID_TO_CORPUSTEI_FILENAME_STEM,HIGH,False,Successor-object lineage match; content equality still requires old-carrier download/hash comparison.
OVL-0214,TextGrid GRETIL,TG-GRE-0277,Bṛhatkathāślokasaṃgraha,Original GRETIL catalogue,GRE-00485,Budhasvamin: Brhatkathaslokasamgraha (input by Andreas Bigger),EXACT_TEI_XML_ID_TO_CORPUSTEI_FILENAME_STEM,HIGH,False,Successor-object lineage match; content equality still requires old-carrier download/hash comparison.
OVL-0215,TextGrid GRETIL,TG-GRE-0278,Chandoviciti,Original GRETIL catalogue,GRE-00415,Chandoviciti (input by Klaus Wille),EXACT_TEI_XML_ID_TO_CORPUSTEI_FILENAME_STEM,HIGH,False,Successor-object lineage match; content equality still requires old-carrier download/hash comparison.
OVL-0216,TextGrid GRETIL,TG-GRE-0279,Kuṭṭanīmata,Original GRETIL catalogue,GRE-00434,Damodaragupta: Kuttanimata (input by Csaba Dezso and Dominic Goodall),EXACT_TEI_XML_ID_TO_CORPUSTEI_FILENAME_STEM,HIGH,False,Successor-object lineage match; content equality still requires old-carrier download/hash comparison.
OVL-0217,TextGrid GRETIL,TG-GRE-0280,Daśakumāracarita,Original GRETIL catalogue,GRE-00435,Dandin: Dasakumaracarita (input by members of the Sansknet Project),EXACT_TEI_XML_ID_TO_CORPUSTEI_FILENAME_STEM,HIGH,False,Successor-object lineage match; content equality still requires old-carrier download/hash comparison.
OVL-0218,TextGrid GRETIL,TG-GRE-0281,"Daśakumāracarita, 3, 5-6",Original GRETIL catalogue,GRE-00436,"Dandin: Dasakumaracarita, Ucchvasas 3, 5 & 6 (input by …)",EXACT_TEI_XML_ID_TO_CORPUSTEI_FILENAME_STEM,HIGH,False,Successor-object lineage match; content equality still requires old-carrier download/hash comparison.
OVL-0219,TextGrid GRETIL,TG-GRE-0282,Kāvyādarśa 1-2,Original GRETIL catalogue,GRE-00389,"Dandin: Kavyadarsa, Paricchedas 1 & 2 (input by Somadeva Vasudeva)",EXACT_TEI_XML_ID_TO_CORPUSTEI_FILENAME_STEM,HIGH,False,Successor-object lineage match; content equality still requires old-carrier download/hash comparison.
OVL-0220,TextGrid GRETIL,TG-GRE-0283,Kāvyādarśa 3,Original GRETIL catalogue,GRE-00391,"Dandin: Kavyadarsa, Pariccheda 3 (input by Dragomir Dimitrov)",EXACT_TEI_XML_ID_TO_CORPUSTEI_FILENAME_STEM,HIGH,False,Successor-object lineage match; content equality still requires old-carrier download/hash comparison.
OVL-0221,TextGrid GRETIL,TG-GRE-0284,"Kāvyādarśa, 1, 2.1-144, 2.310-368",Original GRETIL catalogue,GRE-00390,"Dandin: Kavyadarsa, Paricchedas 1; 2.1-144, 310-368 (input by Reinhold Grünendahl)",EXACT_TEI_XML_ID_TO_CORPUSTEI_FILENAME_STEM,HIGH,False,Successor-object lineage match; content equality still requires old-carrier download/hash comparison.
OVL-0222,TextGrid GRETIL,TG-GRE-0285,Daśarūpaka 1-4,Original GRETIL catalogue,GRE-00414,Dhananjaya [Dhanamjaya]: Dasarupaka (input by Masahiro Takano),EXACT_TEI_XML_ID_TO_CORPUSTEI_FILENAME_STEM,HIGH,False,Successor-object lineage match; content equality still requires old-carrier download/hash comparison.
OVL-0223,TextGrid GRETIL,TG-GRE-0286,Pavanadūta,Original GRETIL catalogue,GRE-00437,Dhoyi (12th cent.): Pavanaduta (input by Harunaga Isaacson),EXACT_TEI_XML_ID_TO_CORPUSTEI_FILENAME_STEM,HIGH,False,Successor-object lineage match; content equality still requires old-carrier download/hash comparison.
OVL-0224,TextGrid GRETIL,TG-GRE-0287,Dramatic Fragments (buddhist),Original GRETIL catalogue,GRE-00478,Dramatic Fragments (input by Klaus Wille),EXACT_TEI_XML_ID_TO_CORPUSTEI_FILENAME_STEM,HIGH,False,Successor-object lineage match; content equality still requires old-carrier download/hash comparison.
OVL-0225,TextGrid GRETIL,TG-GRE-0288,Ghaṭakarparakāvya with Abhinavagupta's Ghaṭakarparavivṛti,Original GRETIL catalogue,GRE-00439,"Ghatakarparakavya, with Abhinavagupta's Ghatakarparavivrti (input by Daniele Cuneo)",EXACT_TEI_XML_ID_TO_CORPUSTEI_FILENAME_STEM,HIGH,False,Successor-object lineage match; content equality still requires old-carrier download/hash comparison.
OVL-0226,TextGrid GRETIL,TG-GRE-0289,Āryāsaptaśatī,Original GRETIL catalogue,GRE-00440,Govardhana (12th. cent.): Aryasaptasati (input by Jan Brzezinski),EXACT_TEI_XML_ID_TO_CORPUSTEI_FILENAME_STEM,HIGH,False,Successor-object lineage match; content equality still requires old-carrier download/hash comparison.
OVL-0227,TextGrid GRETIL,TG-GRE-0290,Pradeśasaṃgraha,Original GRETIL catalogue,GRE-00500,Govind Kaul: Pradesasamgraha (input by Katrin Züfle),EXACT_TEI_XML_ID_TO_CORPUSTEI_FILENAME_STEM,HIGH,False,Successor-object lineage match; content equality still requires old-carrier download/hash comparison.
OVL-0228,TextGrid GRETIL,TG-GRE-0291,Nāgānanda,Original GRETIL catalogue,GRE-00479,Harsadeva: Naganandanataka (input by members of the Sanskrit Buddhist Canon Input Project),EXACT_TEI_XML_ID_TO_CORPUSTEI_FILENAME_STEM,HIGH,False,Successor-object lineage match; content equality still requires old-carrier download/hash comparison.
OVL-0229,TextGrid GRETIL,TG-GRE-0292,Priyadarśikā,Original GRETIL catalogue,GRE-00480,"Harsadeva: Priyadarsika (input by a Paris-3 Sorbonne-Nouvelle University group of Master students in Indology : Pilar Altinier, Dominique Fradkine, Cl‚mentine Peroumal-Delavigne, Carmen Sylvia Spiers, checked and supervised by Nalini Balbir)",EXACT_TEI_XML_ID_TO_CORPUSTEI_FILENAME_STEM,HIGH,False,Successor-object lineage match; content equality still requires old-carrier download/hash comparison.
OVL-0230,TextGrid GRETIL,TG-GRE-0293,Ratnāvalīnāṭikā,Original GRETIL catalogue,GRE-00481,Harsadeva: Ratnavalinatika (input by Martin Straube),EXACT_TEI_XML_ID_TO_CORPUSTEI_FILENAME_STEM,HIGH,False,Successor-object lineage match; content equality still requires old-carrier download/hash comparison.
OVL-0231,TextGrid GRETIL,TG-GRE-0294,Hetvābhāsadaśaka,Original GRETIL catalogue,GRE-00465,Prince of Kotilingapura: Hetvabhasadasaka (input by Venkata Raghavan),EXACT_TEI_XML_ID_TO_CORPUSTEI_FILENAME_STEM,HIGH,False,Successor-object lineage match; content equality still requires old-carrier download/hash comparison.
OVL-0232,TextGrid GRETIL,TG-GRE-0295,Prāṇābharaṇa with autoentary,Original GRETIL catalogue,GRE-00441,"Jagannatha: Pranabharana, with auto-commentary (input by Dhaval Patel)",EXACT_TEI_XML_ID_TO_CORPUSTEI_FILENAME_STEM,HIGH,False,Successor-object lineage match; content equality still requires old-carrier download/hash comparison.
OVL-0233,TextGrid GRETIL,TG-GRE-0296,Sudhālaharī,Original GRETIL catalogue,GRE-00442,Jagannatha: Sudhalahari (input by Dhaval Patel),EXACT_TEI_XML_ID_TO_CORPUSTEI_FILENAME_STEM,HIGH,False,Successor-object lineage match; content equality still requires old-carrier download/hash comparison.
OVL-0234,TextGrid GRETIL,TG-GRE-0297,Rasagaṅgādhara 1,Original GRETIL catalogue,GRE-00392,"Jagannatha Panditaraja: Rasagangadhara, Anana 1 (input by Timothy C. Cahill)",EXACT_TEI_XML_ID_TO_CORPUSTEI_FILENAME_STEM,HIGH,False,Successor-object lineage match; content equality still requires old-carrier download/hash comparison.
OVL-0235,TextGrid GRETIL,TG-GRE-0298,Mugdhopadeśa,Original GRETIL catalogue,GRE-00443,Jalhana: Mugdhopadesa (input by Somadeva Vasudeva),EXACT_TEI_XML_ID_TO_CORPUSTEI_FILENAME_STEM,HIGH,False,Successor-object lineage match; content equality still requires old-carrier download/hash comparison.
OVL-0236,TextGrid GRETIL,TG-GRE-0299,Candrāloka,Original GRETIL catalogue,GRE-00393,"Jayadeva [alias Piyusavarsa]: Candraloka (input by Réginald Beyaert, revised by Pierre-Sylvain Filliozat)",EXACT_TEI_XML_ID_TO_CORPUSTEI_FILENAME_STEM,HIGH,False,Successor-object lineage match; content equality still requires old-carrier download/hash comparison.
OVL-0237,TextGrid GRETIL,TG-GRE-0300,Gītagovinda,Original GRETIL catalogue,GRE-00445,Jayadeva: Gitagovinda (input by Jan Brzezinski),EXACT_TEI_XML_ID_TO_CORPUSTEI_FILENAME_STEM,HIGH,False,Successor-object lineage match; content equality still requires old-carrier download/hash comparison.
OVL-0238,TextGrid GRETIL,TG-GRE-0301,Gītagovinda,Original GRETIL catalogue,GRE-00444,Jayadeva: Gitagovinda [in pausa] (input by Jakub Cejka),EXACT_TEI_XML_ID_TO_CORPUSTEI_FILENAME_STEM,HIGH,False,Successor-object lineage match; content equality still requires old-carrier download/hash comparison.
OVL-0239,TextGrid GRETIL,TG-GRE-0302,"Gopālacampū, P1-33, U1-3, U5-6, U29",Original GRETIL catalogue,GRE-00446,Jiva Gosvamin: Gopalacampu (input by Malika Das),EXACT_TEI_XML_ID_TO_CORPUSTEI_FILENAME_STEM,HIGH,False,Successor-object lineage match; content equality still requires old-carrier download/hash comparison.
OVL-0240,TextGrid GRETIL,TG-GRE-0303,Saṃkalpakalpadruma,Original GRETIL catalogue,GRE-00447,Jiva Gosvamin: Samkalpakalpadruma [Sankalpakalpadruma] (input by …),EXACT_TEI_XML_ID_TO_CORPUSTEI_FILENAME_STEM,HIGH,False,Successor-object lineage match; content equality still requires old-carrier download/hash comparison.
OVL-0241,TextGrid GRETIL,TG-GRE-0304,Vṛttamālāstuti,Original GRETIL catalogue,GRE-00416,Jnanasrimitra: Vrttamalastuti (input by Michael Hahn),EXACT_TEI_XML_ID_TO_CORPUSTEI_FILENAME_STEM,HIGH,False,Successor-object lineage match; content equality still requires old-carrier download/hash comparison.
OVL-0242,TextGrid GRETIL,TG-GRE-0305,Rājataraṅginī,Original GRETIL catalogue,GRE-00499,(Pseudo-)Jonaraja: Rajatarangini (input by Walter Slaje),EXACT_TEI_XML_ID_TO_CORPUSTEI_FILENAME_STEM,HIGH,False,Successor-object lineage match; content equality still requires old-carrier download/hash comparison.
OVL-0243,TextGrid GRETIL,TG-GRE-0306,Abhijñānaśakuntala,Original GRETIL catalogue,GRE-00482,Kalidasa: Abhijnanasakuntala (input by Muneo Tokunaga),EXACT_TEI_XML_ID_TO_CORPUSTEI_FILENAME_STEM,HIGH,False,Successor-object lineage match; content equality still requires old-carrier download/hash comparison.
OVL-0244,TextGrid GRETIL,TG-GRE-0307,Kumārasaṃbhava,Original GRETIL catalogue,GRE-00448,Kalidasa: Kumarasambhava (input by Utz Podzeit),EXACT_TEI_XML_ID_TO_CORPUSTEI_FILENAME_STEM,HIGH,False,Successor-object lineage match; content equality still requires old-carrier download/hash comparison.
OVL-0245,TextGrid GRETIL,TG-GRE-0308,Meghadūta-acc-Vallabhadeva,Original GRETIL catalogue,GRE-00450,"Kalidasa: Meghaduta, according to Vallabha's commentary (input by Asko Parpola)",EXACT_TEI_XML_ID_TO_CORPUSTEI_FILENAME_STEM,HIGH,False,Successor-object lineage match; content equality still requires old-carrier download/hash comparison.
OVL-0246,TextGrid GRETIL,TG-GRE-0309,Meghadūta,Original GRETIL catalogue,GRE-00451,Kalidasa: Meghaduta [alternative version] (input by …),EXACT_TEI_XML_ID_TO_CORPUSTEI_FILENAME_STEM,HIGH,False,Successor-object lineage match; content equality still requires old-carrier download/hash comparison.
OVL-0247,TextGrid GRETIL,TG-GRE-0310,Meghadūta,Original GRETIL catalogue,GRE-00449,Kalidasa: Meghaduta (input by Asko Parpola),EXACT_TEI_XML_ID_TO_CORPUSTEI_FILENAME_STEM,HIGH,False,Successor-object lineage match; content equality still requires old-carrier download/hash comparison.
OVL-0248,TextGrid GRETIL,TG-GRE-0311,"Raghuvaṃśa-kashm, 1-6",Original GRETIL catalogue,GRE-00453,"Kalidasa: Raghuvamsa (1-6) [Kashmirian text, as read by Vallabhadeva] (input by Dominic Goodall)",EXACT_TEI_XML_ID_TO_CORPUSTEI_FILENAME_STEM,HIGH,False,Successor-object lineage match; content equality still requires old-carrier download/hash comparison.
OVL-0249,TextGrid GRETIL,TG-GRE-0312,Raghuvaṃśa,Original GRETIL catalogue,GRE-00452,Kalidasa: Raghuvamsa (input by N.N.),EXACT_TEI_XML_ID_TO_CORPUSTEI_FILENAME_STEM,HIGH,False,Successor-object lineage match; content equality still requires old-carrier download/hash comparison.
OVL-0250,TextGrid GRETIL,TG-GRE-0313,Ṛtusaṃhāra,Original GRETIL catalogue,GRE-00454,Kalidasa: Rtusamhara (input by Oliver Hellwig),EXACT_TEI_XML_ID_TO_CORPUSTEI_FILENAME_STEM,HIGH,False,Successor-object lineage match; content equality still requires old-carrier download/hash comparison.
OVL-0251,TextGrid GRETIL,TG-GRE-0314,Śyāmalādaṇḍaka,Original GRETIL catalogue,GRE-00455,Kalidasa: Syamaladandaka (input by Dhaval Patel),EXACT_TEI_XML_ID_TO_CORPUSTEI_FILENAME_STEM,HIGH,False,Successor-object lineage match; content equality still requires old-carrier download/hash comparison.
OVL-0252,TextGrid GRETIL,TG-GRE-0315,Vṛttaratnākara with Sulhaṇa's commentary Sukavihṛdayānandinī,Original GRETIL catalogue,GRE-00418,"Kedarabhatta: Vrttaratnakara, with Sulhana's Sukavihrdayanandini (input by Dhaval Patel)",EXACT_TEI_XML_ID_TO_CORPUSTEI_FILENAME_STEM,HIGH,False,Successor-object lineage match; content equality still requires old-carrier download/hash comparison.
OVL-0253,TextGrid GRETIL,TG-GRE-0316,Vṛttaratnākara,Original GRETIL catalogue,GRE-00417,Kedarabhatta: Vrttaratnakara (input by Masahiro Takano),EXACT_TEI_XML_ID_TO_CORPUSTEI_FILENAME_STEM,HIGH,False,Successor-object lineage match; content equality still requires old-carrier download/hash comparison.
OVL-0254,TextGrid GRETIL,TG-GRE-0317,Bhāratamañjarī 6-19,Original GRETIL catalogue,GRE-00456,Ksemendra: Bharatamanjari (input by members of the Sansknet project),EXACT_TEI_XML_ID_TO_CORPUSTEI_FILENAME_STEM,HIGH,False,Successor-object lineage match; content equality still requires old-carrier download/hash comparison.
OVL-0255,TextGrid GRETIL,TG-GRE-0318,Caturvargasaṃgraha,Original GRETIL catalogue,GRE-00493,Ksemendra: Caturvargasamgraha (input by Daniele Cuneo),EXACT_TEI_XML_ID_TO_CORPUSTEI_FILENAME_STEM,HIGH,False,Successor-object lineage match; content equality still requires old-carrier download/hash comparison.
OVL-0256,TextGrid GRETIL,TG-GRE-0319,Darpadalana,Original GRETIL catalogue,GRE-00494,Ksemendra: Darpadalana (input by members of the Rasala team),EXACT_TEI_XML_ID_TO_CORPUSTEI_FILENAME_STEM,HIGH,False,Successor-object lineage match; content equality still requires old-carrier download/hash comparison.
OVL-0257,TextGrid GRETIL,TG-GRE-0320,Kalāvilāsa,Original GRETIL catalogue,GRE-00457,Ksemendra: Kalavilasa (input by Somadeva Vasudeva),EXACT_TEI_XML_ID_TO_CORPUSTEI_FILENAME_STEM,HIGH,False,Successor-object lineage match; content equality still requires old-carrier download/hash comparison.
OVL-0258,TextGrid GRETIL,TG-GRE-0321,Narmamālā,Original GRETIL catalogue,GRE-00458,Ksemendra: Narmamala (input by Martin Straube),EXACT_TEI_XML_ID_TO_CORPUSTEI_FILENAME_STEM,HIGH,False,Successor-object lineage match; content equality still requires old-carrier download/hash comparison.
OVL-0259,TextGrid GRETIL,TG-GRE-0322,Sevyasevakopadeśaḥ,Original GRETIL catalogue,GRE-00495,Ksemendra: Sevyasevakopadesa (input by Daniele Cuneo),EXACT_TEI_XML_ID_TO_CORPUSTEI_FILENAME_STEM,HIGH,False,Successor-object lineage match; content equality still requires old-carrier download/hash comparison.
OVL-0260,TextGrid GRETIL,TG-GRE-0323,Mukundamālā,Original GRETIL catalogue,GRE-00459,Kulasekhara: Mukundamala (input by Dhaval Patel),EXACT_TEI_XML_ID_TO_CORPUSTEI_FILENAME_STEM,HIGH,False,Successor-object lineage match; content equality still requires old-carrier download/hash comparison.
OVL-0261,TextGrid GRETIL,TG-GRE-0324,Vakroktijīvita with Kuntaka's own commentary,Original GRETIL catalogue,GRE-00394,"Kuntaka: Vakroktijivita, with auto-commentary (input by members of the Sansknet project)",EXACT_TEI_XML_ID_TO_CORPUSTEI_FILENAME_STEM,HIGH,False,Successor-object lineage match; content equality still requires old-carrier download/hash comparison.
OVL-0262,TextGrid GRETIL,TG-GRE-0325,Gūḍhārthadīpikā commentary on Ghaṭakharparakāvya,Original GRETIL catalogue,GRE-00438,Ghatakarparakavya: Kusalamisra's Gudharthadipika (input by Walter Slaje),EXACT_TEI_XML_ID_TO_CORPUSTEI_FILENAME_STEM,HIGH,False,Successor-object lineage match; content equality still requires old-carrier download/hash comparison.
OVL-0263,TextGrid GRETIL,TG-GRE-0326,Śivastuti,Original GRETIL catalogue,GRE-00460,Lankesvara: Sivastuti (input by Dhaval Patel),EXACT_TEI_XML_ID_TO_CORPUSTEI_FILENAME_STEM,HIGH,False,Successor-object lineage match; content equality still requires old-carrier download/hash comparison.
OVL-0264,TextGrid GRETIL,TG-GRE-0327,Śiśupālavadha,Original GRETIL catalogue,GRE-00461,Magha: Sisupalavadha (input by members of the Sansknet project),EXACT_TEI_XML_ID_TO_CORPUSTEI_FILENAME_STEM,HIGH,False,Successor-object lineage match; content equality still requires old-carrier download/hash comparison.
OVL-0265,TextGrid GRETIL,TG-GRE-0328,Mahāsubhāṣitasaṃgraha 1-9979,Original GRETIL catalogue,GRE-00496,"Mahasubhasitasamgraha, verses 1-9979 (input by …)",EXACT_TEI_XML_ID_TO_CORPUSTEI_FILENAME_STEM,HIGH,False,Successor-object lineage match; content equality still requires old-carrier download/hash comparison.
OVL-0266,TextGrid GRETIL,TG-GRE-0329,Mattavilāsaprahasana,Original GRETIL catalogue,GRE-00483,Mahendravarman I: Mattavilasaprahasana (input by Christian Ferstl),EXACT_TEI_XML_ID_TO_CORPUSTEI_FILENAME_STEM,HIGH,False,Successor-object lineage match; content equality still requires old-carrier download/hash comparison.
OVL-0267,TextGrid GRETIL,TG-GRE-0330,Kāvyaprakāśa with Vāmanācārya Rāmabhaṭṭa Jhalakikar's Bālabodhinī commentary,Original GRETIL catalogue,GRE-00396,"Mammata: Kavyaprakasa, with Vamanacarya Ramabhatta Jhalakikar's Balabodhini commentary (input by members of the Sansknet project)",EXACT_TEI_XML_ID_TO_CORPUSTEI_FILENAME_STEM,HIGH,False,Successor-object lineage match; content equality still requires old-carrier download/hash comparison.
OVL-0268,TextGrid GRETIL,TG-GRE-0331,Kāvyaprakāśa,Original GRETIL catalogue,GRE-00395,Mammata: Kavyaprakasa (input by Masahiro Takano),EXACT_TEI_XML_ID_TO_CORPUSTEI_FILENAME_STEM,HIGH,False,Successor-object lineage match; content equality still requires old-carrier download/hash comparison.
OVL-0269,TextGrid GRETIL,TG-GRE-0332,Śabdavyāpāravicāra,Original GRETIL catalogue,GRE-00397,Mammata: Sabdavyaparavicara (input by Daniele Cuneo),EXACT_TEI_XML_ID_TO_CORPUSTEI_FILENAME_STEM,HIGH,False,Successor-object lineage match; content equality still requires old-carrier download/hash comparison.
OVL-0270,TextGrid GRETIL,TG-GRE-0333,Hitopadeśa,Original GRETIL catalogue,GRE-00486,Narayana: Hitopadesa (input by …),EXACT_TEI_XML_ID_TO_CORPUSTEI_FILENAME_STEM,HIGH,False,Successor-object lineage match; content equality still requires old-carrier download/hash comparison.
OVL-0271,TextGrid GRETIL,TG-GRE-0334,Nārāyaṇīya,Original GRETIL catalogue,GRE-00462,Narayanabhatta: Narayaniya (input by …),EXACT_TEI_XML_ID_TO_CORPUSTEI_FILENAME_STEM,HIGH,False,Successor-object lineage match; content equality still requires old-carrier download/hash comparison.
OVL-0272,TextGrid GRETIL,TG-GRE-0335,Kaliviḍambana,Original GRETIL catalogue,GRE-00463,Nilakantha Diksita: Kalividambana (input by Somadeva Vasudeva),EXACT_TEI_XML_ID_TO_CORPUSTEI_FILENAME_STEM,HIGH,False,Successor-object lineage match; content equality still requires old-carrier download/hash comparison.
OVL-0273,TextGrid GRETIL,TG-GRE-0336,Navasāhasāṅkacarita,Original GRETIL catalogue,GRE-00464,Padmagupta (alias Parimala): Navasahasankacarita (input by Somadeva Vasudeva),EXACT_TEI_XML_ID_TO_CORPUSTEI_FILENAME_STEM,HIGH,False,Successor-object lineage match; content equality still requires old-carrier download/hash comparison.
OVL-0274,TextGrid GRETIL,TG-GRE-0337,Rāmodanta,Original GRETIL catalogue,GRE-00467,Ramodanta (input by Christophe Vielle),EXACT_TEI_XML_ID_TO_CORPUSTEI_FILENAME_STEM,HIGH,False,Successor-object lineage match; content equality still requires old-carrier download/hash comparison.
OVL-0275,TextGrid GRETIL,TG-GRE-0338,Mahāgaṇapatistotra with a commentary “by his disciple”,Original GRETIL catalogue,GRE-00466,"Raghavacaitanya: Mahaganapatistotra, with comm. (input by Dhaval Patel)",EXACT_TEI_XML_ID_TO_CORPUSTEI_FILENAME_STEM,HIGH,False,Successor-object lineage match; content equality still requires old-carrier download/hash comparison.
OVL-0276,TextGrid GRETIL,TG-GRE-0339,Kāvyamīmāṃsā 1,Original GRETIL catalogue,GRE-00398,Rajasekhara: Kavyamimamsa (input by members of the Sansknet project),EXACT_TEI_XML_ID_TO_CORPUSTEI_FILENAME_STEM,HIGH,False,Successor-object lineage match; content equality still requires old-carrier download/hash comparison.
OVL-0277,TextGrid GRETIL,TG-GRE-0340,Mithyāgrahaṇam,Original GRETIL catalogue,GRE-00811,Ksama Rava: Mithyagrahana (input by Beate Guttandin),EXACT_TEI_XML_ID_TO_CORPUSTEI_FILENAME_STEM,HIGH,False,Successor-object lineage match; content equality still requires old-carrier download/hash comparison.
OVL-0278,TextGrid GRETIL,TG-GRE-0341,Rākṣasakāvya with Ṭīkā,Original GRETIL catalogue,GRE-00468,Ravideva: Raksasakavya with Tika (input by Christophe Vielle),EXACT_TEI_XML_ID_TO_CORPUSTEI_FILENAME_STEM,HIGH,False,Successor-object lineage match; content equality still requires old-carrier download/hash comparison.
OVL-0279,TextGrid GRETIL,TG-GRE-0342,Śṛṅgāratilaka,Original GRETIL catalogue,GRE-00469,Rudrabhatta: Srngaratilaka (input by …),EXACT_TEI_XML_ID_TO_CORPUSTEI_FILENAME_STEM,HIGH,False,Successor-object lineage match; content equality still requires old-carrier download/hash comparison.
OVL-0280,TextGrid GRETIL,TG-GRE-0343,Haṃsadūta,Original GRETIL catalogue,GRE-00470,Rupa Gosvamin: Hamsaduta (input by …),EXACT_TEI_XML_ID_TO_CORPUSTEI_FILENAME_STEM,HIGH,False,Successor-object lineage match; content equality still requires old-carrier download/hash comparison.
OVL-0281,TextGrid GRETIL,TG-GRE-0344,Nāṭakacandrikā,Original GRETIL catalogue,GRE-00399,Rupa Gosvamin: Natakacandrika (input by Jan Brzezinski),EXACT_TEI_XML_ID_TO_CORPUSTEI_FILENAME_STEM,HIGH,False,Successor-object lineage match; content equality still requires old-carrier download/hash comparison.
OVL-0282,TextGrid GRETIL,TG-GRE-0345,Padyāvalī (comp.),Original GRETIL catalogue,GRE-00471,Rupa Gosvamin: Padyavali (input by …),EXACT_TEI_XML_ID_TO_CORPUSTEI_FILENAME_STEM,HIGH,False,Successor-object lineage match; content equality still requires old-carrier download/hash comparison.
OVL-0283,TextGrid GRETIL,TG-GRE-0346,Ujjvalanīlamaṇi,Original GRETIL catalogue,GRE-00400,Rupa Gosvamin: Ujjvalanilamani (input by Jan Brzezinski),EXACT_TEI_XML_ID_TO_CORPUSTEI_FILENAME_STEM,HIGH,False,Successor-object lineage match; content equality still requires old-carrier download/hash comparison.
OVL-0284,TextGrid GRETIL,TG-GRE-0347,Alaṃkārasarvasva 1-34 with Jayaratha's commentary Vimarśinī,Original GRETIL catalogue,GRE-00402,"Ruyyaka [Rajanaka]: Alamkarasarvasva, Sutras 1-34, with Jayaratha's Vimarsini (input by members of the Sansknet Project)",EXACT_TEI_XML_ID_TO_CORPUSTEI_FILENAME_STEM,HIGH,False,Successor-object lineage match; content equality still requires old-carrier download/hash comparison.
OVL-0285,TextGrid GRETIL,TG-GRE-0348,Alaṃkārasarvasva 1-34,Original GRETIL catalogue,GRE-00401,"Ruyyaka [Rajanaka]: Alamkarasarvasva, Sutras 1-34 (input by members of the Sansknet project)",EXACT_TEI_XML_ID_TO_CORPUSTEI_FILENAME_STEM,HIGH,False,Successor-object lineage match; content equality still requires old-carrier download/hash comparison.
OVL-0286,TextGrid GRETIL,TG-GRE-0349,Alaṃkārasarvasva with Vidyācakravarti's commentary Saṃjīvanī,Original GRETIL catalogue,GRE-00403,"Ruyyaka [Rajanaka]: Alamkarasarvasva, with Vidyacakravartin's Samjivani (input by members of the Sansknet Project)",EXACT_TEI_XML_ID_TO_CORPUSTEI_FILENAME_STEM,HIGH,False,Successor-object lineage match; content equality still requires old-carrier download/hash comparison.
OVL-0287,TextGrid GRETIL,TG-GRE-0350,Sahṛdayalīlā,Original GRETIL catalogue,GRE-00472,Ruyyaka: Sahrdayalila (input by Somadeva Vasudeva),EXACT_TEI_XML_ID_TO_CORPUSTEI_FILENAME_STEM,HIGH,False,Successor-object lineage match; content equality still requires old-carrier download/hash comparison.
OVL-0288,TextGrid GRETIL,TG-GRE-0351,"Vyaktivivekavyākhyā, 2",Original GRETIL catalogue,GRE-00404,"Ruyyaka [Rajanaka]: Vyaktivivekavyakhya, 2nd vimarsa (input by Hugo David)",EXACT_TEI_XML_ID_TO_CORPUSTEI_FILENAME_STEM,HIGH,False,Successor-object lineage match; content equality still requires old-carrier download/hash comparison.
OVL-0289,TextGrid GRETIL,TG-GRE-0352,Rasārṇavasudhākara,Original GRETIL catalogue,GRE-00405,Simhabhupala (attrib.): Rasarnavasudhakara (input by Jan Brzezinski),EXACT_TEI_XML_ID_TO_CORPUSTEI_FILENAME_STEM,HIGH,False,Successor-object lineage match; content equality still requires old-carrier download/hash comparison.
OVL-0290,TextGrid GRETIL,TG-GRE-0353,Kathāsaritsāgara,Original GRETIL catalogue,GRE-00487,"Somadeva: Kathasaritsagara (input by James Mallinson, Elena Artesani, Rabi Acharya, Nirajan Kafle, and Tyler Neill)",EXACT_TEI_XML_ID_TO_CORPUSTEI_FILENAME_STEM,HIGH,False,Successor-object lineage match; content equality still requires old-carrier download/hash comparison.
OVL-0291,TextGrid GRETIL,TG-GRE-0354,"Kathāsaritsāgara, Vetālapañcaviṃśatikā",Original GRETIL catalogue,GRE-00488,"Somadeva: Kathasaritsagara, Vetalapancavimsatika (input by Elena Artesani)",EXACT_TEI_XML_ID_TO_CORPUSTEI_FILENAME_STEM,HIGH,False,Successor-object lineage match; content equality still requires old-carrier download/hash comparison.
OVL-0292,TextGrid GRETIL,TG-GRE-0355,Vāsavadattā,Original GRETIL catalogue,GRE-00473,Subandhu: Vasavadatta (input by Christian Ferstl),EXACT_TEI_XML_ID_TO_CORPUSTEI_FILENAME_STEM,HIGH,False,Successor-object lineage match; content equality still requires old-carrier download/hash comparison.
OVL-0293,TextGrid GRETIL,TG-GRE-0356,Tantrākhyāyika 1-2,Original GRETIL catalogue,GRE-00490,Tantrakhyayika (input by Lars Martin Fosse),EXACT_TEI_XML_ID_TO_CORPUSTEI_FILENAME_STEM,HIGH,False,Successor-object lineage match; content equality still requires old-carrier download/hash comparison.
OVL-0294,TextGrid GRETIL,TG-GRE-0357,Kāvyālaṃkārasārasaṃgraha with Indurāja's Laghuvṛtti commentary,Original GRETIL catalogue,GRE-00406,"Udbhata: Kavyalamkarasarasamgraha, with Induraja's Laghuvrtti (input by members of the Sansknet project)",EXACT_TEI_XML_ID_TO_CORPUSTEI_FILENAME_STEM,HIGH,False,Successor-object lineage match; content equality still requires old-carrier download/hash comparison.
OVL-0295,TextGrid GRETIL,TG-GRE-0358,Kokilasaṃdesa,Original GRETIL catalogue,GRE-00474,Uddanda: Kokilasamdesa (input by members of the Rasala team),EXACT_TEI_XML_ID_TO_CORPUSTEI_FILENAME_STEM,HIGH,False,Successor-object lineage match; content equality still requires old-carrier download/hash comparison.
OVL-0296,TextGrid GRETIL,TG-GRE-0359,Pāḍatāḍitaka,Original GRETIL catalogue,GRE-00484,Udicya Syamilaka: Padataditaka (input by Somadeva Vasudeva),EXACT_TEI_XML_ID_TO_CORPUSTEI_FILENAME_STEM,HIGH,False,Successor-object lineage match; content equality still requires old-carrier download/hash comparison.
OVL-0297,TextGrid GRETIL,TG-GRE-0360,Subhāṣitāvali 1-1040,Original GRETIL catalogue,GRE-00497,Vallabhadeva: Subhasitavali (input by …),EXACT_TEI_XML_ID_TO_CORPUSTEI_FILENAME_STEM,HIGH,False,Successor-object lineage match; content equality still requires old-carrier download/hash comparison.
OVL-0298,TextGrid GRETIL,TG-GRE-0361,Kāvyālaṃkārasūtra,Original GRETIL catalogue,GRE-00407,Vamana: Kavyalamkara [sutras without comm.] (input by Masahiro Takano),EXACT_TEI_XML_ID_TO_CORPUSTEI_FILENAME_STEM,HIGH,False,Successor-object lineage match; content equality still requires old-carrier download/hash comparison.
OVL-0299,TextGrid GRETIL,TG-GRE-0362,Kāvyālaṃkārasūtra with Vṛtti,Original GRETIL catalogue,GRE-00408,"Vamana: Kavyalamkarasutra, with Vrtti (input by Masahiro Takano)",EXACT_TEI_XML_ID_TO_CORPUSTEI_FILENAME_STEM,HIGH,False,Successor-object lineage match; content equality still requires old-carrier download/hash comparison.
OVL-0300,TextGrid GRETIL,TG-GRE-0363,Subhāṣitaratnakośa,Original GRETIL catalogue,GRE-00498,"Vidyakara: Subhasitaratnakosa (input by Harunaga Isaacson, revised by Jan Brzezinski)",EXACT_TEI_XML_ID_TO_CORPUSTEI_FILENAME_STEM,HIGH,False,Successor-object lineage match; content equality still requires old-carrier download/hash comparison.
OVL-0301,TextGrid GRETIL,TG-GRE-0364,Pratāparudrīya or Pratāparudrayaśobhūṣaṇa with Kumārasvāmin's commentary Ratnāpaṇa,Original GRETIL catalogue,GRE-00409,"Vidyanatha: Prataparudriya, or Prataparudrayasobhusana, with Kumarasvamin's Ratnapana commentary (input by members of the Sansknet Project)",EXACT_TEI_XML_ID_TO_CORPUSTEI_FILENAME_STEM,HIGH,False,Successor-object lineage match; content equality still requires old-carrier download/hash comparison.
OVL-0302,TextGrid GRETIL,TG-GRE-0365,Pañcatantra,Original GRETIL catalogue,GRE-00491,Visnusarma: Pancatantra (input by Jan Brzezinski),EXACT_TEI_XML_ID_TO_CORPUSTEI_FILENAME_STEM,HIGH,False,Successor-object lineage match; content equality still requires old-carrier download/hash comparison.
OVL-0303,TextGrid GRETIL,TG-GRE-0366,Sāhityadarpaṇa,Original GRETIL catalogue,GRE-00411,"Visvanatha kaviraja: Sahitydarpana, with Locana and Vijnapriya commentaries (input by members of the Sansknet project)",EXACT_TEI_XML_ID_TO_CORPUSTEI_FILENAME_STEM,HIGH,False,Successor-object lineage match; content equality still requires old-carrier download/hash comparison.
OVL-0304,TextGrid GRETIL,TG-GRE-0367,Sāhityadarpaṇa,Original GRETIL catalogue,GRE-00410,Visvanatha kaviraja: Sahityadarpana [mulakarikas only] (input by Jan Brzezinski),EXACT_TEI_XML_ID_TO_CORPUSTEI_FILENAME_STEM,HIGH,False,Successor-object lineage match; content equality still requires old-carrier download/hash comparison.
OVL-0305,TextGrid GRETIL,TG-GRE-0368,Camatkāracandrikā,Original GRETIL catalogue,GRE-00412,Visvesvara Kavicandra: Camatkaracandrika (input by members of the Sansknet project),EXACT_TEI_XML_ID_TO_CORPUSTEI_FILENAME_STEM,HIGH,False,Successor-object lineage match; content equality still requires old-carrier download/hash comparison.
OVL-0306,TextGrid GRETIL,TG-GRE-0369,Śukasaptati,Original GRETIL catalogue,GRE-00489,Sukasaptati (input by members of the Sansknet Project),EXACT_TEI_XML_ID_TO_CORPUSTEI_FILENAME_STEM,HIGH,False,Successor-object lineage match; content equality still requires old-carrier download/hash comparison.
OVL-0307,TextGrid GRETIL,TG-GRE-0370,Viśvantarāvadāna,Original GRETIL catalogue,GRE-00384,Visvantaravadana (input by Klaus Wille),EXACT_TEI_XML_ID_TO_CORPUSTEI_FILENAME_STEM,HIGH,False,Successor-object lineage match; content equality still requires old-carrier download/hash comparison.
OVL-0308,TextGrid GRETIL,TG-GRE-0371,Gītārthasaṃgraha,Original GRETIL catalogue,GRE-00547,Yamuna: Gitarthasamgraha (input by Sadanori Ishitobi),EXACT_TEI_XML_ID_TO_CORPUSTEI_FILENAME_STEM,HIGH,False,Successor-object lineage match; content equality still requires old-carrier download/hash comparison.
OVL-0309,TextGrid GRETIL,TG-GRE-0372,Prajñāpāramitāhṛdayasūtra,Original GRETIL catalogue,GRE-00306,Prajnaparamitahrdayasutra (input by John Richards),EXACT_TEI_XML_ID_TO_CORPUSTEI_FILENAME_STEM,HIGH,False,Successor-object lineage match; content equality still requires old-carrier download/hash comparison.
OVL-0310,TextGrid GRETIL,TG-GRE-0373,"Prajñāpāramitāhṛdayasūtra, saṃkṣiptamātṛkā",Original GRETIL catalogue,GRE-00307,Prajnaparamitahrdayasutra [samksiptamatrka] (input by members of the Sanskrit Buddhist Canon Input Project),EXACT_TEI_XML_ID_TO_CORPUSTEI_FILENAME_STEM,HIGH,False,Successor-object lineage match; content equality still requires old-carrier download/hash comparison.
OVL-0311,TextGrid GRETIL,TG-GRE-0374,"Prajñāpāramitāhṛdayasūtra, vistaramātṛkā",Original GRETIL catalogue,GRE-00308,Prajnaparamitahrdayasutra [vistaramatrka] (input by members of the Sanskrit Buddhist Canon Input Project),EXACT_TEI_XML_ID_TO_CORPUSTEI_FILENAME_STEM,HIGH,False,Successor-object lineage match; content equality still requires old-carrier download/hash comparison.
OVL-0312,TextGrid GRETIL,TG-GRE-0375,"Prātimokṣasūtra, fragments",Original GRETIL catalogue,GRE-00314,Pratimoksasutra [fragments] (input by Klaus Wille),EXACT_TEI_XML_ID_TO_CORPUSTEI_FILENAME_STEM,HIGH,False,Successor-object lineage match; content equality still requires old-carrier download/hash comparison.
OVL-0313,TextGrid GRETIL,TG-GRE-0376,Īśvarapratyabhijñākārikā with Vṛtti,Original GRETIL catalogue,GRE-00616,Utpaladeva: Isvarapratyabhijnakarika (input by Somadeva Vasudeva),EXACT_TEI_XML_ID_TO_CORPUSTEI_FILENAME_STEM,HIGH,False,Successor-object lineage match; content equality still requires old-carrier download/hash comparison.
OVL-0314,TextGrid GRETIL,TG-GRE-0377,Pratītyasamutpādādivibhaṅganirdeśasūtra,Original GRETIL catalogue,GRE-00316,Pratityasamutpadavibhangasutra,EXACT_TEI_XML_ID_TO_CORPUSTEI_FILENAME_STEM,HIGH,False,Successor-object lineage match; content equality still requires old-carrier download/hash comparison.
OVL-0315,TextGrid GRETIL,TG-GRE-0378,Pratītyasamutpādavibhaṅgasūtra,Original GRETIL catalogue,GRE-00316,Pratityasamutpadavibhangasutra,EXACT_TEI_XML_ID_TO_CORPUSTEI_FILENAME_STEM,HIGH,False,Successor-object lineage match; content equality still requires old-carrier download/hash comparison.
OVL-0316,TextGrid GRETIL,TG-GRE-0379,Pravāraṇāvastu,Original GRETIL catalogue,GRE-00318,"Pravaranavastu [ = Vinayavastu , 3] (input by Jin-il Chung & Klaus Wille)",EXACT_TEI_XML_ID_TO_CORPUSTEI_FILENAME_STEM,HIGH,False,Successor-object lineage match; content equality still requires old-carrier download/hash comparison.
OVL-0317,TextGrid GRETIL,TG-GRE-0380,Pudgalavastu,Original GRETIL catalogue,GRE-00320,"Pudgalavastu [ = Vinayavastu , 12] (input by Klaus Wille)",EXACT_TEI_XML_ID_TO_CORPUSTEI_FILENAME_STEM,HIGH,False,Successor-object lineage match; content equality still requires old-carrier download/hash comparison.
OVL-0318,TextGrid GRETIL,TG-GRE-0381,Prajñāpāramitāstotra,Original GRETIL catalogue,GRE-00321,Rahulabhadra: Prajnaparamitastotra (input by Lennart and Jens-Uwe Hartmann),EXACT_TEI_XML_ID_TO_CORPUSTEI_FILENAME_STEM,HIGH,False,Successor-object lineage match; content equality still requires old-carrier download/hash comparison.
OVL-0319,TextGrid GRETIL,TG-GRE-0382,Mṛtyuvañcanopadeśa,Original GRETIL catalogue,GRE-00370,Vagisvarakirti: Mrtyuvancanopadesa (input by Johannes Schneider) [see also s.v. Sadhana ],EXACT_TEI_XML_ID_TO_CORPUSTEI_FILENAME_STEM,HIGH,False,Successor-object lineage match; content equality still requires old-carrier download/hash comparison.
OVL-0320,TextGrid GRETIL,TG-GRE-0383,Sarvajñatākāradhāraṇī,Original GRETIL catalogue,GRE-00343,Sarvajnatakaradharani (input by Klaus Wille),EXACT_TEI_XML_ID_TO_CORPUSTEI_FILENAME_STEM,HIGH,False,Successor-object lineage match; content equality still requires old-carrier download/hash comparison.
OVL-0321,TextGrid GRETIL,TG-GRE-0384,Apohasiddhi,Original GRETIL catalogue,GRE-00713,Ratnakirti: Apohasiddhi (input by members of the Sanskrit Buddhist Canon Input Project),EXACT_TEI_XML_ID_TO_CORPUSTEI_FILENAME_STEM,HIGH,False,Successor-object lineage match; content equality still requires old-carrier download/hash comparison.
OVL-0322,TextGrid GRETIL,TG-GRE-0385,Caryāmelāvaṇapradīpa,Original GRETIL catalogue,GRE-00633,Aryadeva: Caryamelavanapradipa (input by members of the Sanskrit Buddhist Canon Input Project),EXACT_TEI_XML_ID_TO_CORPUSTEI_FILENAME_STEM,HIGH,False,Successor-object lineage match; content equality still requires old-carrier download/hash comparison.
OVL-0323,TextGrid GRETIL,TG-GRE-0386,Catuḥśatikā,Original GRETIL catalogue,GRE-00634,Aryadeva: Catuhsatika (input by members of the Sanskrit Buddhist Canon Input Project),EXACT_TEI_XML_ID_TO_CORPUSTEI_FILENAME_STEM,HIGH,False,Successor-object lineage match; content equality still requires old-carrier download/hash comparison.
OVL-0324,TextGrid GRETIL,TG-GRE-0387,Cittaviśuddhiprakaraṇa,Original GRETIL catalogue,GRE-00635,Aryadeva: Cittavisuddhiprakarana (input by members of the Sanskrit Buddhist Canon Input Project),EXACT_TEI_XML_ID_TO_CORPUSTEI_FILENAME_STEM,HIGH,False,Successor-object lineage match; content equality still requires old-carrier download/hash comparison.
OVL-0325,TextGrid GRETIL,TG-GRE-0388,Āryānityatāsūtra,Original GRETIL catalogue,GRE-00182,Aryanityatasutra (input by members of the Sanskrit Buddhist Canon Input Project),EXACT_TEI_XML_ID_TO_CORPUSTEI_FILENAME_STEM,HIGH,False,Successor-object lineage match; content equality still requires old-carrier download/hash comparison.
OVL-0326,TextGrid GRETIL,TG-GRE-0389,Triśatikāyāḥ prajñāpāramitāyāḥ kārikāsaptatiḥ,Original GRETIL catalogue,GRE-00188,Asanga: Trisatikayah Prajnaparamitayah Karikasaptatih (input by Klaus Wille),EXACT_TEI_XML_ID_TO_CORPUSTEI_FILENAME_STEM,HIGH,False,Successor-object lineage match; content equality still requires old-carrier download/hash comparison.
OVL-0327,TextGrid GRETIL,TG-GRE-0390,Śarīrārthagāthā a chapter of his Yogācārabhūmi,Original GRETIL catalogue,GRE-00189,Asanga: Yogacarabhumi: Sarirarthagatha of the Cintamayibhumi (input by Klaus Wille),EXACT_TEI_XML_ID_TO_CORPUSTEI_FILENAME_STEM,HIGH,False,Successor-object lineage match; content equality still requires old-carrier download/hash comparison.
OVL-0328,TextGrid GRETIL,TG-GRE-0391,Upasaṃpadājñapti,Original GRETIL catalogue,GRE-00369,Upasampadajnapti (input by Jin-il Chung),EXACT_TEI_XML_ID_TO_CORPUSTEI_FILENAME_STEM,HIGH,False,Successor-object lineage match; content equality still requires old-carrier download/hash comparison.
OVL-0329,TextGrid GRETIL,TG-GRE-0392,Upāyahṛdaya (reconstructed text),Original GRETIL catalogue,GRE-00731,Upayahrdaya (input by members of the Sanskrit Buddhist Canon Input Project),EXACT_TEI_XML_ID_TO_CORPUSTEI_FILENAME_STEM,HIGH,False,Successor-object lineage match; content equality still requires old-carrier download/hash comparison.
OVL-0330,TextGrid GRETIL,TG-GRE-0393,Ajaḍapramātṛsiddhi,Original GRETIL catalogue,GRE-00615,Utpaladeva: Ajadapramatrsiddhi (input by Somadeva Vasudeva),EXACT_TEI_XML_ID_TO_CORPUSTEI_FILENAME_STEM,HIGH,False,Successor-object lineage match; content equality still requires old-carrier download/hash comparison.
OVL-0331,TextGrid GRETIL,TG-GRE-0394,Arthaviniścayasūtra,Original GRETIL catalogue,GRE-00180,Arthaviniscayasutra (input by members of the Sanskrit Buddhist Canon Input Project),EXACT_TEI_XML_ID_TO_CORPUSTEI_FILENAME_STEM,HIGH,False,Successor-object lineage match; content equality still requires old-carrier download/hash comparison.
OVL-0332,TextGrid GRETIL,TG-GRE-0395,Pāramitāsamāsa,Original GRETIL catalogue,GRE-00636,Aryasura: Paramitasamasa (input by members of the Sanskrit Buddhist Canon Input Project),EXACT_TEI_XML_ID_TO_CORPUSTEI_FILENAME_STEM,HIGH,False,Successor-object lineage match; content equality still requires old-carrier download/hash comparison.
OVL-0333,TextGrid GRETIL,TG-GRE-0398,Īśvarapratyabhijñākārikā with Vṛtti,Original GRETIL catalogue,GRE-00616,Utpaladeva: Isvarapratyabhijnakarika (input by Somadeva Vasudeva),EXACT_TEI_XML_ID_TO_CORPUSTEI_FILENAME_STEM,HIGH,False,Successor-object lineage match; content equality still requires old-carrier download/hash comparison.
OVL-0334,TextGrid GRETIL,TG-GRE-0399,Śālistambasūtra,Original GRETIL catalogue,GRE-00332,Salistambasutra (input by members of the Sanskrit Buddhist Canon Input Project),EXACT_TEI_XML_ID_TO_CORPUSTEI_FILENAME_STEM,HIGH,False,Successor-object lineage match; content equality still requires old-carrier download/hash comparison.
OVL-0335,TextGrid GRETIL,TG-GRE-0400,Śikṣāsamuccayakārikā,Original GRETIL catalogue,GRE-00724,Siksasamuccayakarika (input by members of the Sanskrit Buddhist Canon Input Project),EXACT_TEI_XML_ID_TO_CORPUSTEI_FILENAME_STEM,HIGH,False,Successor-object lineage match; content equality still requires old-carrier download/hash comparison.
OVL-0336,TextGrid GRETIL,TG-GRE-0401,Śrīghanācārasaṃgraha,Original GRETIL catalogue,GRE-00351,Srighanacarasamgraha [reconstructed from Jayaraksita's Sphutartha Srighanacarasamgrahatika] (input by members of the Sanskrit Buddhist Canon Input Project),EXACT_TEI_XML_ID_TO_CORPUSTEI_FILENAME_STEM,HIGH,False,Successor-object lineage match; content equality still requires old-carrier download/hash comparison.
OVL-0337,TextGrid GRETIL,TG-GRE-0402,Śrīmahādevīvyākaraṇa,Original GRETIL catalogue,GRE-00352,Srimahadevivyakarana (input by members of the Sanskrit Buddhist Canon Input Project),EXACT_TEI_XML_ID_TO_CORPUSTEI_FILENAME_STEM,HIGH,False,Successor-object lineage match; content equality still requires old-carrier download/hash comparison.
OVL-0338,TextGrid GRETIL,TG-GRE-0403,Tattvajñānasaṃsiddhi,Original GRETIL catalogue,GRE-00725,Sunyasamadhipada: Tattvajnanasamsiddhi (input by members of the Sanskrit Buddhist Canon Input Project),EXACT_TEI_XML_ID_TO_CORPUSTEI_FILENAME_STEM,HIGH,False,Successor-object lineage match; content equality still requires old-carrier download/hash comparison.
OVL-0339,TextGrid GRETIL,TG-GRE-0404,Upasaṃpadājñapti,Original GRETIL catalogue,GRE-00369,Upasampadajnapti (input by Jin-il Chung),EXACT_TEI_XML_ID_TO_CORPUSTEI_FILENAME_STEM,HIGH,False,Successor-object lineage match; content equality still requires old-carrier download/hash comparison.
OVL-0340,TextGrid GRETIL,TG-GRE-0405,Upāyahṛdaya (reconstructed text),Original GRETIL catalogue,GRE-00731,Upayahrdaya (input by members of the Sanskrit Buddhist Canon Input Project),EXACT_TEI_XML_ID_TO_CORPUSTEI_FILENAME_STEM,HIGH,False,Successor-object lineage match; content equality still requires old-carrier download/hash comparison.
OVL-0341,TextGrid GRETIL,TG-GRE-0406,Ajaḍapramātṛsiddhi,Original GRETIL catalogue,GRE-00615,Utpaladeva: Ajadapramatrsiddhi (input by Somadeva Vasudeva),EXACT_TEI_XML_ID_TO_CORPUSTEI_FILENAME_STEM,HIGH,False,Successor-object lineage match; content equality still requires old-carrier download/hash comparison.
OVL-0342,TextGrid GRETIL,TG-GRE-0407,Vajracchedikā prajñāpāramitā,Original GRETIL catalogue,GRE-00371,Vajracchedika Prajnaparamita (input by members of the Sanskrit Buddhist Canon Input Project),EXACT_TEI_XML_ID_TO_CORPUSTEI_FILENAME_STEM,HIGH,False,Successor-object lineage match; content equality still requires old-carrier download/hash comparison.
OVL-0343,TextGrid GRETIL,TG-GRE-0408,Vajracchedika Prajñāpāramitā,Original GRETIL catalogue,GRE-00372,"Vajracchedika Prajnaparamita , fragment from Afghanistan (input by Klaus Wille)",EXACT_TEI_XML_ID_TO_CORPUSTEI_FILENAME_STEM,HIGH,False,Successor-object lineage match; content equality still requires old-carrier download/hash comparison.
OVL-0344,TextGrid GRETIL,TG-GRE-0409,Vajracchedikā Prajñāpāramitā-Gilgit,Original GRETIL catalogue,GRE-00373,"Vajracchedika Prajnaparamita , Gilgit ms. (input by Klaus Wille)",EXACT_TEI_XML_ID_TO_CORPUSTEI_FILENAME_STEM,HIGH,False,Successor-object lineage match; content equality still requires old-carrier download/hash comparison.
OVL-0345,TextGrid GRETIL,TG-GRE-0410,Vajravidāraṇādhāraṇī,Original GRETIL catalogue,GRE-00374,Vajravidaranadharani (input by members of the Sanskrit Buddhist Canon Input Project),EXACT_TEI_XML_ID_TO_CORPUSTEI_FILENAME_STEM,HIGH,False,Successor-object lineage match; content equality still requires old-carrier download/hash comparison.
OVL-0346,TextGrid GRETIL,TG-GRE-0411,Vajravidāraṇīdhāraṇī,Original GRETIL catalogue,GRE-00375,Vajravidaranidharani (input by Klaus Wille),EXACT_TEI_XML_ID_TO_CORPUSTEI_FILENAME_STEM,HIGH,False,Successor-object lineage match; content equality still requires old-carrier download/hash comparison.
OVL-0347,TextGrid GRETIL,TG-GRE-0412,Janmamaraṇavicāra,Original GRETIL catalogue,GRE-00617,Vamadeva: Janmamaranavicara (input by Oliver Hellwig),EXACT_TEI_XML_ID_TO_CORPUSTEI_FILENAME_STEM,HIGH,False,Successor-object lineage match; content equality still requires old-carrier download/hash comparison.
OVL-0348,TextGrid GRETIL,TG-GRE-0413,Dvayasaṃpattivārttika,Original GRETIL catalogue,GRE-00618,Vamanadatta: Dvayasampattivarttika (input by Daniele Cuneo),EXACT_TEI_XML_ID_TO_CORPUSTEI_FILENAME_STEM,HIGH,False,Successor-object lineage match; content equality still requires old-carrier download/hash comparison.
OVL-0349,TextGrid GRETIL,TG-GRE-0414,Svabodhodayamañjarī,Original GRETIL catalogue,GRE-00619,Vamanadatta: Svabodhodayamanjari (input by Daniele Cuneo),EXACT_TEI_XML_ID_TO_CORPUSTEI_FILENAME_STEM,HIGH,False,Successor-object lineage match; content equality still requires old-carrier download/hash comparison.
OVL-0350,TextGrid GRETIL,TG-GRE-0415,Śatagāthā,Original GRETIL catalogue,GRE-00732,Vararuci: Satagatha (input by members of the Sanskrit Buddhist Canon Input Project),EXACT_TEI_XML_ID_TO_CORPUSTEI_FILENAME_STEM,HIGH,False,Successor-object lineage match; content equality still requires old-carrier download/hash comparison.
OVL-0351,TextGrid GRETIL,TG-GRE-0416,Varṣāvastu,Original GRETIL catalogue,GRE-00376,"Varsavastu [ = Vinayavastu , 4] (input by Klaus Wille)",EXACT_TEI_XML_ID_TO_CORPUSTEI_FILENAME_STEM,HIGH,False,Successor-object lineage match; content equality still requires old-carrier download/hash comparison.
OVL-0352,TextGrid GRETIL,TG-GRE-0417,Pañcaskandhaprakaraṇa,Original GRETIL catalogue,GRE-00737,Vasubandhu: Pancaskandhaprakarana (input by members of the Sanskrit Buddhist Canon Input Project),EXACT_TEI_XML_ID_TO_CORPUSTEI_FILENAME_STEM,HIGH,False,Successor-object lineage match; content equality still requires old-carrier download/hash comparison.
OVL-0353,TextGrid GRETIL,TG-GRE-0418,Triṃśikāvijñaptikārikā,Original GRETIL catalogue,GRE-00738,Vasubandhu: Trimsikavijnaptikarika (input by members of the Sanskrit Buddhist Canon Input Project),EXACT_TEI_XML_ID_TO_CORPUSTEI_FILENAME_STEM,HIGH,False,Successor-object lineage match; content equality still requires old-carrier download/hash comparison.
OVL-0354,TextGrid GRETIL,TG-GRE-0419,Trisvabhāvanirdeśa,Original GRETIL catalogue,GRE-00740,Vasubandhu: Trisvabhavanirdesa (input by members of the Sanskrit Buddhist Canon Input Project),EXACT_TEI_XML_ID_TO_CORPUSTEI_FILENAME_STEM,HIGH,False,Successor-object lineage match; content equality still requires old-carrier download/hash comparison.
OVL-0355,TextGrid GRETIL,TG-GRE-0420,Viṃśatikā vijñaptimātratāsiddhi,Original GRETIL catalogue,GRE-00741,Vasubandhu: Vimsatika vijnaptimatratasiddhi (input by Takamichi Fukita),EXACT_TEI_XML_ID_TO_CORPUSTEI_FILENAME_STEM,HIGH,False,Successor-object lineage match; content equality still requires old-carrier download/hash comparison.
OVL-0356,TextGrid GRETIL,TG-GRE-0421,Vasudhārādhāraṇī,Original GRETIL catalogue,GRE-00377,Vasudharadharani #1 (input by Klaus Wille),EXACT_TEI_XML_ID_TO_CORPUSTEI_FILENAME_STEM,HIGH,False,Successor-object lineage match; content equality still requires old-carrier download/hash comparison.
OVL-0357,TextGrid GRETIL,TG-GRE-0422,Vasudhārādhāraṇī,Original GRETIL catalogue,GRE-00379,Vasudharadharani #3 (input by members of the Sanskrit Buddhist Canon Input Project),EXACT_TEI_XML_ID_TO_CORPUSTEI_FILENAME_STEM,HIGH,False,Successor-object lineage match; content equality still requires old-carrier download/hash comparison.
OVL-0358,TextGrid GRETIL,TG-GRE-0423,Vasudhārādhāraṇī-Gilgit,Original GRETIL catalogue,GRE-00378,Vasudharadharani #2 (transliterated from the manuscript by Klaus Wille),EXACT_TEI_XML_ID_TO_CORPUSTEI_FILENAME_STEM,HIGH,False,Successor-object lineage match; content equality still requires old-carrier download/hash comparison.
OVL-0359,TextGrid GRETIL,TG-GRE-0424,Spandakārikā,Original GRETIL catalogue,GRE-00621,Vasugupta [or Kallata Bhatta?]: Spandakarika (input by Marino Faliero):,EXACT_TEI_XML_ID_TO_CORPUSTEI_FILENAME_STEM,HIGH,False,Successor-object lineage match; content equality still requires old-carrier download/hash comparison.
OVL-0360,TextGrid GRETIL,TG-GRE-0425,Vātūlanāthasūtra with the Vṛtti of Anantaśaktipāda,Original GRETIL catalogue,GRE-00622,Vatulanatha: Vatulanathasutra (input by Somadeva Vasudeva),EXACT_TEI_XML_ID_TO_CORPUSTEI_FILENAME_STEM,HIGH,False,Successor-object lineage match; content equality still requires old-carrier download/hash comparison.
OVL-0361,TextGrid GRETIL,TG-GRE-0426,Vidyāsthānopamasūtra,Original GRETIL catalogue,GRE-00380,Vidyasthanopamasutra (input by Klaus Wille),EXACT_TEI_XML_ID_TO_CORPUSTEI_FILENAME_STEM,HIGH,False,Successor-object lineage match; content equality still requires old-carrier download/hash comparison.
OVL-0362,TextGrid GRETIL,TG-GRE-0427,Vijñānabhairava,Original GRETIL catalogue,GRE-00623,Vijnanabhairava (input by Marino Faliero),EXACT_TEI_XML_ID_TO_CORPUSTEI_FILENAME_STEM,HIGH,False,Successor-object lineage match; content equality still requires old-carrier download/hash comparison.
OVL-0363,TextGrid GRETIL,TG-GRE-0428,Viṃśatikākārikā,Original GRETIL catalogue,GRE-00746,Vimsatikakarika (input by members of the Sanskrit Buddhist Canon Input Project),EXACT_TEI_XML_ID_TO_CORPUSTEI_FILENAME_STEM,HIGH,False,Successor-object lineage match; content equality still requires old-carrier download/hash comparison.
OVL-0364,TextGrid GRETIL,TG-GRE-0429,Viṃśikāvṛtti,Original GRETIL catalogue,GRE-00747,Vimsikavrtti (input by members of the Sanskrit Buddhist Canon Input Project),EXACT_TEI_XML_ID_TO_CORPUSTEI_FILENAME_STEM,HIGH,False,Successor-object lineage match; content equality still requires old-carrier download/hash comparison.
OVL-0365,TextGrid GRETIL,TG-GRE-0430,"Vinayaviniścaya, upāliparipṛcchā",Original GRETIL catalogue,GRE-00383,Vinayaviniscaya upalipariprccha (input by members of the Sanskrit Buddhist Canon Input Project),EXACT_TEI_XML_ID_TO_CORPUSTEI_FILENAME_STEM,HIGH,False,Successor-object lineage match; content equality still requires old-carrier download/hash comparison.
OVL-0366,TextGrid GRETIL,TG-GRE-0431,Īśvarasiddhi,Original GRETIL catalogue,GRE-00548,Yamuna: Isvarasiddhi (input by Sadanori Ishitobi),EXACT_TEI_XML_ID_TO_CORPUSTEI_FILENAME_STEM,HIGH,False,Successor-object lineage match; content equality still requires old-carrier download/hash comparison.
OVL-0367,TextGrid GRETIL,TG-GRE-0432,Mahāyānasūtrālaṃkāra,Original GRETIL catalogue,GRE-00679,Mahayanasutralamkara (input by members of the Sanskrit Buddhist Canon Input Project),EXACT_TEI_XML_ID_TO_CORPUSTEI_FILENAME_STEM,HIGH,False,Successor-object lineage match; content equality still requires old-carrier download/hash comparison.
OVL-0368,TextGrid GRETIL,TG-GRE-0433,Kaṭhopaniṣadbhāṣya,Original GRETIL catalogue,GRE-00538,Samkara (attrib.): Kathopanisadbhasya (input by Ivan Andrijanić),EXACT_TEI_XML_ID_TO_CORPUSTEI_FILENAME_STEM,HIGH,False,Successor-object lineage match; content equality still requires old-carrier download/hash comparison.
OVL-0369,TextGrid GRETIL,TG-GRE-0434,Vivekacuḍāmaṇi,Original GRETIL catalogue,GRE-00539,Samkara (attrib.): Vivekacudamani (input by …),EXACT_TEI_XML_ID_TO_CORPUSTEI_FILENAME_STEM,HIGH,False,Successor-object lineage match; content equality still requires old-carrier download/hash comparison.
OVL-0370,TextGrid GRETIL,TG-GRE-0435,Pratisarākalpadhāraṇī,Original GRETIL catalogue,GRE-00315,Pratisarakalpadharani (input by Klaus Wille),EXACT_TEI_XML_ID_TO_CORPUSTEI_FILENAME_STEM,HIGH,False,Successor-object lineage match; content equality still requires old-carrier download/hash comparison.
OVL-0371,TextGrid GRETIL,TG-GRE-0436,Pratītyasamutpādamahāyānasūtra,Original GRETIL catalogue,GRE-00317,Pratityasamutpadamahayanasutra (input by members of the Sanskrit Buddhist Canon Input Project),EXACT_TEI_XML_ID_TO_CORPUSTEI_FILENAME_STEM,HIGH,False,Successor-object lineage match; content equality still requires old-carrier download/hash comparison.
OVL-0372,TextGrid GRETIL,TG-GRE-0437,Pratyakṣalakṣaṇa of the Tarkarahasya,Original GRETIL catalogue,GRE-00728,"Tarkarahasya, Pratyaksalaksana (provided by Helmut Krasser)",EXACT_TEI_XML_ID_TO_CORPUSTEI_FILENAME_STEM,HIGH,False,Successor-object lineage match; content equality still requires old-carrier download/hash comparison.
OVL-0373,TextGrid GRETIL,TG-GRE-0438,Mānamanohara,Original GRETIL catalogue,GRE-00593,Vadivagisvara: Manamanohara (input by Diwakar Acharya with assistance from Raju Rimal),EXACT_TEI_XML_ID_TO_CORPUSTEI_FILENAME_STEM,HIGH,False,Successor-object lineage match; content equality still requires old-carrier download/hash comparison.
OVL-0374,TextGrid GRETIL,TG-GRE-0440,Rāṣṭrapālasūtra,Original GRETIL catalogue,GRE-00323,Rastrapalasutra (input by Klaus Wille),EXACT_TEI_XML_ID_TO_CORPUSTEI_FILENAME_STEM,HIGH,False,Successor-object lineage match; content equality still requires old-carrier download/hash comparison.
OVL-0375,TextGrid GRETIL,TG-GRE-0441,Bhramaharanāma Hevajrasādhana,Original GRETIL catalogue,GRE-00325,Ratnakarasanti: Bhramaharanama Hevajrasadhana (input by Klaus Wille),EXACT_TEI_XML_ID_TO_CORPUSTEI_FILENAME_STEM,HIGH,False,Successor-object lineage match; content equality still requires old-carrier download/hash comparison.
OVL-0376,TextGrid GRETIL,TG-GRE-0442,Kṣaṇabhaṅgasiddhi vyatirekātmikā,Original GRETIL catalogue,GRE-00715,Ratnakirti: Ksanabhangasiddhir Vyatirekatmika (input by Somadeva Vasudeva),EXACT_TEI_XML_ID_TO_CORPUSTEI_FILENAME_STEM,HIGH,False,Successor-object lineage match; content equality still requires old-carrier download/hash comparison.
OVL-0377,TextGrid GRETIL,TG-GRE-0443,Kṣaṇabhaṅgasiddhi vyatirekātmikā,Original GRETIL catalogue,GRE-00716,Ratnakirti: Ksanabhangasiddhir Vyatirekatmika (input by members of the Sanskrit Buddhist Canon Input Project),EXACT_TEI_XML_ID_TO_CORPUSTEI_FILENAME_STEM,HIGH,False,Successor-object lineage match; content equality still requires old-carrier download/hash comparison.
OVL-0378,TextGrid GRETIL,TG-GRE-0444,Sabhikasaugataśāsanapravrajyāvratacaraṇaparivarta,Original GRETIL catalogue,GRE-00328,Sabhikasaugatasasanapravrajyavratacaranaparivarta (input by Klaus Wille),EXACT_TEI_XML_ID_TO_CORPUSTEI_FILENAME_STEM,HIGH,False,Successor-object lineage match; content equality still requires old-carrier download/hash comparison.
OVL-0379,TextGrid GRETIL,TG-GRE-0445,Sāgaranāgarājaparipṛcchāmahāyānasūtra,Original GRETIL catalogue,GRE-00331,Sagaranagarajapariprcchasutra (input by members of the Sanskrit Buddhist Canon Input Project),EXACT_TEI_XML_ID_TO_CORPUSTEI_FILENAME_STEM,HIGH,False,Successor-object lineage match; content equality still requires old-carrier download/hash comparison.
OVL-0380,TextGrid GRETIL,TG-GRE-0446,Āptamīmāṃsā,Original GRETIL catalogue,GRE-00751,Samantabhadra: Aptamimamsa (input by Diwakar Acharya),EXACT_TEI_XML_ID_TO_CORPUSTEI_FILENAME_STEM,HIGH,False,Successor-object lineage match; content equality still requires old-carrier download/hash comparison.
OVL-0381,TextGrid GRETIL,TG-GRE-0447,Sāṃkhyaparibhāṣā,Original GRETIL catalogue,GRE-00563,Samkhyaparibhasa (input by Dhaval Patel),EXACT_TEI_XML_ID_TO_CORPUSTEI_FILENAME_STEM,HIGH,False,Successor-object lineage match; content equality still requires old-carrier download/hash comparison.
OVL-0382,TextGrid GRETIL,TG-GRE-0448,"Sāṃkhyasūtravivaraṇa a commentary on the Tattvasamāsa, an abstract of Sāṃkhya philosophy in (23-) 25 sūtras.",Original GRETIL catalogue,GRE-00564,Samkhyasutravivarana [a comm. on the Tattvasamasa ] (input by Dhaval Patel),EXACT_TEI_XML_ID_TO_CORPUSTEI_FILENAME_STEM,HIGH,False,Successor-object lineage match; content equality still requires old-carrier download/hash comparison.
OVL-0383,TextGrid GRETIL,TG-GRE-0449,Samyaksaṃbuddhabhāṣitaṃ pratimālakṣaṇam,Original GRETIL catalogue,GRE-00337,Samyaksambuddhabhasitam Pratimalaksanam (input by members of the Sanskrit Buddhist Canon Input Project),EXACT_TEI_XML_ID_TO_CORPUSTEI_FILENAME_STEM,HIGH,False,Successor-object lineage match; content equality still requires old-carrier download/hash comparison.
OVL-0384,TextGrid GRETIL,TG-GRE-0450,Saṃyuktāgama (966-972 according to the Chinese canon),Original GRETIL catalogue,GRE-00338,Samyuktagama (input by Klaus Wille),EXACT_TEI_XML_ID_TO_CORPUSTEI_FILENAME_STEM,HIGH,False,Successor-object lineage match; content equality still requires old-carrier download/hash comparison.
OVL-0385,TextGrid GRETIL,TG-GRE-0451,Saptaśatikā prajñāpāramitā,Original GRETIL catalogue,GRE-00340,Saptasatika Prajnaparamita (input by members of the Sanskrit Buddhist Canon Input Project),EXACT_TEI_XML_ID_TO_CORPUSTEI_FILENAME_STEM,HIGH,False,Successor-object lineage match; content equality still requires old-carrier download/hash comparison.
OVL-0386,TextGrid GRETIL,TG-GRE-0452,Sarvatathāgatādhiṣṭhānavyūhasūtra,Original GRETIL catalogue,GRE-00344,Sarvatathagatadhisthanavyuhasutra (input by members of the Sanskrit Buddhist Canon Input Project),EXACT_TEI_XML_ID_TO_CORPUSTEI_FILENAME_STEM,HIGH,False,Successor-object lineage match; content equality still requires old-carrier download/hash comparison.
OVL-0387,TextGrid GRETIL,TG-GRE-0453,"Sarvopakāriṇī a commentary on the Tattvasamāsa, an abstract of Sāṃkhya philosophy in 22 (-25) sūtras.",Original GRETIL catalogue,GRE-00565,Sarvopakarani [a comm. on the Tattvasamasa ] (input by Dhaval Patel),EXACT_TEI_XML_ID_TO_CORPUSTEI_FILENAME_STEM,HIGH,False,Successor-object lineage match; content equality still requires old-carrier download/hash comparison.
OVL-0388,TextGrid GRETIL,TG-GRE-0454,Satyasūtra,Original GRETIL catalogue,GRE-00349,Satyasutra (input by Klaus Wille),EXACT_TEI_XML_ID_TO_CORPUSTEI_FILENAME_STEM,HIGH,False,Successor-object lineage match; content equality still requires old-carrier download/hash comparison.
OVL-0389,TextGrid GRETIL,TG-GRE-0455,Abhidharmakośa,Original GRETIL catalogue,GRE-00734,Vasubandhu: Abhidharmakosa [Karikas only] (input by members of the Sanskrit Buddhist Canon Input Project),EXACT_TEI_XML_ID_TO_CORPUSTEI_FILENAME_STEM,HIGH,False,Successor-object lineage match; content equality still requires old-carrier download/hash comparison.
OVL-0390,TextGrid GRETIL,TG-GRE-0456,Bodhicittotpādasūtraśāstra,Original GRETIL catalogue,GRE-00735,Vasubandhu: Bodhicittotpadasutrasastra (input by members of the Sanskrit Buddhist Canon Input Project),EXACT_TEI_XML_ID_TO_CORPUSTEI_FILENAME_STEM,HIGH,False,Successor-object lineage match; content equality still requires old-carrier download/hash comparison.
OVL-0391,TextGrid GRETIL,TG-GRE-0457,Madhyāntavibhāgakārikābhāṣya a commentary on the Madhyāntavibhāgakārikās attributed to Maitreyanātha,Original GRETIL catalogue,GRE-00736,"Vasubandhu: Madhyantavibhagakarikabhasya , a commentary on Maitreyanatha's Madhyantavibhagakarika (input by Klaus Wille)",EXACT_TEI_XML_ID_TO_CORPUSTEI_FILENAME_STEM,HIGH,False,Successor-object lineage match; content equality still requires old-carrier download/hash comparison.
OVL-0392,TextGrid GRETIL,TG-GRE-0458,Triṃśikāvijñaptikārikā with Sthiramati's Triṃśikāvijñaptibhāṣya,Original GRETIL catalogue,GRE-00739,"Vasubandhu: Trimsikavijnaptikarika , with Sthiramati's Trimsikavijnaptibhasya (input by Takamichi Fukita and Klaus Wille)",EXACT_TEI_XML_ID_TO_CORPUSTEI_FILENAME_STEM,HIGH,False,Successor-object lineage match; content equality still requires old-carrier download/hash comparison.
OVL-0393,TextGrid GRETIL,TG-GRE-0459,Spandakārikā with the commentary by Kṣemarāja,Original GRETIL catalogue,GRE-00620,"Vasugupta [or Kallata Bhatta?]: Spandakarika, with commentary by Ksemaraja (input by Oliver Hellwig)",EXACT_TEI_XML_ID_TO_CORPUSTEI_FILENAME_STEM,HIGH,False,Successor-object lineage match; content equality still requires old-carrier download/hash comparison.
OVL-0394,TextGrid GRETIL,TG-GRE-0460,Sitātapatrā,Original GRETIL catalogue,GRE-00346,Sarvatathagatosnisasitatpatra-nama-aparitamahapratyangiravidyarajni (input by members of the Sanskrit Buddhist Canon Input Project),EXACT_TEI_XML_ID_TO_CORPUSTEI_FILENAME_STEM,HIGH,False,Successor-object lineage match; content equality still requires old-carrier download/hash comparison.
OVL-0395,TextGrid GRETIL,TG-GRE-0461,Smaller Sukhāvatīvyūha,Original GRETIL catalogue,GRE-00355,Sukhavativyuha (input by Yoshimichi Fujita),EXACT_TEI_XML_ID_TO_CORPUSTEI_FILENAME_STEM,HIGH,False,Successor-object lineage match; content equality still requires old-carrier download/hash comparison.
OVL-0396,TextGrid GRETIL,TG-GRE-0462,Tarkasopāna,Original GRETIL catalogue,GRE-00742,Vidyakarasanti: Tarkasopana (input by Klaus Wille),EXACT_TEI_XML_ID_TO_CORPUSTEI_FILENAME_STEM,HIGH,False,Successor-object lineage match; content equality still requires old-carrier download/hash comparison.
OVL-0397,TextGrid GRETIL,TG-GRE-0463,Stūpalakṣaṇakārikāvivecana,Original GRETIL catalogue,GRE-00353,Stupalaksanakarikavivecana (input by Klaus Wille),EXACT_TEI_XML_ID_TO_CORPUSTEI_FILENAME_STEM,HIGH,False,Successor-object lineage match; content equality still requires old-carrier download/hash comparison.
OVL-0398,TextGrid GRETIL,TG-GRE-0464,Sāṃkhyasāra,Original GRETIL catalogue,GRE-00570,Vijnanabhiksu: Samkhyasara (input by Dhaval Patel),EXACT_TEI_XML_ID_TO_CORPUSTEI_FILENAME_STEM,HIGH,False,Successor-object lineage match; content equality still requires old-carrier download/hash comparison.
OVL-0399,TextGrid GRETIL,TG-GRE-0465,Abhidharmadīpa 1-383,Original GRETIL catalogue,GRE-00745,"Vimalamitra(?): Abhidharmadipa, Karikas 1-383 (alternative version) (input by members of the Sanskrit Buddhist Canon Input Project)",EXACT_TEI_XML_ID_TO_CORPUSTEI_FILENAME_STEM,HIGH,False,Successor-object lineage match; content equality still requires old-carrier download/hash comparison.
OVL-0400,TextGrid GRETIL,TG-GRE-0466,Abhidharmadīpa,Original GRETIL catalogue,GRE-00744,"Vimalamitra(?): Abhidharmadipa, Karikas extracted from the commented text (input by members of the Sanskrit Buddhist Canon Input Project)",EXACT_TEI_XML_ID_TO_CORPUSTEI_FILENAME_STEM,HIGH,False,Successor-object lineage match; content equality still requires old-carrier download/hash comparison.
OVL-0401,TextGrid GRETIL,TG-GRE-0467,Subhāṣitaratnakaraṇḍakathā,Original GRETIL catalogue,GRE-00354,Subhasitaratnakarandakatha (input by Klaus Wille),EXACT_TEI_XML_ID_TO_CORPUSTEI_FILENAME_STEM,HIGH,False,Successor-object lineage match; content equality still requires old-carrier download/hash comparison.
OVL-0402,TextGrid GRETIL,TG-GRE-0468,"Sukhāvatīvyūha, saṃkṣiptamātṛkā",Original GRETIL catalogue,GRE-00356,Sukhavativyuha [alternative version] (input by members of the Sanskrit Buddhist Canon Input Project),EXACT_TEI_XML_ID_TO_CORPUSTEI_FILENAME_STEM,HIGH,False,Successor-object lineage match; content equality still requires old-carrier download/hash comparison.
OVL-0403,TextGrid GRETIL,TG-GRE-0469,Saṃtānāntarasiddhiṭīkā,Original GRETIL catalogue,GRE-00748,Vinitadeva: Samtanantarasiddhitika (input by members of the Sanskrit Buddhist Canon Input Project),EXACT_TEI_XML_ID_TO_CORPUSTEI_FILENAME_STEM,HIGH,False,Successor-object lineage match; content equality still requires old-carrier download/hash comparison.
OVL-0404,TextGrid GRETIL,TG-GRE-0470,Svāgatasūtra,Original GRETIL catalogue,GRE-00361,Svagatasutra (input by Klaus Wille),EXACT_TEI_XML_ID_TO_CORPUSTEI_FILENAME_STEM,HIGH,False,Successor-object lineage match; content equality still requires old-carrier download/hash comparison.
OVL-0405,TextGrid GRETIL,TG-GRE-0471,Svalpākṣarā prajñāpāramitā,Original GRETIL catalogue,GRE-00362,Svalpaksara Prajnaparamita (input by members of the Sanskrit Buddhist Canon Input Project),EXACT_TEI_XML_ID_TO_CORPUSTEI_FILENAME_STEM,HIGH,False,Successor-object lineage match; content equality still requires old-carrier download/hash comparison.
OVL-0406,TextGrid GRETIL,TG-GRE-0472,Tārāsragdharāstotra,Original GRETIL catalogue,GRE-00365,Tarasragdharastotra (input by Klaus Wille),EXACT_TEI_XML_ID_TO_CORPUSTEI_FILENAME_STEM,HIGH,False,Successor-object lineage match; content equality still requires old-carrier download/hash comparison.
OVL-0407,TextGrid GRETIL,TG-GRE-0473,Tārābhaṭṭārikānāmāṣṭottaraśatakastotra,Original GRETIL catalogue,GRE-00364,Tarabhattarikanamastottarasatakastotra (input by Klaus Wille),EXACT_TEI_XML_ID_TO_CORPUSTEI_FILENAME_STEM,HIGH,False,Successor-object lineage match; content equality still requires old-carrier download/hash comparison.
OVL-0408,TextGrid GRETIL,TG-GRE-0474,Tathāgatabimbakārāpaṇasūtra,Original GRETIL catalogue,GRE-00366,Tathagatabimbakarapanasutra (input by Klaus Wille),EXACT_TEI_XML_ID_TO_CORPUSTEI_FILENAME_STEM,HIGH,False,Successor-object lineage match; content equality still requires old-carrier download/hash comparison.
OVL-0409,TextGrid GRETIL,TG-GRE-0475,Tattvamīmāṃsā,Original GRETIL catalogue,GRE-00567,Tattvamimamsa (input by Dhaval Patel),EXACT_TEI_XML_ID_TO_CORPUSTEI_FILENAME_STEM,HIGH,False,Successor-object lineage match; content equality still requires old-carrier download/hash comparison.
OVL-0410,TextGrid GRETIL,TG-GRE-0476,Tattvaratnāvaloka,Original GRETIL catalogue,GRE-00730,Tattvaratnavaloka (input by members of the Sanskrit Buddhist Canon Input Project),EXACT_TEI_XML_ID_TO_CORPUSTEI_FILENAME_STEM,HIGH,False,Successor-object lineage match; content equality still requires old-carrier download/hash comparison.
OVL-0411,TextGrid GRETIL,TG-GRE-0477,"Tattvasamāsa-4versions an abstract of Sāṃkhya philosophy in (23-) 25 sūtras,",Original GRETIL catalogue,GRE-00568,"Tattvasamasa [an abstract of Samkhya, in 4 versions] (input by Dhaval Patel / members of the Sansknet project)",EXACT_TEI_XML_ID_TO_CORPUSTEI_FILENAME_STEM,HIGH,False,Successor-object lineage match; content equality still requires old-carrier download/hash comparison.
OVL-0412,TextGrid GRETIL,TG-GRE-0478,"Tattvasamāsasūtravṛtti or Kramadīpikā (cf. final verse), a commentary on the Tattvasamāsa, an abstract of Sāṃkhya philosophy in (23-) 25 sūtras.",Original GRETIL catalogue,GRE-00569,"Tattvasamasasutravrtti , or Kramadipika [a comm. on the Tattvasamasa ] (input by Dhaval Patel)",EXACT_TEI_XML_ID_TO_CORPUSTEI_FILENAME_STEM,HIGH,False,Successor-object lineage match; content equality still requires old-carrier download/hash comparison.
OVL-0413,TextGrid GRETIL,TG-GRE-0479,Timirodghāṭana plus short Nirvāṇakārikā at the end,Original GRETIL catalogue,GRE-00614,Timirodghatana (incl. Nirvanakarika) (input by Somadeva Vasudeva),EXACT_TEI_XML_ID_TO_CORPUSTEI_FILENAME_STEM,HIGH,False,Successor-object lineage match; content equality still requires old-carrier download/hash comparison.
OVL-0414,TextGrid GRETIL,TG-GRE-0480,Triskandhasūtra,Original GRETIL catalogue,GRE-00367,Triskandhasutra (input by members of the Sanskrit Buddhist Canon Input Project),EXACT_TEI_XML_ID_TO_CORPUSTEI_FILENAME_STEM,HIGH,False,Successor-object lineage match; content equality still requires old-carrier download/hash comparison.
OVL-0415,TextGrid GRETIL,TG-GRE-0481,Īśvarasiddhi,Original GRETIL catalogue,GRE-00551,"Yamuna: Siddhitraya, with commentary (input by members of the Sansknet project)",EXACT_TEI_XML_ID_TO_CORPUSTEI_FILENAME_STEM,HIGH,False,Successor-object lineage match; content equality still requires old-carrier download/hash comparison.
OVL-0416,TextGrid GRETIL,TG-GRE-0482,Abhidharmasamuccaya,Original GRETIL catalogue,GRE-00637,Asanga: Abhidharmasamuccaya (input by members of the Sanskrit Buddhist Canon Input Project),EXACT_TEI_XML_ID_TO_CORPUSTEI_FILENAME_STEM,HIGH,False,Successor-object lineage match; content equality still requires old-carrier download/hash comparison.
OVL-0417,TextGrid GRETIL,TG-GRE-0483,Jātakamālā 1-15,Original GRETIL catalogue,GRE-00183,Aryasura: Jatakamala,EXACT_TEI_XML_ID_TO_CORPUSTEI_FILENAME_STEM,HIGH,False,Successor-object lineage match; content equality still requires old-carrier download/hash comparison.
OVL-0418,TextGrid GRETIL,TG-GRE-0484,Mahāśītavatī vidyārājñī,Original GRETIL catalogue,GRE-00275,Mahasitavati vidyarajni (input by Klaus Wille),EXACT_TEI_XML_ID_TO_CORPUSTEI_FILENAME_STEM,HIGH,False,Successor-object lineage match; content equality still requires old-carrier download/hash comparison.
OVL-0419,TextGrid GRETIL,TG-GRE-0485,Pramāṇavārttikaṭīkā,Original GRETIL catalogue,GRE-00719,Sakyabuddhi: Pramanavarttikatika (input by Klaus Wille),EXACT_TEI_XML_ID_TO_CORPUSTEI_FILENAME_STEM,HIGH,False,Successor-object lineage match; content equality still requires old-carrier download/hash comparison.
OVL-0420,TextGrid GRETIL,TG-GRE-0486,Upadeśasāhasrī,Original GRETIL catalogue,GRE-00536,Samkara: Upadesasahasri (input by Ivan Andrijanić),EXACT_TEI_XML_ID_TO_CORPUSTEI_FILENAME_STEM,HIGH,False,Successor-object lineage match; content equality still requires old-carrier download/hash comparison.
OVL-0421,TextGrid GRETIL,TG-GRE-0487,Madhyāntavibhāgakārikā,Original GRETIL catalogue,GRE-00681,Maitreyanatha [attrib.]: Madhyantavibhagakarika (input by members of the Sanskrit Buddhist Canon Input Project),EXACT_TEI_XML_ID_TO_CORPUSTEI_FILENAME_STEM,HIGH,False,Successor-object lineage match; content equality still requires old-carrier download/hash comparison.
OVL-0422,TextGrid GRETIL,TG-GRE-0488,Bhavasaṃkrāntiṭīkā,Original GRETIL catalogue,GRE-00680,Maitreyanatha: Bhavasamkrantitika (input by members of the Sanskrit Buddhist Canon Input Project),EXACT_TEI_XML_ID_TO_CORPUSTEI_FILENAME_STEM,HIGH,False,Successor-object lineage match; content equality still requires old-carrier download/hash comparison.
OVL-0423,TextGrid GRETIL,TG-GRE-0489,Bodhicaryāvatāra,Original GRETIL catalogue,GRE-00722,Santideva: Bodhicaryavatara [alternative version] (input by members of the Sanskrit Buddhist Canon Input Project),EXACT_TEI_XML_ID_TO_CORPUSTEI_FILENAME_STEM,HIGH,False,Successor-object lineage match; content equality still requires old-carrier download/hash comparison.
OVL-0424,TextGrid GRETIL,TG-GRE-0490,Abhisamayālaṃkaranāmaprajñāpāramitopadeśaśāstra,Original GRETIL catalogue,GRE-00280,Maitreyanatha: Abhisamayalamkaranamaprajnaparamitopadesasastra (input by Christian Coseru),EXACT_TEI_XML_ID_TO_CORPUSTEI_FILENAME_STEM,HIGH,False,Successor-object lineage match; content equality still requires old-carrier download/hash comparison.
OVL-0425,TextGrid GRETIL,TG-GRE-0491,Maitreyavyākaraṇa,Original GRETIL catalogue,GRE-00282,Maitreyavyakarana [alternative version] (input by members of the Sanskrit Buddhist Canon Input Project),EXACT_TEI_XML_ID_TO_CORPUSTEI_FILENAME_STEM,HIGH,False,Successor-object lineage match; content equality still requires old-carrier download/hash comparison.
OVL-0426,TextGrid GRETIL,TG-GRE-0492,Mañjuśrīnāmasaṃgīti,Original GRETIL catalogue,GRE-00284,Manjusrinamasamgiti (input by Ian Sinclair),EXACT_TEI_XML_ID_TO_CORPUSTEI_FILENAME_STEM,HIGH,False,Successor-object lineage match; content equality still requires old-carrier download/hash comparison.
OVL-0427,TextGrid GRETIL,TG-GRE-0493,Vibhramaviveka,Original GRETIL catalogue,GRE-00534,Mandana Misra [Mandanamisra]: Vibhramaviveka (input by Takahiro Kato),EXACT_TEI_XML_ID_TO_CORPUSTEI_FILENAME_STEM,HIGH,False,Successor-object lineage match; content equality still requires old-carrier download/hash comparison.
OVL-0428,TextGrid GRETIL,TG-GRE-0494,Mārīcīnāmadhāraṇī,Original GRETIL catalogue,GRE-00286,Maricinamadharani (input by Klaus Wille),EXACT_TEI_XML_ID_TO_CORPUSTEI_FILENAME_STEM,HIGH,False,Successor-object lineage match; content equality still requires old-carrier download/hash comparison.
OVL-0429,TextGrid GRETIL,TG-GRE-0495,Śatapañcāśatka,Original GRETIL catalogue,GRE-00287,Matrceta: Prasadapratibhodhava [ = Satapancasatka] (input by Jens-Uwe Hartmann),EXACT_TEI_XML_ID_TO_CORPUSTEI_FILENAME_STEM,HIGH,False,Successor-object lineage match; content equality still requires old-carrier download/hash comparison.
OVL-0430,TextGrid GRETIL,TG-GRE-0496,Mekhalādhāraṇī,Original GRETIL catalogue,GRE-00288,Mekhaladharani (input by Klaus Wille),EXACT_TEI_XML_ID_TO_CORPUSTEI_FILENAME_STEM,HIGH,False,Successor-object lineage match; content equality still requires old-carrier download/hash comparison.
OVL-0431,TextGrid GRETIL,TG-GRE-0497,Mṛtyuvañcanasitatārāsādhana,Original GRETIL catalogue,GRE-00289,Mrtyuvancanasitatarasadhana (input by Johannes Schneider) [see also Vagisvarakirti: Mrtyuvancanopadesa ],EXACT_TEI_XML_ID_TO_CORPUSTEI_FILENAME_STEM,HIGH,False,Successor-object lineage match; content equality still requires old-carrier download/hash comparison.
OVL-0432,TextGrid GRETIL,TG-GRE-0498,Mṛtyuvañcanatārāsādhana,Original GRETIL catalogue,GRE-00290,Mrtyuvancanatarasadhana (input by Johannes Schneider) [see also Vagisvarakirti: Mrtyuvancanopadesa ],EXACT_TEI_XML_ID_TO_CORPUSTEI_FILENAME_STEM,HIGH,False,Successor-object lineage match; content equality still requires old-carrier download/hash comparison.
OVL-0433,TextGrid GRETIL,TG-GRE-0499,Mṛtyuvañcanopadeśatārāsādhana,Original GRETIL catalogue,GRE-00291,Mrtyuvancanopadesatarasadhana (input by Johannes Schneider) [see also Vagisvarakirti: Mrtyuvancanopadesa ],EXACT_TEI_XML_ID_TO_CORPUSTEI_FILENAME_STEM,HIGH,False,Successor-object lineage match; content equality still requires old-carrier download/hash comparison.
OVL-0434,TextGrid GRETIL,TG-GRE-0500,Acintyastava,Original GRETIL catalogue,GRE-00682,Nagarjuna: Acintyastava (input by Richard Mahoney),EXACT_TEI_XML_ID_TO_CORPUSTEI_FILENAME_STEM,HIGH,False,Successor-object lineage match; content equality still requires old-carrier download/hash comparison.
OVL-0435,TextGrid GRETIL,TG-GRE-0501,Bodhicittavivaraṇa-fragments,Original GRETIL catalogue,GRE-00684,Nagarjuna: Bodhicittavivarana (input by Richard Mahoney),EXACT_TEI_XML_ID_TO_CORPUSTEI_FILENAME_STEM,HIGH,False,Successor-object lineage match; content equality still requires old-carrier download/hash comparison.
OVL-0436,TextGrid GRETIL,TG-GRE-0502,Bhavasaṅkrāntiparikathā (reconstructed text),Original GRETIL catalogue,GRE-00683,Nagarjuna: Bhavasamkrantiparikatha (input by members of the Sanskrit Buddhist Canon Input Project),EXACT_TEI_XML_ID_TO_CORPUSTEI_FILENAME_STEM,HIGH,False,Successor-object lineage match; content equality still requires old-carrier download/hash comparison.
OVL-0437,TextGrid GRETIL,TG-GRE-0503,Dharmadhātugarbhavivaraṇa,Original GRETIL catalogue,GRE-00685,Nagarjuna: Dharmadhatugarbhavivarana (input by members of the Sanskrit Buddhist Canon Input Project),EXACT_TEI_XML_ID_TO_CORPUSTEI_FILENAME_STEM,HIGH,False,Successor-object lineage match; content equality still requires old-carrier download/hash comparison.
OVL-0438,TextGrid GRETIL,TG-GRE-0504,Dharmasaṃgraha,Original GRETIL catalogue,GRE-00686,Nagarjuna: Dharmasamgraha [Dharmasangraha] (input by members of the Sanskrit Buddhist Canon Input Project),EXACT_TEI_XML_ID_TO_CORPUSTEI_FILENAME_STEM,HIGH,False,Successor-object lineage match; content equality still requires old-carrier download/hash comparison.
OVL-0439,TextGrid GRETIL,TG-GRE-0505,Kriyāsaṃgrahakārikā,Original GRETIL catalogue,GRE-00687,Nagarjuna: Kriyasamgrahakarika (input by members of the Sanskrit Buddhist Canon Input Project),EXACT_TEI_XML_ID_TO_CORPUSTEI_FILENAME_STEM,HIGH,False,Successor-object lineage match; content equality still requires old-carrier download/hash comparison.
OVL-0440,TextGrid GRETIL,TG-GRE-0506,Lokātītastava,Original GRETIL catalogue,GRE-00688,Nagarjuna: Lokatitastava (input by Richard Mahoney),EXACT_TEI_XML_ID_TO_CORPUSTEI_FILENAME_STEM,HIGH,False,Successor-object lineage match; content equality still requires old-carrier download/hash comparison.
OVL-0441,TextGrid GRETIL,TG-GRE-0507,Mahāyānaviṃśikā,Original GRETIL catalogue,GRE-00690,Nagarjuna: Mahayanavimsika (input by members of the Sanskrit Buddhist Canon Input Project),EXACT_TEI_XML_ID_TO_CORPUSTEI_FILENAME_STEM,HIGH,False,Successor-object lineage match; content equality still requires old-carrier download/hash comparison.
OVL-0442,TextGrid GRETIL,TG-GRE-0508,Pañcakrama,Original GRETIL catalogue,GRE-00692,Nagarjuna: Pancakrama (input by members of the Sanskrit Buddhist Canon Input Project),EXACT_TEI_XML_ID_TO_CORPUSTEI_FILENAME_STEM,HIGH,False,Successor-object lineage match; content equality still requires old-carrier download/hash comparison.
OVL-0443,TextGrid GRETIL,TG-GRE-0509,Piṇḍīkrama (transmitted as the first krama of Nāgārjuna's Pañcakrama),Original GRETIL catalogue,GRE-00693,Nagarjuna: Pindikrama [transmitted as krama 1 of Pancakrama] (input by members of the Sanskrit Buddhist Canon Input Project),EXACT_TEI_XML_ID_TO_CORPUSTEI_FILENAME_STEM,HIGH,False,Successor-object lineage match; content equality still requires old-carrier download/hash comparison.
OVL-0444,TextGrid GRETIL,TG-GRE-0510,Pratītyasamutpādahṛdayakārikā,Original GRETIL catalogue,GRE-00694,Nagarjuna: Pratityasamutpadahrdayakarika (input by members of the Sanskrit Buddhist Canon Input Project),EXACT_TEI_XML_ID_TO_CORPUSTEI_FILENAME_STEM,HIGH,False,Successor-object lineage match; content equality still requires old-carrier download/hash comparison.
OVL-0445,TextGrid GRETIL,TG-GRE-0511,Pratītyasamutpādahṛdayavyākhyāna,Original GRETIL catalogue,GRE-00695,Nagarjuna: Pratityasamutpadahrdayavyakhyana (input by members of the Sanskrit Buddhist Canon Input Project),EXACT_TEI_XML_ID_TO_CORPUSTEI_FILENAME_STEM,HIGH,False,Successor-object lineage match; content equality still requires old-carrier download/hash comparison.
OVL-0446,TextGrid GRETIL,TG-GRE-0512,Śayanāsanavastu,Original GRETIL catalogue,GRE-00350,"Sayanasanavastu [ = Vinayavastu , 15] (input by Seishi Karashima)",EXACT_TEI_XML_ID_TO_CORPUSTEI_FILENAME_STEM,HIGH,False,Successor-object lineage match; content equality still requires old-carrier download/hash comparison.
OVL-0447,TextGrid GRETIL,TG-GRE-0513,Ratnāvalī,Original GRETIL catalogue,GRE-00696,"Nagarjuna: Ratnavali [1-2.46, and 4; Sanskrit text of 2.47-95 and 3 lost] (input by members of the Sanskrit Buddhist Canon Input Project)",EXACT_TEI_XML_ID_TO_CORPUSTEI_FILENAME_STEM,HIGH,False,Successor-object lineage match; content equality still requires old-carrier download/hash comparison.
OVL-0448,TextGrid GRETIL,TG-GRE-0515,Suhṛllekha,Original GRETIL catalogue,GRE-00700,Nagarjuna: Suhrllekha (input by members of the Sanskrit Buddhist Canon Input Project),EXACT_TEI_XML_ID_TO_CORPUSTEI_FILENAME_STEM,HIGH,False,Successor-object lineage match; content equality still requires old-carrier download/hash comparison.
OVL-0449,TextGrid GRETIL,TG-GRE-0516,Vigrahavyāvartanī,Original GRETIL catalogue,GRE-00704,"Nagarjuna: Vigrahavyavartini [karikas only, alternative version] (input by members of the Sanskrit Buddhist Canon Input Project)",EXACT_TEI_XML_ID_TO_CORPUSTEI_FILENAME_STEM,HIGH,False,Successor-object lineage match; content equality still requires old-carrier download/hash comparison.
OVL-0450,TextGrid GRETIL,TG-GRE-0517,Vigrahavyāvartanīkārikā,Original GRETIL catalogue,GRE-00703,Nagarjuna: Vigrahavyavartani [karikas only] (input by Richard Mahoney),EXACT_TEI_XML_ID_TO_CORPUSTEI_FILENAME_STEM,HIGH,False,Successor-object lineage match; content equality still requires old-carrier download/hash comparison.
OVL-0451,TextGrid GRETIL,TG-GRE-0518,Yuktiṣaṣṭikakārikā Sanskrit reconstruction,Original GRETIL catalogue,GRE-00706,Nagarjuna: Yuktisastikarika [alternative version] (input by members of the Sanskrit Buddhist Canon Input Project),EXACT_TEI_XML_ID_TO_CORPUSTEI_FILENAME_STEM,HIGH,False,Successor-object lineage match; content equality still requires old-carrier download/hash comparison.
OVL-0452,TextGrid GRETIL,TG-GRE-0519,Yuktiṣaṣṭikakārikā-fragments,Original GRETIL catalogue,GRE-00705,Nagarjuna: Yuktisastikarika (input by Richard Mahoney),EXACT_TEI_XML_ID_TO_CORPUSTEI_FILENAME_STEM,HIGH,False,Successor-object lineage match; content equality still requires old-carrier download/hash comparison.
OVL-0453,TextGrid GRETIL,TG-GRE-0520,Śālistambakakārikā,Original GRETIL catalogue,GRE-00698,Nagarjuna: Salistambakakarika (input by members of the Sanskrit Buddhist Canon Input Project),EXACT_TEI_XML_ID_TO_CORPUSTEI_FILENAME_STEM,HIGH,False,Successor-object lineage match; content equality still requires old-carrier download/hash comparison.
OVL-0454,TextGrid GRETIL,TG-GRE-0521,Śūnyatāsaptati,Original GRETIL catalogue,GRE-00701,Nagarjuna: Sunyatasaptati (input by members of the Sanskrit Buddhist Canon Input Project),EXACT_TEI_XML_ID_TO_CORPUSTEI_FILENAME_STEM,HIGH,False,Successor-object lineage match; content equality still requires old-carrier download/hash comparison.
OVL-0455,TextGrid GRETIL,TG-GRE-0522,Nagaropamasūtra,Original GRETIL catalogue,GRE-00292,Nagaropamasutra (input by Klaus Wille),EXACT_TEI_XML_ID_TO_CORPUSTEI_FILENAME_STEM,HIGH,False,Successor-object lineage match; content equality still requires old-carrier download/hash comparison.
OVL-0456,TextGrid GRETIL,TG-GRE-0523,Prātimokṣasūtra of the Lokottaravādimahāsaṅghika,Original GRETIL catalogue,GRE-00311,Pratimoksasutra of the Lokottaravadimahasanghika (input by Klaus Wille),EXACT_TEI_XML_ID_TO_CORPUSTEI_FILENAME_STEM,HIGH,False,Successor-object lineage match; content equality still requires old-carrier download/hash comparison.
OVL-0457,TextGrid GRETIL,TG-GRE-0524,Prātimokṣasūtra of the Mahāsāṃghikas,Original GRETIL catalogue,GRE-00312,Pratimoksasutra of the Mahasamghikas (input by members of the Sanskrit Buddhist Canon Input Project),EXACT_TEI_XML_ID_TO_CORPUSTEI_FILENAME_STEM,HIGH,False,Successor-object lineage match; content equality still requires old-carrier download/hash comparison.
OVL-0458,TextGrid GRETIL,TG-GRE-0525,Nairātmyaparipṛcchāmahāyānasūtra,Original GRETIL catalogue,GRE-00294,Nairatmyapariprcchamahayanasutra (input by members of the Sanskrit Buddhist Canon Input Project),EXACT_TEI_XML_ID_TO_CORPUSTEI_FILENAME_STEM,HIGH,False,Successor-object lineage match; content equality still requires old-carrier download/hash comparison.
OVL-0459,TextGrid GRETIL,TG-GRE-0526,Namaskāraikaviṃśatistotra,Original GRETIL catalogue,GRE-00295,Namaskaraikavimsatistotra (input by Klaus Wille),EXACT_TEI_XML_ID_TO_CORPUSTEI_FILENAME_STEM,HIGH,False,Successor-object lineage match; content equality still requires old-carrier download/hash comparison.
OVL-0460,TextGrid GRETIL,TG-GRE-0527,Sekoddeśa,Original GRETIL catalogue,GRE-00707,Naropa: Sekoddesa (input by members of the Sanskrit Buddhist Canon Input Project),EXACT_TEI_XML_ID_TO_CORPUSTEI_FILENAME_STEM,HIGH,False,Successor-object lineage match; content equality still requires old-carrier download/hash comparison.
OVL-0461,TextGrid GRETIL,TG-GRE-0528,Nityakarmapūjāvidhi,Original GRETIL catalogue,GRE-00297,Nityakarmapujavidhi (input by members of the Sanskrit Buddhist Canon Input Project),EXACT_TEI_XML_ID_TO_CORPUSTEI_FILENAME_STEM,HIGH,False,Successor-object lineage match; content equality still requires old-carrier download/hash comparison.
OVL-0462,TextGrid GRETIL,TG-GRE-0529,Pañcaviṃśatisāhasrikā Prajñāpāramitā,Original GRETIL catalogue,GRE-00301,"Pancavimsatisahasrika Prajnaparamita , Anuradhapura fragment (input by Klaus Wille)",EXACT_TEI_XML_ID_TO_CORPUSTEI_FILENAME_STEM,HIGH,False,Successor-object lineage match; content equality still requires old-carrier download/hash comparison.
OVL-0463,TextGrid GRETIL,TG-GRE-0530,Pāṃśupradāna-avadāna,Original GRETIL catalogue,GRE-00298,Pamsupradanavadana (transliterated by Klaus Wille),EXACT_TEI_XML_ID_TO_CORPUSTEI_FILENAME_STEM,HIGH,False,Successor-object lineage match; content equality still requires old-carrier download/hash comparison.
OVL-0464,TextGrid GRETIL,TG-GRE-0531,Prātimokṣasūtra of the Mūlasarvāstivādins,Original GRETIL catalogue,GRE-00313,Pratimoksasutra of the Mulasarvastivadins (input by Klaus Wille),EXACT_TEI_XML_ID_TO_CORPUSTEI_FILENAME_STEM,HIGH,False,Successor-object lineage match; content equality still requires old-carrier download/hash comparison.
OVL-0465,TextGrid GRETIL,TG-GRE-0532,Avayavinirākaraṇa,Original GRETIL catalogue,GRE-00708,Panditasoka: Avayavinirakarana (input by members of the Sanskrit Buddhist Canon Input Project),EXACT_TEI_XML_ID_TO_CORPUSTEI_FILENAME_STEM,HIGH,False,Successor-object lineage match; content equality still requires old-carrier download/hash comparison.
OVL-0466,TextGrid GRETIL,TG-GRE-0533,Sāmānyadūṣaṇadikprasāritā,Original GRETIL catalogue,GRE-00709,Panditasoka: Samanyadusanadikprasarita (input by members of the Sanskrit Buddhist Canon Input Project),EXACT_TEI_XML_ID_TO_CORPUSTEI_FILENAME_STEM,HIGH,False,Successor-object lineage match; content equality still requires old-carrier download/hash comparison.
OVL-0467,TextGrid GRETIL,TG-GRE-0534,Prātimokṣasūtra of the Sarvāstivādins,Original GRETIL catalogue,GRE-00310,Pratimoksasutra (input by Georg von Simson),EXACT_TEI_XML_ID_TO_CORPUSTEI_FILENAME_STEM,HIGH,False,Successor-object lineage match; content equality still requires old-carrier download/hash comparison.
OVL-0468,TextGrid GRETIL,TG-GRE-0535,Parātriṃśikā,Original GRETIL catalogue,GRE-00612,Paratrimsika (input by Marino Faliero),EXACT_TEI_XML_ID_TO_CORPUSTEI_FILENAME_STEM,HIGH,False,Successor-object lineage match; content equality still requires old-carrier download/hash comparison.
OVL-0469,TextGrid GRETIL,TG-GRE-0536,Pārivāsikavastu,Original GRETIL catalogue,GRE-00303,"Parivasikavastu [ = Vinayavastu , 13] (input by Klaus Wille)",EXACT_TEI_XML_ID_TO_CORPUSTEI_FILENAME_STEM,HIGH,False,Successor-object lineage match; content equality still requires old-carrier download/hash comparison.
OVL-0470,TextGrid GRETIL,TG-GRE-0537,Pādārthadharmasaṃgraha commentary on Kaṇāda's Vaiśeṣikasūtra,Original GRETIL catalogue,GRE-00592,Prasastapada: Padarthadharmasamgraha (input by Muneo Tokunaga),EXACT_TEI_XML_ID_TO_CORPUSTEI_FILENAME_STEM,HIGH,False,Successor-object lineage match; content equality still requires old-carrier download/hash comparison.
OVL-0471,TextGrid GRETIL,TG-GRE-0538,Rāṣṭrapālaparipṛcchā,Original GRETIL catalogue,GRE-00322,Rastrapalapariprccha (input by members of the Sanskrit Buddhist Canon Input Project),EXACT_TEI_XML_ID_TO_CORPUSTEI_FILENAME_STEM,HIGH,False,Successor-object lineage match; content equality still requires old-carrier download/hash comparison.
OVL-0472,TextGrid GRETIL,TG-GRE-0539,Yogasūtra,Original GRETIL catalogue,GRE-00572,Patanjali: Yogasutra [extracted from the commented version below] (input by Philipp A. Maas),EXACT_TEI_XML_ID_TO_CORPUSTEI_FILENAME_STEM,HIGH,False,Successor-object lineage match; content equality still requires old-carrier download/hash comparison.
OVL-0473,TextGrid GRETIL,TG-GRE-0540,Yogasūtra,Original GRETIL catalogue,GRE-00573,Patanjali: Yogasutra [alternative version] (input by Ashok Aklujkar),EXACT_TEI_XML_ID_TO_CORPUSTEI_FILENAME_STEM,HIGH,False,Successor-object lineage match; content equality still requires old-carrier download/hash comparison.
OVL-0474,TextGrid GRETIL,TG-GRE-0541,Ratnaguṇasaṃcayagāthā,Original GRETIL catalogue,GRE-00324,Ratnagunasamcayagatha (input by members of the Sanskrit Buddhist Canon Input Project),EXACT_TEI_XML_ID_TO_CORPUSTEI_FILENAME_STEM,HIGH,False,Successor-object lineage match; content equality still requires old-carrier download/hash comparison.
OVL-0475,TextGrid GRETIL,TG-GRE-0542,Poṣadhasthāpanavastu,Original GRETIL catalogue,GRE-00304,"Posadhasthapanavastu [ = Vinayavastu , 14] (input by Klaus Wille)",EXACT_TEI_XML_ID_TO_CORPUSTEI_FILENAME_STEM,HIGH,False,Successor-object lineage match; content equality still requires old-carrier download/hash comparison.
OVL-0476,TextGrid GRETIL,TG-GRE-0543,Hastavālaprakaraṇavṛtti,Original GRETIL catalogue,GRE-00673,Hastavalaprakaranavrtti (input by members of the Sanskrit Buddhist Canon Input Project),EXACT_TEI_XML_ID_TO_CORPUSTEI_FILENAME_STEM,HIGH,False,Successor-object lineage match; content equality still requires old-carrier download/hash comparison.
OVL-0477,TextGrid GRETIL,TG-GRE-0544,Hayagrīvavidyā,Original GRETIL catalogue,GRE-00234,Hayagrivavidya (input by members of the Sanskrit Buddhist Canon Input Project),EXACT_TEI_XML_ID_TO_CORPUSTEI_FILENAME_STEM,HIGH,False,Successor-object lineage match; content equality still requires old-carrier download/hash comparison.
OVL-0478,TextGrid GRETIL,TG-GRE-0545,Sāṃkhyakārikā,Original GRETIL catalogue,GRE-00555,Isvarakrsna: Samkhyakarika [alternative version] (input by Ferenc Ruzsa),EXACT_TEI_XML_ID_TO_CORPUSTEI_FILENAME_STEM,HIGH,False,Successor-object lineage match; content equality still requires old-carrier download/hash comparison.
OVL-0479,TextGrid GRETIL,TG-GRE-0546,Sāṃkhyakārikā,Original GRETIL catalogue,GRE-00554,"Isvarakrsna: Samkhyakarika ( = Samkhyasaptati) [mula text extracted from the commented version] (input by members of the Young Buddhist Association, University of Tokyo)",EXACT_TEI_XML_ID_TO_CORPUSTEI_FILENAME_STEM,HIGH,False,Successor-object lineage match; content equality still requires old-carrier download/hash comparison.
OVL-0480,TextGrid GRETIL,TG-GRE-0547,Hetutattvopadeśa,Original GRETIL catalogue,GRE-00675,Jitari: Hetutattvopadesa [alternative version] (input by Klaus Wille),EXACT_TEI_XML_ID_TO_CORPUSTEI_FILENAME_STEM,HIGH,False,Successor-object lineage match; content equality still requires old-carrier download/hash comparison.
OVL-0481,TextGrid GRETIL,TG-GRE-0548,Hetutattvopadeśa,Original GRETIL catalogue,GRE-00674,Jitari: Hetutattvopadesa (input by members of the Sanskrit Buddhist Canon Input Project),EXACT_TEI_XML_ID_TO_CORPUSTEI_FILENAME_STEM,HIGH,False,Successor-object lineage match; content equality still requires old-carrier download/hash comparison.
OVL-0482,TextGrid GRETIL,TG-GRE-0549,Jātakastava,Original GRETIL catalogue,GRE-00237,Jnanayasas: Jatakastava (input by Klaus Wille),EXACT_TEI_XML_ID_TO_CORPUSTEI_FILENAME_STEM,HIGH,False,Successor-object lineage match; content equality still requires old-carrier download/hash comparison.
OVL-0483,TextGrid GRETIL,TG-GRE-0550,Navaślokī,Original GRETIL catalogue,GRE-00240,Kambalapada: Navasloki [on Astasahasrika Prajnaparamita ] (input by Klaus Wille),EXACT_TEI_XML_ID_TO_CORPUSTEI_FILENAME_STEM,HIGH,False,Successor-object lineage match; content equality still requires old-carrier download/hash comparison.
OVL-0484,TextGrid GRETIL,TG-GRE-0551,Vaiśeṣikasūtra,Original GRETIL catalogue,GRE-00590,Kanada: Vaisesikasutra (input by Nozawa Masanobu),EXACT_TEI_XML_ID_TO_CORPUSTEI_FILENAME_STEM,HIGH,False,Successor-object lineage match; content equality still requires old-carrier download/hash comparison.
OVL-0485,TextGrid GRETIL,TG-GRE-0552,Vaiśeṣikasūtra,Original GRETIL catalogue,GRE-00591,Kanada: Vaisesikasutra (input by members of the Sansknet project),EXACT_TEI_XML_ID_TO_CORPUSTEI_FILENAME_STEM,HIGH,False,Successor-object lineage match; content equality still requires old-carrier download/hash comparison.
OVL-0486,TextGrid GRETIL,TG-GRE-0553,Karmavastu,Original GRETIL catalogue,GRE-00242,"Karmavastu [ = Vinayavastu , 10] (input by Klaus Wille)",EXACT_TEI_XML_ID_TO_CORPUSTEI_FILENAME_STEM,HIGH,False,Successor-object lineage match; content equality still requires old-carrier download/hash comparison.
OVL-0487,TextGrid GRETIL,TG-GRE-0554,Karmavibhaṅgopadeśa,Original GRETIL catalogue,GRE-00243,Karmavibhangopadesa (input by members of the Sanskrit Buddhist Canon Input Project),EXACT_TEI_XML_ID_TO_CORPUSTEI_FILENAME_STEM,HIGH,False,Successor-object lineage match; content equality still requires old-carrier download/hash comparison.
OVL-0488,TextGrid GRETIL,TG-GRE-0555,Kaṭhināvadāna,Original GRETIL catalogue,GRE-00247,Kathinavadana (input by Lennart Hartmann),EXACT_TEI_XML_ID_TO_CORPUSTEI_FILENAME_STEM,HIGH,False,Successor-object lineage match; content equality still requires old-carrier download/hash comparison.
OVL-0489,TextGrid GRETIL,TG-GRE-0556,Kaṭhinavastu,Original GRETIL catalogue,GRE-00248,"Kathinavastu [ = Vinayavastu , 8] (input by Klaus Wille)",EXACT_TEI_XML_ID_TO_CORPUSTEI_FILENAME_STEM,HIGH,False,Successor-object lineage match; content equality still requires old-carrier download/hash comparison.
OVL-0490,TextGrid GRETIL,TG-GRE-0557,Kauśikaprajñāpāramitāsūtra,Original GRETIL catalogue,GRE-00249,Kausikaprajnaparamitasutra (input by members of the Sanskrit Buddhist Canon Input Project),EXACT_TEI_XML_ID_TO_CORPUSTEI_FILENAME_STEM,HIGH,False,Successor-object lineage match; content equality still requires old-carrier download/hash comparison.
OVL-0491,TextGrid GRETIL,TG-GRE-0558,Sāṃkhyatattvapradīpa,Original GRETIL catalogue,GRE-00561,Kavirajayati ( = Kavirajagiri): Samkhyatattvapradipa (input by Dhaval Patel),EXACT_TEI_XML_ID_TO_CORPUSTEI_FILENAME_STEM,HIGH,False,Successor-object lineage match; content equality still requires old-carrier download/hash comparison.
OVL-0492,TextGrid GRETIL,TG-GRE-0559,Sāṃkhyatattvapradīpikā a short exposition of Sāṃkhya philosophy following the system of Vijñānabhikṣu.,Original GRETIL catalogue,GRE-00562,Kesava: Samkhyatattvapradipika (input by Dhaval Patel),EXACT_TEI_XML_ID_TO_CORPUSTEI_FILENAME_STEM,HIGH,False,Successor-object lineage match; content equality still requires old-carrier download/hash comparison.
OVL-0493,TextGrid GRETIL,TG-GRE-0560,Khasarpaṇasādhana,Original GRETIL catalogue,GRE-00250,Khasarpanasadhana (input by Klaus Wille),EXACT_TEI_XML_ID_TO_CORPUSTEI_FILENAME_STEM,HIGH,False,Successor-object lineage match; content equality still requires old-carrier download/hash comparison.
OVL-0494,TextGrid GRETIL,TG-GRE-0561,Kośāmbakavastu,Original GRETIL catalogue,GRE-00251,"Kosambakavastu [ = Vinayavastu , 9] (input by Klaus Wille)",EXACT_TEI_XML_ID_TO_CORPUSTEI_FILENAME_STEM,HIGH,False,Successor-object lineage match; content equality still requires old-carrier download/hash comparison.
OVL-0495,TextGrid GRETIL,TG-GRE-0562,Kṣaṇabhaṅgasiddhi,Original GRETIL catalogue,GRE-00714,Ratnakirti: Ksanabhangasiddhi (input by members of the Sanskrit Buddhist Canon Input Project),EXACT_TEI_XML_ID_TO_CORPUSTEI_FILENAME_STEM,HIGH,False,Successor-object lineage match; content equality still requires old-carrier download/hash comparison.
OVL-0496,TextGrid GRETIL,TG-GRE-0563,Bhairavānukaraṇastotra,Original GRETIL catalogue,GRE-00611,Ksemaraja: Bhairavanukaranastotra (input by Daniele Cuneo),EXACT_TEI_XML_ID_TO_CORPUSTEI_FILENAME_STEM,HIGH,False,Successor-object lineage match; content equality still requires old-carrier download/hash comparison.
OVL-0497,TextGrid GRETIL,TG-GRE-0564,Bodhavilāsa,Original GRETIL catalogue,GRE-00610,Ksemaraja: Bodhavilasa (input by Daniele Cuneo),EXACT_TEI_XML_ID_TO_CORPUSTEI_FILENAME_STEM,HIGH,False,Successor-object lineage match; content equality still requires old-carrier download/hash comparison.
OVL-0498,TextGrid GRETIL,TG-GRE-0565,Pratyabhijñāhṛdaya,Original GRETIL catalogue,GRE-00609,Ksemaraja: Pratyabhijnahrdaya (input by Marino Faliero),EXACT_TEI_XML_ID_TO_CORPUSTEI_FILENAME_STEM,HIGH,False,Successor-object lineage match; content equality still requires old-carrier download/hash comparison.
OVL-0499,TextGrid GRETIL,TG-GRE-0566,"Bodhisattvāvadānakalpalatā 93, Sumāgadhāvadāna",Original GRETIL catalogue,GRE-00256,"Ksemendra: Avadanakalpalata, no. 93: Sumagadhavadana (input by Klaus Wille)",EXACT_TEI_XML_ID_TO_CORPUSTEI_FILENAME_STEM,HIGH,False,Successor-object lineage match; content equality still requires old-carrier download/hash comparison.
OVL-0500,TextGrid GRETIL,TG-GRE-0567,Garbhāvakrāntyavadāna,Original GRETIL catalogue,GRE-00253,"Ksemendra: Avadanakalpalata, no. 10: Garbhavakrantyavadana (input by Klaus Wille)",EXACT_TEI_XML_ID_TO_CORPUSTEI_FILENAME_STEM,HIGH,False,Successor-object lineage match; content equality still requires old-carrier download/hash comparison.
OVL-0501,TextGrid GRETIL,TG-GRE-0568,Pratītyasamutpādāvadāna,Original GRETIL catalogue,GRE-00255,"Ksemendra: Avadanakalpalata, no. 75: Pratityasamutpadavadana (input by Klaus Wille)",EXACT_TEI_XML_ID_TO_CORPUSTEI_FILENAME_STEM,HIGH,False,Successor-object lineage match; content equality still requires old-carrier download/hash comparison.
OVL-0502,TextGrid GRETIL,TG-GRE-0570,Advayasiddhi,Original GRETIL catalogue,GRE-00258,Laksminkara: Advayasiddhi (input by Peter Gäng),EXACT_TEI_XML_ID_TO_CORPUSTEI_FILENAME_STEM,HIGH,False,Successor-object lineage match; content equality still requires old-carrier download/hash comparison.
OVL-0503,TextGrid GRETIL,TG-GRE-0571,Larger Prajñāpāramitā,Original GRETIL catalogue,GRE-00261,"Larger Prajnaparamita , Gilgit Ms., fols. 202-205 (input by Klaus Wille)",EXACT_TEI_XML_ID_TO_CORPUSTEI_FILENAME_STEM,HIGH,False,Successor-object lineage match; content equality still requires old-carrier download/hash comparison.
OVL-0504,TextGrid GRETIL,TG-GRE-0572,Madhyamakaśālistambasūtra,Original GRETIL catalogue,GRE-00262,Madhyamakasalistambasutra (input by members of the Sanskrit Buddhist Canon Input Project),EXACT_TEI_XML_ID_TO_CORPUSTEI_FILENAME_STEM,HIGH,False,Successor-object lineage match; content equality still requires old-carrier download/hash comparison.
OVL-0505,TextGrid GRETIL,TG-GRE-0573,Mahādaṇḍadhāraṇīśītavatī,Original GRETIL catalogue,GRE-00276,Mahadandadharanisitavati (input by Gergely Hidas),EXACT_TEI_XML_ID_TO_CORPUSTEI_FILENAME_STEM,HIGH,False,Successor-object lineage match; content equality still requires old-carrier download/hash comparison.
OVL-0506,TextGrid GRETIL,TG-GRE-0574,Mahāmaṇivipulavimānaviśvasupratiṣṭhitaguhyaparamarahasyakalparājadhāraṇī,Original GRETIL catalogue,GRE-00264,Mahamanivipulavimanavisvasupratisthitaguhyaparamarahasyakalparajadharani (input by Klaus Wille),EXACT_TEI_XML_ID_TO_CORPUSTEI_FILENAME_STEM,HIGH,False,Successor-object lineage match; content equality still requires old-carrier download/hash comparison.
OVL-0507,TextGrid GRETIL,TG-GRE-0575,Mahāmantrānusāriṇī,Original GRETIL catalogue,GRE-00265,Mahamantranusarini (input by Klaus Wille),EXACT_TEI_XML_ID_TO_CORPUSTEI_FILENAME_STEM,HIGH,False,Successor-object lineage match; content equality still requires old-carrier download/hash comparison.
OVL-0508,TextGrid GRETIL,TG-GRE-0576,Mahāpratisarāvidyādhāraṇī,Original GRETIL catalogue,GRE-00268,Mahapratisaravidyadharani (input by members of the Sanskrit Buddhist Canon Input Project),EXACT_TEI_XML_ID_TO_CORPUSTEI_FILENAME_STEM,HIGH,False,Successor-object lineage match; content equality still requires old-carrier download/hash comparison.
OVL-0509,TextGrid GRETIL,TG-GRE-0577,Mahāpratisarāvidyāvidhi,Original GRETIL catalogue,GRE-00271,Mahapratisaravidyavidhi (input by Klaus Wille),EXACT_TEI_XML_ID_TO_CORPUSTEI_FILENAME_STEM,HIGH,False,Successor-object lineage match; content equality still requires old-carrier download/hash comparison.
OVL-0510,TextGrid GRETIL,TG-GRE-0578,Mahāsudarśanāvadāna,Original GRETIL catalogue,GRE-00277,Mahasudarsanavadana (input by Klaus Wille),EXACT_TEI_XML_ID_TO_CORPUSTEI_FILENAME_STEM,HIGH,False,Successor-object lineage match; content equality still requires old-carrier download/hash comparison.
OVL-0511,TextGrid GRETIL,TG-GRE-0579,Sarvamatasaṃgraha,Original GRETIL catalogue,GRE-00511,Sarvamatasamgraha (input by Oliver Hellwig),EXACT_TEI_XML_ID_TO_CORPUSTEI_FILENAME_STEM,HIGH,False,Successor-object lineage match; content equality still requires old-carrier download/hash comparison.
OVL-0512,TextGrid GRETIL,TG-GRE-0580,Caturdharmanirdeśasūtra,Original GRETIL catalogue,GRE-00181,Aryacaturdharmanirdesasutra (input by members of the Sanskrit Buddhist Canon Input Project),EXACT_TEI_XML_ID_TO_CORPUSTEI_FILENAME_STEM,HIGH,False,Successor-object lineage match; content equality still requires old-carrier download/hash comparison.
OVL-0513,TextGrid GRETIL,TG-GRE-0581,Yaśodharācarita,Original GRETIL catalogue,GRE-00214,Davuldena Jnanesvara Mahasthavira: Yasodharacarita (input by members of the Sanskrit Buddhist Canon Input Project),EXACT_TEI_XML_ID_TO_CORPUSTEI_FILENAME_STEM,HIGH,False,Successor-object lineage match; content equality still requires old-carrier download/hash comparison.
OVL-0514,TextGrid GRETIL,TG-GRE-0582,Daśabalasūtra 1-4,Original GRETIL catalogue,GRE-00210,Dasabalasutra 1-4 (input by Jin-il Chung and Klaus Wille),EXACT_TEI_XML_ID_TO_CORPUSTEI_FILENAME_STEM,HIGH,False,Successor-object lineage match; content equality still requires old-carrier download/hash comparison.
OVL-0515,TextGrid GRETIL,TG-GRE-0583,"Daśasāhasrikā prajñāpāramitā, 1 and 2 translated from Tibetan",Original GRETIL catalogue,GRE-00212,"Dasasahasrika Prajnaparamita , chapter 1 and 2 translated from the Tibetan (input by Klaus Wille)",EXACT_TEI_XML_ID_TO_CORPUSTEI_FILENAME_STEM,HIGH,False,Successor-object lineage match; content equality still requires old-carrier download/hash comparison.
OVL-0516,TextGrid GRETIL,TG-GRE-0584,Devatāsūtra and Alpadevatāsūtra,Original GRETIL catalogue,GRE-00213,Devatasutra (input by Klaus Wille),EXACT_TEI_XML_ID_TO_CORPUSTEI_FILENAME_STEM,HIGH,False,Successor-object lineage match; content equality still requires old-carrier download/hash comparison.
OVL-0517,TextGrid GRETIL,TG-GRE-0585,Hetubindu,Original GRETIL catalogue,GRE-00645,Dharmakirti: Hetubindu,EXACT_TEI_XML_ID_TO_CORPUSTEI_FILENAME_STEM,HIGH,False,Successor-object lineage match; content equality still requires old-carrier download/hash comparison.
OVL-0518,TextGrid GRETIL,TG-GRE-0586,Nyāyabindu,Original GRETIL catalogue,GRE-00646,Dharmakirti: Nyayabindu,EXACT_TEI_XML_ID_TO_CORPUSTEI_FILENAME_STEM,HIGH,False,Successor-object lineage match; content equality still requires old-carrier download/hash comparison.
OVL-0519,TextGrid GRETIL,TG-GRE-0587,Nyāyabinduprakaraṇakārikā,Original GRETIL catalogue,GRE-00646,Dharmakirti: Nyayabindu,EXACT_TEI_XML_ID_TO_CORPUSTEI_FILENAME_STEM,HIGH,False,Successor-object lineage match; content equality still requires old-carrier download/hash comparison.
OVL-0520,TextGrid GRETIL,TG-GRE-0588,Pramāṇaviniścaya-fragment,Original GRETIL catalogue,GRE-00650,Dharmakirti: Pramanaviniscaya (fragment) (input by Klaus Wille),EXACT_TEI_XML_ID_TO_CORPUSTEI_FILENAME_STEM,HIGH,False,Successor-object lineage match; content equality still requires old-carrier download/hash comparison.
OVL-0521,TextGrid GRETIL,TG-GRE-0589,Saṃbandhaparīkṣā with Prabhacandra's commentary.,Original GRETIL catalogue,GRE-00651,"Dharmakirti: Sambandhapariksa, with Prabhacandra's commentary",EXACT_TEI_XML_ID_TO_CORPUSTEI_FILENAME_STEM,HIGH,False,Successor-object lineage match; content equality still requires old-carrier download/hash comparison.
OVL-0522,TextGrid GRETIL,TG-GRE-0590,Saṃtānāntarasiddhi,Original GRETIL catalogue,GRE-00652,Dharmakirti: Samtanantarasiddhi (input by members of the Sanskrit Buddhist Canon Input Project),EXACT_TEI_XML_ID_TO_CORPUSTEI_FILENAME_STEM,HIGH,False,Successor-object lineage match; content equality still requires old-carrier download/hash comparison.
OVL-0523,TextGrid GRETIL,TG-GRE-0591,Subandhaparīkṣā 1-25,Original GRETIL catalogue,GRE-00651,"Dharmakirti: Sambandhapariksa, with Prabhacandra's commentary",EXACT_TEI_XML_ID_TO_CORPUSTEI_FILENAME_STEM,HIGH,False,Successor-object lineage match; content equality still requires old-carrier download/hash comparison.
OVL-0524,TextGrid GRETIL,TG-GRE-0592,Dhvajāgrakeyūrādhāriṇī,Original GRETIL catalogue,GRE-00218,Dhvajagrakeyura- Dharani (input by members of the Sanskrit Buddhist Canon Input Project),EXACT_TEI_XML_ID_TO_CORPUSTEI_FILENAME_STEM,HIGH,False,Successor-object lineage match; content equality still requires old-carrier download/hash comparison.
OVL-0525,TextGrid GRETIL,TG-GRE-0593,Dhvajāgrakeyūrādhāriṇī,Original GRETIL catalogue,GRE-00217,Dhvajagrakeyuradharani (input by Klaus Wille),EXACT_TEI_XML_ID_TO_CORPUSTEI_FILENAME_STEM,HIGH,False,Successor-object lineage match; content equality still requires old-carrier download/hash comparison.
OVL-0526,TextGrid GRETIL,TG-GRE-0594,Dhvajāgrasūtra,Original GRETIL catalogue,GRE-00219,Dhvajagrasutra (input by Klaus Wille),EXACT_TEI_XML_ID_TO_CORPUSTEI_FILENAME_STEM,HIGH,False,Successor-object lineage match; content equality still requires old-carrier download/hash comparison.
OVL-0527,TextGrid GRETIL,TG-GRE-0595,Prajñāpāramitāpiṇḍārtha,Original GRETIL catalogue,GRE-00655,Dignaga [ = Dinnaga]: Prajnaparamitapindartha (input by members of the Sanskrit Buddhist Canon Input Project),EXACT_TEI_XML_ID_TO_CORPUSTEI_FILENAME_STEM,HIGH,False,Successor-object lineage match; content equality still requires old-carrier download/hash comparison.
OVL-0528,TextGrid GRETIL,TG-GRE-0596,Yogāvatāra,Original GRETIL catalogue,GRE-00656,Dignaga [ = Dinnaga]: Yogavatara (input by members of the Sanskrit Buddhist Canon Input Project),EXACT_TEI_XML_ID_TO_CORPUSTEI_FILENAME_STEM,HIGH,False,Successor-object lineage match; content equality still requires old-carrier download/hash comparison.
OVL-0529,TextGrid GRETIL,TG-GRE-0597,"Sāṃkhyatattvavivecana a commentary on the Tattvasamāsa, an abstract of Sāṃkhya philosophy in (23-) 25 sūtras.",Original GRETIL catalogue,GRE-00566,Simananda [or Ksemananda]: Samkhyatattvavivecana [a comm. on the Tattvasamasa ] (input by Dhaval Patel),EXACT_TEI_XML_ID_TO_CORPUSTEI_FILENAME_STEM,HIGH,False,Successor-object lineage match; content equality still requires old-carrier download/hash comparison.
OVL-0530,TextGrid GRETIL,TG-GRE-0598,Caryāsaṃgrahapradīpa,Original GRETIL catalogue,GRE-00659,Dipankarasrijnana [ = Dipamkarasrijnana = Atisa]: Caryasamgrahapradipa (input by members of the Sanskrit Buddhist Canon Input Project),EXACT_TEI_XML_ID_TO_CORPUSTEI_FILENAME_STEM,HIGH,False,Successor-object lineage match; content equality still requires old-carrier download/hash comparison.
OVL-0531,TextGrid GRETIL,TG-GRE-0599,Satyadvayāvatāranāma,Original GRETIL catalogue,GRE-00666,Dipankarasrijnana [ = Dipamkarasrijnana = Atisa]: Satyadvayavataranama (input by members of the Sanskrit Buddhist Canon Input Project),EXACT_TEI_XML_ID_TO_CORPUSTEI_FILENAME_STEM,HIGH,False,Successor-object lineage match; content equality still requires old-carrier download/hash comparison.
OVL-0532,TextGrid GRETIL,TG-GRE-0600,Āpattideśanāvidhi,Original GRETIL catalogue,GRE-00657,Dipankarasrijnana [ = Dipamkarasrijnana = Atisa]: Apattidesanavidhi (input by members of the Sanskrit Buddhist Canon Input Project),EXACT_TEI_XML_ID_TO_CORPUSTEI_FILENAME_STEM,HIGH,False,Successor-object lineage match; content equality still requires old-carrier download/hash comparison.
OVL-0533,TextGrid GRETIL,TG-GRE-0601,Bodhisattvādikarmikamārgāvatāradeśanā,Original GRETIL catalogue,GRE-00658,Dipankarasrijnana [ = Dipamkarasrijnana = Atisa]: Bodhisattvadikarmikamargavataradesana (input by members of the Sanskrit Buddhist Canon Input Project),EXACT_TEI_XML_ID_TO_CORPUSTEI_FILENAME_STEM,HIGH,False,Successor-object lineage match; content equality still requires old-carrier download/hash comparison.
OVL-0534,TextGrid GRETIL,TG-GRE-0602,Cittotpādasaṃvaravidhikrama,Original GRETIL catalogue,GRE-00660,Dipankarasrijnana [ = Dipamkarasrijnana = Atisa]: Cittotpadasamvaravidhikrama (input by members of the Sanskrit Buddhist Canon Input Project),EXACT_TEI_XML_ID_TO_CORPUSTEI_FILENAME_STEM,HIGH,False,Successor-object lineage match; content equality still requires old-carrier download/hash comparison.
OVL-0535,TextGrid GRETIL,TG-GRE-0603,Daśākuśalakarmapathadeśanā,Original GRETIL catalogue,GRE-00661,Dipankarasrijnana [ = Dipamkarasrijnana = Atisa]: Dasakusalakarmapathadesana (input by members of the Sanskrit Buddhist Canon Input Project),EXACT_TEI_XML_ID_TO_CORPUSTEI_FILENAME_STEM,HIGH,False,Successor-object lineage match; content equality still requires old-carrier download/hash comparison.
OVL-0536,TextGrid GRETIL,TG-GRE-0604,Gurukriyākrama,Original GRETIL catalogue,GRE-00662,Dipankarasrijnana [ = Dipamkarasrijnana = Atisa]: Gurukriyakrama (input by members of the Sanskrit Buddhist Canon Input Project),EXACT_TEI_XML_ID_TO_CORPUSTEI_FILENAME_STEM,HIGH,False,Successor-object lineage match; content equality still requires old-carrier download/hash comparison.
OVL-0537,TextGrid GRETIL,TG-GRE-0605,Mahāyānapathasādhanasaṃgraha,Original GRETIL catalogue,GRE-00663,Dipankarasrijnana [ = Dipamkarasrijnana = Atisa] Mahayanapathasadhanasamgraha (input by members of the Sanskrit Buddhist Canon Input Project),EXACT_TEI_XML_ID_TO_CORPUSTEI_FILENAME_STEM,HIGH,False,Successor-object lineage match; content equality still requires old-carrier download/hash comparison.
OVL-0538,TextGrid GRETIL,TG-GRE-0606,Samādhisaṃbhāraparivarta,Original GRETIL catalogue,GRE-00664,Dipankarasrijnana [ = Dipamkarasrijnana = Atisa]: Samadhisambharaparivarta (input by members of the Sanskrit Buddhist Canon Input Project),EXACT_TEI_XML_ID_TO_CORPUSTEI_FILENAME_STEM,HIGH,False,Successor-object lineage match; content equality still requires old-carrier download/hash comparison.
OVL-0539,TextGrid GRETIL,TG-GRE-0607,Sūtrārthasamuccayopadeśa,Original GRETIL catalogue,GRE-00667,Dipankarasrijnana [ = Dipamkarasrijnana = Atisa]: Sutrarthasamuccayopadesa (input by members of the Sanskrit Buddhist Canon Input Project),EXACT_TEI_XML_ID_TO_CORPUSTEI_FILENAME_STEM,HIGH,False,Successor-object lineage match; content equality still requires old-carrier download/hash comparison.
OVL-0540,TextGrid GRETIL,TG-GRE-0608,Śaraṇagamanadeśanā,Original GRETIL catalogue,GRE-00665,Dipankarasrijnana [ = Dipamkarasrijnana = Atisa]: Saranagamanadesana (input by members of the Sanskrit Buddhist Canon Input Project),EXACT_TEI_XML_ID_TO_CORPUSTEI_FILENAME_STEM,HIGH,False,Successor-object lineage match; content equality still requires old-carrier download/hash comparison.
OVL-0541,TextGrid GRETIL,TG-GRE-0609,Sukhāvatīvyūha,Original GRETIL catalogue,GRE-00355,Sukhavativyuha (input by Yoshimichi Fujita),EXACT_TEI_XML_ID_TO_CORPUSTEI_FILENAME_STEM,HIGH,False,Successor-object lineage match; content equality still requires old-carrier download/hash comparison.
OVL-0542,TextGrid GRETIL,TG-GRE-0610,"Sukhāvatīvyūha, vistaramātṛkā",Original GRETIL catalogue,GRE-00356,Sukhavativyuha [alternative version] (input by members of the Sanskrit Buddhist Canon Input Project),EXACT_TEI_XML_ID_TO_CORPUSTEI_FILENAME_STEM,HIGH,False,Successor-object lineage match; content equality still requires old-carrier download/hash comparison.
OVL-0543,TextGrid GRETIL,TG-GRE-0611,"Vinayasūtra 1, pravrajyāvastu",Original GRETIL catalogue,GRE-00232,"Gunaprabha : Vinayasutra, 1: Pravrajyavastu (input by members of the Sanskrit Buddhist Canon Input Project)",EXACT_TEI_XML_ID_TO_CORPUSTEI_FILENAME_STEM,HIGH,False,Successor-object lineage match; content equality still requires old-carrier download/hash comparison.
OVL-0544,TextGrid GRETIL,TG-GRE-0612,Sumāgadhāvadāna,Original GRETIL catalogue,GRE-00357,Sumagadha- Avadana (input by Klaus Wille),EXACT_TEI_XML_ID_TO_CORPUSTEI_FILENAME_STEM,HIGH,False,Successor-object lineage match; content equality still requires old-carrier download/hash comparison.
OVL-0545,TextGrid GRETIL,TG-GRE-0613,Ekādaśamukha,Original GRETIL catalogue,GRE-00224,Ekadasamukhahrdaya [alternative version] (input by members of the Sanskrit Buddhist Canon Input Project),EXACT_TEI_XML_ID_TO_CORPUSTEI_FILENAME_STEM,HIGH,False,Successor-object lineage match; content equality still requires old-carrier download/hash comparison.
OVL-0546,TextGrid GRETIL,TG-GRE-0614,Ekādaśamukhahṛdaya,Original GRETIL catalogue,GRE-00223,Ekadasamukhahrdaya (input by Somadeva Vasudeva),EXACT_TEI_XML_ID_TO_CORPUSTEI_FILENAME_STEM,HIGH,False,Successor-object lineage match; content equality still requires old-carrier download/hash comparison.
OVL-0547,TextGrid GRETIL,TG-GRE-0615,Haṭhayogapradīpikā,Original GRETIL catalogue,GRE-00576,Svatmarama: Hathayogapradipika (input by …),EXACT_TEI_XML_ID_TO_CORPUSTEI_FILENAME_STEM,HIGH,False,Successor-object lineage match; content equality still requires old-carrier download/hash comparison.
OVL-0548,TextGrid GRETIL,TG-GRE-0616,Tarkabhāṣā,Original GRETIL catalogue,GRE-00726,Tarkabhasa (input by members of the Sanskrit Buddhist Canon Input Project),EXACT_TEI_XML_ID_TO_CORPUSTEI_FILENAME_STEM,HIGH,False,Successor-object lineage match; content equality still requires old-carrier download/hash comparison.
OVL-0549,TextGrid GRETIL,TG-GRE-0617,Tarkaśāstra (reconstructed text),Original GRETIL catalogue,GRE-00729,Tarkasastra (input by members of the Sanskrit Buddhist Canon Input Project),EXACT_TEI_XML_ID_TO_CORPUSTEI_FILENAME_STEM,HIGH,False,Successor-object lineage match; content equality still requires old-carrier download/hash comparison.
OVL-0550,TextGrid GRETIL,TG-GRE-0618,Saṃvitsiddhi,Original GRETIL catalogue,GRE-00549,Yamuna: Samvitsiddhi (input by Somadeva Vasudeva),EXACT_TEI_XML_ID_TO_CORPUSTEI_FILENAME_STEM,HIGH,False,Successor-object lineage match; content equality still requires old-carrier download/hash comparison.
OVL-0551,TextGrid GRETIL,TG-GRE-0619,Saṃvitsiddhi,Original GRETIL catalogue,GRE-00550,Yamuna: Samvitsiddhi (alternative version; input by Sadanori Ishitobi),EXACT_TEI_XML_ID_TO_CORPUSTEI_FILENAME_STEM,HIGH,False,Successor-object lineage match; content equality still requires old-carrier download/hash comparison.
OVL-0552,TextGrid GRETIL,TG-GRE-0620,Gaṇapatihṛdaydhāraṇī,Original GRETIL catalogue,GRE-00226,Ganapatihrdayadharani (input by Klaus Wille),EXACT_TEI_XML_ID_TO_CORPUSTEI_FILENAME_STEM,HIGH,False,Successor-object lineage match; content equality still requires old-carrier download/hash comparison.
OVL-0553,TextGrid GRETIL,TG-GRE-0621,Udānavarga,Original GRETIL catalogue,GRE-00368,Udanavarga (input by Muneo Tokunaga),EXACT_TEI_XML_ID_TO_CORPUSTEI_FILENAME_STEM,HIGH,False,Successor-object lineage match; content equality still requires old-carrier download/hash comparison.
OVL-0554,TextGrid GRETIL,TG-GRE-0622,Saṃvitsiddhi,Original GRETIL catalogue,GRE-00551,"Yamuna: Siddhitraya, with commentary (input by members of the Sansknet project)",EXACT_TEI_XML_ID_TO_CORPUSTEI_FILENAME_STEM,HIGH,False,Successor-object lineage match; content equality still requires old-carrier download/hash comparison.
OVL-0555,TextGrid GRETIL,TG-GRE-0623,Maitreyavyākaraṇa,Original GRETIL catalogue,GRE-00281,Maitreyavyakarana (input by Jens-Uwe Hartmann),EXACT_TEI_XML_ID_TO_CORPUSTEI_FILENAME_STEM,HIGH,False,Successor-object lineage match; content equality still requires old-carrier download/hash comparison.
OVL-0556,TextGrid GRETIL,TG-GRE-0624,Garbhasaṃgrahaḥ,Original GRETIL catalogue,GRE-00670,Garbhasamgraha (input by members of the Sanskrit Buddhist Canon Input Project),EXACT_TEI_XML_ID_TO_CORPUSTEI_FILENAME_STEM,HIGH,False,Successor-object lineage match; content equality still requires old-carrier download/hash comparison.
OVL-0557,TextGrid GRETIL,TG-GRE-0625,Mañjuśrīnāmasaṃgīti,Original GRETIL catalogue,GRE-00285,Manjusrinamasamgiti [alternative version] (input by Klaus Wille),EXACT_TEI_XML_ID_TO_CORPUSTEI_FILENAME_STEM,HIGH,False,Successor-object lineage match; content equality still requires old-carrier download/hash comparison.
OVL-0558,TextGrid GRETIL,TG-GRE-0626,Nyāyasūtra,Original GRETIL catalogue,GRE-00580,Gautama: Nyayasutra (input by members of the Sansknet Project),EXACT_TEI_XML_ID_TO_CORPUSTEI_FILENAME_STEM,HIGH,False,Successor-object lineage match; content equality still requires old-carrier download/hash comparison.
OVL-0559,TextGrid GRETIL,TG-GRE-0627,Grahamātṛkādhāraṇī,Original GRETIL catalogue,GRE-00229,Grahamatrkanamadharani (input by Klaus Wille),EXACT_TEI_XML_ID_TO_CORPUSTEI_FILENAME_STEM,HIGH,False,Successor-object lineage match; content equality still requires old-carrier download/hash comparison.
OVL-0560,TextGrid GRETIL,TG-GRE-0628,Bodhipathapradīpa,Original GRETIL catalogue,GRE-00641,Bodhipathapradipa (input by members of the Sanskrit Buddhist Canon Input Project),EXACT_TEI_XML_ID_TO_CORPUSTEI_FILENAME_STEM,HIGH,False,Successor-object lineage match; content equality still requires old-carrier download/hash comparison.
OVL-0561,TextGrid GRETIL,TG-GRE-0629,Bhagavadbhaktistotra,Original GRETIL catalogue,GRE-00606,Avadhutasiddha: Bhagavadbhaktistotra (input by Daniele Cuneo),EXACT_TEI_XML_ID_TO_CORPUSTEI_FILENAME_STEM,HIGH,False,Successor-object lineage match; content equality still requires old-carrier download/hash comparison.
OVL-0562,TextGrid GRETIL,TG-GRE-0630,Āyuḥparyantasūtra,Original GRETIL catalogue,GRE-00194,Ayuhparyantasutra (input by Klaus Wille),EXACT_TEI_XML_ID_TO_CORPUSTEI_FILENAME_STEM,HIGH,False,Successor-object lineage match; content equality still requires old-carrier download/hash comparison.
OVL-0563,TextGrid GRETIL,TG-GRE-0631,Gurupañcāśikā,Original GRETIL catalogue,GRE-00638,Asvaghosa: Gurupancasika (input by members of the Sanskrit Buddhist Canon Input Project),EXACT_TEI_XML_ID_TO_CORPUSTEI_FILENAME_STEM,HIGH,False,Successor-object lineage match; content equality still requires old-carrier download/hash comparison.
OVL-0564,TextGrid GRETIL,TG-GRE-0632,Vajrasūcī,Original GRETIL catalogue,GRE-00639,Asvaghosa: Vajrasuci (input by members of the Sanskrit Buddhist Canon Input Project),EXACT_TEI_XML_ID_TO_CORPUSTEI_FILENAME_STEM,HIGH,False,Successor-object lineage match; content equality still requires old-carrier download/hash comparison.
OVL-0565,TextGrid GRETIL,TG-GRE-0633,Brahmasūtra,Original GRETIL catalogue,GRE-00523,Badarayana: Brahmasutra (input by members of the Sansknet project),EXACT_TEI_XML_ID_TO_CORPUSTEI_FILENAME_STEM,HIGH,False,Successor-object lineage match; content equality still requires old-carrier download/hash comparison.
OVL-0566,TextGrid GRETIL,TG-GRE-0634,Brahmasūtra text extracted from Śaṃkara's Śārīrakamīmāṃsābhāṣya,Original GRETIL catalogue,GRE-00524,Badarayana: Brahmasutra [alternative version extracted from Samkara's commentary] (input by members of the Sansknet project),EXACT_TEI_XML_ID_TO_CORPUSTEI_FILENAME_STEM,HIGH,False,Successor-object lineage match; content equality still requires old-carrier download/hash comparison.
OVL-0567,TextGrid GRETIL,TG-GRE-0635,Madhyamakaśāstra,Original GRETIL catalogue,GRE-00689,Nagarjuna: Madhyamakasastra [Karika only!] (input by members of the Sanskrit Buddhist Canon Input Project),EXACT_TEI_XML_ID_TO_CORPUSTEI_FILENAME_STEM,HIGH,False,Successor-object lineage match; content equality still requires old-carrier download/hash comparison.
OVL-0568,TextGrid GRETIL,TG-GRE-0636,Mūlamadhyamakakārikā,Original GRETIL catalogue,GRE-00691,"Nagarjuna: Mulamadhyamakakarika (input by Douglas Bachman, revised by Richard Mahoney)",EXACT_TEI_XML_ID_TO_CORPUSTEI_FILENAME_STEM,HIGH,False,Successor-object lineage match; content equality still requires old-carrier download/hash comparison.
OVL-0569,TextGrid GRETIL,TG-GRE-0637,Vigrahavyāvartanī,Original GRETIL catalogue,GRE-00702,Nagarjuna: Vigrahavyavartani (input by Klaus Wille),EXACT_TEI_XML_ID_TO_CORPUSTEI_FILENAME_STEM,HIGH,False,Successor-object lineage match; content equality still requires old-carrier download/hash comparison.
OVL-0570,TextGrid GRETIL,TG-GRE-0638,Śālistambakamahāyānasūtraṭīkā,Original GRETIL catalogue,GRE-00699,Nagarjuna: Salistambakamahayanasutratika (input by members of the Sanskrit Buddhist Canon Input Project),EXACT_TEI_XML_ID_TO_CORPUSTEI_FILENAME_STEM,HIGH,False,Successor-object lineage match; content equality still requires old-carrier download/hash comparison.
OVL-0571,TextGrid GRETIL,TG-GRE-0639,Citralakṣaṇam (= NCit),Original GRETIL catalogue,GRE-00293,Nagnajit: Citralaksana (input by members of the Sanskrit Buddhist Canon Input Project),EXACT_TEI_XML_ID_TO_CORPUSTEI_FILENAME_STEM,HIGH,False,Successor-object lineage match; content equality still requires old-carrier download/hash comparison.
OVL-0572,TextGrid GRETIL,TG-GRE-0640,Pāṇḍulohitakavastu,Original GRETIL catalogue,GRE-00302,"Pandulohitakavastu [ = Vinayavastu , 11] (input by Klaus Wille)",EXACT_TEI_XML_ID_TO_CORPUSTEI_FILENAME_STEM,HIGH,False,Successor-object lineage match; content equality still requires old-carrier download/hash comparison.
OVL-0573,TextGrid GRETIL,TG-GRE-0641,Pravrajyāvastu,Original GRETIL catalogue,GRE-00319,"Pravrajyavastu [ = Vinayavastu , 1] (input by Klaus Wille)",EXACT_TEI_XML_ID_TO_CORPUSTEI_FILENAME_STEM,HIGH,False,Successor-object lineage match; content equality still requires old-carrier download/hash comparison.
OVL-0574,TextGrid GRETIL,TG-GRE-0642,Bhaiṣajyaguruvaidūryaprabharājasūtra,Original GRETIL catalogue,GRE-00195,Bhaisajyaguruvaiduryaprabharajasutra (input by members of the Sanskrit Buddhist Canon Input Project),EXACT_TEI_XML_ID_TO_CORPUSTEI_FILENAME_STEM,HIGH,False,Successor-object lineage match; content equality still requires old-carrier download/hash comparison.
OVL-0575,TextGrid GRETIL,TG-GRE-0643,Ratnagotravibhāga,Original GRETIL catalogue,GRE-00712,Ratnagotravibhaga (input by members of the Sanskrit Buddhist Canon Input Project),EXACT_TEI_XML_ID_TO_CORPUSTEI_FILENAME_STEM,HIGH,False,Successor-object lineage match; content equality still requires old-carrier download/hash comparison.
OVL-0576,TextGrid GRETIL,TG-GRE-0644,Bhavasaṃkrāntisūtra,Original GRETIL catalogue,GRE-00197,Bhavasankrantisutra (input by members of the Sanskrit Buddhist Canon Input Project),EXACT_TEI_XML_ID_TO_CORPUSTEI_FILENAME_STEM,HIGH,False,Successor-object lineage match; content equality still requires old-carrier download/hash comparison.
OVL-0577,TextGrid GRETIL,TG-GRE-0645,Bhikṣukarmavākya,Original GRETIL catalogue,GRE-00640,Bhiksukarmavakya (input by members of the Sanskrit Buddhist Canon Input Project),EXACT_TEI_XML_ID_TO_CORPUSTEI_FILENAME_STEM,HIGH,False,Successor-object lineage match; content equality still requires old-carrier download/hash comparison.
OVL-0578,TextGrid GRETIL,TG-GRE-0646,Svabodhasiddhi,Original GRETIL catalogue,GRE-00608,Bhuti(raja): Svabodhasiddhi (input by Jürgen Hanneder),EXACT_TEI_XML_ID_TO_CORPUSTEI_FILENAME_STEM,HIGH,False,Successor-object lineage match; content equality still requires old-carrier download/hash comparison.
OVL-0579,TextGrid GRETIL,TG-GRE-0647,Bodhisattvaprātimokṣasūtra,Original GRETIL catalogue,GRE-00200,Bodhisattvapratimoksasutra (input by members of the Sanskrit Buddhist Canon Input Project),EXACT_TEI_XML_ID_TO_CORPUSTEI_FILENAME_STEM,HIGH,False,Successor-object lineage match; content equality still requires old-carrier download/hash comparison.
OVL-0580,TextGrid GRETIL,TG-GRE-0648,Buddhabalādhānaprātihāryavikurvāṇanirdeśasūtra,Original GRETIL catalogue,GRE-00201,Buddhabaladhanapratiharyavikurvananirdesasutra (input by members of the Sanskrit Buddhist Canon Input Project),EXACT_TEI_XML_ID_TO_CORPUSTEI_FILENAME_STEM,HIGH,False,Successor-object lineage match; content equality still requires old-carrier download/hash comparison.
OVL-0581,TextGrid GRETIL,TG-GRE-0649,Vādarahasya also known as Udayananirākaraṇa,Original GRETIL catalogue,GRE-00718,"Ratnakirti (?): Vadarahasya, also known as Udayananirakarana (input by members of the Sanskrit Buddhist Canon Input Project)",EXACT_TEI_XML_ID_TO_CORPUSTEI_FILENAME_STEM,HIGH,False,Successor-object lineage match; content equality still requires old-carrier download/hash comparison.
OVL-0582,TextGrid GRETIL,TG-GRE-0650,Śiṣyalekha,Original GRETIL catalogue,GRE-00206,Candaragomin: Sisyalekha (input by members of the Sanskrit Buddhist Canon Input Project),EXACT_TEI_XML_ID_TO_CORPUSTEI_FILENAME_STEM,HIGH,False,Successor-object lineage match; content equality still requires old-carrier download/hash comparison.
OVL-0583,TextGrid GRETIL,TG-GRE-0651,Buddhist stotras,Original GRETIL catalogue,GRE-00203,Buddhist Stotras - I. (input by Jens-Uwe Hartmann),EXACT_TEI_XML_ID_TO_CORPUSTEI_FILENAME_STEM,HIGH,False,Successor-object lineage match; content equality still requires old-carrier download/hash comparison.
OVL-0584,TextGrid GRETIL,TG-GRE-0652,Candrasūtra,Original GRETIL catalogue,GRE-00207,Candrasutra (input by Klaus Wille),EXACT_TEI_XML_ID_TO_CORPUSTEI_FILENAME_STEM,HIGH,False,Successor-object lineage match; content equality still requires old-carrier download/hash comparison.
OVL-0585,TextGrid GRETIL,TG-GRE-0653,Niṣpaṇṇayogāvali,Original GRETIL catalogue,GRE-00164,"Abhayakaragupta: Nispannayogavali , chap. 1 [was: Aksobhyamanjuvajra] (input by Klaus Wille)",EXACT_TEI_XML_ID_TO_CORPUSTEI_FILENAME_STEM,HIGH,False,Successor-object lineage match; content equality still requires old-carrier download/hash comparison.
OVL-0586,TextGrid GRETIL,TG-GRE-0654,Anuttarāṣṭikā,Original GRETIL catalogue,GRE-00594,Abhinavagupta: Anuttarastika (input by Marino Faliero),EXACT_TEI_XML_ID_TO_CORPUSTEI_FILENAME_STEM,HIGH,False,Successor-object lineage match; content equality still requires old-carrier download/hash comparison.
OVL-0587,TextGrid GRETIL,TG-GRE-0655,Bhairavastava,Original GRETIL catalogue,GRE-00595,Abhinavagupta: Bhairavastava (input by Marino Faliero),EXACT_TEI_XML_ID_TO_CORPUSTEI_FILENAME_STEM,HIGH,False,Successor-object lineage match; content equality still requires old-carrier download/hash comparison.
OVL-0588,TextGrid GRETIL,TG-GRE-0656,Bodhapañcadaśikā,Original GRETIL catalogue,GRE-00596,Abhinavagupta: Bodhapancadasika (input by Marino Faliero),EXACT_TEI_XML_ID_TO_CORPUSTEI_FILENAME_STEM,HIGH,False,Successor-object lineage match; content equality still requires old-carrier download/hash comparison.
OVL-0589,TextGrid GRETIL,TG-GRE-0657,Kramastotra,Original GRETIL catalogue,GRE-00598,Abhinavagupta: Kramastotra (input by Marino Faliero),EXACT_TEI_XML_ID_TO_CORPUSTEI_FILENAME_STEM,HIGH,False,Successor-object lineage match; content equality still requires old-carrier download/hash comparison.
OVL-0590,TextGrid GRETIL,TG-GRE-0658,Paramārthasāra,Original GRETIL catalogue,GRE-00600,Abhinavagupta: Paramarthasara (input by Marino Faliero),EXACT_TEI_XML_ID_TO_CORPUSTEI_FILENAME_STEM,HIGH,False,Successor-object lineage match; content equality still requires old-carrier download/hash comparison.
OVL-0591,TextGrid GRETIL,TG-GRE-0659,Paryantapañcāśikā,Original GRETIL catalogue,GRE-00602,Abhinavagupta: Paryantapancasika (input by Marino Faliero),EXACT_TEI_XML_ID_TO_CORPUSTEI_FILENAME_STEM,HIGH,False,Successor-object lineage match; content equality still requires old-carrier download/hash comparison.
OVL-0592,TextGrid GRETIL,TG-GRE-0660,Abhisamayālaṃkāra,Original GRETIL catalogue,GRE-00625,Abhisamayalamkara [Abhisamayalankara] (input by members of the Sanskrit Buddhist Canon Input Project),EXACT_TEI_XML_ID_TO_CORPUSTEI_FILENAME_STEM,HIGH,False,Successor-object lineage match; content equality still requires old-carrier download/hash comparison.
OVL-0593,TextGrid GRETIL,TG-GRE-0661,Adbhutadharmaparyāya,Original GRETIL catalogue,GRE-00166,Adbhutadharmaparyaya (input by Jens-Uwe Hartmann),EXACT_TEI_XML_ID_TO_CORPUSTEI_FILENAME_STEM,HIGH,False,Successor-object lineage match; content equality still requires old-carrier download/hash comparison.
OVL-0594,TextGrid GRETIL,TG-GRE-0662,Adhyardhaśatikā prajñāpāramitā,Original GRETIL catalogue,GRE-00169,Adhyardhasatika Prajnaparamita (input by members of the Sanskrit Buddhist Canon Input Project),EXACT_TEI_XML_ID_TO_CORPUSTEI_FILENAME_STEM,HIGH,False,Successor-object lineage match; content equality still requires old-carrier download/hash comparison.
OVL-0595,TextGrid GRETIL,TG-GRE-0663,Paramārthasāra,Original GRETIL catalogue,GRE-00522,Adisesa: Paramarthasara (input by Daniele Cuneo),EXACT_TEI_XML_ID_TO_CORPUSTEI_FILENAME_STEM,HIGH,False,Successor-object lineage match; content equality still requires old-carrier download/hash comparison.
OVL-0596,TextGrid GRETIL,TG-GRE-0664,Advayaśatikā prajñāpāramitā,Original GRETIL catalogue,GRE-00170,Advayasatika Prajnaparamita (input by members of the Sanskrit Buddhist Canon Input Project),EXACT_TEI_XML_ID_TO_CORPUSTEI_FILENAME_STEM,HIGH,False,Successor-object lineage match; content equality still requires old-carrier download/hash comparison.
OVL-0597,TextGrid GRETIL,TG-GRE-0665,Anuttaraprakāśapañcāśikā,Original GRETIL catalogue,GRE-00605,Adyanatha: Anuttaraprakasapancasika (input by Somadeva Vasudeva),EXACT_TEI_XML_ID_TO_CORPUSTEI_FILENAME_STEM,HIGH,False,Successor-object lineage match; content equality still requires old-carrier download/hash comparison.
OVL-0598,TextGrid GRETIL,TG-GRE-0666,Ahoratravratakathā,Original GRETIL catalogue,GRE-00172,Ahoratravratakatha (input by Klaus Wille),EXACT_TEI_XML_ID_TO_CORPUSTEI_FILENAME_STEM,HIGH,False,Successor-object lineage match; content equality still requires old-carrier download/hash comparison.
OVL-0599,TextGrid GRETIL,TG-GRE-0667,Ahoratravratakathā-prose,Original GRETIL catalogue,GRE-00173,"Ahoratravratakatha, prose version (input by Klaus Wille)",EXACT_TEI_XML_ID_TO_CORPUSTEI_FILENAME_STEM,HIGH,False,Successor-object lineage match; content equality still requires old-carrier download/hash comparison.
OVL-0600,TextGrid GRETIL,TG-GRE-0668,Ajitasenavyākaraṇa,Original GRETIL catalogue,GRE-00174,Ajitasenavyakarana (input by Klaus Wille),EXACT_TEI_XML_ID_TO_CORPUSTEI_FILENAME_STEM,HIGH,False,Successor-object lineage match; content equality still requires old-carrier download/hash comparison.
OVL-0601,TextGrid GRETIL,TG-GRE-0669,Ajitasenavyākaraṇa,Original GRETIL catalogue,GRE-00175,Ajitasenavyakarana [alternative version] (input by members of the Sanskrit Buddhist Canon Input Project),EXACT_TEI_XML_ID_TO_CORPUSTEI_FILENAME_STEM,HIGH,False,Successor-object lineage match; content equality still requires old-carrier download/hash comparison.
OVL-0602,TextGrid GRETIL,TG-GRE-0670,Ālambanaparīkṣā with Ālambanaparīkṣāvṛtti,Original GRETIL catalogue,GRE-00629,Alambanapariksa with Alambanapariksavrtti (input by members of the Sanskrit Buddhist Canon Input Project),EXACT_TEI_XML_ID_TO_CORPUSTEI_FILENAME_STEM,HIGH,False,Successor-object lineage match; content equality still requires old-carrier download/hash comparison.
OVL-0603,TextGrid GRETIL,TG-GRE-0671,Ālambanaparīkṣā,Original GRETIL catalogue,GRE-00628,Alambanapariksa (input by members of the Sanskrit Buddhist Canon Input Project),EXACT_TEI_XML_ID_TO_CORPUSTEI_FILENAME_STEM,HIGH,False,Successor-object lineage match; content equality still requires old-carrier download/hash comparison.
OVL-0604,TextGrid GRETIL,TG-GRE-0672,Amoghapāśahṛdayasūtra,Original GRETIL catalogue,GRE-00176,Amoghapasahrdayasutra,EXACT_TEI_XML_ID_TO_CORPUSTEI_FILENAME_STEM,HIGH,False,Successor-object lineage match; content equality still requires old-carrier download/hash comparison.
OVL-0605,TextGrid GRETIL,TG-GRE-0673,Amoghapāśahṛdayasūtra,Original GRETIL catalogue,GRE-00176,Amoghapasahrdayasutra,EXACT_TEI_XML_ID_TO_CORPUSTEI_FILENAME_STEM,HIGH,False,Successor-object lineage match; content equality still requires old-carrier download/hash comparison.
OVL-0606,TextGrid GRETIL,TG-GRE-0674,Amoghapāśanāmahṛdayaṃ mahāyānasūtram,Original GRETIL catalogue,GRE-00176,Amoghapasahrdayasutra,EXACT_TEI_XML_ID_TO_CORPUSTEI_FILENAME_STEM,HIGH,False,Successor-object lineage match; content equality still requires old-carrier download/hash comparison.
OVL-0607,TextGrid GRETIL,TG-GRE-0675,"Samādhirājasūtra, transliteration 1-11, 13, 15-22",Original GRETIL catalogue,GRE-00334,"Samadhirajasutra, Chapters 1-11, 13, 15-22 [transliteration of Gilgit ms.] (input by Kazuhiro Shimizu)",EXACT_TEI_XML_ID_TO_CORPUSTEI_FILENAME_STEM,HIGH,False,Successor-object lineage match; content equality still requires old-carrier download/hash comparison.
OVL-0608,TextGrid GRETIL,TG-GRE-0676,Saṃghāṭasūtra,Original GRETIL catalogue,GRE-00335,Samghatasutra (input by members of the Sanskrit Buddhist Canon Input Project),EXACT_TEI_XML_ID_TO_CORPUSTEI_FILENAME_STEM,HIGH,False,Successor-object lineage match; content equality still requires old-carrier download/hash comparison.
OVL-0609,TextGrid GRETIL,TG-GRE-0677,Catuḥstavasamāsārtha,Original GRETIL catalogue,GRE-00177,Amrtakara: Catuhstavasamasartha (input by Klaus Wille),EXACT_TEI_XML_ID_TO_CORPUSTEI_FILENAME_STEM,HIGH,False,Successor-object lineage match; content equality still requires old-carrier download/hash comparison.
OVL-0610,TextGrid GRETIL,TG-GRE-0678,Anityatāsūtra,Original GRETIL catalogue,GRE-00178,Anityatasutra (input by Klaus Wille),EXACT_TEI_XML_ID_TO_CORPUSTEI_FILENAME_STEM,HIGH,False,Successor-object lineage match; content equality still requires old-carrier download/hash comparison.
OVL-0611,TextGrid GRETIL,TG-GRE-0679,Tarkasaṃgraha,Original GRETIL catalogue,GRE-00577,Annambhatta: Tarkasamgraha (input by Takuya Ono),EXACT_TEI_XML_ID_TO_CORPUSTEI_FILENAME_STEM,HIGH,False,Successor-object lineage match; content equality still requires old-carrier download/hash comparison.
OVL-0612,TextGrid GRETIL,TG-GRE-0680,Antarvyāptisamarthana,Original GRETIL catalogue,GRE-00630,Antarvyaptisamarthana (input by members of the Sanskrit Buddhist Canon Input Project),EXACT_TEI_XML_ID_TO_CORPUSTEI_FILENAME_STEM,HIGH,False,Successor-object lineage match; content equality still requires old-carrier download/hash comparison.
OVL-0613,TextGrid GRETIL,TG-GRE-0681,Aparimitāyuḥsūtra,Original GRETIL catalogue,GRE-00179,Aparimitayuhsutra (input by members of the Sanskrit Buddhist Canon Input Project),EXACT_TEI_XML_ID_TO_CORPUSTEI_FILENAME_STEM,HIGH,False,Successor-object lineage match; content equality still requires old-carrier download/hash comparison.
OVL-0614,TextGrid GRETIL,TG-GRE-0682,Poṣadhavastu,Original GRETIL catalogue,GRE-00305,"Posadhavastu [ = Vinayavastu , 2] (input by Klaus Wille)",EXACT_TEI_XML_ID_TO_CORPUSTEI_FILENAME_STEM,HIGH,False,Successor-object lineage match; content equality still requires old-carrier download/hash comparison.
OVL-0615,TextGrid GRETIL,TG-GRE-0683,Sāṃkhyakārikā with Gauḍapāda's Bhāṣya,Original GRETIL catalogue,GRE-00556,"Isvarakrsna: Samkhyakarika, with Gaudapada's Bhasya (input by Dhaval Patel)",EXACT_TEI_XML_ID_TO_CORPUSTEI_FILENAME_STEM,HIGH,False,Successor-object lineage match; content equality still requires old-carrier download/hash comparison.
OVL-0616,TextGrid GRETIL,TG-GRE-0684,Sāṃkhyakārikā with Śaṃkara's Jayamaṅgalā commentary,Original GRETIL catalogue,GRE-00558,"Isvarakrsna: Samkhyakarika, with Samkara arya's Jayamangala commentary (input by Dhaval Patel)",EXACT_TEI_XML_ID_TO_CORPUSTEI_FILENAME_STEM,HIGH,False,Successor-object lineage match; content equality still requires old-carrier download/hash comparison.
OVL-0617,TextGrid GRETIL,TG-GRE-0685,Jñānālokālaṃkārasūtra [Sarvabuddhaviṣayāvatārajñānālokālaṃkāra nāma mahāyānasūtra] = JĀA,Original GRETIL catalogue,GRE-00236,"Jnanalokalamkara (input by the members of the Study Group on Buddhist Sanskrit Literature, Taisho University, Tokyo)",EXACT_TEI_XML_ID_TO_CORPUSTEI_FILENAME_STEM,HIGH,False,Successor-object lineage match; content equality still requires old-carrier download/hash comparison.
OVL-0618,TextGrid GRETIL,TG-GRE-0686,"Sāṃkhyasūtra including the Tattvasamāsa, an abstract of Sāṃkhya philosophy (appended at the end)",Original GRETIL catalogue,GRE-00560,Kapila: Samkhyasutra (input by members of the Sansknet project),EXACT_TEI_XML_ID_TO_CORPUSTEI_FILENAME_STEM,HIGH,False,Successor-object lineage match; content equality still requires old-carrier download/hash comparison.
OVL-0619,TextGrid GRETIL,TG-GRE-0687,Kāśyapaparivartasūtra,Original GRETIL catalogue,GRE-00246,Kasyapaparivartasutra [alternative version] (input by members of the Sanskrit Buddhist Canon Input Project),EXACT_TEI_XML_ID_TO_CORPUSTEI_FILENAME_STEM,HIGH,False,Successor-object lineage match; content equality still requires old-carrier download/hash comparison.
OVL-0620,TextGrid GRETIL,TG-GRE-0688,Sudhanakinnaryavadāna,Original GRETIL catalogue,GRE-00254,"Ksemendra: Avadanakalpalata, no 64: Sudhanakinnaryavadana (input by Klaus Wille)",EXACT_TEI_XML_ID_TO_CORPUSTEI_FILENAME_STEM,HIGH,False,Successor-object lineage match; content equality still requires old-carrier download/hash comparison.
OVL-0621,TextGrid GRETIL,TG-GRE-0689,Larger Prajñāpāramitā,Original GRETIL catalogue,GRE-00260,"Larger Prajnaparamita , Gilgit Ms., fols. 1-27 (input by Klaus Wille)",EXACT_TEI_XML_ID_TO_CORPUSTEI_FILENAME_STEM,HIGH,False,Successor-object lineage match; content equality still requires old-carrier download/hash comparison.
OVL-0622,TextGrid GRETIL,TG-GRE-0690,Siddhāntabindu,Original GRETIL catalogue,GRE-00532,Madhusudanasarasvati: Siddhantabindu (input by Takahiro Kato),EXACT_TEI_XML_ID_TO_CORPUSTEI_FILENAME_STEM,HIGH,False,Successor-object lineage match; content equality still requires old-carrier download/hash comparison.
OVL-0623,TextGrid GRETIL,TG-GRE-0691,Madhyamakāvatāra 1-5,Original GRETIL catalogue,GRE-00678,Madhyamakavatara (input by members of the Sanskrit Buddhist Canon Input Project),EXACT_TEI_XML_ID_TO_CORPUSTEI_FILENAME_STEM,HIGH,False,Successor-object lineage match; content equality still requires old-carrier download/hash comparison.
OVL-0624,TextGrid GRETIL,TG-GRE-0692,Mahākarmavibhaṅga,Original GRETIL catalogue,GRE-00263,Mahakarmavibhanga (input by Klaus Wille),EXACT_TEI_XML_ID_TO_CORPUSTEI_FILENAME_STEM,HIGH,False,Successor-object lineage match; content equality still requires old-carrier download/hash comparison.
OVL-0625,TextGrid GRETIL,TG-GRE-0693,Mahāmāyūrīvidyārājñī,Original GRETIL catalogue,GRE-00266,Mahamayuri vidyarajni [cf. Pancaraksa ] (input by Klaus Wille),EXACT_TEI_XML_ID_TO_CORPUSTEI_FILENAME_STEM,HIGH,False,Successor-object lineage match; content equality still requires old-carrier download/hash comparison.
OVL-0626,TextGrid GRETIL,TG-GRE-0694,Saṃghāṭasūtra,Original GRETIL catalogue,GRE-00336,Samghatasutra [alternative version] (input by Anne Peters and Klaus Wille),EXACT_TEI_XML_ID_TO_CORPUSTEI_FILENAME_STEM,HIGH,False,Successor-object lineage match; content equality still requires old-carrier download/hash comparison.
OVL-0627,TextGrid GRETIL,TG-GRE-0695,Mahāpratisarāmahāvidyārājñī,Original GRETIL catalogue,GRE-00270,"Mahapratisaramahavidyarajni, 2012 ed. [cf. Pancaraksa ] (input by Gergely Hidas)",EXACT_TEI_XML_ID_TO_CORPUSTEI_FILENAME_STEM,HIGH,False,Successor-object lineage match; content equality still requires old-carrier download/hash comparison.
OVL-0628,TextGrid GRETIL,TG-GRE-0696,Mahāpratisarā Pañcarakṣā,Original GRETIL catalogue,GRE-00269,"Mahapratisara vidyarajni, 1937 ed. [cf. Pancaraksa ] (input by Klaus Wille)",EXACT_TEI_XML_ID_TO_CORPUSTEI_FILENAME_STEM,HIGH,False,Successor-object lineage match; content equality still requires old-carrier download/hash comparison.
OVL-0629,TextGrid GRETIL,TG-GRE-0697,Mahāsāhasrapramardanī,Original GRETIL catalogue,GRE-00272,Mahasahasrapramardani vidyarajni [cf. Pancaraksa ] (input by Klaus Wille),EXACT_TEI_XML_ID_TO_CORPUSTEI_FILENAME_STEM,HIGH,False,Successor-object lineage match; content equality still requires old-carrier download/hash comparison.
OVL-0630,TextGrid GRETIL,TG-GRE-0698,Sarvadurgatipariśodhanatantra,Original GRETIL catalogue,GRE-00342,Sarvadurgatiparisodhanatantra (input by Klaus Wille),EXACT_TEI_XML_ID_TO_CORPUSTEI_FILENAME_STEM,HIGH,False,Successor-object lineage match; content equality still requires old-carrier download/hash comparison.
OVL-0631,TextGrid GRETIL,TG-GRE-0699,Hetubindu,Original GRETIL catalogue,GRE-00645,Dharmakirti: Hetubindu,EXACT_TEI_XML_ID_TO_CORPUSTEI_FILENAME_STEM,HIGH,False,Successor-object lineage match; content equality still requires old-carrier download/hash comparison.
OVL-0632,TextGrid GRETIL,TG-GRE-0700,Mahāvadānasūtra,Original GRETIL catalogue,GRE-00278,Mahavadanasutra (input by Takamichi Fukita),EXACT_TEI_XML_ID_TO_CORPUSTEI_FILENAME_STEM,HIGH,False,Successor-object lineage match; content equality still requires old-carrier download/hash comparison.
OVL-0633,TextGrid GRETIL,TG-GRE-0701,Carmavastu,Original GRETIL catalogue,GRE-00208,"Carmavastu [ = Vinayavastu , 5] (input by Klaus Wille)",EXACT_TEI_XML_ID_TO_CORPUSTEI_FILENAME_STEM,HIGH,False,Successor-object lineage match; content equality still requires old-carrier download/hash comparison.
OVL-0634,TextGrid GRETIL,TG-GRE-0702,Vādanyāya,Original GRETIL catalogue,GRE-00653,Dharmakirti: Vadanyaya,EXACT_TEI_XML_ID_TO_CORPUSTEI_FILENAME_STEM,HIGH,False,Successor-object lineage match; content equality still requires old-carrier download/hash comparison.
OVL-0635,TextGrid GRETIL,TG-GRE-0703,Vādanyāya,Original GRETIL catalogue,GRE-00653,Dharmakirti: Vadanyaya,EXACT_TEI_XML_ID_TO_CORPUSTEI_FILENAME_STEM,HIGH,False,Successor-object lineage match; content equality still requires old-carrier download/hash comparison.
OVL-0636,TextGrid GRETIL,TG-GRE-0705,Vimalakīrtinirdeśa,Original GRETIL catalogue,GRE-00381,Vimalakirtinirdesa (input by Klaus Wille),EXACT_TEI_XML_ID_TO_CORPUSTEI_FILENAME_STEM,HIGH,False,Successor-object lineage match; content equality still requires old-carrier download/hash comparison.
OVL-0637,TextGrid GRETIL,TG-GRE-0706,Guhyasamājamaṇḍalavidhi,Original GRETIL catalogue,GRE-00220,Dipamkarabhadra: Guhyasamajamandalavidhi (input by S. Klein-Schwind),EXACT_TEI_XML_ID_TO_CORPUSTEI_FILENAME_STEM,HIGH,False,Successor-object lineage match; content equality still requires old-carrier download/hash comparison.
OVL-0638,TextGrid GRETIL,TG-GRE-0707,Vimalakīrtinirdeśasūtra,Original GRETIL catalogue,GRE-00382,Vimalakirtinirdesa (input by members of the Sanskrit Buddhist Canon Input Project),EXACT_TEI_XML_ID_TO_CORPUSTEI_FILENAME_STEM,HIGH,False,Successor-object lineage match; content equality still requires old-carrier download/hash comparison.
OVL-0639,TextGrid GRETIL,TG-GRE-0708,Suvarṇavarṇāvadāna,Original GRETIL catalogue,GRE-00359,Suvarnavarnavadana (input by Jens Braarvig),EXACT_TEI_XML_ID_TO_CORPUSTEI_FILENAME_STEM,HIGH,False,Successor-object lineage match; content equality still requires old-carrier download/hash comparison.
OVL-0640,TextGrid GRETIL,TG-GRE-0709,"Ekottarāgama, fragments",Original GRETIL catalogue,GRE-00225,Ekottaragama (input by Klaus Wille),EXACT_TEI_XML_ID_TO_CORPUSTEI_FILENAME_STEM,HIGH,False,Successor-object lineage match; content equality still requires old-carrier download/hash comparison.
OVL-0641,TextGrid GRETIL,TG-GRE-0710,Nyāyakusumāñjali,Original GRETIL catalogue,GRE-00586,Udayana: Nyayakusumanjali (SidNyayavNAVinput by members of the Sansknet project),EXACT_TEI_XML_ID_TO_CORPUSTEI_FILENAME_STEM,HIGH,False,Successor-object lineage match; content equality still requires old-carrier download/hash comparison.
OVL-0642,TextGrid GRETIL,TG-GRE-0711,Bodhicaryāvatāra,Original GRETIL catalogue,GRE-00721,Santideva: Bodhicaryavatara (input by Richard Mahoney),EXACT_TEI_XML_ID_TO_CORPUSTEI_FILENAME_STEM,HIGH,False,Successor-object lineage match; content equality still requires old-carrier download/hash comparison.
OVL-0643,TextGrid GRETIL,TG-GRE-0712,Pramāṇavārttika,Original GRETIL catalogue,GRE-00711,Pramanavartika (input by members of the Sanskrit Buddhist Canon Input Project),EXACT_TEI_XML_ID_TO_CORPUSTEI_FILENAME_STEM,HIGH,False,Successor-object lineage match; content equality still requires old-carrier download/hash comparison.
OVL-0644,TextGrid GRETIL,TG-GRE-0714,Nyāyapraveśapravṛtti,Original GRETIL catalogue,GRE-00671,Haribhadrasuri: Nyayapravesapravrtti (input by members of the Sanskrit Buddhist Canon Input Project),EXACT_TEI_XML_ID_TO_CORPUSTEI_FILENAME_STEM,HIGH,False,Successor-object lineage match; content equality still requires old-carrier download/hash comparison.
OVL-0645,TextGrid GRETIL,TG-GRE-0715,Śārdūlakarṇāvadāna [= Avadāna 33 of the Divyāvadāna],Original GRETIL catalogue,GRE-00341,Sardulakarnavadana [ = Avadana 33 of the Divyavadana ] (input by Mizue Sugita),EXACT_TEI_XML_ID_TO_CORPUSTEI_FILENAME_STEM,HIGH,False,Successor-object lineage match; content equality still requires old-carrier download/hash comparison.
OVL-0646,TextGrid GRETIL,TG-GRE-0716,Nidānasaṃyukta,Original GRETIL catalogue,GRE-00296,Nidanasamyukta (input by Seishi Karashima),EXACT_TEI_XML_ID_TO_CORPUSTEI_FILENAME_STEM,HIGH,False,Successor-object lineage match; content equality still requires old-carrier download/hash comparison.
OVL-0647,TextGrid GRETIL,TG-GRE-0717,Gaṇakārikā 1,Original GRETIL catalogue,GRE-00607,Bhasarvajna: Ganakarika (input by Oliver Hellwig),EXACT_TEI_XML_ID_TO_CORPUSTEI_FILENAME_STEM,HIGH,False,Successor-object lineage match; content equality still requires old-carrier download/hash comparison.
OVL-0648,TextGrid GRETIL,TG-GRE-0718,"Tattvayāthārthyadīpana a commentary on the Tattvasamāsa, an abstract of Sāṃkhya philosophy in (23-) 25 sūtras.",Original GRETIL catalogue,GRE-00553,Bhavaganesa [or Ganesadiksita]: Tattvayatharthyadipana [a comm. on the Tattvasamasa ] (input by Dhaval Patel),EXACT_TEI_XML_ID_TO_CORPUSTEI_FILENAME_STEM,HIGH,False,Successor-object lineage match; content equality still requires old-carrier download/hash comparison.
OVL-0649,TextGrid GRETIL,TG-GRE-0719,Bhikṣuṇīkarmavācanā,Original GRETIL catalogue,GRE-00198,Bhiksuni-Karmavacana (input by Michael Schmidt),EXACT_TEI_XML_ID_TO_CORPUSTEI_FILENAME_STEM,HIGH,False,Successor-object lineage match; content equality still requires old-carrier download/hash comparison.
OVL-0650,TextGrid GRETIL,TG-GRE-0720,Siddhārthacaritrakāvya,Original GRETIL catalogue,GRE-00202,Buddhaghosa: Siddharthacaritrakavya (input by members of the Sanskrit Buddhist Canon Input Project),EXACT_TEI_XML_ID_TO_CORPUSTEI_FILENAME_STEM,HIGH,False,Successor-object lineage match; content equality still requires old-carrier download/hash comparison.
OVL-0651,TextGrid GRETIL,TG-GRE-0721,Yogasūtra with Bhāṣya (= Pātañjalayogaśāstra),Original GRETIL catalogue,GRE-00574,Patanjali: Yogasutra with Bhasya [ = Patanjalayogasastra] (input by Philipp A. Maas),EXACT_TEI_XML_ID_TO_CORPUSTEI_FILENAME_STEM,HIGH,False,Successor-object lineage match; content equality still requires old-carrier download/hash comparison.
OVL-0652,TextGrid GRETIL,TG-GRE-0722,Abhisamayālaṃkāravivaraṇa,Original GRETIL catalogue,GRE-00626,Abhisamayalankarantah patinam (input by members of the Sanskrit Buddhist Canon Input Project),EXACT_TEI_XML_ID_TO_CORPUSTEI_FILENAME_STEM,HIGH,False,Successor-object lineage match; content equality still requires old-carrier download/hash comparison.
OVL-0653,TextGrid GRETIL,TG-GRE-0723,Adhikaraṇavastu,Original GRETIL catalogue,GRE-00167,"Adhikaranavastu [ = Vinayavastu , 16] (input by Seishi Karashima)",EXACT_TEI_XML_ID_TO_CORPUSTEI_FILENAME_STEM,HIGH,False,Successor-object lineage match; content equality still requires old-carrier download/hash comparison.
OVL-0654,TextGrid GRETIL,TG-GRE-0724,Ahorātravratacaityasevānuśaṃsāvadāna,Original GRETIL catalogue,GRE-00171,Ahoratravratacaityasevanusamsavadana (input by Klaus Wille),EXACT_TEI_XML_ID_TO_CORPUSTEI_FILENAME_STEM,HIGH,False,Successor-object lineage match; content equality still requires old-carrier download/hash comparison.
OVL-0655,TextGrid GRETIL,TG-GRE-0725,Patna Dharmapada,Original GRETIL catalogue,GRE-00215,Patna Dharmapada (input by Tatsushi Tamai),EXACT_TEI_XML_ID_TO_CORPUSTEI_FILENAME_STEM,HIGH,False,Successor-object lineage match; content equality still requires old-carrier download/hash comparison.
OVL-0656,TextGrid GRETIL,TG-GRE-0726,Sāṃkhyakārikā with Māṭhara's commentary Māṭharavṛtti,Original GRETIL catalogue,GRE-00557,"Isvarakrsna: Samkhyakarika, with Mathara's commentary Matharavrtti (input by members of the Young Buddhist Association, University of Tokyo)",EXACT_TEI_XML_ID_TO_CORPUSTEI_FILENAME_STEM,HIGH,False,Successor-object lineage match; content equality still requires old-carrier download/hash comparison.
OVL-0657,TextGrid GRETIL,TG-GRE-0727,Sphuṭārthā Śrīghanācārasaṃgrahaṭīkā,Original GRETIL catalogue,GRE-00235,Jayaraksita: Sphutartha Srighanacarasamgrahatika [comm. on Srighanacarasamgraha] (input by members of the Sanskrit Buddhist Canon Input Project),EXACT_TEI_XML_ID_TO_CORPUSTEI_FILENAME_STEM,HIGH,False,Successor-object lineage match; content equality still requires old-carrier download/hash comparison.
OVL-0658,TextGrid GRETIL,TG-GRE-0728,Kalpadrumāvadānamālā,Original GRETIL catalogue,GRE-00238,Kalpadrumavadanamala (input by Klaus Wille),EXACT_TEI_XML_ID_TO_CORPUSTEI_FILENAME_STEM,HIGH,False,Successor-object lineage match; content equality still requires old-carrier download/hash comparison.
OVL-0659,TextGrid GRETIL,TG-GRE-0729,Bhāvanākrama,Original GRETIL catalogue,GRE-00676,Kamalasila: Bhavanakrama (input by members of the Sanskrit Buddhist Canon Input Project),EXACT_TEI_XML_ID_TO_CORPUSTEI_FILENAME_STEM,HIGH,False,Successor-object lineage match; content equality still requires old-carrier download/hash comparison.
OVL-0660,TextGrid GRETIL,TG-GRE-0730,Kāraṇḍavyūha,Original GRETIL catalogue,GRE-00241,Karandavyuha (input by members of the Sanskrit Buddhist Canon Input Project),EXACT_TEI_XML_ID_TO_CORPUSTEI_FILENAME_STEM,HIGH,False,Successor-object lineage match; content equality still requires old-carrier download/hash comparison.
OVL-0661,TextGrid GRETIL,TG-GRE-0731,Kāśyapaparivartasūtra,Original GRETIL catalogue,GRE-00245,Kasyapaparivartasutra (input by Klaus Wille),EXACT_TEI_XML_ID_TO_CORPUSTEI_FILENAME_STEM,HIGH,False,Successor-object lineage match; content equality still requires old-carrier download/hash comparison.
OVL-0662,TextGrid GRETIL,TG-GRE-0732,Kalpanāmaṇḍitikā,Original GRETIL catalogue,GRE-00257,Kumaralata: Kalpanamanditika (input by Klaus Wille),EXACT_TEI_XML_ID_TO_CORPUSTEI_FILENAME_STEM,HIGH,False,Successor-object lineage match; content equality still requires old-carrier download/hash comparison.
OVL-0663,TextGrid GRETIL,TG-GRE-0733,"Mahāsaṃnipātaratnaketudhāraṇīsūtra, 1-6, 10-11",Original GRETIL catalogue,GRE-00274,"Mahasannipataratnaketudharanisutra, or Ratnaketuparivarta, alternative version (input by members of the Sanskrit Buddhist Canon Input Project)",EXACT_TEI_XML_ID_TO_CORPUSTEI_FILENAME_STEM,HIGH,False,Successor-object lineage match; content equality still requires old-carrier download/hash comparison.
OVL-0664,TextGrid GRETIL,TG-GRE-0734,Pramāṇavārttikakārikā (without the svārthānumāna-chapter),Original GRETIL catalogue,GRE-00648,Dharmakirti: Pramanavarttikakarika (input by Motoi Ono),EXACT_TEI_XML_ID_TO_CORPUSTEI_FILENAME_STEM,HIGH,False,Successor-object lineage match; content equality still requires old-carrier download/hash comparison.
OVL-0665,TextGrid GRETIL,TG-GRE-0735,Nyāyāvatāra with the Nyāyāvatāravivṛti commentary by Siddharṣigaṇin,Original GRETIL catalogue,GRE-00585,"Siddhasena Mahamati: Nyayavatara, with Siddharsi-ganin's Nyayavataravivrti (input by Piotr Balcerowicz)",EXACT_TEI_XML_ID_TO_CORPUSTEI_FILENAME_STEM,HIGH,False,Successor-object lineage match; content equality still requires old-carrier download/hash comparison.
OVL-0666,TextGrid GRETIL,TG-GRE-0736,Dharmaskandha,Original GRETIL catalogue,GRE-00216,Dharmaskanda (input by Klaus Wille),EXACT_TEI_XML_ID_TO_CORPUSTEI_FILENAME_STEM,HIGH,False,Successor-object lineage match; content equality still requires old-carrier download/hash comparison.
OVL-0667,TextGrid GRETIL,TG-GRE-0737,Suvarṇaprabhāsasūtra,Original GRETIL catalogue,GRE-00358,Suvarnaprabhasasutra [ = Suvarnabhasottamasutra] (input by members of the Sanskrit Buddhist Canon Input Project),EXACT_TEI_XML_ID_TO_CORPUSTEI_FILENAME_STEM,HIGH,False,Successor-object lineage match; content equality still requires old-carrier download/hash comparison.
OVL-0668,TextGrid GRETIL,TG-GRE-0738,Suvikrāntavikrāmiparipṛcchā,Original GRETIL catalogue,GRE-00360,Suvikrantavikramipariprccha (input by members of the Sanskrit Buddhist Canon Input Project),EXACT_TEI_XML_ID_TO_CORPUSTEI_FILENAME_STEM,HIGH,False,Successor-object lineage match; content equality still requires old-carrier download/hash comparison.
OVL-0669,TextGrid GRETIL,TG-GRE-0739,Tarkarahasya,Original GRETIL catalogue,GRE-00727,Tarkarahasya (provided by Helmut Krasser),EXACT_TEI_XML_ID_TO_CORPUSTEI_FILENAME_STEM,HIGH,False,Successor-object lineage match; content equality still requires old-carrier download/hash comparison.
OVL-0670,TextGrid GRETIL,TG-GRE-0740,Fragments of Prajñāpāramitā texts (from 16 sources),Original GRETIL catalogue,GRE-00309,"Prajnaparamita texts, fragments (input by Klaus Wille)",EXACT_TEI_XML_ID_TO_CORPUSTEI_FILENAME_STEM,HIGH,False,Successor-object lineage match; content equality still requires old-carrier download/hash comparison.
OVL-0671,TextGrid GRETIL,TG-GRE-0741,Udānavarga,Original GRETIL catalogue,GRE-00368,Udanavarga (input by Muneo Tokunaga),EXACT_TEI_XML_ID_TO_CORPUSTEI_FILENAME_STEM,HIGH,False,Successor-object lineage match; content equality still requires old-carrier download/hash comparison.
OVL-0672,TextGrid GRETIL,TG-GRE-0742,Mahāyānasūtrālaṃkāra,Original GRETIL catalogue,GRE-00185,Asanga: Mahayanasutralankara (input by members of the Sanskrit Buddhist Canon Input Project),EXACT_TEI_XML_ID_TO_CORPUSTEI_FILENAME_STEM,HIGH,False,Successor-object lineage match; content equality still requires old-carrier download/hash comparison.
OVL-0673,TextGrid GRETIL,TG-GRE-0743,Mahāyānasūtrālaṃkāra with Vasubandhu's commentary (Bhāṣya) = Msa,Original GRETIL catalogue,GRE-00184,"Asanga: Mahayanasutralankara, with Vasubandhu's Bhasya (input by Jens Braarvig)",EXACT_TEI_XML_ID_TO_CORPUSTEI_FILENAME_STEM,HIGH,False,Successor-object lineage match; content equality still requires old-carrier download/hash comparison.
OVL-0674,TextGrid GRETIL,TG-GRE-0744,"Āgamaśāstra (= Gauḍapādakārikā, Gauḍapādīyakārikā, a verse commentary on the Māṇḍūkya-Upaniṣad)",Original GRETIL catalogue,GRE-00531,"Gaudapada: Agamasastra [ = Gaudapadakarika, Gaudapadiyakarika] (input by Peter Schreiner)",EXACT_TEI_XML_ID_TO_CORPUSTEI_FILENAME_STEM,HIGH,False,Successor-object lineage match; content equality still requires old-carrier download/hash comparison.
OVL-0675,TextGrid GRETIL,TG-GRE-0745,Aśokāvadāna,Original GRETIL catalogue,GRE-00190,Asokavadana [ = Avadana 29 of the Divyavadana ] (input by members of the Sanskrit Buddhist Canon Input Project),EXACT_TEI_XML_ID_TO_CORPUSTEI_FILENAME_STEM,HIGH,False,Successor-object lineage match; content equality still requires old-carrier download/hash comparison.
OVL-0676,TextGrid GRETIL,TG-GRE-0747,Bodhasāra,Original GRETIL catalogue,GRE-00535,Narahari: Bodhasara (input by Jennifer Cover),EXACT_TEI_XML_ID_TO_CORPUSTEI_FILENAME_STEM,HIGH,False,Successor-object lineage match; content equality still requires old-carrier download/hash comparison.
OVL-0677,TextGrid GRETIL,TG-GRE-0748,Parātriṃśikā with Abhinavagupta's Parātriṃśikāvivaraṇa (lacks the Apabhramsa passages),Original GRETIL catalogue,GRE-00613,"Paratrimsika, with Abhinavagupta's Paratrimsikavivarana (input by Somadeva Vasudeva)",EXACT_TEI_XML_ID_TO_CORPUSTEI_FILENAME_STEM,HIGH,False,Successor-object lineage match; content equality still requires old-carrier download/hash comparison.
OVL-0678,TextGrid GRETIL,TG-GRE-0749,Vedārthasaṃgraha,Original GRETIL catalogue,GRE-00546,Ramanuja: Vedarthasamgraha (input by Sadanori Ishitobi),EXACT_TEI_XML_ID_TO_CORPUSTEI_FILENAME_STEM,HIGH,False,Successor-object lineage match; content equality still requires old-carrier download/hash comparison.
OVL-0679,TextGrid GRETIL,TG-GRE-0750,Buddhist yoga manual,Original GRETIL catalogue,GRE-00205,Buddhist Yoga manual [Buddhistisches Yogalehrbuch] (input by Klaus Wille),EXACT_TEI_XML_ID_TO_CORPUSTEI_FILENAME_STEM,HIGH,False,Successor-object lineage match; content equality still requires old-carrier download/hash comparison.
OVL-0680,TextGrid GRETIL,TG-GRE-0751,Tantrasāra,Original GRETIL catalogue,GRE-00604,Abhinavagupta: Tantrasara (input by Oliver Hellwig),EXACT_TEI_XML_ID_TO_CORPUSTEI_FILENAME_STEM,HIGH,False,Successor-object lineage match; content equality still requires old-carrier download/hash comparison.
OVL-0681,TextGrid GRETIL,TG-GRE-0752,Paramārthasāra with Yogarāja's Paramārthasārasaṃgrahavivṛti commentary,Original GRETIL catalogue,GRE-00601,"Abhinavagupta: Paramarthasara, with Yogaraja's commentary (input by Lyne Bansat-Boudon, Yves Codet and Judit Törzsök)",EXACT_TEI_XML_ID_TO_CORPUSTEI_FILENAME_STEM,HIGH,False,Successor-object lineage match; content equality still requires old-carrier download/hash comparison.
OVL-0682,TextGrid GRETIL,TG-GRE-0753,Abhisamayālaṃkāravṛttiḥ sphuṭārthā,Original GRETIL catalogue,GRE-00627,Abhisamayalankaravrttih sphutartha (input by members of the Sanskrit Buddhist Canon Input Project),EXACT_TEI_XML_ID_TO_CORPUSTEI_FILENAME_STEM,HIGH,False,Successor-object lineage match; content equality still requires old-carrier download/hash comparison.
OVL-0683,TextGrid GRETIL,TG-GRE-0754,Mīmāṃsāsūtra,Original GRETIL catalogue,GRE-00512,Jaimini: Mimamsasutra (input by members of the Sansknet Project),EXACT_TEI_XML_ID_TO_CORPUSTEI_FILENAME_STEM,HIGH,False,Successor-object lineage match; content equality still requires old-carrier download/hash comparison.
OVL-0684,TextGrid GRETIL,TG-GRE-0755,Yogasūtra with Bhāṣya,Original GRETIL catalogue,GRE-00575,Patanjali: Yogasutra with Bhasya [alternative version] (input by Muneo Tokunaga),EXACT_TEI_XML_ID_TO_CORPUSTEI_FILENAME_STEM,HIGH,False,Successor-object lineage match; content equality still requires old-carrier download/hash comparison.
OVL-0685,TextGrid GRETIL,TG-GRE-0756,Vajracchedikāṭīkā,Original GRETIL catalogue,GRE-00239,Kamalasila: Vajracchedikatika [comm. on the Vajracchedika Prajnaparamita ] (input by members of the Sanskrit Buddhist Canon Input Project),EXACT_TEI_XML_ID_TO_CORPUSTEI_FILENAME_STEM,HIGH,False,Successor-object lineage match; content equality still requires old-carrier download/hash comparison.
OVL-0686,TextGrid GRETIL,TG-GRE-0757,Mahāparinirvāṇasūtra,Original GRETIL catalogue,GRE-00267,Mahaparinirvanasutra (input by Klaus Wille),EXACT_TEI_XML_ID_TO_CORPUSTEI_FILENAME_STEM,HIGH,False,Successor-object lineage match; content equality still requires old-carrier download/hash comparison.
OVL-0687,TextGrid GRETIL,TG-GRE-0758,Mahāsaṃnipātaratnaketudhāraṇīsūtra or Ratnaketuparivarta (=RKP),Original GRETIL catalogue,GRE-00273,"Mahasannipataratnaketudharanisutra, or Ratnaketuparivarta (input by Klaus Wille)",EXACT_TEI_XML_ID_TO_CORPUSTEI_FILENAME_STEM,HIGH,False,Successor-object lineage match; content equality still requires old-carrier download/hash comparison.
OVL-0688,TextGrid GRETIL,TG-GRE-0759,Cīvaravastu,Original GRETIL catalogue,GRE-00209,"Civaravastu [ = Vinayavastu , 7] (input by Klaus Wille)",EXACT_TEI_XML_ID_TO_CORPUSTEI_FILENAME_STEM,HIGH,False,Successor-object lineage match; content equality still requires old-carrier download/hash comparison.
OVL-0689,TextGrid GRETIL,TG-GRE-0760,Svayaṃbhupurāṇa,Original GRETIL catalogue,GRE-00363,Svayambhu-Purana (input by members of the Sanskrit Buddhist Canon Input Project),EXACT_TEI_XML_ID_TO_CORPUSTEI_FILENAME_STEM,HIGH,False,Successor-object lineage match; content equality still requires old-carrier download/hash comparison.
OVL-0690,TextGrid GRETIL,TG-GRE-0761,"Tattvacintāmaṇi, Śabdakhāṇḍa from Śabdaprāmāṇyavāda to Jātiśaktivāda (incomplete)",Original GRETIL catalogue,GRE-00579,"Gangesa: Tattvacintamani, Sabdakhanda (input by members of the Sansknet project)",EXACT_TEI_XML_ID_TO_CORPUSTEI_FILENAME_STEM,HIGH,False,Successor-object lineage match; content equality still requires old-carrier download/hash comparison.
OVL-0691,TextGrid GRETIL,TG-GRE-0762,Nyāyakusumāñjali,Original GRETIL catalogue,GRE-00586,Udayana: Nyayakusumanjali (SidNyayavNAVinput by members of the Sansknet project),EXACT_TEI_XML_ID_TO_CORPUSTEI_FILENAME_STEM,HIGH,False,Successor-object lineage match; content equality still requires old-carrier download/hash comparison.
OVL-0692,TextGrid GRETIL,TG-GRE-0763,Hetubinduṭīkā,Original GRETIL catalogue,GRE-00632,Arcata: Hetubindutika [alternative version] (input by members of the Sanskrit Buddhist Canon Input Project),EXACT_TEI_XML_ID_TO_CORPUSTEI_FILENAME_STEM,HIGH,False,Successor-object lineage match; content equality still requires old-carrier download/hash comparison.
OVL-0693,TextGrid GRETIL,TG-GRE-0764,Jātakamālā,Original GRETIL catalogue,GRE-00183,Aryasura: Jatakamala,EXACT_TEI_XML_ID_TO_CORPUSTEI_FILENAME_STEM,HIGH,False,Successor-object lineage match; content equality still requires old-carrier download/hash comparison.
OVL-0694,TextGrid GRETIL,TG-GRE-0765,Prakaraṇapañcikā with Nārāyaṇabhaṭṭa's Nyāyasiddhi,Original GRETIL catalogue,GRE-00520,"Salikanathamisra: Prakaranapancika, with Jayapuri Narayanabhatta's comm. (input by members of the Sansknet project)",EXACT_TEI_XML_ID_TO_CORPUSTEI_FILENAME_STEM,HIGH,False,Successor-object lineage match; content equality still requires old-carrier download/hash comparison.
OVL-0695,TextGrid GRETIL,TG-GRE-0766,"Śāstradīpikā (Jaimini's Mīmāṃsāsūtra 1,1.1-23)",Original GRETIL catalogue,GRE-00517,Parthasarathi Misra: Sastradipika (input by members of the Sansknet Projekt),EXACT_TEI_XML_ID_TO_CORPUSTEI_FILENAME_STEM,HIGH,False,Successor-object lineage match; content equality still requires old-carrier download/hash comparison.
OVL-0696,TextGrid GRETIL,TG-GRE-0767,Bodhisattvayogācāracatuḥśatakaṭīkā,Original GRETIL catalogue,GRE-00644,Candrakirti: Bodhisattvayogacaracatuhsatakatika (input by Klaus Wille),EXACT_TEI_XML_ID_TO_CORPUSTEI_FILENAME_STEM,HIGH,False,Successor-object lineage match; content equality still requires old-carrier download/hash comparison.
OVL-0697,TextGrid GRETIL,TG-GRE-0768,Mālinīślokavārttika,Original GRETIL catalogue,GRE-00599,Abhinavagupta: Malinislokavarttika (input by Jürgen Hanneder),EXACT_TEI_XML_ID_TO_CORPUSTEI_FILENAME_STEM,HIGH,False,Successor-object lineage match; content equality still requires old-carrier download/hash comparison.
OVL-0698,TextGrid GRETIL,TG-GRE-0769,Tattvopaplavasiṃha,Original GRETIL catalogue,GRE-00750,Jayarasi: Tattvopaplavasimha (input by Somadeva Vasudeva),EXACT_TEI_XML_ID_TO_CORPUSTEI_FILENAME_STEM,HIGH,False,Successor-object lineage match; content equality still requires old-carrier download/hash comparison.
OVL-0699,TextGrid GRETIL,TG-GRE-0770,Anuvyākhyāna a Dvaita verse commentary on Bādarāyaṇa's Brahmasūtra,Original GRETIL catalogue,GRE-00542,"Madhva (Anandatirtha): Anuvyakhyana , a verse commentary on Badarayana's Brahmasutra (input by members of the Sansknet project)",EXACT_TEI_XML_ID_TO_CORPUSTEI_FILENAME_STEM,HIGH,False,Successor-object lineage match; content equality still requires old-carrier download/hash comparison.
OVL-0700,TextGrid GRETIL,TG-GRE-0771,Daśabhūmikasūtra,Original GRETIL catalogue,GRE-00211,Dasabhumikasutra (input by members of the Sanskrit Buddhist Canon Input Project),EXACT_TEI_XML_ID_TO_CORPUSTEI_FILENAME_STEM,HIGH,False,Successor-object lineage match; content equality still requires old-carrier download/hash comparison.
OVL-0701,TextGrid GRETIL,TG-GRE-0772,Dvāviṃśatyavadānakathā,Original GRETIL catalogue,GRE-00222,Dvavimsatyavadanakatha (input by Klaus Wille),EXACT_TEI_XML_ID_TO_CORPUSTEI_FILENAME_STEM,HIGH,False,Successor-object lineage match; content equality still requires old-carrier download/hash comparison.
OVL-0702,TextGrid GRETIL,TG-GRE-0773,Ātmasiddhi,Original GRETIL catalogue,GRE-00551,"Yamuna: Siddhitraya, with commentary (input by members of the Sansknet project)",EXACT_TEI_XML_ID_TO_CORPUSTEI_FILENAME_STEM,HIGH,False,Successor-object lineage match; content equality still requires old-carrier download/hash comparison.
OVL-0703,TextGrid GRETIL,TG-GRE-0774,Hetubinduṭīkā (commentary on Dharmakīrti's Hetubindu),Original GRETIL catalogue,GRE-00631,Arcata: Hetubindutika [comm. on Dharmakirti's Hetubindu] (provided by Helmut Krasser),EXACT_TEI_XML_ID_TO_CORPUSTEI_FILENAME_STEM,HIGH,False,Successor-object lineage match; content equality still requires old-carrier download/hash comparison.
OVL-0704,TextGrid GRETIL,TG-GRE-0775,Gheraṇḍasaṃhitā,Original GRETIL catalogue,GRE-00571,"Gheranda-Samhita (input by Peter Thomi, ed. by Peter Schreiner)",EXACT_TEI_XML_ID_TO_CORPUSTEI_FILENAME_STEM,HIGH,False,Successor-object lineage match; content equality still requires old-carrier download/hash comparison.
OVL-0705,TextGrid GRETIL,TG-GRE-0776,Jātakamālā,Original GRETIL catalogue,GRE-00228,"Gopadatta: Jatakamala (input by Michael Hahn, proof-read by Klaus Wille)",EXACT_TEI_XML_ID_TO_CORPUSTEI_FILENAME_STEM,HIGH,False,Successor-object lineage match; content equality still requires old-carrier download/hash comparison.
OVL-0706,TextGrid GRETIL,TG-GRE-0777,Brahmasiddhi,Original GRETIL catalogue,GRE-00533,Mandana Misra [Mandanamisra]: Brahmasiddhi (input by Diwakar Acharya),EXACT_TEI_XML_ID_TO_CORPUSTEI_FILENAME_STEM,HIGH,False,Successor-object lineage match; content equality still requires old-carrier download/hash comparison.
OVL-0707,TextGrid GRETIL,TG-GRE-0778,Śrāvakabhūmi,Original GRETIL catalogue,GRE-00186,Asanga: Sravakabhumi [based on Tokyo ed.] (input by Klaus Wille),EXACT_TEI_XML_ID_TO_CORPUSTEI_FILENAME_STEM,HIGH,False,Successor-object lineage match; content equality still requires old-carrier download/hash comparison.
OVL-0708,TextGrid GRETIL,TG-GRE-0779,Nibandhāvalī,Original GRETIL catalogue,GRE-00717,Ratnakirti: Nibandhavali (input by members of the Sanskrit Buddhist Canon Input Project),EXACT_TEI_XML_ID_TO_CORPUSTEI_FILENAME_STEM,HIGH,False,Successor-object lineage match; content equality still requires old-carrier download/hash comparison.
OVL-0709,TextGrid GRETIL,TG-GRE-0780,Abhisamācārikadharma,Original GRETIL catalogue,GRE-00165,"Abhisamacarikadharma of the Mahasamghika-Lokottaravadins (input by Abhisamacarika-Dharma Study Group, Taisho University)",EXACT_TEI_XML_ID_TO_CORPUSTEI_FILENAME_STEM,HIGH,False,Successor-object lineage match; content equality still requires old-carrier download/hash comparison.
OVL-0710,TextGrid GRETIL,TG-GRE-0781,Madhyamakāloka,Original GRETIL catalogue,GRE-00677,Kamalasila: Madhyamakaloka (input by members of the Sanskrit Buddhist Canon Input Project),EXACT_TEI_XML_ID_TO_CORPUSTEI_FILENAME_STEM,HIGH,False,Successor-object lineage match; content equality still requires old-carrier download/hash comparison.
OVL-0711,TextGrid GRETIL,TG-GRE-0782,Nyāyabinduprakaraṇa with Vinītadeva's Nyāyabinduvistaraṭīkā (Śiṣyahita) and Dharmottara's Nyāyabinduṭīkā,Original GRETIL catalogue,GRE-00647,Dharmakirti: Nyayabinduprakarana (input by members of the Sanskrit Buddhist Canon Input Project),EXACT_TEI_XML_ID_TO_CORPUSTEI_FILENAME_STEM,HIGH,False,Successor-object lineage match; content equality still requires old-carrier download/hash comparison.
OVL-0712,TextGrid GRETIL,TG-GRE-0783,Pramāṇavārttisvavṛtti,Original GRETIL catalogue,GRE-00649,Dharmakirti: Pramanavarttikasvavrtti (input by Motoi Ono),EXACT_TEI_XML_ID_TO_CORPUSTEI_FILENAME_STEM,HIGH,False,Successor-object lineage match; content equality still requires old-carrier download/hash comparison.
OVL-0713,TextGrid GRETIL,TG-GRE-0784,Yuktidīpikā a commentary on Īśvarakṛṣṇa's Sāṃkhyakārikā,Original GRETIL catalogue,GRE-00559,"Isvarakrsna: Samkhyakarika, with Yuktidipika commentary (input by Dhaval Patel)",EXACT_TEI_XML_ID_TO_CORPUSTEI_FILENAME_STEM,HIGH,False,Successor-object lineage match; content equality still requires old-carrier download/hash comparison.
OVL-0714,TextGrid GRETIL,TG-GRE-0785,Abhidharmadīpa with auto(?)entary Vibhāṣāprabhāvṛtti,Original GRETIL catalogue,GRE-00743,"Vimalamitra(?): Abhidharmadipa, with auto(?)-commentary Vibhasaprabhasavrtti (input by members of the Sanskrit Buddhist Canon Input Project)",EXACT_TEI_XML_ID_TO_CORPUSTEI_FILENAME_STEM,HIGH,False,Successor-object lineage match; content equality still requires old-carrier download/hash comparison.
OVL-0715,TextGrid GRETIL,TG-GRE-0786,Sāratama,Original GRETIL catalogue,GRE-00326,Ratnakarasanti: Saratama [a Panjika on the Astasahasrika Prajnaparamita ] (input by members of the Sanskrit Buddhist Canon Input Project),EXACT_TEI_XML_ID_TO_CORPUSTEI_FILENAME_STEM,HIGH,False,Successor-object lineage match; content equality still requires old-carrier download/hash comparison.
OVL-0716,TextGrid GRETIL,TG-GRE-0787,Vinayasūtra,Original GRETIL catalogue,GRE-00231,"Gunaprabha (c. 5th cent.): Vinayasutra [a sutra-style compendium of the Vinayavastu ] (input by Yoshiyasu Yonezawa et al., Taisho University)",EXACT_TEI_XML_ID_TO_CORPUSTEI_FILENAME_STEM,HIGH,False,Successor-object lineage match; content equality still requires old-carrier download/hash comparison.
OVL-0717,TextGrid GRETIL,TG-GRE-0788,Abhidharmasamuccayabhāṣya,Original GRETIL catalogue,GRE-00624,Abhidharmasamuccayabhasya (input by members of the Sanskrit Buddhist Canon Input Project),EXACT_TEI_XML_ID_TO_CORPUSTEI_FILENAME_STEM,HIGH,False,Successor-object lineage match; content equality still requires old-carrier download/hash comparison.
OVL-0718,TextGrid GRETIL,TG-GRE-0789,Īśvarapratyabhijñāvimarśinī,Original GRETIL catalogue,GRE-00597,Abhinavagupta: Isvarapratyabhijnavimarsini [commentary on Utpaladeva's Isvarapratyabhijnakarika] (input by Masahiro Takano),EXACT_TEI_XML_ID_TO_CORPUSTEI_FILENAME_STEM,HIGH,False,Successor-object lineage match; content equality still requires old-carrier download/hash comparison.
OVL-0719,TextGrid GRETIL,TG-GRE-0790,Saddharmalaṅkāvatārasūtra,Original GRETIL catalogue,GRE-00329,Saddharmalankavatarasutra [Lankavatarasutra] (input by members of the Sanskrit Buddhist Canon Input Project),EXACT_TEI_XML_ID_TO_CORPUSTEI_FILENAME_STEM,HIGH,False,Successor-object lineage match; content equality still requires old-carrier download/hash comparison.
OVL-0720,TextGrid GRETIL,TG-GRE-0791,Sarvatathāgatatattvasaṃgraha,Original GRETIL catalogue,GRE-00345,Sarvatathagatatattvasamgraha (input by Udip Shakya and Anula Shakya),EXACT_TEI_XML_ID_TO_CORPUSTEI_FILENAME_STEM,HIGH,False,Successor-object lineage match; content equality still requires old-carrier download/hash comparison.
OVL-0721,TextGrid GRETIL,TG-GRE-0792,Dharmasamuccaya,Original GRETIL catalogue,GRE-00654,Dharmasamuccaya (input by members of the Sanskrit Buddhist Canon Input Project),EXACT_TEI_XML_ID_TO_CORPUSTEI_FILENAME_STEM,HIGH,False,Successor-object lineage match; content equality still requires old-carrier download/hash comparison.
OVL-0722,TextGrid GRETIL,TG-GRE-0793,Nyāyavārttikatātparyapariśuddhi 1,Original GRETIL catalogue,GRE-00587,Udayana: Nyayavarttikatatparyaparisuddhi (input by members of the Sansknet project),EXACT_TEI_XML_ID_TO_CORPUSTEI_FILENAME_STEM,HIGH,False,Successor-object lineage match; content equality still requires old-carrier download/hash comparison.
OVL-0723,TextGrid GRETIL,TG-GRE-0794,Śikṣāsamuccaya,Original GRETIL catalogue,GRE-00723,Santideva: Siksasamuccaya (input by Mirek Rozehnahl and Jens Braarvig),EXACT_TEI_XML_ID_TO_CORPUSTEI_FILENAME_STEM,HIGH,False,Successor-object lineage match; content equality still requires old-carrier download/hash comparison.
OVL-0724,TextGrid GRETIL,TG-GRE-0795,"Jātakamālā, 1-8, 11-12, 19-20, 22, 24, 26, 32, 35",Original GRETIL catalogue,GRE-00233,"Haribhatta: Jatakamala, Jatakas 1-8, 11-12, 19-20, 22, 24, 26, 32, 35 (input by Michael Hahn and Klaus Wille [Jat. 1])",EXACT_TEI_XML_ID_TO_CORPUSTEI_FILENAME_STEM,HIGH,False,Successor-object lineage match; content equality still requires old-carrier download/hash comparison.
OVL-0725,TextGrid GRETIL,TG-GRE-0796,Bhagavadāśayānusaraṇabhāsya,Original GRETIL catalogue,GRE-00530,Bhaskara: Bhagavadasayanusaranabhasya (on Bhagavadgita 1-9) (input by Takahiro Kato),EXACT_TEI_XML_ID_TO_CORPUSTEI_FILENAME_STEM,HIGH,False,Successor-object lineage match; content equality still requires old-carrier download/hash comparison.
OVL-0726,TextGrid GRETIL,TG-GRE-0797,Samādhirājasūtra,Original GRETIL catalogue,GRE-00333,Samadhirajasutra (input by members of the Sanskrit Buddhist Canon Input Project),EXACT_TEI_XML_ID_TO_CORPUSTEI_FILENAME_STEM,HIGH,False,Successor-object lineage match; content equality still requires old-carrier download/hash comparison.
OVL-0727,TextGrid GRETIL,TG-GRE-0798,Karuṇāpuṇḍarīkasūtra,Original GRETIL catalogue,GRE-00244,Karunapundarikasutra (input by members of the Sanskrit Buddhist Canon Input Project),EXACT_TEI_XML_ID_TO_CORPUSTEI_FILENAME_STEM,HIGH,False,Successor-object lineage match; content equality still requires old-carrier download/hash comparison.
OVL-0728,TextGrid GRETIL,TG-GRE-0799,Mīmāṃsaślokavārttika with Sucaritamiśra's Kāśikā,Original GRETIL catalogue,GRE-00514,Kumarila Bhatta: Mimamsaslokavarttika [with Sucaritamisra's Kasika] (input by members of the Sansknet Project),EXACT_TEI_XML_ID_TO_CORPUSTEI_FILENAME_STEM,HIGH,False,Successor-object lineage match; content equality still requires old-carrier download/hash comparison.
OVL-0729,TextGrid GRETIL,TG-GRE-0800,Śikṣāsamuccaya,Original GRETIL catalogue,GRE-00723,Santideva: Siksasamuccaya (input by Mirek Rozehnahl and Jens Braarvig),EXACT_TEI_XML_ID_TO_CORPUSTEI_FILENAME_STEM,HIGH,False,Successor-object lineage match; content equality still requires old-carrier download/hash comparison.
OVL-0730,TextGrid GRETIL,TG-GRE-0801,Nyāyasūtra with Vātsyāyana's Nyāyabhāṣya,Original GRETIL catalogue,GRE-00582,"Gautama: Nyayasutra, with Vatsyayana's Bhasya (input by Indology Student Team, University of Tokyo)",EXACT_TEI_XML_ID_TO_CORPUSTEI_FILENAME_STEM,HIGH,False,Successor-object lineage match; content equality still requires old-carrier download/hash comparison.
OVL-0731,TextGrid GRETIL,TG-GRE-0802,Nyāyasūtra with Vātsyāyana's Nyāyabhāṣya,Original GRETIL catalogue,GRE-00583,"Gautama: Nyayasutra, with Vatsyayana's Bhasya [alternative version, not proof-read!] (input by members of the Sansknet Project)",EXACT_TEI_XML_ID_TO_CORPUSTEI_FILENAME_STEM,HIGH,False,Successor-object lineage match; content equality still requires old-carrier download/hash comparison.
OVL-0732,TextGrid GRETIL,TG-GRE-0803,Nyāyavārttikatātparyapariśuddhi 1,Original GRETIL catalogue,GRE-00587,Udayana: Nyayavarttikatatparyaparisuddhi (input by members of the Sansknet project),EXACT_TEI_XML_ID_TO_CORPUSTEI_FILENAME_STEM,HIGH,False,Successor-object lineage match; content equality still requires old-carrier download/hash comparison.
OVL-0733,TextGrid GRETIL,TG-GRE-0804,Bhikṣuṇīvinaya,Original GRETIL catalogue,GRE-00199,Bhiksunivinaya (input by members of the Sanskrit Buddhist Canon Input Project),EXACT_TEI_XML_ID_TO_CORPUSTEI_FILENAME_STEM,HIGH,False,Successor-object lineage match; content equality still requires old-carrier download/hash comparison.
OVL-0734,TextGrid GRETIL,TG-GRE-0805,Saddharmapuṇḍarīkasūtra,Original GRETIL catalogue,GRE-00330,Saddharmapundarikasutra (input by members of the Sanskrit Buddhist Canon Input Project),EXACT_TEI_XML_ID_TO_CORPUSTEI_FILENAME_STEM,HIGH,False,Successor-object lineage match; content equality still requires old-carrier download/hash comparison.
OVL-0735,TextGrid GRETIL,TG-GRE-0806,Śrāvakabhūmi,Original GRETIL catalogue,GRE-00187,Asanga: Sravakabhumi [based on Shukla ed.] (input by Ms. Anula Shakya),EXACT_TEI_XML_ID_TO_CORPUSTEI_FILENAME_STEM,HIGH,False,Successor-object lineage match; content equality still requires old-carrier download/hash comparison.
OVL-0736,TextGrid GRETIL,TG-GRE-0807,Bhagavadgītā with the commentary ascribed to Śaṃkara (Adhyāyas 1-17),Original GRETIL catalogue,GRE-00537,Samkara: Bhagavadgitabhasya (input by …),EXACT_TEI_XML_ID_TO_CORPUSTEI_FILENAME_STEM,HIGH,False,Successor-object lineage match; content equality still requires old-carrier download/hash comparison.
OVL-0737,TextGrid GRETIL,TG-GRE-0808,Bhaiṣajyavastu,Original GRETIL catalogue,GRE-00196,"Bhaisajyavastu [ = Vinayavastu , 6] (input by Klaus Wille)",EXACT_TEI_XML_ID_TO_CORPUSTEI_FILENAME_STEM,HIGH,False,Successor-object lineage match; content equality still requires old-carrier download/hash comparison.
OVL-0738,TextGrid GRETIL,TG-GRE-0809,108 Buddhist stotras,Original GRETIL catalogue,GRE-00204,108 Buddhist Stotras (input by members of the Sanskrit Buddhist Canon Input Project),EXACT_TEI_XML_ID_TO_CORPUSTEI_FILENAME_STEM,HIGH,False,Successor-object lineage match; content equality still requires old-carrier download/hash comparison.
OVL-0739,TextGrid GRETIL,TG-GRE-0810,"Jaiminīyanyāyamālāvistara a metrical exposition of Jaimini's Mīmāṃsāsūtra, with Mādhava's prose commentary",Original GRETIL catalogue,GRE-00516,"Madhava: Jaiminiyanyayamalavistara, with comm. (input by members of the Sansknet Project)",EXACT_TEI_XML_ID_TO_CORPUSTEI_FILENAME_STEM,HIGH,False,Successor-object lineage match; content equality still requires old-carrier download/hash comparison.
OVL-0740,TextGrid GRETIL,TG-GRE-0811,Hetubinduṭīkāloka (subcommentary on Arcaṭa's Hetubinduṭīkā on Dharmakīrti's Hetubindu),Original GRETIL catalogue,GRE-00669,Durveka Misra: Hetubindutikaloka [subcomm. on Arcata's Hetubindutika] (provided by Helmut Krasser),EXACT_TEI_XML_ID_TO_CORPUSTEI_FILENAME_STEM,HIGH,False,Successor-object lineage match; content equality still requires old-carrier download/hash comparison.
OVL-0741,TextGrid GRETIL,TG-GRE-0812,Guṇakāraṇḍavyūhasūtra,Original GRETIL catalogue,GRE-00230,Gunakarandavyuhasutra (input by members of the Sanskrit Buddhist Canon Input Project),EXACT_TEI_XML_ID_TO_CORPUSTEI_FILENAME_STEM,HIGH,False,Successor-object lineage match; content equality still requires old-carrier download/hash comparison.
OVL-0742,TextGrid GRETIL,TG-GRE-0813,Tattvasaṃgraha,Original GRETIL catalogue,GRE-00720,Santaraksita: Tattvasamgraha [grammatical analysis] (input by Timothy Cahill and Elliot Stern),EXACT_TEI_XML_ID_TO_CORPUSTEI_FILENAME_STEM,HIGH,False,Successor-object lineage match; content equality still requires old-carrier download/hash comparison.
OVL-0743,TextGrid GRETIL,TG-GRE-0814,Bodhisattvabhūmi,Original GRETIL catalogue,GRE-00642,Bodhisattvabhumi (input by members of the Sanskrit Buddhist Canon Input Project),EXACT_TEI_XML_ID_TO_CORPUSTEI_FILENAME_STEM,HIGH,False,Successor-object lineage match; content equality still requires old-carrier download/hash comparison.
OVL-0744,TextGrid GRETIL,TG-GRE-0815,Avadānakalpalatā,Original GRETIL catalogue,GRE-00252,Ksemendra: Avadanakalpalata (input by members of the Sanskrit Buddhist Canon Input Project),EXACT_TEI_XML_ID_TO_CORPUSTEI_FILENAME_STEM,HIGH,False,Successor-object lineage match; content equality still requires old-carrier download/hash comparison.
OVL-0745,TextGrid GRETIL,TG-GRE-0816,"Aṣṭādaśasāhasrikā Prajñāpāramitā, 55-82",Original GRETIL catalogue,GRE-00191,Astadasasahasrika Prajnaparamita (input by Klaus Wille),EXACT_TEI_XML_ID_TO_CORPUSTEI_FILENAME_STEM,HIGH,False,Successor-object lineage match; content equality still requires old-carrier download/hash comparison.
OVL-0746,TextGrid GRETIL,TG-GRE-0817,Prasannapada,Original GRETIL catalogue,GRE-00643,Candrakirti: Prasannapada [or Madhyamakasastravrtti] (input by members of the Sanskrit Buddhist Canon Input Project),EXACT_TEI_XML_ID_TO_CORPUSTEI_FILENAME_STEM,HIGH,False,Successor-object lineage match; content equality still requires old-carrier download/hash comparison.
OVL-0747,TextGrid GRETIL,TG-GRE-0818,Bodhicaryāvatārapañjikā,Original GRETIL catalogue,GRE-00710,Prajnakaramati: Bodhicaryavatarapanjika [comm. on Santideva's Bodhicaryavatara] (input by members of the Sanskrit Buddhist Canon Input Project),EXACT_TEI_XML_ID_TO_CORPUSTEI_FILENAME_STEM,HIGH,False,Successor-object lineage match; content equality still requires old-carrier download/hash comparison.
OVL-0748,TextGrid GRETIL,TG-GRE-0819,Lalitavistara,Original GRETIL catalogue,GRE-00259,Lalitavistara (input by members of the Sanskrit Buddhist Canon Input Project),EXACT_TEI_XML_ID_TO_CORPUSTEI_FILENAME_STEM,HIGH,False,Successor-object lineage match; content equality still requires old-carrier download/hash comparison.
OVL-0749,TextGrid GRETIL,TG-GRE-0821,Mahābhāratatātparyanirṇaya,Original GRETIL catalogue,GRE-00543,Madhva (Anandatirtha): Mahabharatatatparyanirnaya (input by …),EXACT_TEI_XML_ID_TO_CORPUSTEI_FILENAME_STEM,HIGH,False,Successor-object lineage match; content equality still requires old-carrier download/hash comparison.
OVL-0750,TextGrid GRETIL,TG-GRE-0822,"Śatasāhasrikā Prajñāpāramitā, Part I",Original GRETIL catalogue,GRE-00347,"Satasahasrika Prajnaparamita , I (input by Klaus Wille)",EXACT_TEI_XML_ID_TO_CORPUSTEI_FILENAME_STEM,HIGH,False,Successor-object lineage match; content equality still requires old-carrier download/hash comparison.
OVL-0751,TextGrid GRETIL,TG-GRE-0823,Śatasāhasrikā Prajñāpāramitā-2,Original GRETIL catalogue,GRE-00348,"Satasahasrika Prajnaparamita , II (input by Klaus Wille)",EXACT_TEI_XML_ID_TO_CORPUSTEI_FILENAME_STEM,HIGH,False,Successor-object lineage match; content equality still requires old-carrier download/hash comparison.
OVL-0752,TextGrid GRETIL,TG-GRE-0824,Bhāmati a commentary on Śaṃkara's Brahmasūtrabhāṣya,Original GRETIL catalogue,GRE-00540,"Vacaspatimisra: Bhamati [subcomm. on Samkara's Brahmasutrabhasya, text without sutras] (input by members of the Sansknet project)",EXACT_TEI_XML_ID_TO_CORPUSTEI_FILENAME_STEM,HIGH,False,Successor-object lineage match; content equality still requires old-carrier download/hash comparison.
OVL-0753,TextGrid GRETIL,TG-GRE-0825,Abhidharmakośabhāṣya,Original GRETIL catalogue,GRE-00733,"Vasubandhu: Abhidharmakosabhasya (input by N.N., edited & revised by Paul Hackett and Dan Lusthaus)",EXACT_TEI_XML_ID_TO_CORPUSTEI_FILENAME_STEM,HIGH,False,Successor-object lineage match; content equality still requires old-carrier download/hash comparison.
OVL-0754,TextGrid GRETIL,TG-GRE-0826,Tarkatāṇḍava with Rāghavendratīrtha's Nyāyadīpa,Original GRETIL catalogue,GRE-00589,"Vyasatirtha: Tarkatandava, with Raghavendra's Nyayadipa comm. (input by members of the Sansknet Project)",EXACT_TEI_XML_ID_TO_CORPUSTEI_FILENAME_STEM,HIGH,False,Successor-object lineage match; content equality still requires old-carrier download/hash comparison.
OVL-0755,TextGrid GRETIL,TG-GRE-0827,Sphuṭārthā abhidharmakośavyākhyā,Original GRETIL catalogue,GRE-00749,Yasomitra: Sphutartha Abhidharmakosavyakhya (input by Seishi Karashima),EXACT_TEI_XML_ID_TO_CORPUSTEI_FILENAME_STEM,HIGH,False,Successor-object lineage match; content equality still requires old-carrier download/hash comparison.
OVL-0756,TextGrid GRETIL,TG-GRE-0828,Aṣṭasāhasrikā Prajñāpāramitā,Original GRETIL catalogue,GRE-00192,Astasahasrika Prajnaparamita (input by members of the Sanskrit Buddhist Canon Input Project),EXACT_TEI_XML_ID_TO_CORPUSTEI_FILENAME_STEM,HIGH,False,Successor-object lineage match; content equality still requires old-carrier download/hash comparison.
OVL-0757,TextGrid GRETIL,TG-GRE-0829,Avadānaśataka,Original GRETIL catalogue,GRE-00193,"Avadanasataka (input by Klaus Wille, Göttingen)",EXACT_TEI_XML_ID_TO_CORPUSTEI_FILENAME_STEM,HIGH,False,Successor-object lineage match; content equality still requires old-carrier download/hash comparison.
OVL-0758,TextGrid GRETIL,TG-GRE-0830,"Pañcaviṃśatisāhasrikā Prajñāpāramitā, 1",Original GRETIL catalogue,GRE-00299,Pancavimsatisahasrika Prajnaparamita 1 [based on Dutt ed.] (input by Kenta Suzuki and Koichi Takahashi),EXACT_TEI_XML_ID_TO_CORPUSTEI_FILENAME_STEM,HIGH,False,Successor-object lineage match; content equality still requires old-carrier download/hash comparison.
OVL-0759,TextGrid GRETIL,TG-GRE-0831,Bhagavadgītābhāṣya,Original GRETIL catalogue,GRE-00544,Ramanuja: Bhagavadgitabhasya (input by Sadanori Ishitobi),EXACT_TEI_XML_ID_TO_CORPUSTEI_FILENAME_STEM,HIGH,False,Successor-object lineage match; content equality still requires old-carrier download/hash comparison.
OVL-0760,TextGrid GRETIL,TG-GRE-0832,Ratnamālāvadāna,Original GRETIL catalogue,GRE-00327,Ratnamalavadana (input by Klaus Wille),EXACT_TEI_XML_ID_TO_CORPUSTEI_FILENAME_STEM,HIGH,False,Successor-object lineage match; content equality still requires old-carrier download/hash comparison.
OVL-0761,TextGrid GRETIL,TG-GRE-0833,Saṅghabhedavastu,Original GRETIL catalogue,GRE-00339,"Sanghabhedavastu [ = Vinayavastu , 17] (input by Seishi Karashima and Klaus Wille)",EXACT_TEI_XML_ID_TO_CORPUSTEI_FILENAME_STEM,HIGH,False,Successor-object lineage match; content equality still requires old-carrier download/hash comparison.
OVL-0762,TextGrid GRETIL,TG-GRE-0834,Mīmāṃsāślokavārttika,Original GRETIL catalogue,GRE-00521,Sucaritamisra: Mimamsaslokavarttikatika (provided by Helmut Krasser),EXACT_TEI_XML_ID_TO_CORPUSTEI_FILENAME_STEM,HIGH,False,Successor-object lineage match; content equality still requires old-carrier download/hash comparison.
OVL-0763,TextGrid GRETIL,TG-GRE-0835,Dharmottarapradīpa subcommentary on Dharmottara's Nyāyabinduṭīkā on Dharmakīrti's Nyāyabindu,Original GRETIL catalogue,GRE-00668,Durveka Misra: Dharmottarapradipa (provided by Helmut Krasser),EXACT_TEI_XML_ID_TO_CORPUSTEI_FILENAME_STEM,HIGH,False,Successor-object lineage match; content equality still requires old-carrier download/hash comparison.
OVL-0764,TextGrid GRETIL,TG-GRE-0836,Mahāvastu-avādana,Original GRETIL catalogue,GRE-00279,Mahavastu - Avadana (input by Emmanuel Fauré),EXACT_TEI_XML_ID_TO_CORPUSTEI_FILENAME_STEM,HIGH,False,Successor-object lineage match; content equality still requires old-carrier download/hash comparison.
OVL-0765,TextGrid GRETIL,TG-GRE-0837,Mañjuśrīmūlakalpa,Original GRETIL catalogue,GRE-00283,Manjusrimulakalpa (input by members of the Sanskrit Buddhist Canon Input Project),EXACT_TEI_XML_ID_TO_CORPUSTEI_FILENAME_STEM,HIGH,False,Successor-object lineage match; content equality still requires old-carrier download/hash comparison.
OVL-0766,TextGrid GRETIL,TG-GRE-0838,Mokṣopāya,Original GRETIL catalogue,GRE-00552,"Moksopaya [ = ""Yogavasistha""]",EXACT_TEI_XML_ID_TO_CORPUSTEI_FILENAME_STEM,HIGH,False,Successor-object lineage match; content equality still requires old-carrier download/hash comparison.
OVL-0767,TextGrid GRETIL,TG-GRE-0839,"Pañcaviṃśatisāhasrikā Prajñāpāramitā, 1-8",Original GRETIL catalogue,GRE-00300,Pancavimsatisahasrika Prajnaparamita 1-8 (input by Klaus Wille),EXACT_TEI_XML_ID_TO_CORPUSTEI_FILENAME_STEM,HIGH,False,Successor-object lineage match; content equality still requires old-carrier download/hash comparison.
OVL-0768,TextGrid GRETIL,TG-GRE-0840,Satyasiddhiśāstram,Original GRETIL catalogue,GRE-00672,Harivarman: Satyasiddhisastra (input by Udip Shakya),EXACT_TEI_XML_ID_TO_CORPUSTEI_FILENAME_STEM,HIGH,False,Successor-object lineage match; content equality still requires old-carrier download/hash comparison.
OVL-0769,TextGrid GRETIL,TG-GRE-0841,Mīmāṃsāsūtra 1-7 with Śabara's Bhāṣya,Original GRETIL catalogue,GRE-00518,"Sabarasvami: Mimamsasutrabhasya [Sabarabhasya], Adhy. 1-7 [to be continued] (input by Andreas Pohlus)",EXACT_TEI_XML_ID_TO_CORPUSTEI_FILENAME_STEM,HIGH,False,Successor-object lineage match; content equality still requires old-carrier download/hash comparison.
OVL-0770,TextGrid GRETIL,TG-GRE-0842,"Nyāyasudhā a subcommentary on Mādhva's Anuvyākhāna, a commentary on Bādarāyaṇa's Brahmasūtra, integrated version",Original GRETIL catalogue,GRE-00541,"Jayatirtha: Nyayasudha , a commentary on Madhva's Anuvyakhyana [and subcomm. on Badarayana's Brahmasutra] (input by members of the Sansknet project)",EXACT_TEI_XML_ID_TO_CORPUSTEI_FILENAME_STEM,HIGH,False,Successor-object lineage match; content equality still requires old-carrier download/hash comparison.
OVL-0771,TextGrid GRETIL,TG-GRE-0844,Divyāvadāna,Original GRETIL catalogue,GRE-00221,Divyavadana (input by Kensuke Okamoto),EXACT_TEI_XML_ID_TO_CORPUSTEI_FILENAME_STEM,HIGH,False,Successor-object lineage match; content equality still requires old-carrier download/hash comparison.
OVL-0772,TextGrid GRETIL,TG-GRE-0845,Gaṇḍavyūhasūtra,Original GRETIL catalogue,GRE-00227,Gandavyuhasutra (input by members of the Sanskrit Buddhist Canon Input Project),EXACT_TEI_XML_ID_TO_CORPUSTEI_FILENAME_STEM,HIGH,False,Successor-object lineage match; content equality still requires old-carrier download/hash comparison.
OVL-0773,TextGrid GRETIL,TG-GRE-0846,Nyāyasūtra with Vacaspatimiśra's Nyāyavārttikatātparyaṭīkā,Original GRETIL catalogue,GRE-00581,"Gautama: Nyayasutra, with Vacaspatimisra's Nyayasutravarttikatatparyatika (input by members of the Sansknet Project)",EXACT_TEI_XML_ID_TO_CORPUSTEI_FILENAME_STEM,HIGH,False,Successor-object lineage match; content equality still requires old-carrier download/hash comparison.
OVL-0774,TextGrid GRETIL,TG-GRE-0847,Brahmasūtra with Śaṃkara's Śārīrakamīmāṃsābhāṣya,Original GRETIL catalogue,GRE-00526,"Badarayana: Brahmasutra, with Samkara's Sarirakamimamsabhasya (input by members of the Sansknet project)",EXACT_TEI_XML_ID_TO_CORPUSTEI_FILENAME_STEM,HIGH,False,Successor-object lineage match; content equality still requires old-carrier download/hash comparison.
OVL-0775,TextGrid GRETIL,TG-GRE-0848,Brahmasūtra2 with Śaṃkara's Śārīrakamīmāṃsābhāṣya and Govindānanda's Ratnaprabhāvyākhyā (subcommentary),Original GRETIL catalogue,GRE-00528,"Badarayana: Brahmasutra, with Samkara's Sarirakamimamsabhasya and Govindananda's Ratnaprabhavyakhya [subcommentary] (input by members of the Sansknet project)",EXACT_TEI_XML_ID_TO_CORPUSTEI_FILENAME_STEM,HIGH,False,Successor-object lineage match; content equality still requires old-carrier download/hash comparison.
OVL-0776,TextGrid GRETIL,TG-GRE-0849,"Brahmasūtra with Govindānanda's Ratnaprabhāvyākhyā, a subcommentary on Śaṃkara's Śārīrakamīmāṃsābhāṣya",Original GRETIL catalogue,GRE-00527,"Badarayana: Brahmasutra, with Govindananda's Ratnaprabhavyakhya [subcommentary] (input by members of the Sansknet project)",EXACT_TEI_XML_ID_TO_CORPUSTEI_FILENAME_STEM,HIGH,False,Successor-object lineage match; content equality still requires old-carrier download/hash comparison.
OVL-0777,TextGrid GRETIL,TG-GRE-0850,Brahmasūtra2 with Vācaspati's Bhāmatī (a subcommentary on Śaṃkara's Śārīrakamīmāṃsābhāṣya),Original GRETIL catalogue,GRE-00529,"Badarayana: Brahmasutra, with Vacaspatimisra's Bhamati [subcomm. on Samkara's Brahmasutrabhasya] (input by members of the Sansknet Project)",EXACT_TEI_XML_ID_TO_CORPUSTEI_FILENAME_STEM,HIGH,False,Successor-object lineage match; content equality still requires old-carrier download/hash comparison.
OVL-0778,TextGrid GRETIL,TG-GRE-0851,Mokṣopāyaṭīkā,Original GRETIL catalogue,GRE-00552,"Moksopaya [ = ""Yogavasistha""]",EXACT_TEI_XML_ID_TO_CORPUSTEI_FILENAME_STEM,HIGH,False,Successor-object lineage match; content equality still requires old-carrier download/hash comparison.
OVL-0779,TextGrid GRETIL,TG-GRE-0852,Tantrāloka,Original GRETIL catalogue,GRE-00603,Abhinavagupta: Tantraloka (input under the guidance of Jun Takashima),EXACT_TEI_XML_ID_TO_CORPUSTEI_FILENAME_STEM,HIGH,False,Successor-object lineage match; content equality still requires old-carrier download/hash comparison.
OVL-0780,TextGrid GRETIL,TG-GRE-0853,"Tarkasaṃgraha with autoentary (Dīpikā), Nīlakaṇṭha's Dīpikāprakāśikā and Bālapriyā",Original GRETIL catalogue,GRE-00578,"Annambhatta: Tarkasamgraha, with commentaries (input by members of the Sansknet Project)",EXACT_TEI_XML_ID_TO_CORPUSTEI_FILENAME_STEM,HIGH,False,Successor-object lineage match; content equality still requires old-carrier download/hash comparison.
OVL-0781,TextGrid GRETIL,TG-GRE-0854,"Bhagavadgītā-4comm with the commentaries of Śrīdhara, Madhusūdana, Viśvanātha and Baladeva",Original GRETIL catalogue,GRE-00078,"Mahabharata: Bhagavadgita with the commentaries of Sridhara, Madhusudana, Visvanatha and Baladeva (input by …)",EXACT_TEI_XML_ID_TO_CORPUSTEI_FILENAME_STEM,HIGH,False,Successor-object lineage match; content equality still requires old-carrier download/hash comparison.
OVL-0782,TextGrid GRETIL,TG-GRE-0857,"Harivaṃśa, Appendix I",Original GRETIL catalogue,GRE-00080,"Harivamsa (input by Atul Agarwala, Julie Bélanger, Peter Bisschop, Horst Brinkhaus, John Brockington, Eva De Clercq, Arlo Griffiths, André Couture, N. Hanemann, Petteri Koskikallio, Kreshimir Krnic, Anne Mossner, Luther Obrock, François Painchaud, Utz Podzeit, Peter Schreiner, Sandra Smets, Renate Söhnen-Thieme, Christophe Vielle, Andreas Viethsen)",EXACT_TEI_XML_ID_TO_CORPUSTEI_FILENAME_STEM,HIGH,False,Successor-object lineage match; content equality still requires old-carrier download/hash comparison.
OVL-0783,TextGrid GRETIL,TG-GRE-0858,Harivaṃśa constituted text with star passages,Original GRETIL catalogue,GRE-00080,"Harivamsa (input by Atul Agarwala, Julie Bélanger, Peter Bisschop, Horst Brinkhaus, John Brockington, Eva De Clercq, Arlo Griffiths, André Couture, N. Hanemann, Petteri Koskikallio, Kreshimir Krnic, Anne Mossner, Luther Obrock, François Painchaud, Utz Podzeit, Peter Schreiner, Sandra Smets, Renate Söhnen-Thieme, Christophe Vielle, Andreas Viethsen)",EXACT_TEI_XML_ID_TO_CORPUSTEI_FILENAME_STEM,HIGH,False,Successor-object lineage match; content equality still requires old-carrier download/hash comparison.
OVL-0784,TextGrid GRETIL,TG-GRE-0878,Nārāyaṇīya (Mahābhārata 12.321-339),Original GRETIL catalogue,GRE-00079,Mahabharata: Narayaniya (input by Peter Schreiner),EXACT_TEI_XML_ID_TO_CORPUSTEI_FILENAME_STEM,HIGH,False,Successor-object lineage match; content equality still requires old-carrier download/hash comparison.
OVL-0785,TextGrid GRETIL,TG-GRE-0879,Rāmāyaṇa,Original GRETIL catalogue,GRE-00081,Valmiki (trad.): Ramayana (input by Muneo Tokunaga),EXACT_TEI_XML_ID_TO_CORPUSTEI_FILENAME_STEM,HIGH,False,Successor-object lineage match; content equality still requires old-carrier download/hash comparison.
OVL-0786,TextGrid GRETIL,TG-GRE-0880,Rāmāyaṇa-rev-2-3,Original GRETIL catalogue,GRE-00081,Valmiki (trad.): Ramayana (input by Muneo Tokunaga),EXACT_TEI_XML_ID_TO_CORPUSTEI_FILENAME_STEM,HIGH,False,Successor-object lineage match; content equality still requires old-carrier download/hash comparison.
OVL-0787,TextGrid GRETIL,TG-GRE-0881,Rāmāyaṇa-southern-2,Original GRETIL catalogue,GRE-00082,"Ramayana, Southern recension (input by Oliver Hellwig)",EXACT_TEI_XML_ID_TO_CORPUSTEI_FILENAME_STEM,HIGH,False,Successor-object lineage match; content equality still requires old-carrier download/hash comparison.
OVL-0788,TextGrid GRETIL,TG-GRE-0092,Rasaratnasamuccaya,SARIT,SARIT-058,Rasaratnasamuccaya,EXACT_NORMALIZED_TITLE,MEDIUM_REVIEW_REQUIRED,False,Work-level overlap candidate only; editions and encodings may differ.
OVL-0789,TextGrid GRETIL,TG-GRE-0098,Arthaśāstra,SARIT,SARIT-025,Arthaśāstra,EXACT_NORMALIZED_TITLE,MEDIUM_REVIEW_REQUIRED,False,Work-level overlap candidate only; editions and encodings may differ.
OVL-0790,TextGrid GRETIL,TG-GRE-0112,Vākyapadīya,SARIT,SARIT-008,Vākyapadīya,EXACT_NORMALIZED_TITLE,MEDIUM_REVIEW_REQUIRED,False,Work-level overlap candidate only; editions and encodings may differ.
OVL-0791,TextGrid GRETIL,TG-GRE-0206,Aṣṭāvakragītā,SARIT,SARIT-005,Aṣṭāvakragītā,EXACT_NORMALIZED_TITLE,MEDIUM_REVIEW_REQUIRED,False,Work-level overlap candidate only; editions and encodings may differ.
OVL-0792,TextGrid GRETIL,TG-GRE-0236,Nāradasmṛti,SARIT,SARIT-029,Nāradasmṛti,EXACT_NORMALIZED_TITLE,MEDIUM_REVIEW_REQUIRED,False,Work-level overlap candidate only; editions and encodings may differ.
OVL-0793,TextGrid GRETIL,TG-GRE-0251,Manusmṛti,SARIT,SARIT-028,Manusmṛti,EXACT_NORMALIZED_TITLE,MEDIUM_REVIEW_REQUIRED,False,Work-level overlap candidate only; editions and encodings may differ.
OVL-0794,TextGrid GRETIL,TG-GRE-0260,Buddhacarita,SARIT,SARIT-002,Buddhacarita,EXACT_NORMALIZED_TITLE,MEDIUM_REVIEW_REQUIRED,False,Work-level overlap candidate only; editions and encodings may differ.
OVL-0795,TextGrid GRETIL,TG-GRE-0261,Buddhacarita,SARIT,SARIT-002,Buddhacarita,EXACT_NORMALIZED_TITLE,MEDIUM_REVIEW_REQUIRED,False,Work-level overlap candidate only; editions and encodings may differ.
OVL-0796,TextGrid GRETIL,TG-GRE-0532,Avayavinirākaraṇa,SARIT,SARIT-006,Avayavinirākaraṇa,EXACT_NORMALIZED_TITLE,MEDIUM_REVIEW_REQUIRED,False,Work-level overlap candidate only; editions and encodings may differ.
OVL-0797,TextGrid GRETIL,TG-GRE-0586,Nyāyabindu,SARIT,SARIT-015,Nyāyabindu,EXACT_NORMALIZED_TITLE,MEDIUM_REVIEW_REQUIRED,False,Work-level overlap candidate only; editions and encodings may differ.
OVL-0798,TextGrid GRETIL,TG-GRE-0616,Tarkabhāṣā,SARIT,SARIT-051,Tarkabhāṣa,EXACT_NORMALIZED_TITLE,MEDIUM_REVIEW_REQUIRED,False,Work-level overlap candidate only; editions and encodings may differ.
OVL-0799,TextGrid GRETIL,TG-GRE-0626,Nyāyasūtra,SARIT,SARIT-032,Nyāyasūtra,EXACT_NORMALIZED_TITLE,MEDIUM_REVIEW_REQUIRED,False,Work-level overlap candidate only; editions and encodings may differ.
OVL-0800,TextGrid GRETIL,TG-GRE-0626,Nyāyasūtra,SARIT,SARIT-033,Nyāyasūtra,EXACT_NORMALIZED_TITLE,MEDIUM_REVIEW_REQUIRED,False,Work-level overlap candidate only; editions and encodings may differ.
OVL-0801,TextGrid GRETIL,TG-GRE-0626,Nyāyasūtra,SARIT,SARIT-059,Nyāyasūtra,EXACT_NORMALIZED_TITLE,MEDIUM_REVIEW_REQUIRED,False,Work-level overlap candidate only; editions and encodings may differ.
OVL-0802,TextGrid GRETIL,TG-GRE-0712,Pramāṇavārttika,SARIT,SARIT-040,Pramāṇavārttika,EXACT_NORMALIZED_TITLE,MEDIUM_REVIEW_REQUIRED,False,Work-level overlap candidate only; editions and encodings may differ.
OVL-0803,TextGrid GRETIL,TG-GRE-0739,Tarkarahasya,SARIT,SARIT-052,Tarkarahasya,EXACT_NORMALIZED_TITLE,MEDIUM_REVIEW_REQUIRED,False,Work-level overlap candidate only; editions and encodings may differ.
