project_madurai_id,work_number,title,author,genre,language,pdf_urls,unicode_urls,agent_can_download_now,acquisition_route,public_use_status,permission_contact,next_action,catalogue_source_url
PM-1-0001,1,திருக்குறள்,திருவள்ளுவர்,நீதிநெறி – பதினெண்கீழ்க்கணக்கு,Tamil,https://projectmadurai.org/pm_etexts/pdf/pm0001.pdf | https://projectmadurai.org/pm_etexts/pdf/pm0001_01.pdf,https://projectmadurai.org/pm_etexts/utf8/pmuni0001.html,True,AUTO_DOWNLOAD_PERMISSION_BEFORE_REDISTRIBUTION,CONTACT_PROJECT_COORDINATORS_AND_RETAIN_HEADERS,pmadurai@gmail.com,Freeze all available formats; preserve each header; request confirmation before Devam online redistribution and commercial use.,https://projectmadurai.org/pmworks.html
PM-2-0002,2,ஆத்திசூடி,ஒளவையார்,நீதிநெறி நூல்கள்,Tamil,https://projectmadurai.org/pm_etexts/pdf/pm0002.pdf,https://projectmadurai.org/pm_etexts/utf8/pmuni0002.html,True,AUTO_DOWNLOAD_PERMISSION_BEFORE_REDISTRIBUTION,CONTACT_PROJECT_COORDINATORS_AND_RETAIN_HEADERS,pmadurai@gmail.com,Freeze all available formats; preserve each header; request confirmation before Devam online redistribution and commercial use.,https://projectmadurai.org/pmworks.html
PM-2-0003,2,கொன்றை வேந்தன்,ஒளவையார்,நீதிநெறி நூல்கள்,Tamil,https://projectmadurai.org/pm_etexts/pdf/pm0002.pdf,https://projectmadurai.org/pm_etexts/utf8/pmuni0002.html,True,AUTO_DOWNLOAD_PERMISSION_BEFORE_REDISTRIBUTION,CONTACT_PROJECT_COORDINATORS_AND_RETAIN_HEADERS,pmadurai@gmail.com,Freeze all available formats; preserve each header; request confirmation before Devam online redistribution and commercial use.,https://projectmadurai.org/pmworks.html
PM-2-0004,2,நல்வழி,ஒளவையார்,நீதிநெறி நூல்கள்,Tamil,https://projectmadurai.org/pm_etexts/pdf/pm0002.pdf,https://projectmadurai.org/pm_etexts/utf8/pmuni0002.html,True,AUTO_DOWNLOAD_PERMISSION_BEFORE_REDISTRIBUTION,CONTACT_PROJECT_COORDINATORS_AND_RETAIN_HEADERS,pmadurai@gmail.com,Freeze all available formats; preserve each header; request confirmation before Devam online redistribution and commercial use.,https://projectmadurai.org/pmworks.html
PM-2-0005,2,மூதுரை,ஒளவையார்,நீதிநெறி நூல்கள்,Tamil,https://projectmadurai.org/pm_etexts/pdf/pm0002.pdf,https://projectmadurai.org/pm_etexts/utf8/pmuni0002.html,True,AUTO_DOWNLOAD_PERMISSION_BEFORE_REDISTRIBUTION,CONTACT_PROJECT_COORDINATORS_AND_RETAIN_HEADERS,pmadurai@gmail.com,Freeze all available formats; preserve each header; request confirmation before Devam online redistribution and commercial use.,https://projectmadurai.org/pmworks.html
PM-3-0006,3,திருவாசகம் - 1 (1-10),மாணிக்க வாசகர்,சமயம் - சைவம்,Tamil,https://projectmadurai.org/pm_etexts/pdf/pm0003.pdf,https://projectmadurai.org/pm_etexts/utf8/pmuni0003_01.html | https://projectmadurai.org/pm_etexts/utf8/pmuni0003_02.html,True,AUTO_DOWNLOAD_PERMISSION_BEFORE_REDISTRIBUTION,CONTACT_PROJECT_COORDINATORS_AND_RETAIN_HEADERS,pmadurai@gmail.com,Freeze all available formats; preserve each header; request confirmation before Devam online redistribution and commercial use.,https://projectmadurai.org/pmworks.html
PM-3-0007,3,திருவாசகம் - 2 (11-51),மாணிக்க வாசகர்,சமயம் - சைவம்,Tamil,https://projectmadurai.org/pm_etexts/pdf/pm0003.pdf,https://projectmadurai.org/pm_etexts/utf8/pmuni0003_01.html | https://projectmadurai.org/pm_etexts/utf8/pmuni0003_02.html,True,AUTO_DOWNLOAD_PERMISSION_BEFORE_REDISTRIBUTION,CONTACT_PROJECT_COORDINATORS_AND_RETAIN_HEADERS,pmadurai@gmail.com,Freeze all available formats; preserve each header; request confirmation before Devam online redistribution and commercial use.,https://projectmadurai.org/pmworks.html
PM-4-0008,4,திருமந்திரம் (தந்திரங்கள் - 1; 2),திருமூலர்,சமயம் - சைவம்,Tamil,https://projectmadurai.org/pm_etexts/pdf/pm0004.pdf,https://projectmadurai.org/pm_etexts/utf8/pmuni0004.html,True,AUTO_DOWNLOAD_PERMISSION_BEFORE_REDISTRIBUTION,CONTACT_PROJECT_COORDINATORS_AND_RETAIN_HEADERS,pmadurai@gmail.com,Freeze all available formats; preserve each header; request confirmation before Devam online redistribution and commercial use.,https://projectmadurai.org/pmworks.html
PM-5-0009,5,நாலாயிர திவ்ய பிரபந்தம் / திருப்பல்லாண்டு,பெரியாழ்வார்,சமயம் - வைணவம்,Tamil,https://projectmadurai.org/pm_etexts/pdf/pm0005_01.pdf,https://projectmadurai.org/pm_etexts/utf8/pmuni0005_01.html,True,AUTO_DOWNLOAD_PERMISSION_BEFORE_REDISTRIBUTION,CONTACT_PROJECT_COORDINATORS_AND_RETAIN_HEADERS,pmadurai@gmail.com,Freeze all available formats; preserve each header; request confirmation before Devam online redistribution and commercial use.,https://projectmadurai.org/pmworks.html
PM-5-0010,5,நாலாயிர திவ்ய பிரபந்தம் / திருமொழி,பெரியாழ்வார்,சமயம் - வைணவம்,Tamil,https://projectmadurai.org/pm_etexts/pdf/pm0005_01.pdf,https://projectmadurai.org/pm_etexts/utf8/pmuni0005_01.html,True,AUTO_DOWNLOAD_PERMISSION_BEFORE_REDISTRIBUTION,CONTACT_PROJECT_COORDINATORS_AND_RETAIN_HEADERS,pmadurai@gmail.com,Freeze all available formats; preserve each header; request confirmation before Devam online redistribution and commercial use.,https://projectmadurai.org/pmworks.html
PM-5-0011,5,நாலாயிர திவ்ய பிரபந்தம் / திருப்பாவை,ஆண்டாள்,சமயம் - வைணவம்,Tamil,https://projectmadurai.org/pm_etexts/pdf/pm0005_02.pdf,https://projectmadurai.org/pm_etexts/utf8/pmuni0005_02.html,True,AUTO_DOWNLOAD_PERMISSION_BEFORE_REDISTRIBUTION,CONTACT_PROJECT_COORDINATORS_AND_RETAIN_HEADERS,pmadurai@gmail.com,Freeze all available formats; preserve each header; request confirmation before Devam online redistribution and commercial use.,https://projectmadurai.org/pmworks.html
PM-5-0012,5,நாலாயிர திவ்ய பிரபந்தம் / நாச்சியார் திருமொழி,ஆண்டாள்,சமயம் - வைணவம்,Tamil,https://projectmadurai.org/pm_etexts/pdf/pm0005_02.pdf,https://projectmadurai.org/pm_etexts/utf8/pmuni0005_02.html,True,AUTO_DOWNLOAD_PERMISSION_BEFORE_REDISTRIBUTION,CONTACT_PROJECT_COORDINATORS_AND_RETAIN_HEADERS,pmadurai@gmail.com,Freeze all available formats; preserve each header; request confirmation before Devam online redistribution and commercial use.,https://projectmadurai.org/pmworks.html
PM-5-0013,5,நாலாயிர திவ்ய பிரபந்தம் / பெருமாள் திருமொழி,குலசேகரப் பெருமாள்,சமயம் - வைணவம்,Tamil,https://projectmadurai.org/pm_etexts/pdf/pm0005_02.pdf,https://projectmadurai.org/pm_etexts/utf8/pmuni0005_02.html,True,AUTO_DOWNLOAD_PERMISSION_BEFORE_REDISTRIBUTION,CONTACT_PROJECT_COORDINATORS_AND_RETAIN_HEADERS,pmadurai@gmail.com,Freeze all available formats; preserve each header; request confirmation before Devam online redistribution and commercial use.,https://projectmadurai.org/pmworks.html
PM-5-0014,5,நாலாயிர திவ்ய பிரபந்தம் / திருச்சந்த விருத்தம்,திருமழிசைபிரான்,சமயம் - வைணவம்,Tamil,https://projectmadurai.org/pm_etexts/pdf/pm0005_02.pdf,https://projectmadurai.org/pm_etexts/utf8/pmuni0005_02.html,True,AUTO_DOWNLOAD_PERMISSION_BEFORE_REDISTRIBUTION,CONTACT_PROJECT_COORDINATORS_AND_RETAIN_HEADERS,pmadurai@gmail.com,Freeze all available formats; preserve each header; request confirmation before Devam online redistribution and commercial use.,https://projectmadurai.org/pmworks.html
PM-5-0015,5,நாலாயிர திவ்ய பிரபந்தம் / திருப்பள்ளியெழுச்சி,தொண்டரடிப்பொடி ஆழ்வார்,சமயம் - வைணவம்,Tamil,https://projectmadurai.org/pm_etexts/pdf/pm0005_02.pdf,https://projectmadurai.org/pm_etexts/utf8/pmuni0005_02.html,True,AUTO_DOWNLOAD_PERMISSION_BEFORE_REDISTRIBUTION,CONTACT_PROJECT_COORDINATORS_AND_RETAIN_HEADERS,pmadurai@gmail.com,Freeze all available formats; preserve each header; request confirmation before Devam online redistribution and commercial use.,https://projectmadurai.org/pmworks.html
PM-5-0016,5,நாலாயிர திவ்ய பிரபந்தம் / அமலநாதிபிரான்,திருப்பாணாழ்வார்,சமயம் - வைணவம்,Tamil,https://projectmadurai.org/pm_etexts/pdf/pm0005_02.pdf,https://projectmadurai.org/pm_etexts/utf8/pmuni0005_02.html,True,AUTO_DOWNLOAD_PERMISSION_BEFORE_REDISTRIBUTION,CONTACT_PROJECT_COORDINATORS_AND_RETAIN_HEADERS,pmadurai@gmail.com,Freeze all available formats; preserve each header; request confirmation before Devam online redistribution and commercial use.,https://projectmadurai.org/pmworks.html
PM-5-0017,5,நாலாயிர திவ்ய பிரபந்தம் / கண்ணி நூற்றைம்பது,மதுர கவிராயர்,சமயம் - வைணவம்,Tamil,https://projectmadurai.org/pm_etexts/pdf/pm0005_02.pdf,https://projectmadurai.org/pm_etexts/utf8/pmuni0005_02.html,True,AUTO_DOWNLOAD_PERMISSION_BEFORE_REDISTRIBUTION,CONTACT_PROJECT_COORDINATORS_AND_RETAIN_HEADERS,pmadurai@gmail.com,Freeze all available formats; preserve each header; request confirmation before Devam online redistribution and commercial use.,https://projectmadurai.org/pmworks.html
PM-5-0018,5,நாலாயிர திவ்ய பிரபந்தம் / திருமாலை,தொண்டரடிப்பொடி ஆழ்வார்,சமயம் - வைணவம்,Tamil,https://projectmadurai.org/pm_etexts/pdf/pm0005_02.pdf,https://projectmadurai.org/pm_etexts/utf8/pmuni0005_02.html,True,AUTO_DOWNLOAD_PERMISSION_BEFORE_REDISTRIBUTION,CONTACT_PROJECT_COORDINATORS_AND_RETAIN_HEADERS,pmadurai@gmail.com,Freeze all available formats; preserve each header; request confirmation before Devam online redistribution and commercial use.,https://projectmadurai.org/pmworks.html
PM-6-0019,6,நாலாயிர திவ்ய பிரபந்தம் / பெரிய திருமொழி,திருமங்கை ஆழ்வார்,சமயம் - வைணவம்,Tamil,https://projectmadurai.org/pm_etexts/pdf/pm0006_01.pdf | https://projectmadurai.org/pm_etexts/pdf/pm0006_02.pdf,https://projectmadurai.org/pm_etexts/utf8/pmuni0006_01.html | https://projectmadurai.org/pm_etexts/utf8/pmuni0006_02.html,True,AUTO_DOWNLOAD_PERMISSION_BEFORE_REDISTRIBUTION,CONTACT_PROJECT_COORDINATORS_AND_RETAIN_HEADERS,pmadurai@gmail.com,Freeze all available formats; preserve each header; request confirmation before Devam online redistribution and commercial use.,https://projectmadurai.org/pmworks.html
PM-7-0020,7,நாலாயிர திவ்ய பிரபந்தம் / சிறிய திருமுறை,திருமங்கை ஆழ்வார்,சமயம் - வைணவம்,Tamil,https://projectmadurai.org/pm_etexts/pdf/pm0007.pdf,https://projectmadurai.org/pm_etexts/utf8/pmuni0007.html,True,AUTO_DOWNLOAD_PERMISSION_BEFORE_REDISTRIBUTION,CONTACT_PROJECT_COORDINATORS_AND_RETAIN_HEADERS,pmadurai@gmail.com,Freeze all available formats; preserve each header; request confirmation before Devam online redistribution and commercial use.,https://projectmadurai.org/pmworks.html
PM-7-0021,7,நாலாயிர திவ்ய பிரபந்தம் / திருக்குறுந்தாண்டகம்,திருமங்கை ஆழ்வார்,சமயம் - வைணவம்,Tamil,https://projectmadurai.org/pm_etexts/pdf/pm0007.pdf,https://projectmadurai.org/pm_etexts/utf8/pmuni0007.html,True,AUTO_DOWNLOAD_PERMISSION_BEFORE_REDISTRIBUTION,CONTACT_PROJECT_COORDINATORS_AND_RETAIN_HEADERS,pmadurai@gmail.com,Freeze all available formats; preserve each header; request confirmation before Devam online redistribution and commercial use.,https://projectmadurai.org/pmworks.html
PM-7-0022,7,நாலாயிர திவ்ய பிரபந்தம் / திருநெடுந்தாண்டகம்,திருமங்கை ஆழ்வார்,சமயம் - வைணவம்,Tamil,https://projectmadurai.org/pm_etexts/pdf/pm0007.pdf,https://projectmadurai.org/pm_etexts/utf8/pmuni0007.html,True,AUTO_DOWNLOAD_PERMISSION_BEFORE_REDISTRIBUTION,CONTACT_PROJECT_COORDINATORS_AND_RETAIN_HEADERS,pmadurai@gmail.com,Freeze all available formats; preserve each header; request confirmation before Devam online redistribution and commercial use.,https://projectmadurai.org/pmworks.html
PM-7-0023,7,நாலாயிர திவ்ய பிரபந்தம் / திருவந்தாதி /1,பொய்கையாழ்வார்,சமயம் - வைணவம்,Tamil,https://projectmadurai.org/pm_etexts/pdf/pm0007.pdf,https://projectmadurai.org/pm_etexts/utf8/pmuni0007.html,True,AUTO_DOWNLOAD_PERMISSION_BEFORE_REDISTRIBUTION,CONTACT_PROJECT_COORDINATORS_AND_RETAIN_HEADERS,pmadurai@gmail.com,Freeze all available formats; preserve each header; request confirmation before Devam online redistribution and commercial use.,https://projectmadurai.org/pmworks.html
PM-7-0024,7,நாலாயிர திவ்ய பிரபந்தம் / திருவந்தாதி /2,பூதத்தாழ்வார்,சமயம் - வைணவம்,Tamil,https://projectmadurai.org/pm_etexts/pdf/pm0007.pdf,https://projectmadurai.org/pm_etexts/utf8/pmuni0007.html,True,AUTO_DOWNLOAD_PERMISSION_BEFORE_REDISTRIBUTION,CONTACT_PROJECT_COORDINATORS_AND_RETAIN_HEADERS,pmadurai@gmail.com,Freeze all available formats; preserve each header; request confirmation before Devam online redistribution and commercial use.,https://projectmadurai.org/pmworks.html
PM-7-0025,7,நாலாயிர திவ்ய பிரபந்தம் / திருவந்தாதி /3,பேயாழ்வார்,சமயம் - வைணவம்,Tamil,https://projectmadurai.org/pm_etexts/pdf/pm0007.pdf,https://projectmadurai.org/pm_etexts/utf8/pmuni0007.html,True,AUTO_DOWNLOAD_PERMISSION_BEFORE_REDISTRIBUTION,CONTACT_PROJECT_COORDINATORS_AND_RETAIN_HEADERS,pmadurai@gmail.com,Freeze all available formats; preserve each header; request confirmation before Devam online redistribution and commercial use.,https://projectmadurai.org/pmworks.html
PM-7-0026,7,நாலாயிர திவ்ய பிரபந்தம் / திருவாசிரியம்,நம்மாழ்வார்,சமயம் - வைணவம்,Tamil,https://projectmadurai.org/pm_etexts/pdf/pm0007.pdf,https://projectmadurai.org/pm_etexts/utf8/pmuni0007.html,True,AUTO_DOWNLOAD_PERMISSION_BEFORE_REDISTRIBUTION,CONTACT_PROJECT_COORDINATORS_AND_RETAIN_HEADERS,pmadurai@gmail.com,Freeze all available formats; preserve each header; request confirmation before Devam online redistribution and commercial use.,https://projectmadurai.org/pmworks.html
PM-7-0027,7,நாலாயிர திவ்ய பிரபந்தம் / திருவிருத்தம்,நம்மாழ்வார்,சமயம் - வைணவம்,Tamil,https://projectmadurai.org/pm_etexts/pdf/pm0007.pdf,https://projectmadurai.org/pm_etexts/utf8/pmuni0007.html,True,AUTO_DOWNLOAD_PERMISSION_BEFORE_REDISTRIBUTION,CONTACT_PROJECT_COORDINATORS_AND_RETAIN_HEADERS,pmadurai@gmail.com,Freeze all available formats; preserve each header; request confirmation before Devam online redistribution and commercial use.,https://projectmadurai.org/pmworks.html
PM-7-0028,7,நாலாயிர திவ்ய பிரபந்தம் / திருவெழுகூற்றிருக்கை,திருமங்கை ஆழ்வார்,சமயம் - வைணவம்,Tamil,https://projectmadurai.org/pm_etexts/pdf/pm0007.pdf,https://projectmadurai.org/pm_etexts/utf8/pmuni0007.html,True,AUTO_DOWNLOAD_PERMISSION_BEFORE_REDISTRIBUTION,CONTACT_PROJECT_COORDINATORS_AND_RETAIN_HEADERS,pmadurai@gmail.com,Freeze all available formats; preserve each header; request confirmation before Devam online redistribution and commercial use.,https://projectmadurai.org/pmworks.html
PM-7-0029,7,நாலாயிர திவ்ய பிரபந்தம் / நான்முகன் திருவந்தாதி,திருமழிசை ஆழ்வார்,சமயம் - வைணவம்,Tamil,https://projectmadurai.org/pm_etexts/pdf/pm0007.pdf,https://projectmadurai.org/pm_etexts/utf8/pmuni0007.html,True,AUTO_DOWNLOAD_PERMISSION_BEFORE_REDISTRIBUTION,CONTACT_PROJECT_COORDINATORS_AND_RETAIN_HEADERS,pmadurai@gmail.com,Freeze all available formats; preserve each header; request confirmation before Devam online redistribution and commercial use.,https://projectmadurai.org/pmworks.html
PM-7-0030,7,நாலாயிர திவ்ய பிரபந்தம் / பெரிய திருமடல்,திருமங்கை ஆழ்வார்,சமயம் - வைணவம்,Tamil,https://projectmadurai.org/pm_etexts/pdf/pm0007.pdf,https://projectmadurai.org/pm_etexts/utf8/pmuni0007.html,True,AUTO_DOWNLOAD_PERMISSION_BEFORE_REDISTRIBUTION,CONTACT_PROJECT_COORDINATORS_AND_RETAIN_HEADERS,pmadurai@gmail.com,Freeze all available formats; preserve each header; request confirmation before Devam online redistribution and commercial use.,https://projectmadurai.org/pmworks.html
PM-7-0031,7,நாலாயிர திவ்ய பிரபந்தம் / பெரிய திருவந்தாதி,நம்மாழ்வார்,சமயம் - வைணவம்,Tamil,https://projectmadurai.org/pm_etexts/pdf/pm0007.pdf,https://projectmadurai.org/pm_etexts/utf8/pmuni0007.html,True,AUTO_DOWNLOAD_PERMISSION_BEFORE_REDISTRIBUTION,CONTACT_PROJECT_COORDINATORS_AND_RETAIN_HEADERS,pmadurai@gmail.com,Freeze all available formats; preserve each header; request confirmation before Devam online redistribution and commercial use.,https://projectmadurai.org/pmworks.html
PM-8-0032,8,இராமானுஜ நூற்றந்தாதி,திருவரங்கத்து அமுதனார்,சமயம் - வைணவம்,Tamil,https://projectmadurai.org/pm_etexts/pdf/pm0008.pdf,https://projectmadurai.org/pm_etexts/utf8/pmuni0008_01.html | https://projectmadurai.org/pm_etexts/utf8/pmuni0008_02.html,True,AUTO_DOWNLOAD_PERMISSION_BEFORE_REDISTRIBUTION,CONTACT_PROJECT_COORDINATORS_AND_RETAIN_HEADERS,pmadurai@gmail.com,Freeze all available formats; preserve each header; request confirmation before Devam online redistribution and commercial use.,https://projectmadurai.org/pmworks.html
PM-8-0033,8,நாலாயிர திவ்ய பிரபந்தம் / திருவாய்மொழி,நம்மாழ்வார்,சமயம் - வைணவம்,Tamil,https://projectmadurai.org/pm_etexts/pdf/pm0008.pdf,https://projectmadurai.org/pm_etexts/utf8/pmuni0008_01.html | https://projectmadurai.org/pm_etexts/utf8/pmuni0008_02.html,True,AUTO_DOWNLOAD_PERMISSION_BEFORE_REDISTRIBUTION,CONTACT_PROJECT_COORDINATORS_AND_RETAIN_HEADERS,pmadurai@gmail.com,Freeze all available formats; preserve each header; request confirmation before Devam online redistribution and commercial use.,https://projectmadurai.org/pmworks.html
PM-8-0034,8,நாலாயிர திவ்ய பிரபந்தம் /4,பல ஆசிரியர்கள்,சமயம் - வைணவம்,Tamil,https://projectmadurai.org/pm_etexts/pdf/pm0008.pdf,https://projectmadurai.org/pm_etexts/utf8/pmuni0008_01.html | https://projectmadurai.org/pm_etexts/utf8/pmuni0008_02.html,True,AUTO_DOWNLOAD_PERMISSION_BEFORE_REDISTRIBUTION,CONTACT_PROJECT_COORDINATORS_AND_RETAIN_HEADERS,pmadurai@gmail.com,Freeze all available formats; preserve each header; request confirmation before Devam online redistribution and commercial use.,https://projectmadurai.org/pmworks.html
PM-9-0035,9,திருமந்திரம் - 2 (3-6 தந்திரங்கள்),திருமூலர்,சமயம் - சைவம்,Tamil,https://projectmadurai.org/pm_etexts/pdf/pm0009.pdf,https://projectmadurai.org/pm_etexts/utf8/pmuni0009_01.html | https://projectmadurai.org/pm_etexts/utf8/pmuni0009_02.html | https://projectmadurai.org/pm_etexts/utf8/pmuni0009_03.html,True,AUTO_DOWNLOAD_PERMISSION_BEFORE_REDISTRIBUTION,CONTACT_PROJECT_COORDINATORS_AND_RETAIN_HEADERS,pmadurai@gmail.com,Freeze all available formats; preserve each header; request confirmation before Devam online redistribution and commercial use.,https://projectmadurai.org/pmworks.html
PM-9-0036,9,திருமுறை 10 /திருமந்திரம்,திருமூலர்,சமயம் - சைவம்,Tamil,https://projectmadurai.org/pm_etexts/pdf/pm0009.pdf,https://projectmadurai.org/pm_etexts/utf8/pmuni0009_01.html | https://projectmadurai.org/pm_etexts/utf8/pmuni0009_02.html,True,AUTO_DOWNLOAD_PERMISSION_BEFORE_REDISTRIBUTION,CONTACT_PROJECT_COORDINATORS_AND_RETAIN_HEADERS,pmadurai@gmail.com,Freeze all available formats; preserve each header; request confirmation before Devam online redistribution and commercial use.,https://projectmadurai.org/pmworks.html
PM-10-0037,10,திருமந்திரம் - 3 (7-9 தந்திரங்கள்),திருமூலர்,சமயம் - சைவம்,Tamil,https://projectmadurai.org/pm_etexts/pdf/pm0010.pdf,https://projectmadurai.org/pm_etexts/utf8/pmuni0010_01.html | https://projectmadurai.org/pm_etexts/utf8/pmuni0010_02.html | https://projectmadurai.org/pm_etexts/utf8/pmuni0010_03.html,True,AUTO_DOWNLOAD_PERMISSION_BEFORE_REDISTRIBUTION,CONTACT_PROJECT_COORDINATORS_AND_RETAIN_HEADERS,pmadurai@gmail.com,Freeze all available formats; preserve each header; request confirmation before Devam online redistribution and commercial use.,https://projectmadurai.org/pmworks.html
PM-10-0038,10,திருமுறை 10 /திருமந்திரம்,திருமூலர்,சமயம் - சைவம்,Tamil,https://projectmadurai.org/pm_etexts/pdf/pm0010.pdf,https://projectmadurai.org/pm_etexts/utf8/pmuni0010_01.html | https://projectmadurai.org/pm_etexts/utf8/pmuni0010_02.html | https://projectmadurai.org/pm_etexts/utf8/pmuni0010_03.html,True,AUTO_DOWNLOAD_PERMISSION_BEFORE_REDISTRIBUTION,CONTACT_PROJECT_COORDINATORS_AND_RETAIN_HEADERS,pmadurai@gmail.com,Freeze all available formats; preserve each header; request confirmation before Devam online redistribution and commercial use.,https://projectmadurai.org/pmworks.html
PM-11-0039,11,தண்ணீர் தேசம்,வைரமுத்து,கவிதைத் தொகுப்பு,Tamil,https://projectmadurai.org/pm_etexts/pdf/pm0011.pdf,https://projectmadurai.org/pm_etexts/utf8/pmuni0011_01.html | https://projectmadurai.org/pm_etexts/utf8/pmuni0011_02.html,True,AUTO_DOWNLOAD_PERMISSION_BEFORE_REDISTRIBUTION,CONTACT_PROJECT_COORDINATORS_AND_RETAIN_HEADERS,pmadurai@gmail.com,Freeze all available formats; preserve each header; request confirmation before Devam online redistribution and commercial use.,https://projectmadurai.org/pmworks.html
PM-12-0040,12,தேசிய கீதங்கள்,சி. சுப்ரமணிய பாரதியார்,கவிதைத் தொகுப்பு,Tamil,https://projectmadurai.org/pm_etexts/pdf/pm0012_01.pdf,https://projectmadurai.org/pm_etexts/utf8/pmuni0012_01.html,True,AUTO_DOWNLOAD_PERMISSION_BEFORE_REDISTRIBUTION,CONTACT_PROJECT_COORDINATORS_AND_RETAIN_HEADERS,pmadurai@gmail.com,Freeze all available formats; preserve each header; request confirmation before Devam online redistribution and commercial use.,https://projectmadurai.org/pmworks.html
PM-12-0041,12,தெய்வப் பாடல்கள்,சி. சுப்ரமணிய பாரதியார்,கவிதைத் தொகுப்பு,Tamil,https://projectmadurai.org/pm_etexts/pdf/pm0012_02.pdf,https://projectmadurai.org/pm_etexts/utf8/pmuni0012_02.html,True,AUTO_DOWNLOAD_PERMISSION_BEFORE_REDISTRIBUTION,CONTACT_PROJECT_COORDINATORS_AND_RETAIN_HEADERS,pmadurai@gmail.com,Freeze all available formats; preserve each header; request confirmation before Devam online redistribution and commercial use.,https://projectmadurai.org/pmworks.html
PM-13-0042,13,தேசிக பிரபந்தம்,வேதாந்த தேசிகர்,சமயம் - வைணவம்,Tamil,https://projectmadurai.org/pm_etexts/pdf/pm0013.pdf,https://projectmadurai.org/pm_etexts/utf8/pmuni0013.html,True,AUTO_DOWNLOAD_PERMISSION_BEFORE_REDISTRIBUTION,CONTACT_PROJECT_COORDINATORS_AND_RETAIN_HEADERS,pmadurai@gmail.com,Freeze all available formats; preserve each header; request confirmation before Devam online redistribution and commercial use.,https://projectmadurai.org/pmworks.html
PM-14-0043,14,பகவத் கீதை /தமிழாக்கம்; விளக்கவுரை,சி. சுப்ரமணிய பாரதியார்,நீதிநெறி நூல்கள்,Tamil,https://projectmadurai.org/pm_etexts/pdf/pm0014.pdf,https://projectmadurai.org/pm_etexts/utf8/pmuni0014.html,True,AUTO_DOWNLOAD_PERMISSION_BEFORE_REDISTRIBUTION,CONTACT_PROJECT_COORDINATORS_AND_RETAIN_HEADERS,pmadurai@gmail.com,Freeze all available formats; preserve each header; request confirmation before Devam online redistribution and commercial use.,https://projectmadurai.org/pmworks.html
PM-15-0044,15,நளவெண்பா,புகழேந்திப் புலவர்,இலக்கியம் - வெண்பா,Tamil,https://projectmadurai.org/pm_etexts/pdf/pm0015.pdf,https://projectmadurai.org/pm_etexts/utf8/pmuni0015.html,True,AUTO_DOWNLOAD_PERMISSION_BEFORE_REDISTRIBUTION,CONTACT_PROJECT_COORDINATORS_AND_RETAIN_HEADERS,pmadurai@gmail.com,Freeze all available formats; preserve each header; request confirmation before Devam online redistribution and commercial use.,https://projectmadurai.org/pmworks.html
PM-16-0045,16,நாலடியார்,பல ஆசிரியர்கள்,நீதிநெறி – பதினெண்கீழ்க்கணக்கு,Tamil,https://projectmadurai.org/pm_etexts/pdf/pm0016.pdf,https://projectmadurai.org/pm_etexts/utf8/pmuni0016.html,True,AUTO_DOWNLOAD_PERMISSION_BEFORE_REDISTRIBUTION,CONTACT_PROJECT_COORDINATORS_AND_RETAIN_HEADERS,pmadurai@gmail.com,Freeze all available formats; preserve each header; request confirmation before Devam online redistribution and commercial use.,https://projectmadurai.org/pmworks.html
PM-17-0046,17,திருக்குறள் /ஆங்கில மொழியாக்கம் (tirukkural - English translation),சுத்தானந்த பாரதியார்,நீதிநெறி – பதினெண்கீழ்க்கணக்கு,Tamil,https://projectmadurai.org/pm_etexts/pdf/pm0017.pdf,https://projectmadurai.org/pm_etexts/utf8/pmuni0017.html,True,AUTO_DOWNLOAD_PERMISSION_BEFORE_REDISTRIBUTION,CONTACT_PROJECT_COORDINATORS_AND_RETAIN_HEADERS,pmadurai@gmail.com,Freeze all available formats; preserve each header; request confirmation before Devam online redistribution and commercial use.,https://projectmadurai.org/pmworks.html
PM-18-0047,18,திருவருட்பா /திருமுறை 1 (பாடல்கள் 1-570),இராமலிங்க அடிகள்,சமயம் - சைவம்,Tamil,https://projectmadurai.org/pm_etexts/pdf/pm0018.pdf,https://projectmadurai.org/pm_etexts/utf8/pmuni0018_01.html | https://projectmadurai.org/pm_etexts/utf8/pmuni0018_02.html,True,AUTO_DOWNLOAD_PERMISSION_BEFORE_REDISTRIBUTION,CONTACT_PROJECT_COORDINATORS_AND_RETAIN_HEADERS,pmadurai@gmail.com,Freeze all available formats; preserve each header; request confirmation before Devam online redistribution and commercial use.,https://projectmadurai.org/pmworks.html
PM-18-0048,18,திருவருட்பா /திருமுறை 2.1 (பாடல்கள்571-1006 ),இராமலிங்க அடிகள்,சமயம் - சைவம்,Tamil,https://projectmadurai.org/pm_etexts/pdf/pm0018.pdf,https://projectmadurai.org/pm_etexts/utf8/pmuni0018_01.html | https://projectmadurai.org/pm_etexts/utf8/pmuni0018_02.html,True,AUTO_DOWNLOAD_PERMISSION_BEFORE_REDISTRIBUTION,CONTACT_PROJECT_COORDINATORS_AND_RETAIN_HEADERS,pmadurai@gmail.com,Freeze all available formats; preserve each header; request confirmation before Devam online redistribution and commercial use.,https://projectmadurai.org/pmworks.html
PM-19-0049,19,விவிலியம் /புதிய ஏற்பாடு /மத்தேயு,விவிலியம்,சமயம் – கிருத்துவம்,Tamil,https://projectmadurai.org/pm_etexts/pdf/pm0019_01.pdf,https://projectmadurai.org/pm_etexts/utf8/pmuni0019_01.html,True,AUTO_DOWNLOAD_PERMISSION_BEFORE_REDISTRIBUTION,CONTACT_PROJECT_COORDINATORS_AND_RETAIN_HEADERS,pmadurai@gmail.com,Freeze all available formats; preserve each header; request confirmation before Devam online redistribution and commercial use.,https://projectmadurai.org/pmworks.html
PM-19-0050,19,விவிலியம் /புதிய ஏற்பாடு /மார்க்கு,விவிலியம்,சமயம் – கிருத்துவம்,Tamil,https://projectmadurai.org/pm_etexts/pdf/pm0019_02.pdf,https://projectmadurai.org/pm_etexts/utf8/pmuni0019_02.html,True,AUTO_DOWNLOAD_PERMISSION_BEFORE_REDISTRIBUTION,CONTACT_PROJECT_COORDINATORS_AND_RETAIN_HEADERS,pmadurai@gmail.com,Freeze all available formats; preserve each header; request confirmation before Devam online redistribution and commercial use.,https://projectmadurai.org/pmworks.html
PM-20-0051,20,நடராசப் பத்து,முனிசாமி முதலியார்; சிருமாவூர்,சமயம் - சைவம்,Tamil,https://projectmadurai.org/pm_etexts/pdf/pm0020.pdf,https://projectmadurai.org/pm_etexts/utf8/pmuni0020.html,True,AUTO_DOWNLOAD_PERMISSION_BEFORE_REDISTRIBUTION,CONTACT_PROJECT_COORDINATORS_AND_RETAIN_HEADERS,pmadurai@gmail.com,Freeze all available formats; preserve each header; request confirmation before Devam online redistribution and commercial use.,https://projectmadurai.org/pmworks.html
PM-21-0052,21,சுய சரிதை,சி. சுப்ரமணிய பாரதியார்,வரலாறு - சரித்திரம்,Tamil,https://projectmadurai.org/pm_etexts/pdf/pm0021.pdf,https://projectmadurai.org/pm_etexts/utf8/pmuni0021.html,True,AUTO_DOWNLOAD_PERMISSION_BEFORE_REDISTRIBUTION,CONTACT_PROJECT_COORDINATORS_AND_RETAIN_HEADERS,pmadurai@gmail.com,Freeze all available formats; preserve each header; request confirmation before Devam online redistribution and commercial use.,https://projectmadurai.org/pmworks.html
PM-21-0053,21,ஞானப் பாடல்கள்,சி. சுப்ரமணிய பாரதியார்,கவிதைத் தொகுப்பு,Tamil,https://projectmadurai.org/pm_etexts/pdf/pm0021.pdf,https://projectmadurai.org/pm_etexts/utf8/pmuni0021.html,True,AUTO_DOWNLOAD_PERMISSION_BEFORE_REDISTRIBUTION,CONTACT_PROJECT_COORDINATORS_AND_RETAIN_HEADERS,pmadurai@gmail.com,Freeze all available formats; preserve each header; request confirmation before Devam online redistribution and commercial use.,https://projectmadurai.org/pmworks.html
PM-21-0054,21,பல்வகைப் பாடல்கள்,சி. சுப்ரமணிய பாரதியார்,கவிதைத் தொகுப்பு,Tamil,https://projectmadurai.org/pm_etexts/pdf/pm0021.pdf,https://projectmadurai.org/pm_etexts/utf8/pmuni0021.html,True,AUTO_DOWNLOAD_PERMISSION_BEFORE_REDISTRIBUTION,CONTACT_PROJECT_COORDINATORS_AND_RETAIN_HEADERS,pmadurai@gmail.com,Freeze all available formats; preserve each header; request confirmation before Devam online redistribution and commercial use.,https://projectmadurai.org/pmworks.html
PM-22-0055,22,உலகநீதி,உலகநாதர்,நீதிநெறி நூல்கள்,Tamil,https://projectmadurai.org/pm_etexts/pdf/pm0022.pdf,https://projectmadurai.org/pm_etexts/utf8/pmuni0022.html,True,AUTO_DOWNLOAD_PERMISSION_BEFORE_REDISTRIBUTION,CONTACT_PROJECT_COORDINATORS_AND_RETAIN_HEADERS,pmadurai@gmail.com,Freeze all available formats; preserve each header; request confirmation before Devam online redistribution and commercial use.,https://projectmadurai.org/pmworks.html
PM-23-0056,23,கந்தர் அலங்காரம்,அருணகிரிநாதர்,சமயம் - சைவம்,Tamil,https://projectmadurai.org/pm_etexts/pdf/pm0023.pdf,https://projectmadurai.org/pm_etexts/utf8/pmuni0023.html,True,AUTO_DOWNLOAD_PERMISSION_BEFORE_REDISTRIBUTION,CONTACT_PROJECT_COORDINATORS_AND_RETAIN_HEADERS,pmadurai@gmail.com,Freeze all available formats; preserve each header; request confirmation before Devam online redistribution and commercial use.,https://projectmadurai.org/pmworks.html
PM-23-0057,23,கந்தர் அநுபூதி,அருணகிரிநாதர்,சமயம் - சைவம்,Tamil,https://projectmadurai.org/pm_etexts/pdf/pm0023.pdf,https://projectmadurai.org/pm_etexts/utf8/pmuni0023.html,True,AUTO_DOWNLOAD_PERMISSION_BEFORE_REDISTRIBUTION,CONTACT_PROJECT_COORDINATORS_AND_RETAIN_HEADERS,pmadurai@gmail.com,Freeze all available formats; preserve each header; request confirmation before Devam online redistribution and commercial use.,https://projectmadurai.org/pmworks.html
PM-23-0058,23,வேல் விருத்தம்; மயில் விருத்தம்; சேவல் விருத்தம்,அருணகிரிநாதர்,சமயம் - சைவம்,Tamil,https://projectmadurai.org/pm_etexts/pdf/pm0023.pdf,https://projectmadurai.org/pm_etexts/utf8/pmuni0023.html,True,AUTO_DOWNLOAD_PERMISSION_BEFORE_REDISTRIBUTION,CONTACT_PROJECT_COORDINATORS_AND_RETAIN_HEADERS,pmadurai@gmail.com,Freeze all available formats; preserve each header; request confirmation before Devam online redistribution and commercial use.,https://projectmadurai.org/pmworks.html
PM-24-0059,24,ஆசாரக் கோவை,பெருவாயின் முள்ளியார்,நீதிநெறி – பதினெண்கீழ்க்கணக்கு,Tamil,https://projectmadurai.org/pm_etexts/pdf/pm0024.pdf,https://projectmadurai.org/pm_etexts/utf8/pmuni0024.html,True,AUTO_DOWNLOAD_PERMISSION_BEFORE_REDISTRIBUTION,CONTACT_PROJECT_COORDINATORS_AND_RETAIN_HEADERS,pmadurai@gmail.com,Freeze all available formats; preserve each header; request confirmation before Devam online redistribution and commercial use.,https://projectmadurai.org/pmworks.html
PM-25-0060,25,இன்னா நாற்பது,கபிலர்,நீதிநெறி – பதினெண்கீழ்க்கணக்கு,Tamil,https://projectmadurai.org/pm_etexts/pdf/pm0025.pdf,https://projectmadurai.org/pm_etexts/utf8/pmuni0025.html,True,AUTO_DOWNLOAD_PERMISSION_BEFORE_REDISTRIBUTION,CONTACT_PROJECT_COORDINATORS_AND_RETAIN_HEADERS,pmadurai@gmail.com,Freeze all available formats; preserve each header; request confirmation before Devam online redistribution and commercial use.,https://projectmadurai.org/pmworks.html
PM-25-0061,25,இனியவை நாற்பது,பூதஞ்சேந்தனார்,நீதிநெறி – பதினெண்கீழ்க்கணக்கு,Tamil,https://projectmadurai.org/pm_etexts/pdf/pm0025.pdf,https://projectmadurai.org/pm_etexts/utf8/pmuni0025.html,True,AUTO_DOWNLOAD_PERMISSION_BEFORE_REDISTRIBUTION,CONTACT_PROJECT_COORDINATORS_AND_RETAIN_HEADERS,pmadurai@gmail.com,Freeze all available formats; preserve each header; request confirmation before Devam online redistribution and commercial use.,https://projectmadurai.org/pmworks.html
PM-25-0062,25,களவழி நாற்பது,பொய்கையார்,நீதிநெறி – பதினெண்கீழ்க்கணக்கு,Tamil,https://projectmadurai.org/pm_etexts/pdf/pm0025.pdf,https://projectmadurai.org/pm_etexts/utf8/pmuni0025.html,True,AUTO_DOWNLOAD_PERMISSION_BEFORE_REDISTRIBUTION,CONTACT_PROJECT_COORDINATORS_AND_RETAIN_HEADERS,pmadurai@gmail.com,Freeze all available formats; preserve each header; request confirmation before Devam online redistribution and commercial use.,https://projectmadurai.org/pmworks.html
PM-25-0063,25,முதுமொழிக் காஞ்சி,மதுரை கூடலூர் கிழார்,நீதிநெறி – பதினெண்கீழ்க்கணக்கு,Tamil,https://projectmadurai.org/pm_etexts/pdf/pm0025.pdf,https://projectmadurai.org/pm_etexts/utf8/pmuni0025.html,True,AUTO_DOWNLOAD_PERMISSION_BEFORE_REDISTRIBUTION,CONTACT_PROJECT_COORDINATORS_AND_RETAIN_HEADERS,pmadurai@gmail.com,Freeze all available formats; preserve each header; request confirmation before Devam online redistribution and commercial use.,https://projectmadurai.org/pmworks.html
PM-26-0064,26,அபிராமி அந்தாதி,அபிராமி பட்டர்,சமயம் - சைவம்,Tamil,https://projectmadurai.org/pm_etexts/pdf/pm0026_01.pdf,https://projectmadurai.org/pm_etexts/utf8/pmuni0026_01.html,True,AUTO_DOWNLOAD_PERMISSION_BEFORE_REDISTRIBUTION,CONTACT_PROJECT_COORDINATORS_AND_RETAIN_HEADERS,pmadurai@gmail.com,Freeze all available formats; preserve each header; request confirmation before Devam online redistribution and commercial use.,https://projectmadurai.org/pmworks.html
PM-26-0065,26,அபிராமி அம்மைப் பதிகம்,அபிராமி பட்டர்,சமயம் - சைவம்,Tamil,https://projectmadurai.org/pm_etexts/pdf/pm0026_02.pdf,https://projectmadurai.org/pm_etexts/utf8/pmuni0026_02.html,True,AUTO_DOWNLOAD_PERMISSION_BEFORE_REDISTRIBUTION,CONTACT_PROJECT_COORDINATORS_AND_RETAIN_HEADERS,pmadurai@gmail.com,Freeze all available formats; preserve each header; request confirmation before Devam online redistribution and commercial use.,https://projectmadurai.org/pmworks.html
PM-26-0066,26,அபிராமி அந்தாதி /விளக்கஉரை,கண்ணதாசன்,சமயம் - சைவம்,Tamil,https://projectmadurai.org/pm_etexts/pdf/pm0026_03.pdf,https://projectmadurai.org/pm_etexts/utf8/pmuni0026_03.html,True,AUTO_DOWNLOAD_PERMISSION_BEFORE_REDISTRIBUTION,CONTACT_PROJECT_COORDINATORS_AND_RETAIN_HEADERS,pmadurai@gmail.com,Freeze all available formats; preserve each header; request confirmation before Devam online redistribution and commercial use.,https://projectmadurai.org/pmworks.html
PM-27-0067,27,இன்னிலை,பொய்கையார்,நீதிநெறி – பதினெண்கீழ்க்கணக்கு,Tamil,https://projectmadurai.org/pm_etexts/pdf/pm0027.pdf,https://projectmadurai.org/pm_etexts/utf8/pmuni0027.html,True,AUTO_DOWNLOAD_PERMISSION_BEFORE_REDISTRIBUTION,CONTACT_PROJECT_COORDINATORS_AND_RETAIN_HEADERS,pmadurai@gmail.com,Freeze all available formats; preserve each header; request confirmation before Devam online redistribution and commercial use.,https://projectmadurai.org/pmworks.html
PM-27-0068,27,ஐந்திணை ஐம்பது,மாறன் பொறையனார்,நீதிநெறி – பதினெண்கீழ்க்கணக்கு,Tamil,https://projectmadurai.org/pm_etexts/pdf/pm0027.pdf,https://projectmadurai.org/pm_etexts/utf8/pmuni0027.html,True,AUTO_DOWNLOAD_PERMISSION_BEFORE_REDISTRIBUTION,CONTACT_PROJECT_COORDINATORS_AND_RETAIN_HEADERS,pmadurai@gmail.com,Freeze all available formats; preserve each header; request confirmation before Devam online redistribution and commercial use.,https://projectmadurai.org/pmworks.html
PM-27-0069,27,ஐந்திணை எழுபது,மூவாதியார்,நீதிநெறி – பதினெண்கீழ்க்கணக்கு,Tamil,https://projectmadurai.org/pm_etexts/pdf/pm0027.pdf,https://projectmadurai.org/pm_etexts/utf8/pmuni0027.html,True,AUTO_DOWNLOAD_PERMISSION_BEFORE_REDISTRIBUTION,CONTACT_PROJECT_COORDINATORS_AND_RETAIN_HEADERS,pmadurai@gmail.com,Freeze all available formats; preserve each header; request confirmation before Devam online redistribution and commercial use.,https://projectmadurai.org/pmworks.html
PM-27-0070,27,திணைமொழி ஐம்பது,கண்ணன் சேந்தனார்,நீதிநெறி – பதினெண்கீழ்க்கணக்கு,Tamil,https://projectmadurai.org/pm_etexts/pdf/pm0027.pdf,https://projectmadurai.org/pm_etexts/utf8/pmuni0027.html,True,AUTO_DOWNLOAD_PERMISSION_BEFORE_REDISTRIBUTION,CONTACT_PROJECT_COORDINATORS_AND_RETAIN_HEADERS,pmadurai@gmail.com,Freeze all available formats; preserve each header; request confirmation before Devam online redistribution and commercial use.,https://projectmadurai.org/pmworks.html
PM-28-0071,28,ஐங்குறு நூறு,பல ஆசிரியர்கள் (5),சங்ககாலம் – எட்டுத்தொகை,Tamil,https://projectmadurai.org/pm_etexts/pdf/pm0028.pdf,https://projectmadurai.org/pm_etexts/utf8/pmuni0028.html,True,AUTO_DOWNLOAD_PERMISSION_BEFORE_REDISTRIBUTION,CONTACT_PROJECT_COORDINATORS_AND_RETAIN_HEADERS,pmadurai@gmail.com,Freeze all available formats; preserve each header; request confirmation before Devam online redistribution and commercial use.,https://projectmadurai.org/pmworks.html
PM-29-0072,29,ஏலாதி; சிறு பஞ்ச மூலம்,கணிமேதாவியார்,நீதிநெறி – பதினெண்கீழ்க்கணக்கு,Tamil,https://projectmadurai.org/pm_etexts/pdf/pm0029.pdf,https://projectmadurai.org/pm_etexts/utf8/pmuni0029.html,True,AUTO_DOWNLOAD_PERMISSION_BEFORE_REDISTRIBUTION,CONTACT_PROJECT_COORDINATORS_AND_RETAIN_HEADERS,pmadurai@gmail.com,Freeze all available formats; preserve each header; request confirmation before Devam online redistribution and commercial use.,https://projectmadurai.org/pmworks.html
PM-29-0073,29,கார் நாற்பது,மதுரை கண்ணன் கூத்தனார்,நீதிநெறி – பதினெண்கீழ்க்கணக்கு,Tamil,https://projectmadurai.org/pm_etexts/pdf/pm0029.pdf,https://projectmadurai.org/pm_etexts/utf8/pmuni0029.html,True,AUTO_DOWNLOAD_PERMISSION_BEFORE_REDISTRIBUTION,CONTACT_PROJECT_COORDINATORS_AND_RETAIN_HEADERS,pmadurai@gmail.com,Freeze all available formats; preserve each header; request confirmation before Devam online redistribution and commercial use.,https://projectmadurai.org/pmworks.html
PM-29-0074,29,சிறு பஞ்ச மூலம்,காரியாசான்,நீதிநெறி – பதினெண்கீழ்க்கணக்கு,Tamil,https://projectmadurai.org/pm_etexts/pdf/pm0029.pdf,https://projectmadurai.org/pm_etexts/utf8/pmuni0029.html,True,AUTO_DOWNLOAD_PERMISSION_BEFORE_REDISTRIBUTION,CONTACT_PROJECT_COORDINATORS_AND_RETAIN_HEADERS,pmadurai@gmail.com,Freeze all available formats; preserve each header; request confirmation before Devam online redistribution and commercial use.,https://projectmadurai.org/pmworks.html
PM-30-0075,30,விவிலியம் /புதிய ஏற்பாடு /2,விவிலியம்,சமயம் – கிருத்துவம்,Tamil,https://projectmadurai.org/pm_etexts/pdf/pm0030.pdf,https://projectmadurai.org/pm_etexts/utf8/pmuni0030_01.html | https://projectmadurai.org/pm_etexts/utf8/pmuni0030_02.html,True,AUTO_DOWNLOAD_PERMISSION_BEFORE_REDISTRIBUTION,CONTACT_PROJECT_COORDINATORS_AND_RETAIN_HEADERS,pmadurai@gmail.com,Freeze all available formats; preserve each header; request confirmation before Devam online redistribution and commercial use.,https://projectmadurai.org/pmworks.html
PM-30-0076,30,விவிலியம் /புதிய ஏற்பாடு /யோவான்,விவிலியம்,சமயம் – கிருத்துவம்,Tamil,https://projectmadurai.org/pm_etexts/pdf/pm0030.pdf,https://projectmadurai.org/pm_etexts/utf8/pmuni0030_01.html | https://projectmadurai.org/pm_etexts/utf8/pmuni0030_02.html,True,AUTO_DOWNLOAD_PERMISSION_BEFORE_REDISTRIBUTION,CONTACT_PROJECT_COORDINATORS_AND_RETAIN_HEADERS,pmadurai@gmail.com,Freeze all available formats; preserve each header; request confirmation before Devam online redistribution and commercial use.,https://projectmadurai.org/pmworks.html
PM-30-0077,30,விவிலியம் /புதிய ஏற்பாடு /லூக்கு,விவிலியம்,சமயம் – கிருத்துவம்,Tamil,https://projectmadurai.org/pm_etexts/pdf/pm0030.pdf,https://projectmadurai.org/pm_etexts/utf8/pmuni0030_01.html | https://projectmadurai.org/pm_etexts/utf8/pmuni0030_02.html,True,AUTO_DOWNLOAD_PERMISSION_BEFORE_REDISTRIBUTION,CONTACT_PROJECT_COORDINATORS_AND_RETAIN_HEADERS,pmadurai@gmail.com,Freeze all available formats; preserve each header; request confirmation before Devam online redistribution and commercial use.,https://projectmadurai.org/pmworks.html
PM-31-0078,31,திருவருட்பா /அகவல்,இராமலிங்க அடிகள்,சமயம் - சைவம்,Tamil,https://projectmadurai.org/pm_etexts/pdf/pm0031.pdf,https://projectmadurai.org/pm_etexts/utf8/pmuni0031.html,True,AUTO_DOWNLOAD_PERMISSION_BEFORE_REDISTRIBUTION,CONTACT_PROJECT_COORDINATORS_AND_RETAIN_HEADERS,pmadurai@gmail.com,Freeze all available formats; preserve each header; request confirmation before Devam online redistribution and commercial use.,https://projectmadurai.org/pmworks.html
PM-31-0079,31,வடிவுடை மாணிக்க மாலை,இராமலிங்க அடிகள்,சமயம் - சைவம்,Tamil,https://projectmadurai.org/pm_etexts/pdf/pm0031.pdf,https://projectmadurai.org/pm_etexts/utf8/pmuni0031.html,True,AUTO_DOWNLOAD_PERMISSION_BEFORE_REDISTRIBUTION,CONTACT_PROJECT_COORDINATORS_AND_RETAIN_HEADERS,pmadurai@gmail.com,Freeze all available formats; preserve each header; request confirmation before Devam online redistribution and commercial use.,https://projectmadurai.org/pmworks.html
PM-32-0080,32,கலேவலா - தமிழாக்கம் - 1,உதயணன்,இலக்கியம்,Tamil,https://projectmadurai.org/pm_etexts/pdf/pm0032_01.pdf | https://projectmadurai.org/pm_etexts/pdf/pm0032_02.pdf,https://projectmadurai.org/pm_etexts/utf8/pmuni0032_01.html | https://projectmadurai.org/pm_etexts/utf8/pmuni0032_02.html | https://projectmadurai.org/pm_etexts/utf8/pmuni0032_03.html,True,AUTO_DOWNLOAD_PERMISSION_BEFORE_REDISTRIBUTION,CONTACT_PROJECT_COORDINATORS_AND_RETAIN_HEADERS,pmadurai@gmail.com,Freeze all available formats; preserve each header; request confirmation before Devam online redistribution and commercial use.,https://projectmadurai.org/pmworks.html
PM-33-0081,33,கலேவலா - தமிழாக்கம் - 2,உதயணன்,இலக்கியம்,Tamil,https://projectmadurai.org/pm_etexts/pdf/pm0033.pdf,https://projectmadurai.org/pm_etexts/utf8/pmuni0033_01.html | https://projectmadurai.org/pm_etexts/utf8/pmuni0033_02.html,True,AUTO_DOWNLOAD_PERMISSION_BEFORE_REDISTRIBUTION,CONTACT_PROJECT_COORDINATORS_AND_RETAIN_HEADERS,pmadurai@gmail.com,Freeze all available formats; preserve each header; request confirmation before Devam online redistribution and commercial use.,https://projectmadurai.org/pmworks.html
PM-34-0082,34,சண்முக கவசம்,பாம்பன் குமரகுருதாச சுவாமிகள்,சமயம் - சைவம்,Tamil,https://projectmadurai.org/pm_etexts/pdf/pm0034_01.pdf,https://projectmadurai.org/pm_etexts/utf8/pmuni0034_01.html,True,AUTO_DOWNLOAD_PERMISSION_BEFORE_REDISTRIBUTION,CONTACT_PROJECT_COORDINATORS_AND_RETAIN_HEADERS,pmadurai@gmail.com,Freeze all available formats; preserve each header; request confirmation before Devam online redistribution and commercial use.,https://projectmadurai.org/pmworks.html
PM-34-0083,34,கந்த சஷ்டி கவசம் (6 கந்தர் கவசங்கள்),தேவராய சுவாமிகள்,சமயம் - சைவம்,Tamil,https://projectmadurai.org/pm_etexts/pdf/pm0034_02.pdf,https://projectmadurai.org/pm_etexts/utf8/pmuni0034_02.html,True,AUTO_DOWNLOAD_PERMISSION_BEFORE_REDISTRIBUTION,CONTACT_PROJECT_COORDINATORS_AND_RETAIN_HEADERS,pmadurai@gmail.com,Freeze all available formats; preserve each header; request confirmation before Devam online redistribution and commercial use.,https://projectmadurai.org/pmworks.html
PM-34-0084,34,கந்த குரு கவசம்,சாந்தானந்த சுவாமிகள்,சமயம் - சைவம்,Tamil,https://projectmadurai.org/pm_etexts/pdf/pm0034_03.pdf,https://projectmadurai.org/pm_etexts/utf8/pmuni0034_03.html,True,AUTO_DOWNLOAD_PERMISSION_BEFORE_REDISTRIBUTION,CONTACT_PROJECT_COORDINATORS_AND_RETAIN_HEADERS,pmadurai@gmail.com,Freeze all available formats; preserve each header; request confirmation before Devam online redistribution and commercial use.,https://projectmadurai.org/pmworks.html
PM-35-0085,35,சூளாமணி,தோலாமொழித் தேவர்,காப்பியம்,Tamil,https://projectmadurai.org/pm_etexts/pdf/pm0035.pdf,https://projectmadurai.org/pm_etexts/utf8/pmuni0035_01.html | https://projectmadurai.org/pm_etexts/utf8/pmuni0035_02.html,True,AUTO_DOWNLOAD_PERMISSION_BEFORE_REDISTRIBUTION,CONTACT_PROJECT_COORDINATORS_AND_RETAIN_HEADERS,pmadurai@gmail.com,Freeze all available formats; preserve each header; request confirmation before Devam online redistribution and commercial use.,https://projectmadurai.org/pmworks.html
PM-36-0086,36,பழமொழி நானூறு,முன்றுறையரையனார்,நீதிநெறி – பதினெண்கீழ்க்கணக்கு,Tamil,https://projectmadurai.org/pm_etexts/pdf/pm0036.pdf,https://projectmadurai.org/pm_etexts/utf8/pmuni0036.html,True,AUTO_DOWNLOAD_PERMISSION_BEFORE_REDISTRIBUTION,CONTACT_PROJECT_COORDINATORS_AND_RETAIN_HEADERS,pmadurai@gmail.com,Freeze all available formats; preserve each header; request confirmation before Devam online redistribution and commercial use.,https://projectmadurai.org/pmworks.html
PM-37-0087,37,அழகின் சிரிப்பு,பாரதிதாசன்,கவிதைகள்,Tamil,https://projectmadurai.org/pm_etexts/pdf/pm0037.pdf,https://projectmadurai.org/pm_etexts/utf8/pmuni0037.html,True,AUTO_DOWNLOAD_PERMISSION_BEFORE_REDISTRIBUTION,CONTACT_PROJECT_COORDINATORS_AND_RETAIN_HEADERS,pmadurai@gmail.com,Freeze all available formats; preserve each header; request confirmation before Devam online redistribution and commercial use.,https://projectmadurai.org/pmworks.html
PM-38-0088,38,பதிற்றுப்பத்து,பல ஆசிரியர்கள்,சங்ககாலம் – எட்டுத்தொகை,Tamil,https://projectmadurai.org/pm_etexts/pdf/pm0038.pdf,https://projectmadurai.org/pm_etexts/utf8/pmuni0038.html,True,AUTO_DOWNLOAD_PERMISSION_BEFORE_REDISTRIBUTION,CONTACT_PROJECT_COORDINATORS_AND_RETAIN_HEADERS,pmadurai@gmail.com,Freeze all available formats; preserve each header; request confirmation before Devam online redistribution and commercial use.,https://projectmadurai.org/pmworks.html
PM-39-0089,39,விவிலியம் /புதிய ஏற்பாடு /ஏக்ட்ஸ்,விவிலியம்,சமயம் – கிருத்துவம்,Tamil,https://projectmadurai.org/pm_etexts/pdf/pm0039.pdf,https://projectmadurai.org/pm_etexts/utf8/pmuni0039.html,True,AUTO_DOWNLOAD_PERMISSION_BEFORE_REDISTRIBUTION,CONTACT_PROJECT_COORDINATORS_AND_RETAIN_HEADERS,pmadurai@gmail.com,Freeze all available formats; preserve each header; request confirmation before Devam online redistribution and commercial use.,https://projectmadurai.org/pmworks.html
PM-40-0090,40,தமிழ் விடுதூது,மதுரை சொக்கநாதர்,பிரபந்தம் - தூது,Tamil,https://projectmadurai.org/pm_etexts/pdf/pm0040.pdf,https://projectmadurai.org/pm_etexts/utf8/pmuni0040.html,True,AUTO_DOWNLOAD_PERMISSION_BEFORE_REDISTRIBUTION,CONTACT_PROJECT_COORDINATORS_AND_RETAIN_HEADERS,pmadurai@gmail.com,Freeze all available formats; preserve each header; request confirmation before Devam online redistribution and commercial use.,https://projectmadurai.org/pmworks.html
PM-41-0091,41,விவிலியம் /புதிய ஏற்பாடு /கொரிந்தியர்கள்,விவிலியம்,சமயம் – கிருத்துவம்,Tamil,https://projectmadurai.org/pm_etexts/pdf/pm0041.pdf,https://projectmadurai.org/pm_etexts/utf8/pmuni0041.html,True,AUTO_DOWNLOAD_PERMISSION_BEFORE_REDISTRIBUTION,CONTACT_PROJECT_COORDINATORS_AND_RETAIN_HEADERS,pmadurai@gmail.com,Freeze all available formats; preserve each header; request confirmation before Devam online redistribution and commercial use.,https://projectmadurai.org/pmworks.html
PM-42-0092,42,விவிலியம் /புதிய ஏற்பாடு /எஸியன்ஸ்,விவிலியம்,சமயம் – கிருத்துவம்,Tamil,https://projectmadurai.org/pm_etexts/pdf/pm0042.pdf,https://projectmadurai.org/pm_etexts/utf8/pmuni0042.html,True,AUTO_DOWNLOAD_PERMISSION_BEFORE_REDISTRIBUTION,CONTACT_PROJECT_COORDINATORS_AND_RETAIN_HEADERS,pmadurai@gmail.com,Freeze all available formats; preserve each header; request confirmation before Devam online redistribution and commercial use.,https://projectmadurai.org/pmworks.html
PM-42-0093,42,விவிலியம் /புதிய ஏற்பாடு /காலாசியர்கள்,விவிலியம்,சமயம் – கிருத்துவம்,Tamil,https://projectmadurai.org/pm_etexts/pdf/pm0042.pdf,https://projectmadurai.org/pm_etexts/utf8/pmuni0042.html,True,AUTO_DOWNLOAD_PERMISSION_BEFORE_REDISTRIBUTION,CONTACT_PROJECT_COORDINATORS_AND_RETAIN_HEADERS,pmadurai@gmail.com,Freeze all available formats; preserve each header; request confirmation before Devam online redistribution and commercial use.,https://projectmadurai.org/pmworks.html
PM-42-0094,42,விவிலியம் /புதிய ஏற்பாடு /ஹீப்ரு,விவிலியம்,சமயம் – கிருத்துவம்,Tamil,https://projectmadurai.org/pm_etexts/pdf/pm0042.pdf,https://projectmadurai.org/pm_etexts/utf8/pmuni0042.html,True,AUTO_DOWNLOAD_PERMISSION_BEFORE_REDISTRIBUTION,CONTACT_PROJECT_COORDINATORS_AND_RETAIN_HEADERS,pmadurai@gmail.com,Freeze all available formats; preserve each header; request confirmation before Devam online redistribution and commercial use.,https://projectmadurai.org/pmworks.html
PM-42-0095,42,விவிலியம் /புதிய ஏற்பாடு /பிலமோன்,விவிலியம்,சமயம் – கிருத்துவம்,Tamil,https://projectmadurai.org/pm_etexts/pdf/pm0042.pdf,https://projectmadurai.org/pm_etexts/utf8/pmuni0042.html,True,AUTO_DOWNLOAD_PERMISSION_BEFORE_REDISTRIBUTION,CONTACT_PROJECT_COORDINATORS_AND_RETAIN_HEADERS,pmadurai@gmail.com,Freeze all available formats; preserve each header; request confirmation before Devam online redistribution and commercial use.,https://projectmadurai.org/pmworks.html
PM-42-0096,42,விவிலியம் /புதிய ஏற்பாடு /தெஸலோனியர்கள்,விவிலியம்,சமயம் – கிருத்துவம்,Tamil,https://projectmadurai.org/pm_etexts/pdf/pm0042.pdf,https://projectmadurai.org/pm_etexts/utf8/pmuni0042.html,True,AUTO_DOWNLOAD_PERMISSION_BEFORE_REDISTRIBUTION,CONTACT_PROJECT_COORDINATORS_AND_RETAIN_HEADERS,pmadurai@gmail.com,Freeze all available formats; preserve each header; request confirmation before Devam online redistribution and commercial use.,https://projectmadurai.org/pmworks.html
PM-42-0097,42,விவிலியம் /புதிய ஏற்பாடு /திமோதி,விவிலியம்,சமயம் – கிருத்துவம்,Tamil,https://projectmadurai.org/pm_etexts/pdf/pm0042.pdf,https://projectmadurai.org/pm_etexts/utf8/pmuni0042.html,True,AUTO_DOWNLOAD_PERMISSION_BEFORE_REDISTRIBUTION,CONTACT_PROJECT_COORDINATORS_AND_RETAIN_HEADERS,pmadurai@gmail.com,Freeze all available formats; preserve each header; request confirmation before Devam online redistribution and commercial use.,https://projectmadurai.org/pmworks.html
PM-43-0098,43,மதுரை மீனாட்சிஅம்மை பிள்ளைத்தமிழ்,குமரகுருபரர்,பிரபந்தம் - பிள்ளைத்தமிழ்,Tamil,https://projectmadurai.org/pm_etexts/pdf/pm0043.pdf,https://projectmadurai.org/pm_etexts/utf8/pmuni0043.html,True,AUTO_DOWNLOAD_PERMISSION_BEFORE_REDISTRIBUTION,CONTACT_PROJECT_COORDINATORS_AND_RETAIN_HEADERS,pmadurai@gmail.com,Freeze all available formats; preserve each header; request confirmation before Devam online redistribution and commercial use.,https://projectmadurai.org/pmworks.html
PM-44-0099,44,கலேவலா - தமிழாக்கம் - 3,உதயணன்,காப்பியம்,Tamil,https://projectmadurai.org/pm_etexts/pdf/pm0044.pdf,https://projectmadurai.org/pm_etexts/utf8/pmuni0044_01.html | https://projectmadurai.org/pm_etexts/utf8/pmuni0044_02.html,True,AUTO_DOWNLOAD_PERMISSION_BEFORE_REDISTRIBUTION,CONTACT_PROJECT_COORDINATORS_AND_RETAIN_HEADERS,pmadurai@gmail.com,Freeze all available formats; preserve each header; request confirmation before Devam online redistribution and commercial use.,https://projectmadurai.org/pmworks.html
PM-45-0100,45,மதுரைக் கலம்பகம்,குமரகுருபரர்,பிரபந்தம் - கலம்பகம்,Tamil,https://projectmadurai.org/pm_etexts/pdf/pm0045.pdf,https://projectmadurai.org/pm_etexts/utf8/pmuni0045.html,True,AUTO_DOWNLOAD_PERMISSION_BEFORE_REDISTRIBUTION,CONTACT_PROJECT_COORDINATORS_AND_RETAIN_HEADERS,pmadurai@gmail.com,Freeze all available formats; preserve each header; request confirmation before Devam online redistribution and commercial use.,https://projectmadurai.org/pmworks.html
PM-46-0101,46,சிலப்பதிகாரம் /பாகம் 1 /புகார்க்காண்டம்,இளங்கோ அடிகள்,காப்பியம்,Tamil,https://projectmadurai.org/pm_etexts/pdf/pm0046.pdf,https://projectmadurai.org/pm_etexts/utf8/pmuni0046.html,True,AUTO_DOWNLOAD_PERMISSION_BEFORE_REDISTRIBUTION,CONTACT_PROJECT_COORDINATORS_AND_RETAIN_HEADERS,pmadurai@gmail.com,Freeze all available formats; preserve each header; request confirmation before Devam online redistribution and commercial use.,https://projectmadurai.org/pmworks.html
PM-47-0102,47,நான்மணிக்கடிகை,விளம்பிநாகனார்,நீதிநெறி – பதினெண்கீழ்க்கணக்கு,Tamil,https://projectmadurai.org/pm_etexts/pdf/pm0047.pdf,https://projectmadurai.org/pm_etexts/utf8/pmuni0047.html,True,AUTO_DOWNLOAD_PERMISSION_BEFORE_REDISTRIBUTION,CONTACT_PROJECT_COORDINATORS_AND_RETAIN_HEADERS,pmadurai@gmail.com,Freeze all available formats; preserve each header; request confirmation before Devam online redistribution and commercial use.,https://projectmadurai.org/pmworks.html
PM-48-0103,48,திரிகடுகம்,நல்லாதனார்,நீதிநெறி – பதினெண்கீழ்க்கணக்கு,Tamil,https://projectmadurai.org/pm_etexts/pdf/pm0048.pdf,https://projectmadurai.org/pm_etexts/utf8/pmuni0048.html,True,AUTO_DOWNLOAD_PERMISSION_BEFORE_REDISTRIBUTION,CONTACT_PROJECT_COORDINATORS_AND_RETAIN_HEADERS,pmadurai@gmail.com,Freeze all available formats; preserve each header; request confirmation before Devam online redistribution and commercial use.,https://projectmadurai.org/pmworks.html
PM-49-0104,49,கண்ணன் பாட்டு,சி. சுப்ரமணிய பாரதியார்,பாடல்கள் - தொகுப்பு,Tamil,https://projectmadurai.org/pm_etexts/pdf/pm0049.pdf,https://projectmadurai.org/pm_etexts/utf8/pmuni0049.html,True,AUTO_DOWNLOAD_PERMISSION_BEFORE_REDISTRIBUTION,CONTACT_PROJECT_COORDINATORS_AND_RETAIN_HEADERS,pmadurai@gmail.com,Freeze all available formats; preserve each header; request confirmation before Devam online redistribution and commercial use.,https://projectmadurai.org/pmworks.html
PM-49-0105,49,குயில் பாட்டு,சி. சுப்ரமணிய பாரதியார்,பாடல்கள் - தொகுப்பு,Tamil,https://projectmadurai.org/pm_etexts/pdf/pm0049.pdf,https://projectmadurai.org/pm_etexts/utf8/pmuni0049.html,True,AUTO_DOWNLOAD_PERMISSION_BEFORE_REDISTRIBUTION,CONTACT_PROJECT_COORDINATORS_AND_RETAIN_HEADERS,pmadurai@gmail.com,Freeze all available formats; preserve each header; request confirmation before Devam online redistribution and commercial use.,https://projectmadurai.org/pmworks.html
PM-49-0106,49,பாரதியார் பாடல்கள் - 3,சி. சுப்ரமணிய பாரதியார்,பாடல்கள் - தொகுப்பு,Tamil,https://projectmadurai.org/pm_etexts/pdf/pm0049.pdf,https://projectmadurai.org/pm_etexts/utf8/pmuni0049.html,True,AUTO_DOWNLOAD_PERMISSION_BEFORE_REDISTRIBUTION,CONTACT_PROJECT_COORDINATORS_AND_RETAIN_HEADERS,pmadurai@gmail.com,Freeze all available formats; preserve each header; request confirmation before Devam online redistribution and commercial use.,https://projectmadurai.org/pmworks.html
PM-50-0107,50,மதுராபுரி அம்பிகைமாலை,குலசேகர பாண்டியன்,பிரபந்தம் - மாலை,Tamil,https://projectmadurai.org/pm_etexts/pdf/pm0050.pdf,https://projectmadurai.org/pm_etexts/utf8/pmuni0050.html,True,AUTO_DOWNLOAD_PERMISSION_BEFORE_REDISTRIBUTION,CONTACT_PROJECT_COORDINATORS_AND_RETAIN_HEADERS,pmadurai@gmail.com,Freeze all available formats; preserve each header; request confirmation before Devam online redistribution and commercial use.,https://projectmadurai.org/pmworks.html
PM-51-0108,51,இன்னிலை,பொய்கையார்,நீதிநெறி – பதினெண்கீழ்க்கணக்கு,Tamil,https://projectmadurai.org/pm_etexts/pdf/pm0051.pdf,https://projectmadurai.org/pm_etexts/utf8/pmuni0051.html,True,AUTO_DOWNLOAD_PERMISSION_BEFORE_REDISTRIBUTION,CONTACT_PROJECT_COORDINATORS_AND_RETAIN_HEADERS,pmadurai@gmail.com,Freeze all available formats; preserve each header; request confirmation before Devam online redistribution and commercial use.,https://projectmadurai.org/pmworks.html
PM-51-0109,51,கைந்நிலை,புல்லங்காடனார்,நீதிநெறி – பதினெண்கீழ்க்கணக்கு,Tamil,https://projectmadurai.org/pm_etexts/pdf/pm0051.pdf,https://projectmadurai.org/pm_etexts/utf8/pmuni0051.html,True,AUTO_DOWNLOAD_PERMISSION_BEFORE_REDISTRIBUTION,CONTACT_PROJECT_COORDINATORS_AND_RETAIN_HEADERS,pmadurai@gmail.com,Freeze all available formats; preserve each header; request confirmation before Devam online redistribution and commercial use.,https://projectmadurai.org/pmworks.html
PM-52-0110,52,சரஸ்வதி அந்தாதி,கம்பர்,பிரபந்தம் - அந்தாதி,Tamil,https://projectmadurai.org/pm_etexts/pdf/pm0052.pdf,https://projectmadurai.org/pm_etexts/utf8/pmuni0052.html,True,AUTO_DOWNLOAD_PERMISSION_BEFORE_REDISTRIBUTION,CONTACT_PROJECT_COORDINATORS_AND_RETAIN_HEADERS,pmadurai@gmail.com,Freeze all available formats; preserve each header; request confirmation before Devam online redistribution and commercial use.,https://projectmadurai.org/pmworks.html
PM-52-0111,52,சடகோபர் அந்தாதி,கம்பர்,பிரபந்தம் - அந்தாதி,Tamil,https://projectmadurai.org/pm_etexts/pdf/pm0052.pdf,https://projectmadurai.org/pm_etexts/utf8/pmuni0052.html,True,AUTO_DOWNLOAD_PERMISSION_BEFORE_REDISTRIBUTION,CONTACT_PROJECT_COORDINATORS_AND_RETAIN_HEADERS,pmadurai@gmail.com,Freeze all available formats; preserve each header; request confirmation before Devam online redistribution and commercial use.,https://projectmadurai.org/pmworks.html
PM-53-0112,53,முல்லைப் பாட்டு/ஆராய்ச்சி,மறைமலை அடிகள்,சங்ககாலம் - பத்துப்பாட்டு,Tamil,https://projectmadurai.org/pm_etexts/pdf/pm0053.pdf,https://projectmadurai.org/pm_etexts/utf8/pmuni0053.html,True,AUTO_DOWNLOAD_PERMISSION_BEFORE_REDISTRIBUTION,CONTACT_PROJECT_COORDINATORS_AND_RETAIN_HEADERS,pmadurai@gmail.com,Freeze all available formats; preserve each header; request confirmation before Devam online redistribution and commercial use.,https://projectmadurai.org/pmworks.html
PM-54-0113,54,திருச்சிற்றம்பலக் கோவையார்,மாணிக்க வாசகர்,சமயம்,Tamil,https://projectmadurai.org/pm_etexts/pdf/pm0054.pdf,https://projectmadurai.org/pm_etexts/utf8/pmuni0054.html,True,AUTO_DOWNLOAD_PERMISSION_BEFORE_REDISTRIBUTION,CONTACT_PROJECT_COORDINATORS_AND_RETAIN_HEADERS,pmadurai@gmail.com,Freeze all available formats; preserve each header; request confirmation before Devam online redistribution and commercial use.,https://projectmadurai.org/pmworks.html
PM-54-0114,54,திருமுறை 8/ திருச்சிற்றம்பலக் கோவையார்,மாணிக்க வாசகர்,சமயம்,Tamil,https://projectmadurai.org/pm_etexts/pdf/pm0054.pdf,https://projectmadurai.org/pm_etexts/utf8/pmuni0054.html,True,AUTO_DOWNLOAD_PERMISSION_BEFORE_REDISTRIBUTION,CONTACT_PROJECT_COORDINATORS_AND_RETAIN_HEADERS,pmadurai@gmail.com,Freeze all available formats; preserve each header; request confirmation before Devam online redistribution and commercial use.,https://projectmadurai.org/pmworks.html
PM-55-0115,55,யாப்பெருங்கலக் காரிகை,அமிதசாகரர்,இலக்கணம்,Tamil,https://projectmadurai.org/pm_etexts/pdf/pm0055.pdf,https://projectmadurai.org/pm_etexts/utf8/pmuni0055.html,True,AUTO_DOWNLOAD_PERMISSION_BEFORE_REDISTRIBUTION,CONTACT_PROJECT_COORDINATORS_AND_RETAIN_HEADERS,pmadurai@gmail.com,Freeze all available formats; preserve each header; request confirmation before Devam online redistribution and commercial use.,https://projectmadurai.org/pmworks.html
PM-56-0116,56,திணைமாலை நூற்றைம்பது,கணிமேதையார்,நீதிநெறி – பதினெண்கீழ்க்கணக்கு,Tamil,https://projectmadurai.org/pm_etexts/pdf/pm0056.pdf,https://projectmadurai.org/pm_etexts/utf8/pmuni0056.html,True,AUTO_DOWNLOAD_PERMISSION_BEFORE_REDISTRIBUTION,CONTACT_PROJECT_COORDINATORS_AND_RETAIN_HEADERS,pmadurai@gmail.com,Freeze all available formats; preserve each header; request confirmation before Devam online redistribution and commercial use.,https://projectmadurai.org/pmworks.html
PM-57-0117,57,புறநானூறு,,சங்ககாலம் – எட்டுத்தொகை,Tamil,https://projectmadurai.org/pm_etexts/pdf/pm0057.pdf,https://projectmadurai.org/pm_etexts/utf8/pmuni0057.html,True,AUTO_DOWNLOAD_PERMISSION_BEFORE_REDISTRIBUTION,CONTACT_PROJECT_COORDINATORS_AND_RETAIN_HEADERS,pmadurai@gmail.com,Freeze all available formats; preserve each header; request confirmation before Devam online redistribution and commercial use.,https://projectmadurai.org/pmworks.html
PM-58-0118,58,ஏழாண்டு இலக்கிய வளர்ச்சி,மு. தளையசிங்கம்,வரலாறு,Tamil,https://projectmadurai.org/pm_etexts/pdf/pm0058.pdf,https://projectmadurai.org/pm_etexts/utf8/pmuni0058.html,True,AUTO_DOWNLOAD_PERMISSION_BEFORE_REDISTRIBUTION,CONTACT_PROJECT_COORDINATORS_AND_RETAIN_HEADERS,pmadurai@gmail.com,Freeze all available formats; preserve each header; request confirmation before Devam online redistribution and commercial use.,https://projectmadurai.org/pmworks.html
PM-59-0119,59,விவேக சிந்தாமணி,,நீதிநெறி நூல்கள்,Tamil,https://projectmadurai.org/pm_etexts/pdf/pm0059.pdf,https://projectmadurai.org/pm_etexts/utf8/pmuni0059.html,True,AUTO_DOWNLOAD_PERMISSION_BEFORE_REDISTRIBUTION,CONTACT_PROJECT_COORDINATORS_AND_RETAIN_HEADERS,pmadurai@gmail.com,Freeze all available formats; preserve each header; request confirmation before Devam online redistribution and commercial use.,https://projectmadurai.org/pmworks.html
PM-60-0120,60,ஆதிநாதன் வளமடல்,செயங்கொண்டார்,பிரபந்தம் - மடல்,Tamil,https://projectmadurai.org/pm_etexts/pdf/pm0060.pdf,https://projectmadurai.org/pm_etexts/utf8/pmuni0060.html,True,AUTO_DOWNLOAD_PERMISSION_BEFORE_REDISTRIBUTION,CONTACT_PROJECT_COORDINATORS_AND_RETAIN_HEADERS,pmadurai@gmail.com,Freeze all available formats; preserve each header; request confirmation before Devam online redistribution and commercial use.,https://projectmadurai.org/pmworks.html
PM-60-0121,60,காரானை விழுப்பரையன் மடல்,செயங்கொண்டார்,பிரபந்தம் - மடல்,Tamil,https://projectmadurai.org/pm_etexts/pdf/pm0060.pdf,https://projectmadurai.org/pm_etexts/utf8/pmuni0060.html,True,AUTO_DOWNLOAD_PERMISSION_BEFORE_REDISTRIBUTION,CONTACT_PROJECT_COORDINATORS_AND_RETAIN_HEADERS,pmadurai@gmail.com,Freeze all available formats; preserve each header; request confirmation before Devam online redistribution and commercial use.,https://projectmadurai.org/pmworks.html
PM-61-0122,61,பழைய இராமயணம்,,காப்பியம்,Tamil,https://projectmadurai.org/pm_etexts/pdf/pm0061.pdf,https://projectmadurai.org/pm_etexts/utf8/pmuni0061.html,True,AUTO_DOWNLOAD_PERMISSION_BEFORE_REDISTRIBUTION,CONTACT_PROJECT_COORDINATORS_AND_RETAIN_HEADERS,pmadurai@gmail.com,Freeze all available formats; preserve each header; request confirmation before Devam online redistribution and commercial use.,https://projectmadurai.org/pmworks.html
PM-62-0123,62,வளையாபதி,,காப்பியம்,Tamil,https://projectmadurai.org/pm_etexts/pdf/pm0062.pdf,https://projectmadurai.org/pm_etexts/utf8/pmuni0062.html,True,AUTO_DOWNLOAD_PERMISSION_BEFORE_REDISTRIBUTION,CONTACT_PROJECT_COORDINATORS_AND_RETAIN_HEADERS,pmadurai@gmail.com,Freeze all available formats; preserve each header; request confirmation before Devam online redistribution and commercial use.,https://projectmadurai.org/pmworks.html
PM-63-0124,63,பொருநாறாற்றுப்படை,முடத்தாமக்கண்ணியார்,சங்ககாலம் - பத்துப்பாட்டு,Tamil,https://projectmadurai.org/pm_etexts/pdf/pm0063.pdf,https://projectmadurai.org/pm_etexts/utf8/pmuni0063.html,True,AUTO_DOWNLOAD_PERMISSION_BEFORE_REDISTRIBUTION,CONTACT_PROJECT_COORDINATORS_AND_RETAIN_HEADERS,pmadurai@gmail.com,Freeze all available formats; preserve each header; request confirmation before Devam online redistribution and commercial use.,https://projectmadurai.org/pmworks.html
PM-64-0125,64,சிறுபாணாற்றுப்படை,நத்தத்தனார்,சங்ககாலம் - பத்துப்பாட்டு,Tamil,https://projectmadurai.org/pm_etexts/pdf/pm0064.pdf,https://projectmadurai.org/pm_etexts/utf8/pmuni0064.html,True,AUTO_DOWNLOAD_PERMISSION_BEFORE_REDISTRIBUTION,CONTACT_PROJECT_COORDINATORS_AND_RETAIN_HEADERS,pmadurai@gmail.com,Freeze all available formats; preserve each header; request confirmation before Devam online redistribution and commercial use.,https://projectmadurai.org/pmworks.html
PM-65-0126,65,அகங்களும் முகங்களும்,சு. வில்வரத்தினம்,கவிதைத் தொகுப்பு,Tamil,https://projectmadurai.org/pm_etexts/pdf/pm0065.pdf,https://projectmadurai.org/pm_etexts/utf8/pmuni0065.html,True,AUTO_DOWNLOAD_PERMISSION_BEFORE_REDISTRIBUTION,CONTACT_PROJECT_COORDINATORS_AND_RETAIN_HEADERS,pmadurai@gmail.com,Freeze all available formats; preserve each header; request confirmation before Devam online redistribution and commercial use.,https://projectmadurai.org/pmworks.html
PM-66-0127,66,அழியா நிழல்கள்,எம்.ஏ. நுஃமான்,கவிதைத் தொகுப்பு,Tamil,https://projectmadurai.org/pm_etexts/pdf/pm0066.pdf,https://projectmadurai.org/pm_etexts/utf8/pmuni0066.html,True,AUTO_DOWNLOAD_PERMISSION_BEFORE_REDISTRIBUTION,CONTACT_PROJECT_COORDINATORS_AND_RETAIN_HEADERS,pmadurai@gmail.com,Freeze all available formats; preserve each header; request confirmation before Devam online redistribution and commercial use.,https://projectmadurai.org/pmworks.html
PM-67-0128,67,திருமுருகாற்றுப்படை,நக்கீரர்,சங்ககாலம் - பத்துப்பாட்டு,Tamil,https://projectmadurai.org/pm_etexts/pdf/pm0067.pdf,https://projectmadurai.org/pm_etexts/utf8/pmuni0067.html,True,AUTO_DOWNLOAD_PERMISSION_BEFORE_REDISTRIBUTION,CONTACT_PROJECT_COORDINATORS_AND_RETAIN_HEADERS,pmadurai@gmail.com,Freeze all available formats; preserve each header; request confirmation before Devam online redistribution and commercial use.,https://projectmadurai.org/pmworks.html
PM-68-0129,68,இருபா இருபஃது,அருணந்தி சிவாச்சாரியார்,சைவ சித்தாந்தம்,Tamil,https://projectmadurai.org/pm_etexts/pdf/pm0068.pdf,https://projectmadurai.org/pm_etexts/utf8/pmuni0068.html,True,AUTO_DOWNLOAD_PERMISSION_BEFORE_REDISTRIBUTION,CONTACT_PROJECT_COORDINATORS_AND_RETAIN_HEADERS,pmadurai@gmail.com,Freeze all available formats; preserve each header; request confirmation before Devam online redistribution and commercial use.,https://projectmadurai.org/pmworks.html
PM-68-0130,68,உண்மை விளக்கம்,மணவாசகங் கடனார்,சங்ககாலம் - பத்துப்பாட்டு,Tamil,https://projectmadurai.org/pm_etexts/pdf/pm0068.pdf,https://projectmadurai.org/pm_etexts/utf8/pmuni0068.html,True,AUTO_DOWNLOAD_PERMISSION_BEFORE_REDISTRIBUTION,CONTACT_PROJECT_COORDINATORS_AND_RETAIN_HEADERS,pmadurai@gmail.com,Freeze all available formats; preserve each header; request confirmation before Devam online redistribution and commercial use.,https://projectmadurai.org/pmworks.html
PM-69-0131,69,பெரும்பாணாற்றுப்படை,கடியலூர் உருத்திரங்கண்ணனார்,சங்ககாலம் - பத்துப்பாட்டு,Tamil,https://projectmadurai.org/pm_etexts/pdf/pm0069.pdf,https://projectmadurai.org/pm_etexts/utf8/pmuni0069.html,True,AUTO_DOWNLOAD_PERMISSION_BEFORE_REDISTRIBUTION,CONTACT_PROJECT_COORDINATORS_AND_RETAIN_HEADERS,pmadurai@gmail.com,Freeze all available formats; preserve each header; request confirmation before Devam online redistribution and commercial use.,https://projectmadurai.org/pmworks.html
PM-70-0132,70,நெடுநல் வாடை,நக்கீரர்,சங்ககாலம் - பத்துப்பாட்டு,Tamil,https://projectmadurai.org/pm_etexts/pdf/pm0070.pdf,https://projectmadurai.org/pm_etexts/utf8/pmuni0070.html,True,AUTO_DOWNLOAD_PERMISSION_BEFORE_REDISTRIBUTION,CONTACT_PROJECT_COORDINATORS_AND_RETAIN_HEADERS,pmadurai@gmail.com,Freeze all available formats; preserve each header; request confirmation before Devam online redistribution and commercial use.,https://projectmadurai.org/pmworks.html
PM-71-0133,71,மதுரைக் காஞ்சி,மாங்குடி மருதனார்,சங்ககாலம் - பத்துப்பாட்டு,Tamil,https://projectmadurai.org/pm_etexts/pdf/pm0071.pdf,https://projectmadurai.org/pm_etexts/utf8/pmuni0071.html,True,AUTO_DOWNLOAD_PERMISSION_BEFORE_REDISTRIBUTION,CONTACT_PROJECT_COORDINATORS_AND_RETAIN_HEADERS,pmadurai@gmail.com,Freeze all available formats; preserve each header; request confirmation before Devam online redistribution and commercial use.,https://projectmadurai.org/pmworks.html
PM-72-0134,72,நாமக்கல் கவிஞர் பாடல்கள் - 1,நாமக்கல் இராமலிங்கம் பிள்ளை,பாடல்கள் - தொகுப்பு,Tamil,https://projectmadurai.org/pm_etexts/pdf/pm0072.pdf,https://projectmadurai.org/pm_etexts/utf8/pmuni0072.html,True,AUTO_DOWNLOAD_PERMISSION_BEFORE_REDISTRIBUTION,CONTACT_PROJECT_COORDINATORS_AND_RETAIN_HEADERS,pmadurai@gmail.com,Freeze all available formats; preserve each header; request confirmation before Devam online redistribution and commercial use.,https://projectmadurai.org/pmworks.html
PM-73-0135,73,குறிஞ்சிப் பாட்டு,கபிலர்,சங்ககாலம் - பத்துப்பாட்டு,Tamil,https://projectmadurai.org/pm_etexts/pdf/pm0073.pdf,https://projectmadurai.org/pm_etexts/utf8/pmuni0073.html,True,AUTO_DOWNLOAD_PERMISSION_BEFORE_REDISTRIBUTION,CONTACT_PROJECT_COORDINATORS_AND_RETAIN_HEADERS,pmadurai@gmail.com,Freeze all available formats; preserve each header; request confirmation before Devam online redistribution and commercial use.,https://projectmadurai.org/pmworks.html
PM-74-0136,74,சித்தர் பாடல்கள் (மெய்ஞ்ஞானப் புலம்பல்),பத்ரகிரியார்,சித்தர் பாடல்கள்,Tamil,https://projectmadurai.org/pm_etexts/pdf/pm0074.pdf,https://projectmadurai.org/pm_etexts/utf8/pmuni0074.html,True,AUTO_DOWNLOAD_PERMISSION_BEFORE_REDISTRIBUTION,CONTACT_PROJECT_COORDINATORS_AND_RETAIN_HEADERS,pmadurai@gmail.com,Freeze all available formats; preserve each header; request confirmation before Devam online redistribution and commercial use.,https://projectmadurai.org/pmworks.html
PM-75-0137,75,திருக்கடவூர் பதிகங்கள்,அபிராமி பட்டர்,சமயம் - சைவம்,Tamil,https://projectmadurai.org/pm_etexts/pdf/pm0075.pdf,https://projectmadurai.org/pm_etexts/utf8/pmuni0075.html,True,AUTO_DOWNLOAD_PERMISSION_BEFORE_REDISTRIBUTION,CONTACT_PROJECT_COORDINATORS_AND_RETAIN_HEADERS,pmadurai@gmail.com,Freeze all available formats; preserve each header; request confirmation before Devam online redistribution and commercial use.,https://projectmadurai.org/pmworks.html
PM-76-0138,76,சித்தர் பாடல்கள் தொகுப்பு,அழுகணிச் சித்தர்; இராமதேவர்; கடுவெளிச் சித்தர்; குதம்பைச் சித்தர்; சட்டைமுனி ; திருமூல நாயனார்; திருவள்ளுவர்,சித்தர் பாடல்கள்,Tamil,https://projectmadurai.org/pm_etexts/pdf/pm0076.pdf,https://projectmadurai.org/pm_etexts/utf8/pmuni0076.html,True,AUTO_DOWNLOAD_PERMISSION_BEFORE_REDISTRIBUTION,CONTACT_PROJECT_COORDINATORS_AND_RETAIN_HEADERS,pmadurai@gmail.com,Freeze all available formats; preserve each header; request confirmation before Devam online redistribution and commercial use.,https://projectmadurai.org/pmworks.html
PM-77-0139,77,பட்டினப்பாலை,கடியலூர் உருத்திரங்கண்ணனார்,சங்ககாலம் - பத்துப்பாட்டு,Tamil,https://projectmadurai.org/pm_etexts/pdf/pm0077.pdf,https://projectmadurai.org/pm_etexts/utf8/pmuni0077.html,True,AUTO_DOWNLOAD_PERMISSION_BEFORE_REDISTRIBUTION,CONTACT_PROJECT_COORDINATORS_AND_RETAIN_HEADERS,pmadurai@gmail.com,Freeze all available formats; preserve each header; request confirmation before Devam online redistribution and commercial use.,https://projectmadurai.org/pmworks.html
PM-78-0140,78,மலைபடு கடாம்,பெருங்கௌசிகனார்,சங்ககாலம் - பத்துப்பாட்டு,Tamil,https://projectmadurai.org/pm_etexts/pdf/pm0078.pdf,https://projectmadurai.org/pm_etexts/utf8/pmuni0078.html,True,AUTO_DOWNLOAD_PERMISSION_BEFORE_REDISTRIBUTION,CONTACT_PROJECT_COORDINATORS_AND_RETAIN_HEADERS,pmadurai@gmail.com,Freeze all available formats; preserve each header; request confirmation before Devam online redistribution and commercial use.,https://projectmadurai.org/pmworks.html
PM-79-0141,79,நாமக்கல் கவிஞர் பாடல்கள் - 2,நாமக்கல் இராமலிங்கம் பிள்ளை,பாடல்கள் - தொகுப்பு,Tamil,https://projectmadurai.org/pm_etexts/pdf/pm0079.pdf,https://projectmadurai.org/pm_etexts/utf8/pmuni0079.html,True,AUTO_DOWNLOAD_PERMISSION_BEFORE_REDISTRIBUTION,CONTACT_PROJECT_COORDINATORS_AND_RETAIN_HEADERS,pmadurai@gmail.com,Freeze all available formats; preserve each header; request confirmation before Devam online redistribution and commercial use.,https://projectmadurai.org/pmworks.html
PM-80-0142,80,சிவஞான போதம்,மெய்கண்ட தேவர்,சைவ சித்தாந்தம்,Tamil,https://projectmadurai.org/pm_etexts/pdf/pm0080.pdf,https://projectmadurai.org/pm_etexts/utf8/pmuni0080.html,True,AUTO_DOWNLOAD_PERMISSION_BEFORE_REDISTRIBUTION,CONTACT_PROJECT_COORDINATORS_AND_RETAIN_HEADERS,pmadurai@gmail.com,Freeze all available formats; preserve each header; request confirmation before Devam online redistribution and commercial use.,https://projectmadurai.org/pmworks.html
PM-81-0143,81,திருவருட்பயன்,உமாபதி சிவாச்சாரியார்,சைவ சித்தாந்தம்,Tamil,https://projectmadurai.org/pm_etexts/pdf/pm0081.pdf,https://projectmadurai.org/pm_etexts/utf8/pmuni0081.html,True,AUTO_DOWNLOAD_PERMISSION_BEFORE_REDISTRIBUTION,CONTACT_PROJECT_COORDINATORS_AND_RETAIN_HEADERS,pmadurai@gmail.com,Freeze all available formats; preserve each header; request confirmation before Devam online redistribution and commercial use.,https://projectmadurai.org/pmworks.html
PM-82-0144,82,மோகவாசல் (சிறுகதைத் தொகுப்பு),ரஞ்சகுமார்,சிறுகதைகள் தொகுப்பு,Tamil,https://projectmadurai.org/pm_etexts/pdf/pm0082.pdf,https://projectmadurai.org/pm_etexts/utf8/pmuni0082.html,True,AUTO_DOWNLOAD_PERMISSION_BEFORE_REDISTRIBUTION,CONTACT_PROJECT_COORDINATORS_AND_RETAIN_HEADERS,pmadurai@gmail.com,Freeze all available formats; preserve each header; request confirmation before Devam online redistribution and commercial use.,https://projectmadurai.org/pmworks.html
PM-83-0145,83,சித்தர் (பட்டினத்தார்) பாடல்கள்,பட்டினத்துப் பிள்ளையார்,சித்தர் பாடல்கள்,Tamil,https://projectmadurai.org/pm_etexts/pdf/pm0083.pdf,https://projectmadurai.org/pm_etexts/utf8/pmuni0083.html,True,AUTO_DOWNLOAD_PERMISSION_BEFORE_REDISTRIBUTION,CONTACT_PROJECT_COORDINATORS_AND_RETAIN_HEADERS,pmadurai@gmail.com,Freeze all available formats; preserve each header; request confirmation before Devam online redistribution and commercial use.,https://projectmadurai.org/pmworks.html
PM-84-0146,84,தமிழ் இயக்கம்,பாரதிதாசன்,கட்டுரைகள்,Tamil,https://projectmadurai.org/pm_etexts/pdf/pm0084.pdf,https://projectmadurai.org/pm_etexts/utf8/pmuni0084.html,True,AUTO_DOWNLOAD_PERMISSION_BEFORE_REDISTRIBUTION,CONTACT_PROJECT_COORDINATORS_AND_RETAIN_HEADERS,pmadurai@gmail.com,Freeze all available formats; preserve each header; request confirmation before Devam online redistribution and commercial use.,https://projectmadurai.org/pmworks.html
PM-85-0147,85,நாமக்கல் கவிஞர் பாடல்கள் - 3,நாமக்கல் இராமலிங்கம் பிள்ளை,பாடல்கள் - தொகுப்பு,Tamil,https://projectmadurai.org/pm_etexts/pdf/pm0085.pdf,https://projectmadurai.org/pm_etexts/utf8/pmuni0085.html,True,AUTO_DOWNLOAD_PERMISSION_BEFORE_REDISTRIBUTION,CONTACT_PROJECT_COORDINATORS_AND_RETAIN_HEADERS,pmadurai@gmail.com,Freeze all available formats; preserve each header; request confirmation before Devam online redistribution and commercial use.,https://projectmadurai.org/pmworks.html
PM-86-0148,86,இருண்ட வீடு,பாரதிதாசன்,காவியம்,Tamil,https://projectmadurai.org/pm_etexts/pdf/pm0086.pdf,https://projectmadurai.org/pm_etexts/utf8/pmuni0086.html,True,AUTO_DOWNLOAD_PERMISSION_BEFORE_REDISTRIBUTION,CONTACT_PROJECT_COORDINATORS_AND_RETAIN_HEADERS,pmadurai@gmail.com,Freeze all available formats; preserve each header; request confirmation before Devam online redistribution and commercial use.,https://projectmadurai.org/pmworks.html
PM-87-0149,87,பரிபாடல்,பல ஆசிரியர்கள் (13),சங்ககாலம் – எட்டுத்தொகை,Tamil,https://projectmadurai.org/pm_etexts/pdf/pm0087.pdf,https://projectmadurai.org/pm_etexts/utf8/pmuni0087.html,True,AUTO_DOWNLOAD_PERMISSION_BEFORE_REDISTRIBUTION,CONTACT_PROJECT_COORDINATORS_AND_RETAIN_HEADERS,pmadurai@gmail.com,Freeze all available formats; preserve each header; request confirmation before Devam online redistribution and commercial use.,https://projectmadurai.org/pmworks.html
PM-87-0150,87,பரிபாடல் திரட்டு,,சங்ககாலம் – எட்டுத்தொகை,Tamil,https://projectmadurai.org/pm_etexts/pdf/pm0087.pdf,https://projectmadurai.org/pm_etexts/utf8/pmuni0087.html,True,AUTO_DOWNLOAD_PERMISSION_BEFORE_REDISTRIBUTION,CONTACT_PROJECT_COORDINATORS_AND_RETAIN_HEADERS,pmadurai@gmail.com,Freeze all available formats; preserve each header; request confirmation before Devam online redistribution and commercial use.,https://projectmadurai.org/pmworks.html
PM-88-0151,88,மரணத்தில் வாழ்வோம் (கவிதை தொகுப்பு),பல ஆசிரியர்கள்,கவிதைத் தொகுப்பு,Tamil,https://projectmadurai.org/pm_etexts/pdf/pm0088.pdf,https://projectmadurai.org/pm_etexts/utf8/pmuni0088.html,True,AUTO_DOWNLOAD_PERMISSION_BEFORE_REDISTRIBUTION,CONTACT_PROJECT_COORDINATORS_AND_RETAIN_HEADERS,pmadurai@gmail.com,Freeze all available formats; preserve each header; request confirmation before Devam online redistribution and commercial use.,https://projectmadurai.org/pmworks.html
PM-89-0152,89,குடும்ப விளக்கு,பாரதிதாசன்,காவியம்,Tamil,https://projectmadurai.org/pm_etexts/pdf/pm0089.pdf,https://projectmadurai.org/pm_etexts/utf8/pmuni0089.html,True,AUTO_DOWNLOAD_PERMISSION_BEFORE_REDISTRIBUTION,CONTACT_PROJECT_COORDINATORS_AND_RETAIN_HEADERS,pmadurai@gmail.com,Freeze all available formats; preserve each header; request confirmation before Devam online redistribution and commercial use.,https://projectmadurai.org/pmworks.html
PM-90-0153,90,காதல் நினைவுகள்,பாரதிதாசன்,கவிதைகள்,Tamil,https://projectmadurai.org/pm_etexts/pdf/pm0090.pdf,https://projectmadurai.org/pm_etexts/utf8/pmuni0090.html,True,AUTO_DOWNLOAD_PERMISSION_BEFORE_REDISTRIBUTION,CONTACT_PROJECT_COORDINATORS_AND_RETAIN_HEADERS,pmadurai@gmail.com,Freeze all available formats; preserve each header; request confirmation before Devam online redistribution and commercial use.,https://projectmadurai.org/pmworks.html
PM-91-0154,91,"பாஞ்சாலி சபதம் -பாகம் 1 (சருக்கம் 1, 2)",சி. சுப்ரமணிய பாரதியார்,பாடல்கள் - தொகுப்பு,Tamil,https://projectmadurai.org/pm_etexts/pdf/pm0091.pdf,https://projectmadurai.org/pm_etexts/utf8/pmuni0091.html,True,AUTO_DOWNLOAD_PERMISSION_BEFORE_REDISTRIBUTION,CONTACT_PROJECT_COORDINATORS_AND_RETAIN_HEADERS,pmadurai@gmail.com,Freeze all available formats; preserve each header; request confirmation before Devam online redistribution and commercial use.,https://projectmadurai.org/pmworks.html
PM-92-0155,92,திருமுறை 9 /திருஇசைப்பா,சேந்தனார்,சமயம் - சைவம்,Tamil,https://projectmadurai.org/pm_etexts/pdf/pm0092.pdf,https://projectmadurai.org/pm_etexts/utf8/pmuni0092.html,True,AUTO_DOWNLOAD_PERMISSION_BEFORE_REDISTRIBUTION,CONTACT_PROJECT_COORDINATORS_AND_RETAIN_HEADERS,pmadurai@gmail.com,Freeze all available formats; preserve each header; request confirmation before Devam online redistribution and commercial use.,https://projectmadurai.org/pmworks.html
PM-92-0156,92,திருமுறை 9 /திருஇசைப்பா,கருவூர்த்தேவர்,சமயம் - சைவம்,Tamil,https://projectmadurai.org/pm_etexts/pdf/pm0092.pdf,https://projectmadurai.org/pm_etexts/utf8/pmuni0092.html,True,AUTO_DOWNLOAD_PERMISSION_BEFORE_REDISTRIBUTION,CONTACT_PROJECT_COORDINATORS_AND_RETAIN_HEADERS,pmadurai@gmail.com,Freeze all available formats; preserve each header; request confirmation before Devam online redistribution and commercial use.,https://projectmadurai.org/pmworks.html
PM-92-0157,92,திருமுறை 9 /திருஇசைப்பா,பூந்துருத்திநம்பி காடநம்பி,சமயம் - சைவம்,Tamil,https://projectmadurai.org/pm_etexts/pdf/pm0092.pdf,https://projectmadurai.org/pm_etexts/utf8/pmuni0092.html,True,AUTO_DOWNLOAD_PERMISSION_BEFORE_REDISTRIBUTION,CONTACT_PROJECT_COORDINATORS_AND_RETAIN_HEADERS,pmadurai@gmail.com,Freeze all available formats; preserve each header; request confirmation before Devam online redistribution and commercial use.,https://projectmadurai.org/pmworks.html
PM-92-0158,92,திருமுறை 9 /திருஇசைப்பா,கண்டராதித்தர்,சமயம் - சைவம்,Tamil,https://projectmadurai.org/pm_etexts/pdf/pm0092.pdf,https://projectmadurai.org/pm_etexts/utf8/pmuni0092.html,True,AUTO_DOWNLOAD_PERMISSION_BEFORE_REDISTRIBUTION,CONTACT_PROJECT_COORDINATORS_AND_RETAIN_HEADERS,pmadurai@gmail.com,Freeze all available formats; preserve each header; request confirmation before Devam online redistribution and commercial use.,https://projectmadurai.org/pmworks.html
PM-92-0159,92,திருமுறை 9 /திருஇசைப்பா,வேணாட்டடிகள்,சமயம் - சைவம்,Tamil,https://projectmadurai.org/pm_etexts/pdf/pm0092.pdf,https://projectmadurai.org/pm_etexts/utf8/pmuni0092.html,True,AUTO_DOWNLOAD_PERMISSION_BEFORE_REDISTRIBUTION,CONTACT_PROJECT_COORDINATORS_AND_RETAIN_HEADERS,pmadurai@gmail.com,Freeze all available formats; preserve each header; request confirmation before Devam online redistribution and commercial use.,https://projectmadurai.org/pmworks.html
PM-92-0160,92,திருமுறை 9 /திருஇசைப்பா,திருவாலியமுதனார்,சமயம் - சைவம்,Tamil,https://projectmadurai.org/pm_etexts/pdf/pm0092.pdf,https://projectmadurai.org/pm_etexts/utf8/pmuni0092.html,True,AUTO_DOWNLOAD_PERMISSION_BEFORE_REDISTRIBUTION,CONTACT_PROJECT_COORDINATORS_AND_RETAIN_HEADERS,pmadurai@gmail.com,Freeze all available formats; preserve each header; request confirmation before Devam online redistribution and commercial use.,https://projectmadurai.org/pmworks.html
PM-92-0161,92,திருமுறை 9 /திருஇசைப்பா,திருமாளிகைத்தேவர்,சமயம் - சைவம்,Tamil,https://projectmadurai.org/pm_etexts/pdf/pm0092.pdf,https://projectmadurai.org/pm_etexts/utf8/pmuni0092.html,True,AUTO_DOWNLOAD_PERMISSION_BEFORE_REDISTRIBUTION,CONTACT_PROJECT_COORDINATORS_AND_RETAIN_HEADERS,pmadurai@gmail.com,Freeze all available formats; preserve each header; request confirmation before Devam online redistribution and commercial use.,https://projectmadurai.org/pmworks.html
PM-93-0162,93,இசை அமுது,பாரதிதாசன்,இசைப்பாடல்,Tamil,https://projectmadurai.org/pm_etexts/pdf/pm0093.pdf,https://projectmadurai.org/pm_etexts/utf8/pmuni0093.html,True,AUTO_DOWNLOAD_PERMISSION_BEFORE_REDISTRIBUTION,CONTACT_PROJECT_COORDINATORS_AND_RETAIN_HEADERS,pmadurai@gmail.com,Freeze all available formats; preserve each header; request confirmation before Devam online redistribution and commercial use.,https://projectmadurai.org/pmworks.html
PM-94-0163,94,திருவாசகம் (ஆங்கில மொழிபெயர்ப்பு) - பாகம் 1 (tiruvAcagam or Sacred Utterances - part 1),ஜி.யூ. போப் /மாணிக்க வாசகர் (G.U. Pope / mAnikkavACagar),சமயம் - சைவம்,Tamil,https://projectmadurai.org/pm_etexts/pdf/pm0094.pdf,https://projectmadurai.org/pm_etexts/utf8/pmuni0094.html,True,AUTO_DOWNLOAD_PERMISSION_BEFORE_REDISTRIBUTION,CONTACT_PROJECT_COORDINATORS_AND_RETAIN_HEADERS,pmadurai@gmail.com,Freeze all available formats; preserve each header; request confirmation before Devam online redistribution and commercial use.,https://projectmadurai.org/pmworks.html
PM-95-0164,95,சந்திரிகையின் கதை,சி. சுப்ரமணிய பாரதியார்,சிறுகதைகள் தொகுப்பு,Tamil,https://projectmadurai.org/pm_etexts/pdf/pm0095.pdf,https://projectmadurai.org/pm_etexts/utf8/pmuni0095.html,True,AUTO_DOWNLOAD_PERMISSION_BEFORE_REDISTRIBUTION,CONTACT_PROJECT_COORDINATORS_AND_RETAIN_HEADERS,pmadurai@gmail.com,Freeze all available formats; preserve each header; request confirmation before Devam online redistribution and commercial use.,https://projectmadurai.org/pmworks.html
PM-96-0165,96,முகம் கொள்,கி.பி. அரவிந்தன்,கவிதைகள் தொகுப்பு,Tamil,https://projectmadurai.org/pm_etexts/pdf/pm0096.pdf,https://projectmadurai.org/pm_etexts/utf8/pmuni0096.html,True,AUTO_DOWNLOAD_PERMISSION_BEFORE_REDISTRIBUTION,CONTACT_PROJECT_COORDINATORS_AND_RETAIN_HEADERS,pmadurai@gmail.com,Freeze all available formats; preserve each header; request confirmation before Devam online redistribution and commercial use.,https://projectmadurai.org/pmworks.html
PM-97-0166,97,இனி ஒரு வைகறை,கி.பி. அரவிந்தன்,கவிதைகள் தொகுப்பு,Tamil,https://projectmadurai.org/pm_etexts/pdf/pm0097.pdf,https://projectmadurai.org/pm_etexts/utf8/pmuni0097.html,True,AUTO_DOWNLOAD_PERMISSION_BEFORE_REDISTRIBUTION,CONTACT_PROJECT_COORDINATORS_AND_RETAIN_HEADERS,pmadurai@gmail.com,Freeze all available formats; preserve each header; request confirmation before Devam online redistribution and commercial use.,https://projectmadurai.org/pmworks.html
PM-98-0167,98,கனவின் மீதி,கி.பி. அரவிந்தன்,கவிதைகள் தொகுப்பு,Tamil,https://projectmadurai.org/pm_etexts/pdf/pm0098.pdf,https://projectmadurai.org/pm_etexts/utf8/pmuni0098.html,True,AUTO_DOWNLOAD_PERMISSION_BEFORE_REDISTRIBUTION,CONTACT_PROJECT_COORDINATORS_AND_RETAIN_HEADERS,pmadurai@gmail.com,Freeze all available formats; preserve each header; request confirmation before Devam online redistribution and commercial use.,https://projectmadurai.org/pmworks.html
PM-99-0168,99,காற்றுவழிக் கிராமம்,சு. வில்வரத்தினம்,கவிதைத் தொகுப்பு,Tamil,https://projectmadurai.org/pm_etexts/pdf/pm0099.pdf,https://projectmadurai.org/pm_etexts/utf8/pmuni0099.html,True,AUTO_DOWNLOAD_PERMISSION_BEFORE_REDISTRIBUTION,CONTACT_PROJECT_COORDINATORS_AND_RETAIN_HEADERS,pmadurai@gmail.com,Freeze all available formats; preserve each header; request confirmation before Devam online redistribution and commercial use.,https://projectmadurai.org/pmworks.html
PM-100-0169,100,தொல்காப்பியம்,தொல்காப்பியர்,இலக்கணம்,Tamil,https://projectmadurai.org/pm_etexts/pdf/pm0100.pdf,https://projectmadurai.org/pm_etexts/utf8/pmuni0100.html,True,AUTO_DOWNLOAD_PERMISSION_BEFORE_REDISTRIBUTION,CONTACT_PROJECT_COORDINATORS_AND_RETAIN_HEADERS,pmadurai@gmail.com,Freeze all available formats; preserve each header; request confirmation before Devam online redistribution and commercial use.,https://projectmadurai.org/pmworks.html
PM-101-0170,101,நேமிநாதம்,குணவீர பண்டிதர்,இலக்கணம்,Tamil,https://projectmadurai.org/pm_etexts/pdf/pm0101.pdf,https://projectmadurai.org/pm_etexts/utf8/pmuni0101.html,True,AUTO_DOWNLOAD_PERMISSION_BEFORE_REDISTRIBUTION,CONTACT_PROJECT_COORDINATORS_AND_RETAIN_HEADERS,pmadurai@gmail.com,Freeze all available formats; preserve each header; request confirmation before Devam online redistribution and commercial use.,https://projectmadurai.org/pmworks.html
PM-102-0171,102,ஒப்பியல் இலக்கியம்,கே. கைலாசபதி,இலக்கியக் கட்டுரைகள்,Tamil,https://projectmadurai.org/pm_etexts/pdf/pm0102.pdf,https://projectmadurai.org/pm_etexts/utf8/pmuni0102.html,True,AUTO_DOWNLOAD_PERMISSION_BEFORE_REDISTRIBUTION,CONTACT_PROJECT_COORDINATORS_AND_RETAIN_HEADERS,pmadurai@gmail.com,Freeze all available formats; preserve each header; request confirmation before Devam online redistribution and commercial use.,https://projectmadurai.org/pmworks.html
PM-103-0172,103,அழகர் கிள்ளை விடுதூது,சொக்கநாதப்புலவர்,பிரபந்தம் - தூது,Tamil,https://projectmadurai.org/pm_etexts/pdf/pm0103.pdf,https://projectmadurai.org/pm_etexts/utf8/pmuni0103.html,True,AUTO_DOWNLOAD_PERMISSION_BEFORE_REDISTRIBUTION,CONTACT_PROJECT_COORDINATORS_AND_RETAIN_HEADERS,pmadurai@gmail.com,Freeze all available formats; preserve each header; request confirmation before Devam online redistribution and commercial use.,https://projectmadurai.org/pmworks.html
PM-104-0173,104,பாண்டியன் பரிசு,பாரதிதாசன்,காவியம்,Tamil,https://projectmadurai.org/pm_etexts/pdf/pm0104.pdf,https://projectmadurai.org/pm_etexts/utf8/pmuni0104.html,True,AUTO_DOWNLOAD_PERMISSION_BEFORE_REDISTRIBUTION,CONTACT_PROJECT_COORDINATORS_AND_RETAIN_HEADERS,pmadurai@gmail.com,Freeze all available formats; preserve each header; request confirmation before Devam online redistribution and commercial use.,https://projectmadurai.org/pmworks.html
PM-105-0174,105,மனோண்மணீயம்,சுந்தரம் பிள்ளை,இலக்கியம்,Tamil,https://projectmadurai.org/pm_etexts/pdf/pm0105.pdf,https://projectmadurai.org/pm_etexts/utf8/pmuni0105.html,True,AUTO_DOWNLOAD_PERMISSION_BEFORE_REDISTRIBUTION,CONTACT_PROJECT_COORDINATORS_AND_RETAIN_HEADERS,pmadurai@gmail.com,Freeze all available formats; preserve each header; request confirmation before Devam online redistribution and commercial use.,https://projectmadurai.org/pmworks.html
PM-106-0175,106,திருக்குற்றாலக் குறவஞ்சி,திருக்கூட ராசப்பக் கவிராயர்,பிரபந்தம் - குறவஞ்சி,Tamil,https://projectmadurai.org/pm_etexts/pdf/pm0106.pdf,https://projectmadurai.org/pm_etexts/utf8/pmuni0106.html,True,AUTO_DOWNLOAD_PERMISSION_BEFORE_REDISTRIBUTION,CONTACT_PROJECT_COORDINATORS_AND_RETAIN_HEADERS,pmadurai@gmail.com,Freeze all available formats; preserve each header; request confirmation before Devam online redistribution and commercial use.,https://projectmadurai.org/pmworks.html
PM-106-0176,106,திருக்குற்றால மாலை,திருக்கூட ராசப்பக் கவிராயர்,பிரபந்தம் - மாலை,Tamil,https://projectmadurai.org/pm_etexts/pdf/pm0106.pdf,https://projectmadurai.org/pm_etexts/utf8/pmuni0106.html,True,AUTO_DOWNLOAD_PERMISSION_BEFORE_REDISTRIBUTION,CONTACT_PROJECT_COORDINATORS_AND_RETAIN_HEADERS,pmadurai@gmail.com,Freeze all available formats; preserve each header; request confirmation before Devam online redistribution and commercial use.,https://projectmadurai.org/pmworks.html
PM-106-0177,106,திருக்குற்றாலப் பதிகம்,திருஞான சம்பந்தர்,பிரபந்தம் - பதிகம்,Tamil,https://projectmadurai.org/pm_etexts/pdf/pm0106.pdf,https://projectmadurai.org/pm_etexts/utf8/pmuni0106.html,True,AUTO_DOWNLOAD_PERMISSION_BEFORE_REDISTRIBUTION,CONTACT_PROJECT_COORDINATORS_AND_RETAIN_HEADERS,pmadurai@gmail.com,Freeze all available formats; preserve each header; request confirmation before Devam online redistribution and commercial use.,https://projectmadurai.org/pmworks.html
PM-106-0178,106,திருக்குறும்பாலப் பதிகம்,திருஞான சம்பந்தர்,சமயம் - சைவம்,Tamil,https://projectmadurai.org/pm_etexts/pdf/pm0106.pdf,https://projectmadurai.org/pm_etexts/utf8/pmuni0106.html,True,AUTO_DOWNLOAD_PERMISSION_BEFORE_REDISTRIBUTION,CONTACT_PROJECT_COORDINATORS_AND_RETAIN_HEADERS,pmadurai@gmail.com,Freeze all available formats; preserve each header; request confirmation before Devam online redistribution and commercial use.,https://projectmadurai.org/pmworks.html
PM-107-0179,107,அறியப்படாதவர்கள்நினைவாக,அ. யேசுராசா,கவிதைகள்,Tamil,https://projectmadurai.org/pm_etexts/pdf/pm0107.pdf,https://projectmadurai.org/pm_etexts/utf8/pmuni0107.html,True,AUTO_DOWNLOAD_PERMISSION_BEFORE_REDISTRIBUTION,CONTACT_PROJECT_COORDINATORS_AND_RETAIN_HEADERS,pmadurai@gmail.com,Freeze all available formats; preserve each header; request confirmation before Devam online redistribution and commercial use.,https://projectmadurai.org/pmworks.html
PM-108-0180,108,இளைஞர் இலக்கியம்,பாரதிதாசன்,கவிதை,Tamil,https://projectmadurai.org/pm_etexts/pdf/pm0108.pdf,https://projectmadurai.org/pm_etexts/utf8/pmuni0108.html,True,AUTO_DOWNLOAD_PERMISSION_BEFORE_REDISTRIBUTION,CONTACT_PROJECT_COORDINATORS_AND_RETAIN_HEADERS,pmadurai@gmail.com,Freeze all available formats; preserve each header; request confirmation before Devam online redistribution and commercial use.,https://projectmadurai.org/pmworks.html
PM-109-0181,109,திருமலையாண்டவர் குறவஞ்சி,,பிரபந்தம் - குறவஞ்சி,Tamil,https://projectmadurai.org/pm_etexts/pdf/pm0109.pdf,https://projectmadurai.org/pm_etexts/utf8/pmuni0109.html,True,AUTO_DOWNLOAD_PERMISSION_BEFORE_REDISTRIBUTION,CONTACT_PROJECT_COORDINATORS_AND_RETAIN_HEADERS,pmadurai@gmail.com,Freeze all available formats; preserve each header; request confirmation before Devam online redistribution and commercial use.,https://projectmadurai.org/pmworks.html
PM-110-0182,110,குறுந்தொகை,பல ஆசிரியர்கள்,சங்ககாலம் – எட்டுத்தொகை,Tamil,https://projectmadurai.org/pm_etexts/pdf/pm0110.pdf,https://projectmadurai.org/pm_etexts/utf8/pmuni0110.html,True,AUTO_DOWNLOAD_PERMISSION_BEFORE_REDISTRIBUTION,CONTACT_PROJECT_COORDINATORS_AND_RETAIN_HEADERS,pmadurai@gmail.com,Freeze all available formats; preserve each header; request confirmation before Devam online redistribution and commercial use.,https://projectmadurai.org/pmworks.html
PM-111-0183,111,சிலப்பதிகாரம் /பாகம் 2 /மதுரைக்காண்டம்,இளங்கோ அடிகள்,காப்பியம்,Tamil,https://projectmadurai.org/pm_etexts/pdf/pm0111_01.pdf,https://projectmadurai.org/pm_etexts/utf8/pmuni0111_01.html,True,AUTO_DOWNLOAD_PERMISSION_BEFORE_REDISTRIBUTION,CONTACT_PROJECT_COORDINATORS_AND_RETAIN_HEADERS,pmadurai@gmail.com,Freeze all available formats; preserve each header; request confirmation before Devam online redistribution and commercial use.,https://projectmadurai.org/pmworks.html
PM-111-0184,111,சிலப்பதிகாரம் /பாகம் 3 /வஞ்சிக்காண்டம்,இளங்கோ அடிகள்,காப்பியம்,Tamil,https://projectmadurai.org/pm_etexts/pdf/pm0111_02.pdf,https://projectmadurai.org/pm_etexts/utf8/pmuni0111_02.html,True,AUTO_DOWNLOAD_PERMISSION_BEFORE_REDISTRIBUTION,CONTACT_PROJECT_COORDINATORS_AND_RETAIN_HEADERS,pmadurai@gmail.com,Freeze all available formats; preserve each header; request confirmation before Devam online redistribution and commercial use.,https://projectmadurai.org/pmworks.html
PM-112-0185,112,கோதை நாச்சியார் தாலாட்டு,,சமயம் - வைணவம்,Tamil,https://projectmadurai.org/pm_etexts/pdf/pm0112.pdf,https://projectmadurai.org/pm_etexts/utf8/pmuni0112.html,True,AUTO_DOWNLOAD_PERMISSION_BEFORE_REDISTRIBUTION,CONTACT_PROJECT_COORDINATORS_AND_RETAIN_HEADERS,pmadurai@gmail.com,Freeze all available formats; preserve each header; request confirmation before Devam online redistribution and commercial use.,https://projectmadurai.org/pmworks.html
PM-113-0186,113,வடமலை நிகண்டு,ஈஸ்வர பாரதி,இலக்கணம்,Tamil,https://projectmadurai.org/pm_etexts/pdf/pm0113.pdf,https://projectmadurai.org/pm_etexts/utf8/pmuni0113.html,True,AUTO_DOWNLOAD_PERMISSION_BEFORE_REDISTRIBUTION,CONTACT_PROJECT_COORDINATORS_AND_RETAIN_HEADERS,pmadurai@gmail.com,Freeze all available formats; preserve each header; request confirmation before Devam online redistribution and commercial use.,https://projectmadurai.org/pmworks.html
PM-114-0187,114,உண்மை நெறி விளக்கம்,உமாபதி சிவம்,சைவ சித்தாந்தம்,Tamil,https://projectmadurai.org/pm_etexts/pdf/pm0114.pdf,https://projectmadurai.org/pm_etexts/utf8/pmuni0114.html,True,AUTO_DOWNLOAD_PERMISSION_BEFORE_REDISTRIBUTION,CONTACT_PROJECT_COORDINATORS_AND_RETAIN_HEADERS,pmadurai@gmail.com,Freeze all available formats; preserve each header; request confirmation before Devam online redistribution and commercial use.,https://projectmadurai.org/pmworks.html
PM-114-0188,114,கொடிக்கவி,உமாபதி சிவம்,சைவ சித்தாந்தம்,Tamil,https://projectmadurai.org/pm_etexts/pdf/pm0114.pdf,https://projectmadurai.org/pm_etexts/utf8/pmuni0114.html,True,AUTO_DOWNLOAD_PERMISSION_BEFORE_REDISTRIBUTION,CONTACT_PROJECT_COORDINATORS_AND_RETAIN_HEADERS,pmadurai@gmail.com,Freeze all available formats; preserve each header; request confirmation before Devam online redistribution and commercial use.,https://projectmadurai.org/pmworks.html
PM-114-0189,114,போற்றீப்பஃறொடை,உமாபதி சிவம்,சைவ சித்தாந்தம்,Tamil,https://projectmadurai.org/pm_etexts/pdf/pm0114.pdf,https://projectmadurai.org/pm_etexts/utf8/pmuni0114.html,True,AUTO_DOWNLOAD_PERMISSION_BEFORE_REDISTRIBUTION,CONTACT_PROJECT_COORDINATORS_AND_RETAIN_HEADERS,pmadurai@gmail.com,Freeze all available formats; preserve each header; request confirmation before Devam online redistribution and commercial use.,https://projectmadurai.org/pmworks.html
PM-115-0190,115,சிவப்பிரகாசம்,உமாபதி சிவம்,சைவ சித்தாந்தம்,Tamil,https://projectmadurai.org/pm_etexts/pdf/pm0115.pdf,https://projectmadurai.org/pm_etexts/utf8/pmuni0115.html,True,AUTO_DOWNLOAD_PERMISSION_BEFORE_REDISTRIBUTION,CONTACT_PROJECT_COORDINATORS_AND_RETAIN_HEADERS,pmadurai@gmail.com,Freeze all available formats; preserve each header; request confirmation before Devam online redistribution and commercial use.,https://projectmadurai.org/pmworks.html
PM-115-0191,115,நெஞ்சு விடு தூது,உமாபதி சிவம்,சைவ சித்தாந்தம்,Tamil,https://projectmadurai.org/pm_etexts/pdf/pm0115.pdf,https://projectmadurai.org/pm_etexts/utf8/pmuni0115.html,True,AUTO_DOWNLOAD_PERMISSION_BEFORE_REDISTRIBUTION,CONTACT_PROJECT_COORDINATORS_AND_RETAIN_HEADERS,pmadurai@gmail.com,Freeze all available formats; preserve each header; request confirmation before Devam online redistribution and commercial use.,https://projectmadurai.org/pmworks.html
PM-115-0192,115,வினா வெண்பா,உமாபதி சிவம்,சைவ சித்தாந்தம்,Tamil,https://projectmadurai.org/pm_etexts/pdf/pm0115.pdf,https://projectmadurai.org/pm_etexts/utf8/pmuni0115.html,True,AUTO_DOWNLOAD_PERMISSION_BEFORE_REDISTRIBUTION,CONTACT_PROJECT_COORDINATORS_AND_RETAIN_HEADERS,pmadurai@gmail.com,Freeze all available formats; preserve each header; request confirmation before Devam online redistribution and commercial use.,https://projectmadurai.org/pmworks.html
PM-116-0193,116,"(மூவருலா) விக்கிரம சோழனுலா, குலோத்துங்க சோழனுலா & இராசராச சோழனுலா /இராசேந்திர சோழனுலா",ஒட்டக்கூத்தர்,பிரபந்தம் - உலா,Tamil,https://projectmadurai.org/pm_etexts/pdf/pm0116.pdf,https://projectmadurai.org/pm_etexts/utf8/pmuni0116.html,True,AUTO_DOWNLOAD_PERMISSION_BEFORE_REDISTRIBUTION,CONTACT_PROJECT_COORDINATORS_AND_RETAIN_HEADERS,pmadurai@gmail.com,Freeze all available formats; preserve each header; request confirmation before Devam online redistribution and commercial use.,https://projectmadurai.org/pmworks.html
PM-117-0194,117,இருபதாம் நூற்றாண்டு ஈழத்தமிழ் இலக்கியம்,மௌனகுரு; சித்ரலேகா; நூமான்,இலக்கிய வரலாறு,Tamil,https://projectmadurai.org/pm_etexts/pdf/pm0117.pdf,https://projectmadurai.org/pm_etexts/utf8/pmuni0117.html,True,AUTO_DOWNLOAD_PERMISSION_BEFORE_REDISTRIBUTION,CONTACT_PROJECT_COORDINATORS_AND_RETAIN_HEADERS,pmadurai@gmail.com,Freeze all available formats; preserve each header; request confirmation before Devam online redistribution and commercial use.,https://projectmadurai.org/pmworks.html
PM-118-0195,118,சூடாமணி நிகண்டு,மண்டல புருடர்,இலக்கணம்,Tamil,https://projectmadurai.org/pm_etexts/pdf/pm0118.pdf,https://projectmadurai.org/pm_etexts/utf8/pmuni0118.html,True,AUTO_DOWNLOAD_PERMISSION_BEFORE_REDISTRIBUTION,CONTACT_PROJECT_COORDINATORS_AND_RETAIN_HEADERS,pmadurai@gmail.com,Freeze all available formats; preserve each header; request confirmation before Devam online redistribution and commercial use.,https://projectmadurai.org/pmworks.html
PM-119-0196,119,பரத சேனாபதீயம்,,கலை சார்ந்த நூல்கள்,Tamil,https://projectmadurai.org/pm_etexts/pdf/pm0119.pdf,https://projectmadurai.org/pm_etexts/utf8/pmuni0119.html,True,AUTO_DOWNLOAD_PERMISSION_BEFORE_REDISTRIBUTION,CONTACT_PROJECT_COORDINATORS_AND_RETAIN_HEADERS,pmadurai@gmail.com,Freeze all available formats; preserve each header; request confirmation before Devam online redistribution and commercial use.,https://projectmadurai.org/pmworks.html
PM-120-0197,120,திருஉந்தியார்,உய்யவந்ததேவ நாயனார்,சமயம் - சைவம்,Tamil,https://projectmadurai.org/pm_etexts/pdf/pm0120.pdf,https://projectmadurai.org/pm_etexts/utf8/pmuni0120.html,True,AUTO_DOWNLOAD_PERMISSION_BEFORE_REDISTRIBUTION,CONTACT_PROJECT_COORDINATORS_AND_RETAIN_HEADERS,pmadurai@gmail.com,Freeze all available formats; preserve each header; request confirmation before Devam online redistribution and commercial use.,https://projectmadurai.org/pmworks.html
PM-120-0198,120,திருக்களிற்றுப்படியார்,,சைவ சித்தாந்தம்,Tamil,https://projectmadurai.org/pm_etexts/pdf/pm0120.pdf,https://projectmadurai.org/pm_etexts/utf8/pmuni0120.html,True,AUTO_DOWNLOAD_PERMISSION_BEFORE_REDISTRIBUTION,CONTACT_PROJECT_COORDINATORS_AND_RETAIN_HEADERS,pmadurai@gmail.com,Freeze all available formats; preserve each header; request confirmation before Devam online redistribution and commercial use.,https://projectmadurai.org/pmworks.html
PM-121-0199,121,முத்தொள்ளாயிரம்,,சமயம் - சைவம்,Tamil,https://projectmadurai.org/pm_etexts/pdf/pm0121.pdf,https://projectmadurai.org/pm_etexts/utf8/pmuni0121.html,True,AUTO_DOWNLOAD_PERMISSION_BEFORE_REDISTRIBUTION,CONTACT_PROJECT_COORDINATORS_AND_RETAIN_HEADERS,pmadurai@gmail.com,Freeze all available formats; preserve each header; request confirmation before Devam online redistribution and commercial use.,https://projectmadurai.org/pmworks.html
PM-122-0200,122,காகம் கலைத்த கனவு,சோலைக்கிளி,கட்டுரைகள்,Tamil,https://projectmadurai.org/pm_etexts/pdf/pm0122.pdf,https://projectmadurai.org/pm_etexts/utf8/pmuni0122.html,True,AUTO_DOWNLOAD_PERMISSION_BEFORE_REDISTRIBUTION,CONTACT_PROJECT_COORDINATORS_AND_RETAIN_HEADERS,pmadurai@gmail.com,Freeze all available formats; preserve each header; request confirmation before Devam online redistribution and commercial use.,https://projectmadurai.org/pmworks.html
PM-123-0201,123,கலிங்கத்துப்பரணி,செயங்கொண்டார்,பிரபந்தம் - பரணி,Tamil,https://projectmadurai.org/pm_etexts/pdf/pm0123.pdf,https://projectmadurai.org/pm_etexts/utf8/pmuni0123.html,True,AUTO_DOWNLOAD_PERMISSION_BEFORE_REDISTRIBUTION,CONTACT_PROJECT_COORDINATORS_AND_RETAIN_HEADERS,pmadurai@gmail.com,Freeze all available formats; preserve each header; request confirmation before Devam online redistribution and commercial use.,https://projectmadurai.org/pmworks.html
PM-124-0202,124,திருவருட்பா /திருமுறை 3 (பாடல்கள்1959 -2570),இராமலிங்க அடிகள்,சமயம் - சைவம்,Tamil,https://projectmadurai.org/pm_etexts/pdf/pm0124.pdf,https://projectmadurai.org/pm_etexts/utf8/pmuni0124.html,True,AUTO_DOWNLOAD_PERMISSION_BEFORE_REDISTRIBUTION,CONTACT_PROJECT_COORDINATORS_AND_RETAIN_HEADERS,pmadurai@gmail.com,Freeze all available formats; preserve each header; request confirmation before Devam online redistribution and commercial use.,https://projectmadurai.org/pmworks.html
PM-125-0203,125,திருவருட்பா /திருமுறை 4 (பாடல்கள்2571 - 3028),இராமலிங்க அடிகள்,சமயம் - சைவம்,Tamil,https://projectmadurai.org/pm_etexts/pdf/pm0125.pdf,https://projectmadurai.org/pm_etexts/utf8/pmuni0125.html,True,AUTO_DOWNLOAD_PERMISSION_BEFORE_REDISTRIBUTION,CONTACT_PROJECT_COORDINATORS_AND_RETAIN_HEADERS,pmadurai@gmail.com,Freeze all available formats; preserve each header; request confirmation before Devam online redistribution and commercial use.,https://projectmadurai.org/pmworks.html
PM-126-0204,126,திருமுறை 11-1 /பாசுரங்கள்,திருஆலவாய் உடையார்,சமயம் - சைவம்,Tamil,https://projectmadurai.org/pm_etexts/pdf/pm0126.pdf,https://projectmadurai.org/pm_etexts/utf8/pmuni0126.html,True,AUTO_DOWNLOAD_PERMISSION_BEFORE_REDISTRIBUTION,CONTACT_PROJECT_COORDINATORS_AND_RETAIN_HEADERS,pmadurai@gmail.com,Freeze all available formats; preserve each header; request confirmation before Devam online redistribution and commercial use.,https://projectmadurai.org/pmworks.html
PM-126-0205,126,திருமுறை 11-1 /பாசுரங்கள்,காரைக்கால் அம்மையார்,சமயம் - சைவம்,Tamil,https://projectmadurai.org/pm_etexts/pdf/pm0126.pdf,https://projectmadurai.org/pm_etexts/utf8/pmuni0126.html,True,AUTO_DOWNLOAD_PERMISSION_BEFORE_REDISTRIBUTION,CONTACT_PROJECT_COORDINATORS_AND_RETAIN_HEADERS,pmadurai@gmail.com,Freeze all available formats; preserve each header; request confirmation before Devam online redistribution and commercial use.,https://projectmadurai.org/pmworks.html
PM-126-0206,126,திருமுறை 11-1 /பாசுரங்கள்,ஐயடிகள் காடவர்கோன் நாயனார்,சமயம் - சைவம்,Tamil,https://projectmadurai.org/pm_etexts/pdf/pm0126.pdf,https://projectmadurai.org/pm_etexts/utf8/pmuni0126.html,True,AUTO_DOWNLOAD_PERMISSION_BEFORE_REDISTRIBUTION,CONTACT_PROJECT_COORDINATORS_AND_RETAIN_HEADERS,pmadurai@gmail.com,Freeze all available formats; preserve each header; request confirmation before Devam online redistribution and commercial use.,https://projectmadurai.org/pmworks.html
PM-126-0207,126,திருமுறை 11-1 /பாசுரங்கள்,சேரமான் பெருமாள் நாயனார்,சமயம் - சைவம்,Tamil,https://projectmadurai.org/pm_etexts/pdf/pm0126.pdf,https://projectmadurai.org/pm_etexts/utf8/pmuni0126.html,True,AUTO_DOWNLOAD_PERMISSION_BEFORE_REDISTRIBUTION,CONTACT_PROJECT_COORDINATORS_AND_RETAIN_HEADERS,pmadurai@gmail.com,Freeze all available formats; preserve each header; request confirmation before Devam online redistribution and commercial use.,https://projectmadurai.org/pmworks.html
PM-126-0208,126,திருமுறை 11-1 /பாசுரங்கள்,நக்கீரதேவ நாயனார்,சமயம் - சைவம்,Tamil,https://projectmadurai.org/pm_etexts/pdf/pm0126.pdf,https://projectmadurai.org/pm_etexts/utf8/pmuni0126.html,True,AUTO_DOWNLOAD_PERMISSION_BEFORE_REDISTRIBUTION,CONTACT_PROJECT_COORDINATORS_AND_RETAIN_HEADERS,pmadurai@gmail.com,Freeze all available formats; preserve each header; request confirmation before Devam online redistribution and commercial use.,https://projectmadurai.org/pmworks.html
PM-126-0209,126,திருமுறை 11-1 /பாசுரங்கள்,கல்லாடதேவ நாயனார்,சமயம் - சைவம்,Tamil,https://projectmadurai.org/pm_etexts/pdf/pm0126.pdf,https://projectmadurai.org/pm_etexts/utf8/pmuni0126.html,True,AUTO_DOWNLOAD_PERMISSION_BEFORE_REDISTRIBUTION,CONTACT_PROJECT_COORDINATORS_AND_RETAIN_HEADERS,pmadurai@gmail.com,Freeze all available formats; preserve each header; request confirmation before Devam online redistribution and commercial use.,https://projectmadurai.org/pmworks.html
PM-126-0210,126,திருமுறை 11-1 /பாசுரங்கள்,பரணதேவ நாயனார்,சமயம் - சைவம்,Tamil,https://projectmadurai.org/pm_etexts/pdf/pm0126.pdf,https://projectmadurai.org/pm_etexts/utf8/pmuni0126.html,True,AUTO_DOWNLOAD_PERMISSION_BEFORE_REDISTRIBUTION,CONTACT_PROJECT_COORDINATORS_AND_RETAIN_HEADERS,pmadurai@gmail.com,Freeze all available formats; preserve each header; request confirmation before Devam online redistribution and commercial use.,https://projectmadurai.org/pmworks.html
PM-126-0211,126,திருமுறை 11-1 /பாசுரங்கள்,இளம்பெருமான் அடிகள்,சமயம் - சைவம்,Tamil,https://projectmadurai.org/pm_etexts/pdf/pm0126.pdf,https://projectmadurai.org/pm_etexts/utf8/pmuni0126.html,True,AUTO_DOWNLOAD_PERMISSION_BEFORE_REDISTRIBUTION,CONTACT_PROJECT_COORDINATORS_AND_RETAIN_HEADERS,pmadurai@gmail.com,Freeze all available formats; preserve each header; request confirmation before Devam online redistribution and commercial use.,https://projectmadurai.org/pmworks.html
PM-126-0212,126,திருமுறை 11-1 /பாசுரங்கள்,அதிராவடிகள்,சமயம் - சைவம்,Tamil,https://projectmadurai.org/pm_etexts/pdf/pm0126.pdf,https://projectmadurai.org/pm_etexts/utf8/pmuni0126.html,True,AUTO_DOWNLOAD_PERMISSION_BEFORE_REDISTRIBUTION,CONTACT_PROJECT_COORDINATORS_AND_RETAIN_HEADERS,pmadurai@gmail.com,Freeze all available formats; preserve each header; request confirmation before Devam online redistribution and commercial use.,https://projectmadurai.org/pmworks.html
PM-127-0213,127,திருமுறை 11-2 /பாசுரங்கள்,பட்டினத்துப் பிள்ளையார்,சமயம் - சைவம்,Tamil,https://projectmadurai.org/pm_etexts/pdf/pm0127.pdf,https://projectmadurai.org/pm_etexts/utf8/pmuni0127_01.html | https://projectmadurai.org/pm_etexts/utf8/pmuni0127_02.html,True,AUTO_DOWNLOAD_PERMISSION_BEFORE_REDISTRIBUTION,CONTACT_PROJECT_COORDINATORS_AND_RETAIN_HEADERS,pmadurai@gmail.com,Freeze all available formats; preserve each header; request confirmation before Devam online redistribution and commercial use.,https://projectmadurai.org/pmworks.html
PM-127-0214,127,திருமுறை 11-2 /பாசுரங்கள்,நம்பியாண்டார் நம்பி,சமயம் - சைவம்,Tamil,https://projectmadurai.org/pm_etexts/pdf/pm0127.pdf,https://projectmadurai.org/pm_etexts/utf8/pmuni0127_01.html | https://projectmadurai.org/pm_etexts/utf8/pmuni0127_02.html,True,AUTO_DOWNLOAD_PERMISSION_BEFORE_REDISTRIBUTION,CONTACT_PROJECT_COORDINATORS_AND_RETAIN_HEADERS,pmadurai@gmail.com,Freeze all available formats; preserve each header; request confirmation before Devam online redistribution and commercial use.,https://projectmadurai.org/pmworks.html
PM-128-0215,128,திருவருட்பா /திருமுறை 5 (பாடல்கள் 3029-3266),இராமலிங்க அடிகள்,சமயம் - சைவம்,Tamil,https://projectmadurai.org/pm_etexts/pdf/pm0128.pdf,https://projectmadurai.org/pm_etexts/utf8/pmuni0128.html,True,AUTO_DOWNLOAD_PERMISSION_BEFORE_REDISTRIBUTION,CONTACT_PROJECT_COORDINATORS_AND_RETAIN_HEADERS,pmadurai@gmail.com,Freeze all available formats; preserve each header; request confirmation before Devam online redistribution and commercial use.,https://projectmadurai.org/pmworks.html
PM-129-0216,129,பிரபந்தத்திரட்டு - பகுதி 1,தி. மீனாட்சிசுந்தரம் பிள்ளை,பிரபந்தத் திரட்டு,Tamil,https://projectmadurai.org/pm_etexts/pdf/pm0129.pdf,https://projectmadurai.org/pm_etexts/utf8/pmuni0129.html,True,AUTO_DOWNLOAD_PERMISSION_BEFORE_REDISTRIBUTION,CONTACT_PROJECT_COORDINATORS_AND_RETAIN_HEADERS,pmadurai@gmail.com,Freeze all available formats; preserve each header; request confirmation before Devam online redistribution and commercial use.,https://projectmadurai.org/pmworks.html
PM-130-0217,130,திருவருட்பா /திருமுறை 6.1 (பாடல்கள் 3267 -3871),இராமலிங்க அடிகள்,சமயம் - சைவம்,Tamil,https://projectmadurai.org/pm_etexts/pdf/pm0130.pdf,https://projectmadurai.org/pm_etexts/utf8/pmuni0130.html,True,AUTO_DOWNLOAD_PERMISSION_BEFORE_REDISTRIBUTION,CONTACT_PROJECT_COORDINATORS_AND_RETAIN_HEADERS,pmadurai@gmail.com,Freeze all available formats; preserve each header; request confirmation before Devam online redistribution and commercial use.,https://projectmadurai.org/pmworks.html
PM-131-0218,131,சிறுகதைத் தொகுப்பு- 1,இரா. கார்த்திகேசு,சிறுகதைகள் - தொகுப்பு,Tamil,https://projectmadurai.org/pm_etexts/pdf/pm0131.pdf,https://projectmadurai.org/pm_etexts/utf8/pmuni0131.html,True,AUTO_DOWNLOAD_PERMISSION_BEFORE_REDISTRIBUTION,CONTACT_PROJECT_COORDINATORS_AND_RETAIN_HEADERS,pmadurai@gmail.com,Freeze all available formats; preserve each header; request confirmation before Devam online redistribution and commercial use.,https://projectmadurai.org/pmworks.html
PM-132-0219,132,மகா பரத சூடாமணி,,கலை - நாடகம்,Tamil,https://projectmadurai.org/pm_etexts/pdf/pm0132.pdf,https://projectmadurai.org/pm_etexts/utf8/pmuni0132.html,True,AUTO_DOWNLOAD_PERMISSION_BEFORE_REDISTRIBUTION,CONTACT_PROJECT_COORDINATORS_AND_RETAIN_HEADERS,pmadurai@gmail.com,Freeze all available formats; preserve each header; request confirmation before Devam online redistribution and commercial use.,https://projectmadurai.org/pmworks.html
PM-133-0220,133,சங்கற்ப நிராகரணம்,உமாபதி சிவம்,சைவ சித்தாந்தம்,Tamil,https://projectmadurai.org/pm_etexts/pdf/pm0133.pdf,https://projectmadurai.org/pm_etexts/utf8/pmuni0133.html,True,AUTO_DOWNLOAD_PERMISSION_BEFORE_REDISTRIBUTION,CONTACT_PROJECT_COORDINATORS_AND_RETAIN_HEADERS,pmadurai@gmail.com,Freeze all available formats; preserve each header; request confirmation before Devam online redistribution and commercial use.,https://projectmadurai.org/pmworks.html
PM-134-0221,134,பாண்டிய; சோழ; விஜயநகர அரசர் மெய்கீர்த்திகள்,,ஒளைச் சுவடி நூல்கள்,Tamil,https://projectmadurai.org/pm_etexts/pdf/pm0134.pdf,https://projectmadurai.org/pm_etexts/utf8/pmuni0134.html,True,AUTO_DOWNLOAD_PERMISSION_BEFORE_REDISTRIBUTION,CONTACT_PROJECT_COORDINATORS_AND_RETAIN_HEADERS,pmadurai@gmail.com,Freeze all available formats; preserve each header; request confirmation before Devam online redistribution and commercial use.,https://projectmadurai.org/pmworks.html
PM-135-0222,135,திருவருட்பா /திருமுறை 6.2 (பாடல்கள் 3872 - 4614),இராமலிங்க அடிகள்,சமயம் - சைவம்,Tamil,https://projectmadurai.org/pm_etexts/pdf/pm0135_01.pdf | https://projectmadurai.org/pm_etexts/pdf/pm0135_02.pdf,https://projectmadurai.org/pm_etexts/utf8/pmuni0135_01.html | https://projectmadurai.org/pm_etexts/utf8/pmuni0135_02.html,True,AUTO_DOWNLOAD_PERMISSION_BEFORE_REDISTRIBUTION,CONTACT_PROJECT_COORDINATORS_AND_RETAIN_HEADERS,pmadurai@gmail.com,Freeze all available formats; preserve each header; request confirmation before Devam online redistribution and commercial use.,https://projectmadurai.org/pmworks.html
PM-135-0223,135,திருவருட்பா /தனிப்பாடல்கள்,இராமலிங்க அடிகள்,சமயம் - சைவம்,Tamil,https://projectmadurai.org/pm_etexts/pdf/pm0135_01.pdf | https://projectmadurai.org/pm_etexts/pdf/pm0135_02.pdf,https://projectmadurai.org/pm_etexts/utf8/pmuni0135_01.html | https://projectmadurai.org/pm_etexts/utf8/pmuni0135_02.html,True,AUTO_DOWNLOAD_PERMISSION_BEFORE_REDISTRIBUTION,CONTACT_PROJECT_COORDINATORS_AND_RETAIN_HEADERS,pmadurai@gmail.com,Freeze all available formats; preserve each header; request confirmation before Devam online redistribution and commercial use.,https://projectmadurai.org/pmworks.html
PM-136-0224,136,திருவருட்பா /திருமுறை 2.2 (பாடல்கள் 1007 - 1958),இராமலிங்க அடிகள்,சமயம் - சைவம்,Tamil,https://projectmadurai.org/pm_etexts/pdf/pm0136.pdf,https://projectmadurai.org/pm_etexts/utf8/pmuni0136_01.html | https://projectmadurai.org/pm_etexts/utf8/pmuni0136_02.html,True,AUTO_DOWNLOAD_PERMISSION_BEFORE_REDISTRIBUTION,CONTACT_PROJECT_COORDINATORS_AND_RETAIN_HEADERS,pmadurai@gmail.com,Freeze all available formats; preserve each header; request confirmation before Devam online redistribution and commercial use.,https://projectmadurai.org/pmworks.html
PM-137-0225,137,சோமேசர் முதுமொழி வெண்பா,சிவஞான முனிவர்,பிரபந்தம் - வெண்பா,Tamil,https://projectmadurai.org/pm_etexts/pdf/pm0137_01.pdf | https://projectmadurai.org/pm_etexts/pdf/pm0137_02.pdf,https://projectmadurai.org/pm_etexts/utf8/pmuni0137_01.html | https://projectmadurai.org/pm_etexts/utf8/pmuni0137_02.html,True,AUTO_DOWNLOAD_PERMISSION_BEFORE_REDISTRIBUTION,CONTACT_PROJECT_COORDINATORS_AND_RETAIN_HEADERS,pmadurai@gmail.com,Freeze all available formats; preserve each header; request confirmation before Devam online redistribution and commercial use.,https://projectmadurai.org/pmworks.html
PM-137-0226,137,நீதி வெண்பா,,சைவ சித்தாந்தம்,Tamil,https://projectmadurai.org/pm_etexts/pdf/pm0137_01.pdf | https://projectmadurai.org/pm_etexts/pdf/pm0137_02.pdf,https://projectmadurai.org/pm_etexts/utf8/pmuni0137_01.html | https://projectmadurai.org/pm_etexts/utf8/pmuni0137_02.html,True,AUTO_DOWNLOAD_PERMISSION_BEFORE_REDISTRIBUTION,CONTACT_PROJECT_COORDINATORS_AND_RETAIN_HEADERS,pmadurai@gmail.com,Freeze all available formats; preserve each header; request confirmation before Devam online redistribution and commercial use.,https://projectmadurai.org/pmworks.html
PM-138-0227,138,நால்வர் நான்மணி மாலை,துறைமங்கலம் சிவப்பிரகாச சுவாமிகள்,பிரபந்தம் - மாலை,Tamil,https://projectmadurai.org/pm_etexts/pdf/pm0138.pdf,https://projectmadurai.org/pm_etexts/utf8/pmuni0138.html,True,AUTO_DOWNLOAD_PERMISSION_BEFORE_REDISTRIBUTION,CONTACT_PROJECT_COORDINATORS_AND_RETAIN_HEADERS,pmadurai@gmail.com,Freeze all available formats; preserve each header; request confirmation before Devam online redistribution and commercial use.,https://projectmadurai.org/pmworks.html
PM-139-0228,139,நன்னெறி,துறைமங்கலம் சிவப்பிரகாச முனிவர்,நீதி நூல்கள்,Tamil,https://projectmadurai.org/pm_etexts/pdf/pm0139.pdf,https://projectmadurai.org/pm_etexts/utf8/pmuni0139.html,True,AUTO_DOWNLOAD_PERMISSION_BEFORE_REDISTRIBUTION,CONTACT_PROJECT_COORDINATORS_AND_RETAIN_HEADERS,pmadurai@gmail.com,Freeze all available formats; preserve each header; request confirmation before Devam online redistribution and commercial use.,https://projectmadurai.org/pmworks.html
PM-139-0229,139,வெற்றிவேற்கை,அதிவீரராம பாண்டியன்,நீதி நூல்கள்,Tamil,https://projectmadurai.org/pm_etexts/pdf/pm0139.pdf,https://projectmadurai.org/pm_etexts/utf8/pmuni0139.html,True,AUTO_DOWNLOAD_PERMISSION_BEFORE_REDISTRIBUTION,CONTACT_PROJECT_COORDINATORS_AND_RETAIN_HEADERS,pmadurai@gmail.com,Freeze all available formats; preserve each header; request confirmation before Devam online redistribution and commercial use.,https://projectmadurai.org/pmworks.html
PM-140-0230,140,சிறுகதைத் தொகுப்பு-2,இரா. கார்த்திகேசு,சிறுகதைகள் - தொகுப்பு,Tamil,https://projectmadurai.org/pm_etexts/pdf/pm0140.pdf,https://projectmadurai.org/pm_etexts/utf8/pmuni0140.html,True,AUTO_DOWNLOAD_PERMISSION_BEFORE_REDISTRIBUTION,CONTACT_PROJECT_COORDINATORS_AND_RETAIN_HEADERS,pmadurai@gmail.com,Freeze all available formats; preserve each header; request confirmation before Devam online redistribution and commercial use.,https://projectmadurai.org/pmworks.html
PM-141-0231,141,மணிமேகலை,சீத்தலைச்சாத்தனார்,காப்பியம்,Tamil,https://projectmadurai.org/pm_etexts/pdf/pm0141.pdf,https://projectmadurai.org/pm_etexts/utf8/pmuni0141.html,True,AUTO_DOWNLOAD_PERMISSION_BEFORE_REDISTRIBUTION,CONTACT_PROJECT_COORDINATORS_AND_RETAIN_HEADERS,pmadurai@gmail.com,Freeze all available formats; preserve each header; request confirmation before Devam online redistribution and commercial use.,https://projectmadurai.org/pmworks.html
PM-142-0232,142,நந்திக்கலம்பகம்,,பிரபந்தம் - கலம்பகம்,Tamil,https://projectmadurai.org/pm_etexts/pdf/pm0142.pdf,https://projectmadurai.org/pm_etexts/utf8/pmuni0142.html,True,AUTO_DOWNLOAD_PERMISSION_BEFORE_REDISTRIBUTION,CONTACT_PROJECT_COORDINATORS_AND_RETAIN_HEADERS,pmadurai@gmail.com,Freeze all available formats; preserve each header; request confirmation before Devam online redistribution and commercial use.,https://projectmadurai.org/pmworks.html
PM-143-0233,143,கலேவலா - உரைநடையில் கலேவலா,உதயணன்,காவியம்; மொழிபெயர்ப்பு,Tamil,https://projectmadurai.org/pm_etexts/pdf/pm0143_01.pdf | https://projectmadurai.org/pm_etexts/pdf/pm0143_02.pdf,https://projectmadurai.org/pm_etexts/utf8/pmuni0143_01.html | https://projectmadurai.org/pm_etexts/utf8/pmuni0143_02.html | https://projectmadurai.org/pm_etexts/utf8/pmuni0143_03.html,True,AUTO_DOWNLOAD_PERMISSION_BEFORE_REDISTRIBUTION,CONTACT_PROJECT_COORDINATORS_AND_RETAIN_HEADERS,pmadurai@gmail.com,Freeze all available formats; preserve each header; request confirmation before Devam online redistribution and commercial use.,https://projectmadurai.org/pmworks.html
PM-144-0234,144,சகலகலாவல்லிமாலை,குமரகுருபரர்,பிரபந்தம் - மாலை,Tamil,https://projectmadurai.org/pm_etexts/pdf/pm0144.pdf,https://projectmadurai.org/pm_etexts/utf8/pmuni0144.html,True,AUTO_DOWNLOAD_PERMISSION_BEFORE_REDISTRIBUTION,CONTACT_PROJECT_COORDINATORS_AND_RETAIN_HEADERS,pmadurai@gmail.com,Freeze all available formats; preserve each header; request confirmation before Devam online redistribution and commercial use.,https://projectmadurai.org/pmworks.html
PM-144-0235,144,திருச்செந்துார் கந்தர் கலிவெண்பா,குமரகுருபரர்,பிரபந்தம் - கலிவெண்பா,Tamil,https://projectmadurai.org/pm_etexts/pdf/pm0144.pdf,https://projectmadurai.org/pm_etexts/utf8/pmuni0144.html,True,AUTO_DOWNLOAD_PERMISSION_BEFORE_REDISTRIBUTION,CONTACT_PROJECT_COORDINATORS_AND_RETAIN_HEADERS,pmadurai@gmail.com,Freeze all available formats; preserve each header; request confirmation before Devam online redistribution and commercial use.,https://projectmadurai.org/pmworks.html
PM-144-0236,144,நீதி நெறி விளக்கம்,குமரகுருபரர்,நீதிநெறி நூல்கள்,Tamil,https://projectmadurai.org/pm_etexts/pdf/pm0144.pdf,https://projectmadurai.org/pm_etexts/utf8/pmuni0144.html,True,AUTO_DOWNLOAD_PERMISSION_BEFORE_REDISTRIBUTION,CONTACT_PROJECT_COORDINATORS_AND_RETAIN_HEADERS,pmadurai@gmail.com,Freeze all available formats; preserve each header; request confirmation before Devam online redistribution and commercial use.,https://projectmadurai.org/pmworks.html
PM-145-0237,145,தண்டி அலங்காரம்,தண்டியாசிரியர்,இலக்கணம்,Tamil,https://projectmadurai.org/pm_etexts/pdf/pm0145.pdf,https://projectmadurai.org/pm_etexts/utf8/pmuni0145.html,True,AUTO_DOWNLOAD_PERMISSION_BEFORE_REDISTRIBUTION,CONTACT_PROJECT_COORDINATORS_AND_RETAIN_HEADERS,pmadurai@gmail.com,Freeze all available formats; preserve each header; request confirmation before Devam online redistribution and commercial use.,https://projectmadurai.org/pmworks.html
PM-146-0238,146,திருவருட்பா /திருமுறை 6.3 (பாடல்கள் 4615-5818),இராமலிங்க அடிகள்,சமயம் - சைவம்,Tamil,https://projectmadurai.org/pm_etexts/pdf/pm0146_01.pdf | https://projectmadurai.org/pm_etexts/pdf/pm0146_02.pdf,https://projectmadurai.org/pm_etexts/utf8/pmuni0146_01.html | https://projectmadurai.org/pm_etexts/utf8/pmuni0146_02.html,True,AUTO_DOWNLOAD_PERMISSION_BEFORE_REDISTRIBUTION,CONTACT_PROJECT_COORDINATORS_AND_RETAIN_HEADERS,pmadurai@gmail.com,Freeze all available formats; preserve each header; request confirmation before Devam online redistribution and commercial use.,https://projectmadurai.org/pmworks.html
PM-147-0239,147,நன்னூல்,பவநந்தி முனிவர்,இலக்கணம்,Tamil,https://projectmadurai.org/pm_etexts/pdf/pm0147.pdf,https://projectmadurai.org/pm_etexts/utf8/pmuni0147.html,True,AUTO_DOWNLOAD_PERMISSION_BEFORE_REDISTRIBUTION,CONTACT_PROJECT_COORDINATORS_AND_RETAIN_HEADERS,pmadurai@gmail.com,Freeze all available formats; preserve each header; request confirmation before Devam online redistribution and commercial use.,https://projectmadurai.org/pmworks.html
PM-148-0240,148,காதலினால் அல்ல,இரா. கார்த்திகேசு,நாவல் / புதினம்,Tamil,https://projectmadurai.org/pm_etexts/pdf/pm0148.pdf,https://projectmadurai.org/pm_etexts/utf8/pmuni0148.html,True,AUTO_DOWNLOAD_PERMISSION_BEFORE_REDISTRIBUTION,CONTACT_PROJECT_COORDINATORS_AND_RETAIN_HEADERS,pmadurai@gmail.com,Freeze all available formats; preserve each header; request confirmation before Devam online redistribution and commercial use.,https://projectmadurai.org/pmworks.html
PM-149-0241,149,எண்ணெய்ச் சிந்து,,பிரபந்தம் - சிந்து,Tamil,https://projectmadurai.org/pm_etexts/pdf/pm0149.pdf,https://projectmadurai.org/pm_etexts/utf8/pmuni0149.html,True,AUTO_DOWNLOAD_PERMISSION_BEFORE_REDISTRIBUTION,CONTACT_PROJECT_COORDINATORS_AND_RETAIN_HEADERS,pmadurai@gmail.com,Freeze all available formats; preserve each header; request confirmation before Devam online redistribution and commercial use.,https://projectmadurai.org/pmworks.html
PM-149-0242,149,கந்தன் மணம்புரி சிந்து,சண்முகதாசன்,பிரபந்தம் - சிந்து,Tamil,https://projectmadurai.org/pm_etexts/pdf/pm0149.pdf,https://projectmadurai.org/pm_etexts/utf8/pmuni0149.html,True,AUTO_DOWNLOAD_PERMISSION_BEFORE_REDISTRIBUTION,CONTACT_PROJECT_COORDINATORS_AND_RETAIN_HEADERS,pmadurai@gmail.com,Freeze all available formats; preserve each header; request confirmation before Devam online redistribution and commercial use.,https://projectmadurai.org/pmworks.html
PM-149-0243,149,சித்தராரூட நொண்டிச்சிந்து,,பிரபந்தம் - சிந்து,Tamil,https://projectmadurai.org/pm_etexts/pdf/pm0149.pdf,https://projectmadurai.org/pm_etexts/utf8/pmuni0149.html,True,AUTO_DOWNLOAD_PERMISSION_BEFORE_REDISTRIBUTION,CONTACT_PROJECT_COORDINATORS_AND_RETAIN_HEADERS,pmadurai@gmail.com,Freeze all available formats; preserve each header; request confirmation before Devam online redistribution and commercial use.,https://projectmadurai.org/pmworks.html
PM-149-0244,149,சுப்பிரமணியர் மேல் சிந்து,,பிரபந்தம் - சிந்து,Tamil,https://projectmadurai.org/pm_etexts/pdf/pm0149.pdf,https://projectmadurai.org/pm_etexts/utf8/pmuni0149.html,True,AUTO_DOWNLOAD_PERMISSION_BEFORE_REDISTRIBUTION,CONTACT_PROJECT_COORDINATORS_AND_RETAIN_HEADERS,pmadurai@gmail.com,Freeze all available formats; preserve each header; request confirmation before Devam online redistribution and commercial use.,https://projectmadurai.org/pmworks.html
PM-149-0245,149,பழனியாண்டவர் காவடிச்சிந்து,முத்துக் கறுப்பண்ணன்,பிரபந்தம் - சிந்து,Tamil,https://projectmadurai.org/pm_etexts/pdf/pm0149.pdf,https://projectmadurai.org/pm_etexts/utf8/pmuni0149.html,True,AUTO_DOWNLOAD_PERMISSION_BEFORE_REDISTRIBUTION,CONTACT_PROJECT_COORDINATORS_AND_RETAIN_HEADERS,pmadurai@gmail.com,Freeze all available formats; preserve each header; request confirmation before Devam online redistribution and commercial use.,https://projectmadurai.org/pmworks.html
PM-150-0246,150,தேவாரம் - முதல் திருமுறை; பாகம் 1 (பாடல்கள் 1-721),திருஞான சம்பந்தர்,சமயம் - சைவம்,Tamil,https://projectmadurai.org/pm_etexts/pdf/pm0150.pdf,https://projectmadurai.org/pm_etexts/utf8/pmuni0150.html,True,AUTO_DOWNLOAD_PERMISSION_BEFORE_REDISTRIBUTION,CONTACT_PROJECT_COORDINATORS_AND_RETAIN_HEADERS,pmadurai@gmail.com,Freeze all available formats; preserve each header; request confirmation before Devam online redistribution and commercial use.,https://projectmadurai.org/pmworks.html
PM-151-0247,151,தேவாரம் - முதல் திருமுறை; பாகம் 2 (பாடல்கள் 722-1469),திருஞான சம்பந்தர்,சமயம் - சைவம்,Tamil,https://projectmadurai.org/pm_etexts/pdf/pm0151.pdf,https://projectmadurai.org/pm_etexts/utf8/pmuni0151.html,True,AUTO_DOWNLOAD_PERMISSION_BEFORE_REDISTRIBUTION,CONTACT_PROJECT_COORDINATORS_AND_RETAIN_HEADERS,pmadurai@gmail.com,Freeze all available formats; preserve each header; request confirmation before Devam online redistribution and commercial use.,https://projectmadurai.org/pmworks.html
PM-152-0248,152,நன்னூல் - மற்றொரு பதிப்பு,பவநந்தி முனிவர்,இலக்கணம்,Tamil,https://projectmadurai.org/pm_etexts/pdf/pm0152.pdf,https://projectmadurai.org/pm_etexts/utf8/pmuni0152.html,True,AUTO_DOWNLOAD_PERMISSION_BEFORE_REDISTRIBUTION,CONTACT_PROJECT_COORDINATORS_AND_RETAIN_HEADERS,pmadurai@gmail.com,Freeze all available formats; preserve each header; request confirmation before Devam online redistribution and commercial use.,https://projectmadurai.org/pmworks.html
PM-153-0249,153,திருக்குறள் - ஆங்கில மொழிபெயர்ப்பு,ஜி.யூ. போப் மற்றும் பலர்,மொழிபெயர்ப்பு,Tamil,https://projectmadurai.org/pm_etexts/pdf/pm0153.pdf,https://projectmadurai.org/pm_etexts/utf8/pmuni0153.html,True,AUTO_DOWNLOAD_PERMISSION_BEFORE_REDISTRIBUTION,CONTACT_PROJECT_COORDINATORS_AND_RETAIN_HEADERS,pmadurai@gmail.com,Freeze all available formats; preserve each header; request confirmation before Devam online redistribution and commercial use.,https://projectmadurai.org/pmworks.html
PM-154-0250,154,ஏரெழுபது,கம்பர்,இலக்கியம்,Tamil,https://projectmadurai.org/pm_etexts/pdf/pm0154.pdf,https://projectmadurai.org/pm_etexts/utf8/pmuni0154.html,True,AUTO_DOWNLOAD_PERMISSION_BEFORE_REDISTRIBUTION,CONTACT_PROJECT_COORDINATORS_AND_RETAIN_HEADERS,pmadurai@gmail.com,Freeze all available formats; preserve each header; request confirmation before Devam online redistribution and commercial use.,https://projectmadurai.org/pmworks.html
PM-154-0251,154,திருக்கை வழக்கம்,கம்பர்,இலக்கியம் - கலிவெண்பா,Tamil,https://projectmadurai.org/pm_etexts/pdf/pm0154.pdf,https://projectmadurai.org/pm_etexts/utf8/pmuni0154.html,True,AUTO_DOWNLOAD_PERMISSION_BEFORE_REDISTRIBUTION,CONTACT_PROJECT_COORDINATORS_AND_RETAIN_HEADERS,pmadurai@gmail.com,Freeze all available formats; preserve each header; request confirmation before Devam online redistribution and commercial use.,https://projectmadurai.org/pmworks.html
PM-155-0252,155,எக்காலக் கண்ணி,,ஓலைச்சுவடி நூல்,Tamil,https://projectmadurai.org/pm_etexts/pdf/pm0155.pdf,https://projectmadurai.org/pm_etexts/utf8/pmuni0155.html,True,AUTO_DOWNLOAD_PERMISSION_BEFORE_REDISTRIBUTION,CONTACT_PROJECT_COORDINATORS_AND_RETAIN_HEADERS,pmadurai@gmail.com,Freeze all available formats; preserve each header; request confirmation before Devam online redistribution and commercial use.,https://projectmadurai.org/pmworks.html
PM-156-0253,156,விவிலியம் /புதிய ஏற்பாடு -6 /யாக்கோப்பு திருமுகம்,விவிலியம்,சமயம் – கிருத்துவம்,Tamil,https://projectmadurai.org/pm_etexts/pdf/pm0156.pdf,https://projectmadurai.org/pm_etexts/utf8/pmuni0156.html,True,AUTO_DOWNLOAD_PERMISSION_BEFORE_REDISTRIBUTION,CONTACT_PROJECT_COORDINATORS_AND_RETAIN_HEADERS,pmadurai@gmail.com,Freeze all available formats; preserve each header; request confirmation before Devam online redistribution and commercial use.,https://projectmadurai.org/pmworks.html
PM-156-0254,156,விவிலியம் /புதிய ஏற்பாடு -6 /பேதுரு முதல்; இரண்டாம் திருமுகம்,விவிலியம்,சமயம் – கிருத்துவம்,Tamil,https://projectmadurai.org/pm_etexts/pdf/pm0156.pdf,https://projectmadurai.org/pm_etexts/utf8/pmuni0156.html,True,AUTO_DOWNLOAD_PERMISSION_BEFORE_REDISTRIBUTION,CONTACT_PROJECT_COORDINATORS_AND_RETAIN_HEADERS,pmadurai@gmail.com,Freeze all available formats; preserve each header; request confirmation before Devam online redistribution and commercial use.,https://projectmadurai.org/pmworks.html
PM-156-0255,156,விவிலியம் /புதிய ஏற்பாடு -6 /யோவான் மூன்றாம் திருமுகம்,விவிலியம்,சமயம் – கிருத்துவம்,Tamil,https://projectmadurai.org/pm_etexts/pdf/pm0156.pdf,https://projectmadurai.org/pm_etexts/utf8/pmuni0156.html,True,AUTO_DOWNLOAD_PERMISSION_BEFORE_REDISTRIBUTION,CONTACT_PROJECT_COORDINATORS_AND_RETAIN_HEADERS,pmadurai@gmail.com,Freeze all available formats; preserve each header; request confirmation before Devam online redistribution and commercial use.,https://projectmadurai.org/pmworks.html
PM-156-0256,156,விவிலியம் /புதிய ஏற்பாடு -6 /யூதா திருமுகம்; திருவெளிப்பாடு,விவிலியம்,சமயம் – கிருத்துவம்,Tamil,https://projectmadurai.org/pm_etexts/pdf/pm0156.pdf,https://projectmadurai.org/pm_etexts/utf8/pmuni0156.html,True,AUTO_DOWNLOAD_PERMISSION_BEFORE_REDISTRIBUTION,CONTACT_PROJECT_COORDINATORS_AND_RETAIN_HEADERS,pmadurai@gmail.com,Freeze all available formats; preserve each header; request confirmation before Devam online redistribution and commercial use.,https://projectmadurai.org/pmworks.html
PM-157-0257,157,தேவாரம் - இரண்டாம் திருமுறை; பாகம் 1 (பாடல்கள் 1-654),திருஞான சம்பந்தர்,சமயம் - சைவம்,Tamil,https://projectmadurai.org/pm_etexts/pdf/pm0157.pdf,https://projectmadurai.org/pm_etexts/utf8/pmuni0157.html,True,AUTO_DOWNLOAD_PERMISSION_BEFORE_REDISTRIBUTION,CONTACT_PROJECT_COORDINATORS_AND_RETAIN_HEADERS,pmadurai@gmail.com,Freeze all available formats; preserve each header; request confirmation before Devam online redistribution and commercial use.,https://projectmadurai.org/pmworks.html
PM-158-0258,158,இராமாயண வெண்பா - பாகம் 1,மதுரகவி ஸ்ரீனிவாச ஐயங்கார்,பிரபந்தம் - வெண்பா,Tamil,https://projectmadurai.org/pm_etexts/pdf/pm0158_01.pdf | https://projectmadurai.org/pm_etexts/pdf/pm0158_02.pdf,https://projectmadurai.org/pm_etexts/utf8/pmuni0158_01.html | https://projectmadurai.org/pm_etexts/utf8/pmuni0158_02.html,True,AUTO_DOWNLOAD_PERMISSION_BEFORE_REDISTRIBUTION,CONTACT_PROJECT_COORDINATORS_AND_RETAIN_HEADERS,pmadurai@gmail.com,Freeze all available formats; preserve each header; request confirmation before Devam online redistribution and commercial use.,https://projectmadurai.org/pmworks.html
PM-159-0259,159,எதிர்பாராத முத்தம்,பாரதிதாசன்,கவிதைகள்,Tamil,https://projectmadurai.org/pm_etexts/pdf/pm0159.pdf,https://projectmadurai.org/pm_etexts/utf8/pmuni0159.html,True,AUTO_DOWNLOAD_PERMISSION_BEFORE_REDISTRIBUTION,CONTACT_PROJECT_COORDINATORS_AND_RETAIN_HEADERS,pmadurai@gmail.com,Freeze all available formats; preserve each header; request confirmation before Devam online redistribution and commercial use.,https://projectmadurai.org/pmworks.html
PM-160-0260,160,அங்கயற்கண்ணி மாலை,உ.வே. சாமிநாத அய்யர்,பிரபந்தம் - மாலை,Tamil,https://projectmadurai.org/pm_etexts/pdf/pm0160.pdf,https://projectmadurai.org/pm_etexts/utf8/pmuni0160.html,True,AUTO_DOWNLOAD_PERMISSION_BEFORE_REDISTRIBUTION,CONTACT_PROJECT_COORDINATORS_AND_RETAIN_HEADERS,pmadurai@gmail.com,Freeze all available formats; preserve each header; request confirmation before Devam online redistribution and commercial use.,https://projectmadurai.org/pmworks.html
PM-160-0261,160,களக்காட்டுச் சத்தியவாசகர் இரட்டைமணி மாலை,,பிரபந்தம் - மாலை,Tamil,https://projectmadurai.org/pm_etexts/pdf/pm0160.pdf,https://projectmadurai.org/pm_etexts/utf8/pmuni0160.html,True,AUTO_DOWNLOAD_PERMISSION_BEFORE_REDISTRIBUTION,CONTACT_PROJECT_COORDINATORS_AND_RETAIN_HEADERS,pmadurai@gmail.com,Freeze all available formats; preserve each header; request confirmation before Devam online redistribution and commercial use.,https://projectmadurai.org/pmworks.html
PM-160-0262,160,திருக்காளத்தி இட்டகாமிய மாலை,,பிரபந்தம் - மாலை,Tamil,https://projectmadurai.org/pm_etexts/pdf/pm0160.pdf,https://projectmadurai.org/pm_etexts/utf8/pmuni0160.html,True,AUTO_DOWNLOAD_PERMISSION_BEFORE_REDISTRIBUTION,CONTACT_PROJECT_COORDINATORS_AND_RETAIN_HEADERS,pmadurai@gmail.com,Freeze all available formats; preserve each header; request confirmation before Devam online redistribution and commercial use.,https://projectmadurai.org/pmworks.html
PM-160-0263,160,பழனி இரட்டைமணி மாலை,,பிரபந்தம் - மாலை,Tamil,https://projectmadurai.org/pm_etexts/pdf/pm0160.pdf,https://projectmadurai.org/pm_etexts/utf8/pmuni0160.html,True,AUTO_DOWNLOAD_PERMISSION_BEFORE_REDISTRIBUTION,CONTACT_PROJECT_COORDINATORS_AND_RETAIN_HEADERS,pmadurai@gmail.com,Freeze all available formats; preserve each header; request confirmation before Devam online redistribution and commercial use.,https://projectmadurai.org/pmworks.html
PM-160-0264,160,மகரநெடுங் குழைக்காதர் பாமாலை,நாராயண தீட்சதர்,பிரபந்தம் - மாலை,Tamil,https://projectmadurai.org/pm_etexts/pdf/pm0160.pdf,https://projectmadurai.org/pm_etexts/utf8/pmuni0160.html,True,AUTO_DOWNLOAD_PERMISSION_BEFORE_REDISTRIBUTION,CONTACT_PROJECT_COORDINATORS_AND_RETAIN_HEADERS,pmadurai@gmail.com,Freeze all available formats; preserve each header; request confirmation before Devam online redistribution and commercial use.,https://projectmadurai.org/pmworks.html
PM-161-0265,161,பட்டுக்கோட்டை பாடல்கள்,பட்டுக்கோட்டை கல்யாணசுந்தரம்,பாடல்கள்,Tamil,https://projectmadurai.org/pm_etexts/pdf/pm0161.pdf,https://projectmadurai.org/pm_etexts/utf8/pmuni0161.html,True,AUTO_DOWNLOAD_PERMISSION_BEFORE_REDISTRIBUTION,CONTACT_PROJECT_COORDINATORS_AND_RETAIN_HEADERS,pmadurai@gmail.com,Freeze all available formats; preserve each header; request confirmation before Devam online redistribution and commercial use.,https://projectmadurai.org/pmworks.html
PM-162-0266,162,தேவாரம் - இரண்டாம் திருமுறை; பாகம் 2 (பாடல்கள் 655-1331),திருஞான சம்பந்தர்,சமயம் - சைவம்,Tamil,https://projectmadurai.org/pm_etexts/pdf/pm0162.pdf,https://projectmadurai.org/pm_etexts/utf8/pmuni0162.html,True,AUTO_DOWNLOAD_PERMISSION_BEFORE_REDISTRIBUTION,CONTACT_PROJECT_COORDINATORS_AND_RETAIN_HEADERS,pmadurai@gmail.com,Freeze all available formats; preserve each header; request confirmation before Devam online redistribution and commercial use.,https://projectmadurai.org/pmworks.html
PM-163-0267,163,சிதம்பர மும்மணிக் கோவை,குமரகுருபரர்,பிரபந்தம் - கோவை,Tamil,https://projectmadurai.org/pm_etexts/pdf/pm0163.pdf,https://projectmadurai.org/pm_etexts/utf8/pmuni0163.html,True,AUTO_DOWNLOAD_PERMISSION_BEFORE_REDISTRIBUTION,CONTACT_PROJECT_COORDINATORS_AND_RETAIN_HEADERS,pmadurai@gmail.com,Freeze all available formats; preserve each header; request confirmation before Devam online redistribution and commercial use.,https://projectmadurai.org/pmworks.html
PM-164-0268,164,திருவாரூர் நான்மணிமாலை,குமரகுருபரர்,பிரபந்தம் - மாலை,Tamil,https://projectmadurai.org/pm_etexts/pdf/pm0164.pdf,https://projectmadurai.org/pm_etexts/utf8/pmuni0164.html,True,AUTO_DOWNLOAD_PERMISSION_BEFORE_REDISTRIBUTION,CONTACT_PROJECT_COORDINATORS_AND_RETAIN_HEADERS,pmadurai@gmail.com,Freeze all available formats; preserve each header; request confirmation before Devam online redistribution and commercial use.,https://projectmadurai.org/pmworks.html
PM-165-0269,165,கவிதைகள் - முதற் தொகுதி (75 கவிதைகள் ),பாரதிதாசன்,கவிதைகள்,Tamil,https://projectmadurai.org/pm_etexts/pdf/pm0165.pdf,https://projectmadurai.org/pm_etexts/utf8/pmuni0165.html,True,AUTO_DOWNLOAD_PERMISSION_BEFORE_REDISTRIBUTION,CONTACT_PROJECT_COORDINATORS_AND_RETAIN_HEADERS,pmadurai@gmail.com,Freeze all available formats; preserve each header; request confirmation before Devam online redistribution and commercial use.,https://projectmadurai.org/pmworks.html
PM-166-0270,166,"புரட்சிக் கவிதைகள் -பாகம் 2, 3",பாரதிதாசன்,கவிதைகள்,Tamil,https://projectmadurai.org/pm_etexts/pdf/pm0166_01.pdf | https://projectmadurai.org/pm_etexts/pdf/pm0166_02.pdf,https://projectmadurai.org/pm_etexts/utf8/pmuni0166_01.html | https://projectmadurai.org/pm_etexts/utf8/pmuni0166_02.html,True,AUTO_DOWNLOAD_PERMISSION_BEFORE_REDISTRIBUTION,CONTACT_PROJECT_COORDINATORS_AND_RETAIN_HEADERS,pmadurai@gmail.com,Freeze all available formats; preserve each header; request confirmation before Devam online redistribution and commercial use.,https://projectmadurai.org/pmworks.html
PM-167-0271,167,சீறாப்புராணம் காண்டம்-1 பாகம்-1,உமறுப் புலவர்,சமயம் - இஸ்லாமியம்,Tamil,https://projectmadurai.org/pm_etexts/pdf/pm0167.pdf,https://projectmadurai.org/pm_etexts/utf8/pmuni0167.html,True,AUTO_DOWNLOAD_PERMISSION_BEFORE_REDISTRIBUTION,CONTACT_PROJECT_COORDINATORS_AND_RETAIN_HEADERS,pmadurai@gmail.com,Freeze all available formats; preserve each header; request confirmation before Devam online redistribution and commercial use.,https://projectmadurai.org/pmworks.html
PM-168-0272,168,சீறாப்புராணம் காண்டம்-1 பாகம்-2,உமறுப் புலவர்,சமயம் - இஸ்லாமியம்,Tamil,https://projectmadurai.org/pm_etexts/pdf/pm0168.pdf,https://projectmadurai.org/pm_etexts/utf8/pmuni0168.html,True,AUTO_DOWNLOAD_PERMISSION_BEFORE_REDISTRIBUTION,CONTACT_PROJECT_COORDINATORS_AND_RETAIN_HEADERS,pmadurai@gmail.com,Freeze all available formats; preserve each header; request confirmation before Devam online redistribution and commercial use.,https://projectmadurai.org/pmworks.html
PM-169-0273,169,பொன்னியின் செல்வன்,கல்கி கிருஷ்ணமூர்த்தி,நாவல் / புதினம்,Tamil,https://projectmadurai.org/pm_etexts/pdf/pm0169_01_01.pdf | https://projectmadurai.org/pm_etexts/pdf/pm0169_01_02.pdf | https://projectmadurai.org/pm_etexts/pdf/pm0169_02_01.pdf | https://projectmadurai.org/pm_etexts/pdf/pm0169_02_02.pdf | https://projectmadurai.org/pm_etexts/pdf/pm0169_03_01.pdf | https://projectmadurai.org/pm_etexts/pdf/pm0169_03_02.pdf | https://projectmadurai.org/pm_etexts/pdf/pm0169_04_01.pdf | https://projectmadurai.org/pm_etexts/pdf/pm0169_04_02.pdf | https://projectmadurai.org/pm_etexts/pdf/pm0169_05_01.pdf | https://projectmadurai.org/pm_etexts/pdf/pm0169_05_02.pdf | https://projectmadurai.org/pm_etexts/pdf/pm0169_05_03.pdf | https://projectmadurai.org/pm_etexts/pdf/pm0169_05_04.pdf,https://projectmadurai.org/pm_etexts/utf8/pmuni0169_00.html | https://projectmadurai.org/pm_etexts/utf8/pmuni0169_01_01.html | https://projectmadurai.org/pm_etexts/utf8/pmuni0169_01_02.html | https://projectmadurai.org/pm_etexts/utf8/pmuni0169_01_03.html | https://projectmadurai.org/pm_etexts/utf8/pmuni0169_01_04.html | https://projectmadurai.org/pm_etexts/utf8/pmuni0169_01_05.html | https://projectmadurai.org/pm_etexts/utf8/pmuni0169_01_06.html | https://projectmadurai.org/pm_etexts/utf8/pmuni0169_02_01.html | https://projectmadurai.org/pm_etexts/utf8/pmuni0169_02_02.html | https://projectmadurai.org/pm_etexts/utf8/pmuni0169_02_03.html | https://projectmadurai.org/pm_etexts/utf8/pmuni0169_02_04.html | https://projectmadurai.org/pm_etexts/utf8/pmuni0169_02_05.html | https://projectmadurai.org/pm_etexts/utf8/pmuni0169_02_06.html | https://projectmadurai.org/pm_etexts/utf8/pmuni0169_03_01.html | https://projectmadurai.org/pm_etexts/utf8/pmuni0169_03_02.html | https://projectmadurai.org/pm_etexts/utf8/pmuni0169_03_03.html | https://projectmadurai.org/pm_etexts/utf8/pmuni0169_03_04.html | https://projectmadurai.org/pm_etexts/utf8/pmuni0169_03_05.html | https://projectmadurai.org/pm_etexts/utf8/pmuni0169_04_01.html | https://projectmadurai.org/pm_etexts/utf8/pmuni0169_04_02.html | https://projectmadurai.org/pm_etexts/utf8/pmuni0169_04_03.html | https://projectmadurai.org/pm_etexts/utf8/pmuni0169_04_04.html | https://projectmadurai.org/pm_etexts/utf8/pmuni0169_04_05.html | https://projectmadurai.org/pm_etexts/utf8/pmuni0169_05_01.html | https://projectmadurai.org/pm_etexts/utf8/pmuni0169_05_02.html | https://projectmadurai.org/pm_etexts/utf8/pmuni0169_05_03.html | https://projectmadurai.org/pm_etexts/utf8/pmuni0169_05_04.html | https://projectmadurai.org/pm_etexts/utf8/pmuni0169_05_05.html | https://projectmadurai.org/pm_etexts/utf8/pmuni0169_05_06.html | https://projectmadurai.org/pm_etexts/utf8/pmuni0169_05_07.html | https://projectmadurai.org/pm_etexts/utf8/pmuni0169_05_08.html | https://projectmadurai.org/pm_etexts/utf8/pmuni0169_05_09.html | https://projectmadurai.org/pm_etexts/utf8/pmuni0169_06.html,True,AUTO_DOWNLOAD_PERMISSION_BEFORE_REDISTRIBUTION,CONTACT_PROJECT_COORDINATORS_AND_RETAIN_HEADERS,pmadurai@gmail.com,Freeze all available formats; preserve each header; request confirmation before Devam online redistribution and commercial use.,https://projectmadurai.org/pmworks.html
PM-170-0274,170,மதுரை மீனாட்சிஅம்மை இரட்டைமணிமாலை,குமரகுருபரர்,பிரபந்தம் - மாலை,Tamil,https://projectmadurai.org/pm_etexts/pdf/pm0170.pdf,https://projectmadurai.org/pm_etexts/utf8/pmuni0170.html,True,AUTO_DOWNLOAD_PERMISSION_BEFORE_REDISTRIBUTION,CONTACT_PROJECT_COORDINATORS_AND_RETAIN_HEADERS,pmadurai@gmail.com,Freeze all available formats; preserve each header; request confirmation before Devam online redistribution and commercial use.,https://projectmadurai.org/pmworks.html
PM-170-0275,170,முத்துக்குமார சுவாமி பிள்ளைத்தமிழ்,குமரகுருபரர்,பிரபந்தம் - பிள்ளைத்தமிழ்,Tamil,https://projectmadurai.org/pm_etexts/pdf/pm0170.pdf,https://projectmadurai.org/pm_etexts/utf8/pmuni0170.html,True,AUTO_DOWNLOAD_PERMISSION_BEFORE_REDISTRIBUTION,CONTACT_PROJECT_COORDINATORS_AND_RETAIN_HEADERS,pmadurai@gmail.com,Freeze all available formats; preserve each header; request confirmation before Devam online redistribution and commercial use.,https://projectmadurai.org/pmworks.html
PM-171-0276,171,மீனாட்சியம்மைகுறம்,குமரகுருபரர்,பிரபந்தம் - குறம்,Tamil,https://projectmadurai.org/pm_etexts/pdf/pm0171.pdf,https://projectmadurai.org/pm_etexts/utf8/pmuni0171.html,True,AUTO_DOWNLOAD_PERMISSION_BEFORE_REDISTRIBUTION,CONTACT_PROJECT_COORDINATORS_AND_RETAIN_HEADERS,pmadurai@gmail.com,Freeze all available formats; preserve each header; request confirmation before Devam online redistribution and commercial use.,https://projectmadurai.org/pmworks.html
PM-172-0277,172,அந்திம காலம் (நாவல்),இரா. கார்த்திகேசு,சிறுகதைகள் - தொகுப்பு,Tamil,https://projectmadurai.org/pm_etexts/pdf/pm0172.pdf,https://projectmadurai.org/pm_etexts/utf8/pmuni0172.html,True,AUTO_DOWNLOAD_PERMISSION_BEFORE_REDISTRIBUTION,CONTACT_PROJECT_COORDINATORS_AND_RETAIN_HEADERS,pmadurai@gmail.com,Freeze all available formats; preserve each header; request confirmation before Devam online redistribution and commercial use.,https://projectmadurai.org/pmworks.html
PM-173-0278,173,தேவாரம் - மூன்றாம் திருமுறை; பாகம் 1 (பாடல்கள் 1- 713),திருஞான சம்பந்தர்,சமயம் - சைவம்,Tamil,https://projectmadurai.org/pm_etexts/pdf/pm0173.pdf,https://projectmadurai.org/pm_etexts/utf8/pmuni0173.html,True,AUTO_DOWNLOAD_PERMISSION_BEFORE_REDISTRIBUTION,CONTACT_PROJECT_COORDINATORS_AND_RETAIN_HEADERS,pmadurai@gmail.com,Freeze all available formats; preserve each header; request confirmation before Devam online redistribution and commercial use.,https://projectmadurai.org/pmworks.html
PM-174-0279,174,சீறாப்புராணம் காண்டம்-2 பாகம்-1,உமறுப் புலவர்,சமயம் - இஸ்லாமியம்,Tamil,https://projectmadurai.org/pm_etexts/pdf/pm0174.pdf,https://projectmadurai.org/pm_etexts/utf8/pmuni0174.html,True,AUTO_DOWNLOAD_PERMISSION_BEFORE_REDISTRIBUTION,CONTACT_PROJECT_COORDINATORS_AND_RETAIN_HEADERS,pmadurai@gmail.com,Freeze all available formats; preserve each header; request confirmation before Devam online redistribution and commercial use.,https://projectmadurai.org/pmworks.html
PM-175-0280,175,சீறாப்புராணம் காண்டம்-2 பாகம்-2,உமறுப் புலவர்,சமயம் - இஸ்லாமியம்,Tamil,https://projectmadurai.org/pm_etexts/pdf/pm0175.pdf,https://projectmadurai.org/pm_etexts/utf8/pmuni0175.html,True,AUTO_DOWNLOAD_PERMISSION_BEFORE_REDISTRIBUTION,CONTACT_PROJECT_COORDINATORS_AND_RETAIN_HEADERS,pmadurai@gmail.com,Freeze all available formats; preserve each header; request confirmation before Devam online redistribution and commercial use.,https://projectmadurai.org/pmworks.html
PM-176-0281,176,தில்சை சிவகாமியம்மை இரட்டை மணிமாலை,குமரகுருபரர்,பிரபந்தம் - மாலை,Tamil,https://projectmadurai.org/pm_etexts/pdf/pm0176.pdf,https://projectmadurai.org/pm_etexts/utf8/pmuni0176.html,True,AUTO_DOWNLOAD_PERMISSION_BEFORE_REDISTRIBUTION,CONTACT_PROJECT_COORDINATORS_AND_RETAIN_HEADERS,pmadurai@gmail.com,Freeze all available formats; preserve each header; request confirmation before Devam online redistribution and commercial use.,https://projectmadurai.org/pmworks.html
PM-177-0282,177,தமிழச்சியின் கத்தி,பாரதிதாசன்,கவிதைகள்,Tamil,https://projectmadurai.org/pm_etexts/pdf/pm0177.pdf,https://projectmadurai.org/pm_etexts/utf8/pmuni0177.html,True,AUTO_DOWNLOAD_PERMISSION_BEFORE_REDISTRIBUTION,CONTACT_PROJECT_COORDINATORS_AND_RETAIN_HEADERS,pmadurai@gmail.com,Freeze all available formats; preserve each header; request confirmation before Devam online redistribution and commercial use.,https://projectmadurai.org/pmworks.html
PM-178-0283,178,சீறாப்புராணம் காண்டம்-3 பாகம்-1,உமறுப் புலவர்,சமயம் - இஸ்லாமியம்,Tamil,https://projectmadurai.org/pm_etexts/pdf/pm0178.pdf,https://projectmadurai.org/pm_etexts/utf8/pmuni0178.html,True,AUTO_DOWNLOAD_PERMISSION_BEFORE_REDISTRIBUTION,CONTACT_PROJECT_COORDINATORS_AND_RETAIN_HEADERS,pmadurai@gmail.com,Freeze all available formats; preserve each header; request confirmation before Devam online redistribution and commercial use.,https://projectmadurai.org/pmworks.html
PM-179-0284,179,தேவாரம் - மூன்றாம் திருமுறை; பாகம் 2 (பாடல்கள் 714 -1347),திருஞான சம்பந்தர்,சமயம் - சைவம்,Tamil,https://projectmadurai.org/pm_etexts/pdf/pm0179.pdf,https://projectmadurai.org/pm_etexts/utf8/pmuni0179.html,True,AUTO_DOWNLOAD_PERMISSION_BEFORE_REDISTRIBUTION,CONTACT_PROJECT_COORDINATORS_AND_RETAIN_HEADERS,pmadurai@gmail.com,Freeze all available formats; preserve each header; request confirmation before Devam online redistribution and commercial use.,https://projectmadurai.org/pmworks.html
PM-180-0285,180,திருப்புகழ் /பாகம் 1 (பாடல்கள் 1-330),அருணகிரிநாதர்,சமயம் - சைவம்,Tamil,https://projectmadurai.org/pm_etexts/pdf/pm0180.pdf,https://projectmadurai.org/pm_etexts/utf8/pmuni0180.html,True,AUTO_DOWNLOAD_PERMISSION_BEFORE_REDISTRIBUTION,CONTACT_PROJECT_COORDINATORS_AND_RETAIN_HEADERS,pmadurai@gmail.com,Freeze all available formats; preserve each header; request confirmation before Devam online redistribution and commercial use.,https://projectmadurai.org/pmworks.html
PM-181-0286,181,தேவாரம் - நான்காம் திருமுறை; பாகம் 1 (பாடல்கள் 1-487),திருநாவுக்கரசர்,சமயம் - சைவம்,Tamil,https://projectmadurai.org/pm_etexts/pdf/pm0181.pdf,https://projectmadurai.org/pm_etexts/utf8/pmuni0181.html,True,AUTO_DOWNLOAD_PERMISSION_BEFORE_REDISTRIBUTION,CONTACT_PROJECT_COORDINATORS_AND_RETAIN_HEADERS,pmadurai@gmail.com,Freeze all available formats; preserve each header; request confirmation before Devam online redistribution and commercial use.,https://projectmadurai.org/pmworks.html
PM-182-0287,182,தேவாரம் - நான்காம் திருமுறை; பாகம் 2 (பாடல்கள் 488-1070),திருநாவுக்கரசர்,சமயம் - சைவம்,Tamil,https://projectmadurai.org/pm_etexts/pdf/pm0182.pdf,https://projectmadurai.org/pm_etexts/utf8/pmuni0182.html,True,AUTO_DOWNLOAD_PERMISSION_BEFORE_REDISTRIBUTION,CONTACT_PROJECT_COORDINATORS_AND_RETAIN_HEADERS,pmadurai@gmail.com,Freeze all available formats; preserve each header; request confirmation before Devam online redistribution and commercial use.,https://projectmadurai.org/pmworks.html
PM-183-0288,183,திருப்பேரூர்ப் பட்டீசர் கண்ணாடி விடுதூது,கோவை செட்டிபாளையம் மகாவித்துவான் குட்டியப்ப கவுண்டர்,பிரபந்தம் - தூது,Tamil,https://projectmadurai.org/pm_etexts/pdf/pm0183.pdf,https://projectmadurai.org/pm_etexts/utf8/pmuni0183.html,True,AUTO_DOWNLOAD_PERMISSION_BEFORE_REDISTRIBUTION,CONTACT_PROJECT_COORDINATORS_AND_RETAIN_HEADERS,pmadurai@gmail.com,Freeze all available formats; preserve each header; request confirmation before Devam online redistribution and commercial use.,https://projectmadurai.org/pmworks.html
PM-184-0289,184,திருவானைக்கா அகிலாண்டநாயகி பிள்ளைத் தமிழ்,தி. மீனாட்சிசுந்தரம் பிள்ளை,பிரபந்தம் - பிள்ளைத்தமிழ்,Tamil,https://projectmadurai.org/pm_etexts/pdf/pm0184.pdf,https://projectmadurai.org/pm_etexts/utf8/pmuni0184.html,True,AUTO_DOWNLOAD_PERMISSION_BEFORE_REDISTRIBUTION,CONTACT_PROJECT_COORDINATORS_AND_RETAIN_HEADERS,pmadurai@gmail.com,Freeze all available formats; preserve each header; request confirmation before Devam online redistribution and commercial use.,https://projectmadurai.org/pmworks.html
PM-184-0290,184,பிரபந்தத்திரட்டு - பகுதி 2,தி. மீனாட்சிசுந்தரம் பிள்ளை,பிரபந்தத் திரட்டு,Tamil,https://projectmadurai.org/pm_etexts/pdf/pm0184.pdf,https://projectmadurai.org/pm_etexts/utf8/pmuni0184.html,True,AUTO_DOWNLOAD_PERMISSION_BEFORE_REDISTRIBUTION,CONTACT_PROJECT_COORDINATORS_AND_RETAIN_HEADERS,pmadurai@gmail.com,Freeze all available formats; preserve each header; request confirmation before Devam online redistribution and commercial use.,https://projectmadurai.org/pmworks.html
PM-185-0291,185,ஒரு கிராமத்துப் பெண்ணின் தலைப் பிரசவம்,இரா. முருகன்,சிறுகதைகள் தொகுப்பு,Tamil,https://projectmadurai.org/pm_etexts/pdf/pm0185.pdf,https://projectmadurai.org/pm_etexts/utf8/pmuni0185.html,True,AUTO_DOWNLOAD_PERMISSION_BEFORE_REDISTRIBUTION,CONTACT_PROJECT_COORDINATORS_AND_RETAIN_HEADERS,pmadurai@gmail.com,Freeze all available formats; preserve each header; request confirmation before Devam online redistribution and commercial use.,https://projectmadurai.org/pmworks.html
PM-186-0292,186,தேவாரம் - ஐந்தாம் திருமுறை; பாகம் 1 (பாடல்கள் 1-519),திருநாவுக்கரசர்,சமயம் - சைவம்,Tamil,https://projectmadurai.org/pm_etexts/pdf/pm0186.pdf,https://projectmadurai.org/pm_etexts/utf8/pmuni0186.html,True,AUTO_DOWNLOAD_PERMISSION_BEFORE_REDISTRIBUTION,CONTACT_PROJECT_COORDINATORS_AND_RETAIN_HEADERS,pmadurai@gmail.com,Freeze all available formats; preserve each header; request confirmation before Devam online redistribution and commercial use.,https://projectmadurai.org/pmworks.html
PM-187-0293,187,திருப்புகழ் /பாகம் 2 (பாடல்கள் 331-670),அருணகிரிநாதர்,சமயம் - சைவம்,Tamil,https://projectmadurai.org/pm_etexts/pdf/pm0187.pdf,https://projectmadurai.org/pm_etexts/utf8/pmuni0187.html,True,AUTO_DOWNLOAD_PERMISSION_BEFORE_REDISTRIBUTION,CONTACT_PROJECT_COORDINATORS_AND_RETAIN_HEADERS,pmadurai@gmail.com,Freeze all available formats; preserve each header; request confirmation before Devam online redistribution and commercial use.,https://projectmadurai.org/pmworks.html
PM-188-0294,188,தேவாரம் - ஐந்தாம் திருமுறை; பாகம் 2 (பாடல்கள் 520 - 1016),திருநாவுக்கரசர்,சமயம் - சைவம்,Tamil,https://projectmadurai.org/pm_etexts/pdf/pm0188.pdf,https://projectmadurai.org/pm_etexts/utf8/pmuni0188.html,True,AUTO_DOWNLOAD_PERMISSION_BEFORE_REDISTRIBUTION,CONTACT_PROJECT_COORDINATORS_AND_RETAIN_HEADERS,pmadurai@gmail.com,Freeze all available formats; preserve each header; request confirmation before Devam online redistribution and commercial use.,https://projectmadurai.org/pmworks.html
PM-189-0295,189,திருப்புகழ் /பாகம் 3 (பாடல்கள் 671 - 1000),அருணகிரிநாதர்,சமயம் - சைவம்,Tamil,https://projectmadurai.org/pm_etexts/pdf/pm0189.pdf,https://projectmadurai.org/pm_etexts/utf8/pmuni0189.html,True,AUTO_DOWNLOAD_PERMISSION_BEFORE_REDISTRIBUTION,CONTACT_PROJECT_COORDINATORS_AND_RETAIN_HEADERS,pmadurai@gmail.com,Freeze all available formats; preserve each header; request confirmation before Devam online redistribution and commercial use.,https://projectmadurai.org/pmworks.html
PM-190-0296,190,சேக்கிழார் பிள்ளைத்தமிழ்,தி. மீனாட்சிசுந்தரம் பிள்ளை,பிரபந்தம் - பிள்ளைத்தமிழ்,Tamil,https://projectmadurai.org/pm_etexts/pdf/pm0190.pdf,https://projectmadurai.org/pm_etexts/utf8/pmuni0190.html,True,AUTO_DOWNLOAD_PERMISSION_BEFORE_REDISTRIBUTION,CONTACT_PROJECT_COORDINATORS_AND_RETAIN_HEADERS,pmadurai@gmail.com,Freeze all available formats; preserve each header; request confirmation before Devam online redistribution and commercial use.,https://projectmadurai.org/pmworks.html
PM-191-0297,191,திருப்புகழ் /பாகம் 4 (பாடல்கள் 10011-1326),அருணகிரிநாதர்,சமயம் - சைவம்,Tamil,https://projectmadurai.org/pm_etexts/pdf/pm0191.pdf,https://projectmadurai.org/pm_etexts/utf8/pmuni0191.html,True,AUTO_DOWNLOAD_PERMISSION_BEFORE_REDISTRIBUTION,CONTACT_PROJECT_COORDINATORS_AND_RETAIN_HEADERS,pmadurai@gmail.com,Freeze all available formats; preserve each header; request confirmation before Devam online redistribution and commercial use.,https://projectmadurai.org/pmworks.html
PM-192-0298,192,தேவாரம் - ஆறாம் திருமுறை - பாகம் 1 (பாடல்கள் 1-508),திருநாவுக்கரசர்,சமயம் - சைவம்,Tamil,https://projectmadurai.org/pm_etexts/pdf/pm0192.pdf,https://projectmadurai.org/pm_etexts/utf8/pmuni0192.html,True,AUTO_DOWNLOAD_PERMISSION_BEFORE_REDISTRIBUTION,CONTACT_PROJECT_COORDINATORS_AND_RETAIN_HEADERS,pmadurai@gmail.com,Freeze all available formats; preserve each header; request confirmation before Devam online redistribution and commercial use.,https://projectmadurai.org/pmworks.html
PM-193-0299,193,சிவகாமியின் சபதம் /பாகம் 1 /பூகம்பம்,கல்கி கிருஷ்ணமூர்த்தி,நாவல் / புதினம்,Tamil,https://projectmadurai.org/pm_etexts/pdf/pm0193.pdf,https://projectmadurai.org/pm_etexts/utf8/pmuni0193.html,True,AUTO_DOWNLOAD_PERMISSION_BEFORE_REDISTRIBUTION,CONTACT_PROJECT_COORDINATORS_AND_RETAIN_HEADERS,pmadurai@gmail.com,Freeze all available formats; preserve each header; request confirmation before Devam online redistribution and commercial use.,https://projectmadurai.org/pmworks.html
PM-194-0300,194,சிவகாமியின் சபதம் /பாகம் 2 /காஞ்சி முற்றுகை,கல்கி கிருஷ்ணமூர்த்தி,நாவல் / புதினம்,Tamil,https://projectmadurai.org/pm_etexts/pdf/pm0194.pdf,https://projectmadurai.org/pm_etexts/utf8/pmuni0194.html,True,AUTO_DOWNLOAD_PERMISSION_BEFORE_REDISTRIBUTION,CONTACT_PROJECT_COORDINATORS_AND_RETAIN_HEADERS,pmadurai@gmail.com,Freeze all available formats; preserve each header; request confirmation before Devam online redistribution and commercial use.,https://projectmadurai.org/pmworks.html
PM-195-0301,195,சிவகாமியின் சபதம் /பாகம் 3 /பிக்ஷுவின் காதல்,கல்கி கிருஷ்ணமூர்த்தி,நாவல் / புதினம்,Tamil,https://projectmadurai.org/pm_etexts/pdf/pm0195.pdf,https://projectmadurai.org/pm_etexts/utf8/pmuni0195.html,True,AUTO_DOWNLOAD_PERMISSION_BEFORE_REDISTRIBUTION,CONTACT_PROJECT_COORDINATORS_AND_RETAIN_HEADERS,pmadurai@gmail.com,Freeze all available formats; preserve each header; request confirmation before Devam online redistribution and commercial use.,https://projectmadurai.org/pmworks.html
PM-196-0302,196,தேவாரம் -ஆறாம் திருமுறை; பாகம் 2 (பாடல்கள் 509-981),திருநாவுக்கரசர்,சமயம் - சைவம்,Tamil,https://projectmadurai.org/pm_etexts/pdf/pm0196.pdf,https://projectmadurai.org/pm_etexts/utf8/pmuni0196.html,True,AUTO_DOWNLOAD_PERMISSION_BEFORE_REDISTRIBUTION,CONTACT_PROJECT_COORDINATORS_AND_RETAIN_HEADERS,pmadurai@gmail.com,Freeze all available formats; preserve each header; request confirmation before Devam online redistribution and commercial use.,https://projectmadurai.org/pmworks.html
PM-197-0303,197,காசிக் கலம்பகம்,குமரகுருபரர்,பிரபந்தம் - கலம்பகம்,Tamil,https://projectmadurai.org/pm_etexts/pdf/pm0197.pdf,https://projectmadurai.org/pm_etexts/utf8/pmuni0197_01.html | https://projectmadurai.org/pm_etexts/utf8/pmuni0197_02.html | https://projectmadurai.org/pm_etexts/utf8/pmuni0197_03.html,True,AUTO_DOWNLOAD_PERMISSION_BEFORE_REDISTRIBUTION,CONTACT_PROJECT_COORDINATORS_AND_RETAIN_HEADERS,pmadurai@gmail.com,Freeze all available formats; preserve each header; request confirmation before Devam online redistribution and commercial use.,https://projectmadurai.org/pmworks.html
PM-197-0304,197,சிதம்பரச் செய்யுட்கோவை,குமரகுருபரர்,பிரபந்தம் - கோவை,Tamil,https://projectmadurai.org/pm_etexts/pdf/pm0197.pdf,https://projectmadurai.org/pm_etexts/utf8/pmuni0197_01.html | https://projectmadurai.org/pm_etexts/utf8/pmuni0197_02.html | https://projectmadurai.org/pm_etexts/utf8/pmuni0197_03.html,True,AUTO_DOWNLOAD_PERMISSION_BEFORE_REDISTRIBUTION,CONTACT_PROJECT_COORDINATORS_AND_RETAIN_HEADERS,pmadurai@gmail.com,Freeze all available formats; preserve each header; request confirmation before Devam online redistribution and commercial use.,https://projectmadurai.org/pmworks.html
PM-197-0305,197,பண்டார மும்மணிக்கோவை,குமரகுருபரர்,பிரபந்தம் - கோவை,Tamil,https://projectmadurai.org/pm_etexts/pdf/pm0197.pdf,https://projectmadurai.org/pm_etexts/utf8/pmuni0197_01.html | https://projectmadurai.org/pm_etexts/utf8/pmuni0197_02.html | https://projectmadurai.org/pm_etexts/utf8/pmuni0197_03.html,True,AUTO_DOWNLOAD_PERMISSION_BEFORE_REDISTRIBUTION,CONTACT_PROJECT_COORDINATORS_AND_RETAIN_HEADERS,pmadurai@gmail.com,Freeze all available formats; preserve each header; request confirmation before Devam online redistribution and commercial use.,https://projectmadurai.org/pmworks.html
PM-198-0306,198,சிறுகதைகள் - தொகுப்பு - 1,ஜெயகாந்தன்,சிறுகதைகள் - தொகுப்பு,Tamil,https://projectmadurai.org/pm_etexts/pdf/pm0198.pdf,https://projectmadurai.org/pm_etexts/utf8/pmuni0198.html,True,AUTO_DOWNLOAD_PERMISSION_BEFORE_REDISTRIBUTION,CONTACT_PROJECT_COORDINATORS_AND_RETAIN_HEADERS,pmadurai@gmail.com,Freeze all available formats; preserve each header; request confirmation before Devam online redistribution and commercial use.,https://projectmadurai.org/pmworks.html
PM-199-0307,199,சிறுகதைகள் - தொகுப்பு - 2,ஜெயகாந்தன்,சிறுகதைகள் - தொகுப்பு,Tamil,https://projectmadurai.org/pm_etexts/pdf/pm0199.pdf,https://projectmadurai.org/pm_etexts/utf8/pmuni0199.html,True,AUTO_DOWNLOAD_PERMISSION_BEFORE_REDISTRIBUTION,CONTACT_PROJECT_COORDINATORS_AND_RETAIN_HEADERS,pmadurai@gmail.com,Freeze all available formats; preserve each header; request confirmation before Devam online redistribution and commercial use.,https://projectmadurai.org/pmworks.html
PM-200-0308,200,வினா வெண்பா; கொடிக்கவி; நெஞ்சு விடு தூது; சிவப்பிரகாசம்,ஸ்ரீ ஈசான்ய ஞான தேசிகர் மீது,பிரபந்தம் - தூது,Tamil,https://projectmadurai.org/pm_etexts/pdf/pm0200.pdf,https://projectmadurai.org/pm_etexts/utf8/pmuni0200.html,True,AUTO_DOWNLOAD_PERMISSION_BEFORE_REDISTRIBUTION,CONTACT_PROJECT_COORDINATORS_AND_RETAIN_HEADERS,pmadurai@gmail.com,Freeze all available formats; preserve each header; request confirmation before Devam online redistribution and commercial use.,https://projectmadurai.org/pmworks.html
PM-201-0309,201,சிவகாமியின் சபதம் /பாகம் 4 /சிதைந்த கனவு,கல்கி கிருஷ்ணமூர்த்தி,நாவல் / புதினம்,Tamil,https://projectmadurai.org/pm_etexts/pdf/pm0201.pdf,https://projectmadurai.org/pm_etexts/utf8/pmuni0201.html,True,AUTO_DOWNLOAD_PERMISSION_BEFORE_REDISTRIBUTION,CONTACT_PROJECT_COORDINATORS_AND_RETAIN_HEADERS,pmadurai@gmail.com,Freeze all available formats; preserve each header; request confirmation before Devam online redistribution and commercial use.,https://projectmadurai.org/pmworks.html
PM-202-0310,202,கவிச்சக்ரவர்த்தி கம்பர்,இராகவ ஐயங்கார்,வரலாறு / சரித்திரம்,Tamil,https://projectmadurai.org/pm_etexts/pdf/pm0202.pdf,https://projectmadurai.org/pm_etexts/utf8/pmuni0202.html,True,AUTO_DOWNLOAD_PERMISSION_BEFORE_REDISTRIBUTION,CONTACT_PROJECT_COORDINATORS_AND_RETAIN_HEADERS,pmadurai@gmail.com,Freeze all available formats; preserve each header; request confirmation before Devam online redistribution and commercial use.,https://projectmadurai.org/pmworks.html
PM-203-0311,203,சீறாப்புராணம் காண்டம்-3 பாகம்-2,உமறுப் புலவர்,புராணம்,Tamil,https://projectmadurai.org/pm_etexts/pdf/pm0203.pdf,https://projectmadurai.org/pm_etexts/utf8/pmuni0203.html,True,AUTO_DOWNLOAD_PERMISSION_BEFORE_REDISTRIBUTION,CONTACT_PROJECT_COORDINATORS_AND_RETAIN_HEADERS,pmadurai@gmail.com,Freeze all available formats; preserve each header; request confirmation before Devam online redistribution and commercial use.,https://projectmadurai.org/pmworks.html
PM-204-0312,204,சிறுகதைகள் - தொகுப்பு - 3,ஜெயகாந்தன்,சிறுகதைகள் - தொகுப்பு,Tamil,https://projectmadurai.org/pm_etexts/pdf/pm0204.pdf,https://projectmadurai.org/pm_etexts/utf8/pmuni0204.html,True,AUTO_DOWNLOAD_PERMISSION_BEFORE_REDISTRIBUTION,CONTACT_PROJECT_COORDINATORS_AND_RETAIN_HEADERS,pmadurai@gmail.com,Freeze all available formats; preserve each header; request confirmation before Devam online redistribution and commercial use.,https://projectmadurai.org/pmworks.html
PM-205-0313,205,அலை ஓசை /பாகம் 1 (பூகம்பம்),கல்கி கிருஷ்ணமூர்த்தி,நாவல் / புதினம்,Tamil,https://projectmadurai.org/pm_etexts/pdf/pm0205.pdf,https://projectmadurai.org/pm_etexts/utf8/pmuni0205.html,True,AUTO_DOWNLOAD_PERMISSION_BEFORE_REDISTRIBUTION,CONTACT_PROJECT_COORDINATORS_AND_RETAIN_HEADERS,pmadurai@gmail.com,Freeze all available formats; preserve each header; request confirmation before Devam online redistribution and commercial use.,https://projectmadurai.org/pmworks.html
PM-206-0314,206,அலை ஓசை /பாகம் 2 (புயல்),கல்கி கிருஷ்ணமூர்த்தி,நாவல் / புதினம்,Tamil,https://projectmadurai.org/pm_etexts/pdf/pm0206.pdf,https://projectmadurai.org/pm_etexts/utf8/pmuni0206.html,True,AUTO_DOWNLOAD_PERMISSION_BEFORE_REDISTRIBUTION,CONTACT_PROJECT_COORDINATORS_AND_RETAIN_HEADERS,pmadurai@gmail.com,Freeze all available formats; preserve each header; request confirmation before Devam online redistribution and commercial use.,https://projectmadurai.org/pmworks.html
PM-207-0315,207,தேவாரம் - ஏழாம் திருமுறை - பகுதி 1 (பாடல்கள் 1-517),சுந்தரமூர்த்தி சுவாமிகள்,சமயம் - சைவம்,Tamil,https://projectmadurai.org/pm_etexts/pdf/pm0207.pdf,https://projectmadurai.org/pm_etexts/utf8/pmuni0207.html,True,AUTO_DOWNLOAD_PERMISSION_BEFORE_REDISTRIBUTION,CONTACT_PROJECT_COORDINATORS_AND_RETAIN_HEADERS,pmadurai@gmail.com,Freeze all available formats; preserve each header; request confirmation before Devam online redistribution and commercial use.,https://projectmadurai.org/pmworks.html
PM-208-0316,208,அலை ஓசை /பாகம் 3 (புயல்),கல்கி கிருஷ்ணமூர்த்தி,நாவல் / புதினம்,Tamil,https://projectmadurai.org/pm_etexts/pdf/pm0208.pdf,https://projectmadurai.org/pm_etexts/utf8/pmuni0208.html,True,AUTO_DOWNLOAD_PERMISSION_BEFORE_REDISTRIBUTION,CONTACT_PROJECT_COORDINATORS_AND_RETAIN_HEADERS,pmadurai@gmail.com,Freeze all available formats; preserve each header; request confirmation before Devam online redistribution and commercial use.,https://projectmadurai.org/pmworks.html
PM-209-0317,209,திருத்தொண்டர் புராணம் /சருக்கம் 1; 2,சேக்கிழார்,சமயம் - சைவம்,Tamil,https://projectmadurai.org/pm_etexts/pdf/pm0209.pdf,https://projectmadurai.org/pm_etexts/utf8/pmuni0209.html,True,AUTO_DOWNLOAD_PERMISSION_BEFORE_REDISTRIBUTION,CONTACT_PROJECT_COORDINATORS_AND_RETAIN_HEADERS,pmadurai@gmail.com,Freeze all available formats; preserve each header; request confirmation before Devam online redistribution and commercial use.,https://projectmadurai.org/pmworks.html
PM-209-0318,209,பெரிய புராணம் - காண்டம் 1; சருக்கம் 1; 2,சேக்கிழார்,சமயம் - சைவம்,Tamil,https://projectmadurai.org/pm_etexts/pdf/pm0209.pdf,https://projectmadurai.org/pm_etexts/utf8/pmuni0209.html,True,AUTO_DOWNLOAD_PERMISSION_BEFORE_REDISTRIBUTION,CONTACT_PROJECT_COORDINATORS_AND_RETAIN_HEADERS,pmadurai@gmail.com,Freeze all available formats; preserve each header; request confirmation before Devam online redistribution and commercial use.,https://projectmadurai.org/pmworks.html
PM-210-0319,210,அலை ஓசை /பாகம் 4 (புயல்),கல்கி கிருஷ்ணமூர்த்தி,நாவல் / புதினம்,Tamil,https://projectmadurai.org/pm_etexts/pdf/pm0210.pdf,https://projectmadurai.org/pm_etexts/utf8/pmuni0210.html,True,AUTO_DOWNLOAD_PERMISSION_BEFORE_REDISTRIBUTION,CONTACT_PROJECT_COORDINATORS_AND_RETAIN_HEADERS,pmadurai@gmail.com,Freeze all available formats; preserve each header; request confirmation before Devam online redistribution and commercial use.,https://projectmadurai.org/pmworks.html
PM-211-0320,211,தேவாரம் - ஏழாம் திருமுறை - பகுதி 2 (பாடல்கள் 518-1026),சுந்தரமூர்த்தி சுவாமிகள்,சமயம் - சைவம்,Tamil,https://projectmadurai.org/pm_etexts/pdf/pm0211.pdf,https://projectmadurai.org/pm_etexts/utf8/pmuni0211.html,True,AUTO_DOWNLOAD_PERMISSION_BEFORE_REDISTRIBUTION,CONTACT_PROJECT_COORDINATORS_AND_RETAIN_HEADERS,pmadurai@gmail.com,Freeze all available formats; preserve each header; request confirmation before Devam online redistribution and commercial use.,https://projectmadurai.org/pmworks.html
PM-212-0321,212,சித்தர் பாடல்கள் தொகுப்பு 4,அகப்பேய் சித்தர்; இடைக்காட்டுச் சித்தர்;கொங்கணச் சித்தர்,சித்தர் பாடல்கள்,Tamil,https://projectmadurai.org/pm_etexts/pdf/pm0212.pdf,https://projectmadurai.org/pm_etexts/utf8/pmuni0212.html,True,AUTO_DOWNLOAD_PERMISSION_BEFORE_REDISTRIBUTION,CONTACT_PROJECT_COORDINATORS_AND_RETAIN_HEADERS,pmadurai@gmail.com,Freeze all available formats; preserve each header; request confirmation before Devam online redistribution and commercial use.,https://projectmadurai.org/pmworks.html
PM-213-0322,213,திருமுறைகண்ட புராணம்,உமாபதி சிவம்,சமயம் - சைவம்,Tamil,https://projectmadurai.org/pm_etexts/pdf/pm0213.pdf,https://projectmadurai.org/pm_etexts/utf8/pmuni0213.html,True,AUTO_DOWNLOAD_PERMISSION_BEFORE_REDISTRIBUTION,CONTACT_PROJECT_COORDINATORS_AND_RETAIN_HEADERS,pmadurai@gmail.com,Freeze all available formats; preserve each header; request confirmation before Devam online redistribution and commercial use.,https://projectmadurai.org/pmworks.html
PM-214-0323,214,பார்த்திபன் கனவு /பாகம் - 1-2,கல்கி கிருஷ்ணமூர்த்தி,நாவல் / புதினம்,Tamil,https://projectmadurai.org/pm_etexts/pdf/pm0214.pdf,https://projectmadurai.org/pm_etexts/utf8/pmuni0214.html,True,AUTO_DOWNLOAD_PERMISSION_BEFORE_REDISTRIBUTION,CONTACT_PROJECT_COORDINATORS_AND_RETAIN_HEADERS,pmadurai@gmail.com,Freeze all available formats; preserve each header; request confirmation before Devam online redistribution and commercial use.,https://projectmadurai.org/pmworks.html
PM-215-0324,215,திருத்தொண்டர் புராணம் /சருக்கம் 3,சேக்கிழார்,சமயம் - சைவம்,Tamil,https://projectmadurai.org/pm_etexts/pdf/pm0215.pdf,https://projectmadurai.org/pm_etexts/utf8/pmuni0215.html,True,AUTO_DOWNLOAD_PERMISSION_BEFORE_REDISTRIBUTION,CONTACT_PROJECT_COORDINATORS_AND_RETAIN_HEADERS,pmadurai@gmail.com,Freeze all available formats; preserve each header; request confirmation before Devam online redistribution and commercial use.,https://projectmadurai.org/pmworks.html
PM-215-0325,215,பெரிய புராணம் - காண்டம் 1; சருக்கம் 3,சேக்கிழார்,சமயம் - சைவம்,Tamil,https://projectmadurai.org/pm_etexts/pdf/pm0215.pdf,https://projectmadurai.org/pm_etexts/utf8/pmuni0215.html,True,AUTO_DOWNLOAD_PERMISSION_BEFORE_REDISTRIBUTION,CONTACT_PROJECT_COORDINATORS_AND_RETAIN_HEADERS,pmadurai@gmail.com,Freeze all available formats; preserve each header; request confirmation before Devam online redistribution and commercial use.,https://projectmadurai.org/pmworks.html
PM-216-0326,216,திருத்தொண்டர் புராண வரலாறு (சேக்கிழார் சுவாமிகள் புராணம்),உமாபதி சிவம்,சமயம் - சைவம்,Tamil,https://projectmadurai.org/pm_etexts/pdf/pm0216.pdf,https://projectmadurai.org/pm_etexts/utf8/pmuni0216.html,True,AUTO_DOWNLOAD_PERMISSION_BEFORE_REDISTRIBUTION,CONTACT_PROJECT_COORDINATORS_AND_RETAIN_HEADERS,pmadurai@gmail.com,Freeze all available formats; preserve each header; request confirmation before Devam online redistribution and commercial use.,https://projectmadurai.org/pmworks.html
PM-217-0327,217,பிரதாப முதலியார் சரித்திரம்,மயூரம் வேதநாயகம் பிள்ளை,வரலாறு / சரித்திரம்,Tamil,https://projectmadurai.org/pm_etexts/pdf/pm0217.pdf,https://projectmadurai.org/pm_etexts/utf8/pmuni0217.html,True,AUTO_DOWNLOAD_PERMISSION_BEFORE_REDISTRIBUTION,CONTACT_PROJECT_COORDINATORS_AND_RETAIN_HEADERS,pmadurai@gmail.com,Freeze all available formats; preserve each header; request confirmation before Devam online redistribution and commercial use.,https://projectmadurai.org/pmworks.html
PM-218-0328,218,திருத்தொண்டர் புராணம் /சருக்கம் 4; 5,சேக்கிழார்,சமயம் - சைவம்,Tamil,https://projectmadurai.org/pm_etexts/pdf/pm0218.pdf,https://projectmadurai.org/pm_etexts/utf8/pmuni0218.html,True,AUTO_DOWNLOAD_PERMISSION_BEFORE_REDISTRIBUTION,CONTACT_PROJECT_COORDINATORS_AND_RETAIN_HEADERS,pmadurai@gmail.com,Freeze all available formats; preserve each header; request confirmation before Devam online redistribution and commercial use.,https://projectmadurai.org/pmworks.html
PM-218-0329,218,பெரிய புராணம் - காண்டம் 1; சருக்கம் 4; 5,சேக்கிழார்,சமயம் - சைவம்,Tamil,https://projectmadurai.org/pm_etexts/pdf/pm0218.pdf,https://projectmadurai.org/pm_etexts/utf8/pmuni0218.html,True,AUTO_DOWNLOAD_PERMISSION_BEFORE_REDISTRIBUTION,CONTACT_PROJECT_COORDINATORS_AND_RETAIN_HEADERS,pmadurai@gmail.com,Freeze all available formats; preserve each header; request confirmation before Devam online redistribution and commercial use.,https://projectmadurai.org/pmworks.html
PM-219-0330,219,பழமொழி விளக்கம் /தண்டலையார் சதகம்,படிக்காசுப் புலவர்,சிற்றிலக்கியம்,Tamil,https://projectmadurai.org/pm_etexts/pdf/pm0219.pdf,https://projectmadurai.org/pm_etexts/utf8/pmuni0219.html,True,AUTO_DOWNLOAD_PERMISSION_BEFORE_REDISTRIBUTION,CONTACT_PROJECT_COORDINATORS_AND_RETAIN_HEADERS,pmadurai@gmail.com,Freeze all available formats; preserve each header; request confirmation before Devam online redistribution and commercial use.,https://projectmadurai.org/pmworks.html
PM-220-0331,220,காளமேகப் புலவர் பாடல்கள்,காளமேகம்,பாடல்கள்,Tamil,https://projectmadurai.org/pm_etexts/pdf/pm0220.pdf,https://projectmadurai.org/pm_etexts/utf8/pmuni0220.html,True,AUTO_DOWNLOAD_PERMISSION_BEFORE_REDISTRIBUTION,CONTACT_PROJECT_COORDINATORS_AND_RETAIN_HEADERS,pmadurai@gmail.com,Freeze all available formats; preserve each header; request confirmation before Devam online redistribution and commercial use.,https://projectmadurai.org/pmworks.html
PM-221-0332,221,கலித்தொகை,,சங்ககாலம் – எட்டுத்தொகை,Tamil,https://projectmadurai.org/pm_etexts/pdf/pm0221.pdf,https://projectmadurai.org/pm_etexts/utf8/pmuni0221.html,True,AUTO_DOWNLOAD_PERMISSION_BEFORE_REDISTRIBUTION,CONTACT_PROJECT_COORDINATORS_AND_RETAIN_HEADERS,pmadurai@gmail.com,Freeze all available formats; preserve each header; request confirmation before Devam online redistribution and commercial use.,https://projectmadurai.org/pmworks.html
PM-222-0333,222,திருவாசகம் (ஆங்கில மொழிபெயர்ப்பு) - பாகம் 2 (tiruvAcagam or Sacred Utterances - part 2),ஜி.யூ. போப் (G.U.Pope / mAnikkavACagar),சமயம் - சைவம்,Tamil,https://projectmadurai.org/pm_etexts/pdf/pm0222.pdf,https://projectmadurai.org/pm_etexts/utf8/pmuni0222.html,True,AUTO_DOWNLOAD_PERMISSION_BEFORE_REDISTRIBUTION,CONTACT_PROJECT_COORDINATORS_AND_RETAIN_HEADERS,pmadurai@gmail.com,Freeze all available formats; preserve each header; request confirmation before Devam online redistribution and commercial use.,https://projectmadurai.org/pmworks.html
PM-223-0334,223,பார்த்திபன் கனவு /பாகம் - 3,கல்கி கிருஷ்ணமூர்த்தி,நாவல் - புதினம்,Tamil,https://projectmadurai.org/pm_etexts/pdf/pm0223.pdf,https://projectmadurai.org/pm_etexts/utf8/pmuni0223_01.html | https://projectmadurai.org/pm_etexts/utf8/pmuni0223_02.html,True,AUTO_DOWNLOAD_PERMISSION_BEFORE_REDISTRIBUTION,CONTACT_PROJECT_COORDINATORS_AND_RETAIN_HEADERS,pmadurai@gmail.com,Freeze all available formats; preserve each header; request confirmation before Devam online redistribution and commercial use.,https://projectmadurai.org/pmworks.html
PM-224-0335,224,பெரிய புராணம் - காண்டம் 2; சருக்கம் 6; பகுதி 1,சேக்கிழார்,சமயம் - சைவம்,Tamil,https://projectmadurai.org/pm_etexts/pdf/pm0224.pdf,https://projectmadurai.org/pm_etexts/utf8/pmuni0224.html,True,AUTO_DOWNLOAD_PERMISSION_BEFORE_REDISTRIBUTION,CONTACT_PROJECT_COORDINATORS_AND_RETAIN_HEADERS,pmadurai@gmail.com,Freeze all available formats; preserve each header; request confirmation before Devam online redistribution and commercial use.,https://projectmadurai.org/pmworks.html
PM-225-0336,225,பெரிய புராணம் - காண்டம் 2; சருக்கம் 6; பகுதி 2,சேக்கிழார்,சமயம் - சைவம்,Tamil,https://projectmadurai.org/pm_etexts/pdf/pm0225.pdf,https://projectmadurai.org/pm_etexts/utf8/pmuni0225.html,True,AUTO_DOWNLOAD_PERMISSION_BEFORE_REDISTRIBUTION,CONTACT_PROJECT_COORDINATORS_AND_RETAIN_HEADERS,pmadurai@gmail.com,Freeze all available formats; preserve each header; request confirmation before Devam online redistribution and commercial use.,https://projectmadurai.org/pmworks.html
PM-226-0337,226,பெரிய புராணம் - காண்டம் 2; சருக்கம் 6; பகுதி 3,சேக்கிழார்,சமயம் - சைவம்,Tamil,https://projectmadurai.org/pm_etexts/pdf/pm0226.pdf,https://projectmadurai.org/pm_etexts/utf8/pmuni0226.html,True,AUTO_DOWNLOAD_PERMISSION_BEFORE_REDISTRIBUTION,CONTACT_PROJECT_COORDINATORS_AND_RETAIN_HEADERS,pmadurai@gmail.com,Freeze all available formats; preserve each header; request confirmation before Devam online redistribution and commercial use.,https://projectmadurai.org/pmworks.html
PM-227-0338,227,பெரிய புராணம் - காண்டம் 2; சருக்கம் 6; பகுதி 4,சேக்கிழார்,சமயம் - சைவம்,Tamil,https://projectmadurai.org/pm_etexts/pdf/pm0227.pdf,https://projectmadurai.org/pm_etexts/utf8/pmuni0227.html,True,AUTO_DOWNLOAD_PERMISSION_BEFORE_REDISTRIBUTION,CONTACT_PROJECT_COORDINATORS_AND_RETAIN_HEADERS,pmadurai@gmail.com,Freeze all available formats; preserve each header; request confirmation before Devam online redistribution and commercial use.,https://projectmadurai.org/pmworks.html
PM-228-0339,228,சோலைமலை இளவரசி,கல்கி கிருஷ்ணமூர்த்தி,நாவல் - புதினம்,Tamil,https://projectmadurai.org/pm_etexts/pdf/pm0228.pdf,https://projectmadurai.org/pm_etexts/utf8/pmuni0228.html,True,AUTO_DOWNLOAD_PERMISSION_BEFORE_REDISTRIBUTION,CONTACT_PROJECT_COORDINATORS_AND_RETAIN_HEADERS,pmadurai@gmail.com,Freeze all available formats; preserve each header; request confirmation before Devam online redistribution and commercial use.,https://projectmadurai.org/pmworks.html
PM-229-0340,229,அகநானுறு - மூலம்,,சங்ககாலம் – எட்டுத்தொகை,Tamil,https://projectmadurai.org/pm_etexts/pdf/pm0229.pdf,https://projectmadurai.org/pm_etexts/utf8/pmuni0229.html,True,AUTO_DOWNLOAD_PERMISSION_BEFORE_REDISTRIBUTION,CONTACT_PROJECT_COORDINATORS_AND_RETAIN_HEADERS,pmadurai@gmail.com,Freeze all available formats; preserve each header; request confirmation before Devam online redistribution and commercial use.,https://projectmadurai.org/pmworks.html
PM-230-0341,230,இரங்கேச வெண்பா,,பிரபந்தம் - வெண்பா,Tamil,https://projectmadurai.org/pm_etexts/pdf/pm0230.pdf,https://projectmadurai.org/pm_etexts/utf8/pmuni0230.html,True,AUTO_DOWNLOAD_PERMISSION_BEFORE_REDISTRIBUTION,CONTACT_PROJECT_COORDINATORS_AND_RETAIN_HEADERS,pmadurai@gmail.com,Freeze all available formats; preserve each header; request confirmation before Devam online redistribution and commercial use.,https://projectmadurai.org/pmworks.html
PM-231-0342,231,விநாயகர் அகவல்,ஔவையார்; பு.பா.இரசபதி உரையுடன்,பிரபந்தம் - அகவல்,Tamil,https://projectmadurai.org/pm_etexts/pdf/pm0231.pdf,https://projectmadurai.org/pm_etexts/utf8/pmuni0231.html,True,AUTO_DOWNLOAD_PERMISSION_BEFORE_REDISTRIBUTION,CONTACT_PROJECT_COORDINATORS_AND_RETAIN_HEADERS,pmadurai@gmail.com,Freeze all available formats; preserve each header; request confirmation before Devam online redistribution and commercial use.,https://projectmadurai.org/pmworks.html
PM-232-0343,232,காந்திமதியம்மை பிள்ளைத்தமிழ்,தி. மீனாட்சிசுந்தரம் பிள்ளை,பிரபந்தம் - பிள்ளைத்தமிழ்,Tamil,https://projectmadurai.org/pm_etexts/pdf/pm0232.pdf,https://projectmadurai.org/pm_etexts/utf8/pmuni0232.html,True,AUTO_DOWNLOAD_PERMISSION_BEFORE_REDISTRIBUTION,CONTACT_PROJECT_COORDINATORS_AND_RETAIN_HEADERS,pmadurai@gmail.com,Freeze all available formats; preserve each header; request confirmation before Devam online redistribution and commercial use.,https://projectmadurai.org/pmworks.html
PM-233-0344,233,ஸ்ரீமங்களாம்பிகை பிள்ளைத்தமிழ்,தி. மீனாட்சிசுந்தரம் பிள்ளை,பிரபந்தம் - பிள்ளைத்தமிழ்,Tamil,https://projectmadurai.org/pm_etexts/pdf/pm0233.pdf,https://projectmadurai.org/pm_etexts/utf8/pmuni0233.html,True,AUTO_DOWNLOAD_PERMISSION_BEFORE_REDISTRIBUTION,CONTACT_PROJECT_COORDINATORS_AND_RETAIN_HEADERS,pmadurai@gmail.com,Freeze all available formats; preserve each header; request confirmation before Devam online redistribution and commercial use.,https://projectmadurai.org/pmworks.html
PM-234-0345,234,பெருந்திருப்பிராட்டியார் பிள்ளைத்தமிழ்,தி. மீனாட்சிசுந்தரம் பிள்ளை,பிரபந்தம் - பிள்ளைத்தமிழ்,Tamil,https://projectmadurai.org/pm_etexts/pdf/pm0234.pdf,https://projectmadurai.org/pm_etexts/utf8/pmuni0234.html,True,AUTO_DOWNLOAD_PERMISSION_BEFORE_REDISTRIBUTION,CONTACT_PROJECT_COORDINATORS_AND_RETAIN_HEADERS,pmadurai@gmail.com,Freeze all available formats; preserve each header; request confirmation before Devam online redistribution and commercial use.,https://projectmadurai.org/pmworks.html
PM-235-0346,235,திருவிடைக்கழிமுருகர் பிள்ளைத்தமிழ்,தி. மீனாட்சிசுந்தரம் பிள்ளை,பிரபந்தம் - பிள்ளைத்தமிழ்,Tamil,https://projectmadurai.org/pm_etexts/pdf/pm0235.pdf,https://projectmadurai.org/pm_etexts/utf8/pmuni0235.html,True,AUTO_DOWNLOAD_PERMISSION_BEFORE_REDISTRIBUTION,CONTACT_PROJECT_COORDINATORS_AND_RETAIN_HEADERS,pmadurai@gmail.com,Freeze all available formats; preserve each header; request confirmation before Devam online redistribution and commercial use.,https://projectmadurai.org/pmworks.html
PM-236-0347,236,பிரபந்தத்திரட்டு - பகுதி 10 - ஸ்ரீ அம்பலவாணதேசிகர் பிள்ளைத்தமிழ்,தி. மீனாட்சிசுந்தரம் பிள்ளை,பிரபந்தம் - பிள்ளைத்தமிழ்,Tamil,https://projectmadurai.org/pm_etexts/pdf/pm0236.pdf,https://projectmadurai.org/pm_etexts/utf8/pmuni0236.html,True,AUTO_DOWNLOAD_PERMISSION_BEFORE_REDISTRIBUTION,CONTACT_PROJECT_COORDINATORS_AND_RETAIN_HEADERS,pmadurai@gmail.com,Freeze all available formats; preserve each header; request confirmation before Devam online redistribution and commercial use.,https://projectmadurai.org/pmworks.html
PM-237-0348,237,வாட்போக்கிக் கலம்பகம்,தி. மீனாட்சிசுந்தரம் பிள்ளை,பிரபந்தம் - கலம்பகம்,Tamil,https://projectmadurai.org/pm_etexts/pdf/pm0237.pdf,https://projectmadurai.org/pm_etexts/utf8/pmuni0237.html,True,AUTO_DOWNLOAD_PERMISSION_BEFORE_REDISTRIBUTION,CONTACT_PROJECT_COORDINATORS_AND_RETAIN_HEADERS,pmadurai@gmail.com,Freeze all available formats; preserve each header; request confirmation before Devam online redistribution and commercial use.,https://projectmadurai.org/pmworks.html
PM-238-0349,238,திருவாவடுதுரை ஆதீனத்துக் குருபரம்பரையகவல்,தி. மீனாட்சிசுந்தரம் பிள்ளை,பிரபந்தம் - அகவல்,Tamil,https://projectmadurai.org/pm_etexts/pdf/pm0238.pdf,https://projectmadurai.org/pm_etexts/utf8/pmuni0238.html,True,AUTO_DOWNLOAD_PERMISSION_BEFORE_REDISTRIBUTION,CONTACT_PROJECT_COORDINATORS_AND_RETAIN_HEADERS,pmadurai@gmail.com,Freeze all available formats; preserve each header; request confirmation before Devam online redistribution and commercial use.,https://projectmadurai.org/pmworks.html
PM-239-0350,239,கந்த புராணம் - பகுதி 1 /பாயிரம் - உற்பத்திக் காண்டம்,கச்சியப்ப சிவாச்சாரியார்,புராணம்,Tamil,https://projectmadurai.org/pm_etexts/pdf/pm0239.pdf,https://projectmadurai.org/pm_etexts/utf8/pmuni0239.html,True,AUTO_DOWNLOAD_PERMISSION_BEFORE_REDISTRIBUTION,CONTACT_PROJECT_COORDINATORS_AND_RETAIN_HEADERS,pmadurai@gmail.com,Freeze all available formats; preserve each header; request confirmation before Devam online redistribution and commercial use.,https://projectmadurai.org/pmworks.html
PM-240-0351,240,பிரபந்தத்திரட்டு - பகுதி 11 - ஸ்ரீ அம்பலவாணதேசிகர் கலம்பகம்,தி. மீனாட்சிசுந்தரம் பிள்ளை,பிரபந்தம் - கலம்பகம்,Tamil,https://projectmadurai.org/pm_etexts/pdf/pm0240.pdf,https://projectmadurai.org/pm_etexts/utf8/pmuni0240.html,True,AUTO_DOWNLOAD_PERMISSION_BEFORE_REDISTRIBUTION,CONTACT_PROJECT_COORDINATORS_AND_RETAIN_HEADERS,pmadurai@gmail.com,Freeze all available formats; preserve each header; request confirmation before Devam online redistribution and commercial use.,https://projectmadurai.org/pmworks.html
PM-241-0352,241,கந்த புராணம் - பகுதி 2 /உற்பத்திக் காண்டம்,கச்சியப்ப சிவாச்சாரியார்,புராணம்,Tamil,https://projectmadurai.org/pm_etexts/pdf/pm0241.pdf,https://projectmadurai.org/pm_etexts/utf8/pmuni0241.html,True,AUTO_DOWNLOAD_PERMISSION_BEFORE_REDISTRIBUTION,CONTACT_PROJECT_COORDINATORS_AND_RETAIN_HEADERS,pmadurai@gmail.com,Freeze all available formats; preserve each header; request confirmation before Devam online redistribution and commercial use.,https://projectmadurai.org/pmworks.html
PM-242-0353,242,விவிலியம் /பழைய ஏற்பாடு /புத்தகம் 1 - தொடக்கநூல்,விவிலியம்,சமயம் – கிருத்துவம்,Tamil,https://projectmadurai.org/pm_etexts/pdf/pm0242_01.pdf | https://projectmadurai.org/pm_etexts/pdf/pm0242_02.pdf | https://projectmadurai.org/pm_etexts/pdf/pm0242_03.pdf,https://projectmadurai.org/pm_etexts/utf8/pmuni0242_01.html | https://projectmadurai.org/pm_etexts/utf8/pmuni0242_02.html | https://projectmadurai.org/pm_etexts/utf8/pmuni0242_03.html,True,AUTO_DOWNLOAD_PERMISSION_BEFORE_REDISTRIBUTION,CONTACT_PROJECT_COORDINATORS_AND_RETAIN_HEADERS,pmadurai@gmail.com,Freeze all available formats; preserve each header; request confirmation before Devam online redistribution and commercial use.,https://projectmadurai.org/pmworks.html
PM-242-0354,242,விவிலியம் /பழைய ஏற்பாடு /புத்தகம் 2 - விடுதலைப் பயணம்,விவிலியம்,சமயம் – கிருத்துவம்,Tamil,https://projectmadurai.org/pm_etexts/pdf/pm0242_01.pdf | https://projectmadurai.org/pm_etexts/pdf/pm0242_02.pdf | https://projectmadurai.org/pm_etexts/pdf/pm0242_03.pdf,https://projectmadurai.org/pm_etexts/utf8/pmuni0242_01.html | https://projectmadurai.org/pm_etexts/utf8/pmuni0242_02.html | https://projectmadurai.org/pm_etexts/utf8/pmuni0242_03.html,True,AUTO_DOWNLOAD_PERMISSION_BEFORE_REDISTRIBUTION,CONTACT_PROJECT_COORDINATORS_AND_RETAIN_HEADERS,pmadurai@gmail.com,Freeze all available formats; preserve each header; request confirmation before Devam online redistribution and commercial use.,https://projectmadurai.org/pmworks.html
PM-242-0355,242,விவிலியம் /பழைய ஏற்பாடு /புத்தகம் 3 - லேவியர்,விவிலியம்,சமயம் – கிருத்துவம்,Tamil,https://projectmadurai.org/pm_etexts/pdf/pm0242_01.pdf | https://projectmadurai.org/pm_etexts/pdf/pm0242_02.pdf | https://projectmadurai.org/pm_etexts/pdf/pm0242_03.pdf,https://projectmadurai.org/pm_etexts/utf8/pmuni0242_01.html | https://projectmadurai.org/pm_etexts/utf8/pmuni0242_02.html | https://projectmadurai.org/pm_etexts/utf8/pmuni0242_03.html,True,AUTO_DOWNLOAD_PERMISSION_BEFORE_REDISTRIBUTION,CONTACT_PROJECT_COORDINATORS_AND_RETAIN_HEADERS,pmadurai@gmail.com,Freeze all available formats; preserve each header; request confirmation before Devam online redistribution and commercial use.,https://projectmadurai.org/pmworks.html
PM-243-0356,243,திருவிடைமருதூர் உலா,தி. மீனாட்சிசுந்தரம் பிள்ளை,பிரபந்தம் - உலா,Tamil,https://projectmadurai.org/pm_etexts/pdf/pm0243.pdf,https://projectmadurai.org/pm_etexts/utf8/pmuni0243.html,True,AUTO_DOWNLOAD_PERMISSION_BEFORE_REDISTRIBUTION,CONTACT_PROJECT_COORDINATORS_AND_RETAIN_HEADERS,pmadurai@gmail.com,Freeze all available formats; preserve each header; request confirmation before Devam online redistribution and commercial use.,https://projectmadurai.org/pmworks.html
PM-244-0357,244,கல்லாடம்,கல்லாடர்,பாடல்கள் தொகுப்பு,Tamil,https://projectmadurai.org/pm_etexts/pdf/pm0244.pdf,https://projectmadurai.org/pm_etexts/utf8/pmuni0244.html,True,AUTO_DOWNLOAD_PERMISSION_BEFORE_REDISTRIBUTION,CONTACT_PROJECT_COORDINATORS_AND_RETAIN_HEADERS,pmadurai@gmail.com,Freeze all available formats; preserve each header; request confirmation before Devam online redistribution and commercial use.,https://projectmadurai.org/pmworks.html
PM-245-0358,245,விநாயகர் நான்மணிமாலை,சி. சுப்ரமணிய பாரதியார்,பிரபந்தம் - மாலை,Tamil,https://projectmadurai.org/pm_etexts/pdf/pm0245.pdf,https://projectmadurai.org/pm_etexts/utf8/pmuni0245.html,True,AUTO_DOWNLOAD_PERMISSION_BEFORE_REDISTRIBUTION,CONTACT_PROJECT_COORDINATORS_AND_RETAIN_HEADERS,pmadurai@gmail.com,Freeze all available formats; preserve each header; request confirmation before Devam online redistribution and commercial use.,https://projectmadurai.org/pmworks.html
PM-246-0359,246,விவிலியம் /பழைய ஏற்பாடு /புத்தகம் 4 (எண்ணிக்கை); 5 (இணைச் சட்டம்); 6. (யோசுவா); 7 (நீதித்தலைவர்கள்),விவிலியம்,சமயம் – கிருத்துவம்,Tamil,https://projectmadurai.org/pm_etexts/pdf/pm0246_01.pdf | https://projectmadurai.org/pm_etexts/pdf/pm0246_02.pdf | https://projectmadurai.org/pm_etexts/pdf/pm0246_03.pdf,https://projectmadurai.org/pm_etexts/utf8/pmuni0246_01.html | https://projectmadurai.org/pm_etexts/utf8/pmuni0246_02.html | https://projectmadurai.org/pm_etexts/utf8/pmuni0246_03.html | https://projectmadurai.org/pm_etexts/utf8/pmuni0246_04.html,True,AUTO_DOWNLOAD_PERMISSION_BEFORE_REDISTRIBUTION,CONTACT_PROJECT_COORDINATORS_AND_RETAIN_HEADERS,pmadurai@gmail.com,Freeze all available formats; preserve each header; request confirmation before Devam online redistribution and commercial use.,https://projectmadurai.org/pmworks.html
PM-247-0360,247,நல்லிசைப் புலமை மெல்லியலார்கள்,இராகவ ஐயங்கார்,வரலாறு / சரித்திரம்,Tamil,https://projectmadurai.org/pm_etexts/pdf/pm0247.pdf,https://projectmadurai.org/pm_etexts/utf8/pmuni0247.html,True,AUTO_DOWNLOAD_PERMISSION_BEFORE_REDISTRIBUTION,CONTACT_PROJECT_COORDINATORS_AND_RETAIN_HEADERS,pmadurai@gmail.com,Freeze all available formats; preserve each header; request confirmation before Devam online redistribution and commercial use.,https://projectmadurai.org/pmworks.html
PM-248-0361,248,விவிலியம் /பழைய ஏற்பாடு /8 (ரூத்து); 9 (சாமுவேல் - முதல் நூல்); 10 (சாமுவேல் - இரண்டாம் நூல்),விவிலியம்,சமயம் – கிருத்துவம்,Tamil,https://projectmadurai.org/pm_etexts/pdf/pm0248.pdf,https://projectmadurai.org/pm_etexts/utf8/pmuni0248_01.html | https://projectmadurai.org/pm_etexts/utf8/pmuni0248_02.html | https://projectmadurai.org/pm_etexts/utf8/pmuni0248_03.html,True,AUTO_DOWNLOAD_PERMISSION_BEFORE_REDISTRIBUTION,CONTACT_PROJECT_COORDINATORS_AND_RETAIN_HEADERS,pmadurai@gmail.com,Freeze all available formats; preserve each header; request confirmation before Devam online redistribution and commercial use.,https://projectmadurai.org/pmworks.html
PM-249-0362,249,கந்த புராணம் - பகுதி 3 /உற்பத்திக் காண்டம் (1329- 1783),கச்சியப்ப சிவாச்சாரியார்,புராணம்,Tamil,https://projectmadurai.org/pm_etexts/pdf/pm0249.pdf,https://projectmadurai.org/pm_etexts/utf8/pmuni0249.html,True,AUTO_DOWNLOAD_PERMISSION_BEFORE_REDISTRIBUTION,CONTACT_PROJECT_COORDINATORS_AND_RETAIN_HEADERS,pmadurai@gmail.com,Freeze all available formats; preserve each header; request confirmation before Devam online redistribution and commercial use.,https://projectmadurai.org/pmworks.html
PM-250-0363,250,பிரபந்தத்திரட்டு - பகுதி 13 /சீகாழிக் கோவை,தி. மீனாட்சிசுந்தரம் பிள்ளை,பிரபந்தம் - கோவை,Tamil,https://projectmadurai.org/pm_etexts/pdf/pm0250.pdf,https://projectmadurai.org/pm_etexts/utf8/pmuni0250.html,True,AUTO_DOWNLOAD_PERMISSION_BEFORE_REDISTRIBUTION,CONTACT_PROJECT_COORDINATORS_AND_RETAIN_HEADERS,pmadurai@gmail.com,Freeze all available formats; preserve each header; request confirmation before Devam online redistribution and commercial use.,https://projectmadurai.org/pmworks.html
PM-251-0364,251,கந்த புராணம் - பகுதி 4 /அசுர காண்டம் (1 - 925 ),கச்சியப்ப சிவாச்சாரியார்,புராணம்,Tamil,https://projectmadurai.org/pm_etexts/pdf/pm0251.pdf,https://projectmadurai.org/pm_etexts/utf8/pmuni0251.html,True,AUTO_DOWNLOAD_PERMISSION_BEFORE_REDISTRIBUTION,CONTACT_PROJECT_COORDINATORS_AND_RETAIN_HEADERS,pmadurai@gmail.com,Freeze all available formats; preserve each header; request confirmation before Devam online redistribution and commercial use.,https://projectmadurai.org/pmworks.html
PM-252-0365,252,விவிலியம் /பழைய ஏற்பாடு / புத்தகம் 11 (அரசர்கள் - முதல் நூல்); 12 (அரசர்கள் - இரண்டாம் நூல்); 13 (குறிப்பேடு - முதல் நூல்); 14 (குறிப்பேடு - இரண்டாம் நூல்),விவிலியம்,சமயம் – கிருத்துவம்,Tamil,https://projectmadurai.org/pm_etexts/pdf/pm0252_01.pdf | https://projectmadurai.org/pm_etexts/pdf/pm0252_02.pdf,https://projectmadurai.org/pm_etexts/utf8/pmuni0252_01.html | https://projectmadurai.org/pm_etexts/utf8/pmuni0252_02.html | https://projectmadurai.org/pm_etexts/utf8/pmuni0252_03.html,True,AUTO_DOWNLOAD_PERMISSION_BEFORE_REDISTRIBUTION,CONTACT_PROJECT_COORDINATORS_AND_RETAIN_HEADERS,pmadurai@gmail.com,Freeze all available formats; preserve each header; request confirmation before Devam online redistribution and commercial use.,https://projectmadurai.org/pmworks.html
PM-253-0366,253,பிரபந்தத்திரட்டு - பகுதி 14 /திருப்பைஞ்ஞீலித்திரிபந்தாதி,தி. மீனாட்சிசுந்தரம் பிள்ளை,பிரபந்தம் - அந்தாதி,Tamil,https://projectmadurai.org/pm_etexts/pdf/pm0253.pdf,https://projectmadurai.org/pm_etexts/utf8/pmuni0253.html,True,AUTO_DOWNLOAD_PERMISSION_BEFORE_REDISTRIBUTION,CONTACT_PROJECT_COORDINATORS_AND_RETAIN_HEADERS,pmadurai@gmail.com,Freeze all available formats; preserve each header; request confirmation before Devam online redistribution and commercial use.,https://projectmadurai.org/pmworks.html
PM-254-0367,254,கலைசைக்கோவை,தொட்டிக்கலை ஸ்ரீ சுப்பிரமணியமுனிவர்,பிரபந்தம் - கோவை,Tamil,https://projectmadurai.org/pm_etexts/pdf/pm0254.pdf,https://projectmadurai.org/pm_etexts/utf8/pmuni0254.html,True,AUTO_DOWNLOAD_PERMISSION_BEFORE_REDISTRIBUTION,CONTACT_PROJECT_COORDINATORS_AND_RETAIN_HEADERS,pmadurai@gmail.com,Freeze all available formats; preserve each header; request confirmation before Devam online redistribution and commercial use.,https://projectmadurai.org/pmworks.html
PM-255-0368,255,சிவஞான சித்தியார் (பரபக்கம்; சுபக்கம்),அருணந்தி சிவாச்சாரியார்,சைவ சித்தாந்தம்,Tamil,https://projectmadurai.org/pm_etexts/pdf/pm0255.pdf,https://projectmadurai.org/pm_etexts/utf8/pmuni0255.html,True,AUTO_DOWNLOAD_PERMISSION_BEFORE_REDISTRIBUTION,CONTACT_PROJECT_COORDINATORS_AND_RETAIN_HEADERS,pmadurai@gmail.com,Freeze all available formats; preserve each header; request confirmation before Devam online redistribution and commercial use.,https://projectmadurai.org/pmworks.html
PM-256-0369,256,விவிலியம் /பழைய ஏற்பாடு / புத்தகம் 15 (எஸ்ரா); 16.(நெகேமியா); 17 (எஸ்தர்); 18 (யோபு); 19 - திருப்பாடல்கள்,விவிலியம்,சமயம் – கிருத்துவம்,Tamil,https://projectmadurai.org/pm_etexts/pdf/pm0256_01.pdf | https://projectmadurai.org/pm_etexts/pdf/pm0256_02.pdf,https://projectmadurai.org/pm_etexts/utf8/pmuni0256_01.html | https://projectmadurai.org/pm_etexts/utf8/pmuni0256_02.html | https://projectmadurai.org/pm_etexts/utf8/pmuni0256_03.html | https://projectmadurai.org/pm_etexts/utf8/pmuni0256_04.html | https://projectmadurai.org/pm_etexts/utf8/pmuni0256_05.html | https://projectmadurai.org/pm_etexts/utf8/pmuni0256_06.html,True,AUTO_DOWNLOAD_PERMISSION_BEFORE_REDISTRIBUTION,CONTACT_PROJECT_COORDINATORS_AND_RETAIN_HEADERS,pmadurai@gmail.com,Freeze all available formats; preserve each header; request confirmation before Devam online redistribution and commercial use.,https://projectmadurai.org/pmworks.html
PM-257-0370,257,இலக்கணச் சுருக்கம்,ஆறுமுக நாவலர்,இலக்கணம்,Tamil,https://projectmadurai.org/pm_etexts/pdf/pm0257.pdf,https://projectmadurai.org/pm_etexts/utf8/pmuni0257.html,True,AUTO_DOWNLOAD_PERMISSION_BEFORE_REDISTRIBUTION,CONTACT_PROJECT_COORDINATORS_AND_RETAIN_HEADERS,pmadurai@gmail.com,Freeze all available formats; preserve each header; request confirmation before Devam online redistribution and commercial use.,https://projectmadurai.org/pmworks.html
PM-258-0371,258,ஐந்திலக்கணம் தொன்னூல் விளக்கம்,வீரமாமுனிவர்,இலக்கணம்,Tamil,https://projectmadurai.org/pm_etexts/pdf/pm0258.pdf,https://projectmadurai.org/pm_etexts/utf8/pmuni0258.html,True,AUTO_DOWNLOAD_PERMISSION_BEFORE_REDISTRIBUTION,CONTACT_PROJECT_COORDINATORS_AND_RETAIN_HEADERS,pmadurai@gmail.com,Freeze all available formats; preserve each header; request confirmation before Devam online redistribution and commercial use.,https://projectmadurai.org/pmworks.html
PM-259-0372,259,மதுரைக் கோவை,நிம்பைச் சங்கர நாரணர்,பிரபந்தம் - கோவை,Tamil,https://projectmadurai.org/pm_etexts/pdf/pm0259.pdf,https://projectmadurai.org/pm_etexts/utf8/pmuni0259.html,True,AUTO_DOWNLOAD_PERMISSION_BEFORE_REDISTRIBUTION,CONTACT_PROJECT_COORDINATORS_AND_RETAIN_HEADERS,pmadurai@gmail.com,Freeze all available formats; preserve each header; request confirmation before Devam online redistribution and commercial use.,https://projectmadurai.org/pmworks.html
PM-260-0373,260,அழகரந்தாதி,,பிரபந்தம் - அந்தாதி,Tamil,https://projectmadurai.org/pm_etexts/pdf/pm0260.pdf,https://projectmadurai.org/pm_etexts/utf8/pmuni0260.html,True,AUTO_DOWNLOAD_PERMISSION_BEFORE_REDISTRIBUTION,CONTACT_PROJECT_COORDINATORS_AND_RETAIN_HEADERS,pmadurai@gmail.com,Freeze all available formats; preserve each header; request confirmation before Devam online redistribution and commercial use.,https://projectmadurai.org/pmworks.html
PM-261-0374,261,கபிலரகவல்,கபிலதேவர்,பிரபந்தம் - அகவல்,Tamil,https://projectmadurai.org/pm_etexts/pdf/pm0261.pdf,https://projectmadurai.org/pm_etexts/utf8/pmuni0261.html,True,AUTO_DOWNLOAD_PERMISSION_BEFORE_REDISTRIBUTION,CONTACT_PROJECT_COORDINATORS_AND_RETAIN_HEADERS,pmadurai@gmail.com,Freeze all available formats; preserve each header; request confirmation before Devam online redistribution and commercial use.,https://projectmadurai.org/pmworks.html
PM-262-0375,262,பிரபந்தத்திரட்டு - பகுதி 15 /திருத்தில்லையமகவந்தாதி,தி. மீனாட்சிசுந்தரம் பிள்ளை,பிரபந்தம் - அந்தாதி,Tamil,https://projectmadurai.org/pm_etexts/pdf/pm0262.pdf,https://projectmadurai.org/pm_etexts/utf8/pmuni0262.html,True,AUTO_DOWNLOAD_PERMISSION_BEFORE_REDISTRIBUTION,CONTACT_PROJECT_COORDINATORS_AND_RETAIN_HEADERS,pmadurai@gmail.com,Freeze all available formats; preserve each header; request confirmation before Devam online redistribution and commercial use.,https://projectmadurai.org/pmworks.html
PM-263-0376,263,சிந்துப்பாவியல்,இரா. திருமுருகன் (அரங்க நடராசன் உரையுடன்),இலக்கணம்,Tamil,https://projectmadurai.org/pm_etexts/pdf/pm0263.pdf,https://projectmadurai.org/pm_etexts/utf8/pmuni0263.html,True,AUTO_DOWNLOAD_PERMISSION_BEFORE_REDISTRIBUTION,CONTACT_PROJECT_COORDINATORS_AND_RETAIN_HEADERS,pmadurai@gmail.com,Freeze all available formats; preserve each header; request confirmation before Devam online redistribution and commercial use.,https://projectmadurai.org/pmworks.html
PM-264-0377,264,பிரபந்தத்திரட்டு - பகுதி 16 /துறைசையமகவந்தாதி,தி. மீனாட்சிசுந்தரம் பிள்ளை,பிரபந்தம் - அந்தாதி,Tamil,https://projectmadurai.org/pm_etexts/pdf/pm0264.pdf,https://projectmadurai.org/pm_etexts/utf8/pmuni0264.html,True,AUTO_DOWNLOAD_PERMISSION_BEFORE_REDISTRIBUTION,CONTACT_PROJECT_COORDINATORS_AND_RETAIN_HEADERS,pmadurai@gmail.com,Freeze all available formats; preserve each header; request confirmation before Devam online redistribution and commercial use.,https://projectmadurai.org/pmworks.html
PM-265-0378,265,பிரபந்தத்திரட்டு - பகுதி 17 /திருக்குடந்தைத்திரிபந்தாதி,தி. மீனாட்சிசுந்தரம் பிள்ளை,பிரபந்தம் - அந்தாதி,Tamil,https://projectmadurai.org/pm_etexts/pdf/pm0265.pdf,https://projectmadurai.org/pm_etexts/utf8/pmuni0265.html,True,AUTO_DOWNLOAD_PERMISSION_BEFORE_REDISTRIBUTION,CONTACT_PROJECT_COORDINATORS_AND_RETAIN_HEADERS,pmadurai@gmail.com,Freeze all available formats; preserve each header; request confirmation before Devam online redistribution and commercial use.,https://projectmadurai.org/pmworks.html
PM-266-0379,266,சதுரகிரி அறப்பளீசுர சதகம்,அம்பலவாணக் கவிராயர்,பிரபந்தம் - சதகம்,Tamil,https://projectmadurai.org/pm_etexts/pdf/pm0266.pdf,https://projectmadurai.org/pm_etexts/utf8/pmuni0266.html,True,AUTO_DOWNLOAD_PERMISSION_BEFORE_REDISTRIBUTION,CONTACT_PROJECT_COORDINATORS_AND_RETAIN_HEADERS,pmadurai@gmail.com,Freeze all available formats; preserve each header; request confirmation before Devam online redistribution and commercial use.,https://projectmadurai.org/pmworks.html
PM-267-0380,267,விவிலியம் /பழைய ஏற்பாடு / புத்தகம் 21 (சபை உரையாளர்); 22 (இனிமைமிகுபாடல்); 23 (எசாயா); 24 (எரேமியா),விவிலியம்,சமயம் – கிருத்துவம்,Tamil,https://projectmadurai.org/pm_etexts/pdf/pm0267_01.pdf | https://projectmadurai.org/pm_etexts/pdf/pm0267_02.pdf,https://projectmadurai.org/pm_etexts/utf8/pmuni0267_01.html | https://projectmadurai.org/pm_etexts/utf8/pmuni0267_02.html | https://projectmadurai.org/pm_etexts/utf8/pmuni0267_03.html,True,AUTO_DOWNLOAD_PERMISSION_BEFORE_REDISTRIBUTION,CONTACT_PROJECT_COORDINATORS_AND_RETAIN_HEADERS,pmadurai@gmail.com,Freeze all available formats; preserve each header; request confirmation before Devam online redistribution and commercial use.,https://projectmadurai.org/pmworks.html
PM-268-0381,268,கந்த புராணம் - பகுதி 5 /அசுர காண்டம் (926 - 1497),கச்சியப்ப சிவாச்சாரியார்,புராணம்,Tamil,https://projectmadurai.org/pm_etexts/pdf/pm0268.pdf,https://projectmadurai.org/pm_etexts/utf8/pmuni0268.html,True,AUTO_DOWNLOAD_PERMISSION_BEFORE_REDISTRIBUTION,CONTACT_PROJECT_COORDINATORS_AND_RETAIN_HEADERS,pmadurai@gmail.com,Freeze all available formats; preserve each header; request confirmation before Devam online redistribution and commercial use.,https://projectmadurai.org/pmworks.html
PM-269-0382,269,சித்தர் பாடல்கள்: சிவவாக்கியம்,சிவவாக்கியர்,சித்தர் பாடல்கள்,Tamil,https://projectmadurai.org/pm_etexts/pdf/pm0269.pdf,https://projectmadurai.org/pm_etexts/utf8/pmuni0269.html,True,AUTO_DOWNLOAD_PERMISSION_BEFORE_REDISTRIBUTION,CONTACT_PROJECT_COORDINATORS_AND_RETAIN_HEADERS,pmadurai@gmail.com,Freeze all available formats; preserve each header; request confirmation before Devam online redistribution and commercial use.,https://projectmadurai.org/pmworks.html
PM-270-0383,270,சித்தர் பாடல்கள்: ஸ்ரீ பட்டணத்துப்பிள்ளையார் பாடல்கள்-II,ஸ்ரீ பட்டணத்துப்பிள்ளையார்,சித்தர் பாடல்கள்,Tamil,https://projectmadurai.org/pm_etexts/pdf/pm0270.pdf,https://projectmadurai.org/pm_etexts/utf8/pmuni0270.html,True,AUTO_DOWNLOAD_PERMISSION_BEFORE_REDISTRIBUTION,CONTACT_PROJECT_COORDINATORS_AND_RETAIN_HEADERS,pmadurai@gmail.com,Freeze all available formats; preserve each header; request confirmation before Devam online redistribution and commercial use.,https://projectmadurai.org/pmworks.html
PM-271-0384,271,விவிலியம் /பழைய ஏற்பாடு / புத்தகம் 25 (புலம்பல்); 26 (எசேக்கியேல்); 27 (தானியேல்); 28 (ஒசாயா),விவிலியம்,சமயம் – கிருத்துவம்,Tamil,https://projectmadurai.org/pm_etexts/pdf/pm0271.pdf,https://projectmadurai.org/pm_etexts/utf8/pmuni0271_01.html | https://projectmadurai.org/pm_etexts/utf8/pmuni0271_02.html | https://projectmadurai.org/pm_etexts/utf8/pmuni0271_03.html | https://projectmadurai.org/pm_etexts/utf8/pmuni0271_04.html,True,AUTO_DOWNLOAD_PERMISSION_BEFORE_REDISTRIBUTION,CONTACT_PROJECT_COORDINATORS_AND_RETAIN_HEADERS,pmadurai@gmail.com,Freeze all available formats; preserve each header; request confirmation before Devam online redistribution and commercial use.,https://projectmadurai.org/pmworks.html
PM-272-0385,272,பிரபந்தத்திரட்டு - பகுதி 18 /திருவிடைமருதூர்த்திரிபந்தாதி,தி. மீனாட்சிசுந்தரம் பிள்ளை,பிரபந்தம் - அந்தாதி,Tamil,https://projectmadurai.org/pm_etexts/pdf/pm0272.pdf,https://projectmadurai.org/pm_etexts/utf8/pmuni0272.html,True,AUTO_DOWNLOAD_PERMISSION_BEFORE_REDISTRIBUTION,CONTACT_PROJECT_COORDINATORS_AND_RETAIN_HEADERS,pmadurai@gmail.com,Freeze all available formats; preserve each header; request confirmation before Devam online redistribution and commercial use.,https://projectmadurai.org/pmworks.html
PM-273-0386,273,கந்த புராணம் - பகுதி 6 /அசுர காண்டம் (1498 - 1929 ),கச்சியப்ப சிவாச்சாரியார்,புராணம்,Tamil,https://projectmadurai.org/pm_etexts/pdf/pm0273.pdf,https://projectmadurai.org/pm_etexts/utf8/pmuni0273.html,True,AUTO_DOWNLOAD_PERMISSION_BEFORE_REDISTRIBUTION,CONTACT_PROJECT_COORDINATORS_AND_RETAIN_HEADERS,pmadurai@gmail.com,Freeze all available formats; preserve each header; request confirmation before Devam online redistribution and commercial use.,https://projectmadurai.org/pmworks.html
PM-274-0387,274,பிரபந்தத்திரட்டு - பகுதி 19 /பாலைவனப்பதிற்றுப்பத்தந்தாதி,தி. மீனாட்சிசுந்தரம் பிள்ளை,பிரபந்தம் - அந்தாதி,Tamil,https://projectmadurai.org/pm_etexts/pdf/pm0274.pdf,https://projectmadurai.org/pm_etexts/utf8/pmuni0274.html,True,AUTO_DOWNLOAD_PERMISSION_BEFORE_REDISTRIBUTION,CONTACT_PROJECT_COORDINATORS_AND_RETAIN_HEADERS,pmadurai@gmail.com,Freeze all available formats; preserve each header; request confirmation before Devam online redistribution and commercial use.,https://projectmadurai.org/pmworks.html
PM-275-0388,275,பிரபந்தத்திரட்டு - பகுதி 20 /திருவூறைப்பதிற்றுப்பத்தந்தாதி; 21-திருப்பழைசைப் பதிற்றுப்பத்தந்தாதி; 22 பூவாளூர்ப்பதிற்றுப்பத்தந்தாதி; 23-மதுரைத் திருஞானசம்பந்தசுவாமிகள் பதிற்றுப்பத்தந்தாதி,தி. மீனாட்சிசுந்தரம் பிள்ளை,பிரபந்தம் - அந்தாதி,Tamil,https://projectmadurai.org/pm_etexts/pdf/pm0275.pdf,https://projectmadurai.org/pm_etexts/utf8/pmuni0275_01.html | https://projectmadurai.org/pm_etexts/utf8/pmuni0275_02.html | https://projectmadurai.org/pm_etexts/utf8/pmuni0275_03.html | https://projectmadurai.org/pm_etexts/utf8/pmuni0275_04.html,True,AUTO_DOWNLOAD_PERMISSION_BEFORE_REDISTRIBUTION,CONTACT_PROJECT_COORDINATORS_AND_RETAIN_HEADERS,pmadurai@gmail.com,Freeze all available formats; preserve each header; request confirmation before Devam online redistribution and commercial use.,https://projectmadurai.org/pmworks.html
PM-276-0389,276,சித்தர் பாடல்கள்: ஸ்ரீ பட்டணத்துப்பிள்ளையார் பாடல்கள்-III / அருட்புலம்பல் 1-4; பூரணமாலை; நெஞ்சொடுமகிழ்தல்; உடற்கூற்றுவண்ணம்,ஸ்ரீ பட்டணத்துப்பிள்ளையார்,சித்தர் பாடல்கள்,Tamil,https://projectmadurai.org/pm_etexts/pdf/pm0276.pdf,https://projectmadurai.org/pm_etexts/utf8/pmuni0276_01.html | https://projectmadurai.org/pm_etexts/utf8/pmuni0276_02.html,True,AUTO_DOWNLOAD_PERMISSION_BEFORE_REDISTRIBUTION,CONTACT_PROJECT_COORDINATORS_AND_RETAIN_HEADERS,pmadurai@gmail.com,Freeze all available formats; preserve each header; request confirmation before Devam online redistribution and commercial use.,https://projectmadurai.org/pmworks.html
PM-277-0390,277,விவிலியம் /பழைய ஏற்பாடு /புத்தகம் 29 (யோவேல்); 30 (ஆமோஸ்); 31(ஒபதியா); 32 (யோனா); 33 (மீக்கா); 34 (நாகூம்); 35 (அபகூக்கு); 36 (செப்பனியா); 37 (ஆகாய்); 38 (செக்கரியா),விவிலியம்,சமயம் – கிருத்துவம்,Tamil,https://projectmadurai.org/pm_etexts/pdf/pm0277.pdf,https://projectmadurai.org/pm_etexts/utf8/pmuni0277.html,True,AUTO_DOWNLOAD_PERMISSION_BEFORE_REDISTRIBUTION,CONTACT_PROJECT_COORDINATORS_AND_RETAIN_HEADERS,pmadurai@gmail.com,Freeze all available formats; preserve each header; request confirmation before Devam online redistribution and commercial use.,https://projectmadurai.org/pmworks.html
PM-278-0391,278,பொன்னியின் செல்வன் - ஆங்கில மொழிபெயர்ப்பு (Ponniyan Selvan - Part 1; 2),கல்கி கிருஷ்ணமூர்த்தி - இந்திரா நீலமேகம் (Kalki Krishnamurthy - Indra Neelameggham),நாவல்; மொழிபெயர்ப்பு,Tamil,https://projectmadurai.org/pm_etexts/pdf/pm0278_01.pdf | https://projectmadurai.org/pm_etexts/pdf/pm0278_02.pdf | https://projectmadurai.org/pm_etexts/pdf/pm0278_03.pdf | https://projectmadurai.org/pm_etexts/pdf/pm0278_04.pdf,https://projectmadurai.org/pm_etexts/utf8/pmuni0278_01.html | https://projectmadurai.org/pm_etexts/utf8/pmuni0278_02.html | https://projectmadurai.org/pm_etexts/utf8/pmuni0278_03.html | https://projectmadurai.org/pm_etexts/utf8/pmuni0278_04.html,True,AUTO_DOWNLOAD_PERMISSION_BEFORE_REDISTRIBUTION,CONTACT_PROJECT_COORDINATORS_AND_RETAIN_HEADERS,pmadurai@gmail.com,Freeze all available formats; preserve each header; request confirmation before Devam online redistribution and commercial use.,https://projectmadurai.org/pmworks.html
PM-279-0392,279,விவிலியம் /பழைய ஏற்பாடு /புத்தகம் 39 (மலாக்கி); 40 (தோபித்து); 41 (யூதித்து); 42 (எஸ்தா(கி)); 43 (சாலமோனின் ஞானம்),விவிலியம்,சமயம் – கிருத்துவம்,Tamil,https://projectmadurai.org/pm_etexts/pdf/pm0279.pdf,https://projectmadurai.org/pm_etexts/utf8/pmuni0279.html,True,AUTO_DOWNLOAD_PERMISSION_BEFORE_REDISTRIBUTION,CONTACT_PROJECT_COORDINATORS_AND_RETAIN_HEADERS,pmadurai@gmail.com,Freeze all available formats; preserve each header; request confirmation before Devam online redistribution and commercial use.,https://projectmadurai.org/pmworks.html
PM-280-0393,280,மனங்குழம்பிய மாதவத்தோன் /Parnell's Hermit in Tamil Prose,இராமச்சந்திர அய்யர் (தமிழாக்கம்),நாவல்; மொழிபெயர்ப்பு,Tamil,https://projectmadurai.org/pm_etexts/pdf/pm0280.pdf,https://projectmadurai.org/pm_etexts/utf8/pmuni0280.html,True,AUTO_DOWNLOAD_PERMISSION_BEFORE_REDISTRIBUTION,CONTACT_PROJECT_COORDINATORS_AND_RETAIN_HEADERS,pmadurai@gmail.com,Freeze all available formats; preserve each header; request confirmation before Devam online redistribution and commercial use.,https://projectmadurai.org/pmworks.html
PM-281-0394,281,தன்னுயிரைப்போல மன்னுயிரை நினை /Measure for Measure (a tale from Shakespeare) Tamil Translation,பண்டித நடேச சாஸ்திரியார் (தமிழாக்கம்),நாவல்; மொழிபெயர்ப்பு,Tamil,https://projectmadurai.org/pm_etexts/pdf/pm0281.pdf,https://projectmadurai.org/pm_etexts/utf8/pmuni0281.html,True,AUTO_DOWNLOAD_PERMISSION_BEFORE_REDISTRIBUTION,CONTACT_PROJECT_COORDINATORS_AND_RETAIN_HEADERS,pmadurai@gmail.com,Freeze all available formats; preserve each header; request confirmation before Devam online redistribution and commercial use.,https://projectmadurai.org/pmworks.html
PM-282-0395,282,குதிரைப்பந்தய லாவணி,இரங்கசாமி தாஸன்,பிரபந்தம் -லாவணி,Tamil,https://projectmadurai.org/pm_etexts/pdf/pm0282.pdf,https://projectmadurai.org/pm_etexts/utf8/pmuni0282.html,True,AUTO_DOWNLOAD_PERMISSION_BEFORE_REDISTRIBUTION,CONTACT_PROJECT_COORDINATORS_AND_RETAIN_HEADERS,pmadurai@gmail.com,Freeze all available formats; preserve each header; request confirmation before Devam online redistribution and commercial use.,https://projectmadurai.org/pmworks.html
PM-283-0396,283,ஹாஸ்ய மஞ்சரி பிரபந்தத்திரட்டு - பகுதி 24 (2771 – 2809) பகுதி 25 (2810-2914),S.P.S.K.காதிறு சாகிபவர்,பிரபந்தத் திரட்டு,Tamil,https://projectmadurai.org/pm_etexts/pdf/pm0283.pdf,https://projectmadurai.org/pm_etexts/utf8/pmuni0283.html,True,AUTO_DOWNLOAD_PERMISSION_BEFORE_REDISTRIBUTION,CONTACT_PROJECT_COORDINATORS_AND_RETAIN_HEADERS,pmadurai@gmail.com,Freeze all available formats; preserve each header; request confirmation before Devam online redistribution and commercial use.,https://projectmadurai.org/pmworks.html
PM-284-0397,284,திருஞானசம்பந்தசுவாமிகள் ஆனந்தக்களிப்பு; திருக்கற்குடிமாமலைமாலை,தி. மீனாட்சிசுந்தரம் பிள்ளை,பிரபந்தம் - மாலை; களிப்பு,Tamil,https://projectmadurai.org/pm_etexts/pdf/pm0284.pdf,https://projectmadurai.org/pm_etexts/utf8/pmuni0284.html,True,AUTO_DOWNLOAD_PERMISSION_BEFORE_REDISTRIBUTION,CONTACT_PROJECT_COORDINATORS_AND_RETAIN_HEADERS,pmadurai@gmail.com,Freeze all available formats; preserve each header; request confirmation before Devam online redistribution and commercial use.,https://projectmadurai.org/pmworks.html
PM-285-0398,285,விவிலியம் /பழைய ஏற்பாடு - புத்தகம் 46 (தானியேல் இணைப்புகள்); 47 (மக்கபேயர் - முதல் நூல்); 48 -மக்கபேயர் - இரண்டாம் நூல்,,சமயம் – கிருத்துவம்,Tamil,https://projectmadurai.org/pm_etexts/pdf/pm0285.pdf,https://projectmadurai.org/pm_etexts/utf8/pmuni0285_01.html | https://projectmadurai.org/pm_etexts/utf8/pmuni0285_02.html,True,AUTO_DOWNLOAD_PERMISSION_BEFORE_REDISTRIBUTION,CONTACT_PROJECT_COORDINATORS_AND_RETAIN_HEADERS,pmadurai@gmail.com,Freeze all available formats; preserve each header; request confirmation before Devam online redistribution and commercial use.,https://projectmadurai.org/pmworks.html
PM-286-0399,286,கந்த புராணம் - பகுதி 7a /மகேந்திர காண்டம் /பாகம் 1a (1 - 639),கச்சியப்ப சிவாச்சாரியார்,புராணம்,Tamil,https://projectmadurai.org/pm_etexts/pdf/pm0286_01.pdf,https://projectmadurai.org/pm_etexts/utf8/pmuni0286_01.html,True,AUTO_DOWNLOAD_PERMISSION_BEFORE_REDISTRIBUTION,CONTACT_PROJECT_COORDINATORS_AND_RETAIN_HEADERS,pmadurai@gmail.com,Freeze all available formats; preserve each header; request confirmation before Devam online redistribution and commercial use.,https://projectmadurai.org/pmworks.html
PM-286-0400,286,கந்த புராணம் - பகுதி 7b /மகேந்திர காண்டம் /பாகம் 1b (640 - 1170),கச்சியப்ப சிவாச்சாரியார்,புராணம்,Tamil,https://projectmadurai.org/pm_etexts/pdf/pm0286_02.pdf,https://projectmadurai.org/pm_etexts/utf8/pmuni0286_02.html,True,AUTO_DOWNLOAD_PERMISSION_BEFORE_REDISTRIBUTION,CONTACT_PROJECT_COORDINATORS_AND_RETAIN_HEADERS,pmadurai@gmail.com,Freeze all available formats; preserve each header; request confirmation before Devam online redistribution and commercial use.,https://projectmadurai.org/pmworks.html
PM-287-0401,287,கோபாலகிருஷ்ண பாரதியார் பாடல்கள்,கோபாலகிருஷ்ண பாரதியார்,இசை; பாட்டு,Tamil,https://projectmadurai.org/pm_etexts/pdf/pm0287.pdf,https://projectmadurai.org/pm_etexts/utf8/pmuni0287.html,True,AUTO_DOWNLOAD_PERMISSION_BEFORE_REDISTRIBUTION,CONTACT_PROJECT_COORDINATORS_AND_RETAIN_HEADERS,pmadurai@gmail.com,Freeze all available formats; preserve each header; request confirmation before Devam online redistribution and commercial use.,https://projectmadurai.org/pmworks.html
PM-288-0402,288,திருநெல்லையந்தாதி,ஸ்ரீ சுப்பைய சுவாமி,பிரபந்தம் - அந்தாதி,Tamil,https://projectmadurai.org/pm_etexts/pdf/pm0288_01.pdf,https://projectmadurai.org/pm_etexts/utf8/pmuni0288_01.html,True,AUTO_DOWNLOAD_PERMISSION_BEFORE_REDISTRIBUTION,CONTACT_PROJECT_COORDINATORS_AND_RETAIN_HEADERS,pmadurai@gmail.com,Freeze all available formats; preserve each header; request confirmation before Devam online redistribution and commercial use.,https://projectmadurai.org/pmworks.html
PM-288-0403,288,திருக்கொற்றவாளீசரந்தாதி,ஸ்ரீ சுப்பைய சுவாமி,பிரபந்தம் - அந்தாதி,Tamil,https://projectmadurai.org/pm_etexts/pdf/pm0288_02.pdf,https://projectmadurai.org/pm_etexts/utf8/pmuni0288_02.html,True,AUTO_DOWNLOAD_PERMISSION_BEFORE_REDISTRIBUTION,CONTACT_PROJECT_COORDINATORS_AND_RETAIN_HEADERS,pmadurai@gmail.com,Freeze all available formats; preserve each header; request confirmation before Devam online redistribution and commercial use.,https://projectmadurai.org/pmworks.html
PM-289-0404,289,கந்த புராணம் - பகுதி 8a /யுத்த காண்டம் /பாகம் 1 (1 - 456),கச்சியப்ப சிவாச்சாரியார்,புராணம்,Tamil,https://projectmadurai.org/pm_etexts/pdf/pm0289_01.pdf,https://projectmadurai.org/pm_etexts/utf8/pmuni0289_01.html,True,AUTO_DOWNLOAD_PERMISSION_BEFORE_REDISTRIBUTION,CONTACT_PROJECT_COORDINATORS_AND_RETAIN_HEADERS,pmadurai@gmail.com,Freeze all available formats; preserve each header; request confirmation before Devam online redistribution and commercial use.,https://projectmadurai.org/pmworks.html
PM-289-0405,289,கந்த புராணம் - பகுதி 8b /யுத்த காண்டம் /பாகம் 1 /படலம் 4 (457 - 876),கச்சியப்ப சிவாச்சாரியார்,புராணம்,Tamil,https://projectmadurai.org/pm_etexts/pdf/pm0289_02.pdf,https://projectmadurai.org/pm_etexts/utf8/pmuni0289_02.html,True,AUTO_DOWNLOAD_PERMISSION_BEFORE_REDISTRIBUTION,CONTACT_PROJECT_COORDINATORS_AND_RETAIN_HEADERS,pmadurai@gmail.com,Freeze all available formats; preserve each header; request confirmation before Devam online redistribution and commercial use.,https://projectmadurai.org/pmworks.html
PM-289-0406,289,கந்த புராணம் - பகுதி 8c /யுத்த காண்டம் /பாகம் 1 /படலம் 5-7 (877 - 1303),கச்சியப்ப சிவாச்சாரியார்,புராணம்,Tamil,https://projectmadurai.org/pm_etexts/pdf/pm0289_03.pdf,https://projectmadurai.org/pm_etexts/utf8/pmuni0289_03.html,True,AUTO_DOWNLOAD_PERMISSION_BEFORE_REDISTRIBUTION,CONTACT_PROJECT_COORDINATORS_AND_RETAIN_HEADERS,pmadurai@gmail.com,Freeze all available formats; preserve each header; request confirmation before Devam online redistribution and commercial use.,https://projectmadurai.org/pmworks.html
PM-290-0407,290,திருநள்ளாற்றுப் புராணம்,சிவஞான யோகிகள்,புராணம்,Tamil,https://projectmadurai.org/pm_etexts/pdf/pm0290.pdf,https://projectmadurai.org/pm_etexts/utf8/pmuni0290.html,True,AUTO_DOWNLOAD_PERMISSION_BEFORE_REDISTRIBUTION,CONTACT_PROJECT_COORDINATORS_AND_RETAIN_HEADERS,pmadurai@gmail.com,Freeze all available formats; preserve each header; request confirmation before Devam online redistribution and commercial use.,https://projectmadurai.org/pmworks.html
PM-291-0408,291,பிரபந்தத்திரட்டு - I இளசைப் பதிற்றுப்பத்தந்தாதி; குளத்தூர்ப் பதிற்றுப்பத்தந்தாதி,சிவஞான யோகிகள்,பிரபந்தம் - அந்தாதி,Tamil,https://projectmadurai.org/pm_etexts/pdf/pm0291.pdf,https://projectmadurai.org/pm_etexts/utf8/pmuni0291_01.html,True,AUTO_DOWNLOAD_PERMISSION_BEFORE_REDISTRIBUTION,CONTACT_PROJECT_COORDINATORS_AND_RETAIN_HEADERS,pmadurai@gmail.com,Freeze all available formats; preserve each header; request confirmation before Devam online redistribution and commercial use.,https://projectmadurai.org/pmworks.html
PM-291-0409,291,பிரபந்தத்திரட்டு - II - அகிலாண்டேசுவரிபதிகம்,சிவஞான யோகிகள்,பிரபந்தம் - பதிகம்,Tamil,https://projectmadurai.org/pm_etexts/pdf/pm0291.pdf,https://projectmadurai.org/pm_etexts/utf8/pmuni0291_02.html,True,AUTO_DOWNLOAD_PERMISSION_BEFORE_REDISTRIBUTION,CONTACT_PROJECT_COORDINATORS_AND_RETAIN_HEADERS,pmadurai@gmail.com,Freeze all available formats; preserve each header; request confirmation before Devam online redistribution and commercial use.,https://projectmadurai.org/pmworks.html
PM-292-0410,292,"காஞ்சிப் புராணம் /காண்டம் 1, பகுதி 1 /பாயிரம்; படலம் 1-6 (1-444)",சிவஞான யோகிகள்,புராணம்,Tamil,https://projectmadurai.org/pm_etexts/pdf/pm0292.pdf,https://projectmadurai.org/pm_etexts/utf8/pmuni0292.html,True,AUTO_DOWNLOAD_PERMISSION_BEFORE_REDISTRIBUTION,CONTACT_PROJECT_COORDINATORS_AND_RETAIN_HEADERS,pmadurai@gmail.com,Freeze all available formats; preserve each header; request confirmation before Devam online redistribution and commercial use.,https://projectmadurai.org/pmworks.html
PM-293-0411,293,கந்த புராணம் / பகுதி 9a / யுத்த காண்டம் /படலம் 8-11 (1304 – 1922),கச்சியப்ப சிவாச்சாரியார்,புராணம்,Tamil,https://projectmadurai.org/pm_etexts/pdf/pm0293_01.pdf,https://projectmadurai.org/pm_etexts/utf8/pmuni0293_01.html,True,AUTO_DOWNLOAD_PERMISSION_BEFORE_REDISTRIBUTION,CONTACT_PROJECT_COORDINATORS_AND_RETAIN_HEADERS,pmadurai@gmail.com,Freeze all available formats; preserve each header; request confirmation before Devam online redistribution and commercial use.,https://projectmadurai.org/pmworks.html
PM-293-0412,293,கந்த புராணம் - பகுதி 9b / யுத்த காண்டம் /படலம் 9 (1923 - 2397),கச்சியப்ப சிவாச்சாரியார்,புராணம்,Tamil,https://projectmadurai.org/pm_etexts/pdf/pm0293_02.pdf,https://projectmadurai.org/pm_etexts/utf8/pmuni0293_02.html,True,AUTO_DOWNLOAD_PERMISSION_BEFORE_REDISTRIBUTION,CONTACT_PROJECT_COORDINATORS_AND_RETAIN_HEADERS,pmadurai@gmail.com,Freeze all available formats; preserve each header; request confirmation before Devam online redistribution and commercial use.,https://projectmadurai.org/pmworks.html
PM-293-0413,293,கந்த புராணம் - பகுதி 9c / யுத்த காண்டம் /படலம் 12 (2398 – 2967),கச்சியப்ப சிவாச்சாரியார்,புராணம்,Tamil,https://projectmadurai.org/pm_etexts/pdf/pm0293_03.pdf,https://projectmadurai.org/pm_etexts/utf8/pmuni0293_03.html,True,AUTO_DOWNLOAD_PERMISSION_BEFORE_REDISTRIBUTION,CONTACT_PROJECT_COORDINATORS_AND_RETAIN_HEADERS,pmadurai@gmail.com,Freeze all available formats; preserve each header; request confirmation before Devam online redistribution and commercial use.,https://projectmadurai.org/pmworks.html
PM-294-0414,294,"காஞ்சிப் புராணம் / காண்டம் 1, பகுதி 2 /படலம் 7 - 29 (445-1056)",சிவஞான சுவாமிகள்,புராணம்,Tamil,https://projectmadurai.org/pm_etexts/pdf/pm0294.pdf,https://projectmadurai.org/pm_etexts/utf8/pmuni0294.html,True,AUTO_DOWNLOAD_PERMISSION_BEFORE_REDISTRIBUTION,CONTACT_PROJECT_COORDINATORS_AND_RETAIN_HEADERS,pmadurai@gmail.com,Freeze all available formats; preserve each header; request confirmation before Devam online redistribution and commercial use.,https://projectmadurai.org/pmworks.html
PM-295-0415,295,அகப்பொருள் விளக்கம்,நாற்கவிராச நம்பி,இலக்கணம்,Tamil,https://projectmadurai.org/pm_etexts/pdf/pm0295.pdf,https://projectmadurai.org/pm_etexts/utf8/pmuni0295.html,True,AUTO_DOWNLOAD_PERMISSION_BEFORE_REDISTRIBUTION,CONTACT_PROJECT_COORDINATORS_AND_RETAIN_HEADERS,pmadurai@gmail.com,Freeze all available formats; preserve each header; request confirmation before Devam online redistribution and commercial use.,https://projectmadurai.org/pmworks.html
PM-296-0416,296,நற்றிணை,,சங்ககாலம் – எட்டுத்தொகை,Tamil,https://projectmadurai.org/pm_etexts/pdf/pm0296.pdf,https://projectmadurai.org/pm_etexts/utf8/pmuni0296.html,True,AUTO_DOWNLOAD_PERMISSION_BEFORE_REDISTRIBUTION,CONTACT_PROJECT_COORDINATORS_AND_RETAIN_HEADERS,pmadurai@gmail.com,Freeze all available formats; preserve each header; request confirmation before Devam online redistribution and commercial use.,https://projectmadurai.org/pmworks.html
PM-297-0417,297,அறநெறிச்சாரம்,முனைப்பாடியார்,நீதி நூல்,Tamil,https://projectmadurai.org/pm_etexts/pdf/pm0297.pdf,https://projectmadurai.org/pm_etexts/utf8/pmuni0297.html,True,AUTO_DOWNLOAD_PERMISSION_BEFORE_REDISTRIBUTION,CONTACT_PROJECT_COORDINATORS_AND_RETAIN_HEADERS,pmadurai@gmail.com,Freeze all available formats; preserve each header; request confirmation before Devam online redistribution and commercial use.,https://projectmadurai.org/pmworks.html
PM-298-0418,298,பெரியநாயகியம்மை கலித்துறை,துறைமங்கலம் சிவப்பிரகாச சுவாமிகள்,பிரபந்தம் - கலித்துறை,Tamil,https://projectmadurai.org/pm_etexts/pdf/pm0298.pdf,https://projectmadurai.org/pm_etexts/utf8/pmuni0298.html,True,AUTO_DOWNLOAD_PERMISSION_BEFORE_REDISTRIBUTION,CONTACT_PROJECT_COORDINATORS_AND_RETAIN_HEADERS,pmadurai@gmail.com,Freeze all available formats; preserve each header; request confirmation before Devam online redistribution and commercial use.,https://projectmadurai.org/pmworks.html
PM-299-0419,299,"காஞ்சிப் புராணம் / காண்டம் 1, பகுதி 3 /படலம் 30 - 50 (1057 – 1691)",சிவஞான சுவாமிகள்,புராணம்,Tamil,https://projectmadurai.org/pm_etexts/pdf/pm0299.pdf,https://projectmadurai.org/pm_etexts/utf8/pmuni0299.html,True,AUTO_DOWNLOAD_PERMISSION_BEFORE_REDISTRIBUTION,CONTACT_PROJECT_COORDINATORS_AND_RETAIN_HEADERS,pmadurai@gmail.com,Freeze all available formats; preserve each header; request confirmation before Devam online redistribution and commercial use.,https://projectmadurai.org/pmworks.html
PM-300-0420,300,புறப்பொருள் வெண்பாமாலை,ஐயனாரிதனார்,பிரபந்தம் - மாலை,Tamil,https://projectmadurai.org/pm_etexts/pdf/pm0300.pdf,https://projectmadurai.org/pm_etexts/utf8/pmuni0300.html,True,AUTO_DOWNLOAD_PERMISSION_BEFORE_REDISTRIBUTION,CONTACT_PROJECT_COORDINATORS_AND_RETAIN_HEADERS,pmadurai@gmail.com,Freeze all available formats; preserve each header; request confirmation before Devam online redistribution and commercial use.,https://projectmadurai.org/pmworks.html
PM-301-0421,301,களவியல் என்னும் இறையனார் அகப்பொருள்,,இலக்கணம்,Tamil,https://projectmadurai.org/pm_etexts/pdf/pm0301.pdf,https://projectmadurai.org/pm_etexts/utf8/pmuni0301.html,True,AUTO_DOWNLOAD_PERMISSION_BEFORE_REDISTRIBUTION,CONTACT_PROJECT_COORDINATORS_AND_RETAIN_HEADERS,pmadurai@gmail.com,Freeze all available formats; preserve each header; request confirmation before Devam online redistribution and commercial use.,https://projectmadurai.org/pmworks.html
PM-302-0422,302,"காஞ்சிப் புராணம் / காண்டம் 1, பகுதி 4a /படலம் 51 - 60 (1692 – 2022)",சிவஞான சுவாமிகள்,புராணம்,Tamil,https://projectmadurai.org/pm_etexts/pdf/pm0302_01.pdf,https://projectmadurai.org/pm_etexts/utf8/pmuni0302_01.html,True,AUTO_DOWNLOAD_PERMISSION_BEFORE_REDISTRIBUTION,CONTACT_PROJECT_COORDINATORS_AND_RETAIN_HEADERS,pmadurai@gmail.com,Freeze all available formats; preserve each header; request confirmation before Devam online redistribution and commercial use.,https://projectmadurai.org/pmworks.html
PM-302-0423,302,"காஞ்சிப் புராணம் / காண்டம் 1, பகுதி 4b /படலம் 61 - 65 (2023 – 2742)",சிவஞான சுவாமிகள்,புராணம்,Tamil,https://projectmadurai.org/pm_etexts/pdf/pm0302_02.pdf,https://projectmadurai.org/pm_etexts/utf8/pmuni0302_02.html,True,AUTO_DOWNLOAD_PERMISSION_BEFORE_REDISTRIBUTION,CONTACT_PROJECT_COORDINATORS_AND_RETAIN_HEADERS,pmadurai@gmail.com,Freeze all available formats; preserve each header; request confirmation before Devam online redistribution and commercial use.,https://projectmadurai.org/pmworks.html
PM-303-0424,303,திருப்பாடற்றிரட்டு - பாகம் 1,தாயுமான சுவாமிகள்,பாடல்கள் - தொகுப்பு,Tamil,https://projectmadurai.org/pm_etexts/pdf/pm0303.pdf,https://projectmadurai.org/pm_etexts/utf8/pmuni0303.html,True,AUTO_DOWNLOAD_PERMISSION_BEFORE_REDISTRIBUTION,CONTACT_PROJECT_COORDINATORS_AND_RETAIN_HEADERS,pmadurai@gmail.com,Freeze all available formats; preserve each header; request confirmation before Devam online redistribution and commercial use.,https://projectmadurai.org/pmworks.html
PM-304-0425,304,கந்த புராணம் - பகுதி 10 /தேவ காண்டம் / படலம் 1- 5 (1 – 421),கச்சியப்ப சிவாச்சாரியார்,புராணம்,Tamil,https://projectmadurai.org/pm_etexts/pdf/pm0304.pdf,https://projectmadurai.org/pm_etexts/utf8/pmuni0304.html,True,AUTO_DOWNLOAD_PERMISSION_BEFORE_REDISTRIBUTION,CONTACT_PROJECT_COORDINATORS_AND_RETAIN_HEADERS,pmadurai@gmail.com,Freeze all available formats; preserve each header; request confirmation before Devam online redistribution and commercial use.,https://projectmadurai.org/pmworks.html
PM-305-0426,305,திருப்பாடற்றிரட்டு - பாகம் 2,தாயுமான சுவாமிகள்,பாடல்கள் - தொகுப்பு,Tamil,https://projectmadurai.org/pm_etexts/pdf/pm0305.pdf,https://projectmadurai.org/pm_etexts/utf8/pmuni0305.html,True,AUTO_DOWNLOAD_PERMISSION_BEFORE_REDISTRIBUTION,CONTACT_PROJECT_COORDINATORS_AND_RETAIN_HEADERS,pmadurai@gmail.com,Freeze all available formats; preserve each header; request confirmation before Devam online redistribution and commercial use.,https://projectmadurai.org/pmworks.html
PM-306-0427,306,பழமலையந்தாதி,துறைமங்கலம் சிவப்பிரகாச சுவாமிகள்,பிரபந்தம் - அந்தாதி,Tamil,https://projectmadurai.org/pm_etexts/pdf/pm0306.pdf,https://projectmadurai.org/pm_etexts/utf8/pmuni0306.html,True,AUTO_DOWNLOAD_PERMISSION_BEFORE_REDISTRIBUTION,CONTACT_PROJECT_COORDINATORS_AND_RETAIN_HEADERS,pmadurai@gmail.com,Freeze all available formats; preserve each header; request confirmation before Devam online redistribution and commercial use.,https://projectmadurai.org/pmworks.html
PM-307-0428,307,கந்த புராணம் - பகுதி 11a /தக்ஷ காண்டம் /படலம் 1-10 (1 - 403) பகுதி 11b - படலம் 11-13 (404 – 907),கச்சியப்ப சிவாச்சாரியார்,புராணம்,Tamil,https://projectmadurai.org/pm_etexts/pdf/pm0307_01.pdf | https://projectmadurai.org/pm_etexts/pdf/pm0307_02.pdf,https://projectmadurai.org/pm_etexts/utf8/pmuni0307_01.html | https://projectmadurai.org/pm_etexts/utf8/pmuni0307_02.html,True,AUTO_DOWNLOAD_PERMISSION_BEFORE_REDISTRIBUTION,CONTACT_PROJECT_COORDINATORS_AND_RETAIN_HEADERS,pmadurai@gmail.com,Freeze all available formats; preserve each header; request confirmation before Devam online redistribution and commercial use.,https://projectmadurai.org/pmworks.html
PM-308-0429,308,திருப்பாடற்றிரட்டு - பாகம் 3; 4,தாயுமான சுவாமிகள்,பாடல்கள் தொகுப்பு,Tamil,https://projectmadurai.org/pm_etexts/pdf/pm0308_01.pdf | https://projectmadurai.org/pm_etexts/pdf/pm0308_02.pdf,https://projectmadurai.org/pm_etexts/utf8/pmuni0308_01.html | https://projectmadurai.org/pm_etexts/utf8/pmuni0308_02.html,True,AUTO_DOWNLOAD_PERMISSION_BEFORE_REDISTRIBUTION,CONTACT_PROJECT_COORDINATORS_AND_RETAIN_HEADERS,pmadurai@gmail.com,Freeze all available formats; preserve each header; request confirmation before Devam online redistribution and commercial use.,https://projectmadurai.org/pmworks.html
PM-309-0430,309,கோயில் திருப்பணிகள் வெண்பாக் கொத்து,,பிரபந்தம் - வெண்பா,Tamil,https://projectmadurai.org/pm_etexts/pdf/pm0309.pdf,https://projectmadurai.org/pm_etexts/utf8/pmuni0309.html,True,AUTO_DOWNLOAD_PERMISSION_BEFORE_REDISTRIBUTION,CONTACT_PROJECT_COORDINATORS_AND_RETAIN_HEADERS,pmadurai@gmail.com,Freeze all available formats; preserve each header; request confirmation before Devam online redistribution and commercial use.,https://projectmadurai.org/pmworks.html
PM-310-0431,310,பிரபந்தத்திரட்டு - III - கலைசைப்பிள்ளைத்தமிழ்; அமுதாம்பிகை பிள்ளைத்தமிழ்,சிவஞான யோகிகள்,பிரபந்தம் - பிள்ளைத்தமிழ்,Tamil,https://projectmadurai.org/pm_etexts/pdf/pm0310.pdf,https://projectmadurai.org/pm_etexts/utf8/pmuni0310.html,True,AUTO_DOWNLOAD_PERMISSION_BEFORE_REDISTRIBUTION,CONTACT_PROJECT_COORDINATORS_AND_RETAIN_HEADERS,pmadurai@gmail.com,Freeze all available formats; preserve each header; request confirmation before Devam online redistribution and commercial use.,https://projectmadurai.org/pmworks.html
PM-311-0432,311,கல்வெட்டுப் பாடல்கள் மஞ்சரி-1,,இசை; பாட்டு,Tamil,https://projectmadurai.org/pm_etexts/pdf/pm0311.pdf,https://projectmadurai.org/pm_etexts/utf8/pmuni0311.html,True,AUTO_DOWNLOAD_PERMISSION_BEFORE_REDISTRIBUTION,CONTACT_PROJECT_COORDINATORS_AND_RETAIN_HEADERS,pmadurai@gmail.com,Freeze all available formats; preserve each header; request confirmation before Devam online redistribution and commercial use.,https://projectmadurai.org/pmworks.html
PM-312-0433,312,கிருஷ்ணகானம்,ஊத்துக்காடு வெங்கடசுப்பையர்,இசை; பாட்டு,Tamil,https://projectmadurai.org/pm_etexts/pdf/pm0312.pdf,https://projectmadurai.org/pm_etexts/utf8/pmuni0312.html,True,AUTO_DOWNLOAD_PERMISSION_BEFORE_REDISTRIBUTION,CONTACT_PROJECT_COORDINATORS_AND_RETAIN_HEADERS,pmadurai@gmail.com,Freeze all available formats; preserve each header; request confirmation before Devam online redistribution and commercial use.,https://projectmadurai.org/pmworks.html
PM-313-0434,313,ஈட்டியெழுபது,ஒட்டக்கூத்தர்,பாடல்கள் தொகுப்பு,Tamil,https://projectmadurai.org/pm_etexts/pdf/pm0313.pdf,https://projectmadurai.org/pm_etexts/utf8/pmuni0313.html,True,AUTO_DOWNLOAD_PERMISSION_BEFORE_REDISTRIBUTION,CONTACT_PROJECT_COORDINATORS_AND_RETAIN_HEADERS,pmadurai@gmail.com,Freeze all available formats; preserve each header; request confirmation before Devam online redistribution and commercial use.,https://projectmadurai.org/pmworks.html
PM-314-0435,314,நாட்டியக் கலை விளக்கம்,சுத்தானந்த பாரதியார்,நாடகக் கலை,Tamil,https://projectmadurai.org/pm_etexts/pdf/pm0314.pdf,https://projectmadurai.org/pm_etexts/utf8/pmuni0314.html,True,AUTO_DOWNLOAD_PERMISSION_BEFORE_REDISTRIBUTION,CONTACT_PROJECT_COORDINATORS_AND_RETAIN_HEADERS,pmadurai@gmail.com,Freeze all available formats; preserve each header; request confirmation before Devam online redistribution and commercial use.,https://projectmadurai.org/pmworks.html
PM-315-0436,315,சாத்திரக்கோவை,குமாரதேவர்,பிரபந்தம் - கோவை,Tamil,https://projectmadurai.org/pm_etexts/pdf/pm0315.pdf,https://projectmadurai.org/pm_etexts/utf8/pmuni0315.html,True,AUTO_DOWNLOAD_PERMISSION_BEFORE_REDISTRIBUTION,CONTACT_PROJECT_COORDINATORS_AND_RETAIN_HEADERS,pmadurai@gmail.com,Freeze all available formats; preserve each header; request confirmation before Devam online redistribution and commercial use.,https://projectmadurai.org/pmworks.html
PM-316-0437,316,குறள்மூலம்,ஔவையார்,நீதி நூல்கள்,Tamil,https://projectmadurai.org/pm_etexts/pdf/pm0316.pdf,https://projectmadurai.org/pm_etexts/utf8/pmuni0316.html,True,AUTO_DOWNLOAD_PERMISSION_BEFORE_REDISTRIBUTION,CONTACT_PROJECT_COORDINATORS_AND_RETAIN_HEADERS,pmadurai@gmail.com,Freeze all available formats; preserve each header; request confirmation before Devam online redistribution and commercial use.,https://projectmadurai.org/pmworks.html
PM-317-0438,317,திருப்புல்லாணிமாலை,,பிரபந்தம் - மாலை,Tamil,https://projectmadurai.org/pm_etexts/pdf/pm0317.pdf,https://projectmadurai.org/pm_etexts/utf8/pmuni0317.html,True,AUTO_DOWNLOAD_PERMISSION_BEFORE_REDISTRIBUTION,CONTACT_PROJECT_COORDINATORS_AND_RETAIN_HEADERS,pmadurai@gmail.com,Freeze all available formats; preserve each header; request confirmation before Devam online redistribution and commercial use.,https://projectmadurai.org/pmworks.html
PM-318-0439,318,கந்த புராணம் - பகுதி 12 - படலம் 14 - 20 (908-1562),கச்சியப்ப சிவாச்சாரியார்,புராணம்,Tamil,https://projectmadurai.org/pm_etexts/pdf/pm0318_01.pdf | https://projectmadurai.org/pm_etexts/pdf/pm0318_02.pdf,https://projectmadurai.org/pm_etexts/utf8/pmuni0318_01.html | https://projectmadurai.org/pm_etexts/utf8/pmuni0318_02.html,True,AUTO_DOWNLOAD_PERMISSION_BEFORE_REDISTRIBUTION,CONTACT_PROJECT_COORDINATORS_AND_RETAIN_HEADERS,pmadurai@gmail.com,Freeze all available formats; preserve each header; request confirmation before Devam online redistribution and commercial use.,https://projectmadurai.org/pmworks.html
PM-319-0440,319,பேரூர்ப் புராணம் - பகுதி 1 - படலம் 1 - 7 (1-627),கச்சியப்ப முனிவர்,புராணம்,Tamil,https://projectmadurai.org/pm_etexts/pdf/pm0319_01.pdf | https://projectmadurai.org/pm_etexts/pdf/pm0319_02.pdf,https://projectmadurai.org/pm_etexts/utf8/pmuni0319_01.html | https://projectmadurai.org/pm_etexts/utf8/pmuni0319_02.html,True,AUTO_DOWNLOAD_PERMISSION_BEFORE_REDISTRIBUTION,CONTACT_PROJECT_COORDINATORS_AND_RETAIN_HEADERS,pmadurai@gmail.com,Freeze all available formats; preserve each header; request confirmation before Devam online redistribution and commercial use.,https://projectmadurai.org/pmworks.html
PM-320-0441,320,சொக்கநாத வெண்பா; சொக்கநாத கலித்துறை,குருஞான சம்பந்தர்,பிரபந்தம் - வெண்பா,Tamil,https://projectmadurai.org/pm_etexts/pdf/pm0320.pdf,https://projectmadurai.org/pm_etexts/utf8/pmuni0320.html,True,AUTO_DOWNLOAD_PERMISSION_BEFORE_REDISTRIBUTION,CONTACT_PROJECT_COORDINATORS_AND_RETAIN_HEADERS,pmadurai@gmail.com,Freeze all available formats; preserve each header; request confirmation before Devam online redistribution and commercial use.,https://projectmadurai.org/pmworks.html
PM-321-0442,321,பிரபந்தத்திரட்டு - IV - திருவேகம்பரந்தாதி; திருமுல்லைவாயிலந்தாதி,சிவஞான யோகிகள்,பிரபந்தம் - அந்தாதி,Tamil,https://projectmadurai.org/pm_etexts/pdf/pm0321.pdf,https://projectmadurai.org/pm_etexts/utf8/pmuni0321.html,True,AUTO_DOWNLOAD_PERMISSION_BEFORE_REDISTRIBUTION,CONTACT_PROJECT_COORDINATORS_AND_RETAIN_HEADERS,pmadurai@gmail.com,Freeze all available formats; preserve each header; request confirmation before Devam online redistribution and commercial use.,https://projectmadurai.org/pmworks.html
PM-322-0443,322,மநுநீதி சதகம்,இராசப்ப உபாத்தியாயர்,பிரபந்தம் - சதகம்,Tamil,https://projectmadurai.org/pm_etexts/pdf/pm0322.pdf,https://projectmadurai.org/pm_etexts/utf8/pmuni0322.html,True,AUTO_DOWNLOAD_PERMISSION_BEFORE_REDISTRIBUTION,CONTACT_PROJECT_COORDINATORS_AND_RETAIN_HEADERS,pmadurai@gmail.com,Freeze all available formats; preserve each header; request confirmation before Devam online redistribution and commercial use.,https://projectmadurai.org/pmworks.html
PM-323-0444,323,சொல்லின் கதை (வானொலிப்பேச்சு),மு.வரதராசன்,கட்டுரைகள்,Tamil,https://projectmadurai.org/pm_etexts/pdf/pm0323.pdf,https://projectmadurai.org/pm_etexts/utf8/pmuni0323.html,True,AUTO_DOWNLOAD_PERMISSION_BEFORE_REDISTRIBUTION,CONTACT_PROJECT_COORDINATORS_AND_RETAIN_HEADERS,pmadurai@gmail.com,Freeze all available formats; preserve each header; request confirmation before Devam online redistribution and commercial use.,https://projectmadurai.org/pmworks.html
PM-324-0445,324,பேரூர்ப் புராணம் - பகுதி 2 - படலம் 19 - 36 (1277 - 2220),கச்சியப்ப முனிவர்,புராணம்,Tamil,https://projectmadurai.org/pm_etexts/pdf/pm0324_01.pdf | https://projectmadurai.org/pm_etexts/pdf/pm0324_02.pdf,https://projectmadurai.org/pm_etexts/utf8/pmuni0324_01.html | https://projectmadurai.org/pm_etexts/utf8/pmuni0324_02.html,True,AUTO_DOWNLOAD_PERMISSION_BEFORE_REDISTRIBUTION,CONTACT_PROJECT_COORDINATORS_AND_RETAIN_HEADERS,pmadurai@gmail.com,Freeze all available formats; preserve each header; request confirmation before Devam online redistribution and commercial use.,https://projectmadurai.org/pmworks.html
PM-325-0446,325,திருத்தொண்டர்மாலை,குமாரபாரதியார்,பிரபந்தம் - மாலை,Tamil,https://projectmadurai.org/pm_etexts/pdf/pm0325.pdf,https://projectmadurai.org/pm_etexts/utf8/pmuni0325.html,True,AUTO_DOWNLOAD_PERMISSION_BEFORE_REDISTRIBUTION,CONTACT_PROJECT_COORDINATORS_AND_RETAIN_HEADERS,pmadurai@gmail.com,Freeze all available formats; preserve each header; request confirmation before Devam online redistribution and commercial use.,https://projectmadurai.org/pmworks.html
PM-326-0447,326,இலக்கிய தீபம்,எஸ். வையாபுரிப்பிள்ளை,இலக்கியக் கட்டுரைகள்,Tamil,https://projectmadurai.org/pm_etexts/pdf/pm0326.pdf,https://projectmadurai.org/pm_etexts/utf8/pmuni0326.html,True,AUTO_DOWNLOAD_PERMISSION_BEFORE_REDISTRIBUTION,CONTACT_PROJECT_COORDINATORS_AND_RETAIN_HEADERS,pmadurai@gmail.com,Freeze all available formats; preserve each header; request confirmation before Devam online redistribution and commercial use.,https://projectmadurai.org/pmworks.html
PM-327-0448,327,இலக்கியத்தின் எதிரிகள்,ம.பொ. சிவஞானம்,இலக்கியக் கட்டுரைகள்,Tamil,https://projectmadurai.org/pm_etexts/pdf/pm0327.pdf,https://projectmadurai.org/pm_etexts/utf8/pmuni0327.html,True,AUTO_DOWNLOAD_PERMISSION_BEFORE_REDISTRIBUTION,CONTACT_PROJECT_COORDINATORS_AND_RETAIN_HEADERS,pmadurai@gmail.com,Freeze all available formats; preserve each header; request confirmation before Devam online redistribution and commercial use.,https://projectmadurai.org/pmworks.html
PM-328-0449,328,பிரபந்தத்திரட்டு - பகுதி 26 / திருச்சிராமலையமகவந்தாதி,தி. மீனாட்சிசுந்தரம் பிள்ளை,பிரபந்தம் - அந்தாதி,Tamil,https://projectmadurai.org/pm_etexts/pdf/pm0328.pdf,https://projectmadurai.org/pm_etexts/utf8/pmuni0328.html,True,AUTO_DOWNLOAD_PERMISSION_BEFORE_REDISTRIBUTION,CONTACT_PROJECT_COORDINATORS_AND_RETAIN_HEADERS,pmadurai@gmail.com,Freeze all available formats; preserve each header; request confirmation before Devam online redistribution and commercial use.,https://projectmadurai.org/pmworks.html
PM-329-0450,329,ஆனைமங்கலச் செப்பேடுகள்,,வரலாறு,Tamil,https://projectmadurai.org/pm_etexts/pdf/pm0329.pdf,https://projectmadurai.org/pm_etexts/utf8/pmuni0329.html,True,AUTO_DOWNLOAD_PERMISSION_BEFORE_REDISTRIBUTION,CONTACT_PROJECT_COORDINATORS_AND_RETAIN_HEADERS,pmadurai@gmail.com,Freeze all available formats; preserve each header; request confirmation before Devam online redistribution and commercial use.,https://projectmadurai.org/pmworks.html
PM-330-0451,330,சகோதரர் அன்றோ - (அகிலனின் சிறுகதைகள் தொகுப்பு),அகிலன்,சிறுகதைகள் - தொகுப்பு,Tamil,,,False,AUTO_DOWNLOAD_PERMISSION_BEFORE_REDISTRIBUTION,CONTACT_PROJECT_COORDINATORS_AND_RETAIN_HEADERS,pmadurai@gmail.com,Freeze all available formats; preserve each header; request confirmation before Devam online redistribution and commercial use.,https://projectmadurai.org/pmworks.html
PM-331-0452,331,பிரபந்தத் திரட்டு - பாகம் 5,சிவஞான யோகிகள்,பிரபந்தம் - திரட்டு,Tamil,https://projectmadurai.org/pm_etexts/pdf/pm0331.pdf,https://projectmadurai.org/pm_etexts/utf8/pmuni0331.html,True,AUTO_DOWNLOAD_PERMISSION_BEFORE_REDISTRIBUTION,CONTACT_PROJECT_COORDINATORS_AND_RETAIN_HEADERS,pmadurai@gmail.com,Freeze all available formats; preserve each header; request confirmation before Devam online redistribution and commercial use.,https://projectmadurai.org/pmworks.html
PM-332-0453,332,நவநீதப் பாட்டியல்,நவநீத நடனார்,பாட்டியல்,Tamil,https://projectmadurai.org/pm_etexts/pdf/pm0332.pdf,https://projectmadurai.org/pm_etexts/utf8/pmuni0332.html,True,AUTO_DOWNLOAD_PERMISSION_BEFORE_REDISTRIBUTION,CONTACT_PROJECT_COORDINATORS_AND_RETAIN_HEADERS,pmadurai@gmail.com,Freeze all available formats; preserve each header; request confirmation before Devam online redistribution and commercial use.,https://projectmadurai.org/pmworks.html
PM-333-0454,333,திருநூற்றந்தாதி,அவிரோதி ஆழ்வார்,பிரபந்தம் - அந்தாதி,Tamil,https://projectmadurai.org/pm_etexts/pdf/pm0333.pdf,https://projectmadurai.org/pm_etexts/utf8/pmuni0333.html,True,AUTO_DOWNLOAD_PERMISSION_BEFORE_REDISTRIBUTION,CONTACT_PROJECT_COORDINATORS_AND_RETAIN_HEADERS,pmadurai@gmail.com,Freeze all available formats; preserve each header; request confirmation before Devam online redistribution and commercial use.,https://projectmadurai.org/pmworks.html
PM-334-0455,334,தம்பிக்கு - மு. வரதராசனார் கடிதங்கள்,மு.வரதராசன்,கட்டுரைகள்,Tamil,https://projectmadurai.org/pm_etexts/pdf/pm0334.pdf,https://projectmadurai.org/pm_etexts/utf8/pmuni0334.html,True,AUTO_DOWNLOAD_PERMISSION_BEFORE_REDISTRIBUTION,CONTACT_PROJECT_COORDINATORS_AND_RETAIN_HEADERS,pmadurai@gmail.com,Freeze all available formats; preserve each header; request confirmation before Devam online redistribution and commercial use.,https://projectmadurai.org/pmworks.html
PM-335-0456,335,கடம்பர்கோயில் உலா (உ.வே.சாமிநாதையர் குறிப்புரையுடன்),,பிரபந்தம் - உலா,Tamil,https://projectmadurai.org/pm_etexts/pdf/pm0335.pdf,https://projectmadurai.org/pm_etexts/utf8/pmuni0335.html,True,AUTO_DOWNLOAD_PERMISSION_BEFORE_REDISTRIBUTION,CONTACT_PROJECT_COORDINATORS_AND_RETAIN_HEADERS,pmadurai@gmail.com,Freeze all available formats; preserve each header; request confirmation before Devam online redistribution and commercial use.,https://projectmadurai.org/pmworks.html
PM-336-0457,336,பாண்டிக் கோவை,,பிரபந்தம் - கோவை,Tamil,https://projectmadurai.org/pm_etexts/pdf/pm0336.pdf,https://projectmadurai.org/pm_etexts/utf8/pmuni0336.html,True,AUTO_DOWNLOAD_PERMISSION_BEFORE_REDISTRIBUTION,CONTACT_PROJECT_COORDINATORS_AND_RETAIN_HEADERS,pmadurai@gmail.com,Freeze all available formats; preserve each header; request confirmation before Devam online redistribution and commercial use.,https://projectmadurai.org/pmworks.html
PM-337-0458,337,கல்வெட்டுப் பாடல்கள் மஞ்சரி; சிராமலை அந்தாதி,,பிரபந்தம் - அந்தாதி,Tamil,https://projectmadurai.org/pm_etexts/pdf/pm0337.pdf,https://projectmadurai.org/pm_etexts/utf8/pmuni0337.html,True,AUTO_DOWNLOAD_PERMISSION_BEFORE_REDISTRIBUTION,CONTACT_PROJECT_COORDINATORS_AND_RETAIN_HEADERS,pmadurai@gmail.com,Freeze all available formats; preserve each header; request confirmation before Devam online redistribution and commercial use.,https://projectmadurai.org/pmworks.html
PM-338-0459,338,நீதித்திரட்டு - ஆசிரிய மாலை; குண்டலகேசித் திரட்டு; பெரும்பொருள் விளக்கம்; தகடூர் யாத்திரை (திரட்டு),,நீதி நூல்கள்,Tamil,https://projectmadurai.org/pm_etexts/pdf/pm0338.pdf,https://projectmadurai.org/pm_etexts/utf8/pmuni0338.html,True,AUTO_DOWNLOAD_PERMISSION_BEFORE_REDISTRIBUTION,CONTACT_PROJECT_COORDINATORS_AND_RETAIN_HEADERS,pmadurai@gmail.com,Freeze all available formats; preserve each header; request confirmation before Devam online redistribution and commercial use.,https://projectmadurai.org/pmworks.html
PM-339-0460,339,முல்லைத்திணை,மு.வரதராசன்,சங்ககாலம் – எட்டுத்தொகை,Tamil,https://projectmadurai.org/pm_etexts/pdf/pm0339.pdf,https://projectmadurai.org/pm_etexts/utf8/pmuni0339.html,True,AUTO_DOWNLOAD_PERMISSION_BEFORE_REDISTRIBUTION,CONTACT_PROJECT_COORDINATORS_AND_RETAIN_HEADERS,pmadurai@gmail.com,Freeze all available formats; preserve each header; request confirmation before Devam online redistribution and commercial use.,https://projectmadurai.org/pmworks.html
PM-340-0461,340,கூத்தியல் திரட்டு (இசை-நாட்டியக்கலை இயல் நுற்பாக்கள்),திரட்டியோன் - மயிலை சீனி வேங்கடசாமி,நாடகக்கலை நூல்,Tamil,https://projectmadurai.org/pm_etexts/pdf/pm0340.pdf,https://projectmadurai.org/pm_etexts/utf8/pmuni0340.html,True,AUTO_DOWNLOAD_PERMISSION_BEFORE_REDISTRIBUTION,CONTACT_PROJECT_COORDINATORS_AND_RETAIN_HEADERS,pmadurai@gmail.com,Freeze all available formats; preserve each header; request confirmation before Devam online redistribution and commercial use.,https://projectmadurai.org/pmworks.html
PM-341-0462,341,புது மெருகு (சிறுகதைத் தொகுப்பு),கி. வா. ஜகந்நாதன்,சிறுகதைகள் - தொகுப்பு,Tamil,https://projectmadurai.org/pm_etexts/pdf/pm0341.pdf,https://projectmadurai.org/pm_etexts/utf8/pmuni0341.html,True,AUTO_DOWNLOAD_PERMISSION_BEFORE_REDISTRIBUTION,CONTACT_PROJECT_COORDINATORS_AND_RETAIN_HEADERS,pmadurai@gmail.com,Freeze all available formats; preserve each header; request confirmation before Devam online redistribution and commercial use.,https://projectmadurai.org/pmworks.html
PM-342-0463,342,நரி விருத்தம்,திருத்தக்க தேவர்,பிரபந்தம் - விருத்தம்,Tamil,https://projectmadurai.org/pm_etexts/pdf/pm0342.pdf,https://projectmadurai.org/pm_etexts/utf8/pmuni0342.html,True,AUTO_DOWNLOAD_PERMISSION_BEFORE_REDISTRIBUTION,CONTACT_PROJECT_COORDINATORS_AND_RETAIN_HEADERS,pmadurai@gmail.com,Freeze all available formats; preserve each header; request confirmation before Devam online redistribution and commercial use.,https://projectmadurai.org/pmworks.html
PM-343-0464,343,பிரபந்தத்திரட்டு - பகுதி 27 / திருப்பைஞ்ஞீலித்திரிபந்தாதி,தி. மீனாட்சிசுந்தரம் பிள்ளை,பிரபந்தம் - அந்தாதி,Tamil,https://projectmadurai.org/pm_etexts/pdf/pm0343.pdf,https://projectmadurai.org/pm_etexts/utf8/pmuni0343.html,True,AUTO_DOWNLOAD_PERMISSION_BEFORE_REDISTRIBUTION,CONTACT_PROJECT_COORDINATORS_AND_RETAIN_HEADERS,pmadurai@gmail.com,Freeze all available formats; preserve each header; request confirmation before Devam online redistribution and commercial use.,https://projectmadurai.org/pmworks.html
PM-344-0465,344,உண்ணாமுலையம்மை பிள்ளைத்தமிழ்,சோணாசல பாரதியார்,பிரபந்தம் - பிள்ளைத்தமிழ்,Tamil,https://projectmadurai.org/pm_etexts/pdf/pm0344_01.pdf,https://projectmadurai.org/pm_etexts/utf8/pmuni0344_01.html,True,AUTO_DOWNLOAD_PERMISSION_BEFORE_REDISTRIBUTION,CONTACT_PROJECT_COORDINATORS_AND_RETAIN_HEADERS,pmadurai@gmail.com,Freeze all available formats; preserve each header; request confirmation before Devam online redistribution and commercial use.,https://projectmadurai.org/pmworks.html
PM-344-0466,344,கார்த்திகை தீப வெண்பா,சோணாசல பாரதியார்,பிரபந்தம் - வெண்பா,Tamil,https://projectmadurai.org/pm_etexts/pdf/pm0344_02.pdf,https://projectmadurai.org/pm_etexts/utf8/pmuni0344_02.html,True,AUTO_DOWNLOAD_PERMISSION_BEFORE_REDISTRIBUTION,CONTACT_PROJECT_COORDINATORS_AND_RETAIN_HEADERS,pmadurai@gmail.com,Freeze all available formats; preserve each header; request confirmation before Devam online redistribution and commercial use.,https://projectmadurai.org/pmworks.html
PM-345-0467,345,பிரபந்தத்திரட்டு - பகுதி 28 / கலைசைச்சிதம்பரேசுவரர் மாலை,தி. மீனாட்சிசுந்தரம் பிள்ளை,பிரபந்தம் - மாலை,Tamil,https://projectmadurai.org/pm_etexts/pdf/pm0345.pdf,https://projectmadurai.org/pm_etexts/utf8/pmuni0345.html,True,AUTO_DOWNLOAD_PERMISSION_BEFORE_REDISTRIBUTION,CONTACT_PROJECT_COORDINATORS_AND_RETAIN_HEADERS,pmadurai@gmail.com,Freeze all available formats; preserve each header; request confirmation before Devam online redistribution and commercial use.,https://projectmadurai.org/pmworks.html
PM-346-0468,346,பிரபந்தத்திரட்டு - பகுதி 29 / அகிலாண்டநாயகி மாலை,தி. மீனாட்சிசுந்தரம் பிள்ளை,பிரபந்தம் - மாலை,Tamil,https://projectmadurai.org/pm_etexts/pdf/pm0346.pdf,https://projectmadurai.org/pm_etexts/utf8/pmuni0346.html,True,AUTO_DOWNLOAD_PERMISSION_BEFORE_REDISTRIBUTION,CONTACT_PROJECT_COORDINATORS_AND_RETAIN_HEADERS,pmadurai@gmail.com,Freeze all available formats; preserve each header; request confirmation before Devam online redistribution and commercial use.,https://projectmadurai.org/pmworks.html
PM-347-0469,347,பிரபந்தத்திரட்டு - பகுதி 30 / ஸ்ரீ சுப்பிரமணியதேசிகர் மாலை,தி. மீனாட்சிசுந்தரம் பிள்ளை,பிரபந்தம் - மாலை,Tamil,https://projectmadurai.org/pm_etexts/pdf/pm0347.pdf,https://projectmadurai.org/pm_etexts/utf8/pmuni0347.html,True,AUTO_DOWNLOAD_PERMISSION_BEFORE_REDISTRIBUTION,CONTACT_PROJECT_COORDINATORS_AND_RETAIN_HEADERS,pmadurai@gmail.com,Freeze all available formats; preserve each header; request confirmation before Devam online redistribution and commercial use.,https://projectmadurai.org/pmworks.html
PM-348-0470,348,பிரபந்தத்திரட்டு - பகுதி 31 / ஸ்ரீ சச்சிதானந்ததேசிகர் மாலை,தி. மீனாட்சிசுந்தரம் பிள்ளை,பிரபந்தம் - மாலை,Tamil,https://projectmadurai.org/pm_etexts/pdf/pm0348.pdf,https://projectmadurai.org/pm_etexts/utf8/pmuni0348.html,True,AUTO_DOWNLOAD_PERMISSION_BEFORE_REDISTRIBUTION,CONTACT_PROJECT_COORDINATORS_AND_RETAIN_HEADERS,pmadurai@gmail.com,Freeze all available formats; preserve each header; request confirmation before Devam online redistribution and commercial use.,https://projectmadurai.org/pmworks.html
PM-349-0471,349,திருத்தணிகையாற்றுப்படை,கவிராட்சச கச்சியப்ப முனிவர்,பிரபந்தம் - ஆற்றுப்படை,Tamil,https://projectmadurai.org/pm_etexts/pdf/pm0349.pdf,https://projectmadurai.org/pm_etexts/utf8/pmuni0349.html,True,AUTO_DOWNLOAD_PERMISSION_BEFORE_REDISTRIBUTION,CONTACT_PROJECT_COORDINATORS_AND_RETAIN_HEADERS,pmadurai@gmail.com,Freeze all available formats; preserve each header; request confirmation before Devam online redistribution and commercial use.,https://projectmadurai.org/pmworks.html
PM-350-0472,350,காவியமும் ஓவியமும் (கட்டுரைகள்),கி. வா. ஜகந்நாதன்,இலக்கியக் கட்டுரைகள்,Tamil,https://projectmadurai.org/pm_etexts/pdf/pm0350.pdf,https://projectmadurai.org/pm_etexts/utf8/pmuni0350.html,True,AUTO_DOWNLOAD_PERMISSION_BEFORE_REDISTRIBUTION,CONTACT_PROJECT_COORDINATORS_AND_RETAIN_HEADERS,pmadurai@gmail.com,Freeze all available formats; preserve each header; request confirmation before Devam online redistribution and commercial use.,https://projectmadurai.org/pmworks.html
PM-351-0473,351,பிரபந்தத்திரட்டு:பகுதி 32 (3322-3331): ஸ்ரீ சுப்பிரமணிய தேசிகர் நெஞ்சுவிடுதூது,தி. மீனாட்சிசுந்தரம் பிள்ளை,பிரபந்தம் - தூது,Tamil,https://projectmadurai.org/pm_etexts/pdf/pm0351.pdf,https://projectmadurai.org/pm_etexts/utf8/pmuni0351.html,True,AUTO_DOWNLOAD_PERMISSION_BEFORE_REDISTRIBUTION,CONTACT_PROJECT_COORDINATORS_AND_RETAIN_HEADERS,pmadurai@gmail.com,Freeze all available formats; preserve each header; request confirmation before Devam online redistribution and commercial use.,https://projectmadurai.org/pmworks.html
PM-352-0474,352,பிரபந்தத்திரட்டு: பகுதி பகுதி 33-1 : பட்டீச்சுரப்புராணம் பகுதி 33-2: திருவரன்குளப்புராணம்,தி. மீனாட்சிசுந்தரம் பிள்ளை,புராணம்,Tamil,https://projectmadurai.org/pm_etexts/pdf/pm0352.pdf,https://projectmadurai.org/pm_etexts/utf8/pmuni0352.html,True,AUTO_DOWNLOAD_PERMISSION_BEFORE_REDISTRIBUTION,CONTACT_PROJECT_COORDINATORS_AND_RETAIN_HEADERS,pmadurai@gmail.com,Freeze all available formats; preserve each header; request confirmation before Devam online redistribution and commercial use.,https://projectmadurai.org/pmworks.html
PM-353-0475,353,தூதுத் திரட்டு : மணவை திருவேங்கடமுடையான் மேகவிடுதூது,,பிரபந்தம் - தூது,Tamil,https://projectmadurai.org/pm_etexts/pdf/pm0353_01.pdf,https://projectmadurai.org/pm_etexts/utf8/pmuni0353_01.html,True,AUTO_DOWNLOAD_PERMISSION_BEFORE_REDISTRIBUTION,CONTACT_PROJECT_COORDINATORS_AND_RETAIN_HEADERS,pmadurai@gmail.com,Freeze all available formats; preserve each header; request confirmation before Devam online redistribution and commercial use.,https://projectmadurai.org/pmworks.html
PM-353-0476,353,தூதுத் திரட்டு : சங்கரமூர்த்தி ஐயரவர்கள் பேரில் விறலிவிடு தூது,சுப்பையர்,பிரபந்தம் - தூது,Tamil,https://projectmadurai.org/pm_etexts/pdf/pm0353_02.pdf,https://projectmadurai.org/pm_etexts/utf8/pmuni0353_02.html,True,AUTO_DOWNLOAD_PERMISSION_BEFORE_REDISTRIBUTION,CONTACT_PROJECT_COORDINATORS_AND_RETAIN_HEADERS,pmadurai@gmail.com,Freeze all available formats; preserve each header; request confirmation before Devam online redistribution and commercial use.,https://projectmadurai.org/pmworks.html
PM-353-0477,353,தூதுத் திரட்டு : செங்குந்தர் துகில்விடு தூது.,பரமானந்த நாவலர்,பிரபந்தம் - தூது,Tamil,https://projectmadurai.org/pm_etexts/pdf/pm0353_03.pdf,https://projectmadurai.org/pm_etexts/utf8/pmuni0353_03.html,True,AUTO_DOWNLOAD_PERMISSION_BEFORE_REDISTRIBUTION,CONTACT_PROJECT_COORDINATORS_AND_RETAIN_HEADERS,pmadurai@gmail.com,Freeze all available formats; preserve each header; request confirmation before Devam online redistribution and commercial use.,https://projectmadurai.org/pmworks.html
PM-354-0478,354,திருக்கூவப்புராணம்,துறைமங்கலம் சிவப்பிரகாச சுவாமிகள்,புராணம்,Tamil,https://projectmadurai.org/pm_etexts/pdf/pm0354.pdf,https://projectmadurai.org/pm_etexts/utf8/pmuni0354.html,True,AUTO_DOWNLOAD_PERMISSION_BEFORE_REDISTRIBUTION,CONTACT_PROJECT_COORDINATORS_AND_RETAIN_HEADERS,pmadurai@gmail.com,Freeze all available formats; preserve each header; request confirmation before Devam online redistribution and commercial use.,https://projectmadurai.org/pmworks.html
PM-355-0479,355,வேதாந்த சூடாமணி,சிவப்பிரகாச சுவாமிகள்,சமயம் - சைவம்,Tamil,https://projectmadurai.org/pm_etexts/pdf/pm0355.pdf,https://projectmadurai.org/pm_etexts/utf8/pmuni0355.html,True,AUTO_DOWNLOAD_PERMISSION_BEFORE_REDISTRIBUTION,CONTACT_PROJECT_COORDINATORS_AND_RETAIN_HEADERS,pmadurai@gmail.com,Freeze all available formats; preserve each header; request confirmation before Devam online redistribution and commercial use.,https://projectmadurai.org/pmworks.html
PM-356-0480,356,ஸ்ரீ சுப்பிரமணிதேசிகர் நான்மணிமாலை,சந்திரசேகர கவிராஜ பண்டிதர்,பிரபந்தம் - மாலை,Tamil,https://projectmadurai.org/pm_etexts/pdf/pm0356.pdf,https://projectmadurai.org/pm_etexts/utf8/pmuni0356.html,True,AUTO_DOWNLOAD_PERMISSION_BEFORE_REDISTRIBUTION,CONTACT_PROJECT_COORDINATORS_AND_RETAIN_HEADERS,pmadurai@gmail.com,Freeze all available formats; preserve each header; request confirmation before Devam online redistribution and commercial use.,https://projectmadurai.org/pmworks.html
PM-357-0481,357,திரு இலஞ்சி முருகன் உலா,பண்டாரக் கவிராயர்,பிரபந்தம் - உலா,Tamil,https://projectmadurai.org/pm_etexts/pdf/pm0357.pdf,https://projectmadurai.org/pm_etexts/utf8/pmuni0357.html,True,AUTO_DOWNLOAD_PERMISSION_BEFORE_REDISTRIBUTION,CONTACT_PROJECT_COORDINATORS_AND_RETAIN_HEADERS,pmadurai@gmail.com,Freeze all available formats; preserve each header; request confirmation before Devam online redistribution and commercial use.,https://projectmadurai.org/pmworks.html
PM-358-0482,358,ஸ்ரீமெய்கண்டதேவர் நான்மணிமாலை,உறையூர் தே. பெரியசாமி பிள்ளை,பிரபந்தம் - மாலை,Tamil,https://projectmadurai.org/pm_etexts/pdf/pm0358.pdf,https://projectmadurai.org/pm_etexts/utf8/pmuni0358.html,True,AUTO_DOWNLOAD_PERMISSION_BEFORE_REDISTRIBUTION,CONTACT_PROJECT_COORDINATORS_AND_RETAIN_HEADERS,pmadurai@gmail.com,Freeze all available formats; preserve each header; request confirmation before Devam online redistribution and commercial use.,https://projectmadurai.org/pmworks.html
PM-359-0483,359,மதுரை மாலை,சபாபதி முதலியார்,பிரபந்தம் - மாலை,Tamil,https://projectmadurai.org/pm_etexts/pdf/pm0359.pdf,https://projectmadurai.org/pm_etexts/utf8/pmuni0359.html,True,AUTO_DOWNLOAD_PERMISSION_BEFORE_REDISTRIBUTION,CONTACT_PROJECT_COORDINATORS_AND_RETAIN_HEADERS,pmadurai@gmail.com,Freeze all available formats; preserve each header; request confirmation before Devam online redistribution and commercial use.,https://projectmadurai.org/pmworks.html
PM-360-0484,360,எட்டிகுடி முருகன் பிள்ளைத் தமிழ்,கோவை.கு. நடேச கவுண்டர்,பிரபந்தம் - பிள்ளைத்தமிழ்,Tamil,https://projectmadurai.org/pm_etexts/pdf/pm0360.pdf,https://projectmadurai.org/pm_etexts/utf8/pmuni0360.html,True,AUTO_DOWNLOAD_PERMISSION_BEFORE_REDISTRIBUTION,CONTACT_PROJECT_COORDINATORS_AND_RETAIN_HEADERS,pmadurai@gmail.com,Freeze all available formats; preserve each header; request confirmation before Devam online redistribution and commercial use.,https://projectmadurai.org/pmworks.html
PM-361-0485,361,திருப்பேரூர்க் கலம்பகம்,கவியரசு கு. நடேச கவுண்டர்,பிரபந்தம் - கலம்பகம்,Tamil,https://projectmadurai.org/pm_etexts/pdf/pm0361.pdf,https://projectmadurai.org/pm_etexts/utf8/pmuni0361.html,True,AUTO_DOWNLOAD_PERMISSION_BEFORE_REDISTRIBUTION,CONTACT_PROJECT_COORDINATORS_AND_RETAIN_HEADERS,pmadurai@gmail.com,Freeze all available formats; preserve each header; request confirmation before Devam online redistribution and commercial use.,https://projectmadurai.org/pmworks.html
PM-362-0486,362,மறைசைக் கலம்பகம்,யாழ்ப்பாணத்து நீர்வேலிப் பீதாம்பரப் புலவர்,பிரபந்தம் - கலம்பகம்,Tamil,https://projectmadurai.org/pm_etexts/pdf/pm0362.pdf,https://projectmadurai.org/pm_etexts/utf8/pmuni0362.html,True,AUTO_DOWNLOAD_PERMISSION_BEFORE_REDISTRIBUTION,CONTACT_PROJECT_COORDINATORS_AND_RETAIN_HEADERS,pmadurai@gmail.com,Freeze all available formats; preserve each header; request confirmation before Devam online redistribution and commercial use.,https://projectmadurai.org/pmworks.html
PM-363-0487,363,திருமாலிருஞ்சோலைமலை அழகர் கலம்பகம்,அரிபத்த நாவலர்,பிரபந்தம் - கலம்பகம்,Tamil,https://projectmadurai.org/pm_etexts/pdf/pm0363.pdf,https://projectmadurai.org/pm_etexts/utf8/pmuni0363.html,True,AUTO_DOWNLOAD_PERMISSION_BEFORE_REDISTRIBUTION,CONTACT_PROJECT_COORDINATORS_AND_RETAIN_HEADERS,pmadurai@gmail.com,Freeze all available formats; preserve each header; request confirmation before Devam online redistribution and commercial use.,https://projectmadurai.org/pmworks.html
PM-364-0488,364,அறப் போர் (சங்க நூற் காட்சிகள்),கி. வா. ஜகந்நாதன்,இலக்கியக் கட்டுரைகள்,Tamil,https://projectmadurai.org/pm_etexts/pdf/pm0364.pdf,https://projectmadurai.org/pm_etexts/utf8/pmuni0364.html,True,AUTO_DOWNLOAD_PERMISSION_BEFORE_REDISTRIBUTION,CONTACT_PROJECT_COORDINATORS_AND_RETAIN_HEADERS,pmadurai@gmail.com,Freeze all available formats; preserve each header; request confirmation before Devam online redistribution and commercial use.,https://projectmadurai.org/pmworks.html
PM-365-0489,365,சொக்கநாத மாலை,மாயூரம் முத்துசாமிப் பிள்ளை,பிரபந்தம் - மாலை,Tamil,https://projectmadurai.org/pm_etexts/pdf/pm0365.pdf,https://projectmadurai.org/pm_etexts/utf8/pmuni0365.html,True,AUTO_DOWNLOAD_PERMISSION_BEFORE_REDISTRIBUTION,CONTACT_PROJECT_COORDINATORS_AND_RETAIN_HEADERS,pmadurai@gmail.com,Freeze all available formats; preserve each header; request confirmation before Devam online redistribution and commercial use.,https://projectmadurai.org/pmworks.html
PM-366-0490,366,கண்ணப்பர் கலம்பகம்,துரைசாமி முதலியார்,பிரபந்தம் - கலம்பகம்,Tamil,https://projectmadurai.org/pm_etexts/pdf/pm0366.pdf,https://projectmadurai.org/pm_etexts/utf8/pmuni0366.html,True,AUTO_DOWNLOAD_PERMISSION_BEFORE_REDISTRIBUTION,CONTACT_PROJECT_COORDINATORS_AND_RETAIN_HEADERS,pmadurai@gmail.com,Freeze all available formats; preserve each header; request confirmation before Devam online redistribution and commercial use.,https://projectmadurai.org/pmworks.html
PM-367-0491,367,புதுமைப் பெண்,ப. ஜீவானந்தம்,ஆராய்ச்சிக் கட்டுரைகள்,Tamil,https://projectmadurai.org/pm_etexts/pdf/pm0367.pdf,https://projectmadurai.org/pm_etexts/utf8/pmuni0367.html,True,AUTO_DOWNLOAD_PERMISSION_BEFORE_REDISTRIBUTION,CONTACT_PROJECT_COORDINATORS_AND_RETAIN_HEADERS,pmadurai@gmail.com,Freeze all available formats; preserve each header; request confirmation before Devam online redistribution and commercial use.,https://projectmadurai.org/pmworks.html
PM-368-0492,368,புள்ளிருக்குவேளூர்க் கலம்பகம்,படிக்காசுப் புலவர்,பிரபந்தம் - கலம்பகம்,Tamil,https://projectmadurai.org/pm_etexts/pdf/pm0368.pdf,https://projectmadurai.org/pm_etexts/utf8/pmuni0368.html,True,AUTO_DOWNLOAD_PERMISSION_BEFORE_REDISTRIBUTION,CONTACT_PROJECT_COORDINATORS_AND_RETAIN_HEADERS,pmadurai@gmail.com,Freeze all available formats; preserve each header; request confirmation before Devam online redistribution and commercial use.,https://projectmadurai.org/pmworks.html
PM-369-0493,369,மேலைச்சிதம்பரம் என்கிற பேரூர் மும்மணிக்கோவை,கோயமுத்தூர் கந்தசாமி முதலியார்,பிரபந்தம் - கோவை,Tamil,https://projectmadurai.org/pm_etexts/pdf/pm0369_01.pdf,https://projectmadurai.org/pm_etexts/utf8/pmuni0369_01.html,True,AUTO_DOWNLOAD_PERMISSION_BEFORE_REDISTRIBUTION,CONTACT_PROJECT_COORDINATORS_AND_RETAIN_HEADERS,pmadurai@gmail.com,Freeze all available formats; preserve each header; request confirmation before Devam online redistribution and commercial use.,https://projectmadurai.org/pmworks.html
PM-369-0494,369,மேலைச்சிதம்பரம் என்கிற பேரூர் பச்சைநாயகியம்மை ஆசிரியவிருத்தம்,கோயமுத்தூர் கந்தசாமி முதலியார்,பிரபந்தம் - விருத்தம்,Tamil,https://projectmadurai.org/pm_etexts/pdf/pm0369_02.pdf,https://projectmadurai.org/pm_etexts/utf8/pmuni0369_02.html,True,AUTO_DOWNLOAD_PERMISSION_BEFORE_REDISTRIBUTION,CONTACT_PROJECT_COORDINATORS_AND_RETAIN_HEADERS,pmadurai@gmail.com,Freeze all available formats; preserve each header; request confirmation before Devam online redistribution and commercial use.,https://projectmadurai.org/pmworks.html
PM-370-0495,370,திருப்பாசூர்ப் புராணம்,பூவை கலியாணசுந்தர முதலியார்,புராணம்,Tamil,https://projectmadurai.org/pm_etexts/pdf/pm0370.pdf,https://projectmadurai.org/pm_etexts/utf8/pmuni0370.html,True,AUTO_DOWNLOAD_PERMISSION_BEFORE_REDISTRIBUTION,CONTACT_PROJECT_COORDINATORS_AND_RETAIN_HEADERS,pmadurai@gmail.com,Freeze all available formats; preserve each header; request confirmation before Devam online redistribution and commercial use.,https://projectmadurai.org/pmworks.html
PM-371-0496,371,குளத்தூர் அமுதாம்பிகை பிள்ளைத்தமிழ்,சிவஞான சுவாமிகள்,பிரபந்தம் - பிள்ளைத்தமிழ்,Tamil,https://projectmadurai.org/pm_etexts/pdf/pm0371.pdf,https://projectmadurai.org/pm_etexts/utf8/pmuni0371.html,True,AUTO_DOWNLOAD_PERMISSION_BEFORE_REDISTRIBUTION,CONTACT_PROJECT_COORDINATORS_AND_RETAIN_HEADERS,pmadurai@gmail.com,Freeze all available formats; preserve each header; request confirmation before Devam online redistribution and commercial use.,https://projectmadurai.org/pmworks.html
PM-372-0497,372,கதிர்காமக் கலம்பகம்,கந்தப்ப சுவாமிகள்,பிரபந்தம் - கலம்பகம்,Tamil,https://projectmadurai.org/pm_etexts/pdf/pm0372.pdf,https://projectmadurai.org/pm_etexts/utf8/pmuni0372.html,True,AUTO_DOWNLOAD_PERMISSION_BEFORE_REDISTRIBUTION,CONTACT_PROJECT_COORDINATORS_AND_RETAIN_HEADERS,pmadurai@gmail.com,Freeze all available formats; preserve each header; request confirmation before Devam online redistribution and commercial use.,https://projectmadurai.org/pmworks.html
PM-373-0498,373,கடற்கரையிலே (இலக்கியக் கட்டுரைகள்),ரா.பி. சேதுபிள்ளை,இலக்கியக் கட்டுரைகள்,Tamil,https://projectmadurai.org/pm_etexts/pdf/pm0373.pdf,https://projectmadurai.org/pm_etexts/utf8/pmuni0373.html,True,AUTO_DOWNLOAD_PERMISSION_BEFORE_REDISTRIBUTION,CONTACT_PROJECT_COORDINATORS_AND_RETAIN_HEADERS,pmadurai@gmail.com,Freeze all available formats; preserve each header; request confirmation before Devam online redistribution and commercial use.,https://projectmadurai.org/pmworks.html
PM-374-0499,374,கச்சிக்கலம்பகம்,பூண்டி அரங்கநாத முதலியார்,பிரபந்தம் - கலம்பகம்,Tamil,https://projectmadurai.org/pm_etexts/pdf/pm0374.pdf,https://projectmadurai.org/pm_etexts/utf8/pmuni0374.html,True,AUTO_DOWNLOAD_PERMISSION_BEFORE_REDISTRIBUTION,CONTACT_PROJECT_COORDINATORS_AND_RETAIN_HEADERS,pmadurai@gmail.com,Freeze all available formats; preserve each header; request confirmation before Devam online redistribution and commercial use.,https://projectmadurai.org/pmworks.html
PM-375-0500,375,பாடற்றிரட்டு,வ.உ. சிதம்பரம் பிள்ளை,பாடற் திரட்டு,Tamil,https://projectmadurai.org/pm_etexts/pdf/pm0375.pdf,https://projectmadurai.org/pm_etexts/utf8/pmuni0375.html,True,AUTO_DOWNLOAD_PERMISSION_BEFORE_REDISTRIBUTION,CONTACT_PROJECT_COORDINATORS_AND_RETAIN_HEADERS,pmadurai@gmail.com,Freeze all available formats; preserve each header; request confirmation before Devam online redistribution and commercial use.,https://projectmadurai.org/pmworks.html
PM-376-0501,376,தியாக பூமி,கல்கி கிருஷ்ணமூர்த்தி,நாவல் - புதினம்,Tamil,https://projectmadurai.org/pm_etexts/pdf/pm0376.pdf,https://projectmadurai.org/pm_etexts/utf8/pmuni0376.html,True,AUTO_DOWNLOAD_PERMISSION_BEFORE_REDISTRIBUTION,CONTACT_PROJECT_COORDINATORS_AND_RETAIN_HEADERS,pmadurai@gmail.com,Freeze all available formats; preserve each header; request confirmation before Devam online redistribution and commercial use.,https://projectmadurai.org/pmworks.html
PM-377-0502,377,பச்சையப்பர் (நாடகம்),மு.வரதராசன்,நாடகம்,Tamil,https://projectmadurai.org/pm_etexts/pdf/pm0377.pdf,https://projectmadurai.org/pm_etexts/utf8/pmuni0377.html,True,AUTO_DOWNLOAD_PERMISSION_BEFORE_REDISTRIBUTION,CONTACT_PROJECT_COORDINATORS_AND_RETAIN_HEADERS,pmadurai@gmail.com,Freeze all available formats; preserve each header; request confirmation before Devam online redistribution and commercial use.,https://projectmadurai.org/pmworks.html
PM-378-0503,378,தேவையுலா,பலபட்டடை சொக்கநாதக்கவிராயர்,பிரபந்தம் - உலா,Tamil,https://projectmadurai.org/pm_etexts/pdf/pm0378.pdf,https://projectmadurai.org/pm_etexts/utf8/pmuni0378.html,True,AUTO_DOWNLOAD_PERMISSION_BEFORE_REDISTRIBUTION,CONTACT_PROJECT_COORDINATORS_AND_RETAIN_HEADERS,pmadurai@gmail.com,Freeze all available formats; preserve each header; request confirmation before Devam online redistribution and commercial use.,https://projectmadurai.org/pmworks.html
PM-379-0504,379,காலடிச் சாராதாம்பிகை மாலை,திண்டுக்கல் வெங்குசாமி அய்யர்,பிரபந்தம் - மாலை,Tamil,https://projectmadurai.org/pm_etexts/pdf/pm0379.pdf,https://projectmadurai.org/pm_etexts/utf8/pmuni0379.html,True,AUTO_DOWNLOAD_PERMISSION_BEFORE_REDISTRIBUTION,CONTACT_PROJECT_COORDINATORS_AND_RETAIN_HEADERS,pmadurai@gmail.com,Freeze all available formats; preserve each header; request confirmation before Devam online redistribution and commercial use.,https://projectmadurai.org/pmworks.html
PM-380-0505,380,சிவசுப்பிரமணியக்கடவுள் குறவஞ்சி,வீரபத்திரக் கவிராயர்,பிரபந்தம் - குறவஞ்சி,Tamil,https://projectmadurai.org/pm_etexts/pdf/pm0380.pdf,https://projectmadurai.org/pm_etexts/utf8/pmuni0380.html,True,AUTO_DOWNLOAD_PERMISSION_BEFORE_REDISTRIBUTION,CONTACT_PROJECT_COORDINATORS_AND_RETAIN_HEADERS,pmadurai@gmail.com,Freeze all available formats; preserve each header; request confirmation before Devam online redistribution and commercial use.,https://projectmadurai.org/pmworks.html
PM-381-0506,381,புகையிலை விடு தூது,சீனிச்சர்க்கரைப்புலவர்,பிரபந்தம் - தூது,Tamil,https://projectmadurai.org/pm_etexts/pdf/pm0381.pdf,https://projectmadurai.org/pm_etexts/utf8/pmuni0381.html,True,AUTO_DOWNLOAD_PERMISSION_BEFORE_REDISTRIBUTION,CONTACT_PROJECT_COORDINATORS_AND_RETAIN_HEADERS,pmadurai@gmail.com,Freeze all available formats; preserve each header; request confirmation before Devam online redistribution and commercial use.,https://projectmadurai.org/pmworks.html
PM-382-0507,382,கண்டதேவிப் புராணம்,தி. மீனாட்சிசுந்தரம் பிள்ளை,புராணம்,Tamil,https://projectmadurai.org/pm_etexts/pdf/pm0382.pdf,https://projectmadurai.org/pm_etexts/utf8/pmuni0382.html,True,AUTO_DOWNLOAD_PERMISSION_BEFORE_REDISTRIBUTION,CONTACT_PROJECT_COORDINATORS_AND_RETAIN_HEADERS,pmadurai@gmail.com,Freeze all available formats; preserve each header; request confirmation before Devam online redistribution and commercial use.,https://projectmadurai.org/pmworks.html
PM-383-0508,383,மான் விடு தூது (குறிப்புரையுடன்),குழந்தைக் கவிராயர்,பிரபந்தம் - தூது,Tamil,https://projectmadurai.org/pm_etexts/pdf/pm0383.pdf,https://projectmadurai.org/pm_etexts/utf8/pmuni0383.html,True,AUTO_DOWNLOAD_PERMISSION_BEFORE_REDISTRIBUTION,CONTACT_PROJECT_COORDINATORS_AND_RETAIN_HEADERS,pmadurai@gmail.com,Freeze all available formats; preserve each header; request confirmation before Devam online redistribution and commercial use.,https://projectmadurai.org/pmworks.html
PM-384-0509,384,பொய்மான் கரடு,கல்கி கிருஷ்ணமூர்த்தி,நாவல் - புதினம்,Tamil,https://projectmadurai.org/pm_etexts/pdf/pm0384.pdf,https://projectmadurai.org/pm_etexts/utf8/pmuni0384.html,True,AUTO_DOWNLOAD_PERMISSION_BEFORE_REDISTRIBUTION,CONTACT_PROJECT_COORDINATORS_AND_RETAIN_HEADERS,pmadurai@gmail.com,Freeze all available formats; preserve each header; request confirmation before Devam online redistribution and commercial use.,https://projectmadurai.org/pmworks.html
PM-385-0510,385,மாந்தருக்குள் ஒரு தெய்வம் (1; 2),கல்கி கிருஷ்ணமூர்த்தி,நாவல் - புதினம்,Tamil,https://projectmadurai.org/pm_etexts/pdf/pm0385_01.pdf | https://projectmadurai.org/pm_etexts/pdf/pm0385_02.pdf,https://projectmadurai.org/pm_etexts/utf8/pmuni0385_01.html | https://projectmadurai.org/pm_etexts/utf8/pmuni0385_02.html,True,AUTO_DOWNLOAD_PERMISSION_BEFORE_REDISTRIBUTION,CONTACT_PROJECT_COORDINATORS_AND_RETAIN_HEADERS,pmadurai@gmail.com,Freeze all available formats; preserve each header; request confirmation before Devam online redistribution and commercial use.,https://projectmadurai.org/pmworks.html
PM-386-0511,386,பொன்னியின் செல்வன் - ஆங்கில மொழிபெயர்ப்பு (Ponniyan Selvan - Part 3),கல்கி கிருஷ்ணமூர்த்தி - இந்திரா நீலமேகம் (Kalki Krishnamurthy - Indra Neelameggham),நாவல் - புதினம் ; மொழிபெயர்ப்பு,Tamil,https://projectmadurai.org/pm_etexts/pdf/pm0386.pdf,https://projectmadurai.org/pm_etexts/utf8/pmuni0386.html,True,AUTO_DOWNLOAD_PERMISSION_BEFORE_REDISTRIBUTION,CONTACT_PROJECT_COORDINATORS_AND_RETAIN_HEADERS,pmadurai@gmail.com,Freeze all available formats; preserve each header; request confirmation before Devam online redistribution and commercial use.,https://projectmadurai.org/pmworks.html
PM-387-0512,387,ஸ்ரீ குழைக்காதர் பிரபந்தத்திரட்டு - குழைக்காதர் கலம்பகம்,,பிரபந்தம் - கலம்பகம்,Tamil,https://projectmadurai.org/pm_etexts/pdf/pm0387_01.pdf,https://projectmadurai.org/pm_etexts/utf8/pmuni0387_01.html,True,AUTO_DOWNLOAD_PERMISSION_BEFORE_REDISTRIBUTION,CONTACT_PROJECT_COORDINATORS_AND_RETAIN_HEADERS,pmadurai@gmail.com,Freeze all available formats; preserve each header; request confirmation before Devam online redistribution and commercial use.,https://projectmadurai.org/pmworks.html
PM-387-0513,387,ஸ்ரீ குழைக்காதர் பிரபந்தத்திரட்டு - குழைக்காதர் பிள்ளைத்தமிழ்; இதரப் பாடல்கள்,,பிரபந்தம் - பிள்ளைத்தமிழ்,Tamil,https://projectmadurai.org/pm_etexts/pdf/pm0387_02.pdf,https://projectmadurai.org/pm_etexts/utf8/pmuni0387_02.html,True,AUTO_DOWNLOAD_PERMISSION_BEFORE_REDISTRIBUTION,CONTACT_PROJECT_COORDINATORS_AND_RETAIN_HEADERS,pmadurai@gmail.com,Freeze all available formats; preserve each header; request confirmation before Devam online redistribution and commercial use.,https://projectmadurai.org/pmworks.html
PM-388-0514,388,மாயூரப்புராணம் (பாகம் 1/படலங்கள் 1- 21 ),தி. மீனாட்சிசுந்தரம் பிள்ளை,புராணம்,Tamil,https://projectmadurai.org/pm_etexts/pdf/pm0388.pdf,https://projectmadurai.org/pm_etexts/utf8/pmuni0388.html,True,AUTO_DOWNLOAD_PERMISSION_BEFORE_REDISTRIBUTION,CONTACT_PROJECT_COORDINATORS_AND_RETAIN_HEADERS,pmadurai@gmail.com,Freeze all available formats; preserve each header; request confirmation before Devam online redistribution and commercial use.,https://projectmadurai.org/pmworks.html
PM-389-0515,389,புதுமைப்பித்தன் படைப்புகள் - சிறுகதைகள்; தொகுப்பு - 1 &amp; 2,புதுமைப்பித்தன்,சிறுகதைகள் - தொகுப்பு,Tamil,https://projectmadurai.org/pm_etexts/pdf/pm0389_01.pdf | https://projectmadurai.org/pm_etexts/pdf/pm0389_02.pdf,https://projectmadurai.org/pm_etexts/utf8/pmuni0389_01.html | https://projectmadurai.org/pm_etexts/utf8/pmuni0389_02.html,True,AUTO_DOWNLOAD_PERMISSION_BEFORE_REDISTRIBUTION,CONTACT_PROJECT_COORDINATORS_AND_RETAIN_HEADERS,pmadurai@gmail.com,Freeze all available formats; preserve each header; request confirmation before Devam online redistribution and commercial use.,https://projectmadurai.org/pmworks.html
PM-390-0516,390,குமரமாலைப் பிள்ளைத்தமிழ்,வீரபத்திரக் கவிராயர்,பிரபந்தம் - பிள்ளைத்தமிழ்,Tamil,https://projectmadurai.org/pm_etexts/pdf/pm0390.pdf,https://projectmadurai.org/pm_etexts/utf8/pmuni0390.html,True,AUTO_DOWNLOAD_PERMISSION_BEFORE_REDISTRIBUTION,CONTACT_PROJECT_COORDINATORS_AND_RETAIN_HEADERS,pmadurai@gmail.com,Freeze all available formats; preserve each header; request confirmation before Devam online redistribution and commercial use.,https://projectmadurai.org/pmworks.html
PM-391-0517,391,அபிநவ கதைகள்,தி. செல்வகேசவராய முதலியார்,கதைகள்,Tamil,https://projectmadurai.org/pm_etexts/pdf/pm0391.pdf,https://projectmadurai.org/pm_etexts/utf8/pmuni0391.html,True,AUTO_DOWNLOAD_PERMISSION_BEFORE_REDISTRIBUTION,CONTACT_PROJECT_COORDINATORS_AND_RETAIN_HEADERS,pmadurai@gmail.com,Freeze all available formats; preserve each header; request confirmation before Devam online redistribution and commercial use.,https://projectmadurai.org/pmworks.html
PM-392-0518,392,மஞ்ஞைப் பாட்டு; வேல் பாட்டு; சேவற் பாட்டு,வ. சு. செங்கல்வராய பிள்ளை,சமயம் - சைவம்,Tamil,https://projectmadurai.org/pm_etexts/pdf/pm0392_01.pdf,https://projectmadurai.org/pm_etexts/utf8/pmuni0392_01.html,True,AUTO_DOWNLOAD_PERMISSION_BEFORE_REDISTRIBUTION,CONTACT_PROJECT_COORDINATORS_AND_RETAIN_HEADERS,pmadurai@gmail.com,Freeze all available formats; preserve each header; request confirmation before Devam online redistribution and commercial use.,https://projectmadurai.org/pmworks.html
PM-392-0519,392,வள்ளி கல்யாணம்; வள்ளி-கிழவர் வாக்குவாதம்,வ. சு. செங்கல்வராய பிள்ளை,நாடகம்,Tamil,https://projectmadurai.org/pm_etexts/pdf/pm0392_02.pdf,https://projectmadurai.org/pm_etexts/utf8/pmuni0392_02.html,True,AUTO_DOWNLOAD_PERMISSION_BEFORE_REDISTRIBUTION,CONTACT_PROJECT_COORDINATORS_AND_RETAIN_HEADERS,pmadurai@gmail.com,Freeze all available formats; preserve each header; request confirmation before Devam online redistribution and commercial use.,https://projectmadurai.org/pmworks.html
PM-392-0520,392,சிவ பராக்ரம போற்றி அகவல்,வ. சு. செங்கல்வராய பிள்ளை,பிரபந்தம் - அகவல்,Tamil,https://projectmadurai.org/pm_etexts/pdf/pm0392_03.pdf,https://projectmadurai.org/pm_etexts/utf8/pmuni0392_03.html,True,AUTO_DOWNLOAD_PERMISSION_BEFORE_REDISTRIBUTION,CONTACT_PROJECT_COORDINATORS_AND_RETAIN_HEADERS,pmadurai@gmail.com,Freeze all available formats; preserve each header; request confirmation before Devam online redistribution and commercial use.,https://projectmadurai.org/pmworks.html
PM-393-0521,393,ஸ்ரீகாஞ்சீபுரம் குமரகோட்டக்கலம்பகம்,சபாபதி முதலியார்,பிரபந்தம் - கலம்பகம்,Tamil,https://projectmadurai.org/pm_etexts/pdf/pm0393.pdf,https://projectmadurai.org/pm_etexts/utf8/pmuni0393.html,True,AUTO_DOWNLOAD_PERMISSION_BEFORE_REDISTRIBUTION,CONTACT_PROJECT_COORDINATORS_AND_RETAIN_HEADERS,pmadurai@gmail.com,Freeze all available formats; preserve each header; request confirmation before Devam online redistribution and commercial use.,https://projectmadurai.org/pmworks.html
PM-394-0522,394,நாடகக் கலை,அவ்வை டி கே. சண்முகம்,நாடக இயல்,Tamil,https://projectmadurai.org/pm_etexts/pdf/pm0394.pdf,https://projectmadurai.org/pm_etexts/utf8/pmuni0394.html,True,AUTO_DOWNLOAD_PERMISSION_BEFORE_REDISTRIBUTION,CONTACT_PROJECT_COORDINATORS_AND_RETAIN_HEADERS,pmadurai@gmail.com,Freeze all available formats; preserve each header; request confirmation before Devam online redistribution and commercial use.,https://projectmadurai.org/pmworks.html
PM-395-0523,395,திருமந்திர ஆராய்ச்சியும் ஒப்புமைப்பகுதியும்,வ. சு. செங்கல்வராய பிள்ளை,சமயம் - சைவம்,Tamil,https://projectmadurai.org/pm_etexts/pdf/pm0395_01.pdf,https://projectmadurai.org/pm_etexts/utf8/pmuni0395_01.html,True,AUTO_DOWNLOAD_PERMISSION_BEFORE_REDISTRIBUTION,CONTACT_PROJECT_COORDINATORS_AND_RETAIN_HEADERS,pmadurai@gmail.com,Freeze all available formats; preserve each header; request confirmation before Devam online redistribution and commercial use.,https://projectmadurai.org/pmworks.html
PM-395-0524,395,காலனைக் கட்டியடக்கிய கடோரசித்தன் கதை,வ. சு. செங்கல்வராய பிள்ளை,கதை,Tamil,https://projectmadurai.org/pm_etexts/pdf/pm0395_02.pdf,https://projectmadurai.org/pm_etexts/utf8/pmuni0395_02.html,True,AUTO_DOWNLOAD_PERMISSION_BEFORE_REDISTRIBUTION,CONTACT_PROJECT_COORDINATORS_AND_RETAIN_HEADERS,pmadurai@gmail.com,Freeze all available formats; preserve each header; request confirmation before Devam online redistribution and commercial use.,https://projectmadurai.org/pmworks.html
PM-395-0525,395,தனிப்பாடல்கள்,வ. சு. செங்கல்வராய பிள்ளை,பாடல்கள்,Tamil,https://projectmadurai.org/pm_etexts/pdf/pm0395_03.pdf,https://projectmadurai.org/pm_etexts/utf8/pmuni0395_03.html,True,AUTO_DOWNLOAD_PERMISSION_BEFORE_REDISTRIBUTION,CONTACT_PROJECT_COORDINATORS_AND_RETAIN_HEADERS,pmadurai@gmail.com,Freeze all available formats; preserve each header; request confirmation before Devam online redistribution and commercial use.,https://projectmadurai.org/pmworks.html
PM-396-0526,396,ஆதவன் சிறுகதைகள்,இந்திரா பார்த்தசாரதி,சிறுகதைகள் - தொகுப்பு,Tamil,https://projectmadurai.org/pm_etexts/pdf/pm0396.pdf,https://projectmadurai.org/pm_etexts/utf8/pmuni0396.html,True,AUTO_DOWNLOAD_PERMISSION_BEFORE_REDISTRIBUTION,CONTACT_PROJECT_COORDINATORS_AND_RETAIN_HEADERS,pmadurai@gmail.com,Freeze all available formats; preserve each header; request confirmation before Devam online redistribution and commercial use.,https://projectmadurai.org/pmworks.html
PM-397-0527,397,தணிகைப் பத்து,வ. சு. செங்கல்வராய பிள்ளை,சமயம் - சைவம்,Tamil,https://projectmadurai.org/pm_etexts/pdf/pm0397_01.pdf,https://projectmadurai.org/pm_etexts/utf8/pmuni0397_01.html,True,AUTO_DOWNLOAD_PERMISSION_BEFORE_REDISTRIBUTION,CONTACT_PROJECT_COORDINATORS_AND_RETAIN_HEADERS,pmadurai@gmail.com,Freeze all available formats; preserve each header; request confirmation before Devam online redistribution and commercial use.,https://projectmadurai.org/pmworks.html
PM-397-0528,397,திருப்புகழ்ப் பதிப்பாசிரியர் வரலாறு,வ. சு. செங்கல்வராய பிள்ளை,சமயம் - சைவம்,Tamil,https://projectmadurai.org/pm_etexts/pdf/pm0397_02.pdf,https://projectmadurai.org/pm_etexts/utf8/pmuni0397_02.html,True,AUTO_DOWNLOAD_PERMISSION_BEFORE_REDISTRIBUTION,CONTACT_PROJECT_COORDINATORS_AND_RETAIN_HEADERS,pmadurai@gmail.com,Freeze all available formats; preserve each header; request confirmation before Devam online redistribution and commercial use.,https://projectmadurai.org/pmworks.html
PM-397-0529,397,காசி மஹாத்மியம்,வ. சு. செங்கல்வராய பிள்ளை,சமயம் - சைவம்,Tamil,https://projectmadurai.org/pm_etexts/pdf/pm0397_03.pdf,https://projectmadurai.org/pm_etexts/utf8/pmuni0397_03.html,True,AUTO_DOWNLOAD_PERMISSION_BEFORE_REDISTRIBUTION,CONTACT_PROJECT_COORDINATORS_AND_RETAIN_HEADERS,pmadurai@gmail.com,Freeze all available formats; preserve each header; request confirmation before Devam online redistribution and commercial use.,https://projectmadurai.org/pmworks.html
PM-398-0530,398,வங்கச் சிறுகதைகள் (வங்கத்திலிருந்து தமிழாக்கம்),சு.கிருஷ்ணமூர்த்தி,சிறுகதை தொகுப்பு; மொழிபெயர்ப்பு,Tamil,https://projectmadurai.org/pm_etexts/pdf/pm0398_01.pdf | https://projectmadurai.org/pm_etexts/pdf/pm0398_02.pdf,https://projectmadurai.org/pm_etexts/utf8/pmuni0398_01.html | https://projectmadurai.org/pm_etexts/utf8/pmuni0398_02.html,True,AUTO_DOWNLOAD_PERMISSION_BEFORE_REDISTRIBUTION,CONTACT_PROJECT_COORDINATORS_AND_RETAIN_HEADERS,pmadurai@gmail.com,Freeze all available formats; preserve each header; request confirmation before Devam online redistribution and commercial use.,https://projectmadurai.org/pmworks.html
PM-399-0531,399,நன்மதி வெண்பா (சுமதி சதகம் / தமிழில் மொழி பெயர்ப்பு),எம்.ஆர். ஸ்ரீநிவாசய்யங்கார்,பிரபந்தம் - சதகம்; மொழிபெயர்ப்பு,Tamil,https://projectmadurai.org/pm_etexts/pdf/pm0399.pdf,https://projectmadurai.org/pm_etexts/utf8/pmuni0399.html,True,AUTO_DOWNLOAD_PERMISSION_BEFORE_REDISTRIBUTION,CONTACT_PROJECT_COORDINATORS_AND_RETAIN_HEADERS,pmadurai@gmail.com,Freeze all available formats; preserve each header; request confirmation before Devam online redistribution and commercial use.,https://projectmadurai.org/pmworks.html
PM-400-0532,400,அருணகிரிநாதர் போற்றி அகவல்,வ. சு. செங்கல்வராய பிள்ளை,பிரபந்தம் - அகவல்,Tamil,https://projectmadurai.org/pm_etexts/pdf/pm0400_01.pdf,https://projectmadurai.org/pm_etexts/utf8/pmuni0400_01.html,True,AUTO_DOWNLOAD_PERMISSION_BEFORE_REDISTRIBUTION,CONTACT_PROJECT_COORDINATORS_AND_RETAIN_HEADERS,pmadurai@gmail.com,Freeze all available formats; preserve each header; request confirmation before Devam online redistribution and commercial use.,https://projectmadurai.org/pmworks.html
PM-400-0533,400,திருத்தணிகைப் புராணச் சுருக்கம்,வ. சு. செங்கல்வராய பிள்ளை,புராணச் சுருக்கம்,Tamil,https://projectmadurai.org/pm_etexts/pdf/pm0400_02.pdf,https://projectmadurai.org/pm_etexts/utf8/pmuni0400_02.html,True,AUTO_DOWNLOAD_PERMISSION_BEFORE_REDISTRIBUTION,CONTACT_PROJECT_COORDINATORS_AND_RETAIN_HEADERS,pmadurai@gmail.com,Freeze all available formats; preserve each header; request confirmation before Devam online redistribution and commercial use.,https://projectmadurai.org/pmworks.html
PM-400-0534,400,அருணகிரிநாதர் - வரலாறும் நூலாராய்ச்சியும்,வ. சு. செங்கல்வராய பிள்ளை,வரலாறு / சரித்திரம்,Tamil,https://projectmadurai.org/pm_etexts/pdf/pm0400_03.pdf,https://projectmadurai.org/pm_etexts/utf8/pmuni0400_03.html,True,AUTO_DOWNLOAD_PERMISSION_BEFORE_REDISTRIBUTION,CONTACT_PROJECT_COORDINATORS_AND_RETAIN_HEADERS,pmadurai@gmail.com,Freeze all available formats; preserve each header; request confirmation before Devam online redistribution and commercial use.,https://projectmadurai.org/pmworks.html
PM-401-0535,401,குறிஞ்சி மலர்,தீபம் நா. பார்த்தசாரதி,சிறுகதைகள் தொகுப்பு,Tamil,https://projectmadurai.org/pm_etexts/pdf/pm0401_01.pdf | https://projectmadurai.org/pm_etexts/pdf/pm0401_02.pdf | https://projectmadurai.org/pm_etexts/pdf/pm0401_03.pdf,https://projectmadurai.org/pm_etexts/utf8/pmuni0401_01.html | https://projectmadurai.org/pm_etexts/utf8/pmuni0401_02.html | https://projectmadurai.org/pm_etexts/utf8/pmuni0401_03.html,True,AUTO_DOWNLOAD_PERMISSION_BEFORE_REDISTRIBUTION,CONTACT_PROJECT_COORDINATORS_AND_RETAIN_HEADERS,pmadurai@gmail.com,Freeze all available formats; preserve each header; request confirmation before Devam online redistribution and commercial use.,https://projectmadurai.org/pmworks.html
PM-402-0536,402,ஆத்மாவின் ராகங்கள்,தீபம் நா. பார்த்தசாரதி,சிறுகதைகள் தொகுப்பு,Tamil,https://projectmadurai.org/pm_etexts/pdf/pm0402.pdf,https://projectmadurai.org/pm_etexts/utf8/pmuni0402.html,True,AUTO_DOWNLOAD_PERMISSION_BEFORE_REDISTRIBUTION,CONTACT_PROJECT_COORDINATORS_AND_RETAIN_HEADERS,pmadurai@gmail.com,Freeze all available formats; preserve each header; request confirmation before Devam online redistribution and commercial use.,https://projectmadurai.org/pmworks.html
PM-403-0537,403,பிரபுலிங்க லீலை / பாகம் 1 (கதிகள் 1- 10) / பாகம் 2 (கதிகள் 10- 25),துறைமங்கலம் சிவப்பிரகாச சுவாமிகள்,சமயம் - சைவம்,Tamil,https://projectmadurai.org/pm_etexts/pdf/pm0403_01.pdf | https://projectmadurai.org/pm_etexts/pdf/pm0403_02.pdf,https://projectmadurai.org/pm_etexts/utf8/pmuni0403_01.html | https://projectmadurai.org/pm_etexts/utf8/pmuni0403_02.html,True,AUTO_DOWNLOAD_PERMISSION_BEFORE_REDISTRIBUTION,CONTACT_PROJECT_COORDINATORS_AND_RETAIN_HEADERS,pmadurai@gmail.com,Freeze all available formats; preserve each header; request confirmation before Devam online redistribution and commercial use.,https://projectmadurai.org/pmworks.html
PM-404-0538,404,சேரன் செங்குட்டுவன்,மு. இராகவ ஐயங்கார்,வரலாறு / சரித்திரம்,Tamil,https://projectmadurai.org/pm_etexts/pdf/pm0404.pdf,https://projectmadurai.org/pm_etexts/utf8/pmuni0404.html,True,AUTO_DOWNLOAD_PERMISSION_BEFORE_REDISTRIBUTION,CONTACT_PROJECT_COORDINATORS_AND_RETAIN_HEADERS,pmadurai@gmail.com,Freeze all available formats; preserve each header; request confirmation before Devam online redistribution and commercial use.,https://projectmadurai.org/pmworks.html
PM-405-0539,405,இரகுநாதசேதுபதி ஒருதுறைக்கோவை,பொன்னாங்கால் அமிர்தகவிராயரவர்,பிரபந்தம் - கோவை,Tamil,https://projectmadurai.org/pm_etexts/pdf/pm0405.pdf,https://projectmadurai.org/pm_etexts/utf8/pmuni0405.html,True,AUTO_DOWNLOAD_PERMISSION_BEFORE_REDISTRIBUTION,CONTACT_PROJECT_COORDINATORS_AND_RETAIN_HEADERS,pmadurai@gmail.com,Freeze all available formats; preserve each header; request confirmation before Devam online redistribution and commercial use.,https://projectmadurai.org/pmworks.html
PM-406-0540,406,பஞ்சதந்திரக் கதை - தமிழாக்கம்,தாண்டவராய முதலியார்/விஷ்ணு சர்மா,கதை,Tamil,https://projectmadurai.org/pm_etexts/pdf/pm0406.pdf,https://projectmadurai.org/pm_etexts/utf8/pmuni0406.html,True,AUTO_DOWNLOAD_PERMISSION_BEFORE_REDISTRIBUTION,CONTACT_PROJECT_COORDINATORS_AND_RETAIN_HEADERS,pmadurai@gmail.com,Freeze all available formats; preserve each header; request confirmation before Devam online redistribution and commercial use.,https://projectmadurai.org/pmworks.html
PM-407-0541,407,இரண்டு நண்பர்கள் (நாடகம்),பம்மல் சம்பந்த முதலியார்,நாடகம்,Tamil,https://projectmadurai.org/pm_etexts/pdf/pm0407.pdf,https://projectmadurai.org/pm_etexts/utf8/pmuni0407.html,True,AUTO_DOWNLOAD_PERMISSION_BEFORE_REDISTRIBUTION,CONTACT_PROJECT_COORDINATORS_AND_RETAIN_HEADERS,pmadurai@gmail.com,Freeze all available formats; preserve each header; request confirmation before Devam online redistribution and commercial use.,https://projectmadurai.org/pmworks.html
PM-408-0542,408,மகாராஜா துறவு,குமாரதேவர்,நீதிநெறி நூல்கள்; சமயம் - சைவம்,Tamil,https://projectmadurai.org/pm_etexts/pdf/pm0408.pdf,https://projectmadurai.org/pm_etexts/utf8/pmuni0408.html,True,AUTO_DOWNLOAD_PERMISSION_BEFORE_REDISTRIBUTION,CONTACT_PROJECT_COORDINATORS_AND_RETAIN_HEADERS,pmadurai@gmail.com,Freeze all available formats; preserve each header; request confirmation before Devam online redistribution and commercial use.,https://projectmadurai.org/pmworks.html
PM-409-0543,409,விஜய ரங்கம் (நாடகம்),பம்மல் சம்பந்த முதலியார்,நாடகம்,Tamil,https://projectmadurai.org/pm_etexts/pdf/pm0409.pdf,https://projectmadurai.org/pm_etexts/utf8/pmuni0409.html,True,AUTO_DOWNLOAD_PERMISSION_BEFORE_REDISTRIBUTION,CONTACT_PROJECT_COORDINATORS_AND_RETAIN_HEADERS,pmadurai@gmail.com,Freeze all available formats; preserve each header; request confirmation before Devam online redistribution and commercial use.,https://projectmadurai.org/pmworks.html
PM-410-0544,410,சிதம்பரப்பாட்டியல் (மு. இராகவ ஐயங்கார் உரையுடன்),பரஞ்சோதியார்,இலக்கணம்,Tamil,https://projectmadurai.org/pm_etexts/pdf/pm0410.pdf,https://projectmadurai.org/pm_etexts/utf8/pmuni0410.html,True,AUTO_DOWNLOAD_PERMISSION_BEFORE_REDISTRIBUTION,CONTACT_PROJECT_COORDINATORS_AND_RETAIN_HEADERS,pmadurai@gmail.com,Freeze all available formats; preserve each header; request confirmation before Devam online redistribution and commercial use.,https://projectmadurai.org/pmworks.html
PM-411-0545,411,புதிய தமிழ்ச் சிறுகதைகள்,அசோகமித்திரன்,சிறுகதைகள் தொகுப்பு,Tamil,https://projectmadurai.org/pm_etexts/pdf/pm0411.pdf,https://projectmadurai.org/pm_etexts/utf8/pmuni0411.html,True,AUTO_DOWNLOAD_PERMISSION_BEFORE_REDISTRIBUTION,CONTACT_PROJECT_COORDINATORS_AND_RETAIN_HEADERS,pmadurai@gmail.com,Freeze all available formats; preserve each header; request confirmation before Devam online redistribution and commercial use.,https://projectmadurai.org/pmworks.html
PM-412-0546,412,கன்னித்தமிழ் (கட்டுரைகள்),கி. வா. ஜகந்நாதன்,இலக்கியக் கட்டுரைகள்,Tamil,https://projectmadurai.org/pm_etexts/pdf/pm0412.pdf,https://projectmadurai.org/pm_etexts/utf8/pmuni0412.html,True,AUTO_DOWNLOAD_PERMISSION_BEFORE_REDISTRIBUTION,CONTACT_PROJECT_COORDINATORS_AND_RETAIN_HEADERS,pmadurai@gmail.com,Freeze all available formats; preserve each header; request confirmation before Devam online redistribution and commercial use.,https://projectmadurai.org/pmworks.html
PM-413-0547,413,வேளிர் வரலாறு,மு. இராகவயங்கார்,வரலாறு / சரித்திரம்,Tamil,https://projectmadurai.org/pm_etexts/pdf/pm0413.pdf,https://projectmadurai.org/pm_etexts/utf8/pmuni0413.html,True,AUTO_DOWNLOAD_PERMISSION_BEFORE_REDISTRIBUTION,CONTACT_PROJECT_COORDINATORS_AND_RETAIN_HEADERS,pmadurai@gmail.com,Freeze all available formats; preserve each header; request confirmation before Devam online redistribution and commercial use.,https://projectmadurai.org/pmworks.html
PM-414-0548,414,இராமாயணம் /1. பாலகாண்டம் /பாகம் 1(படலங்கள் 1-10),கம்பர்,இதிகாசம்,Tamil,https://projectmadurai.org/pm_etexts/pdf/pm0414_01.pdf,https://projectmadurai.org/pm_etexts/utf8/pmuni0414_01.html,True,AUTO_DOWNLOAD_PERMISSION_BEFORE_REDISTRIBUTION,CONTACT_PROJECT_COORDINATORS_AND_RETAIN_HEADERS,pmadurai@gmail.com,Freeze all available formats; preserve each header; request confirmation before Devam online redistribution and commercial use.,https://projectmadurai.org/pmworks.html
PM-414-0549,414,இராமாயணம் /1. பாலகாண்டம் /பாகம் 2 (படலங்கள் 11-22),கம்பர்,இதிகாசம்,Tamil,https://projectmadurai.org/pm_etexts/pdf/pm0414_02.pdf,https://projectmadurai.org/pm_etexts/utf8/pmuni0414_02.html,True,AUTO_DOWNLOAD_PERMISSION_BEFORE_REDISTRIBUTION,CONTACT_PROJECT_COORDINATORS_AND_RETAIN_HEADERS,pmadurai@gmail.com,Freeze all available formats; preserve each header; request confirmation before Devam online redistribution and commercial use.,https://projectmadurai.org/pmworks.html
PM-415-0550,415,விக்ரம சோழன் உலா (ஆங்கில மொழிபெயர்ப்பு),கௌசல்யா ஹார்ட்,பிரபந்தம் - உலா; மொழிபெயர்ப்பு,Tamil,https://projectmadurai.org/pm_etexts/pdf/pm0415_01.pdf,https://projectmadurai.org/pm_etexts/utf8/pmuni0415_01.html,True,AUTO_DOWNLOAD_PERMISSION_BEFORE_REDISTRIBUTION,CONTACT_PROJECT_COORDINATORS_AND_RETAIN_HEADERS,pmadurai@gmail.com,Freeze all available formats; preserve each header; request confirmation before Devam online redistribution and commercial use.,https://projectmadurai.org/pmworks.html
PM-415-0551,415,மதுரை மீனாட்சியம்மை; இரட்டைமணி மாலை; மீனாட்சியம்மை குறம் (ஆங்கில மொழிபெயர்ப்பு),கௌசல்யா ஹார்ட்,பிரபந்தம் - மாலை; குறம்; மொழிபெயர்ப்பு,Tamil,https://projectmadurai.org/pm_etexts/pdf/pm0415_02.pdf,https://projectmadurai.org/pm_etexts/utf8/pmuni0415_02.html,True,AUTO_DOWNLOAD_PERMISSION_BEFORE_REDISTRIBUTION,CONTACT_PROJECT_COORDINATORS_AND_RETAIN_HEADERS,pmadurai@gmail.com,Freeze all available formats; preserve each header; request confirmation before Devam online redistribution and commercial use.,https://projectmadurai.org/pmworks.html
PM-415-0552,415,மதுரை மீனாட்சியம்மை பிள்ளைத்தமிழ் (ஆங்கில மொழிபெயர்ப்பு),கௌசல்யா ஹார்ட்,பிரபந்தம் - பிள்ளைத்தமிழ்; மொழிபெயர்ப்பு,Tamil,https://projectmadurai.org/pm_etexts/pdf/pm0415_03.pdf,https://projectmadurai.org/pm_etexts/utf8/pmuni0415_03.html,True,AUTO_DOWNLOAD_PERMISSION_BEFORE_REDISTRIBUTION,CONTACT_PROJECT_COORDINATORS_AND_RETAIN_HEADERS,pmadurai@gmail.com,Freeze all available formats; preserve each header; request confirmation before Devam online redistribution and commercial use.,https://projectmadurai.org/pmworks.html
PM-416-0553,416,காகித மாளிகை,முப்பாள ரங்கநாயகம்மா / பா.பாலசுப்பிரமணியன்,மொழிபெயர்ப்பு ( தெலுங்கு நாவல்),Tamil,https://projectmadurai.org/pm_etexts/pdf/pm0416.pdf,https://projectmadurai.org/pm_etexts/utf8/pmuni0416.html,True,AUTO_DOWNLOAD_PERMISSION_BEFORE_REDISTRIBUTION,CONTACT_PROJECT_COORDINATORS_AND_RETAIN_HEADERS,pmadurai@gmail.com,Freeze all available formats; preserve each header; request confirmation before Devam online redistribution and commercial use.,https://projectmadurai.org/pmworks.html
PM-417-0554,417,இரத்தினபுரிப் புராணம்,தீர்த்தகிரித் தேசிகர் / கந்தசாமி உபாத்தியாயர்,புராணம்,Tamil,https://projectmadurai.org/pm_etexts/pdf/pm0417.pdf,https://projectmadurai.org/pm_etexts/utf8/pmuni0417.html,True,AUTO_DOWNLOAD_PERMISSION_BEFORE_REDISTRIBUTION,CONTACT_PROJECT_COORDINATORS_AND_RETAIN_HEADERS,pmadurai@gmail.com,Freeze all available formats; preserve each header; request confirmation before Devam online redistribution and commercial use.,https://projectmadurai.org/pmworks.html
PM-418-0555,418,கரிகால் வளவன்,கி. வா. ஜகன்னாதன்,இலக்கியக் கட்டுரைகள்,Tamil,https://projectmadurai.org/pm_etexts/pdf/pm0418.pdf,https://projectmadurai.org/pm_etexts/utf8/pmuni0418.html,True,AUTO_DOWNLOAD_PERMISSION_BEFORE_REDISTRIBUTION,CONTACT_PROJECT_COORDINATORS_AND_RETAIN_HEADERS,pmadurai@gmail.com,Freeze all available formats; preserve each header; request confirmation before Devam online redistribution and commercial use.,https://projectmadurai.org/pmworks.html
PM-419-0556,419,வம்ச விருத்தி,அ. முத்துலிங்கம்,சிறுகதைகள் தொகுப்பு,Tamil,https://projectmadurai.org/pm_etexts/pdf/pm0419.pdf,https://projectmadurai.org/pm_etexts/utf8/pmuni0419.html,True,AUTO_DOWNLOAD_PERMISSION_BEFORE_REDISTRIBUTION,CONTACT_PROJECT_COORDINATORS_AND_RETAIN_HEADERS,pmadurai@gmail.com,Freeze all available formats; preserve each header; request confirmation before Devam online redistribution and commercial use.,https://projectmadurai.org/pmworks.html
PM-420-0557,420,வடக்கு வீதி (சிறுகதைத் தொகுப்பு),அ. முத்துலிங்கம்,சிறுகதைகள் தொகுப்பு,Tamil,https://projectmadurai.org/pm_etexts/pdf/pm0420.pdf,https://projectmadurai.org/pm_etexts/utf8/pmuni0420.html,True,AUTO_DOWNLOAD_PERMISSION_BEFORE_REDISTRIBUTION,CONTACT_PROJECT_COORDINATORS_AND_RETAIN_HEADERS,pmadurai@gmail.com,Freeze all available formats; preserve each header; request confirmation before Devam online redistribution and commercial use.,https://projectmadurai.org/pmworks.html
PM-421-0558,421,ஹரிச்சந்திரா (நாடகம்),பம்மல் சம்பந்த முதலியார்,நாடகம்,Tamil,https://projectmadurai.org/pm_etexts/pdf/pm0421.pdf,https://projectmadurai.org/pm_etexts/utf8/pmuni0421.html,True,AUTO_DOWNLOAD_PERMISSION_BEFORE_REDISTRIBUTION,CONTACT_PROJECT_COORDINATORS_AND_RETAIN_HEADERS,pmadurai@gmail.com,Freeze all available formats; preserve each header; request confirmation before Devam online redistribution and commercial use.,https://projectmadurai.org/pmworks.html
PM-422-0559,422,இராமாயணம் /2. அயோத்தியா காண்டம்/பாகம் 1(படலங்கள் 1-5),கம்பர்,இதிகாசம்,Tamil,https://projectmadurai.org/pm_etexts/pdf/pm0422_01.pdf,https://projectmadurai.org/pm_etexts/utf8/pmuni0422_01.html,True,AUTO_DOWNLOAD_PERMISSION_BEFORE_REDISTRIBUTION,CONTACT_PROJECT_COORDINATORS_AND_RETAIN_HEADERS,pmadurai@gmail.com,Freeze all available formats; preserve each header; request confirmation before Devam online redistribution and commercial use.,https://projectmadurai.org/pmworks.html
PM-422-0560,422,இராமாயணம் /2. அயோத்தியா காண்டம்/பாகம் 2(படலங்கள் 6-12),கம்பர்,இதிகாசம்,Tamil,https://projectmadurai.org/pm_etexts/pdf/pm0422_02.pdf,https://projectmadurai.org/pm_etexts/utf8/pmuni0422_02.html,True,AUTO_DOWNLOAD_PERMISSION_BEFORE_REDISTRIBUTION,CONTACT_PROJECT_COORDINATORS_AND_RETAIN_HEADERS,pmadurai@gmail.com,Freeze all available formats; preserve each header; request confirmation before Devam online redistribution and commercial use.,https://projectmadurai.org/pmworks.html
PM-423-0561,423,மகபதி (நாடகம்),பம்மல் சம்பந்த முதலியார்,நாடகம்,Tamil,https://projectmadurai.org/pm_etexts/pdf/pm0423.pdf,https://projectmadurai.org/pm_etexts/utf8/pmuni0423.html,True,AUTO_DOWNLOAD_PERMISSION_BEFORE_REDISTRIBUTION,CONTACT_PROJECT_COORDINATORS_AND_RETAIN_HEADERS,pmadurai@gmail.com,Freeze all available formats; preserve each header; request confirmation before Devam online redistribution and commercial use.,https://projectmadurai.org/pmworks.html
PM-424-0562,424,குமரியின் மூக்குத்தி (சிறுகதைகள்),கி. வா. ஜகன்னாதன்,சிறுகதைகள் தொகுப்பு,Tamil,https://projectmadurai.org/pm_etexts/pdf/pm0424.pdf,https://projectmadurai.org/pm_etexts/utf8/pmuni0424.html,True,AUTO_DOWNLOAD_PERMISSION_BEFORE_REDISTRIBUTION,CONTACT_PROJECT_COORDINATORS_AND_RETAIN_HEADERS,pmadurai@gmail.com,Freeze all available formats; preserve each header; request confirmation before Devam online redistribution and commercial use.,https://projectmadurai.org/pmworks.html
PM-425-0563,425,சபாபதி (நாடகம்),பம்மல் சம்பந்த முதலியார்,நாடகம்,Tamil,https://projectmadurai.org/pm_etexts/pdf/pm0425.pdf,https://projectmadurai.org/pm_etexts/utf8/pmuni0425.html,True,AUTO_DOWNLOAD_PERMISSION_BEFORE_REDISTRIBUTION,CONTACT_PROJECT_COORDINATORS_AND_RETAIN_HEADERS,pmadurai@gmail.com,Freeze all available formats; preserve each header; request confirmation before Devam online redistribution and commercial use.,https://projectmadurai.org/pmworks.html
PM-426-0564,426,யயாதி (நாடகம்),பம்மல் சம்பந்த முதலியார்,நாடகம்,Tamil,https://projectmadurai.org/pm_etexts/pdf/pm0426.pdf,https://projectmadurai.org/pm_etexts/utf8/pmuni0426.html,True,AUTO_DOWNLOAD_PERMISSION_BEFORE_REDISTRIBUTION,CONTACT_PROJECT_COORDINATORS_AND_RETAIN_HEADERS,pmadurai@gmail.com,Freeze all available formats; preserve each header; request confirmation before Devam online redistribution and commercial use.,https://projectmadurai.org/pmworks.html
PM-427-0565,427,தமிழர் வீரம்,ரா.பி. சேதுப்பிள்ளை,இலக்கியக் கட்டுரைகள்,Tamil,https://projectmadurai.org/pm_etexts/pdf/pm0427.pdf,https://projectmadurai.org/pm_etexts/utf8/pmuni0427.html,True,AUTO_DOWNLOAD_PERMISSION_BEFORE_REDISTRIBUTION,CONTACT_PROJECT_COORDINATORS_AND_RETAIN_HEADERS,pmadurai@gmail.com,Freeze all available formats; preserve each header; request confirmation before Devam online redistribution and commercial use.,https://projectmadurai.org/pmworks.html
PM-428-0566,428,அமலாதித்யன் (நாடகம்),பம்மல் சம்பந்த முதலியார்,நாடகம்,Tamil,https://projectmadurai.org/pm_etexts/pdf/pm0428.pdf,https://projectmadurai.org/pm_etexts/utf8/pmuni0428.html,True,AUTO_DOWNLOAD_PERMISSION_BEFORE_REDISTRIBUTION,CONTACT_PROJECT_COORDINATORS_AND_RETAIN_HEADERS,pmadurai@gmail.com,Freeze all available formats; preserve each header; request confirmation before Devam online redistribution and commercial use.,https://projectmadurai.org/pmworks.html
PM-429-0567,429,சதி-சுலோசனா (நாடகம்),பம்மல் சம்பந்த முதலியார்,நாடகம்,Tamil,https://projectmadurai.org/pm_etexts/pdf/pm0429.pdf,https://projectmadurai.org/pm_etexts/utf8/pmuni0429.html,True,AUTO_DOWNLOAD_PERMISSION_BEFORE_REDISTRIBUTION,CONTACT_PROJECT_COORDINATORS_AND_RETAIN_HEADERS,pmadurai@gmail.com,Freeze all available formats; preserve each header; request confirmation before Devam online redistribution and commercial use.,https://projectmadurai.org/pmworks.html
PM-430-0568,430,இராமாயணம் /3. ஆரணிய காண்டம்/பாகம் 1(படலங்கள் 1-6),கம்பர்,இதிகாசம்,Tamil,https://projectmadurai.org/pm_etexts/pdf/pm0430.pdf,https://projectmadurai.org/pm_etexts/utf8/pmuni0430.html,True,AUTO_DOWNLOAD_PERMISSION_BEFORE_REDISTRIBUTION,CONTACT_PROJECT_COORDINATORS_AND_RETAIN_HEADERS,pmadurai@gmail.com,Freeze all available formats; preserve each header; request confirmation before Devam online redistribution and commercial use.,https://projectmadurai.org/pmworks.html
PM-431-0569,431,அகமும் புறமும் (இலக்கிய கட்டுரைகள்),அ. ச. ஞானசம்பந்தன்,இலக்கியக் கட்டுரைகள்,Tamil,https://projectmadurai.org/pm_etexts/pdf/pm0431.pdf,https://projectmadurai.org/pm_etexts/utf8/pmuni0431_01.html | https://projectmadurai.org/pm_etexts/utf8/pmuni0431_02.html,True,AUTO_DOWNLOAD_PERMISSION_BEFORE_REDISTRIBUTION,CONTACT_PROJECT_COORDINATORS_AND_RETAIN_HEADERS,pmadurai@gmail.com,Freeze all available formats; preserve each header; request confirmation before Devam online redistribution and commercial use.,https://projectmadurai.org/pmworks.html
PM-432-0570,432,நினைவு மஞ்சரி (கட்டுரைகள்),உ.வே.சாமிநாதையர்,இலக்கியக் கட்டுரைகள்,Tamil,https://projectmadurai.org/pm_etexts/pdf/pm0432.pdf,https://projectmadurai.org/pm_etexts/utf8/pmuni0432.html,True,AUTO_DOWNLOAD_PERMISSION_BEFORE_REDISTRIBUTION,CONTACT_PROJECT_COORDINATORS_AND_RETAIN_HEADERS,pmadurai@gmail.com,Freeze all available formats; preserve each header; request confirmation before Devam online redistribution and commercial use.,https://projectmadurai.org/pmworks.html
PM-433-0571,433,நல்லுரைக்கோவை (கட்டுரைகள்),உ.வே.சாமிநாதையர்,இலக்கியக் கட்டுரைகள்,Tamil,https://projectmadurai.org/pm_etexts/pdf/pm0433.pdf,https://projectmadurai.org/pm_etexts/utf8/pmuni0433.html,True,AUTO_DOWNLOAD_PERMISSION_BEFORE_REDISTRIBUTION,CONTACT_PROJECT_COORDINATORS_AND_RETAIN_HEADERS,pmadurai@gmail.com,Freeze all available formats; preserve each header; request confirmation before Devam online redistribution and commercial use.,https://projectmadurai.org/pmworks.html
PM-434-0572,434,பஞ்சாபிக் கதைகள்,ஹர்பஜன் சிங் / வீழிநாதன்,சிறுகதைகள் (மொழிபெயர்ப்பு),Tamil,https://projectmadurai.org/pm_etexts/pdf/pm0434.pdf,https://projectmadurai.org/pm_etexts/utf8/pmuni0434.html,True,AUTO_DOWNLOAD_PERMISSION_BEFORE_REDISTRIBUTION,CONTACT_PROJECT_COORDINATORS_AND_RETAIN_HEADERS,pmadurai@gmail.com,Freeze all available formats; preserve each header; request confirmation before Devam online redistribution and commercial use.,https://projectmadurai.org/pmworks.html
PM-435-0573,435,"பணமுப்பது என்னும் காசின்மகிமை""""",திருக்கணமங்கை தனவந்தரி ஸ்ரீ இராகவாசாரியார்,இலக்கியம்,Tamil,https://projectmadurai.org/pm_etexts/pdf/pm0435.pdf,https://projectmadurai.org/pm_etexts/utf8/pmuni0435.html,True,AUTO_DOWNLOAD_PERMISSION_BEFORE_REDISTRIBUTION,CONTACT_PROJECT_COORDINATORS_AND_RETAIN_HEADERS,pmadurai@gmail.com,Freeze all available formats; preserve each header; request confirmation before Devam online redistribution and commercial use.,https://projectmadurai.org/pmworks.html
PM-436-0574,436,"1. பிக்ஷாடன நவமணி மாலை, 2. இட்டலிங்க நிரஞ்சன மாலை 3. இட்டலிங்க கைத்தல மாலை 4. இட்ட லிங்க அபிடேக மாலை 5. சிவநாம மகிமை 6. இட்டலிங்க நெடுங்கழிநெடில் 7. இட்டலிங்க குறுங்கழிநெடில்",துறைமங்கலம் சிவப்பிரகாச சுவாமிகள்,பிரபந்தம் - மாலை (4); நெடில் (2),Tamil,https://projectmadurai.org/pm_etexts/pdf/pm0436.pdf,https://projectmadurai.org/pm_etexts/utf8/pmuni0436.html,True,AUTO_DOWNLOAD_PERMISSION_BEFORE_REDISTRIBUTION,CONTACT_PROJECT_COORDINATORS_AND_RETAIN_HEADERS,pmadurai@gmail.com,Freeze all available formats; preserve each header; request confirmation before Devam online redistribution and commercial use.,https://projectmadurai.org/pmworks.html
PM-437-0575,437,திகடசக்கரம்,அ. முத்துலிங்கம்,சிறுகதைகள் தொகுப்பு,Tamil,https://projectmadurai.org/pm_etexts/pdf/pm0437.pdf,https://projectmadurai.org/pm_etexts/utf8/pmuni0437.html,True,AUTO_DOWNLOAD_PERMISSION_BEFORE_REDISTRIBUTION,CONTACT_PROJECT_COORDINATORS_AND_RETAIN_HEADERS,pmadurai@gmail.com,Freeze all available formats; preserve each header; request confirmation before Devam online redistribution and commercial use.,https://projectmadurai.org/pmworks.html
PM-438-0576,438,தனி வீடு (சொற்பொழிவுகள்),கி. வா. ஜகந்நாதன்,சொற்பொழிவுகள்,Tamil,https://projectmadurai.org/pm_etexts/pdf/pm0438.pdf,https://projectmadurai.org/pm_etexts/utf8/pmuni0438.html,True,AUTO_DOWNLOAD_PERMISSION_BEFORE_REDISTRIBUTION,CONTACT_PROJECT_COORDINATORS_AND_RETAIN_HEADERS,pmadurai@gmail.com,Freeze all available formats; preserve each header; request confirmation before Devam online redistribution and commercial use.,https://projectmadurai.org/pmworks.html
PM-439-0577,439,மதுரை சொக்கநாதர் உலா (உ.வே. சாமிநாதையர் குறிப்புரையுடன்),புராண திருமலைநாதர்,பிரபந்தம் - உலா,Tamil,https://projectmadurai.org/pm_etexts/pdf/pm0439.pdf,https://projectmadurai.org/pm_etexts/utf8/pmuni0439.html,True,AUTO_DOWNLOAD_PERMISSION_BEFORE_REDISTRIBUTION,CONTACT_PROJECT_COORDINATORS_AND_RETAIN_HEADERS,pmadurai@gmail.com,Freeze all available formats; preserve each header; request confirmation before Devam online redistribution and commercial use.,https://projectmadurai.org/pmworks.html
PM-440-0578,440,மதுரை சொக்கநாதர் உலா - ஆங்கில மொழிபெயர்ப்பு (கௌசல்யா ஹார்ட்),புராண திருமலைநாதர்,பிரபந்தம் - உலா,Tamil,https://projectmadurai.org/pm_etexts/pdf/pm0440.pdf,https://projectmadurai.org/pm_etexts/utf8/pmuni0440.html,True,AUTO_DOWNLOAD_PERMISSION_BEFORE_REDISTRIBUTION,CONTACT_PROJECT_COORDINATORS_AND_RETAIN_HEADERS,pmadurai@gmail.com,Freeze all available formats; preserve each header; request confirmation before Devam online redistribution and commercial use.,https://projectmadurai.org/pmworks.html
PM-441-0579,441,நல்லுரைக்கோவை (கட்டுரைகள்) பாகம் - 3,உ.வே.சாமிநாதையர்,இலக்கியக் கட்டுரைகள்,Tamil,https://projectmadurai.org/pm_etexts/pdf/pm0441.pdf,https://projectmadurai.org/pm_etexts/utf8/pmuni0441.html,True,AUTO_DOWNLOAD_PERMISSION_BEFORE_REDISTRIBUTION,CONTACT_PROJECT_COORDINATORS_AND_RETAIN_HEADERS,pmadurai@gmail.com,Freeze all available formats; preserve each header; request confirmation before Devam online redistribution and commercial use.,https://projectmadurai.org/pmworks.html
PM-442-0580,442,நல்லுரைக்கோவை (கட்டுரைகள்) பாகம் - 4,உ.வே.சாமிநாதையர்,இலக்கியக் கட்டுரைகள்,Tamil,https://projectmadurai.org/pm_etexts/pdf/pm0442.pdf,https://projectmadurai.org/pm_etexts/utf8/pmuni0442.html,True,AUTO_DOWNLOAD_PERMISSION_BEFORE_REDISTRIBUTION,CONTACT_PROJECT_COORDINATORS_AND_RETAIN_HEADERS,pmadurai@gmail.com,Freeze all available formats; preserve each header; request confirmation before Devam online redistribution and commercial use.,https://projectmadurai.org/pmworks.html
PM-443-0581,443,அரும்பு அம்புகள் (நாவல்) - 2 பாகங்கள்,கல்கி கிருஷ்ணமூர்த்தி,நாவல் / புதினம்,Tamil,https://projectmadurai.org/pm_etexts/pdf/pm0443_01.pdf | https://projectmadurai.org/pm_etexts/pdf/pm0443_02.pdf,https://projectmadurai.org/pm_etexts/utf8/pmuni0443_01.html | https://projectmadurai.org/pm_etexts/utf8/pmuni0443_02.html,True,AUTO_DOWNLOAD_PERMISSION_BEFORE_REDISTRIBUTION,CONTACT_PROJECT_COORDINATORS_AND_RETAIN_HEADERS,pmadurai@gmail.com,Freeze all available formats; preserve each header; request confirmation before Devam online redistribution and commercial use.,https://projectmadurai.org/pmworks.html
PM-444-0582,444,குமரேச சதகம்,குருபாத தாசர்,பிரபந்தம் - சதகம்,Tamil,https://projectmadurai.org/pm_etexts/pdf/pm0444.pdf,https://projectmadurai.org/pm_etexts/utf8/pmuni0444.html,True,AUTO_DOWNLOAD_PERMISSION_BEFORE_REDISTRIBUTION,CONTACT_PROJECT_COORDINATORS_AND_RETAIN_HEADERS,pmadurai@gmail.com,Freeze all available formats; preserve each header; request confirmation before Devam online redistribution and commercial use.,https://projectmadurai.org/pmworks.html
PM-445-0583,445,சுப்பிரமணியர் திருவிருத்தம்; திருத்தணிகைத் திருவிருத்தம்; தொட்டிக்கலை சுப்பிரமணியத்தம்பிரான்,சுப்பிரமணியத்தம்பிரான் சுவாமிகள்,பிரபந்தம் - விருத்தம்,Tamil,https://projectmadurai.org/pm_etexts/pdf/pm0445.pdf,https://projectmadurai.org/pm_etexts/utf8/pmuni0445.html,True,AUTO_DOWNLOAD_PERMISSION_BEFORE_REDISTRIBUTION,CONTACT_PROJECT_COORDINATORS_AND_RETAIN_HEADERS,pmadurai@gmail.com,Freeze all available formats; preserve each header; request confirmation before Devam online redistribution and commercial use.,https://projectmadurai.org/pmworks.html
PM-446-0584,446,ஆராய்ச்சி நூல்கள்,சோமசுந்தர பாரதியார்,இலக்கியக் கட்டுரைகள்,Tamil,https://projectmadurai.org/pm_etexts/pdf/pm0446_01.pdf | https://projectmadurai.org/pm_etexts/pdf/pm0446_02.pdf,https://projectmadurai.org/pm_etexts/utf8/pmuni0446_01.html | https://projectmadurai.org/pm_etexts/utf8/pmuni0446_02.html,True,AUTO_DOWNLOAD_PERMISSION_BEFORE_REDISTRIBUTION,CONTACT_PROJECT_COORDINATORS_AND_RETAIN_HEADERS,pmadurai@gmail.com,Freeze all available formats; preserve each header; request confirmation before Devam online redistribution and commercial use.,https://projectmadurai.org/pmworks.html
PM-447-0585,447,கோயிற்புராணம் - பாகம் 1; 2,உமாபதி சிவாச்சாரியார்,புராணம்,Tamil,https://projectmadurai.org/pm_etexts/pdf/pm0447_01.pdf | https://projectmadurai.org/pm_etexts/pdf/pm0447_02.pdf,https://projectmadurai.org/pm_etexts/utf8/pmuni0447_01.html | https://projectmadurai.org/pm_etexts/utf8/pmuni0447_02.html,True,AUTO_DOWNLOAD_PERMISSION_BEFORE_REDISTRIBUTION,CONTACT_PROJECT_COORDINATORS_AND_RETAIN_HEADERS,pmadurai@gmail.com,Freeze all available formats; preserve each header; request confirmation before Devam online redistribution and commercial use.,https://projectmadurai.org/pmworks.html
PM-448-0586,448,கோம்பி விருத்தம் - மூலமும் உரையும்,வெ.ப. சுப்பிரமணிய முதலியார்,பிரபந்தம் - விருத்தம்,Tamil,https://projectmadurai.org/pm_etexts/pdf/pm0448.pdf,https://projectmadurai.org/pm_etexts/utf8/pmuni0448.html,True,AUTO_DOWNLOAD_PERMISSION_BEFORE_REDISTRIBUTION,CONTACT_PROJECT_COORDINATORS_AND_RETAIN_HEADERS,pmadurai@gmail.com,Freeze all available formats; preserve each header; request confirmation before Devam online redistribution and commercial use.,https://projectmadurai.org/pmworks.html
PM-449-0587,449,அரிச்சந்திர வெண்பா,,பிரபந்தம் - வெண்பா,Tamil,https://projectmadurai.org/pm_etexts/pdf/pm0449.pdf,https://projectmadurai.org/pm_etexts/utf8/pmuni0449.html,True,AUTO_DOWNLOAD_PERMISSION_BEFORE_REDISTRIBUTION,CONTACT_PROJECT_COORDINATORS_AND_RETAIN_HEADERS,pmadurai@gmail.com,Freeze all available formats; preserve each header; request confirmation before Devam online redistribution and commercial use.,https://projectmadurai.org/pmworks.html
PM-450-0588,450,திருக்குறள் - பரிமேலழகர் உரையுடன்,பரிமேலழகர்,நீதிநெறி – பதினெண்கீழ்க்கணக்கு,Tamil,https://projectmadurai.org/pm_etexts/pdf/pm0450_01.pdf | https://projectmadurai.org/pm_etexts/pdf/pm0450_02.pdf | https://projectmadurai.org/pm_etexts/pdf/pm0450_03.pdf | https://projectmadurai.org/pm_etexts/pdf/pm0450_04.pdf,https://projectmadurai.org/pm_etexts/utf8/pmuni0450_01.html | https://projectmadurai.org/pm_etexts/utf8/pmuni0450_02.html | https://projectmadurai.org/pm_etexts/utf8/pmuni0450_03.html | https://projectmadurai.org/pm_etexts/utf8/pmuni0450_04.html,True,AUTO_DOWNLOAD_PERMISSION_BEFORE_REDISTRIBUTION,CONTACT_PROJECT_COORDINATORS_AND_RETAIN_HEADERS,pmadurai@gmail.com,Freeze all available formats; preserve each header; request confirmation before Devam online redistribution and commercial use.,https://projectmadurai.org/pmworks.html
PM-451-0589,451,சிலப்பதிகாரம் - மூலமும்; உரையும் (புகார்க்காண்டம்),இளங்கோவடிகள்,காப்பியம்,Tamil,https://projectmadurai.org/pm_etexts/pdf/pm0451_01.pdf | https://projectmadurai.org/pm_etexts/pdf/pm0451_02.pdf | https://projectmadurai.org/pm_etexts/pdf/pm0451_03.pdf,https://projectmadurai.org/pm_etexts/utf8/pmuni0451_01.html | https://projectmadurai.org/pm_etexts/utf8/pmuni0451_02.html | https://projectmadurai.org/pm_etexts/utf8/pmuni0451_03.html,True,AUTO_DOWNLOAD_PERMISSION_BEFORE_REDISTRIBUTION,CONTACT_PROJECT_COORDINATORS_AND_RETAIN_HEADERS,pmadurai@gmail.com,Freeze all available formats; preserve each header; request confirmation before Devam online redistribution and commercial use.,https://projectmadurai.org/pmworks.html
PM-452-0590,452,தமிழ்மொழியின் வரலாறு,வி.கோ. சூரியநாராயண சாஸ்திரியார் (பரிதிமாற் கலைஞர்),வரலாறு,Tamil,https://projectmadurai.org/pm_etexts/pdf/pm0452.pdf,https://projectmadurai.org/pm_etexts/utf8/pmuni0452.html,True,AUTO_DOWNLOAD_PERMISSION_BEFORE_REDISTRIBUTION,CONTACT_PROJECT_COORDINATORS_AND_RETAIN_HEADERS,pmadurai@gmail.com,Freeze all available formats; preserve each header; request confirmation before Devam online redistribution and commercial use.,https://projectmadurai.org/pmworks.html
PM-453-0591,453,வலிமைக்கு மார்க்கம் &amp; சாந்திக்கு மார்க்கம் (மொழி பெயர்ப்பு),வ.உ. சிதம்பரம் பிள்ளை,மொழி பெயர்ப்பு,Tamil,https://projectmadurai.org/pm_etexts/pdf/pm0453_01.pdf | https://projectmadurai.org/pm_etexts/pdf/pm0453_02.pdf,https://projectmadurai.org/pm_etexts/utf8/pmuni0453_01.html | https://projectmadurai.org/pm_etexts/utf8/pmuni0453_02.html,True,AUTO_DOWNLOAD_PERMISSION_BEFORE_REDISTRIBUTION,CONTACT_PROJECT_COORDINATORS_AND_RETAIN_HEADERS,pmadurai@gmail.com,Freeze all available formats; preserve each header; request confirmation before Devam online redistribution and commercial use.,https://projectmadurai.org/pmworks.html
PM-454-0592,454,கபாடபுரம் (சரித்திர நாவல்),தீபம் நா. பார்த்தசாரதி,நாவல் - புதினம்,Tamil,https://projectmadurai.org/pm_etexts/pdf/pm0454.pdf,https://projectmadurai.org/pm_etexts/utf8/pmuni0454.html,True,AUTO_DOWNLOAD_PERMISSION_BEFORE_REDISTRIBUTION,CONTACT_PROJECT_COORDINATORS_AND_RETAIN_HEADERS,pmadurai@gmail.com,Freeze all available formats; preserve each header; request confirmation before Devam online redistribution and commercial use.,https://projectmadurai.org/pmworks.html
PM-455-0593,455,இராமாயணம் /3. ஆரணிய காண்டம் (2-ம் பகுதி); படலங்கள் 7-11,கம்பர்,இதிகாசம்,Tamil,https://projectmadurai.org/pm_etexts/pdf/pm0455.pdf,https://projectmadurai.org/pm_etexts/utf8/pmuni0455.html,True,AUTO_DOWNLOAD_PERMISSION_BEFORE_REDISTRIBUTION,CONTACT_PROJECT_COORDINATORS_AND_RETAIN_HEADERS,pmadurai@gmail.com,Freeze all available formats; preserve each header; request confirmation before Devam online redistribution and commercial use.,https://projectmadurai.org/pmworks.html
PM-456-0594,456,மான விஜயம் (நாடகம்),வி.கோ. சூரியநாராயண சாஸ்திரியார் (பரிதிமாற் கலைஞர்),நாடகம்,Tamil,https://projectmadurai.org/pm_etexts/pdf/pm0456.pdf,https://projectmadurai.org/pm_etexts/utf8/pmuni0456.html,True,AUTO_DOWNLOAD_PERMISSION_BEFORE_REDISTRIBUTION,CONTACT_PROJECT_COORDINATORS_AND_RETAIN_HEADERS,pmadurai@gmail.com,Freeze all available formats; preserve each header; request confirmation before Devam online redistribution and commercial use.,https://projectmadurai.org/pmworks.html
PM-457-0595,457,"அகமே புறம், மனம்போல வாழ்வு",ஜேம்ஸ் ஆலன் / வ.உ. சிதம்பரம் பிள்ளை (மொழிபெயர்ப்பு),மொழிபெயர்ப்பு,Tamil,https://projectmadurai.org/pm_etexts/pdf/pm0457_01.pdf | https://projectmadurai.org/pm_etexts/pdf/pm0457_02.pdf,https://projectmadurai.org/pm_etexts/utf8/pmuni0457_01.html | https://projectmadurai.org/pm_etexts/utf8/pmuni0457_02.html,True,AUTO_DOWNLOAD_PERMISSION_BEFORE_REDISTRIBUTION,CONTACT_PROJECT_COORDINATORS_AND_RETAIN_HEADERS,pmadurai@gmail.com,Freeze all available formats; preserve each header; request confirmation before Devam online redistribution and commercial use.,https://projectmadurai.org/pmworks.html
PM-458-0596,458,சமுதாய வீதி (நாவல்),தீபம் நா. பார்த்தசாரதி,நாவல் - புதினம்,Tamil,https://projectmadurai.org/pm_etexts/pdf/pm0458.pdf,https://projectmadurai.org/pm_etexts/utf8/pmuni0458.html,True,AUTO_DOWNLOAD_PERMISSION_BEFORE_REDISTRIBUTION,CONTACT_PROJECT_COORDINATORS_AND_RETAIN_HEADERS,pmadurai@gmail.com,Freeze all available formats; preserve each header; request confirmation before Devam online redistribution and commercial use.,https://projectmadurai.org/pmworks.html
PM-459-0597,459,ரூபாவதி (நாடகம்),வி.கோ. சூரியநாராயண சாஸ்திரியார் (பரிதிமாற் கலைஞர்),நாடகம்,Tamil,https://projectmadurai.org/pm_etexts/pdf/pm0459.pdf,https://projectmadurai.org/pm_etexts/utf8/pmuni0459.html,True,AUTO_DOWNLOAD_PERMISSION_BEFORE_REDISTRIBUTION,CONTACT_PROJECT_COORDINATORS_AND_RETAIN_HEADERS,pmadurai@gmail.com,Freeze all available formats; preserve each header; request confirmation before Devam online redistribution and commercial use.,https://projectmadurai.org/pmworks.html
PM-460-0598,460,பாவலர் விருந்து,வி.கோ. சூரியநாராயண சாஸ்திரியார் (பரிதிமாற் கலைஞர்),கட்டுரைத் தொகுப்பு,Tamil,https://projectmadurai.org/pm_etexts/pdf/pm0460.pdf,https://projectmadurai.org/pm_etexts/utf8/pmuni0460.html,True,AUTO_DOWNLOAD_PERMISSION_BEFORE_REDISTRIBUTION,CONTACT_PROJECT_COORDINATORS_AND_RETAIN_HEADERS,pmadurai@gmail.com,Freeze all available formats; preserve each header; request confirmation before Devam online redistribution and commercial use.,https://projectmadurai.org/pmworks.html
PM-461-0599,461,நல்லுரைக்கோவை - இரண்டாம் பாகம்,வி.கோ. சூரியநாராயண சாஸ்திரியார் (பரிதிமாற் கலைஞர்),இலக்கியக்,Tamil,https://projectmadurai.org/pm_etexts/pdf/pm0461.pdf,https://projectmadurai.org/pm_etexts/utf8/pmuni0461.html,True,AUTO_DOWNLOAD_PERMISSION_BEFORE_REDISTRIBUTION,CONTACT_PROJECT_COORDINATORS_AND_RETAIN_HEADERS,pmadurai@gmail.com,Freeze all available formats; preserve each header; request confirmation before Devam online redistribution and commercial use.,https://projectmadurai.org/pmworks.html
PM-462-0600,462,மகிழ்மாக் கலம்பகம்,தொழுவூர் வேலாயுத முதலியார்,பிரபந்தம் - கலம்பகம்,Tamil,https://projectmadurai.org/pm_etexts/pdf/pm0462.pdf,https://projectmadurai.org/pm_etexts/utf8/pmuni0462.html,True,AUTO_DOWNLOAD_PERMISSION_BEFORE_REDISTRIBUTION,CONTACT_PROJECT_COORDINATORS_AND_RETAIN_HEADERS,pmadurai@gmail.com,Freeze all available formats; preserve each header; request confirmation before Devam online redistribution and commercial use.,https://projectmadurai.org/pmworks.html
PM-463-0601,463,திருவிளையாடற் புராணம் /1. மதுரைக் காண்டம்,பரஞ்சோதி முனிவர்,புராணம்,Tamil,https://projectmadurai.org/pm_etexts/pdf/pm0463.pdf,https://projectmadurai.org/pm_etexts/utf8/ | https://projectmadurai.org/pm_etexts/utf8/pmuni0463_01.html | https://projectmadurai.org/pm_etexts/utf8/pmuni0463_02.html,True,AUTO_DOWNLOAD_PERMISSION_BEFORE_REDISTRIBUTION,CONTACT_PROJECT_COORDINATORS_AND_RETAIN_HEADERS,pmadurai@gmail.com,Freeze all available formats; preserve each header; request confirmation before Devam online redistribution and commercial use.,https://projectmadurai.org/pmworks.html
PM-464-0602,464,வஞ்சி மாநகர்,மு. இராகவயங்கார்,இலக்கியக் கட்டுரைகள்,Tamil,https://projectmadurai.org/pm_etexts/pdf/pm0464.pdf,https://projectmadurai.org/pm_etexts/utf8/pmuni0464.html,True,AUTO_DOWNLOAD_PERMISSION_BEFORE_REDISTRIBUTION,CONTACT_PROJECT_COORDINATORS_AND_RETAIN_HEADERS,pmadurai@gmail.com,Freeze all available formats; preserve each header; request confirmation before Devam online redistribution and commercial use.,https://projectmadurai.org/pmworks.html
PM-465-0603,465,குலோத்துங்கசோழன் கோவை,அருணாசலக்கவிராயர்,பிரபந்தம் - கோவை,Tamil,https://projectmadurai.org/pm_etexts/pdf/pm0465.pdf,https://projectmadurai.org/pm_etexts/utf8/pmuni0465.html,True,AUTO_DOWNLOAD_PERMISSION_BEFORE_REDISTRIBUTION,CONTACT_PROJECT_COORDINATORS_AND_RETAIN_HEADERS,pmadurai@gmail.com,Freeze all available formats; preserve each header; request confirmation before Devam online redistribution and commercial use.,https://projectmadurai.org/pmworks.html
PM-466-0604,466,கும்பேசர் குறவஞ்சி (நாடகம்),ஸ்ரீ பாபநாச முதலியார்,நாடகம்,Tamil,https://projectmadurai.org/pm_etexts/pdf/pm0466.pdf,https://projectmadurai.org/pm_etexts/utf8/pmuni0466.html,True,AUTO_DOWNLOAD_PERMISSION_BEFORE_REDISTRIBUTION,CONTACT_PROJECT_COORDINATORS_AND_RETAIN_HEADERS,pmadurai@gmail.com,Freeze all available formats; preserve each header; request confirmation before Devam online redistribution and commercial use.,https://projectmadurai.org/pmworks.html
PM-467-0605,467,வாழ்க்கை நலம்,குன்றக்குடி அடிகள்,கட்டுரைகள்,Tamil,https://projectmadurai.org/pm_etexts/pdf/pm0467.pdf,https://projectmadurai.org/pm_etexts/utf8/pmuni0467.html,True,AUTO_DOWNLOAD_PERMISSION_BEFORE_REDISTRIBUTION,CONTACT_PROJECT_COORDINATORS_AND_RETAIN_HEADERS,pmadurai@gmail.com,Freeze all available formats; preserve each header; request confirmation before Devam online redistribution and commercial use.,https://projectmadurai.org/pmworks.html
PM-468-0606,468,தனித்தமிழ் மாட்சி,மறைமலை அடிகள்,கட்டுரைகள்,Tamil,https://projectmadurai.org/pm_etexts/pdf/pm0468.pdf,https://projectmadurai.org/pm_etexts/utf8/pmuni0468.html,True,AUTO_DOWNLOAD_PERMISSION_BEFORE_REDISTRIBUTION,CONTACT_PROJECT_COORDINATORS_AND_RETAIN_HEADERS,pmadurai@gmail.com,Freeze all available formats; preserve each header; request confirmation before Devam online redistribution and commercial use.,https://projectmadurai.org/pmworks.html
PM-469-0607,469,திருவருணைக்கலம்பகம்,சைவ எல்லப்ப நாவலர்,பிரபந்தம் - கலம்பகம்,Tamil,https://projectmadurai.org/pm_etexts/pdf/pm0469.pdf,https://projectmadurai.org/pm_etexts/utf8/pmuni0469.html,True,AUTO_DOWNLOAD_PERMISSION_BEFORE_REDISTRIBUTION,CONTACT_PROJECT_COORDINATORS_AND_RETAIN_HEADERS,pmadurai@gmail.com,Freeze all available formats; preserve each header; request confirmation before Devam online redistribution and commercial use.,https://projectmadurai.org/pmworks.html
PM-470-0608,470,அறிவுரைக் கொத்து,மறைமலை அடிகள்,கட்டுரைத் தொகுப்பு,Tamil,https://projectmadurai.org/pm_etexts/pdf/pm0470.pdf,https://projectmadurai.org/pm_etexts/utf8/pmuni0470.html,True,AUTO_DOWNLOAD_PERMISSION_BEFORE_REDISTRIBUTION,CONTACT_PROJECT_COORDINATORS_AND_RETAIN_HEADERS,pmadurai@gmail.com,Freeze all available formats; preserve each header; request confirmation before Devam online redistribution and commercial use.,https://projectmadurai.org/pmworks.html
PM-471-0609,471,இந்தி பொது மொழியா?,மறைமலை அடிகள்,கட்டுரைத் தொகுப்பு,Tamil,https://projectmadurai.org/pm_etexts/pdf/pm0471.pdf,https://projectmadurai.org/pm_etexts/utf8/pmuni0471.html,True,AUTO_DOWNLOAD_PERMISSION_BEFORE_REDISTRIBUTION,CONTACT_PROJECT_COORDINATORS_AND_RETAIN_HEADERS,pmadurai@gmail.com,Freeze all available formats; preserve each header; request confirmation before Devam online redistribution and commercial use.,https://projectmadurai.org/pmworks.html
PM-472-0610,472,சீகாழித் தலபுராணம் - பாகம் 1 (அத்தியாயம் 1-13),அருணாசலக் கவிராயர்,புராணம்,Tamil,https://projectmadurai.org/pm_etexts/pdf/pm0472.pdf,https://projectmadurai.org/pm_etexts/utf8/pmuni0472.html,True,AUTO_DOWNLOAD_PERMISSION_BEFORE_REDISTRIBUTION,CONTACT_PROJECT_COORDINATORS_AND_RETAIN_HEADERS,pmadurai@gmail.com,Freeze all available formats; preserve each header; request confirmation before Devam online redistribution and commercial use.,https://projectmadurai.org/pmworks.html
PM-473-0611,473,பதிற்றுப்பத்து - மூலமும்; உரையும்,பல ஆசிரியர்கள் (ஔவை துரைசாமி பிள்ளை உரை),சங்ககாலம் – எட்டுத்தொகை,Tamil,https://projectmadurai.org/pm_etexts/pdf/pm0473_01.pdf | https://projectmadurai.org/pm_etexts/pdf/pm0473_02.pdf | https://projectmadurai.org/pm_etexts/pdf/pm0473_03.pdf,https://projectmadurai.org/pm_etexts/utf8/pmuni0473_01.html | https://projectmadurai.org/pm_etexts/utf8/pmuni0473_02.html | https://projectmadurai.org/pm_etexts/utf8/pmuni0473_03.html,True,AUTO_DOWNLOAD_PERMISSION_BEFORE_REDISTRIBUTION,CONTACT_PROJECT_COORDINATORS_AND_RETAIN_HEADERS,pmadurai@gmail.com,Freeze all available formats; preserve each header; request confirmation before Devam online redistribution and commercial use.,https://projectmadurai.org/pmworks.html
PM-474-0612,474,திருவிளையாடற் புராணம் (திருவாலவாய் மான்மியம்) / இரண்டாவது பாகம் - கூடற் காண்டம்,பரஞ்சோதி முனிவர்,புராணம்,Tamil,https://projectmadurai.org/pm_etexts/pdf/pm0474_01.pdf | https://projectmadurai.org/pm_etexts/pdf/pm0474_02.pdf,https://projectmadurai.org/pm_etexts/utf8/pmuni0474_01.html | https://projectmadurai.org/pm_etexts/utf8/pmuni0474_02.html,True,AUTO_DOWNLOAD_PERMISSION_BEFORE_REDISTRIBUTION,CONTACT_PROJECT_COORDINATORS_AND_RETAIN_HEADERS,pmadurai@gmail.com,Freeze all available formats; preserve each header; request confirmation before Devam online redistribution and commercial use.,https://projectmadurai.org/pmworks.html
PM-475-0613,475,திருப்பேரூர் பதிற்றுப்பத்தந்தாதி,சுப்ரமணிய சுவாமிகள்,பிரபந்தம் - அந்தாதி,Tamil,https://projectmadurai.org/pm_etexts/pdf/pm0475.pdf,https://projectmadurai.org/pm_etexts/utf8/pmuni0475.html,True,AUTO_DOWNLOAD_PERMISSION_BEFORE_REDISTRIBUTION,CONTACT_PROJECT_COORDINATORS_AND_RETAIN_HEADERS,pmadurai@gmail.com,Freeze all available formats; preserve each header; request confirmation before Devam online redistribution and commercial use.,https://projectmadurai.org/pmworks.html
PM-476-0614,476,108 திருப்பதி அந்தாதி,திவ்யகவி பிள்ளைப் பெருமாள் ஐயங்கார் (அழகிய மணவாள தாசர்),பிரபந்தம் - அந்தாதி,Tamil,https://projectmadurai.org/pm_etexts/pdf/pm0476.pdf,https://projectmadurai.org/pm_etexts/utf8/pmuni0476.html,True,AUTO_DOWNLOAD_PERMISSION_BEFORE_REDISTRIBUTION,CONTACT_PROJECT_COORDINATORS_AND_RETAIN_HEADERS,pmadurai@gmail.com,Freeze all available formats; preserve each header; request confirmation before Devam online redistribution and commercial use.,https://projectmadurai.org/pmworks.html
PM-477-0615,477,சீகாழித் தலபுராணம் /பாகம் 2 / அத்தியாயம் 14 - 31,அருணாசலக் கவிராயர்,புராணம்,Tamil,https://projectmadurai.org/pm_etexts/pdf/pm0477.pdf,https://projectmadurai.org/pm_etexts/utf8/pmuni0477.html,True,AUTO_DOWNLOAD_PERMISSION_BEFORE_REDISTRIBUTION,CONTACT_PROJECT_COORDINATORS_AND_RETAIN_HEADERS,pmadurai@gmail.com,Freeze all available formats; preserve each header; request confirmation before Devam online redistribution and commercial use.,https://projectmadurai.org/pmworks.html
PM-478-0616,478,இராமாயணம் /4. கிட்கிந்தா காண்டம் (முதற் பகுதி) /படலங்கள் 1- 7,கம்பர்,இதிகாசம்,Tamil,https://projectmadurai.org/pm_etexts/pdf/pm0478.pdf,https://projectmadurai.org/pm_etexts/utf8/pmuni0478.html,True,AUTO_DOWNLOAD_PERMISSION_BEFORE_REDISTRIBUTION,CONTACT_PROJECT_COORDINATORS_AND_RETAIN_HEADERS,pmadurai@gmail.com,Freeze all available formats; preserve each header; request confirmation before Devam online redistribution and commercial use.,https://projectmadurai.org/pmworks.html
PM-479-0617,479,பட்டினப்பாலை / நச்சினார்கினியர் உரை,உ.வே. சாமிநாத அய்யர் (தொகுப்பு),சங்ககாலம் - பத்துப்பாட்டு,Tamil,https://projectmadurai.org/pm_etexts/pdf/pm0479.pdf,https://projectmadurai.org/pm_etexts/utf8/pmuni0479.html,True,AUTO_DOWNLOAD_PERMISSION_BEFORE_REDISTRIBUTION,CONTACT_PROJECT_COORDINATORS_AND_RETAIN_HEADERS,pmadurai@gmail.com,Freeze all available formats; preserve each header; request confirmation before Devam online redistribution and commercial use.,https://projectmadurai.org/pmworks.html
PM-480-0618,480,பட்டணத்துப்பிள்ளையார் புராணம்,,புராணம்,Tamil,https://projectmadurai.org/pm_etexts/pdf/pm0480.pdf,https://projectmadurai.org/pm_etexts/utf8/pmuni0480.html,True,AUTO_DOWNLOAD_PERMISSION_BEFORE_REDISTRIBUTION,CONTACT_PROJECT_COORDINATORS_AND_RETAIN_HEADERS,pmadurai@gmail.com,Freeze all available formats; preserve each header; request confirmation before Devam online redistribution and commercial use.,https://projectmadurai.org/pmworks.html
PM-481-0619,481,ஆத்திச்சூடி வெண்பா,இராமபாரதி,நீதிநெறி,Tamil,https://projectmadurai.org/pm_etexts/pdf/pm0481.pdf,https://projectmadurai.org/pm_etexts/utf8/pmuni0481.html,True,AUTO_DOWNLOAD_PERMISSION_BEFORE_REDISTRIBUTION,CONTACT_PROJECT_COORDINATORS_AND_RETAIN_HEADERS,pmadurai@gmail.com,Freeze all available formats; preserve each header; request confirmation before Devam online redistribution and commercial use.,https://projectmadurai.org/pmworks.html
PM-482-0620,482,சேயூர் முருகன் பிள்ளைத்தமிழ்,அந்தக்ககவி வீரராகவ முதலியார்,பிரபந்தம் - பிள்ளைத்தமிழ்,Tamil,https://projectmadurai.org/pm_etexts/pdf/pm0482.pdf,https://projectmadurai.org/pm_etexts/utf8/pmuni0482.html,True,AUTO_DOWNLOAD_PERMISSION_BEFORE_REDISTRIBUTION,CONTACT_PROJECT_COORDINATORS_AND_RETAIN_HEADERS,pmadurai@gmail.com,Freeze all available formats; preserve each header; request confirmation before Devam online redistribution and commercial use.,https://projectmadurai.org/pmworks.html
PM-483-0621,483,சிறுபாணாற்றுப்படை / நச்சினார்கினியர் உரை,உ.வே. சாமிநாத அய்யர் (தொகுப்பு),சங்ககாலம் - பத்துப்பாட்டு,Tamil,https://projectmadurai.org/pm_etexts/pdf/pm0483.pdf,https://projectmadurai.org/pm_etexts/utf8/pmuni0483.html,True,AUTO_DOWNLOAD_PERMISSION_BEFORE_REDISTRIBUTION,CONTACT_PROJECT_COORDINATORS_AND_RETAIN_HEADERS,pmadurai@gmail.com,Freeze all available formats; preserve each header; request confirmation before Devam online redistribution and commercial use.,https://projectmadurai.org/pmworks.html
PM-484-0622,484,நெடுநல்வாடை / நச்சினார்கினியர் உரை,உ.வே. சாமிநாத அய்யர் (தொகுப்பு),சங்ககாலம் - பத்துப்பாட்டு,Tamil,https://projectmadurai.org/pm_etexts/pdf/pm0484.pdf,https://projectmadurai.org/pm_etexts/utf8/pmuni0484.html,True,AUTO_DOWNLOAD_PERMISSION_BEFORE_REDISTRIBUTION,CONTACT_PROJECT_COORDINATORS_AND_RETAIN_HEADERS,pmadurai@gmail.com,Freeze all available formats; preserve each header; request confirmation before Devam online redistribution and commercial use.,https://projectmadurai.org/pmworks.html
PM-485-0623,485,தமிழ் இன்பம்,ரா.பி.சேதுப்பிள்ளை,இலக்கியக் கட்டுரைகள்,Tamil,https://projectmadurai.org/pm_etexts/pdf/pm0485.pdf,https://projectmadurai.org/pm_etexts/utf8/pmuni0485.html,True,AUTO_DOWNLOAD_PERMISSION_BEFORE_REDISTRIBUTION,CONTACT_PROJECT_COORDINATORS_AND_RETAIN_HEADERS,pmadurai@gmail.com,Freeze all available formats; preserve each header; request confirmation before Devam online redistribution and commercial use.,https://projectmadurai.org/pmworks.html
PM-486-0624,486,"காஞ்சிப் புராணம் / காண்டம் 2, பகுதி 1 /1. திருக்கண்புதைத்த படலம் ( செய்யுள் 1-285)",கச்சியப்ப முனிவர்,புராணம்,Tamil,https://projectmadurai.org/pm_etexts/pdf/pm0486.pdf,https://projectmadurai.org/pm_etexts/utf8/pmuni0486.html,True,AUTO_DOWNLOAD_PERMISSION_BEFORE_REDISTRIBUTION,CONTACT_PROJECT_COORDINATORS_AND_RETAIN_HEADERS,pmadurai@gmail.com,Freeze all available formats; preserve each header; request confirmation before Devam online redistribution and commercial use.,https://projectmadurai.org/pmworks.html
PM-487-0625,487,பொருநராற்றுப்படை / நச்சினார்கினியர் உரை,உ.வே. சாமிநாத அய்யர் (தொகுப்பு),சங்ககாலம் - பத்துப்பாட்டு,Tamil,https://projectmadurai.org/pm_etexts/pdf/pm0487.pdf,https://projectmadurai.org/pm_etexts/utf8/pmuni0487.html,True,AUTO_DOWNLOAD_PERMISSION_BEFORE_REDISTRIBUTION,CONTACT_PROJECT_COORDINATORS_AND_RETAIN_HEADERS,pmadurai@gmail.com,Freeze all available formats; preserve each header; request confirmation before Devam online redistribution and commercial use.,https://projectmadurai.org/pmworks.html
PM-488-0626,488,முல்லைப்பாட்டு/ நச்சினார்கினியர் உரை,உ.வே. சாமிநாத அய்யர் (தொகுப்பு),சங்ககாலம் - பத்துப்பாட்டு,Tamil,https://projectmadurai.org/pm_etexts/pdf/pm0488.pdf,https://projectmadurai.org/pm_etexts/utf8/pmuni0488.html,True,AUTO_DOWNLOAD_PERMISSION_BEFORE_REDISTRIBUTION,CONTACT_PROJECT_COORDINATORS_AND_RETAIN_HEADERS,pmadurai@gmail.com,Freeze all available formats; preserve each header; request confirmation before Devam online redistribution and commercial use.,https://projectmadurai.org/pmworks.html
PM-489-0627,489,சமீபத்திய மலையாளச் சிறுகதைகள்,எம். முகுந்தன் (தொகுப்பு)/ ம. இராஜாராம் (மொழிபெயர்ப்பு),சிறுகதைகள் தொகுப்பு,Tamil,https://projectmadurai.org/pm_etexts/pdf/pm0489.pdf,https://projectmadurai.org/pm_etexts/utf8/pmuni0489.html,True,AUTO_DOWNLOAD_PERMISSION_BEFORE_REDISTRIBUTION,CONTACT_PROJECT_COORDINATORS_AND_RETAIN_HEADERS,pmadurai@gmail.com,Freeze all available formats; preserve each header; request confirmation before Devam online redistribution and commercial use.,https://projectmadurai.org/pmworks.html
PM-490-0628,490,அகநானூறு - களிற்றியானை நிரை (செய்யுள் 1-120 /2 பாகங்களாக),எம். முகுந்தன் (தொகுப்பு)/ ம. இராஜாராம் (மொழிபெயர்ப்பு),சங்ககாலம் – எட்டுத்தொகை,Tamil,https://projectmadurai.org/pm_etexts/pdf/pm0490_01.pdf | https://projectmadurai.org/pm_etexts/pdf/pm0490_02.pdf,https://projectmadurai.org/pm_etexts/utf8/pmuni0490_01.html | https://projectmadurai.org/pm_etexts/utf8/pmuni0490_02.html,True,AUTO_DOWNLOAD_PERMISSION_BEFORE_REDISTRIBUTION,CONTACT_PROJECT_COORDINATORS_AND_RETAIN_HEADERS,pmadurai@gmail.com,Freeze all available formats; preserve each header; request confirmation before Devam online redistribution and commercial use.,https://projectmadurai.org/pmworks.html
PM-491-0629,491,"காஞ்சிப் புராணம் / காண்டம் 2, பகுதி 2 / 2. கழுவாய்ப்படலம் (செய்யுள் 286 -707)",பொ.வே. சோமசுந்தரனார் விளக்கவுரை,புராணம்,Tamil,https://projectmadurai.org/pm_etexts/pdf/pm0491.pdf,https://projectmadurai.org/pm_etexts/utf8/pmuni0491.html,True,AUTO_DOWNLOAD_PERMISSION_BEFORE_REDISTRIBUTION,CONTACT_PROJECT_COORDINATORS_AND_RETAIN_HEADERS,pmadurai@gmail.com,Freeze all available formats; preserve each header; request confirmation before Devam online redistribution and commercial use.,https://projectmadurai.org/pmworks.html
PM-492-0630,492,பெரும்பாணாற்றுப்படை / நச்சினார்கினியர் உரை,உ.வே. சாமிநாத அய்யர் (தொகுப்பு),சங்ககாலம் - பத்துப்பாட்டு,Tamil,https://projectmadurai.org/pm_etexts/pdf/pm0492.pdf,https://projectmadurai.org/pm_etexts/utf8/pmuni0492.html,True,AUTO_DOWNLOAD_PERMISSION_BEFORE_REDISTRIBUTION,CONTACT_PROJECT_COORDINATORS_AND_RETAIN_HEADERS,pmadurai@gmail.com,Freeze all available formats; preserve each header; request confirmation before Devam online redistribution and commercial use.,https://projectmadurai.org/pmworks.html
PM-493-0631,493,திருமுருகாற்றுப்படை / நச்சினார்கினியர் உரை,உ.வே. சாமிநாத அய்யர் (தொகுப்பு),சங்ககாலம் - பத்துப்பாட்டு,Tamil,https://projectmadurai.org/pm_etexts/pdf/pm0493.pdf,https://projectmadurai.org/pm_etexts/utf8/pmuni0493.html,True,AUTO_DOWNLOAD_PERMISSION_BEFORE_REDISTRIBUTION,CONTACT_PROJECT_COORDINATORS_AND_RETAIN_HEADERS,pmadurai@gmail.com,Freeze all available formats; preserve each header; request confirmation before Devam online redistribution and commercial use.,https://projectmadurai.org/pmworks.html
PM-494-0632,494,புற நானூறு - மூலமும்; உரையும் /பாகம் 1 /பாடல்கள் 1-200),ஔவை துரைசாமி பிள்ளை விளக்க உரை,சங்ககாலம் – எட்டுத்தொகை,Tamil,https://projectmadurai.org/pm_etexts/pdf/pm0494_01.pdf | https://projectmadurai.org/pm_etexts/pdf/pm0494_02.pdf | https://projectmadurai.org/pm_etexts/pdf/pm0494_03.pdf,https://projectmadurai.org/pm_etexts/utf8/pmuni0494_01.html | https://projectmadurai.org/pm_etexts/utf8/pmuni0494_02.html | https://projectmadurai.org/pm_etexts/utf8/pmuni0494_03.html,True,AUTO_DOWNLOAD_PERMISSION_BEFORE_REDISTRIBUTION,CONTACT_PROJECT_COORDINATORS_AND_RETAIN_HEADERS,pmadurai@gmail.com,Freeze all available formats; preserve each header; request confirmation before Devam online redistribution and commercial use.,https://projectmadurai.org/pmworks.html
PM-495-0633,495,குறிஞ்சிப் பாட்டு / நச்சினார்கினியர் உரை,உ.வே. சாமிநாத அய்யர் (தொகுப்பு),சங்ககாலம் - பத்துப்பாட்டு,Tamil,https://projectmadurai.org/pm_etexts/pdf/pm0495.pdf,https://projectmadurai.org/pm_etexts/utf8/pmuni0495.html,True,AUTO_DOWNLOAD_PERMISSION_BEFORE_REDISTRIBUTION,CONTACT_PROJECT_COORDINATORS_AND_RETAIN_HEADERS,pmadurai@gmail.com,Freeze all available formats; preserve each header; request confirmation before Devam online redistribution and commercial use.,https://projectmadurai.org/pmworks.html
PM-496-0634,496,மதுரைக் காஞ்சி / நச்சினார்கினியர் உரை,உ.வே. சாமிநாத அய்யர் (தொகுப்பு),சங்ககாலம் - பத்துப்பாட்டு,Tamil,https://projectmadurai.org/pm_etexts/pdf/pm0496.pdf,https://projectmadurai.org/pm_etexts/utf8/pmuni0496.html,True,AUTO_DOWNLOAD_PERMISSION_BEFORE_REDISTRIBUTION,CONTACT_PROJECT_COORDINATORS_AND_RETAIN_HEADERS,pmadurai@gmail.com,Freeze all available formats; preserve each header; request confirmation before Devam online redistribution and commercial use.,https://projectmadurai.org/pmworks.html
PM-497-0635,497,திருவிளையாடற் புராணம் (திருவாலவாய் மான்மியம்) / 3. திருவாலவாய்க் காண்டம் (படலம் 49-65),பரஞ்சோதி முனிவர்,புராணம்,Tamil,https://projectmadurai.org/pm_etexts/pdf/pm0497.pdf,https://projectmadurai.org/pm_etexts/utf8/pmuni0497.html,True,AUTO_DOWNLOAD_PERMISSION_BEFORE_REDISTRIBUTION,CONTACT_PROJECT_COORDINATORS_AND_RETAIN_HEADERS,pmadurai@gmail.com,Freeze all available formats; preserve each header; request confirmation before Devam online redistribution and commercial use.,https://projectmadurai.org/pmworks.html
PM-498-0636,498,"காஞ்சிப் புராணம் / காண்டம் 2, பகுதி 3 (789-1067)/அந்தருவேதிப்படலம்; நகரேற்றுப்படலம்",கச்சியப்ப முனிவர்,புராணம்,Tamil,https://projectmadurai.org/pm_etexts/pdf/pm0498.pdf,https://projectmadurai.org/pm_etexts/utf8/pmuni0498.html,True,AUTO_DOWNLOAD_PERMISSION_BEFORE_REDISTRIBUTION,CONTACT_PROJECT_COORDINATORS_AND_RETAIN_HEADERS,pmadurai@gmail.com,Freeze all available formats; preserve each header; request confirmation before Devam online redistribution and commercial use.,https://projectmadurai.org/pmworks.html
PM-499-0637,499,ஐந்திணை எழுபது,மூவாதியர் / அ. நடராசபிள்ளை விளக்க வுரை,நீதிநெறி – பதினெண்கீழ்க்கணக்கு,Tamil,,,False,AUTO_DOWNLOAD_PERMISSION_BEFORE_REDISTRIBUTION,CONTACT_PROJECT_COORDINATORS_AND_RETAIN_HEADERS,pmadurai@gmail.com,Freeze all available formats; preserve each header; request confirmation before Devam online redistribution and commercial use.,https://projectmadurai.org/pmworks.html
PM-500-0638,500,தொல்காப்பியம் / பொருளதிகாரம்: அகத்திணையியல் (பாகம் 1)/பொருளதிகாரம்: புறத்திணையியல் (பாகம் 2),நச்சினார்கினியர் உரை,இலக்கணம்,Tamil,https://projectmadurai.org/pm_etexts/pdf/pm0500_01.pdf | https://projectmadurai.org/pm_etexts/pdf/pm0500_02.pdf,https://projectmadurai.org/pm_etexts/utf8/pmuni0500_01.html | https://projectmadurai.org/pm_etexts/utf8/pmuni0500_02.html,True,AUTO_DOWNLOAD_PERMISSION_BEFORE_REDISTRIBUTION,CONTACT_PROJECT_COORDINATORS_AND_RETAIN_HEADERS,pmadurai@gmail.com,Freeze all available formats; preserve each header; request confirmation before Devam online redistribution and commercial use.,https://projectmadurai.org/pmworks.html
PM-501-0639,501,"காஞ்சிப் புராணம் / காண்டம் 2, பகுதி 4 / 5. தீர்த்தவிசேடப்படலம் (செய்யுள் 1067-1224)",கச்சியப்ப முனிவர்,புராணம்,Tamil,https://projectmadurai.org/pm_etexts/pdf/pm0501.pdf,https://projectmadurai.org/pm_etexts/utf8/pmuni0501.html,True,AUTO_DOWNLOAD_PERMISSION_BEFORE_REDISTRIBUTION,CONTACT_PROJECT_COORDINATORS_AND_RETAIN_HEADERS,pmadurai@gmail.com,Freeze all available formats; preserve each header; request confirmation before Devam online redistribution and commercial use.,https://projectmadurai.org/pmworks.html
PM-502-0640,502,உதயணன் சரித்திரச் சுருக்கம் (பெருங்கதையைத் தழுவிய வசனம்),உ.வே. சாமிநாத அய்யர்,காப்பியம்,Tamil,https://projectmadurai.org/pm_etexts/pdf/pm0502.pdf,https://projectmadurai.org/pm_etexts/utf8/pmuni0502.html,True,AUTO_DOWNLOAD_PERMISSION_BEFORE_REDISTRIBUTION,CONTACT_PROJECT_COORDINATORS_AND_RETAIN_HEADERS,pmadurai@gmail.com,Freeze all available formats; preserve each header; request confirmation before Devam online redistribution and commercial use.,https://projectmadurai.org/pmworks.html
PM-503-0641,503,பாண்டிமாதேவி (சரித்திர நாவல் / 3 பாகங்கள்),தீபம் நா. பார்த்தசாரதி,சரித்திர நாவல்,Tamil,https://projectmadurai.org/pm_etexts/pdf/pm0503_01.pdf | https://projectmadurai.org/pm_etexts/pdf/pm0503_02.pdf | https://projectmadurai.org/pm_etexts/pdf/pm0503_03.pdf,https://projectmadurai.org/pm_etexts/utf8/pmuni0503_01.html | https://projectmadurai.org/pm_etexts/utf8/pmuni0503_02.html | https://projectmadurai.org/pm_etexts/utf8/pmuni0503_03.html,True,AUTO_DOWNLOAD_PERMISSION_BEFORE_REDISTRIBUTION,CONTACT_PROJECT_COORDINATORS_AND_RETAIN_HEADERS,pmadurai@gmail.com,Freeze all available formats; preserve each header; request confirmation before Devam online redistribution and commercial use.,https://projectmadurai.org/pmworks.html
PM-504-0642,504,பாரதம் (பொழிப்புரையுடன்),எம். முகுந்தன் (தொகுப்பு)/ ம. இராஜாராம் (மொழிபெயர்ப்பு),காப்பியம்,Tamil,https://projectmadurai.org/pm_etexts/pdf/pm0504.pdf,https://projectmadurai.org/pm_etexts/utf8/pmuni0504.html,True,AUTO_DOWNLOAD_PERMISSION_BEFORE_REDISTRIBUTION,CONTACT_PROJECT_COORDINATORS_AND_RETAIN_HEADERS,pmadurai@gmail.com,Freeze all available formats; preserve each header; request confirmation before Devam online redistribution and commercial use.,https://projectmadurai.org/pmworks.html
PM-505-0643,505,மலைபடுகடாம் - மூலமும் நச்சினார்கினியர் உரையும்,கபிலர் / உ.வே. சாமிநாத அய்யர் (தொகுப்பு),சங்ககாலம் - பத்துப்பாட்டு,Tamil,https://projectmadurai.org/pm_etexts/pdf/pm0505.pdf,https://projectmadurai.org/pm_etexts/utf8/pmuni0505.html,True,AUTO_DOWNLOAD_PERMISSION_BEFORE_REDISTRIBUTION,CONTACT_PROJECT_COORDINATORS_AND_RETAIN_HEADERS,pmadurai@gmail.com,Freeze all available formats; preserve each header; request confirmation before Devam online redistribution and commercial use.,https://projectmadurai.org/pmworks.html
PM-506-0644,506,பொருநராற்றுப்படை - மூலமும் நச்சினார்கினியர் உரையும்,முடத்தமக் கண்ணியார் / உ.வே. சாமிநாத அய்யர் (தொகுப்பு),சங்ககாலம் - பத்துப்பாட்டு,Tamil,https://projectmadurai.org/pm_etexts/pdf/pm0506.pdf,https://projectmadurai.org/pm_etexts/utf8/pmuni0506.html,True,AUTO_DOWNLOAD_PERMISSION_BEFORE_REDISTRIBUTION,CONTACT_PROJECT_COORDINATORS_AND_RETAIN_HEADERS,pmadurai@gmail.com,Freeze all available formats; preserve each header; request confirmation before Devam online redistribution and commercial use.,https://projectmadurai.org/pmworks.html
PM-507-0645,507,குண்டலகேசி (காப்பியம்),பொ.வே. சோமசுந்தரனார் (விளக்கவுரை),காப்பியம்,Tamil,https://projectmadurai.org/pm_etexts/pdf/pm0507.pdf,https://projectmadurai.org/pm_etexts/utf8/pmuni0507.html,True,AUTO_DOWNLOAD_PERMISSION_BEFORE_REDISTRIBUTION,CONTACT_PROJECT_COORDINATORS_AND_RETAIN_HEADERS,pmadurai@gmail.com,Freeze all available formats; preserve each header; request confirmation before Devam online redistribution and commercial use.,https://projectmadurai.org/pmworks.html
PM-508-0646,508,யசோதர காவியம் - மூலமும் - பாகம் 1; 2,ஔவை துரைசாமி பிள்ளை (உரை ),காப்பியம்,Tamil,https://projectmadurai.org/pm_etexts/pdf/pm0508_01.pdf | https://projectmadurai.org/pm_etexts/pdf/pm0508_02.pdf,https://projectmadurai.org/pm_etexts/utf8/pmuni0508_01.html | https://projectmadurai.org/pm_etexts/utf8/pmuni0508_02.html,True,AUTO_DOWNLOAD_PERMISSION_BEFORE_REDISTRIBUTION,CONTACT_PROJECT_COORDINATORS_AND_RETAIN_HEADERS,pmadurai@gmail.com,Freeze all available formats; preserve each header; request confirmation before Devam online redistribution and commercial use.,https://projectmadurai.org/pmworks.html
PM-509-0647,509,சீவக சிந்தாமணி - சுருக்கம் - உரைக் குறிப்புக்களுடன்,ஔவை துரைசாமிப்பிள்ளை (தொகுப்பு),காப்பியம்,Tamil,https://projectmadurai.org/pm_etexts/pdf/pm0509_01.pdf | https://projectmadurai.org/pm_etexts/pdf/pm0509_02.pdf,https://projectmadurai.org/pm_etexts/utf8/pmuni0509_01.html | https://projectmadurai.org/pm_etexts/utf8/pmuni0509_02.html,True,AUTO_DOWNLOAD_PERMISSION_BEFORE_REDISTRIBUTION,CONTACT_PROJECT_COORDINATORS_AND_RETAIN_HEADERS,pmadurai@gmail.com,Freeze all available formats; preserve each header; request confirmation before Devam online redistribution and commercial use.,https://projectmadurai.org/pmworks.html
PM-510-0648,510,குன்றைக்குடி மயூரகிரிநாதர் பிள்ளைத்தமிழ்,மழவைராயனேந்தல் சுப்பிரமணிய பாரதியார்,பிரபந்தம் - பிள்ளைத்தமிழ்,Tamil,https://projectmadurai.org/pm_etexts/pdf/pm0510.pdf,https://projectmadurai.org/pm_etexts/utf8/pmuni0510.html,True,AUTO_DOWNLOAD_PERMISSION_BEFORE_REDISTRIBUTION,CONTACT_PROJECT_COORDINATORS_AND_RETAIN_HEADERS,pmadurai@gmail.com,Freeze all available formats; preserve each header; request confirmation before Devam online redistribution and commercial use.,https://projectmadurai.org/pmworks.html
PM-511-0649,511,திருமாலிருஞ் சோலைமலை அழகர் பிள்ளைத் தமிழ்,காளருத்திரர்,பிரபந்தம் - பிள்ளைத்தமிழ்,Tamil,https://projectmadurai.org/pm_etexts/pdf/pm0511.pdf,https://projectmadurai.org/pm_etexts/utf8/pmuni0511.html,True,AUTO_DOWNLOAD_PERMISSION_BEFORE_REDISTRIBUTION,CONTACT_PROJECT_COORDINATORS_AND_RETAIN_HEADERS,pmadurai@gmail.com,Freeze all available formats; preserve each header; request confirmation before Devam online redistribution and commercial use.,https://projectmadurai.org/pmworks.html
PM-512-0650,512,நாலாயிர திவ்ய பிரபந்தம் - ஆங்கில மொழிபெயர்ப்பு (மூல பாசுரங்களுடன்)- பாகம் 1; 2 (பாசுரங்கள் 1 - 947),கௌசல்யா ஹார்ட்,சமயம் - வைணவம்,Tamil,https://projectmadurai.org/pm_etexts/pdf/pm0512_01.pdf | https://projectmadurai.org/pm_etexts/pdf/pm0512_02.pdf,https://projectmadurai.org/pm_etexts/utf8/pmuni0512_01.html | https://projectmadurai.org/pm_etexts/utf8/pmuni0512_02.html,True,AUTO_DOWNLOAD_PERMISSION_BEFORE_REDISTRIBUTION,CONTACT_PROJECT_COORDINATORS_AND_RETAIN_HEADERS,pmadurai@gmail.com,Freeze all available formats; preserve each header; request confirmation before Devam online redistribution and commercial use.,https://projectmadurai.org/pmworks.html
PM-513-0651,513,சைவ வினாவிடை (புத்தகம் 1; 2),ஆறுமுக நாவலர்,சமயம் - சைவம்,Tamil,https://projectmadurai.org/pm_etexts/pdf/pm0513.pdf,https://projectmadurai.org/pm_etexts/utf8/pmuni0513.html,True,AUTO_DOWNLOAD_PERMISSION_BEFORE_REDISTRIBUTION,CONTACT_PROJECT_COORDINATORS_AND_RETAIN_HEADERS,pmadurai@gmail.com,Freeze all available formats; preserve each header; request confirmation before Devam online redistribution and commercial use.,https://projectmadurai.org/pmworks.html
PM-514-0652,514,அங்கே இப்போ என்ன நேரம் (கட்டுரைகள்) - பாகம் 1; 2,அ. முத்துலிங்கம்,கட்டுரைகள்,Tamil,https://projectmadurai.org/pm_etexts/pdf/pm0514_01.pdf | https://projectmadurai.org/pm_etexts/pdf/pm0514_02.pdf,https://projectmadurai.org/pm_etexts/utf8/pmuni0514_01.html | https://projectmadurai.org/pm_etexts/utf8/pmuni0514_02.html,True,AUTO_DOWNLOAD_PERMISSION_BEFORE_REDISTRIBUTION,CONTACT_PROJECT_COORDINATORS_AND_RETAIN_HEADERS,pmadurai@gmail.com,Freeze all available formats; preserve each header; request confirmation before Devam online redistribution and commercial use.,https://projectmadurai.org/pmworks.html
PM-515-0653,515,பிங்கல நிகண்டு (பிங்கலந்தை) (1-2310),பிங்கலமுனிவர்,நிகண்டு,Tamil,https://projectmadurai.org/pm_etexts/pdf/pm0515_01.pdf | https://projectmadurai.org/pm_etexts/pdf/pm0515_02.pdf,https://projectmadurai.org/pm_etexts/utf8/pmuni0515_01.html | https://projectmadurai.org/pm_etexts/utf8/pmuni0515_02.html,True,AUTO_DOWNLOAD_PERMISSION_BEFORE_REDISTRIBUTION,CONTACT_PROJECT_COORDINATORS_AND_RETAIN_HEADERS,pmadurai@gmail.com,Freeze all available formats; preserve each header; request confirmation before Devam online redistribution and commercial use.,https://projectmadurai.org/pmworks.html
PM-516-0654,516,தொல்காப்பியம் / எழுத்ததிகாரம்,நச்சினார்கினியர் உரை,இலக்கணம்,Tamil,https://projectmadurai.org/pm_etexts/pdf/pm0516_01.pdf | https://projectmadurai.org/pm_etexts/pdf/pm0516_02.pdf,https://projectmadurai.org/pm_etexts/utf8/pmuni0516_01.html | https://projectmadurai.org/pm_etexts/utf8/pmuni0516_02.html,True,AUTO_DOWNLOAD_PERMISSION_BEFORE_REDISTRIBUTION,CONTACT_PROJECT_COORDINATORS_AND_RETAIN_HEADERS,pmadurai@gmail.com,Freeze all available formats; preserve each header; request confirmation before Devam online redistribution and commercial use.,https://projectmadurai.org/pmworks.html
PM-517-0655,517,திருவாய்மொழி ((பிரபந்த பாசுரங்கள் 2791 - 3892),நம்மாழ்வார் / கௌசல்யா ஹார்ட்,சமயம் - வைணவம்,Tamil,https://projectmadurai.org/pm_etexts/pdf/pm0517_01.pdf | https://projectmadurai.org/pm_etexts/pdf/pm0517_02.pdf,https://projectmadurai.org/pm_etexts/utf8/pmuni0517_01.html | https://projectmadurai.org/pm_etexts/utf8/pmuni0517_02.html,True,AUTO_DOWNLOAD_PERMISSION_BEFORE_REDISTRIBUTION,CONTACT_PROJECT_COORDINATORS_AND_RETAIN_HEADERS,pmadurai@gmail.com,Freeze all available formats; preserve each header; request confirmation before Devam online redistribution and commercial use.,https://projectmadurai.org/pmworks.html
PM-518-0656,518,நாலடியார் மூலமும் விளக்கமும்,மகாதேவ முதலியார்,நீதிநெறி – பதினெண்கீழ்க்கணக்கு,Tamil,https://projectmadurai.org/pm_etexts/pdf/pm0518.pdf,https://projectmadurai.org/pm_etexts/utf8/pmuni0518.html,True,AUTO_DOWNLOAD_PERMISSION_BEFORE_REDISTRIBUTION,CONTACT_PROJECT_COORDINATORS_AND_RETAIN_HEADERS,pmadurai@gmail.com,Freeze all available formats; preserve each header; request confirmation before Devam online redistribution and commercial use.,https://projectmadurai.org/pmworks.html
PM-519-0657,519,வேருக்கு நீர்,ராஜம் கிருஷ்ணன்,நாவல் - புதினம்,Tamil,https://projectmadurai.org/pm_etexts/pdf/pm0519.pdf,https://projectmadurai.org/pm_etexts/utf8/pmuni0519.html,True,AUTO_DOWNLOAD_PERMISSION_BEFORE_REDISTRIBUTION,CONTACT_PROJECT_COORDINATORS_AND_RETAIN_HEADERS,pmadurai@gmail.com,Freeze all available formats; preserve each header; request confirmation before Devam online redistribution and commercial use.,https://projectmadurai.org/pmworks.html
PM-520-0658,520,"காஞ்சிப் புராணம் / காண்டம் 2, பகுதி 5 (1226-1680) / பன்னிரு நாமப்படலம்",கச்சியப்ப முனிவர்,புராணம்,Tamil,https://projectmadurai.org/pm_etexts/pdf/pm0520.pdf,https://projectmadurai.org/pm_etexts/utf8/pmuni0520.html,True,AUTO_DOWNLOAD_PERMISSION_BEFORE_REDISTRIBUTION,CONTACT_PROJECT_COORDINATORS_AND_RETAIN_HEADERS,pmadurai@gmail.com,Freeze all available formats; preserve each header; request confirmation before Devam online redistribution and commercial use.,https://projectmadurai.org/pmworks.html
PM-521-0659,521,பிங்கல நிகண்டு (பிங்கலந்தை),பிங்கலமுனிவர்,நிகண்டு,Tamil,https://projectmadurai.org/pm_etexts/pdf/pm0521_01.pdf | https://projectmadurai.org/pm_etexts/pdf/pm0521_02.pdf,https://projectmadurai.org/pm_etexts/utf8/pmuni0521_01.html | https://projectmadurai.org/pm_etexts/utf8/pmuni0521_02.html,True,AUTO_DOWNLOAD_PERMISSION_BEFORE_REDISTRIBUTION,CONTACT_PROJECT_COORDINATORS_AND_RETAIN_HEADERS,pmadurai@gmail.com,Freeze all available formats; preserve each header; request confirmation before Devam online redistribution and commercial use.,https://projectmadurai.org/pmworks.html
PM-522-0660,522,"ஞானவந்தாதி, நான்மணிமாலை",குமாரசாமி முனிவர்,"பிரபந்தம் - அந்தாதி , பிரபந்தம்- மாலை",Tamil,https://projectmadurai.org/pm_etexts/pdf/pm0522.pdf,https://projectmadurai.org/pm_etexts/utf8/pmuni0522.html,True,AUTO_DOWNLOAD_PERMISSION_BEFORE_REDISTRIBUTION,CONTACT_PROJECT_COORDINATORS_AND_RETAIN_HEADERS,pmadurai@gmail.com,Freeze all available formats; preserve each header; request confirmation before Devam online redistribution and commercial use.,https://projectmadurai.org/pmworks.html
PM-523-0661,523,"அகநானூறு: பாகம் 2a & 2b செய்யுள் 121-300, நாட்டார் விளக்கவுரைகளுடன்","நாவலர், ந.மு. வேங்கடசாமி நாட்டார்",சங்ககாலம் – எட்டுத்தொகை,Tamil,https://projectmadurai.org/pm_etexts/pdf/pm0523_01.pdf | https://projectmadurai.org/pm_etexts/pdf/pm0523_02.pdf,https://projectmadurai.org/pm_etexts/utf8/pmuni0523_01.html | https://projectmadurai.org/pm_etexts/utf8/pmuni0523_02.html,True,AUTO_DOWNLOAD_PERMISSION_BEFORE_REDISTRIBUTION,CONTACT_PROJECT_COORDINATORS_AND_RETAIN_HEADERS,pmadurai@gmail.com,Freeze all available formats; preserve each header; request confirmation before Devam online redistribution and commercial use.,https://projectmadurai.org/pmworks.html
PM-524-0662,524,ஜெயங்கொண்டார் சதகம்,முத்தப்பச் செட்டியார்,பிரபந்தம் - சதகம்,Tamil,https://projectmadurai.org/pm_etexts/pdf/pm0524.pdf,https://projectmadurai.org/pm_etexts/utf8/pmuni0524.html,True,AUTO_DOWNLOAD_PERMISSION_BEFORE_REDISTRIBUTION,CONTACT_PROJECT_COORDINATORS_AND_RETAIN_HEADERS,pmadurai@gmail.com,Freeze all available formats; preserve each header; request confirmation before Devam online redistribution and commercial use.,https://projectmadurai.org/pmworks.html
PM-525-0663,525,சிந்தா நதி (நினைவலைகள்),லா. ச. ராமாமிருதம்,வரலாற்றுக் கட்டுரைகள்,Tamil,https://projectmadurai.org/pm_etexts/pdf/pm0525.pdf,https://projectmadurai.org/pm_etexts/utf8/pmuni0525.html,True,AUTO_DOWNLOAD_PERMISSION_BEFORE_REDISTRIBUTION,CONTACT_PROJECT_COORDINATORS_AND_RETAIN_HEADERS,pmadurai@gmail.com,Freeze all available formats; preserve each header; request confirmation before Devam online redistribution and commercial use.,https://projectmadurai.org/pmworks.html
PM-526-0664,526,சேக்கிழார் : ஆராய்ச்சி நூல்,மா. இராசமாணிக்கனார்,ஆராய்ச்சிக் கட்டுரைகள்,Tamil,https://projectmadurai.org/pm_etexts/pdf/pm0526.pdf,https://projectmadurai.org/pm_etexts/utf8/pmuni0526.html,True,AUTO_DOWNLOAD_PERMISSION_BEFORE_REDISTRIBUTION,CONTACT_PROJECT_COORDINATORS_AND_RETAIN_HEADERS,pmadurai@gmail.com,Freeze all available formats; preserve each header; request confirmation before Devam online redistribution and commercial use.,https://projectmadurai.org/pmworks.html
PM-527-0665,527,"காஞ்சிப் புராணம் / காண்டம் 2, பகுதி 6 / 8. இருபத்தெண்டளிப் படலம் (செய்யுள் 1681-2113)",கச்சியப்ப முனிவர்,புராணம்,Tamil,https://projectmadurai.org/pm_etexts/pdf/pm0527.pdf,https://projectmadurai.org/pm_etexts/utf8/pmuni0527.html,True,AUTO_DOWNLOAD_PERMISSION_BEFORE_REDISTRIBUTION,CONTACT_PROJECT_COORDINATORS_AND_RETAIN_HEADERS,pmadurai@gmail.com,Freeze all available formats; preserve each header; request confirmation before Devam online redistribution and commercial use.,https://projectmadurai.org/pmworks.html
PM-528-0666,528,சைவ சமயம் (கட்டுரைகள்),மா. இராசமாணிக்கனார்,ஆராய்ச்சிக் கட்டுரைகள்,Tamil,https://projectmadurai.org/pm_etexts/pdf/pm0528.pdf,https://projectmadurai.org/pm_etexts/utf8/pmuni0528.html,True,AUTO_DOWNLOAD_PERMISSION_BEFORE_REDISTRIBUTION,CONTACT_PROJECT_COORDINATORS_AND_RETAIN_HEADERS,pmadurai@gmail.com,Freeze all available formats; preserve each header; request confirmation before Devam online redistribution and commercial use.,https://projectmadurai.org/pmworks.html
PM-529-0667,529,"பகவத் கீதை- பாரதியார் முன்னுரை, விளக்க உரை",சி. சுப்ரமணிய பாரதியார்,"உரை, கட்டுரைகள்",Tamil,https://projectmadurai.org/pm_etexts/pdf/pm0529.pdf,https://projectmadurai.org/pm_etexts/utf8/pmuni0529.html,True,AUTO_DOWNLOAD_PERMISSION_BEFORE_REDISTRIBUTION,CONTACT_PROJECT_COORDINATORS_AND_RETAIN_HEADERS,pmadurai@gmail.com,Freeze all available formats; preserve each header; request confirmation before Devam online redistribution and commercial use.,https://projectmadurai.org/pmworks.html
PM-530-0668,530,தமிழர் நாட்டுப் பாடல்கள் - பாகம் 1& 2,தொகுப்பாசிரியர்: நா. வானமாமலை,நாட்டுப் பாடல்கள்,Tamil,https://projectmadurai.org/pm_etexts/pdf/pm0530_01.pdf | https://projectmadurai.org/pm_etexts/pdf/pm0530_02.pdf,https://projectmadurai.org/pm_etexts/utf8/pmuni0530_01.html | https://projectmadurai.org/pm_etexts/utf8/pmuni0530_02.html,True,AUTO_DOWNLOAD_PERMISSION_BEFORE_REDISTRIBUTION,CONTACT_PROJECT_COORDINATORS_AND_RETAIN_HEADERS,pmadurai@gmail.com,Freeze all available formats; preserve each header; request confirmation before Devam online redistribution and commercial use.,https://projectmadurai.org/pmworks.html
PM-531-0669,531,புற நானூறு - மூலமும் விளக்க உரையும்,ஔவை துரைசாமி பிள்ளை,சங்ககாலம் – எட்டுத்தொகை,Tamil,https://projectmadurai.org/pm_etexts/pdf/pm0531_01.pdf | https://projectmadurai.org/pm_etexts/pdf/pm0531_02.pdf | https://projectmadurai.org/pm_etexts/pdf/pm0531_03.pdf,https://projectmadurai.org/pm_etexts/utf8/pmuni0531_01.html | https://projectmadurai.org/pm_etexts/utf8/pmuni0531_02.html | https://projectmadurai.org/pm_etexts/utf8/pmuni0531_03.html,True,AUTO_DOWNLOAD_PERMISSION_BEFORE_REDISTRIBUTION,CONTACT_PROJECT_COORDINATORS_AND_RETAIN_HEADERS,pmadurai@gmail.com,Freeze all available formats; preserve each header; request confirmation before Devam online redistribution and commercial use.,https://projectmadurai.org/pmworks.html
PM-532-0670,532,பாரதியும் உலகமும்,ம. ப. பெரியசாமித் தூரன்,கட்டுரைகள்,Tamil,https://projectmadurai.org/pm_etexts/pdf/pm0532.pdf,https://projectmadurai.org/pm_etexts/utf8/pmuni0532.html,True,AUTO_DOWNLOAD_PERMISSION_BEFORE_REDISTRIBUTION,CONTACT_PROJECT_COORDINATORS_AND_RETAIN_HEADERS,pmadurai@gmail.com,Freeze all available formats; preserve each header; request confirmation before Devam online redistribution and commercial use.,https://projectmadurai.org/pmworks.html
PM-533-0671,533,அபிதா (நாவல்),லா. ச. ராமாமிருதம்,நாவல் - புதினம்,Tamil,https://projectmadurai.org/pm_etexts/pdf/pm0533.pdf,https://projectmadurai.org/pm_etexts/utf8/pmuni0533.html,True,AUTO_DOWNLOAD_PERMISSION_BEFORE_REDISTRIBUTION,CONTACT_PROJECT_COORDINATORS_AND_RETAIN_HEADERS,pmadurai@gmail.com,Freeze all available formats; preserve each header; request confirmation before Devam online redistribution and commercial use.,https://projectmadurai.org/pmworks.html
PM-534-0672,534,"அகநானூறு:பாகம் 3, செய்யுள் 301- 400, மூலமும் விளக்க உரையும்",ந.மு. வேங்கடசாமி நாட்டார்,சங்ககாலம் – எட்டுத்தொகை,Tamil,https://projectmadurai.org/pm_etexts/pdf/pm0534.pdf,https://projectmadurai.org/pm_etexts/utf8/pmuni0534.html,True,AUTO_DOWNLOAD_PERMISSION_BEFORE_REDISTRIBUTION,CONTACT_PROJECT_COORDINATORS_AND_RETAIN_HEADERS,pmadurai@gmail.com,Freeze all available formats; preserve each header; request confirmation before Devam online redistribution and commercial use.,https://projectmadurai.org/pmworks.html
PM-535-0673,535,சிரிக்கும் பூக்கள் (பாடல்கள் தொகுப்பு),அழ.வள்ளியப்பா,குழந்தைப் பாடல்கள்,Tamil,https://projectmadurai.org/pm_etexts/pdf/pm0535.pdf,https://projectmadurai.org/pm_etexts/utf8/pmuni0535.html,True,AUTO_DOWNLOAD_PERMISSION_BEFORE_REDISTRIBUTION,CONTACT_PROJECT_COORDINATORS_AND_RETAIN_HEADERS,pmadurai@gmail.com,Freeze all available formats; preserve each header; request confirmation before Devam online redistribution and commercial use.,https://projectmadurai.org/pmworks.html
PM-536-0674,536,கதைக் கொத்து,சி. சுப்ரமணிய பாரதியார்,சிறுகதைகள் தொகுப்பு,Tamil,https://projectmadurai.org/pm_etexts/pdf/pm0536.pdf,https://projectmadurai.org/pm_etexts/utf8/pmuni0536.html,True,AUTO_DOWNLOAD_PERMISSION_BEFORE_REDISTRIBUTION,CONTACT_PROJECT_COORDINATORS_AND_RETAIN_HEADERS,pmadurai@gmail.com,Freeze all available formats; preserve each header; request confirmation before Devam online redistribution and commercial use.,https://projectmadurai.org/pmworks.html
PM-537-0675,537,ஜனனி (சிறுகதைத் தொகுதி),லா. ச. இராமாமிருதம்,சிறுகதைகள் தொகுப்பு,Tamil,https://projectmadurai.org/pm_etexts/pdf/pm0537.pdf,https://projectmadurai.org/pm_etexts/utf8/pmuni0537.html,True,AUTO_DOWNLOAD_PERMISSION_BEFORE_REDISTRIBUTION,CONTACT_PROJECT_COORDINATORS_AND_RETAIN_HEADERS,pmadurai@gmail.com,Freeze all available formats; preserve each header; request confirmation before Devam online redistribution and commercial use.,https://projectmadurai.org/pmworks.html
PM-538-0676,538,நீலகேசி,,காப்பியங்கள்,Tamil,https://projectmadurai.org/pm_etexts/pdf/pm0538.pdf,https://projectmadurai.org/pm_etexts/utf8/pmuni0538.html,True,AUTO_DOWNLOAD_PERMISSION_BEFORE_REDISTRIBUTION,CONTACT_PROJECT_COORDINATORS_AND_RETAIN_HEADERS,pmadurai@gmail.com,Freeze all available formats; preserve each header; request confirmation before Devam online redistribution and commercial use.,https://projectmadurai.org/pmworks.html
PM-539-0677,539,இராமாயணம் /4. கிட்கிந்தா காண்டம் (இரண்டாம் பகுதி) /படலங்கள் 8-16,கம்பர்,இதிகாசம்,Tamil,https://projectmadurai.org/pm_etexts/pdf/pm0539.pdf,https://projectmadurai.org/pm_etexts/utf8/pmuni0539.html,True,AUTO_DOWNLOAD_PERMISSION_BEFORE_REDISTRIBUTION,CONTACT_PROJECT_COORDINATORS_AND_RETAIN_HEADERS,pmadurai@gmail.com,Freeze all available formats; preserve each header; request confirmation before Devam online redistribution and commercial use.,https://projectmadurai.org/pmworks.html
PM-540-0678,540,வாஷிங்டனில் திருமணம்,சாவி (சா.விஸ்வநாதன்),புதினம்,Tamil,https://projectmadurai.org/pm_etexts/pdf/pm0540.pdf,https://projectmadurai.org/pm_etexts/utf8/pmuni0540.html,True,AUTO_DOWNLOAD_PERMISSION_BEFORE_REDISTRIBUTION,CONTACT_PROJECT_COORDINATORS_AND_RETAIN_HEADERS,pmadurai@gmail.com,Freeze all available formats; preserve each header; request confirmation before Devam online redistribution and commercial use.,https://projectmadurai.org/pmworks.html
PM-541-0679,541,"இராமாயணம் /5. சுந்தர காண்டம் ( பகுதி 1, 2) /படலங்கள் 1-15",கம்பர்,இதிகாசம்,Tamil,https://projectmadurai.org/pm_etexts/pdf/pm0541_01.pdf | https://projectmadurai.org/pm_etexts/pdf/pm0541_02.pdf,https://projectmadurai.org/pm_etexts/utf8/pmuni0541_01.html | https://projectmadurai.org/pm_etexts/utf8/pmuni0541_02.html,True,AUTO_DOWNLOAD_PERMISSION_BEFORE_REDISTRIBUTION,CONTACT_PROJECT_COORDINATORS_AND_RETAIN_HEADERS,pmadurai@gmail.com,Freeze all available formats; preserve each header; request confirmation before Devam online redistribution and commercial use.,https://projectmadurai.org/pmworks.html
PM-542-0680,542,கட்டுரைகள் -தொகுப்பு - 1,சி. சுப்ரமணிய பாரதியார்,கட்டுரைகள்,Tamil,https://projectmadurai.org/pm_etexts/pdf/pm0542.pdf,https://projectmadurai.org/pm_etexts/utf8/pmuni0542.html,True,AUTO_DOWNLOAD_PERMISSION_BEFORE_REDISTRIBUTION,CONTACT_PROJECT_COORDINATORS_AND_RETAIN_HEADERS,pmadurai@gmail.com,Freeze all available formats; preserve each header; request confirmation before Devam online redistribution and commercial use.,https://projectmadurai.org/pmworks.html
PM-543-0681,543,வஸந்த கோகிலம்,வடுவூர் கே. துரைசாமி ஐயங்கார்,நாவல் - புதினம்,Tamil,https://projectmadurai.org/pm_etexts/pdf/pm0543.pdf,https://projectmadurai.org/pm_etexts/utf8/pmuni0543.html,True,AUTO_DOWNLOAD_PERMISSION_BEFORE_REDISTRIBUTION,CONTACT_PROJECT_COORDINATORS_AND_RETAIN_HEADERS,pmadurai@gmail.com,Freeze all available formats; preserve each header; request confirmation before Devam online redistribution and commercial use.,https://projectmadurai.org/pmworks.html
PM-544-0682,544,என் சரித்திரம் - பாகம் 1 & 2,உ.வே. சாமிநாத அய்யர்,சுய சரிதை,Tamil,https://projectmadurai.org/pm_etexts/pdf/pm0544_01.pdf | https://projectmadurai.org/pm_etexts/pdf/pm0544_02.pdf,https://projectmadurai.org/pm_etexts/utf8/pmuni0544_01.html | https://projectmadurai.org/pm_etexts/utf8/pmuni0544_02.html,True,AUTO_DOWNLOAD_PERMISSION_BEFORE_REDISTRIBUTION,CONTACT_PROJECT_COORDINATORS_AND_RETAIN_HEADERS,pmadurai@gmail.com,Freeze all available formats; preserve each header; request confirmation before Devam online redistribution and commercial use.,https://projectmadurai.org/pmworks.html
PM-545-0683,545,"இராமாயணம் /6. யுத்த காண்டம் ( பகுதி 1, 2) /படலங்கள் 1-15",கம்பர்,இதிகாசம்,Tamil,https://projectmadurai.org/pm_etexts/pdf/pm0545_01.pdf | https://projectmadurai.org/pm_etexts/pdf/pm0545_02.pdf,https://projectmadurai.org/pm_etexts/utf8/pmuni0545_01.html | https://projectmadurai.org/pm_etexts/utf8/pmuni0545_02.html,True,AUTO_DOWNLOAD_PERMISSION_BEFORE_REDISTRIBUTION,CONTACT_PROJECT_COORDINATORS_AND_RETAIN_HEADERS,pmadurai@gmail.com,Freeze all available formats; preserve each header; request confirmation before Devam online redistribution and commercial use.,https://projectmadurai.org/pmworks.html
PM-546-0684,546,திவான் லொடபட சிங் பகதூர்,வடுவூர் கே. துரைசாமி ஐயங்கார்,நாவல் - புதினம்,Tamil,https://projectmadurai.org/pm_etexts/pdf/pm0546.pdf,https://projectmadurai.org/pm_etexts/utf8/pmuni0546.html,True,AUTO_DOWNLOAD_PERMISSION_BEFORE_REDISTRIBUTION,CONTACT_PROJECT_COORDINATORS_AND_RETAIN_HEADERS,pmadurai@gmail.com,Freeze all available formats; preserve each header; request confirmation before Devam online redistribution and commercial use.,https://projectmadurai.org/pmworks.html
PM-547-0685,547,கரிப்பு மணிகள் (சமூக நாவல்),ராஜம் கிருஷ்ணன்,சமூக நாவல்,Tamil,https://projectmadurai.org/pm_etexts/pdf/pm0547.pdf,https://projectmadurai.org/pm_etexts/utf8/pmuni0547.html,True,AUTO_DOWNLOAD_PERMISSION_BEFORE_REDISTRIBUTION,CONTACT_PROJECT_COORDINATORS_AND_RETAIN_HEADERS,pmadurai@gmail.com,Freeze all available formats; preserve each header; request confirmation before Devam online redistribution and commercial use.,https://projectmadurai.org/pmworks.html
PM-548-0686,548,என் சரித்திரம் - பாகம் 3 & 4,உ.வே. சாமிநாத அய்யர்,சுய சரிதை,Tamil,https://projectmadurai.org/pm_etexts/pdf/pm0548_01.pdf | https://projectmadurai.org/pm_etexts/pdf/pm0548_02.pdf,https://projectmadurai.org/pm_etexts/utf8/pmuni0548_01.html | https://projectmadurai.org/pm_etexts/utf8/pmuni0548_02.html,True,AUTO_DOWNLOAD_PERMISSION_BEFORE_REDISTRIBUTION,CONTACT_PROJECT_COORDINATORS_AND_RETAIN_HEADERS,pmadurai@gmail.com,Freeze all available formats; preserve each header; request confirmation before Devam online redistribution and commercial use.,https://projectmadurai.org/pmworks.html
PM-549-0687,549,வளையாபதி (விளக்க உரையுடன்),பொ வே சோமசுந்தரனார் (உரை),காப்பியங்கள்,Tamil,https://projectmadurai.org/pm_etexts/pdf/pm0549.pdf,https://projectmadurai.org/pm_etexts/utf8/pmuni0549.html,True,AUTO_DOWNLOAD_PERMISSION_BEFORE_REDISTRIBUTION,CONTACT_PROJECT_COORDINATORS_AND_RETAIN_HEADERS,pmadurai@gmail.com,Freeze all available formats; preserve each header; request confirmation before Devam online redistribution and commercial use.,https://projectmadurai.org/pmworks.html
PM-550-0688,550,சங்க காலத்தில் தமிழ் நாட்டில் பெண்களின் நிலை,சி. பாலசுப்பிரமணியன் (சிற்பி),சொற்பொழிவு,Tamil,https://projectmadurai.org/pm_etexts/pdf/pm0550.pdf,https://projectmadurai.org/pm_etexts/utf8/pmuni0550.html,True,AUTO_DOWNLOAD_PERMISSION_BEFORE_REDISTRIBUTION,CONTACT_PROJECT_COORDINATORS_AND_RETAIN_HEADERS,pmadurai@gmail.com,Freeze all available formats; preserve each header; request confirmation before Devam online redistribution and commercial use.,https://projectmadurai.org/pmworks.html
PM-551-0689,551,அகல் விளக்கு (2 பாகங்களாக),மு. வரதராசனார்,நாவல் - புதினம்,Tamil,https://projectmadurai.org/pm_etexts/pdf/pm0551_01.pdf | https://projectmadurai.org/pm_etexts/pdf/pm0551_02.pdf,https://projectmadurai.org/pm_etexts/utf8/pmuni0551_01.html | https://projectmadurai.org/pm_etexts/utf8/pmuni0551_02.html,True,AUTO_DOWNLOAD_PERMISSION_BEFORE_REDISTRIBUTION,CONTACT_PROJECT_COORDINATORS_AND_RETAIN_HEADERS,pmadurai@gmail.com,Freeze all available formats; preserve each header; request confirmation before Devam online redistribution and commercial use.,https://projectmadurai.org/pmworks.html
PM-552-0690,552,அங்கும் இங்கும்,நெ. து. சுந்தரவடிவேலு,பயணக் கட்டுரைகள்,Tamil,https://projectmadurai.org/pm_etexts/pdf/pm0552.pdf,https://projectmadurai.org/pm_etexts/utf8/pmuni0552.html,True,AUTO_DOWNLOAD_PERMISSION_BEFORE_REDISTRIBUTION,CONTACT_PROJECT_COORDINATORS_AND_RETAIN_HEADERS,pmadurai@gmail.com,Freeze all available formats; preserve each header; request confirmation before Devam online redistribution and commercial use.,https://projectmadurai.org/pmworks.html
PM-553-0691,553,சுழலில் மிதக்கும் தீபங்கள்,ராஜம் கிருஷ்ணன்,சமூக நாவல்,Tamil,https://projectmadurai.org/pm_etexts/pdf/pm0553.pdf,https://projectmadurai.org/pm_etexts/utf8/pmuni0553.html,True,AUTO_DOWNLOAD_PERMISSION_BEFORE_REDISTRIBUTION,CONTACT_PROJECT_COORDINATORS_AND_RETAIN_HEADERS,pmadurai@gmail.com,Freeze all available formats; preserve each header; request confirmation before Devam online redistribution and commercial use.,https://projectmadurai.org/pmworks.html
PM-554-0692,554,வேரில் பழுத்த பலா,சு. சமுத்திரம்,சிறுகதைகள் தொகுப்பு,Tamil,https://projectmadurai.org/pm_etexts/pdf/pm0554.pdf,https://projectmadurai.org/pm_etexts/utf8/pmuni0554.html,True,AUTO_DOWNLOAD_PERMISSION_BEFORE_REDISTRIBUTION,CONTACT_PROJECT_COORDINATORS_AND_RETAIN_HEADERS,pmadurai@gmail.com,Freeze all available formats; preserve each header; request confirmation before Devam online redistribution and commercial use.,https://projectmadurai.org/pmworks.html
PM-555-0693,555,நேமிநாதம் (உரையுடன்),குணவீரபண்டிதர்,இலக்கண நூல்,Tamil,https://projectmadurai.org/pm_etexts/pdf/pm0555.pdf,https://projectmadurai.org/pm_etexts/utf8/pmuni0555.html,True,AUTO_DOWNLOAD_PERMISSION_BEFORE_REDISTRIBUTION,CONTACT_PROJECT_COORDINATORS_AND_RETAIN_HEADERS,pmadurai@gmail.com,Freeze all available formats; preserve each header; request confirmation before Devam online redistribution and commercial use.,https://projectmadurai.org/pmworks.html
PM-556-0694,556,என் சரித்திரம் - பாகம் 5,உ.வே. சாமிநாத அய்யர்,சுய சரிதை,Tamil,https://projectmadurai.org/pm_etexts/pdf/pm0556.pdf,https://projectmadurai.org/pm_etexts/utf8/pmuni0556.html,True,AUTO_DOWNLOAD_PERMISSION_BEFORE_REDISTRIBUTION,CONTACT_PROJECT_COORDINATORS_AND_RETAIN_HEADERS,pmadurai@gmail.com,Freeze all available formats; preserve each header; request confirmation before Devam online redistribution and commercial use.,https://projectmadurai.org/pmworks.html
PM-557-0695,557,தமிழ் நாவலின் தோற்றமும் வளர்ச்சியும்,கி. வா. ஜகந்நாதன்,சொற்பொழிவுகள்,Tamil,https://projectmadurai.org/pm_etexts/pdf/pm0557.pdf,https://projectmadurai.org/pm_etexts/utf8/pmuni0557.html,True,AUTO_DOWNLOAD_PERMISSION_BEFORE_REDISTRIBUTION,CONTACT_PROJECT_COORDINATORS_AND_RETAIN_HEADERS,pmadurai@gmail.com,Freeze all available formats; preserve each header; request confirmation before Devam online redistribution and commercial use.,https://projectmadurai.org/pmworks.html
PM-558-0696,558,"இராமாயணம் /6. யுத்த காண்டம் ( பகுதி 3, 4) /படலங்கள் 16-32",கம்பர்,இதிகாசம்,Tamil,https://projectmadurai.org/pm_etexts/pdf/pm0558_01.pdf | https://projectmadurai.org/pm_etexts/pdf/pm0558_02.pdf,https://projectmadurai.org/pm_etexts/utf8/pmuni0558_01.html | https://projectmadurai.org/pm_etexts/utf8/pmuni0558_02.html,True,AUTO_DOWNLOAD_PERMISSION_BEFORE_REDISTRIBUTION,CONTACT_PROJECT_COORDINATORS_AND_RETAIN_HEADERS,pmadurai@gmail.com,Freeze all available formats; preserve each header; request confirmation before Devam online redistribution and commercial use.,https://projectmadurai.org/pmworks.html
PM-559-0697,559,பாற்கடல்,லா.ச. இராமாமிருதம்,சுய சரிதை -இளமை நினைவுகள்,Tamil,https://projectmadurai.org/pm_etexts/pdf/pm0559.pdf,https://projectmadurai.org/pm_etexts/utf8/pmuni0559.html,True,AUTO_DOWNLOAD_PERMISSION_BEFORE_REDISTRIBUTION,CONTACT_PROJECT_COORDINATORS_AND_RETAIN_HEADERS,pmadurai@gmail.com,Freeze all available formats; preserve each header; request confirmation before Devam online redistribution and commercial use.,https://projectmadurai.org/pmworks.html
PM-560-0698,560,தாயுமானவர் பாடல்கள்,தாயுமானவர்,பாடல்கள் தொகுப்பு,Tamil,https://projectmadurai.org/pm_etexts/pdf/pm0560.pdf,https://projectmadurai.org/pm_etexts/utf8/pmuni0560.html,True,AUTO_DOWNLOAD_PERMISSION_BEFORE_REDISTRIBUTION,CONTACT_PROJECT_COORDINATORS_AND_RETAIN_HEADERS,pmadurai@gmail.com,Freeze all available formats; preserve each header; request confirmation before Devam online redistribution and commercial use.,https://projectmadurai.org/pmworks.html
PM-561-0699,561,"இராமாயணம் - யுத்த காண்டம் ( பகுதி 5, 6) படலங்கள் 26-32, 33-39",கம்பர்,இதிகாசம்,Tamil,https://projectmadurai.org/pm_etexts/pdf/pm0561_01.pdf | https://projectmadurai.org/pm_etexts/pdf/pm0561_02.pdf,https://projectmadurai.org/pm_etexts/utf8/pmuni0561_01.html | https://projectmadurai.org/pm_etexts/utf8/pmuni0561_02.html,True,AUTO_DOWNLOAD_PERMISSION_BEFORE_REDISTRIBUTION,CONTACT_PROJECT_COORDINATORS_AND_RETAIN_HEADERS,pmadurai@gmail.com,Freeze all available formats; preserve each header; request confirmation before Devam online redistribution and commercial use.,https://projectmadurai.org/pmworks.html
PM-562-0700,562,காக்கை விடு தூது,பாந்தளூர் வெண்கோழியார் ச. வெள்ளைவாரணனார் (தொகுப்பு),பிரபந்தம் - தூது,Tamil,https://projectmadurai.org/pm_etexts/pdf/pm0562.pdf,https://projectmadurai.org/pm_etexts/utf8/pmuni0562.html,True,AUTO_DOWNLOAD_PERMISSION_BEFORE_REDISTRIBUTION,CONTACT_PROJECT_COORDINATORS_AND_RETAIN_HEADERS,pmadurai@gmail.com,Freeze all available formats; preserve each header; request confirmation before Devam online redistribution and commercial use.,https://projectmadurai.org/pmworks.html
PM-563-0701,563,கவிச் சக்கரவர்த்தி ஒட்டக்கூத்தர்,சி. பாலசுப்பிரமணியன் (சிற்பி),சொற்பொழிவுகள் - ஆராய்ச்சிக் கட்டுரைகள்,Tamil,https://projectmadurai.org/pm_etexts/pdf/pm0563.pdf,https://projectmadurai.org/pm_etexts/utf8/pmuni0563.html,True,AUTO_DOWNLOAD_PERMISSION_BEFORE_REDISTRIBUTION,CONTACT_PROJECT_COORDINATORS_AND_RETAIN_HEADERS,pmadurai@gmail.com,Freeze all available formats; preserve each header; request confirmation before Devam online redistribution and commercial use.,https://projectmadurai.org/pmworks.html
PM-564-0702,564,சிறுகதைகள் தொகுப்பு- 4,ஜெயகாந்தன்,சிறுகதைகள் தொகுப்பு,Tamil,https://projectmadurai.org/pm_etexts/pdf/pm0564.pdf,https://projectmadurai.org/pm_etexts/utf8/pmuni0564.html,True,AUTO_DOWNLOAD_PERMISSION_BEFORE_REDISTRIBUTION,CONTACT_PROJECT_COORDINATORS_AND_RETAIN_HEADERS,pmadurai@gmail.com,Freeze all available formats; preserve each header; request confirmation before Devam online redistribution and commercial use.,https://projectmadurai.org/pmworks.html
PM-565-0703,565,சிறுகதைகள் தொகுப்பு- 3,புதுமைப்பித்தன்,சிறுகதைகள் தொகுப்பு,Tamil,https://projectmadurai.org/pm_etexts/pdf/pm0565.pdf,https://projectmadurai.org/pm_etexts/utf8/pmuni0565.html,True,AUTO_DOWNLOAD_PERMISSION_BEFORE_REDISTRIBUTION,CONTACT_PROJECT_COORDINATORS_AND_RETAIN_HEADERS,pmadurai@gmail.com,Freeze all available formats; preserve each header; request confirmation before Devam online redistribution and commercial use.,https://projectmadurai.org/pmworks.html
PM-566-0704,566,இலக்கியத்தில் இறை பக்தி,மாநிலன் (கி. ஜெகதீஸ்வரன்),கட்டுரைகள்,Tamil,https://projectmadurai.org/pm_etexts/pdf/pm0566.pdf,https://projectmadurai.org/pm_etexts/utf8/pmuni0566.html,True,AUTO_DOWNLOAD_PERMISSION_BEFORE_REDISTRIBUTION,CONTACT_PROJECT_COORDINATORS_AND_RETAIN_HEADERS,pmadurai@gmail.com,Freeze all available formats; preserve each header; request confirmation before Devam online redistribution and commercial use.,https://projectmadurai.org/pmworks.html
PM-567-0705,567,"மலையருவி (நாடோடிப் பாடல்கள்) - 1, 2",பர்ஸி மாக்வீன் (சேகரிப்பு) கி.வா.ஜகந்நாதன் (தொகுப்பு),நாடோடிப் பாடல்கள்,Tamil,https://projectmadurai.org/pm_etexts/pdf/pm0567_01.pdf | https://projectmadurai.org/pm_etexts/pdf/pm0567_02.pdf,https://projectmadurai.org/pm_etexts/utf8/pmuni0567_01.html | https://projectmadurai.org/pm_etexts/utf8/pmuni0567_02.html,True,AUTO_DOWNLOAD_PERMISSION_BEFORE_REDISTRIBUTION,CONTACT_PROJECT_COORDINATORS_AND_RETAIN_HEADERS,pmadurai@gmail.com,Freeze all available formats; preserve each header; request confirmation before Devam online redistribution and commercial use.,https://projectmadurai.org/pmworks.html
PM-568-0706,568,மலரும் உள்ளம் (சிறுவர் பாடல்கள் தொகுப்பு -1),கவிஞர் அழ.வள்ளியப்பா,சிறுவர் பாடல்கள்,Tamil,https://projectmadurai.org/pm_etexts/pdf/pm0568.pdf,https://projectmadurai.org/pm_etexts/utf8/pmuni0568.html,True,AUTO_DOWNLOAD_PERMISSION_BEFORE_REDISTRIBUTION,CONTACT_PROJECT_COORDINATORS_AND_RETAIN_HEADERS,pmadurai@gmail.com,Freeze all available formats; preserve each header; request confirmation before Devam online redistribution and commercial use.,https://projectmadurai.org/pmworks.html
PM-569-0707,569,சிக்கிமுக்கிக் கற்கள்,சு. சமுத்திரம்,சிறுகதைகள் தொகுப்பு,Tamil,https://projectmadurai.org/pm_etexts/pdf/pm0569.pdf,https://projectmadurai.org/pm_etexts/utf8/pmuni0569.html,True,AUTO_DOWNLOAD_PERMISSION_BEFORE_REDISTRIBUTION,CONTACT_PROJECT_COORDINATORS_AND_RETAIN_HEADERS,pmadurai@gmail.com,Freeze all available formats; preserve each header; request confirmation before Devam online redistribution and commercial use.,https://projectmadurai.org/pmworks.html
PM-570-0708,570,புதுக்கவிதையின் தோற்றமும் வளர்ச்சியும்,வல்லிக்கண்ணன்,ஆராய்ச்சிக் கட்டுரைகள்,Tamil,https://projectmadurai.org/pm_etexts/pdf/pm0570.pdf,https://projectmadurai.org/pm_etexts/utf8/pmuni0570.html,True,AUTO_DOWNLOAD_PERMISSION_BEFORE_REDISTRIBUTION,CONTACT_PROJECT_COORDINATORS_AND_RETAIN_HEADERS,pmadurai@gmail.com,Freeze all available formats; preserve each header; request confirmation before Devam online redistribution and commercial use.,https://projectmadurai.org/pmworks.html
PM-571-0709,571,சிறந்த கதைகள் பதிமூன்று (இந்திய மொழிகளிலிருந்து),வல்லிக்கண்ணன் (மொழிபெயர்ப்பு),சிறுகதைகள் தொகுப்பு,Tamil,https://projectmadurai.org/pm_etexts/pdf/pm0571.pdf,https://projectmadurai.org/pm_etexts/utf8/pmuni0571.html,True,AUTO_DOWNLOAD_PERMISSION_BEFORE_REDISTRIBUTION,CONTACT_PROJECT_COORDINATORS_AND_RETAIN_HEADERS,pmadurai@gmail.com,Freeze all available formats; preserve each header; request confirmation before Devam online redistribution and commercial use.,https://projectmadurai.org/pmworks.html
PM-572-0710,572,ஒரு மாமரமும் மரங்கொத்திப் பறவைகளும்,சு. சமுத்திரம்,சிறுகதைகள் தொகுப்பு,Tamil,https://projectmadurai.org/pm_etexts/pdf/pm0572.pdf,https://projectmadurai.org/pm_etexts/utf8/pmuni0572.html,True,AUTO_DOWNLOAD_PERMISSION_BEFORE_REDISTRIBUTION,CONTACT_PROJECT_COORDINATORS_AND_RETAIN_HEADERS,pmadurai@gmail.com,Freeze all available formats; preserve each header; request confirmation before Devam online redistribution and commercial use.,https://projectmadurai.org/pmworks.html
PM-573-0711,573,மருதூரந்தாதி,தலைமலைகண்டதேவர் ஆறுமுக நாவலர் உரையுடன்,பிரபந்தம் - அந்தாதி,Tamil,https://projectmadurai.org/pm_etexts/pdf/pm0573.pdf,https://projectmadurai.org/pm_etexts/utf8/pmuni0573.html,True,AUTO_DOWNLOAD_PERMISSION_BEFORE_REDISTRIBUTION,CONTACT_PROJECT_COORDINATORS_AND_RETAIN_HEADERS,pmadurai@gmail.com,Freeze all available formats; preserve each header; request confirmation before Devam online redistribution and commercial use.,https://projectmadurai.org/pmworks.html
PM-574-0712,574,பாண்டிமண்டல சதகம்,மதுரை ஐயம்பெருமாள்,பிரபந்தம் - சதகம்,Tamil,https://projectmadurai.org/pm_etexts/pdf/pm0574.pdf,https://projectmadurai.org/pm_etexts/utf8/pmuni0574.html,True,AUTO_DOWNLOAD_PERMISSION_BEFORE_REDISTRIBUTION,CONTACT_PROJECT_COORDINATORS_AND_RETAIN_HEADERS,pmadurai@gmail.com,Freeze all available formats; preserve each header; request confirmation before Devam online redistribution and commercial use.,https://projectmadurai.org/pmworks.html
PM-575-0713,575,சங்ககாலச் சான்றோர்கள்,ந. சஞ்சீவி,ஆராய்ச்சிக் கட்டுரைகள்,Tamil,https://projectmadurai.org/pm_etexts/pdf/pm0575.pdf,https://projectmadurai.org/pm_etexts/utf8/pmuni0575.html,True,AUTO_DOWNLOAD_PERMISSION_BEFORE_REDISTRIBUTION,CONTACT_PROJECT_COORDINATORS_AND_RETAIN_HEADERS,pmadurai@gmail.com,Freeze all available formats; preserve each header; request confirmation before Devam online redistribution and commercial use.,https://projectmadurai.org/pmworks.html
PM-576-0714,576,ராணி மங்கம்மாள்,தீபம் நா. பார்த்தசாரதி,சரித்திர நாவல்,Tamil,https://projectmadurai.org/pm_etexts/pdf/pm0576.pdf,https://projectmadurai.org/pm_etexts/utf8/pmuni0576.html,True,AUTO_DOWNLOAD_PERMISSION_BEFORE_REDISTRIBUTION,CONTACT_PROJECT_COORDINATORS_AND_RETAIN_HEADERS,pmadurai@gmail.com,Freeze all available formats; preserve each header; request confirmation before Devam online redistribution and commercial use.,https://projectmadurai.org/pmworks.html
PM-577-0715,577,வீரர் உலகம்,கி. வா. ஜகந்நாதன்,ஆராய்ச்சிக் கட்டுரைகள்,Tamil,https://projectmadurai.org/pm_etexts/pdf/pm0577.pdf,https://projectmadurai.org/pm_etexts/utf8/pmuni0577.html,True,AUTO_DOWNLOAD_PERMISSION_BEFORE_REDISTRIBUTION,CONTACT_PROJECT_COORDINATORS_AND_RETAIN_HEADERS,pmadurai@gmail.com,Freeze all available formats; preserve each header; request confirmation before Devam online redistribution and commercial use.,https://projectmadurai.org/pmworks.html
PM-578-0716,578,மனத்தின் தோற்றம்,சுந்தர சண்முகனார்,ஆராய்ச்சிக் கட்டுரைகள்,Tamil,https://projectmadurai.org/pm_etexts/pdf/pm0578.pdf,https://projectmadurai.org/pm_etexts/utf8/pmuni0578.html,True,AUTO_DOWNLOAD_PERMISSION_BEFORE_REDISTRIBUTION,CONTACT_PROJECT_COORDINATORS_AND_RETAIN_HEADERS,pmadurai@gmail.com,Freeze all available formats; preserve each header; request confirmation before Devam online redistribution and commercial use.,https://projectmadurai.org/pmworks.html
PM-579-0717,579,வல்லிக்கண்ணன் கதைகள் (இரு பாகங்களாக),வல்லிக்கண்ணன்,சிறுகதைகள் தொகுப்பு,Tamil,https://projectmadurai.org/pm_etexts/pdf/pm0579_01.pdf | https://projectmadurai.org/pm_etexts/pdf/pm0579_02.pdf,https://projectmadurai.org/pm_etexts/utf8/pmuni0579_01.html | https://projectmadurai.org/pm_etexts/utf8/pmuni0579_02.html,True,AUTO_DOWNLOAD_PERMISSION_BEFORE_REDISTRIBUTION,CONTACT_PROJECT_COORDINATORS_AND_RETAIN_HEADERS,pmadurai@gmail.com,Freeze all available formats; preserve each header; request confirmation before Devam online redistribution and commercial use.,https://projectmadurai.org/pmworks.html
PM-580-0718,580,துளசி மாடம்,தீபம் நா. பார்த்தசாரதி,சமூக நாவல்,Tamil,https://projectmadurai.org/pm_etexts/pdf/pm0580.pdf,https://projectmadurai.org/pm_etexts/utf8/pmuni0580.html,True,AUTO_DOWNLOAD_PERMISSION_BEFORE_REDISTRIBUTION,CONTACT_PROJECT_COORDINATORS_AND_RETAIN_HEADERS,pmadurai@gmail.com,Freeze all available formats; preserve each header; request confirmation before Devam online redistribution and commercial use.,https://projectmadurai.org/pmworks.html
PM-581-0719,581,நடராச சதகம்,ஸ்ரீமத் சிதம்பரநாத முனிவர்,பிரபந்தம் - சதகம்,Tamil,https://projectmadurai.org/pm_etexts/pdf/pm0581.pdf,https://projectmadurai.org/pm_etexts/utf8/pmuni0581.html,True,AUTO_DOWNLOAD_PERMISSION_BEFORE_REDISTRIBUTION,CONTACT_PROJECT_COORDINATORS_AND_RETAIN_HEADERS,pmadurai@gmail.com,Freeze all available formats; preserve each header; request confirmation before Devam online redistribution and commercial use.,https://projectmadurai.org/pmworks.html
PM-582-0720,582,சோழ மண்டல சதகம்,வேளூர் ஆத்ம நாத தேசிகர்,பிரபந்தம் - சதகம்,Tamil,https://projectmadurai.org/pm_etexts/pdf/pm0582.pdf,https://projectmadurai.org/pm_etexts/utf8/pmuni0582.html,True,AUTO_DOWNLOAD_PERMISSION_BEFORE_REDISTRIBUTION,CONTACT_PROJECT_COORDINATORS_AND_RETAIN_HEADERS,pmadurai@gmail.com,Freeze all available formats; preserve each header; request confirmation before Devam online redistribution and commercial use.,https://projectmadurai.org/pmworks.html
PM-583-0721,583,வஞ்சிமாநகரம்,தீபம் நா. பார்த்தசாரதி,சரித்திர நாவல்,Tamil,https://projectmadurai.org/pm_etexts/pdf/pm0583.pdf,https://projectmadurai.org/pm_etexts/utf8/pmuni0583.html,True,AUTO_DOWNLOAD_PERMISSION_BEFORE_REDISTRIBUTION,CONTACT_PROJECT_COORDINATORS_AND_RETAIN_HEADERS,pmadurai@gmail.com,Freeze all available formats; preserve each header; request confirmation before Devam online redistribution and commercial use.,https://projectmadurai.org/pmworks.html
PM-584-0722,584,சிலம்பு நெறி,குன்றக்குடி அடிகளார்,ஆராய்ச்சிக் கட்டுரைகள்,Tamil,https://projectmadurai.org/pm_etexts/pdf/pm0584.pdf,https://projectmadurai.org/pm_etexts/utf8/pmuni0584.html,True,AUTO_DOWNLOAD_PERMISSION_BEFORE_REDISTRIBUTION,CONTACT_PROJECT_COORDINATORS_AND_RETAIN_HEADERS,pmadurai@gmail.com,Freeze all available formats; preserve each header; request confirmation before Devam online redistribution and commercial use.,https://projectmadurai.org/pmworks.html
PM-585-0723,585,எங்கே போகிறோம்?,குன்றக்குடி அடிகளார்,வானொலி சொற்பொழிவுகள்,Tamil,https://projectmadurai.org/pm_etexts/pdf/pm0585.pdf,https://projectmadurai.org/pm_etexts/utf8/pmuni0585.html,True,AUTO_DOWNLOAD_PERMISSION_BEFORE_REDISTRIBUTION,CONTACT_PROJECT_COORDINATORS_AND_RETAIN_HEADERS,pmadurai@gmail.com,Freeze all available formats; preserve each header; request confirmation before Devam online redistribution and commercial use.,https://projectmadurai.org/pmworks.html
PM-585-0724,585,சீகாளத்திக் கலம்பகம்,திருஎவ்வுளுர் இராமசாமி செட்டியார்,பிரபந்தம் - கலம்பகம்,Tamil,https://projectmadurai.org/pm_etexts/pdf/pm0586.pdf,https://projectmadurai.org/pm_etexts/utf8/pmuni0586.html,True,AUTO_DOWNLOAD_PERMISSION_BEFORE_REDISTRIBUTION,CONTACT_PROJECT_COORDINATORS_AND_RETAIN_HEADERS,pmadurai@gmail.com,Freeze all available formats; preserve each header; request confirmation before Devam online redistribution and commercial use.,https://projectmadurai.org/pmworks.html
PM-587-0725,587,முது மொழிக் காஞ்சி,சுந்தர சண்முகனார் உரையுடன்,பதினெண் கீழ்க் கணக்கு நூல்,Tamil,https://projectmadurai.org/pm_etexts/pdf/pm0587.pdf,https://projectmadurai.org/pm_etexts/utf8/pmuni0587.html,True,AUTO_DOWNLOAD_PERMISSION_BEFORE_REDISTRIBUTION,CONTACT_PROJECT_COORDINATORS_AND_RETAIN_HEADERS,pmadurai@gmail.com,Freeze all available formats; preserve each header; request confirmation before Devam online redistribution and commercial use.,https://projectmadurai.org/pmworks.html
PM-588-0726,588,பல்லவப் பேரரசர்,மா. இராசமாணிக்கனார்,ஆராய்ச்சிக் கட்டுரைகள்,Tamil,https://projectmadurai.org/pm_etexts/pdf/pm0588.pdf,https://projectmadurai.org/pm_etexts/utf8/pmuni0588.html,True,AUTO_DOWNLOAD_PERMISSION_BEFORE_REDISTRIBUTION,CONTACT_PROJECT_COORDINATORS_AND_RETAIN_HEADERS,pmadurai@gmail.com,Freeze all available formats; preserve each header; request confirmation before Devam online redistribution and commercial use.,https://projectmadurai.org/pmworks.html
PM-589-0727,589,ஆழ்கடலில் சில ஆணிமுத்துகள்,சுந்தர சண்முகனார்,ஆராய்ச்சிக் கட்டுரைகள்,Tamil,https://projectmadurai.org/pm_etexts/pdf/pm0589.pdf,https://projectmadurai.org/pm_etexts/utf8/pmuni0589.html,True,AUTO_DOWNLOAD_PERMISSION_BEFORE_REDISTRIBUTION,CONTACT_PROJECT_COORDINATORS_AND_RETAIN_HEADERS,pmadurai@gmail.com,Freeze all available formats; preserve each header; request confirmation before Devam online redistribution and commercial use.,https://projectmadurai.org/pmworks.html
PM-590-0728,590,புதிய தமிழகம்,மா. இராசமாணிக்கனார்,ஆராய்ச்சிக் கட்டுரைகள்,Tamil,https://projectmadurai.org/pm_etexts/pdf/pm0590.pdf,https://projectmadurai.org/pm_etexts/utf8/pmuni0590.html,True,AUTO_DOWNLOAD_PERMISSION_BEFORE_REDISTRIBUTION,CONTACT_PROJECT_COORDINATORS_AND_RETAIN_HEADERS,pmadurai@gmail.com,Freeze all available formats; preserve each header; request confirmation before Devam online redistribution and commercial use.,https://projectmadurai.org/pmworks.html
PM-591-0729,591,திருமுருகாற்றுப்படை,கி. வா. ஜகந்நாதன் பொழிப்புரையுடன்,சங்ககாலம் – பத்துப்பாட்டு,Tamil,https://projectmadurai.org/pm_etexts/pdf/pm0591.pdf,https://projectmadurai.org/pm_etexts/utf8/pmuni0591.html,True,AUTO_DOWNLOAD_PERMISSION_BEFORE_REDISTRIBUTION,CONTACT_PROJECT_COORDINATORS_AND_RETAIN_HEADERS,pmadurai@gmail.com,Freeze all available formats; preserve each header; request confirmation before Devam online redistribution and commercial use.,https://projectmadurai.org/pmworks.html
PM-592-0730,592,மனை விளக்கு (சங்கநூற் காட்சிகள்),கி. வா. ஜகந்நாதன்,ஆராய்ச்சிக் கட்டுரைகள்,Tamil,https://projectmadurai.org/pm_etexts/pdf/pm0592.pdf,https://projectmadurai.org/pm_etexts/utf8/pmuni0592.html,True,AUTO_DOWNLOAD_PERMISSION_BEFORE_REDISTRIBUTION,CONTACT_PROJECT_COORDINATORS_AND_RETAIN_HEADERS,pmadurai@gmail.com,Freeze all available formats; preserve each header; request confirmation before Devam online redistribution and commercial use.,https://projectmadurai.org/pmworks.html
PM-593-0731,593,குறிஞ்சித் தேன்,ராஜம் கிருஷ்ணன்,சமூக நாவல்,Tamil,https://projectmadurai.org/pm_etexts/pdf/pm0593.pdf,https://projectmadurai.org/pm_etexts/utf8/pmuni0593.html,True,AUTO_DOWNLOAD_PERMISSION_BEFORE_REDISTRIBUTION,CONTACT_PROJECT_COORDINATORS_AND_RETAIN_HEADERS,pmadurai@gmail.com,Freeze all available formats; preserve each header; request confirmation before Devam online redistribution and commercial use.,https://projectmadurai.org/pmworks.html
PM-594-0732,594,தாமரைப் பொய்கை (சங்கநூற் காட்சிகள்),கி. வா. ஜகந்நாதன்,ஆராய்ச்சிக் கட்டுரைகள்,Tamil,https://projectmadurai.org/pm_etexts/pdf/pm0594.pdf,https://projectmadurai.org/pm_etexts/utf8/pmuni0594.html,True,AUTO_DOWNLOAD_PERMISSION_BEFORE_REDISTRIBUTION,CONTACT_PROJECT_COORDINATORS_AND_RETAIN_HEADERS,pmadurai@gmail.com,Freeze all available formats; preserve each header; request confirmation before Devam online redistribution and commercial use.,https://projectmadurai.org/pmworks.html
PM-595-0733,595,இன்ப மாலை (சங்கநூற் காட்சிகள்),கி. வா. ஜகந்நாதன்,ஆராய்ச்சிக் கட்டுரைகள்,Tamil,https://projectmadurai.org/pm_etexts/pdf/pm0595.pdf,https://projectmadurai.org/pm_etexts/utf8/pmuni0595.html,True,AUTO_DOWNLOAD_PERMISSION_BEFORE_REDISTRIBUTION,CONTACT_PROJECT_COORDINATORS_AND_RETAIN_HEADERS,pmadurai@gmail.com,Freeze all available formats; preserve each header; request confirmation before Devam online redistribution and commercial use.,https://projectmadurai.org/pmworks.html
PM-596-0734,596,வனதேவியின் மைந்தர்கள்,ராஜம் கிருஷ்ணன்,சமூக நாவல்,Tamil,https://projectmadurai.org/pm_etexts/pdf/pm0596.pdf,https://projectmadurai.org/pm_etexts/utf8/pmuni0596.html,True,AUTO_DOWNLOAD_PERMISSION_BEFORE_REDISTRIBUTION,CONTACT_PROJECT_COORDINATORS_AND_RETAIN_HEADERS,pmadurai@gmail.com,Freeze all available formats; preserve each header; request confirmation before Devam online redistribution and commercial use.,https://projectmadurai.org/pmworks.html
PM-597-0735,597,உதயணகுமார காவியம்,பொ. வே. சோமசுந்தரனார் உரையுடன்,காப்பியங்கள்,Tamil,https://projectmadurai.org/pm_etexts/pdf/pm0597.pdf,https://projectmadurai.org/pm_etexts/utf8/pmuni0597.html,True,AUTO_DOWNLOAD_PERMISSION_BEFORE_REDISTRIBUTION,CONTACT_PROJECT_COORDINATORS_AND_RETAIN_HEADERS,pmadurai@gmail.com,Freeze all available formats; preserve each header; request confirmation before Devam online redistribution and commercial use.,https://projectmadurai.org/pmworks.html
PM-598-0736,598,சமணமும் தமிழும் (முதல் பாகம்),மயிலை சீனி. வேங்கடசாமி,ஆராய்ச்சிக் கட்டுரைகள்,Tamil,https://projectmadurai.org/pm_etexts/pdf/pm0598.pdf,https://projectmadurai.org/pm_etexts/utf8/pmuni0598.html,True,AUTO_DOWNLOAD_PERMISSION_BEFORE_REDISTRIBUTION,CONTACT_PROJECT_COORDINATORS_AND_RETAIN_HEADERS,pmadurai@gmail.com,Freeze all available formats; preserve each header; request confirmation before Devam online redistribution and commercial use.,https://projectmadurai.org/pmworks.html
PM-599-0737,599,பொருநராற்றுப்படை விளக்கம்,கி. வா. ஜகந்நாதன்,சங்ககாலம் – பத்துப்பாட்டு,Tamil,https://projectmadurai.org/pm_etexts/pdf/pm0599.pdf,https://projectmadurai.org/pm_etexts/utf8/pmuni0599.html,True,AUTO_DOWNLOAD_PERMISSION_BEFORE_REDISTRIBUTION,CONTACT_PROJECT_COORDINATORS_AND_RETAIN_HEADERS,pmadurai@gmail.com,Freeze all available formats; preserve each header; request confirmation before Devam online redistribution and commercial use.,https://projectmadurai.org/pmworks.html
PM-600-0738,600,சோழர் வரலாறு (3 பாகங்களாக),மா. இராசமாணிக்கனார்,ஆராய்ச்சிக் கட்டுரைகள்,Tamil,https://projectmadurai.org/pm_etexts/pdf/pm0600_01.pdf | https://projectmadurai.org/pm_etexts/pdf/pm0600_02.pdf | https://projectmadurai.org/pm_etexts/pdf/pm0600_03.pdf,https://projectmadurai.org/pm_etexts/utf8/pmuni0600_01.html | https://projectmadurai.org/pm_etexts/utf8/pmuni0600_02.html | https://projectmadurai.org/pm_etexts/utf8/pmuni0600_03.html,True,AUTO_DOWNLOAD_PERMISSION_BEFORE_REDISTRIBUTION,CONTACT_PROJECT_COORDINATORS_AND_RETAIN_HEADERS,pmadurai@gmail.com,Freeze all available formats; preserve each header; request confirmation before Devam online redistribution and commercial use.,https://projectmadurai.org/pmworks.html
PM-601-0739,601,நாக குமார காவியம்,மூலமும் சின்னசாமி நயினார் உரையும்,காப்பியம்,Tamil,https://projectmadurai.org/pm_etexts/pdf/pm0601.pdf,https://projectmadurai.org/pm_etexts/utf8/pmuni0601.html,True,AUTO_DOWNLOAD_PERMISSION_BEFORE_REDISTRIBUTION,CONTACT_PROJECT_COORDINATORS_AND_RETAIN_HEADERS,pmadurai@gmail.com,Freeze all available formats; preserve each header; request confirmation before Devam online redistribution and commercial use.,https://projectmadurai.org/pmworks.html
PM-602-0740,602,சூளாமணி - பாகம் 2 & 3,தோலாமொழித் தேவர்,காப்பியம்,Tamil,https://projectmadurai.org/pm_etexts/pdf/pm0602_01.pdf | https://projectmadurai.org/pm_etexts/pdf/pm0602_02.pdf,https://projectmadurai.org/pm_etexts/utf8/pmuni0602_01.html | https://projectmadurai.org/pm_etexts/utf8/pmuni0602_02.html,True,AUTO_DOWNLOAD_PERMISSION_BEFORE_REDISTRIBUTION,CONTACT_PROJECT_COORDINATORS_AND_RETAIN_HEADERS,pmadurai@gmail.com,Freeze all available formats; preserve each header; request confirmation before Devam online redistribution and commercial use.,https://projectmadurai.org/pmworks.html
PM-603-0741,603,ஸ்ரீஆண்டாள் பிள்ளைத்தமிழ்,மு. வேணுகோபாலசாமி நாயுடவர்கள் தொகுப்பு,பிரபந்தம் - பிள்ளைத்தமிழ்,Tamil,https://projectmadurai.org/pm_etexts/pdf/pm0603.pdf,https://projectmadurai.org/pm_etexts/utf8/pmuni0603.html,True,AUTO_DOWNLOAD_PERMISSION_BEFORE_REDISTRIBUTION,CONTACT_PROJECT_COORDINATORS_AND_RETAIN_HEADERS,pmadurai@gmail.com,Freeze all available formats; preserve each header; request confirmation before Devam online redistribution and commercial use.,https://projectmadurai.org/pmworks.html
PM-604-0742,604,எழு பெரு வள்ளல்கள்,கி. வா. ஜகந்நாதன்,இலக்கியக் கட்டுரைகள்,Tamil,https://projectmadurai.org/pm_etexts/pdf/pm0604.pdf,https://projectmadurai.org/pm_etexts/utf8/pmuni0604.html,True,AUTO_DOWNLOAD_PERMISSION_BEFORE_REDISTRIBUTION,CONTACT_PROJECT_COORDINATORS_AND_RETAIN_HEADERS,pmadurai@gmail.com,Freeze all available formats; preserve each header; request confirmation before Devam online redistribution and commercial use.,https://projectmadurai.org/pmworks.html
PM-605-0743,605,சதுரகிரி அறப்பளீசுர சதகம் (ஆங்கில மொழிபெயர்ப்பு),அம்பலவாணக் கவிராயரவர்கள்; கௌசல்யா ஹார்ட்,"பிரபந்தம் - சதகம், மொழிபெயர்ப்பு",Tamil,https://projectmadurai.org/pm_etexts/pdf/pm0605.pdf,https://projectmadurai.org/pm_etexts/utf8/pmuni0605.html,True,AUTO_DOWNLOAD_PERMISSION_BEFORE_REDISTRIBUTION,CONTACT_PROJECT_COORDINATORS_AND_RETAIN_HEADERS,pmadurai@gmail.com,Freeze all available formats; preserve each header; request confirmation before Devam online redistribution and commercial use.,https://projectmadurai.org/pmworks.html
PM-606-0744,606,வேத வித்து (நாவல்),சாவி (சா. விஸ்வநாதன்),நாவல் - புதினம்,Tamil,https://projectmadurai.org/pm_etexts/pdf/pm0606.pdf,https://projectmadurai.org/pm_etexts/utf8/pmuni0606.html,True,AUTO_DOWNLOAD_PERMISSION_BEFORE_REDISTRIBUTION,CONTACT_PROJECT_COORDINATORS_AND_RETAIN_HEADERS,pmadurai@gmail.com,Freeze all available formats; preserve each header; request confirmation before Devam online redistribution and commercial use.,https://projectmadurai.org/pmworks.html
PM-607-0745,607,"உமார் கயாம் (நாவல், 2 பாகங்களாக)",நாரா. நாச்சியப்பன்,வரலாறு / சரித்திரம்,Tamil,https://projectmadurai.org/pm_etexts/pdf/pm0607_01.pdf | https://projectmadurai.org/pm_etexts/pdf/pm0601_02.pdf,https://projectmadurai.org/pm_etexts/utf8/pmuni0607_01.html | https://projectmadurai.org/pm_etexts/utf8/pmuni0607_02.html,True,AUTO_DOWNLOAD_PERMISSION_BEFORE_REDISTRIBUTION,CONTACT_PROJECT_COORDINATORS_AND_RETAIN_HEADERS,pmadurai@gmail.com,Freeze all available formats; preserve each header; request confirmation before Devam online redistribution and commercial use.,https://projectmadurai.org/pmworks.html
PM-608-0746,608,கஞ்சகிரி சித்தேசர் சதகம்,சேலம் அநந்த நாராயண சர்மா,பிரபந்தம் - சதகம்,Tamil,https://projectmadurai.org/pm_etexts/pdf/pm0608.pdf,https://projectmadurai.org/pm_etexts/utf8/pmuni0608.html,True,AUTO_DOWNLOAD_PERMISSION_BEFORE_REDISTRIBUTION,CONTACT_PROJECT_COORDINATORS_AND_RETAIN_HEADERS,pmadurai@gmail.com,Freeze all available formats; preserve each header; request confirmation before Devam online redistribution and commercial use.,https://projectmadurai.org/pmworks.html
PM-609-0747,609,தமிழச்சி (கவிதைகள்),கவிஞர் வாணிதாசன்,கவிதைத் தொகுப்பு,Tamil,https://projectmadurai.org/pm_etexts/pdf/pm0609.pdf,https://projectmadurai.org/pm_etexts/utf8/pmuni0609.html,True,AUTO_DOWNLOAD_PERMISSION_BEFORE_REDISTRIBUTION,CONTACT_PROJECT_COORDINATORS_AND_RETAIN_HEADERS,pmadurai@gmail.com,Freeze all available formats; preserve each header; request confirmation before Devam online redistribution and commercial use.,https://projectmadurai.org/pmworks.html
PM-610-0748,610,அதிகமான் நெடுமான் அஞ்சி,கி. வா. ஜகந்நாதன்,இலக்கியக் கட்டுரைகள்,Tamil,https://projectmadurai.org/pm_etexts/pdf/pm0610.pdf,https://projectmadurai.org/pm_etexts/utf8/pmuni0610.html,True,AUTO_DOWNLOAD_PERMISSION_BEFORE_REDISTRIBUTION,CONTACT_PROJECT_COORDINATORS_AND_RETAIN_HEADERS,pmadurai@gmail.com,Freeze all available formats; preserve each header; request confirmation before Devam online redistribution and commercial use.,https://projectmadurai.org/pmworks.html
PM-611-0749,611,கொடி முல்லை (கவிதைகள்),கவிஞர் வாணிதாசன்,கவிதைத் தொகுப்பு,Tamil,https://projectmadurai.org/pm_etexts/pdf/pm0611.pdf,https://projectmadurai.org/pm_etexts/utf8/pmuni0611.html,True,AUTO_DOWNLOAD_PERMISSION_BEFORE_REDISTRIBUTION,CONTACT_PROJECT_COORDINATORS_AND_RETAIN_HEADERS,pmadurai@gmail.com,Freeze all available formats; preserve each header; request confirmation before Devam online redistribution and commercial use.,https://projectmadurai.org/pmworks.html
PM-612-0750,612,திருக்குறள் - கலைஞர் உரை,கலைஞர் மு. கருணாநிதி,நீதிநெறி – பதினெண்கீழ்க்கணக்கு,Tamil,https://projectmadurai.org/pm_etexts/pdf/pm0612.pdf,https://projectmadurai.org/pm_etexts/utf8/pmuni0612.html,True,AUTO_DOWNLOAD_PERMISSION_BEFORE_REDISTRIBUTION,CONTACT_PROJECT_COORDINATORS_AND_RETAIN_HEADERS,pmadurai@gmail.com,Freeze all available formats; preserve each header; request confirmation before Devam online redistribution and commercial use.,https://projectmadurai.org/pmworks.html
PM-613-0751,613,தமிழ் விருந்து,ரா.பி. சேதுப்பிள்ளை,இலக்கியக் கட்டுரைகள்,Tamil,https://projectmadurai.org/pm_etexts/pdf/pm0613.pdf,https://projectmadurai.org/pm_etexts/utf8/pmuni0613.html,True,AUTO_DOWNLOAD_PERMISSION_BEFORE_REDISTRIBUTION,CONTACT_PROJECT_COORDINATORS_AND_RETAIN_HEADERS,pmadurai@gmail.com,Freeze all available formats; preserve each header; request confirmation before Devam online redistribution and commercial use.,https://projectmadurai.org/pmworks.html
PM-614-0752,614,பிடியும் களிறும் (சங்கநூற் காட்சிகள்),கி. வா. ஜகங்காதன்,இலக்கியக் கட்டுரைகள்,Tamil,https://projectmadurai.org/pm_etexts/pdf/pm0614.pdf,https://projectmadurai.org/pm_etexts/utf8/pmuni0614.html,True,AUTO_DOWNLOAD_PERMISSION_BEFORE_REDISTRIBUTION,CONTACT_PROJECT_COORDINATORS_AND_RETAIN_HEADERS,pmadurai@gmail.com,Freeze all available formats; preserve each header; request confirmation before Devam online redistribution and commercial use.,https://projectmadurai.org/pmworks.html
PM-615-0753,615,வேலின் வெற்றி (கந்தபுராணத்தைத் தழுவி எழுதிய நூல்),ரா.பி. சேதுப்பிள்ளை,இலக்கியக் கட்டுரைகள்,Tamil,https://projectmadurai.org/pm_etexts/pdf/pm0615.pdf,https://projectmadurai.org/pm_etexts/utf8/pmuni0615.html,True,AUTO_DOWNLOAD_PERMISSION_BEFORE_REDISTRIBUTION,CONTACT_PROJECT_COORDINATORS_AND_RETAIN_HEADERS,pmadurai@gmail.com,Freeze all available formats; preserve each header; request confirmation before Devam online redistribution and commercial use.,https://projectmadurai.org/pmworks.html
PM-616-0754,616,திரிசரபுரம் ஸ்ரீ மீனாட்சிசுந்தரம் பிள்ளை சரித்திரம் - பாகம் 1,உ.வே. சாமிநாத அய்யர்,வரலாறு,Tamil,https://projectmadurai.org/pm_etexts/pdf/pm0616_01.pdf | https://projectmadurai.org/pm_etexts/pdf/pm0616_02.pdf,https://projectmadurai.org/pm_etexts/utf8/pmuni0616_01.html | https://projectmadurai.org/pm_etexts/utf8/pmuni0616_02.html,True,AUTO_DOWNLOAD_PERMISSION_BEFORE_REDISTRIBUTION,CONTACT_PROJECT_COORDINATORS_AND_RETAIN_HEADERS,pmadurai@gmail.com,Freeze all available formats; preserve each header; request confirmation before Devam online redistribution and commercial use.,https://projectmadurai.org/pmworks.html
PM-617-0755,617,"நித்திலவல்லி (நாவல், 3 பாகங்களாக)",தீபம் நா. பார்த்தசாரதி,சரித்திர நாவல்,Tamil,https://projectmadurai.org/pm_etexts/pdf/pm0617_01.pdf | https://projectmadurai.org/pm_etexts/pdf/pm0617_02.pdf | https://projectmadurai.org/pm_etexts/pdf/pm0617_03.pdf,https://projectmadurai.org/pm_etexts/utf8/pmuni0617_01.html | https://projectmadurai.org/pm_etexts/utf8/pmuni0617_02.html | https://projectmadurai.org/pm_etexts/utf8/pmuni0617_03.html,True,AUTO_DOWNLOAD_PERMISSION_BEFORE_REDISTRIBUTION,CONTACT_PROJECT_COORDINATORS_AND_RETAIN_HEADERS,pmadurai@gmail.com,Freeze all available formats; preserve each header; request confirmation before Devam online redistribution and commercial use.,https://projectmadurai.org/pmworks.html
PM-618-0756,618,தூதுத் திரட்டு (6 தூது நூல்கள்) 1. பெரிய தம்பி பிள்ளை பேரில் மான்விடு தூது 2. முத்துவீரப்பப் பிள்ளை பேரில் மான்விடு தூது 3. வெள்ளைய ராசேந்திரன் துகில்விடு தூது 4. செங்குந்தர் துகில்விடு தூது 5. சங்கரமூர்த்தி பேரில் விறலிவிடு தூது 6. மணவை - திருவேங்கடமுடையான் மேக விடு தூது,"புலவர் பசுபதி, சந்திரசேகரன் தொகுப்பு",பிரபந்தம் - தூது,Tamil,https://projectmadurai.org/pm_etexts/pdf/pm0618.pdf,https://projectmadurai.org/pm_etexts/utf8/pmuni0618.html,True,AUTO_DOWNLOAD_PERMISSION_BEFORE_REDISTRIBUTION,CONTACT_PROJECT_COORDINATORS_AND_RETAIN_HEADERS,pmadurai@gmail.com,Freeze all available formats; preserve each header; request confirmation before Devam online redistribution and commercial use.,https://projectmadurai.org/pmworks.html
PM-619-0757,619,சேற்றில் மனிதர்கள் (சமூக நாவல்),ராஜம் கிருஷ்ணன்,சமூக நாவல்,Tamil,https://projectmadurai.org/pm_etexts/pdf/pm0619.pdf,https://projectmadurai.org/pm_etexts/utf8/pmuni0619.html,True,AUTO_DOWNLOAD_PERMISSION_BEFORE_REDISTRIBUTION,CONTACT_PROJECT_COORDINATORS_AND_RETAIN_HEADERS,pmadurai@gmail.com,Freeze all available formats; preserve each header; request confirmation before Devam online redistribution and commercial use.,https://projectmadurai.org/pmworks.html
PM-620-0758,620,ஊருக்குள் ஒரு புரட்சி (நாவல்),சு. சமுத்திரம்,நாவல் - புதினம்,Tamil,https://projectmadurai.org/pm_etexts/pdf/pm0620.pdf,https://projectmadurai.org/pm_etexts/utf8/pmuni0620.html,True,AUTO_DOWNLOAD_PERMISSION_BEFORE_REDISTRIBUTION,CONTACT_PROJECT_COORDINATORS_AND_RETAIN_HEADERS,pmadurai@gmail.com,Freeze all available formats; preserve each header; request confirmation before Devam online redistribution and commercial use.,https://projectmadurai.org/pmworks.html
PM-621-0759,621,நாலாயிரத் திவ்வியப் பிரபந்தம் ஆங்கில மொழிபெயர்ப்பு - பாகம் 1 (1-947),கௌசல்யா ஹார்ட்,"சமயம் - வைணவம், மொழிபெயர்ப்பு",Tamil,https://projectmadurai.org/pm_etexts/pdf/pm0621_eng.pdf | https://projectmadurai.org/pm_etexts/pdf/pm0621_tam.pdf,https://projectmadurai.org/pm_etexts/utf8/pmuni0621_eng.html | https://projectmadurai.org/pm_etexts/utf8/pmuni0621_tam.html,True,AUTO_DOWNLOAD_PERMISSION_BEFORE_REDISTRIBUTION,CONTACT_PROJECT_COORDINATORS_AND_RETAIN_HEADERS,pmadurai@gmail.com,Freeze all available formats; preserve each header; request confirmation before Devam online redistribution and commercial use.,https://projectmadurai.org/pmworks.html
PM-622-0760,622,நாலாயிரத் திவ்வியப் பிரபந்தம் ஆங்கில மொழிபெயர்ப்பு - பாகம் 2 (948 -2081),கௌசல்யா ஹார்ட்,"சமயம் - வைணவம், மொழிபெயர்ப்பு",Tamil,https://projectmadurai.org/pm_etexts/pdf/pm0622_eng.pdf | https://projectmadurai.org/pm_etexts/pdf/pm0622_tam.pdf,https://projectmadurai.org/pm_etexts/utf8/pmuni0622_eng.html | https://projectmadurai.org/pm_etexts/utf8/pmuni0622_tam.html,True,AUTO_DOWNLOAD_PERMISSION_BEFORE_REDISTRIBUTION,CONTACT_PROJECT_COORDINATORS_AND_RETAIN_HEADERS,pmadurai@gmail.com,Freeze all available formats; preserve each header; request confirmation before Devam online redistribution and commercial use.,https://projectmadurai.org/pmworks.html
PM-623-0761,623,நாலாயிரத் திவ்வியப் பிரபந்தம் ஆங்கில மொழிபெயர்ப்பு - பாகம் 3 (2082-2970),கௌசல்யா ஹார்ட்,"சமயம் - வைணவம், மொழிபெயர்ப்பு",Tamil,https://projectmadurai.org/pm_etexts/pdf/pm0623_eng.pdf | https://projectmadurai.org/pm_etexts/pdf/pm0623_tam.pdf,https://projectmadurai.org/pm_etexts/utf8/pmuni0623_eng.html | https://projectmadurai.org/pm_etexts/utf8/pmuni0623_tam.html,True,AUTO_DOWNLOAD_PERMISSION_BEFORE_REDISTRIBUTION,CONTACT_PROJECT_COORDINATORS_AND_RETAIN_HEADERS,pmadurai@gmail.com,Freeze all available formats; preserve each header; request confirmation before Devam online redistribution and commercial use.,https://projectmadurai.org/pmworks.html
PM-624-0762,624,நாலாயிரத் திவ்வியப் பிரபந்தம் ஆங்கில மொழிபெயர்ப்பு - பாகம் 4 (2971-4000),கௌசல்யா ஹார்ட்,"சமயம் - வைணவம், மொழிபெயர்ப்பு",Tamil,https://projectmadurai.org/pm_etexts/pdf/pm0624_eng.pdf | https://projectmadurai.org/pm_etexts/pdf/pm0624_tam.pdf,https://projectmadurai.org/pm_etexts/utf8/pmuni0624_eng.html | https://projectmadurai.org/pm_etexts/utf8/pmuni0624_tam.html,True,AUTO_DOWNLOAD_PERMISSION_BEFORE_REDISTRIBUTION,CONTACT_PROJECT_COORDINATORS_AND_RETAIN_HEADERS,pmadurai@gmail.com,Freeze all available formats; preserve each header; request confirmation before Devam online redistribution and commercial use.,https://projectmadurai.org/pmworks.html
PM-625-0763,625,நெருப்புக் காடுகள் (மரபு கவிதை தொகுதிகள்),தென்னவன்,மரபு கவிதை,Tamil,https://projectmadurai.org/pm_etexts/pdf/pm0625.pdf,https://projectmadurai.org/pm_etexts/utf8/pmuni0625.html,True,AUTO_DOWNLOAD_PERMISSION_BEFORE_REDISTRIBUTION,CONTACT_PROJECT_COORDINATORS_AND_RETAIN_HEADERS,pmadurai@gmail.com,Freeze all available formats; preserve each header; request confirmation before Devam online redistribution and commercial use.,https://projectmadurai.org/pmworks.html
PM-626-0764,626,மாயூரநாதர் அந்தாதி,வே. முத்துஸாமி ஐயர்,பிரபந்தம் - அந்தாதி,Tamil,https://projectmadurai.org/pm_etexts/pdf/pm0626.pdf,https://projectmadurai.org/pm_etexts/utf8/pmuni0626.html,True,AUTO_DOWNLOAD_PERMISSION_BEFORE_REDISTRIBUTION,CONTACT_PROJECT_COORDINATORS_AND_RETAIN_HEADERS,pmadurai@gmail.com,Freeze all available formats; preserve each header; request confirmation before Devam online redistribution and commercial use.,https://projectmadurai.org/pmworks.html
PM-627-0765,627,சோமசுந்தர மும்மணிக்கோவை,அ. சோமசுந்தர முதலியார்,பிரபந்தம் - கோவை,Tamil,https://projectmadurai.org/pm_etexts/pdf/pm0627_01.pdf,https://projectmadurai.org/pm_etexts/utf8/pmuni0627_01.html,True,AUTO_DOWNLOAD_PERMISSION_BEFORE_REDISTRIBUTION,CONTACT_PROJECT_COORDINATORS_AND_RETAIN_HEADERS,pmadurai@gmail.com,Freeze all available formats; preserve each header; request confirmation before Devam online redistribution and commercial use.,https://projectmadurai.org/pmworks.html
PM-627-0766,627,மாவூற்று வேலப்பர் காவடிச் சிந்து,மீனாட்சிசுந்தர நாடார்,பிரபந்தம் - காவடிச் சிந்து,Tamil,https://projectmadurai.org/pm_etexts/pdf/pm0627_02.pdf,https://projectmadurai.org/pm_etexts/utf8/pmuni0627_02.html,True,AUTO_DOWNLOAD_PERMISSION_BEFORE_REDISTRIBUTION,CONTACT_PROJECT_COORDINATORS_AND_RETAIN_HEADERS,pmadurai@gmail.com,Freeze all available formats; preserve each header; request confirmation before Devam online redistribution and commercial use.,https://projectmadurai.org/pmworks.html
PM-628-0767,628,திருநறையூர் நம்பி மேகவிடு தூது,பிள்ளைப்பெருமாளையங்கார்,பிரபந்தம் - தூது,Tamil,https://projectmadurai.org/pm_etexts/pdf/pm0628.pdf,https://projectmadurai.org/pm_etexts/utf8/pmuni0628.html,True,AUTO_DOWNLOAD_PERMISSION_BEFORE_REDISTRIBUTION,CONTACT_PROJECT_COORDINATORS_AND_RETAIN_HEADERS,pmadurai@gmail.com,Freeze all available formats; preserve each header; request confirmation before Devam online redistribution and commercial use.,https://projectmadurai.org/pmworks.html
PM-629-0768,629,குமாஸ்தாவின் பெண்,அறிஞர் அண்ணா (கா. ந. அண்ணாதுரை),நாவல்,Tamil,https://projectmadurai.org/pm_etexts/pdf/pm0629.pdf,https://projectmadurai.org/pm_etexts/utf8/pmuni0629.html,True,AUTO_DOWNLOAD_PERMISSION_BEFORE_REDISTRIBUTION,CONTACT_PROJECT_COORDINATORS_AND_RETAIN_HEADERS,pmadurai@gmail.com,Freeze all available formats; preserve each header; request confirmation before Devam online redistribution and commercial use.,https://projectmadurai.org/pmworks.html
PM-630-0769,630,நவதந்திரக் கதைகள்,சி. சுப்ரமணிய பாரதியார்,சிறுகதைகள் - தொகுப்பு,Tamil,https://projectmadurai.org/pm_etexts/pdf/pm0630.pdf,https://projectmadurai.org/pm_etexts/utf8/pmuni0630.html,True,AUTO_DOWNLOAD_PERMISSION_BEFORE_REDISTRIBUTION,CONTACT_PROJECT_COORDINATORS_AND_RETAIN_HEADERS,pmadurai@gmail.com,Freeze all available formats; preserve each header; request confirmation before Devam online redistribution and commercial use.,https://projectmadurai.org/pmworks.html
PM-631-0770,631,சின்னச் சங்கரன் கதை,சி. சுப்ரமணிய பாரதியார்,சிறுகதைகள்,Tamil,https://projectmadurai.org/pm_etexts/pdf/pm0631.pdf,https://projectmadurai.org/pm_etexts/utf8/pmuni0631.html,True,AUTO_DOWNLOAD_PERMISSION_BEFORE_REDISTRIBUTION,CONTACT_PROJECT_COORDINATORS_AND_RETAIN_HEADERS,pmadurai@gmail.com,Freeze all available formats; preserve each header; request confirmation before Devam online redistribution and commercial use.,https://projectmadurai.org/pmworks.html
PM-632-0771,632,ஞானரதம் (உரைநடை),சி. சுப்ரமணிய பாரதியார்,கட்டுரைகள்,Tamil,https://projectmadurai.org/pm_etexts/pdf/pm0632.pdf,https://projectmadurai.org/pm_etexts/utf8/pmuni0632.html,True,AUTO_DOWNLOAD_PERMISSION_BEFORE_REDISTRIBUTION,CONTACT_PROJECT_COORDINATORS_AND_RETAIN_HEADERS,pmadurai@gmail.com,Freeze all available formats; preserve each header; request confirmation before Devam online redistribution and commercial use.,https://projectmadurai.org/pmworks.html
PM-633-0772,633,சிறுகதைகள் தொகுப்பு - பாகம் 1,சுப்பிரமணிய பாரதியார்,சிறுகதைகள் தொகுப்பு,Tamil,https://projectmadurai.org/pm_etexts/pdf/pm0633.pdf,https://projectmadurai.org/pm_etexts/utf8/pmuni0633.html,True,AUTO_DOWNLOAD_PERMISSION_BEFORE_REDISTRIBUTION,CONTACT_PROJECT_COORDINATORS_AND_RETAIN_HEADERS,pmadurai@gmail.com,Freeze all available formats; preserve each header; request confirmation before Devam online redistribution and commercial use.,https://projectmadurai.org/pmworks.html
PM-634-0773,634,"வடம் பிடிக்க வாங்க, ஜப்பானுக்கு!",சாவி (சா. விஸ்வநாதன்),நாவல் - புதினம்,Tamil,https://projectmadurai.org/pm_etexts/pdf/pm0634.pdf,https://projectmadurai.org/pm_etexts/utf8/pmuni0634.html,True,AUTO_DOWNLOAD_PERMISSION_BEFORE_REDISTRIBUTION,CONTACT_PROJECT_COORDINATORS_AND_RETAIN_HEADERS,pmadurai@gmail.com,Freeze all available formats; preserve each header; request confirmation before Devam online redistribution and commercial use.,https://projectmadurai.org/pmworks.html
PM-635-0774,635,குசேல வெண்பா,நா. சேதுராமய்யர்,பிரபந்தம் - வெண்பா,Tamil,https://projectmadurai.org/pm_etexts/pdf/pm0635.pdf,https://projectmadurai.org/pm_etexts/utf8/pmuni0635.html,True,AUTO_DOWNLOAD_PERMISSION_BEFORE_REDISTRIBUTION,CONTACT_PROJECT_COORDINATORS_AND_RETAIN_HEADERS,pmadurai@gmail.com,Freeze all available formats; preserve each header; request confirmation before Devam online redistribution and commercial use.,https://projectmadurai.org/pmworks.html
PM-636-0775,636,கல்கியின் சிறுகதைகள் தொகுப்பு பாகம் 1 (சிறுகதைகள் 1 - 15 ),கல்கி கிருஷ்ணமூர்த்தி,சிறுகதைகள் தொகுப்பு,Tamil,https://projectmadurai.org/pm_etexts/pdf/pm0636.pdf,https://projectmadurai.org/pm_etexts/utf8/pmuni0636.html,True,AUTO_DOWNLOAD_PERMISSION_BEFORE_REDISTRIBUTION,CONTACT_PROJECT_COORDINATORS_AND_RETAIN_HEADERS,pmadurai@gmail.com,Freeze all available formats; preserve each header; request confirmation before Devam online redistribution and commercial use.,https://projectmadurai.org/pmworks.html
PM-637-0776,637,கல்கியின் சிறுகதைகள் தொகுப்பு பாகம் 2 ( சிறுகதைகள் 16 - 30 ),கல்கி கிருஷ்ணமூர்த்தி,சிறுகதைகள் தொகுப்பு,Tamil,https://projectmadurai.org/pm_etexts/pdf/pm0637.pdf,https://projectmadurai.org/pm_etexts/utf8/pmuni0637.html,True,AUTO_DOWNLOAD_PERMISSION_BEFORE_REDISTRIBUTION,CONTACT_PROJECT_COORDINATORS_AND_RETAIN_HEADERS,pmadurai@gmail.com,Freeze all available formats; preserve each header; request confirmation before Devam online redistribution and commercial use.,https://projectmadurai.org/pmworks.html
PM-638-0777,638,கல்கியின் சிறுகதைகள் தொகுப்பு பாகம் 3 ( சிறுகதைகள் 31 - 45 ),கல்கி கிருஷ்ணமூர்த்தி,சிறுகதைகள் தொகுப்பு,Tamil,https://projectmadurai.org/pm_etexts/pdf/pm0638.pdf,https://projectmadurai.org/pm_etexts/utf8/pmuni0638.html,True,AUTO_DOWNLOAD_PERMISSION_BEFORE_REDISTRIBUTION,CONTACT_PROJECT_COORDINATORS_AND_RETAIN_HEADERS,pmadurai@gmail.com,Freeze all available formats; preserve each header; request confirmation before Devam online redistribution and commercial use.,https://projectmadurai.org/pmworks.html
PM-639-0778,639,கல்கியின் சிறுகதைகள் தொகுப்பு பாகம் 4 ( சிறுகதைகள் 46 - 60 ),கல்கி கிருஷ்ணமூர்த்தி,சிறுகதைகள் தொகுப்பு,Tamil,https://projectmadurai.org/pm_etexts/pdf/pm0639.pdf,https://projectmadurai.org/pm_etexts/utf8/pmuni0639.html,True,AUTO_DOWNLOAD_PERMISSION_BEFORE_REDISTRIBUTION,CONTACT_PROJECT_COORDINATORS_AND_RETAIN_HEADERS,pmadurai@gmail.com,Freeze all available formats; preserve each header; request confirmation before Devam online redistribution and commercial use.,https://projectmadurai.org/pmworks.html
PM-640-0779,640,கல்கியின் சிறுகதைகள் தொகுப்பு பாகம் 5 ( சிறுகதைகள் 61 - 75 ),கல்கி கிருஷ்ணமூர்த்தி,சிறுகதைகள் தொகுப்பு,Tamil,https://projectmadurai.org/pm_etexts/pdf/pm0640.pdf,https://projectmadurai.org/pm_etexts/utf8/pmuni0640.html,True,AUTO_DOWNLOAD_PERMISSION_BEFORE_REDISTRIBUTION,CONTACT_PROJECT_COORDINATORS_AND_RETAIN_HEADERS,pmadurai@gmail.com,Freeze all available formats; preserve each header; request confirmation before Devam online redistribution and commercial use.,https://projectmadurai.org/pmworks.html
PM-641-0780,641,சந்திரமோகன் ( நாடகம்),அறிஞர் அண்ணா (கா. ந. அண்ணாதுரை),நாடகம்,Tamil,https://projectmadurai.org/pm_etexts/pdf/pm0641.pdf,https://projectmadurai.org/pm_etexts/utf8/pmuni0641.html,True,AUTO_DOWNLOAD_PERMISSION_BEFORE_REDISTRIBUTION,CONTACT_PROJECT_COORDINATORS_AND_RETAIN_HEADERS,pmadurai@gmail.com,Freeze all available formats; preserve each header; request confirmation before Devam online redistribution and commercial use.,https://projectmadurai.org/pmworks.html
PM-642-0781,642,இலக்கிய இன்பம்,நாமக்கல் கவிஞர் இராமலிங்கம் பிள்ளை,ஆராய்ச்சிக் கட்டுரைகள்,Tamil,https://projectmadurai.org/pm_etexts/pdf/pm0642.pdf,https://projectmadurai.org/pm_etexts/utf8/pmuni0642.html,True,AUTO_DOWNLOAD_PERMISSION_BEFORE_REDISTRIBUTION,CONTACT_PROJECT_COORDINATORS_AND_RETAIN_HEADERS,pmadurai@gmail.com,Freeze all available formats; preserve each header; request confirmation before Devam online redistribution and commercial use.,https://projectmadurai.org/pmworks.html
PM-643-0782,643,விசிறி வாழை (காதல் நவீனம்),சாவி (சா. விஸ்வநாதன்),நாவல் - புதினம்,Tamil,https://projectmadurai.org/pm_etexts/pdf/pm0643.pdf,https://projectmadurai.org/pm_etexts/utf8/pmuni0643.html,True,AUTO_DOWNLOAD_PERMISSION_BEFORE_REDISTRIBUTION,CONTACT_PROJECT_COORDINATORS_AND_RETAIN_HEADERS,pmadurai@gmail.com,Freeze all available formats; preserve each header; request confirmation before Devam online redistribution and commercial use.,https://projectmadurai.org/pmworks.html
PM-644-0783,644,திருப்பேரூர்க் கிள்ளைவிடு தூது (உரையுடன்),கோயமுத்தூர் கந்தசாமி முதலியார்,பிரபந்தம் - தூது,Tamil,https://projectmadurai.org/pm_etexts/pdf/pm0644.pdf,https://projectmadurai.org/pm_etexts/utf8/pmuni0644.html,True,AUTO_DOWNLOAD_PERMISSION_BEFORE_REDISTRIBUTION,CONTACT_PROJECT_COORDINATORS_AND_RETAIN_HEADERS,pmadurai@gmail.com,Freeze all available formats; preserve each header; request confirmation before Devam online redistribution and commercial use.,https://projectmadurai.org/pmworks.html
PM-645-0784,645,திருமாலிருஞ் சோலைமலை அழகர் கிள்ளைவிடு தூது (உரையுடன்),பலபட்டடைச் சொக்கநாத பிள்ளை,பிரபந்தம் - தூது,Tamil,https://projectmadurai.org/pm_etexts/pdf/pm0645.pdf,https://projectmadurai.org/pm_etexts/utf8/pmuni0645.html,True,AUTO_DOWNLOAD_PERMISSION_BEFORE_REDISTRIBUTION,CONTACT_PROJECT_COORDINATORS_AND_RETAIN_HEADERS,pmadurai@gmail.com,Freeze all available formats; preserve each header; request confirmation before Devam online redistribution and commercial use.,https://projectmadurai.org/pmworks.html
PM-646-0785,646,ஸ்ரீ மீனாட்சிசுந்தரம் பிள்ளை சரித்திரம் -பாகம் 2,உ.வே. சாமிநாத அய்யர்,வரலாறு / சரித்திரம்,Tamil,https://projectmadurai.org/pm_etexts/pdf/pm0646_01.pdf | https://projectmadurai.org/pm_etexts/pdf/pm0646_02.pdf,https://projectmadurai.org/pm_etexts/utf8/pmuni0646_01.html | https://projectmadurai.org/pm_etexts/utf8/pmuni0646_02.html,True,AUTO_DOWNLOAD_PERMISSION_BEFORE_REDISTRIBUTION,CONTACT_PROJECT_COORDINATORS_AND_RETAIN_HEADERS,pmadurai@gmail.com,Freeze all available formats; preserve each header; request confirmation before Devam online redistribution and commercial use.,https://projectmadurai.org/pmworks.html
PM-647-0786,647,தமிழர் வளர்த்த அழகுக் கலைகள்,மயிலை சீனி. வேங்கடசாமி,ஆராய்ச்சிக் கட்டுரைகள்,Tamil,https://projectmadurai.org/pm_etexts/pdf/pm0647.pdf,https://projectmadurai.org/pm_etexts/utf8/pmuni0647.html,True,AUTO_DOWNLOAD_PERMISSION_BEFORE_REDISTRIBUTION,CONTACT_PROJECT_COORDINATORS_AND_RETAIN_HEADERS,pmadurai@gmail.com,Freeze all available formats; preserve each header; request confirmation before Devam online redistribution and commercial use.,https://projectmadurai.org/pmworks.html
PM-648-0787,648,பௌத்தமும் தமிழும்,மயிலை சீனி. வேங்கடசாமி,ஆராய்ச்சிக் கட்டுரைகள்,Tamil,https://projectmadurai.org/pm_etexts/pdf/pm0648.pdf,https://projectmadurai.org/pm_etexts/utf8/pmuni0648.html,True,AUTO_DOWNLOAD_PERMISSION_BEFORE_REDISTRIBUTION,CONTACT_PROJECT_COORDINATORS_AND_RETAIN_HEADERS,pmadurai@gmail.com,Freeze all available formats; preserve each header; request confirmation before Devam online redistribution and commercial use.,https://projectmadurai.org/pmworks.html
PM-649-0788,649,நீதிதேவன் மயக்கம் (நாடகம்),அறிஞர் அண்ணா (கா. ந. அண்ணாதுரை),நாடகம்,Tamil,https://projectmadurai.org/pm_etexts/pdf/pm0649.pdf,https://projectmadurai.org/pm_etexts/utf8/pmuni0649.html,True,AUTO_DOWNLOAD_PERMISSION_BEFORE_REDISTRIBUTION,CONTACT_PROJECT_COORDINATORS_AND_RETAIN_HEADERS,pmadurai@gmail.com,Freeze all available formats; preserve each header; request confirmation before Devam online redistribution and commercial use.,https://projectmadurai.org/pmworks.html
PM-650-0789,650,திருக்குறள் மூலமும் மணக்குடவர் உரையும்,திருவள்ளுவர் / மணக்குடவர் உரை,நீதிநெறி – பதினெண்கீழ்க்கணக்கு,Tamil,https://projectmadurai.org/pm_etexts/pdf/pm0650.pdf,https://projectmadurai.org/pm_etexts/utf8/pmuni0650.html,True,AUTO_DOWNLOAD_PERMISSION_BEFORE_REDISTRIBUTION,CONTACT_PROJECT_COORDINATORS_AND_RETAIN_HEADERS,pmadurai@gmail.com,Freeze all available formats; preserve each header; request confirmation before Devam online redistribution and commercial use.,https://projectmadurai.org/pmworks.html
PM-651-0790,651,வெற்றிவேற்கை (உரையும் கதைக்குறிப்பும்),அதிவீரராம பாண்டியன்,நீதிநெறி நூல்கள்,Tamil,https://projectmadurai.org/pm_etexts/pdf/pm0651.pdf,https://projectmadurai.org/pm_etexts/utf8/pmuni0651.html,True,AUTO_DOWNLOAD_PERMISSION_BEFORE_REDISTRIBUTION,CONTACT_PROJECT_COORDINATORS_AND_RETAIN_HEADERS,pmadurai@gmail.com,Freeze all available formats; preserve each header; request confirmation before Devam online redistribution and commercial use.,https://projectmadurai.org/pmworks.html
PM-652-0791,652,இலக்கியக் காட்சிகள்,சி. பாலசுப்பிரமணியன் (சிற்பி),ஆராய்ச்சிக் கட்டுரைகள்,Tamil,https://projectmadurai.org/pm_etexts/pdf/pm0652.pdf,https://projectmadurai.org/pm_etexts/utf8/pmuni0652.html,True,AUTO_DOWNLOAD_PERMISSION_BEFORE_REDISTRIBUTION,CONTACT_PROJECT_COORDINATORS_AND_RETAIN_HEADERS,pmadurai@gmail.com,Freeze all available formats; preserve each header; request confirmation before Devam online redistribution and commercial use.,https://projectmadurai.org/pmworks.html
PM-653-0792,653,தமிழ் வளர்த்த நகரங்கள்,அ. க. நவநீத கிருட்டிணன்,ஆராய்ச்சிக் கட்டுரைகள்,Tamil,https://projectmadurai.org/pm_etexts/pdf/pm0653.pdf,https://projectmadurai.org/pm_etexts/utf8/pmuni0653.html,True,AUTO_DOWNLOAD_PERMISSION_BEFORE_REDISTRIBUTION,CONTACT_PROJECT_COORDINATORS_AND_RETAIN_HEADERS,pmadurai@gmail.com,Freeze all available formats; preserve each header; request confirmation before Devam online redistribution and commercial use.,https://projectmadurai.org/pmworks.html
PM-654-0793,654,சுகுணசுந்தரி சரித்திரம்,மாயூரம் வேதநாயகம் பிள்ளை,நாவல் - புதிய பதிப்பு,Tamil,https://projectmadurai.org/pm_etexts/pdf/pm0654.pdf,https://projectmadurai.org/pm_etexts/utf8/pmuni0654.html,True,AUTO_DOWNLOAD_PERMISSION_BEFORE_REDISTRIBUTION,CONTACT_PROJECT_COORDINATORS_AND_RETAIN_HEADERS,pmadurai@gmail.com,Freeze all available formats; preserve each header; request confirmation before Devam online redistribution and commercial use.,https://projectmadurai.org/pmworks.html
PM-655-0794,655,பாசவதைப் பரணி (குறிப்புரையுடன்),உ.வே. சாமிநாத அய்யர் (தொகுப்பு),பிரபந்தம் - பரணி,Tamil,https://projectmadurai.org/pm_etexts/pdf/pm0655.pdf,https://projectmadurai.org/pm_etexts/utf8/pmuni0655.html,True,AUTO_DOWNLOAD_PERMISSION_BEFORE_REDISTRIBUTION,CONTACT_PROJECT_COORDINATORS_AND_RETAIN_HEADERS,pmadurai@gmail.com,Freeze all available formats; preserve each header; request confirmation before Devam online redistribution and commercial use.,https://projectmadurai.org/pmworks.html
PM-656-0795,656,"மணிபல்லவம் (சரித்திர நாவல்) - பாகம் 1, 2, 3",தீபம் நா. பார்த்தசாரதி,சரித்திர நாவல்,Tamil,https://projectmadurai.org/pm_etexts/pdf/pm0656_01.pdf | https://projectmadurai.org/pm_etexts/pdf/pm0656_02.pdf | https://projectmadurai.org/pm_etexts/pdf/pm0656_03.pdf,https://projectmadurai.org/pm_etexts/utf8/pmuni0656_01.html | https://projectmadurai.org/pm_etexts/utf8/pmuni0656_02.html | https://projectmadurai.org/pm_etexts/utf8/pmuni0656_03.html,True,AUTO_DOWNLOAD_PERMISSION_BEFORE_REDISTRIBUTION,CONTACT_PROJECT_COORDINATORS_AND_RETAIN_HEADERS,pmadurai@gmail.com,Freeze all available formats; preserve each header; request confirmation before Devam online redistribution and commercial use.,https://projectmadurai.org/pmworks.html
PM-657-0796,657,"சிதம்பரநாதர் திருவருட்பா, சிதம்பர வெண்பா, பரமராசியமாலை தில்லைச் சிவகாமியம்மை பிள்ளைத் தமிழ்)",,"பிரபந்தம் - வெண்பா, மாலை பிள்ளைத் தமிழ்",Tamil,https://projectmadurai.org/pm_etexts/pdf/pm0657.pdf,https://projectmadurai.org/pm_etexts/utf8/pmuni0657.html,True,AUTO_DOWNLOAD_PERMISSION_BEFORE_REDISTRIBUTION,CONTACT_PROJECT_COORDINATORS_AND_RETAIN_HEADERS,pmadurai@gmail.com,Freeze all available formats; preserve each header; request confirmation before Devam online redistribution and commercial use.,https://projectmadurai.org/pmworks.html
PM-658-0797,658,"மணிபல்லவம் (சரித்திர நாவல்) - பாகம் 4, 5",தீபம் நா. பார்த்தசாரதி,சரித்திர நாவல்,Tamil,https://projectmadurai.org/pm_etexts/pdf/pm0658_01.pdf | https://projectmadurai.org/pm_etexts/pdf/pm0656_02.pdf,https://projectmadurai.org/pm_etexts/utf8/pmuni0658_01.html | https://projectmadurai.org/pm_etexts/utf8/pmuni0658_02.html,True,AUTO_DOWNLOAD_PERMISSION_BEFORE_REDISTRIBUTION,CONTACT_PROJECT_COORDINATORS_AND_RETAIN_HEADERS,pmadurai@gmail.com,Freeze all available formats; preserve each header; request confirmation before Devam online redistribution and commercial use.,https://projectmadurai.org/pmworks.html
PM-659-0798,659,திருவாசகம் - ஆங்கில மொழிபெயர்ப்பு,மாணிக்க வாசகர் /கௌசல்யா ஹார்ட்,ஆங்கில மொழிபெயர்ப்பு,Tamil,https://projectmadurai.org/pm_etexts/pdf/pm0659.pdf,https://projectmadurai.org/pm_etexts/utf8/pmuni0659.html,True,AUTO_DOWNLOAD_PERMISSION_BEFORE_REDISTRIBUTION,CONTACT_PROJECT_COORDINATORS_AND_RETAIN_HEADERS,pmadurai@gmail.com,Freeze all available formats; preserve each header; request confirmation before Devam online redistribution and commercial use.,https://projectmadurai.org/pmworks.html
PM-660-0799,660,கூளப்ப நாயக்கன் விறலி விடு தூது,சுப்ர தீபக் கவி,பிரபந்தம் - தூது,Tamil,https://projectmadurai.org/pm_etexts/pdf/pm0660.pdf,https://projectmadurai.org/pm_etexts/utf8/pmuni0660.html,True,AUTO_DOWNLOAD_PERMISSION_BEFORE_REDISTRIBUTION,CONTACT_PROJECT_COORDINATORS_AND_RETAIN_HEADERS,pmadurai@gmail.com,Freeze all available formats; preserve each header; request confirmation before Devam online redistribution and commercial use.,https://projectmadurai.org/pmworks.html
PM-661-0800,661,தமிழ்ச் செல்வம்,ஔவை துரைசாமி பிள்ளை,இலக்கியக் கட்டுரைகள்,Tamil,https://projectmadurai.org/pm_etexts/pdf/pm0661.pdf,https://projectmadurai.org/pm_etexts/utf8/pmuni0661.html,True,AUTO_DOWNLOAD_PERMISSION_BEFORE_REDISTRIBUTION,CONTACT_PROJECT_COORDINATORS_AND_RETAIN_HEADERS,pmadurai@gmail.com,Freeze all available formats; preserve each header; request confirmation before Devam online redistribution and commercial use.,https://projectmadurai.org/pmworks.html
PM-662-0801,662,தண்ணீரைப் போற்றுவோம்,க. செயபாலன்,கவிதைகள்,Tamil,https://projectmadurai.org/pm_etexts/pdf/pm0662.pdf,https://projectmadurai.org/pm_etexts/utf8/pmuni0660.html,True,AUTO_DOWNLOAD_PERMISSION_BEFORE_REDISTRIBUTION,CONTACT_PROJECT_COORDINATORS_AND_RETAIN_HEADERS,pmadurai@gmail.com,Freeze all available formats; preserve each header; request confirmation before Devam online redistribution and commercial use.,https://projectmadurai.org/pmworks.html
PM-663-0802,663,வைராக்கிய சதகம்,சாந்தலிங்க சுவாமிகள் சிதம்பர சுவாமிகள் உரையுடன்,பிரபந்தம் - சதகம்,Tamil,https://projectmadurai.org/pm_etexts/pdf/pm0663.pdf,https://projectmadurai.org/pm_etexts/utf8/pmuni0663.html,True,AUTO_DOWNLOAD_PERMISSION_BEFORE_REDISTRIBUTION,CONTACT_PROJECT_COORDINATORS_AND_RETAIN_HEADERS,pmadurai@gmail.com,Freeze all available formats; preserve each header; request confirmation before Devam online redistribution and commercial use.,https://projectmadurai.org/pmworks.html
PM-664-0803,664,சீவகசிந்தாமணி பாகம் 1 &2 - மூலமும்,திருத்தக்க தேவர் சோமசுந்தரனார் உரையுடன்,காப்பியம்,Tamil,https://projectmadurai.org/pm_etexts/pdf/pm0664_01.pdf | https://projectmadurai.org/pm_etexts/pdf/pm0664_02.pdf,https://projectmadurai.org/pm_etexts/utf8/pmuni0664_01.html | https://projectmadurai.org/pm_etexts/utf8/pmuni0664_02.html,True,AUTO_DOWNLOAD_PERMISSION_BEFORE_REDISTRIBUTION,CONTACT_PROJECT_COORDINATORS_AND_RETAIN_HEADERS,pmadurai@gmail.com,Freeze all available formats; preserve each header; request confirmation before Devam online redistribution and commercial use.,https://projectmadurai.org/pmworks.html
PM-665-0804,665,திருக்குறள் - ஆங்கில மொழிபெயர்ப்பு,இராமசந்திர தீக்‌ஷிதர்,ஆங்கில மொழிபெயர்ப்பு,Tamil,https://projectmadurai.org/pm_etexts/pdf/pm0665.pdf,https://projectmadurai.org/pm_etexts/utf8/pmuni0665.html,True,AUTO_DOWNLOAD_PERMISSION_BEFORE_REDISTRIBUTION,CONTACT_PROJECT_COORDINATORS_AND_RETAIN_HEADERS,pmadurai@gmail.com,Freeze all available formats; preserve each header; request confirmation before Devam online redistribution and commercial use.,https://projectmadurai.org/pmworks.html
PM-666-0805,666,முதலொலியலந்தாதி,தண்டபாணி சுவாமிகள்,பிரபந்தம் - அந்தாதி,Tamil,https://projectmadurai.org/pm_etexts/pdf/pm0666.pdf,https://projectmadurai.org/pm_etexts/utf8/pmuni0666.html,True,AUTO_DOWNLOAD_PERMISSION_BEFORE_REDISTRIBUTION,CONTACT_PROJECT_COORDINATORS_AND_RETAIN_HEADERS,pmadurai@gmail.com,Freeze all available formats; preserve each header; request confirmation before Devam online redistribution and commercial use.,https://projectmadurai.org/pmworks.html
PM-667-0806,667,"கலம்பகக் கொத்து (பேரைக் கலம்பகம்,திருமயிலாசலக் கலம்பகம் ஞான விநோதன் கலம்பகம்",த. சந்திரசேகரன் (தொகுப்பு),பிரபந்தம் - கலம்பகம்,Tamil,https://projectmadurai.org/pm_etexts/pdf/pm0667.pdf,https://projectmadurai.org/pm_etexts/utf8/pmuni0667.html,True,AUTO_DOWNLOAD_PERMISSION_BEFORE_REDISTRIBUTION,CONTACT_PROJECT_COORDINATORS_AND_RETAIN_HEADERS,pmadurai@gmail.com,Freeze all available formats; preserve each header; request confirmation before Devam online redistribution and commercial use.,https://projectmadurai.org/pmworks.html
PM-668-0807,668,தமிழ் நாடக வரலாறும் சங்கரதாச சுவாமிகளும்,அ. ச. ஞானசம்பந்தன்,நாடக வரலாறு,Tamil,https://projectmadurai.org/pm_etexts/pdf/pm0668.pdf,https://projectmadurai.org/pm_etexts/utf8/pmuni0668.html,True,AUTO_DOWNLOAD_PERMISSION_BEFORE_REDISTRIBUTION,CONTACT_PROJECT_COORDINATORS_AND_RETAIN_HEADERS,pmadurai@gmail.com,Freeze all available formats; preserve each header; request confirmation before Devam online redistribution and commercial use.,https://projectmadurai.org/pmworks.html
PM-669-0808,669,பாரதியும் பாரதிதாசனும்,அ. ச. ஞானசம்பந்தன்,ஆராய்ச்சிக் கட்டுரைகள்,Tamil,https://projectmadurai.org/pm_etexts/pdf/pm0669.pdf,https://projectmadurai.org/pm_etexts/utf8/pmuni0669.html,True,AUTO_DOWNLOAD_PERMISSION_BEFORE_REDISTRIBUTION,CONTACT_PROJECT_COORDINATORS_AND_RETAIN_HEADERS,pmadurai@gmail.com,Freeze all available formats; preserve each header; request confirmation before Devam online redistribution and commercial use.,https://projectmadurai.org/pmworks.html
PM-670-0809,670,"சீவகசிந்தாமணி, பாகம் 3 & 4 - மூலமும்",திருத்தக்க தேவர் சோமசுந்தரனார் உரையுடன்,காப்பியம்,Tamil,https://projectmadurai.org/pm_etexts/pdf/pm0670_01.pdf | https://projectmadurai.org/pm_etexts/pdf/pm0670_02.pdf,https://projectmadurai.org/pm_etexts/utf8/pmuni0670_01.html | https://projectmadurai.org/pm_etexts/utf8/pmuni0670_02.html,True,AUTO_DOWNLOAD_PERMISSION_BEFORE_REDISTRIBUTION,CONTACT_PROJECT_COORDINATORS_AND_RETAIN_HEADERS,pmadurai@gmail.com,Freeze all available formats; preserve each header; request confirmation before Devam online redistribution and commercial use.,https://projectmadurai.org/pmworks.html
PM-671-0810,671,மங்களசாமி மாலை,சா.மாணிக்கவாசகம் & சா. சம்பந்தம்,செய்யுள் தொகுப்பு,Tamil,https://projectmadurai.org/pm_etexts/pdf/pm0671.pdf,https://projectmadurai.org/pm_etexts/utf8/pmuni0671.html,True,AUTO_DOWNLOAD_PERMISSION_BEFORE_REDISTRIBUTION,CONTACT_PROJECT_COORDINATORS_AND_RETAIN_HEADERS,pmadurai@gmail.com,Freeze all available formats; preserve each header; request confirmation before Devam online redistribution and commercial use.,https://projectmadurai.org/pmworks.html
PM-672-0811,672,"சீவகசிந்தாமணி, பாகம் 5 - மூலமும் (verses till 3145)",திருத்தக்க தேவர் சோமசுந்தரனார் உரையுடன்,காப்பியம்,Tamil,https://projectmadurai.org/pm_etexts/pdf/pm0672_01.pdf | https://projectmadurai.org/pm_etexts/pdf/pm0672_02.pdf | https://projectmadurai.org/pm_etexts/pdf/pm0672_03.pdf,https://projectmadurai.org/pm_etexts/utf8/pmuni0672_01.html | https://projectmadurai.org/pm_etexts/utf8/pmuni0672_02.html | https://projectmadurai.org/pm_etexts/utf8/pmuni0672_03.html,True,AUTO_DOWNLOAD_PERMISSION_BEFORE_REDISTRIBUTION,CONTACT_PROJECT_COORDINATORS_AND_RETAIN_HEADERS,pmadurai@gmail.com,Freeze all available formats; preserve each header; request confirmation before Devam online redistribution and commercial use.,https://projectmadurai.org/pmworks.html
PM-673-0812,673,தமிழ் பழமொழிகள் தொகுப்பு ஆங்கில மொழியர்ப்புடன்,பெர்சிவால்,பழமொழிகள்,Tamil,https://projectmadurai.org/pm_etexts/pdf/pm0673_01.pdf | https://projectmadurai.org/pm_etexts/pdf/pm0673_02.pdf,https://projectmadurai.org/pm_etexts/utf8/pmuni0673_01.html | https://projectmadurai.org/pm_etexts/utf8/pmuni0673_02.html,True,AUTO_DOWNLOAD_PERMISSION_BEFORE_REDISTRIBUTION,CONTACT_PROJECT_COORDINATORS_AND_RETAIN_HEADERS,pmadurai@gmail.com,Freeze all available formats; preserve each header; request confirmation before Devam online redistribution and commercial use.,https://projectmadurai.org/pmworks.html
PM-674-0813,674,மாந்தருக்குள் ஒரு தெய்வம் முதற் பாகம்,கல்கி (ரா. கிருஷ்ணமூர்த்தி),மகாத்மா காந்தி வரலாறு,Tamil,https://projectmadurai.org/pm_etexts/pdf/pm0674_01.pdf | https://projectmadurai.org/pm_etexts/pdf/pm0674_02.pdf,https://projectmadurai.org/pm_etexts/utf8/pmuni0674_01.html | https://projectmadurai.org/pm_etexts/utf8/pmuni0674_02.html,True,AUTO_DOWNLOAD_PERMISSION_BEFORE_REDISTRIBUTION,CONTACT_PROJECT_COORDINATORS_AND_RETAIN_HEADERS,pmadurai@gmail.com,Freeze all available formats; preserve each header; request confirmation before Devam online redistribution and commercial use.,https://projectmadurai.org/pmworks.html
PM-675-0814,675,"பித்தளை அல்ல, பொன்னே தான்!",அறிஞர் அண்ணா (க. நா. அண்ணாதுரை),சிறுகதைகள்,Tamil,https://projectmadurai.org/pm_etexts/pdf/pm0675.pdf,https://projectmadurai.org/pm_etexts/utf8/pmuni0675.html,True,AUTO_DOWNLOAD_PERMISSION_BEFORE_REDISTRIBUTION,CONTACT_PROJECT_COORDINATORS_AND_RETAIN_HEADERS,pmadurai@gmail.com,Freeze all available formats; preserve each header; request confirmation before Devam online redistribution and commercial use.,https://projectmadurai.org/pmworks.html
PM-676-0815,676,ஓர் இரவு,அறிஞர் அண்ணா (க. நா. அண்ணாதுரை),நாடகம்,Tamil,https://projectmadurai.org/pm_etexts/pdf/pm0676.pdf,https://projectmadurai.org/pm_etexts/utf8/pmuni0676.html,True,AUTO_DOWNLOAD_PERMISSION_BEFORE_REDISTRIBUTION,CONTACT_PROJECT_COORDINATORS_AND_RETAIN_HEADERS,pmadurai@gmail.com,Freeze all available formats; preserve each header; request confirmation before Devam online redistribution and commercial use.,https://projectmadurai.org/pmworks.html
PM-677-0816,677,தூரன் கவிதைகள்,ம. ப. பெரியசாமித்தூரன்,கவிதை தொகுப்பு,Tamil,https://projectmadurai.org/pm_etexts/pdf/pm0677.pdf,https://projectmadurai.org/pm_etexts/utf8/pmuni0677.html,True,AUTO_DOWNLOAD_PERMISSION_BEFORE_REDISTRIBUTION,CONTACT_PROJECT_COORDINATORS_AND_RETAIN_HEADERS,pmadurai@gmail.com,Freeze all available formats; preserve each header; request confirmation before Devam online redistribution and commercial use.,https://projectmadurai.org/pmworks.html
PM-678-0817,678,கானகத்தின் குரல் (நாவல்),ஜாக் லண்டன் ம. ப. பெரியசாமித்தூரன்,தமிழில் மொழிபெயர்ப்பு,Tamil,https://projectmadurai.org/pm_etexts/pdf/pm0678.pdf,https://projectmadurai.org/pm_etexts/utf8/pmuni0678.html,True,AUTO_DOWNLOAD_PERMISSION_BEFORE_REDISTRIBUTION,CONTACT_PROJECT_COORDINATORS_AND_RETAIN_HEADERS,pmadurai@gmail.com,Freeze all available formats; preserve each header; request confirmation before Devam online redistribution and commercial use.,https://projectmadurai.org/pmworks.html
PM-679-0818,679,அடிமனம்,ம. ப. பெரியசாமித்தூரன்,கட்டுரைகள்,Tamil,https://projectmadurai.org/pm_etexts/pdf/pm0679.pdf,https://projectmadurai.org/pm_etexts/utf8/pmuni0679.html,True,AUTO_DOWNLOAD_PERMISSION_BEFORE_REDISTRIBUTION,CONTACT_PROJECT_COORDINATORS_AND_RETAIN_HEADERS,pmadurai@gmail.com,Freeze all available formats; preserve each header; request confirmation before Devam online redistribution and commercial use.,https://projectmadurai.org/pmworks.html
PM-680-0819,680,மூன்று தமிழ் நாடகங்கள் : 1. மதன சுந்தரப் பிரசாத சந்தான விலாசம் 2. பாண்டிய கேளீ விலாஸ நாடகம் & 3. புரூரவ நாடகம்,தொகுப்பு: கி.வா. ஜகன்னாதன்,நாடகங்கள்,Tamil,https://projectmadurai.org/pm_etexts/pdf/pm0680.pdf,https://projectmadurai.org/pm_etexts/utf8/pmuni0680.html,True,AUTO_DOWNLOAD_PERMISSION_BEFORE_REDISTRIBUTION,CONTACT_PROJECT_COORDINATORS_AND_RETAIN_HEADERS,pmadurai@gmail.com,Freeze all available formats; preserve each header; request confirmation before Devam online redistribution and commercial use.,https://projectmadurai.org/pmworks.html
PM-681-0820,681,தமிழ் இலக்கியக் கதைகள்,தீபம் நா. பார்த்தசாரதி,இலக்கியக் கதைகள்,Tamil,https://projectmadurai.org/pm_etexts/pdf/pm0681.pdf,https://projectmadurai.org/pm_etexts/utf8/pmuni0681.html,True,AUTO_DOWNLOAD_PERMISSION_BEFORE_REDISTRIBUTION,CONTACT_PROJECT_COORDINATORS_AND_RETAIN_HEADERS,pmadurai@gmail.com,Freeze all available formats; preserve each header; request confirmation before Devam online redistribution and commercial use.,https://projectmadurai.org/pmworks.html
PM-682-0821,682,எனது நாடக வாழ்க்கை - முதல் பாகம் (3 பாகங்களாக),அவ்வை தி.க. சண்முகம்,வரலாறு,Tamil,https://projectmadurai.org/pm_etexts/pdf/pm0682_01.pdf | https://projectmadurai.org/pm_etexts/pdf/pm0682_02.pdf | https://projectmadurai.org/pm_etexts/pdf/pm0682_03.pdf,https://projectmadurai.org/pm_etexts/utf8/pmuni0682_01.html | https://projectmadurai.org/pm_etexts/utf8/pmuni0682_02.html | https://projectmadurai.org/pm_etexts/utf8/pmuni0682_03.html,True,AUTO_DOWNLOAD_PERMISSION_BEFORE_REDISTRIBUTION,CONTACT_PROJECT_COORDINATORS_AND_RETAIN_HEADERS,pmadurai@gmail.com,Freeze all available formats; preserve each header; request confirmation before Devam online redistribution and commercial use.,https://projectmadurai.org/pmworks.html
PM-683-0822,683,1. அசோகர் கதைகள் (683_01) 2. ஒரு ஈயின் ஆசை (683_02),பாவலர் நாரா. நாச்சியப்பன்,சிறுவர்களுக்கான கதைகள்,Tamil,https://projectmadurai.org/pm_etexts/pdf/pm0683_01.pdf | https://projectmadurai.org/pm_etexts/pdf/pm0683_02.pdf,https://projectmadurai.org/pm_etexts/utf8/pmuni0683_01.html | https://projectmadurai.org/pm_etexts/utf8/pmuni0683_02.html,True,AUTO_DOWNLOAD_PERMISSION_BEFORE_REDISTRIBUTION,CONTACT_PROJECT_COORDINATORS_AND_RETAIN_HEADERS,pmadurai@gmail.com,Freeze all available formats; preserve each header; request confirmation before Devam online redistribution and commercial use.,https://projectmadurai.org/pmworks.html
PM-684-0823,684,1. அப்பம் தின்ற முயல் (684_01) 2. பள்ளிக்குச் சென்ற சிட்டுக்குருவிகள் (684_02),பாவலர் நாரா. நாச்சியப்பன்,சிறுவர்களுக்கான கதைகள்,Tamil,https://projectmadurai.org/pm_etexts/pdf/pm0684_01.pdf | https://projectmadurai.org/pm_etexts/pdf/pm0684_02.pdf,https://projectmadurai.org/pm_etexts/utf8/pmuni0684_01.html | https://projectmadurai.org/pm_etexts/utf8/pmuni0684_02.html,True,AUTO_DOWNLOAD_PERMISSION_BEFORE_REDISTRIBUTION,CONTACT_PROJECT_COORDINATORS_AND_RETAIN_HEADERS,pmadurai@gmail.com,Freeze all available formats; preserve each header; request confirmation before Devam online redistribution and commercial use.,https://projectmadurai.org/pmworks.html
PM-685-0824,685,1. ஈரோட்டுத் தாத்தா (685_01) 2. தந்தை‌ ‌‌பெரியார்‌ ‌‌வரலாறு‌ ‌ (685_02),பாவலர் நாரா. நாச்சியப்பன்,கட்டுரைகள்,Tamil,https://projectmadurai.org/pm_etexts/pdf/pm0685_01.pdf | https://projectmadurai.org/pm_etexts/pdf/pm0685_02.pdf,https://projectmadurai.org/pm_etexts/utf8/pmuni0685_01.html | https://projectmadurai.org/pm_etexts/utf8/pmuni0685_02.html,True,AUTO_DOWNLOAD_PERMISSION_BEFORE_REDISTRIBUTION,CONTACT_PROJECT_COORDINATORS_AND_RETAIN_HEADERS,pmadurai@gmail.com,Freeze all available formats; preserve each header; request confirmation before Devam online redistribution and commercial use.,https://projectmadurai.org/pmworks.html
PM-686-0825,686,ரங்கோன் ராதா (நாவல்),அறிஞர் அண்ணா (கா. ந. அண்ணாதுரை),நாவல் - புதினம்,Tamil,https://projectmadurai.org/pm_etexts/pdf/pm0686.pdf,https://projectmadurai.org/pm_etexts/utf8/pmuni0686.html,True,AUTO_DOWNLOAD_PERMISSION_BEFORE_REDISTRIBUTION,CONTACT_PROJECT_COORDINATORS_AND_RETAIN_HEADERS,pmadurai@gmail.com,Freeze all available formats; preserve each header; request confirmation before Devam online redistribution and commercial use.,https://projectmadurai.org/pmworks.html
PM-687-0826,687,சான்றோர் தமிழ்,சி. பாலசுப்பிரமணியன் (சிற்பி),இலக்கியக் கட்டுரைகள்,Tamil,https://projectmadurai.org/pm_etexts/pdf/pm0687.pdf,https://projectmadurai.org/pm_etexts/utf8/pmuni0687.html,True,AUTO_DOWNLOAD_PERMISSION_BEFORE_REDISTRIBUTION,CONTACT_PROJECT_COORDINATORS_AND_RETAIN_HEADERS,pmadurai@gmail.com,Freeze all available formats; preserve each header; request confirmation before Devam online redistribution and commercial use.,https://projectmadurai.org/pmworks.html
PM-688-0827,688,இந்திய சமுதாய வரலாற்றில் பெண்மை,ராஜம் கிருஷ்ணன்,ஆராய்ச்சிக் கட்டுரைகள்,Tamil,https://projectmadurai.org/pm_etexts/pdf/pm0688.pdf,https://projectmadurai.org/pm_etexts/utf8/pmuni0688.html,True,AUTO_DOWNLOAD_PERMISSION_BEFORE_REDISTRIBUTION,CONTACT_PROJECT_COORDINATORS_AND_RETAIN_HEADERS,pmadurai@gmail.com,Freeze all available formats; preserve each header; request confirmation before Devam online redistribution and commercial use.,https://projectmadurai.org/pmworks.html
PM-689-0828,689,திருவள்ளுவர் ஆய்வுக்கான ஓர் அறிமுகம் சொற்பொழிவு - ஆங்கிலத்தில்,ஔவை துரைசாமி பிள்ளை,சொற்பொழிவு,Tamil,https://projectmadurai.org/pm_etexts/pdf/pm0689.pdf,https://projectmadurai.org/pm_etexts/utf8/pmuni0689.html,True,AUTO_DOWNLOAD_PERMISSION_BEFORE_REDISTRIBUTION,CONTACT_PROJECT_COORDINATORS_AND_RETAIN_HEADERS,pmadurai@gmail.com,Freeze all available formats; preserve each header; request confirmation before Devam online redistribution and commercial use.,https://projectmadurai.org/pmworks.html
PM-690-0829,690,குமரிக்கோட்டம்,அறிஞர் அண்ணா (கா. ந. அண்ணாதுரை),குறுநாவல்,Tamil,https://projectmadurai.org/pm_etexts/pdf/pm0690.pdf,https://projectmadurai.org/pm_etexts/utf8/pmuni0690.html,True,AUTO_DOWNLOAD_PERMISSION_BEFORE_REDISTRIBUTION,CONTACT_PROJECT_COORDINATORS_AND_RETAIN_HEADERS,pmadurai@gmail.com,Freeze all available formats; preserve each header; request confirmation before Devam online redistribution and commercial use.,https://projectmadurai.org/pmworks.html
PM-691-0830,691,கோடுகளும் கோலங்களும்,ராஜம் கிருஷ்ணன்,சமூக நாவல்,Tamil,https://projectmadurai.org/pm_etexts/pdf/pm0691.pdf,https://projectmadurai.org/pm_etexts/utf8/pmuni0691.html,True,AUTO_DOWNLOAD_PERMISSION_BEFORE_REDISTRIBUTION,CONTACT_PROJECT_COORDINATORS_AND_RETAIN_HEADERS,pmadurai@gmail.com,Freeze all available formats; preserve each header; request confirmation before Devam online redistribution and commercial use.,https://projectmadurai.org/pmworks.html
PM-692-0831,692,உத்தரகாண்டம்,ராஜம் கிருஷ்ணன்,சமூக நாவல்,Tamil,https://projectmadurai.org/pm_etexts/pdf/pm0692.pdf,https://projectmadurai.org/pm_etexts/utf8/pmuni0692.html,True,AUTO_DOWNLOAD_PERMISSION_BEFORE_REDISTRIBUTION,CONTACT_PROJECT_COORDINATORS_AND_RETAIN_HEADERS,pmadurai@gmail.com,Freeze all available formats; preserve each header; request confirmation before Devam online redistribution and commercial use.,https://projectmadurai.org/pmworks.html
PM-693-0832,693,ஞானக் குறவஞ்சி,பதிப்பாசிரியர் : வீ. சொக்கலிங்கம்,பிரபந்தம் - குறவஞ்சி,Tamil,https://projectmadurai.org/pm_etexts/pdf/pm0693.pdf,https://projectmadurai.org/pm_etexts/utf8/pmuni0693.html,True,AUTO_DOWNLOAD_PERMISSION_BEFORE_REDISTRIBUTION,CONTACT_PROJECT_COORDINATORS_AND_RETAIN_HEADERS,pmadurai@gmail.com,Freeze all available formats; preserve each header; request confirmation before Devam online redistribution and commercial use.,https://projectmadurai.org/pmworks.html
PM-694-0833,694,எறிபத்த நாயனார் சரித்திரக் கீர்த்தனை,வெங்கடசுப்பையர்,பிரபந்தம் - கீர்த்தனை,Tamil,https://projectmadurai.org/pm_etexts/pdf/pm0694.pdf,https://projectmadurai.org/pm_etexts/utf8/pmuni0694.html,True,AUTO_DOWNLOAD_PERMISSION_BEFORE_REDISTRIBUTION,CONTACT_PROJECT_COORDINATORS_AND_RETAIN_HEADERS,pmadurai@gmail.com,Freeze all available formats; preserve each header; request confirmation before Devam online redistribution and commercial use.,https://projectmadurai.org/pmworks.html
PM-695-0834,695,செய்யுளிலக்கணம் - கத்தியரூபம்,பூவை - கலியாணசுந்தர முதலியார்,இலக்கணம்,Tamil,https://projectmadurai.org/pm_etexts/pdf/pm0695.pdf,https://projectmadurai.org/pm_etexts/utf8/pmuni0695.html,True,AUTO_DOWNLOAD_PERMISSION_BEFORE_REDISTRIBUTION,CONTACT_PROJECT_COORDINATORS_AND_RETAIN_HEADERS,pmadurai@gmail.com,Freeze all available formats; preserve each header; request confirmation before Devam online redistribution and commercial use.,https://projectmadurai.org/pmworks.html
PM-696-0835,696,செவ்வாழை முதலிய 4 சிறுகதைகள்,அறிஞர் அண்ணா (க. நா. அண்ணாதுரை),சிறுகதைகள்,Tamil,https://projectmadurai.org/pm_etexts/pdf/pm0696.pdf,https://projectmadurai.org/pm_etexts/utf8/pmuni0696.html,True,AUTO_DOWNLOAD_PERMISSION_BEFORE_REDISTRIBUTION,CONTACT_PROJECT_COORDINATORS_AND_RETAIN_HEADERS,pmadurai@gmail.com,Freeze all available formats; preserve each header; request confirmation before Devam online redistribution and commercial use.,https://projectmadurai.org/pmworks.html
PM-697-0836,697,சிறு கதைகள் நான்கு,அறிஞர் அண்ணா (க. நா. அண்ணாதுரை),சிறுகதைகள்,Tamil,https://projectmadurai.org/pm_etexts/pdf/pm0697.pdf,https://projectmadurai.org/pm_etexts/utf8/pmuni0697.html,True,AUTO_DOWNLOAD_PERMISSION_BEFORE_REDISTRIBUTION,CONTACT_PROJECT_COORDINATORS_AND_RETAIN_HEADERS,pmadurai@gmail.com,Freeze all available formats; preserve each header; request confirmation before Devam online redistribution and commercial use.,https://projectmadurai.org/pmworks.html
PM-698-0837,698,சந்திரோதயம்,அறிஞர் அண்ணா (க. நா. அண்ணாதுரை),நாடகம்,Tamil,https://projectmadurai.org/pm_etexts/pdf/pm0698.pdf,https://projectmadurai.org/pm_etexts/utf8/pmuni0698.html,True,AUTO_DOWNLOAD_PERMISSION_BEFORE_REDISTRIBUTION,CONTACT_PROJECT_COORDINATORS_AND_RETAIN_HEADERS,pmadurai@gmail.com,Freeze all available formats; preserve each header; request confirmation before Devam online redistribution and commercial use.,https://projectmadurai.org/pmworks.html
PM-699-0838,699,கலைஞரின் சிறுகதைகள் short stories,கலைஞர் மு. கருணாநிதி /ராஜா Kalaignar Karunanidhi,சிறுகதைகள் -ஆங்கில மொழிபெயர்ப்பு English Translation,Tamil,https://projectmadurai.org/pm_etexts/pdf/pm0699.pdf,https://projectmadurai.org/pm_etexts/utf8/pmuni0699.html,True,AUTO_DOWNLOAD_PERMISSION_BEFORE_REDISTRIBUTION,CONTACT_PROJECT_COORDINATORS_AND_RETAIN_HEADERS,pmadurai@gmail.com,Freeze all available formats; preserve each header; request confirmation before Devam online redistribution and commercial use.,https://projectmadurai.org/pmworks.html
PM-700-0839,700,வர்ணாஸ்ரமம்,அறிஞர் அண்ணா (க. நா. அண்ணாதுரை),கட்டுரைகள்,Tamil,https://projectmadurai.org/pm_etexts/pdf/pm0700.pdf,https://projectmadurai.org/pm_etexts/utf8/pmuni0700.html,True,AUTO_DOWNLOAD_PERMISSION_BEFORE_REDISTRIBUTION,CONTACT_PROJECT_COORDINATORS_AND_RETAIN_HEADERS,pmadurai@gmail.com,Freeze all available formats; preserve each header; request confirmation before Devam online redistribution and commercial use.,https://projectmadurai.org/pmworks.html
PM-701-0840,701,வாலைக் கும்மி,பதிப்பு இர. குமரவேல்,பிரபந்தம் - கும்மி,Tamil,https://projectmadurai.org/pm_etexts/pdf/pm0701.pdf,https://projectmadurai.org/pm_etexts/utf8/pmuni0701.html,True,AUTO_DOWNLOAD_PERMISSION_BEFORE_REDISTRIBUTION,CONTACT_PROJECT_COORDINATORS_AND_RETAIN_HEADERS,pmadurai@gmail.com,Freeze all available formats; preserve each header; request confirmation before Devam online redistribution and commercial use.,https://projectmadurai.org/pmworks.html
PM-702-0841,702,"ஸ்ரீ குமரகுருபரஸ்வாமிகள் சரித்திரம் ""பிரபந்தத்திரட்டு"" பகுதி 34 (3409-3750)",தி. மீனாட்சிசுந்தரம் பிள்ளை,பிரபந்தத் திரட்டு,Tamil,https://projectmadurai.org/pm_etexts/pdf/pm0702.pdf,https://projectmadurai.org/pm_etexts/utf8/pmuni0702.html,True,AUTO_DOWNLOAD_PERMISSION_BEFORE_REDISTRIBUTION,CONTACT_PROJECT_COORDINATORS_AND_RETAIN_HEADERS,pmadurai@gmail.com,Freeze all available formats; preserve each header; request confirmation before Devam online redistribution and commercial use.,https://projectmadurai.org/pmworks.html
PM-703-0842,703,"ஸ்ரீ சிவஞானயோகிகள் சரித்திரம் ""பிரபந்தத்திரட்டு"" பகுதி 35 (3751- 3953)",தி. மீனாட்சிசுந்தரம் பிள்ளை,பிரபந்தத் திரட்டு,Tamil,https://projectmadurai.org/pm_etexts/pdf/pm0703.pdf,https://projectmadurai.org/pm_etexts/utf8/pmuni0703.html,True,AUTO_DOWNLOAD_PERMISSION_BEFORE_REDISTRIBUTION,CONTACT_PROJECT_COORDINATORS_AND_RETAIN_HEADERS,pmadurai@gmail.com,Freeze all available formats; preserve each header; request confirmation before Devam online redistribution and commercial use.,https://projectmadurai.org/pmworks.html
PM-704-0843,704,"சித்திரச்சத்திரப் புகழ்ச்சிமாலை ""பிரபந்தத்திரட்டு"" பகுதி 36 (3954-4159)",தி. மீனாட்சிசுந்தரம் பிள்ளை,பிரபந்தத் திரட்டு /மாலை,Tamil,https://projectmadurai.org/pm_etexts/pdf/pm0704.pdf,https://projectmadurai.org/pm_etexts/utf8/pmuni0704.html,True,AUTO_DOWNLOAD_PERMISSION_BEFORE_REDISTRIBUTION,CONTACT_PROJECT_COORDINATORS_AND_RETAIN_HEADERS,pmadurai@gmail.com,Freeze all available formats; preserve each header; request confirmation before Devam online redistribution and commercial use.,https://projectmadurai.org/pmworks.html
PM-705 -1-0844,705 -1,கச்சியப்பமுனிவர் பிரபந்தங்கள் - பகுதி 1 1. பிரமீசர் பதிற்றுப்பத்தந்தாதி 2. கச்சி ஆனந்தருத்திரேசர் பதிற்றுப்பத்தந்தாதி 3. கச்சி ஆனந்தருத்திரேசர் கழிநெடில்,கச்சியப்ப முனிவர்,பிரபந்தம் - பதிற்றுப்பத்தந்தாதி,Tamil,https://projectmadurai.org/pm_etexts/pdf/pm0705.pdf,https://projectmadurai.org/pm_etexts/utf8/pmuni0705_01.html,True,AUTO_DOWNLOAD_PERMISSION_BEFORE_REDISTRIBUTION,CONTACT_PROJECT_COORDINATORS_AND_RETAIN_HEADERS,pmadurai@gmail.com,Freeze all available formats; preserve each header; request confirmation before Devam online redistribution and commercial use.,https://projectmadurai.org/pmworks.html
PM-705 -2-0845,705 -2,கச்சியப்பமுனிவர் பிரபந்தங்கள் - பகுதி 2 4. கச்சி ஆனந்தருத்திரேசர் வண்டு விடு தூது 5. பஞ்சாக்கரதேசிகரந்தாதி. (குறிப்புரையுடன்),கச்சியப்ப முனிவர்,"பிரபந்தம் - அந்தாதி, தூது",Tamil,https://projectmadurai.org/pm_etexts/pdf/pm0705.pdf,https://projectmadurai.org/pm_etexts/utf8/pmuni0705_02.html,True,AUTO_DOWNLOAD_PERMISSION_BEFORE_REDISTRIBUTION,CONTACT_PROJECT_COORDINATORS_AND_RETAIN_HEADERS,pmadurai@gmail.com,Freeze all available formats; preserve each header; request confirmation before Devam online redistribution and commercial use.,https://projectmadurai.org/pmworks.html
PM-706-0846,706,கச்சியப்பமுனிவர் பிரபந்தங்கள் - பகுதி 3 6. திருத்தணிகைப் பதிற்றுப்பத்தந்தாதி. 7. திருத்தணிகையாற்றுப்படை (உரையுடன்),கச்சியப்ப முனிவர்,"பிரபந்தம் - அந்தாதி, ஆற்றுப்படை",Tamil,https://projectmadurai.org/pm_etexts/pdf/pm0706.pdf,https://projectmadurai.org/pm_etexts/utf8/pmuni0706.html,True,AUTO_DOWNLOAD_PERMISSION_BEFORE_REDISTRIBUTION,CONTACT_PROJECT_COORDINATORS_AND_RETAIN_HEADERS,pmadurai@gmail.com,Freeze all available formats; preserve each header; request confirmation before Devam online redistribution and commercial use.,https://projectmadurai.org/pmworks.html
PM-707-0847,707,திருநெல்வேலி காந்திமதியம்மை பிள்ளைத்தமிழ்,வ. அழகியசொக்கநாத பிள்ளை,பிரபந்தம் - பிள்ளைத்தமிழ்,Tamil,https://projectmadurai.org/pm_etexts/pdf/pm0707.pdf,https://projectmadurai.org/pm_etexts/utf8/pmuni0707.html,True,AUTO_DOWNLOAD_PERMISSION_BEFORE_REDISTRIBUTION,CONTACT_PROJECT_COORDINATORS_AND_RETAIN_HEADERS,pmadurai@gmail.com,Freeze all available formats; preserve each header; request confirmation before Devam online redistribution and commercial use.,https://projectmadurai.org/pmworks.html
PM-708-0848,708,திருநெல்வேலி காந்திமதியம்மை கலித்துறை அந்தாதி,வ. அழகியசொக்கநாத பிள்ளை,பிரபந்தம் - அந்தாதி,Tamil,https://projectmadurai.org/pm_etexts/pdf/pm0708.pdf,https://projectmadurai.org/pm_etexts/utf8/pmuni0708.html,True,AUTO_DOWNLOAD_PERMISSION_BEFORE_REDISTRIBUTION,CONTACT_PROJECT_COORDINATORS_AND_RETAIN_HEADERS,pmadurai@gmail.com,Freeze all available formats; preserve each header; request confirmation before Devam online redistribution and commercial use.,https://projectmadurai.org/pmworks.html
PM-709-0849,709,வெள்ளோடு பெரியண்ணன் குறவஞ்சி,குமாரசாமிப் புலவர்,பிரபந்தம் - குறவஞ்சி,Tamil,https://projectmadurai.org/pm_etexts/pdf/pm0709.pdf,https://projectmadurai.org/pm_etexts/utf8/pmuni0709.html,True,AUTO_DOWNLOAD_PERMISSION_BEFORE_REDISTRIBUTION,CONTACT_PROJECT_COORDINATORS_AND_RETAIN_HEADERS,pmadurai@gmail.com,Freeze all available formats; preserve each header; request confirmation before Devam online redistribution and commercial use.,https://projectmadurai.org/pmworks.html
PM-710-0850,710,Manimekalai மணிமேகலை- மொழிபெயர்ப்பு - English Translation,cIttalai cAttanAr- Kausalya Hart,காப்பியம் - மொழிபெயர்ப்பு,Tamil,https://projectmadurai.org/pm_etexts/pdf/pm0710.pdf,https://projectmadurai.org/pm_etexts/utf8/pmuni0710.html,True,AUTO_DOWNLOAD_PERMISSION_BEFORE_REDISTRIBUTION,CONTACT_PROJECT_COORDINATORS_AND_RETAIN_HEADERS,pmadurai@gmail.com,Freeze all available formats; preserve each header; request confirmation before Devam online redistribution and commercial use.,https://projectmadurai.org/pmworks.html
PM-711-0851,711,nAlaTiyAr நாலடியார் மொழிபெயர்ப்பு - English Translation,G.U.Pope and F.W. Ellis,நீதிநெறி – பதினெண்கீழ்க்கணக்கு,Tamil,https://projectmadurai.org/pm_etexts/pdf/pm0711.pdf,https://projectmadurai.org/pm_etexts/utf8/pmuni0711.html,True,AUTO_DOWNLOAD_PERMISSION_BEFORE_REDISTRIBUTION,CONTACT_PROJECT_COORDINATORS_AND_RETAIN_HEADERS,pmadurai@gmail.com,Freeze all available formats; preserve each header; request confirmation before Devam online redistribution and commercial use.,https://projectmadurai.org/pmworks.html
PM-712-0852,712,இலக்கிய அணிகள்,சி. பாலசுப்பிரமணியன் (சிற்பி),ஆராய்ச்சிக் கட்டுரைகள்,Tamil,https://projectmadurai.org/pm_etexts/pdf/pm0712.pdf,https://projectmadurai.org/pm_etexts/utf8/pmuni0712.html,True,AUTO_DOWNLOAD_PERMISSION_BEFORE_REDISTRIBUTION,CONTACT_PROJECT_COORDINATORS_AND_RETAIN_HEADERS,pmadurai@gmail.com,Freeze all available formats; preserve each header; request confirmation before Devam online redistribution and commercial use.,https://projectmadurai.org/pmworks.html
PM-713-0853,713,அலை தந்த ஆறுதல்,சி. பாலசுப்பிரமணியன் (சிற்பி),சிறுகதைகள் - நாடகங்கள்,Tamil,https://projectmadurai.org/pm_etexts/pdf/pm0713.pdf,https://projectmadurai.org/pm_etexts/utf8/pmuni0713.html,True,AUTO_DOWNLOAD_PERMISSION_BEFORE_REDISTRIBUTION,CONTACT_PROJECT_COORDINATORS_AND_RETAIN_HEADERS,pmadurai@gmail.com,Freeze all available formats; preserve each header; request confirmation before Devam online redistribution and commercial use.,https://projectmadurai.org/pmworks.html
PM-714-0854,714,வீரவநல்லூர் மரகதவல்லியம்மை பிள்ளைத்தமிழ்,வீரை. சு. பழனிக்குமாரு பண்டாரம்,பிரபந்தம் - பிள்ளைத்தமிழ்,Tamil,https://projectmadurai.org/pm_etexts/pdf/pm0714.pdf,https://projectmadurai.org/pm_etexts/utf8/pmuni0714.html,True,AUTO_DOWNLOAD_PERMISSION_BEFORE_REDISTRIBUTION,CONTACT_PROJECT_COORDINATORS_AND_RETAIN_HEADERS,pmadurai@gmail.com,Freeze all available formats; preserve each header; request confirmation before Devam online redistribution and commercial use.,https://projectmadurai.org/pmworks.html
PM-715-0855,715,கடல் கடந்த நட்பு /ஜூடி & லட்சுமி தமிழாக்கம்,நயோமி மிச்சிஸன் -ம. பெரியசாமித்தூரன்,நாவல் - மொழிபெயர்ப்பு,Tamil,https://projectmadurai.org/pm_etexts/pdf/pm0715.pdf,https://projectmadurai.org/pm_etexts/utf8/pmuni0715.html,True,AUTO_DOWNLOAD_PERMISSION_BEFORE_REDISTRIBUTION,CONTACT_PROJECT_COORDINATORS_AND_RETAIN_HEADERS,pmadurai@gmail.com,Freeze all available formats; preserve each header; request confirmation before Devam online redistribution and commercial use.,https://projectmadurai.org/pmworks.html
PM-716-0856,716,எட்டு நாட்கள் (கட்டுரைகள்),அறிஞர் அண்ணா (கா. ந. அண்ணாதுரை),கட்டுரைகள்,Tamil,https://projectmadurai.org/pm_etexts/pdf/pm0716.pdf,https://projectmadurai.org/pm_etexts/utf8/pmuni0716.html,True,AUTO_DOWNLOAD_PERMISSION_BEFORE_REDISTRIBUTION,CONTACT_PROJECT_COORDINATORS_AND_RETAIN_HEADERS,pmadurai@gmail.com,Freeze all available formats; preserve each header; request confirmation before Devam online redistribution and commercial use.,https://projectmadurai.org/pmworks.html
PM-717-0857,717,கோமளத்தின் கோபம் (சிறுகதைகள்),அறிஞர் அண்ணா (கா. ந. அண்ணாதுரை),சிறுகதைகள்,Tamil,https://projectmadurai.org/pm_etexts/pdf/pm0717.pdf,https://projectmadurai.org/pm_etexts/utf8/pmuni0717.html,True,AUTO_DOWNLOAD_PERMISSION_BEFORE_REDISTRIBUTION,CONTACT_PROJECT_COORDINATORS_AND_RETAIN_HEADERS,pmadurai@gmail.com,Freeze all available formats; preserve each header; request confirmation before Devam online redistribution and commercial use.,https://projectmadurai.org/pmworks.html
PM-718-0858,718,பார்வதி பி.ஏ. (புதினம்),அறிஞர் அண்ணா (கா. ந. அண்ணாதுரை),புதினம் - நாவல்,Tamil,https://projectmadurai.org/pm_etexts/pdf/pm0718.pdf,https://projectmadurai.org/pm_etexts/utf8/pmuni0718.html,True,AUTO_DOWNLOAD_PERMISSION_BEFORE_REDISTRIBUTION,CONTACT_PROJECT_COORDINATORS_AND_RETAIN_HEADERS,pmadurai@gmail.com,Freeze all available formats; preserve each header; request confirmation before Devam online redistribution and commercial use.,https://projectmadurai.org/pmworks.html
PM-719-0859,719,இருளும் ஒளியும் (நாவல்),ஸரோஜா ராமமூர்த்தி,புதினம் - நாவல்,Tamil,https://projectmadurai.org/pm_etexts/pdf/pm0719.pdf,https://projectmadurai.org/pm_etexts/utf8/pmuni0719.html,True,AUTO_DOWNLOAD_PERMISSION_BEFORE_REDISTRIBUTION,CONTACT_PROJECT_COORDINATORS_AND_RETAIN_HEADERS,pmadurai@gmail.com,Freeze all available formats; preserve each header; request confirmation before Devam online redistribution and commercial use.,https://projectmadurai.org/pmworks.html
PM-720-0860,720,முத்துச் சிப்பி (நாவல்),ஸரோஜா ராமமூர்த்தி,புதினம் - நாவல்,Tamil,https://projectmadurai.org/pm_etexts/pdf/pm0720.pdf,https://projectmadurai.org/pm_etexts/utf8/pmuni0720.html,True,AUTO_DOWNLOAD_PERMISSION_BEFORE_REDISTRIBUTION,CONTACT_PROJECT_COORDINATORS_AND_RETAIN_HEADERS,pmadurai@gmail.com,Freeze all available formats; preserve each header; request confirmation before Devam online redistribution and commercial use.,https://projectmadurai.org/pmworks.html
PM-721-0861,721,அறிவுக் கதைகள் நூறு,கி. ஆ. பெ. விசுவநாதம்,சிறுவர்களுக்கான கதைகள்,Tamil,https://projectmadurai.org/pm_etexts/pdf/pm0721.pdf,https://projectmadurai.org/pm_etexts/utf8/pmuni0721.html,True,AUTO_DOWNLOAD_PERMISSION_BEFORE_REDISTRIBUTION,CONTACT_PROJECT_COORDINATORS_AND_RETAIN_HEADERS,pmadurai@gmail.com,Freeze all available formats; preserve each header; request confirmation before Devam online redistribution and commercial use.,https://projectmadurai.org/pmworks.html
PM-722-0862,722,திருக்குறள் கட்டுரைகள்,கி. ஆ. பெ. விசுவநாதம்,சிறுவர்களுக்கான கட்டுரைகள்,Tamil,https://projectmadurai.org/pm_etexts/pdf/pm0722.pdf,https://projectmadurai.org/pm_etexts/utf8/pmuni0722.html,True,AUTO_DOWNLOAD_PERMISSION_BEFORE_REDISTRIBUTION,CONTACT_PROJECT_COORDINATORS_AND_RETAIN_HEADERS,pmadurai@gmail.com,Freeze all available formats; preserve each header; request confirmation before Devam online redistribution and commercial use.,https://projectmadurai.org/pmworks.html
PM-723-0863,723,ஐந்து செல்வங்கள் (கட்டுரைகள்),கி. ஆ. பெ. விசுவநாதம்,சிறுவர்களுக்கான கட்டுரைகள்,Tamil,https://projectmadurai.org/pm_etexts/pdf/pm0723.pdf,https://projectmadurai.org/pm_etexts/utf8/pmuni0723.html,True,AUTO_DOWNLOAD_PERMISSION_BEFORE_REDISTRIBUTION,CONTACT_PROJECT_COORDINATORS_AND_RETAIN_HEADERS,pmadurai@gmail.com,Freeze all available formats; preserve each header; request confirmation before Devam online redistribution and commercial use.,https://projectmadurai.org/pmworks.html
PM-724-0864,724,இந்திய இலக்கியச் சிற்பிகள் : ஒளவை சு. துரைசாமிபிள்ளை,ச. சாம்பசிவனார்,வரலாறு / சரித்திரம்,Tamil,https://projectmadurai.org/pm_etexts/pdf/pm0724.pdf,https://projectmadurai.org/pm_etexts/utf8/pmuni0724.html,True,AUTO_DOWNLOAD_PERMISSION_BEFORE_REDISTRIBUTION,CONTACT_PROJECT_COORDINATORS_AND_RETAIN_HEADERS,pmadurai@gmail.com,Freeze all available formats; preserve each header; request confirmation before Devam online redistribution and commercial use.,https://projectmadurai.org/pmworks.html
PM-725-0865,725,இந்திய இலக்கியச் சிற்பிகள் : உ. வே. சாமிநாத ஐயரவர்கள்,கி.வா. ஜகந்நாதன்,வரலாறு / சரித்திரம்,Tamil,https://projectmadurai.org/pm_etexts/pdf/pm0725.pdf,https://projectmadurai.org/pm_etexts/utf8/pmuni0725.html,True,AUTO_DOWNLOAD_PERMISSION_BEFORE_REDISTRIBUTION,CONTACT_PROJECT_COORDINATORS_AND_RETAIN_HEADERS,pmadurai@gmail.com,Freeze all available formats; preserve each header; request confirmation before Devam online redistribution and commercial use.,https://projectmadurai.org/pmworks.html
PM-726-0866,726,இந்திய இலக்கியச் சிற்பிகள் : தொல்காப்பியர்,தமிழண்ணல் (இராம. பெரியகருப்பன்),வரலாறு / சரித்திரம்,Tamil,https://projectmadurai.org/pm_etexts/pdf/pm0726.pdf,https://projectmadurai.org/pm_etexts/utf8/pmuni0726.html,True,AUTO_DOWNLOAD_PERMISSION_BEFORE_REDISTRIBUTION,CONTACT_PROJECT_COORDINATORS_AND_RETAIN_HEADERS,pmadurai@gmail.com,Freeze all available formats; preserve each header; request confirmation before Devam online redistribution and commercial use.,https://projectmadurai.org/pmworks.html
PM-727-0867,727,இந்திய இலக்கியச் சிற்பிகள் : ஔவையார்,தமிழண்ணல் (இராம. பெரியகருப்பன்),வரலாறு / சரித்திரம்,Tamil,https://projectmadurai.org/pm_etexts/pdf/pm0727.pdf,https://projectmadurai.org/pm_etexts/utf8/pmuni0727.html,True,AUTO_DOWNLOAD_PERMISSION_BEFORE_REDISTRIBUTION,CONTACT_PROJECT_COORDINATORS_AND_RETAIN_HEADERS,pmadurai@gmail.com,Freeze all available formats; preserve each header; request confirmation before Devam online redistribution and commercial use.,https://projectmadurai.org/pmworks.html
PM-728-0868,728,இந்திய இலக்கியச் சிற்பிகள் : உமறுப்புலவர்,நயனார் முகமது,வரலாறு / சரித்திரம்,Tamil,https://projectmadurai.org/pm_etexts/pdf/pm0728.pdf,https://projectmadurai.org/pm_etexts/utf8/pmuni0728.html,True,AUTO_DOWNLOAD_PERMISSION_BEFORE_REDISTRIBUTION,CONTACT_PROJECT_COORDINATORS_AND_RETAIN_HEADERS,pmadurai@gmail.com,Freeze all available formats; preserve each header; request confirmation before Devam online redistribution and commercial use.,https://projectmadurai.org/pmworks.html
PM-729-0869,729,"சுப்பிரமணியக்கடவுள் க்ஷேத்திரக்கோவைப் பிள்ளைத் தமிழ் ""பழனிப்பிள்ளைத்தமிழ்",(i) சிதம்பர முனிவர்; (ii) சின்னப்ப நாயக்கர்,பிரபந்தம் - பிள்ளைத்தமிழ்,Tamil,https://projectmadurai.org/pm_etexts/pdf/pm0729_01.pdf | https://projectmadurai.org/pm_etexts/pdf/pm0729_02.pdf,https://projectmadurai.org/pm_etexts/utf8/pmuni0729_01.html | https://projectmadurai.org/pm_etexts/utf8/pmuni0729_02.html,True,AUTO_DOWNLOAD_PERMISSION_BEFORE_REDISTRIBUTION,CONTACT_PROJECT_COORDINATORS_AND_RETAIN_HEADERS,pmadurai@gmail.com,Freeze all available formats; preserve each header; request confirmation before Devam online redistribution and commercial use.,https://projectmadurai.org/pmworks.html
PM-730-0870,730,கலிங்கத்துப் பரணி ஆங்கில மொழிபெயர்ப்பு,சயங்கொண்டார் & கௌசல்யா ஹார்ட்,ஆங்கில மொழிபெயர்ப்பு,Tamil,https://projectmadurai.org/pm_etexts/pdf/pm0730.pdf,https://projectmadurai.org/pm_etexts/utf8/pmuni0730.html,True,AUTO_DOWNLOAD_PERMISSION_BEFORE_REDISTRIBUTION,CONTACT_PROJECT_COORDINATORS_AND_RETAIN_HEADERS,pmadurai@gmail.com,Freeze all available formats; preserve each header; request confirmation before Devam online redistribution and commercial use.,https://projectmadurai.org/pmworks.html
PM-731-0871,731,"வாடா மல்லி (நாவல், 2 பாகங்களாக)",சு. சமுத்திரம்,நாவல் - புதினம்,Tamil,https://projectmadurai.org/pm_etexts/pdf/pm0731_01.pdf | https://projectmadurai.org/pm_etexts/pdf/pm0731_02.pdf,https://projectmadurai.org/pm_etexts/utf8/pmuni0731_01.html | https://projectmadurai.org/pm_etexts/utf8/pmuni0731_02.html,True,AUTO_DOWNLOAD_PERMISSION_BEFORE_REDISTRIBUTION,CONTACT_PROJECT_COORDINATORS_AND_RETAIN_HEADERS,pmadurai@gmail.com,Freeze all available formats; preserve each header; request confirmation before Devam online redistribution and commercial use.,https://projectmadurai.org/pmworks.html
PM-732-0872,732,வளர்ப்பு மகள் (நாவல்),சு. சமுத்திரம்,நாவல் - புதினம்,Tamil,https://projectmadurai.org/pm_etexts/pdf/pm0732.pdf,https://projectmadurai.org/pm_etexts/utf8/pmuni0732.html,True,AUTO_DOWNLOAD_PERMISSION_BEFORE_REDISTRIBUTION,CONTACT_PROJECT_COORDINATORS_AND_RETAIN_HEADERS,pmadurai@gmail.com,Freeze all available formats; preserve each header; request confirmation before Devam online redistribution and commercial use.,https://projectmadurai.org/pmworks.html
PM-733-0873,733,"சாமியாடிகள் (நாவல், 2 பாகங்களாக)",சு. சமுத்திரம்,நாவல் - புதினம்,Tamil,https://projectmadurai.org/pm_etexts/pdf/pm0733_01.pdf | https://projectmadurai.org/pm_etexts/pdf/pm0733_02.pdf,https://projectmadurai.org/pm_etexts/utf8/pmuni0733_01.html | https://projectmadurai.org/pm_etexts/utf8/pmuni0733_02.html,True,AUTO_DOWNLOAD_PERMISSION_BEFORE_REDISTRIBUTION,CONTACT_PROJECT_COORDINATORS_AND_RETAIN_HEADERS,pmadurai@gmail.com,Freeze all available formats; preserve each header; request confirmation before Devam online redistribution and commercial use.,https://projectmadurai.org/pmworks.html
PM-734-0874,734,ஒரு கோட்டுக்கு வெளியே (நாவல்),சு. சமுத்திரம்,நாவல் - புதினம்,Tamil,https://projectmadurai.org/pm_etexts/pdf/pm0734.pdf,https://projectmadurai.org/pm_etexts/utf8/pmuni0734.html,True,AUTO_DOWNLOAD_PERMISSION_BEFORE_REDISTRIBUTION,CONTACT_PROJECT_COORDINATORS_AND_RETAIN_HEADERS,pmadurai@gmail.com,Freeze all available formats; preserve each header; request confirmation before Devam online redistribution and commercial use.,https://projectmadurai.org/pmworks.html
PM-735-0875,735,திருமுருகாற்றுப்படை - மூலமும் வையாபுரி பிள்ளை உரையும்,நக்கீரர் /வையாபுரி பிள்ளை,சங்ககாலம் - பத்துப்பாட்டு,Tamil,https://projectmadurai.org/pm_etexts/pdf/pm0735.pdf,https://projectmadurai.org/pm_etexts/utf8/pmuni0735.html,True,AUTO_DOWNLOAD_PERMISSION_BEFORE_REDISTRIBUTION,CONTACT_PROJECT_COORDINATORS_AND_RETAIN_HEADERS,pmadurai@gmail.com,Freeze all available formats; preserve each header; request confirmation before Devam online redistribution and commercial use.,https://projectmadurai.org/pmworks.html
PM-736-0876,736,சிந்தனையாளர் மாக்கியவெல்லி,நாரா. நாச்சியப்பன்,வரலாற்றுக் கட்டுரைகள்,Tamil,https://projectmadurai.org/pm_etexts/pdf/pm0736.pdf,https://projectmadurai.org/pm_etexts/utf8/pmuni0736.html,True,AUTO_DOWNLOAD_PERMISSION_BEFORE_REDISTRIBUTION,CONTACT_PROJECT_COORDINATORS_AND_RETAIN_HEADERS,pmadurai@gmail.com,Freeze all available formats; preserve each header; request confirmation before Devam online redistribution and commercial use.,https://projectmadurai.org/pmworks.html
PM-737-0877,737,கடல்வீரன் கொலம்பஸ்,நாரா. நாச்சியப்பன்,வரலாற்றுக் கட்டுரைகள்,Tamil,https://projectmadurai.org/pm_etexts/pdf/pm0737.pdf,https://projectmadurai.org/pm_etexts/utf8/pmuni0737.html,True,AUTO_DOWNLOAD_PERMISSION_BEFORE_REDISTRIBUTION,CONTACT_PROJECT_COORDINATORS_AND_RETAIN_HEADERS,pmadurai@gmail.com,Freeze all available formats; preserve each header; request confirmation before Devam online redistribution and commercial use.,https://projectmadurai.org/pmworks.html
PM-738-0878,738,சங்கரன்கோயில் கோமதியம்மை பிள்ளைத் தமிழ்,முத்துவீரக் கவிராயர்,பிரபந்தம் - பிள்ளைத்தமிழ்,Tamil,https://projectmadurai.org/pm_etexts/pdf/pm0738.pdf,https://projectmadurai.org/pm_etexts/utf8/pmuni073.html,True,AUTO_DOWNLOAD_PERMISSION_BEFORE_REDISTRIBUTION,CONTACT_PROJECT_COORDINATORS_AND_RETAIN_HEADERS,pmadurai@gmail.com,Freeze all available formats; preserve each header; request confirmation before Devam online redistribution and commercial use.,https://projectmadurai.org/pmworks.html
PM-739-0879,739,மங்களேசுவரி பிள்ளைத்தமிழ்,வி. மு. சுப்பிரமணிய ஐயர் குறிப்புரையுடன்,பிரபந்தம் - பிள்ளைத்தமிழ்,Tamil,https://projectmadurai.org/pm_etexts/pdf/pm0739.pdf,https://projectmadurai.org/pm_etexts/utf8/pmuni0739.html,True,AUTO_DOWNLOAD_PERMISSION_BEFORE_REDISTRIBUTION,CONTACT_PROJECT_COORDINATORS_AND_RETAIN_HEADERS,pmadurai@gmail.com,Freeze all available formats; preserve each header; request confirmation before Devam online redistribution and commercial use.,https://projectmadurai.org/pmworks.html
PM-740-0880,740,தஞ்சை வெள்ளைப் பிள்ளையார் குறவஞ்சி,ஆசிரியர் தெரியவில்லை,பிரபந்தம் - குறவஞ்சி,Tamil,https://projectmadurai.org/pm_etexts/pdf/pm0740.pdf,https://projectmadurai.org/pm_etexts/utf8/pmuni0740.html,True,AUTO_DOWNLOAD_PERMISSION_BEFORE_REDISTRIBUTION,CONTACT_PROJECT_COORDINATORS_AND_RETAIN_HEADERS,pmadurai@gmail.com,Freeze all available formats; preserve each header; request confirmation before Devam online redistribution and commercial use.,https://projectmadurai.org/pmworks.html
PM-741-0881,741,பஞ்ச தந்திரக் கதைகள்,பாவலர் நாரா. நாச்சியப்பன்,சிறுவர்களுக்கான கதைகள்,Tamil,https://projectmadurai.org/pm_etexts/pdf/pm0741.pdf,https://projectmadurai.org/pm_etexts/utf8/pmuni0741.html,True,AUTO_DOWNLOAD_PERMISSION_BEFORE_REDISTRIBUTION,CONTACT_PROJECT_COORDINATORS_AND_RETAIN_HEADERS,pmadurai@gmail.com,Freeze all available formats; preserve each header; request confirmation before Devam online redistribution and commercial use.,https://projectmadurai.org/pmworks.html
PM-742-0882,742,தாவிப் பாயும் தங்கக் குதிரை கள்வர் குகை,பாவலர் நாரா. நாச்சியப்பன்,சிறுவர்களுக்கான கதைகள்,Tamil,https://projectmadurai.org/pm_etexts/pdf/pm0742.pdf,https://projectmadurai.org/pm_etexts/utf8/pmuni0742.html,True,AUTO_DOWNLOAD_PERMISSION_BEFORE_REDISTRIBUTION,CONTACT_PROJECT_COORDINATORS_AND_RETAIN_HEADERS,pmadurai@gmail.com,Freeze all available formats; preserve each header; request confirmation before Devam online redistribution and commercial use.,https://projectmadurai.org/pmworks.html
PM-743-0883,743,ஔவையார் பாடல்கள் (4) மூலமும் ஆறுமுக நாவலர் உரையும்,ஆறுமுக நாவலர்,நீதி நூல்கள்,Tamil,https://projectmadurai.org/pm_etexts/pdf/pm0743.pdf,https://projectmadurai.org/pm_etexts/utf8/pmuni0743.html,True,AUTO_DOWNLOAD_PERMISSION_BEFORE_REDISTRIBUTION,CONTACT_PROJECT_COORDINATORS_AND_RETAIN_HEADERS,pmadurai@gmail.com,Freeze all available formats; preserve each header; request confirmation before Devam online redistribution and commercial use.,https://projectmadurai.org/pmworks.html
PM-744-0884,744,ஒளவையார் செய்தருளிய ஞானக்குறள் மூலமும் விசேஷ விருத்தியுரையும்,"ஒளவையார், வடிவேலு முதலியார்",நீதி நூல்கள்,Tamil,https://projectmadurai.org/pm_etexts/pdf/pm0744.pdf,https://projectmadurai.org/pm_etexts/utf8/pmuni0744.html,True,AUTO_DOWNLOAD_PERMISSION_BEFORE_REDISTRIBUTION,CONTACT_PROJECT_COORDINATORS_AND_RETAIN_HEADERS,pmadurai@gmail.com,Freeze all available formats; preserve each header; request confirmation before Devam online redistribution and commercial use.,https://projectmadurai.org/pmworks.html
PM-745-0885,745,ஒளவையார் தனிப்பாடல்கள்,"ஒளவையார், புலியூர்க் கேசிகன்",நீதி நூல்கள்,Tamil,https://projectmadurai.org/pm_etexts/pdf/pm0745.pdf,https://projectmadurai.org/pm_etexts/utf8/pmuni0745.html,True,AUTO_DOWNLOAD_PERMISSION_BEFORE_REDISTRIBUTION,CONTACT_PROJECT_COORDINATORS_AND_RETAIN_HEADERS,pmadurai@gmail.com,Freeze all available formats; preserve each header; request confirmation before Devam online redistribution and commercial use.,https://projectmadurai.org/pmworks.html
PM-746-0886,746,சிவதத்துவ விவேகம் (அப்பைய தீட்சிதர் எழுதியது),சிவஞான சுவாமிகள் மொழிபெயர்ப்பு,சமயம் - சைவம் -தமிழ் மொழிபெயர்ப்பு,Tamil,https://projectmadurai.org/pm_etexts/pdf/pm0746.pdf,https://projectmadurai.org/pm_etexts/utf8/pmuni0746.html,True,AUTO_DOWNLOAD_PERMISSION_BEFORE_REDISTRIBUTION,CONTACT_PROJECT_COORDINATORS_AND_RETAIN_HEADERS,pmadurai@gmail.com,Freeze all available formats; preserve each header; request confirmation before Devam online redistribution and commercial use.,https://projectmadurai.org/pmworks.html
PM-747-0887,747,"சிவமஹிம்ந ஸ்தோத்திரம், ஸ்ரீதக்ஷிணாமூர்த்தி தோத்திரம்","கோவை கவியரசு கு. நடேச கவுண்டர், ந. முத்துக்குமாரசுவாமி",சமயம் - சைவம் -தமிழ் மொழிபெயர்ப்பு,Tamil,https://projectmadurai.org/pm_etexts/pdf/pm0747.pdf,https://projectmadurai.org/pm_etexts/utf8/pmuni0747.html,True,AUTO_DOWNLOAD_PERMISSION_BEFORE_REDISTRIBUTION,CONTACT_PROJECT_COORDINATORS_AND_RETAIN_HEADERS,pmadurai@gmail.com,Freeze all available formats; preserve each header; request confirmation before Devam online redistribution and commercial use.,https://projectmadurai.org/pmworks.html
PM-748-0888,748,தாயார் கொடுத்த தனம்,நாமக்கல் வெ. இராமலிங்கம் பிள்ளை,வரலாற்றுக் கட்டுரைகள்,Tamil,https://projectmadurai.org/pm_etexts/pdf/pm0748.pdf,https://projectmadurai.org/pm_etexts/utf8/pmuni0748.html,True,AUTO_DOWNLOAD_PERMISSION_BEFORE_REDISTRIBUTION,CONTACT_PROJECT_COORDINATORS_AND_RETAIN_HEADERS,pmadurai@gmail.com,Freeze all available formats; preserve each header; request confirmation before Devam online redistribution and commercial use.,https://projectmadurai.org/pmworks.html
PM-749-0889,749,கம்பரும் வால்மீகியும்,நாமக்கல் வெ. இராமலிங்கம் பிள்ளை,இலக்கியக் கட்டுரைகள்,Tamil,https://projectmadurai.org/pm_etexts/pdf/pm0749.pdf,https://projectmadurai.org/pm_etexts/utf8/pmuni0749.html,True,AUTO_DOWNLOAD_PERMISSION_BEFORE_REDISTRIBUTION,CONTACT_PROJECT_COORDINATORS_AND_RETAIN_HEADERS,pmadurai@gmail.com,Freeze all available formats; preserve each header; request confirmation before Devam online redistribution and commercial use.,https://projectmadurai.org/pmworks.html
PM-750-0890,750,இந்திய இலக்கியச் சிற்பிகள் : நா. பார்த்தசாரதி,திருப்பூர் கிருஷ்ணன்,வரலாறு / சரித்திரம்,Tamil,https://projectmadurai.org/pm_etexts/pdf/pm0750.pdf,https://projectmadurai.org/pm_etexts/utf8/pmuni0750.html,True,AUTO_DOWNLOAD_PERMISSION_BEFORE_REDISTRIBUTION,CONTACT_PROJECT_COORDINATORS_AND_RETAIN_HEADERS,pmadurai@gmail.com,Freeze all available formats; preserve each header; request confirmation before Devam online redistribution and commercial use.,https://projectmadurai.org/pmworks.html
PM-751-0891,751,சொர்ணபுரி அம்பிகை பிள்ளைத்தமிழ்,ஆக்கியோன் தெரியவில்லை,பிரபந்தம் - பிள்ளைத்தமிழ்,Tamil,https://projectmadurai.org/pm_etexts/pdf/pm0751.pdf,https://projectmadurai.org/pm_etexts/utf8/pmuni0751.html,True,AUTO_DOWNLOAD_PERMISSION_BEFORE_REDISTRIBUTION,CONTACT_PROJECT_COORDINATORS_AND_RETAIN_HEADERS,pmadurai@gmail.com,Freeze all available formats; preserve each header; request confirmation before Devam online redistribution and commercial use.,https://projectmadurai.org/pmworks.html
PM-752-0892,752,ஆதிபுரி வடிவுடையம்மை பிள்ளைத்தமிழ்.,வித்துவான் கனகசபைத்தம்பிரான்,பிரபந்தம் - பிள்ளைத்தமிழ்,Tamil,https://projectmadurai.org/pm_etexts/pdf/pm0752.pdf,https://projectmadurai.org/pm_etexts/utf8/pmuni0752.html,True,AUTO_DOWNLOAD_PERMISSION_BEFORE_REDISTRIBUTION,CONTACT_PROJECT_COORDINATORS_AND_RETAIN_HEADERS,pmadurai@gmail.com,Freeze all available formats; preserve each header; request confirmation before Devam online redistribution and commercial use.,https://projectmadurai.org/pmworks.html
PM-753-0893,753,மணிமேகலை ஆராய்ச்சி,ஔவை. சு. துரைசாமிப் பிள்ளை,காப்பியம் - ஆராய்ச்சி,Tamil,https://projectmadurai.org/pm_etexts/pdf/pm0753.pdf,https://projectmadurai.org/pm_etexts/utf8/pmuni0753.html,True,AUTO_DOWNLOAD_PERMISSION_BEFORE_REDISTRIBUTION,CONTACT_PROJECT_COORDINATORS_AND_RETAIN_HEADERS,pmadurai@gmail.com,Freeze all available formats; preserve each header; request confirmation before Devam online redistribution and commercial use.,https://projectmadurai.org/pmworks.html
PM-754-0894,754,பிரபந்தத்திரட்டு - பகுதி 37 /வியாசைக்கோவை,தி. மீனாட்சிசுந்தரம் பிள்ளை,பிரபந்தம் - கோவை,Tamil,https://projectmadurai.org/pm_etexts/pdf/pm0754.pdf,https://projectmadurai.org/pm_etexts/utf8/pmuni0754.html,True,AUTO_DOWNLOAD_PERMISSION_BEFORE_REDISTRIBUTION,CONTACT_PROJECT_COORDINATORS_AND_RETAIN_HEADERS,pmadurai@gmail.com,Freeze all available formats; preserve each header; request confirmation before Devam online redistribution and commercial use.,https://projectmadurai.org/pmworks.html
PM-755-0895,755,Manimekalai (Tamil Classics in English,A Madhavaiah,காப்பியம் - மொழிபெயர்ப்பு,Tamil,https://projectmadurai.org/pm_etexts/pdf/pm0755.pdf,https://projectmadurai.org/pm_etexts/utf8/pmuni0755.html,True,AUTO_DOWNLOAD_PERMISSION_BEFORE_REDISTRIBUTION,CONTACT_PROJECT_COORDINATORS_AND_RETAIN_HEADERS,pmadurai@gmail.com,Freeze all available formats; preserve each header; request confirmation before Devam online redistribution and commercial use.,https://projectmadurai.org/pmworks.html
PM-756-0896,756,மேனகா ( நாவல்) - முதல் பாகம்,வடுவூர் கே. துரைசாமி ஐயங்கார்,நாவல் - புதினம்,Tamil,https://projectmadurai.org/pm_etexts/pdf/pm0756.pdf,https://projectmadurai.org/pm_etexts/utf8/pmuni0756.html,True,AUTO_DOWNLOAD_PERMISSION_BEFORE_REDISTRIBUTION,CONTACT_PROJECT_COORDINATORS_AND_RETAIN_HEADERS,pmadurai@gmail.com,Freeze all available formats; preserve each header; request confirmation before Devam online redistribution and commercial use.,https://projectmadurai.org/pmworks.html
PM-757-0897,757,மாஜி கடவுள்கள்,அறிஞர் அண்ணா (கா. ந. அண்ணாதுரை),கட்டுரைகள்,Tamil,https://projectmadurai.org/pm_etexts/pdf/pm0757.pdf,https://projectmadurai.org/pm_etexts/utf8/pmuni0757.html,True,AUTO_DOWNLOAD_PERMISSION_BEFORE_REDISTRIBUTION,CONTACT_PROJECT_COORDINATORS_AND_RETAIN_HEADERS,pmadurai@gmail.com,Freeze all available formats; preserve each header; request confirmation before Devam online redistribution and commercial use.,https://projectmadurai.org/pmworks.html
PM-758-0898,758,கபோதிபுரத்துக் காதல்,அறிஞர் அண்ணா (கா. ந. அண்ணாதுரை),குறும் புதினம் - குறுநாவல்,Tamil,https://projectmadurai.org/pm_etexts/pdf/pm0758.pdf,https://projectmadurai.org/pm_etexts/utf8/pmuni0758.html,True,AUTO_DOWNLOAD_PERMISSION_BEFORE_REDISTRIBUTION,CONTACT_PROJECT_COORDINATORS_AND_RETAIN_HEADERS,pmadurai@gmail.com,Freeze all available formats; preserve each header; request confirmation before Devam online redistribution and commercial use.,https://projectmadurai.org/pmworks.html
PM-759-0899,759,"நிலையும் நினைப்பும் & ஏ, தாழ்ந்த தமிழகமே!",அறிஞர் அண்ணா (கா. ந. அண்ணாதுரை),சொற்பொழிவுகள்,Tamil,https://projectmadurai.org/pm_etexts/pdf/pm0759.pdf,https://projectmadurai.org/pm_etexts/utf8/pmuni0759.html,True,AUTO_DOWNLOAD_PERMISSION_BEFORE_REDISTRIBUTION,CONTACT_PROJECT_COORDINATORS_AND_RETAIN_HEADERS,pmadurai@gmail.com,Freeze all available formats; preserve each header; request confirmation before Devam online redistribution and commercial use.,https://projectmadurai.org/pmworks.html
PM-760-0900,760,"அண்ணாவின் நாடகங்கள் (6) நன்கொடை, கண்ணீர்த்துளி, இரக்கம் எங்கே ?, கல்சுமந்த கசடர், ராகவாயணம் &புதிய மடாதிபதி",அறிஞர் அண்ணா (கா. ந. அண்ணாதுரை),நாடகங்கள்,Tamil,https://projectmadurai.org/pm_etexts/pdf/pm0760.pdf,https://projectmadurai.org/pm_etexts/utf8/pmuni0760.html,True,AUTO_DOWNLOAD_PERMISSION_BEFORE_REDISTRIBUTION,CONTACT_PROJECT_COORDINATORS_AND_RETAIN_HEADERS,pmadurai@gmail.com,Freeze all available formats; preserve each header; request confirmation before Devam online redistribution and commercial use.,https://projectmadurai.org/pmworks.html
PM-761-0901,761,அண்ணாவின் நாடகங்கள் (2) வேலைக்காரி & கண்ணாயிரத்தின் உலகம்,அறிஞர் அண்ணா (கா. ந. அண்ணாதுரை),நாடகங்கள்,Tamil,https://projectmadurai.org/pm_etexts/pdf/pm0761.pdf,https://projectmadurai.org/pm_etexts/utf8/pmuni0761.html,True,AUTO_DOWNLOAD_PERMISSION_BEFORE_REDISTRIBUTION,CONTACT_PROJECT_COORDINATORS_AND_RETAIN_HEADERS,pmadurai@gmail.com,Freeze all available formats; preserve each header; request confirmation before Devam online redistribution and commercial use.,https://projectmadurai.org/pmworks.html
PM-762-0902,762,பிரபந்தத்திரட்டு - பகுதி 38 /குளத்தூர்க்கோவை.,தி. மீனாட்சிசுந்தரம் பிள்ளை,பிரபந்தம் - கோவை,Tamil,https://projectmadurai.org/pm_etexts/pdf/pm0762.pdf,https://projectmadurai.org/pm_etexts/utf8/pmuni0762.html,True,AUTO_DOWNLOAD_PERMISSION_BEFORE_REDISTRIBUTION,CONTACT_PROJECT_COORDINATORS_AND_RETAIN_HEADERS,pmadurai@gmail.com,Freeze all available formats; preserve each header; request confirmation before Devam online redistribution and commercial use.,https://projectmadurai.org/pmworks.html
PM-763-0903,763,அரிச்சந்திரன் கும்மி,அனுமந்தராயன்,பிரபந்தம் - கும்மி,Tamil,https://projectmadurai.org/pm_etexts/pdf/pm0763.pdf,https://projectmadurai.org/pm_etexts/utf8/pmuni0763.html,True,AUTO_DOWNLOAD_PERMISSION_BEFORE_REDISTRIBUTION,CONTACT_PROJECT_COORDINATORS_AND_RETAIN_HEADERS,pmadurai@gmail.com,Freeze all available formats; preserve each header; request confirmation before Devam online redistribution and commercial use.,https://projectmadurai.org/pmworks.html
PM-764-0904,764,"1. சிதம்பரக்கும்மி. 2. அனுசூயைசரித்திரக் கும்மி,கோரக்கும்பார்சரித்திரக் கும்மி",1. திருப்போரூர் டி. கோபால் நாயகர் 2. இராமநாதபுரம் பத்மாஸனி அம்மாள்,பிரபந்தம் - கும்மி,Tamil,https://projectmadurai.org/pm_etexts/pdf/pm0764_01.pdf | https://projectmadurai.org/pm_etexts/pdf/pm0764_02.pdf,https://projectmadurai.org/pm_etexts/utf8/pmuni0764_01.html | https://projectmadurai.org/pm_etexts/utf8/pmuni0764_02.html,True,AUTO_DOWNLOAD_PERMISSION_BEFORE_REDISTRIBUTION,CONTACT_PROJECT_COORDINATORS_AND_RETAIN_HEADERS,pmadurai@gmail.com,Freeze all available formats; preserve each header; request confirmation before Devam online redistribution and commercial use.,https://projectmadurai.org/pmworks.html
PM-765-0905,765,திரு ஆனைக்கா உலா,காளமேகப் புலவர்,பிரபந்தம் - உலா,Tamil,https://projectmadurai.org/pm_etexts/pdf/pm0765.pdf,https://projectmadurai.org/pm_etexts/utf8/pmuni0765.html,True,AUTO_DOWNLOAD_PERMISSION_BEFORE_REDISTRIBUTION,CONTACT_PROJECT_COORDINATORS_AND_RETAIN_HEADERS,pmadurai@gmail.com,Freeze all available formats; preserve each header; request confirmation before Devam online redistribution and commercial use.,https://projectmadurai.org/pmworks.html
PM-766-0906,766,1. சீகாழி திருநிலைநாயகி பிள்ளைத்தமிழ் 2. திருப்பேரூர் இரட்டை மணி மாலை,1. கவியரசு. கு. நடேசகவுண்டர் 2. சி.கே. சுப்பிரமணிய முதலியார்,"பிரபந்தம் - பிள்ளைத்தமிழ், மாலை",Tamil,https://projectmadurai.org/pm_etexts/pdf/pm0766_01.pdf | https://projectmadurai.org/pm_etexts/pdf/pm0766_02.pdf,https://projectmadurai.org/pm_etexts/utf8/pmuni0766_01.html | https://projectmadurai.org/pm_etexts/utf8/pmuni0766_02.html,True,AUTO_DOWNLOAD_PERMISSION_BEFORE_REDISTRIBUTION,CONTACT_PROJECT_COORDINATORS_AND_RETAIN_HEADERS,pmadurai@gmail.com,Freeze all available formats; preserve each header; request confirmation before Devam online redistribution and commercial use.,https://projectmadurai.org/pmworks.html
PM-767-0907,767,1. மாயூரம் துலா காவேரி கும்மி 2. மாணிக்கவாசகர் சரித்திர கும்மி.,1. சிறுமணவூர் முனிசாமி முதலியார் 2. ஆவிடையார் கோவில் ஆத்மனாதய்யர்,பிரபந்தம் - கும்மி,Tamil,https://projectmadurai.org/pm_etexts/pdf/pm0767_01.pdf | https://projectmadurai.org/pm_etexts/pdf/pm0767_02.pdf,https://projectmadurai.org/pm_etexts/utf8/pmuni0767_01.html | https://projectmadurai.org/pm_etexts/utf8/pmuni0767_02.html,True,AUTO_DOWNLOAD_PERMISSION_BEFORE_REDISTRIBUTION,CONTACT_PROJECT_COORDINATORS_AND_RETAIN_HEADERS,pmadurai@gmail.com,Freeze all available formats; preserve each header; request confirmation before Devam online redistribution and commercial use.,https://projectmadurai.org/pmworks.html
PM-768-0908,768,1. திருவண்ணாமலை வல்லாளமகாராஜன் சரித்திரக்கும்மி 2. திருவண்ணாமலை தீர்த்தக்கும்மி,1. சிறுமணவூர் முனிசாமி முதலியார் 2. சிறுமணவூர் முனிசாமி முதலியார்,பிரபந்தம் - கும்மி,Tamil,https://projectmadurai.org/pm_etexts/pdf/pm0768_01.pdf | https://projectmadurai.org/pm_etexts/pdf/pm0768_02.pdf,https://projectmadurai.org/pm_etexts/utf8/pmuni0768_01.html | https://projectmadurai.org/pm_etexts/utf8/pmuni0768_02.html,True,AUTO_DOWNLOAD_PERMISSION_BEFORE_REDISTRIBUTION,CONTACT_PROJECT_COORDINATORS_AND_RETAIN_HEADERS,pmadurai@gmail.com,Freeze all available formats; preserve each header; request confirmation before Devam online redistribution and commercial use.,https://projectmadurai.org/pmworks.html
PM-769-0909,769,"வாட்போக்கி என்னும் ""இரத்தினகிரியுலா""",சேறைக் கவிராசபிள்ளை ஸ்ரீநிவாசையர் குறிப்புரையுடன்,பிரபந்தம் - உலா,Tamil,https://projectmadurai.org/pm_etexts/pdf/pm0769.pdf,https://projectmadurai.org/pm_etexts/utf8/pmuni0769.html,True,AUTO_DOWNLOAD_PERMISSION_BEFORE_REDISTRIBUTION,CONTACT_PROJECT_COORDINATORS_AND_RETAIN_HEADERS,pmadurai@gmail.com,Freeze all available formats; preserve each header; request confirmation before Devam online redistribution and commercial use.,https://projectmadurai.org/pmworks.html
PM-770-0910,770,புறநானூற்றுச் சிறுகதைகள்,முல்லை பிஎல். முத்தையா,சிறுகதைகள் - மாணவர்களுக்கு,Tamil,https://projectmadurai.org/pm_etexts/pdf/pm0769.pdf,https://projectmadurai.org/pm_etexts/utf8/pmuni0769.html,True,AUTO_DOWNLOAD_PERMISSION_BEFORE_REDISTRIBUTION,CONTACT_PROJECT_COORDINATORS_AND_RETAIN_HEADERS,pmadurai@gmail.com,Freeze all available formats; preserve each header; request confirmation before Devam online redistribution and commercial use.,https://projectmadurai.org/pmworks.html
PM-771-0911,771,1. ஆலமும் அமுதமும் (கட்டுரைகள்) 2. தமிழ் நூல்களில் பௌத்தம் (சொற்பொழிவு ),வி. கலியாணசுந்தரனார்,"கட்டுரைகள், சொற்பொழிவு",Tamil,https://projectmadurai.org/pm_etexts/pdf/pm0771_01.pdf | https://projectmadurai.org/pm_etexts/pdf/pm0771_02.pdf,https://projectmadurai.org/pm_etexts/utf8/pmuni0771_01.html | https://projectmadurai.org/pm_etexts/utf8/pmuni0771_02.html,True,AUTO_DOWNLOAD_PERMISSION_BEFORE_REDISTRIBUTION,CONTACT_PROJECT_COORDINATORS_AND_RETAIN_HEADERS,pmadurai@gmail.com,Freeze all available formats; preserve each header; request confirmation before Devam online redistribution and commercial use.,https://projectmadurai.org/pmworks.html
PM-772-0912,772,தமிழ்க்கலை (சொற்பொழிவுகள்),திரு. வி. கலியாண சுந்தரனர்,சொற்பொழிவுகள்,Tamil,https://projectmadurai.org/pm_etexts/pdf/pm0772.pdf,https://projectmadurai.org/pm_etexts/utf8/pmuni0772.html,True,AUTO_DOWNLOAD_PERMISSION_BEFORE_REDISTRIBUTION,CONTACT_PROJECT_COORDINATORS_AND_RETAIN_HEADERS,pmadurai@gmail.com,Freeze all available formats; preserve each header; request confirmation before Devam online redistribution and commercial use.,https://projectmadurai.org/pmworks.html
PM-773-0913,773,நாயன்மார் திறம்,திரு. வி. கலியாண சுந்தரனர்,கட்டுரைகள்,Tamil,https://projectmadurai.org/pm_etexts/pdf/pm0773.pdf,https://projectmadurai.org/pm_etexts/utf8/pmuni0773.html,True,AUTO_DOWNLOAD_PERMISSION_BEFORE_REDISTRIBUTION,CONTACT_PROJECT_COORDINATORS_AND_RETAIN_HEADERS,pmadurai@gmail.com,Freeze all available formats; preserve each header; request confirmation before Devam online redistribution and commercial use.,https://projectmadurai.org/pmworks.html
PM-774-0914,774,திருமுருகாற்றுப்படை- மூலமும் உரையும்,"நக்கீரர், சுந்தர சண்முகனார்",சங்ககாலம் - பத்துப்பாட்டு,Tamil,https://projectmadurai.org/pm_etexts/pdf/pm0774.pdf,https://projectmadurai.org/pm_etexts/utf8/pmuni0774.html,True,AUTO_DOWNLOAD_PERMISSION_BEFORE_REDISTRIBUTION,CONTACT_PROJECT_COORDINATORS_AND_RETAIN_HEADERS,pmadurai@gmail.com,Freeze all available formats; preserve each header; request confirmation before Devam online redistribution and commercial use.,https://projectmadurai.org/pmworks.html
PM-775-0915,775,இனியவை நாற்பது - இனிய உரை,"பூதன் சேந்தனார், சுந்தர சண்முகனார்",நீதிநெறி – பதினெண்கீழ்க்கணக்கு,Tamil,https://projectmadurai.org/pm_etexts/pdf/pm0775.pdf,https://projectmadurai.org/pm_etexts/utf8/pmuni0775.html,True,AUTO_DOWNLOAD_PERMISSION_BEFORE_REDISTRIBUTION,CONTACT_PROJECT_COORDINATORS_AND_RETAIN_HEADERS,pmadurai@gmail.com,Freeze all available formats; preserve each header; request confirmation before Devam online redistribution and commercial use.,https://projectmadurai.org/pmworks.html
PM-776-0916,776,இலக்கியத்தில் வேங்கட வேலவன்,சுந்தர சண்முகனார்,கட்டுரைகள்,Tamil,https://projectmadurai.org/pm_etexts/pdf/pm0775.pdf,https://projectmadurai.org/pm_etexts/utf8/pmuni0775.html,True,AUTO_DOWNLOAD_PERMISSION_BEFORE_REDISTRIBUTION,CONTACT_PROJECT_COORDINATORS_AND_RETAIN_HEADERS,pmadurai@gmail.com,Freeze all available formats; preserve each header; request confirmation before Devam online redistribution and commercial use.,https://projectmadurai.org/pmworks.html
PM-777-0917,777,நல்வழி - நயஉரை,"ஒளவையார், சுந்தர சண்முகனார்",நீதிநெறி நூல்,Tamil,https://projectmadurai.org/pm_etexts/pdf/pm0777.pdf,https://projectmadurai.org/pm_etexts/utf8/pmuni0777.html,True,AUTO_DOWNLOAD_PERMISSION_BEFORE_REDISTRIBUTION,CONTACT_PROJECT_COORDINATORS_AND_RETAIN_HEADERS,pmadurai@gmail.com,Freeze all available formats; preserve each header; request confirmation before Devam online redistribution and commercial use.,https://projectmadurai.org/pmworks.html
PM-778-0918,778,நாலடியார் நயவுரை,சுந்தர சண்முகனார்,நீதிநெறி நூல்,Tamil,https://projectmadurai.org/pm_etexts/pdf/pm0778.pdf,https://projectmadurai.org/pm_etexts/utf8/pmuni0778.html,True,AUTO_DOWNLOAD_PERMISSION_BEFORE_REDISTRIBUTION,CONTACT_PROJECT_COORDINATORS_AND_RETAIN_HEADERS,pmadurai@gmail.com,Freeze all available formats; preserve each header; request confirmation before Devam online redistribution and commercial use.,https://projectmadurai.org/pmworks.html
PM-779-0919,779,இயல் தமிழ் இன்பம்,சுந்தர சண்முகனார்,ஆய்வுக் கட்டுரைகள்,Tamil,https://projectmadurai.org/pm_etexts/pdf/pm0779.pdf,https://projectmadurai.org/pm_etexts/utf8/pmuni0779.html,True,AUTO_DOWNLOAD_PERMISSION_BEFORE_REDISTRIBUTION,CONTACT_PROJECT_COORDINATORS_AND_RETAIN_HEADERS,pmadurai@gmail.com,Freeze all available formats; preserve each header; request confirmation before Devam online redistribution and commercial use.,https://projectmadurai.org/pmworks.html
PM-780-0920,780,புத்தர் பொன்மொழி நூறு (செய்யுள் நூல்),சுந்தர சண்முகனார்,செய்யுள் நூல்,Tamil,https://projectmadurai.org/pm_etexts/pdf/pm0780.pdf,https://projectmadurai.org/pm_etexts/utf8/pmuni0780.html,True,AUTO_DOWNLOAD_PERMISSION_BEFORE_REDISTRIBUTION,CONTACT_PROJECT_COORDINATORS_AND_RETAIN_HEADERS,pmadurai@gmail.com,Freeze all available formats; preserve each header; request confirmation before Devam online redistribution and commercial use.,https://projectmadurai.org/pmworks.html
PM-781-0921,781,தனித் தமிழ்க் கிளர்ச்சி (அம்மானை நூல்),சுந்தர சண்முகனார்,பிரபந்தம் - அம்மானை,Tamil,https://projectmadurai.org/pm_etexts/pdf/pm0781.pdf,https://projectmadurai.org/pm_etexts/utf8/pmuni0781.html,True,AUTO_DOWNLOAD_PERMISSION_BEFORE_REDISTRIBUTION,CONTACT_PROJECT_COORDINATORS_AND_RETAIN_HEADERS,pmadurai@gmail.com,Freeze all available formats; preserve each header; request confirmation before Devam online redistribution and commercial use.,https://projectmadurai.org/pmworks.html
PM-782-0922,782,கடையம் (வளைசை) கலியாணியம்மை பிள்ளைத்தமிழ்,திருப்புலியூர் அழகிய திருச்சிற்றம்பல தேசிகர்,பிரபந்தம் - பிள்ளைத்தமிழ்,Tamil,https://projectmadurai.org/pm_etexts/pdf/pm0782.pdf,https://projectmadurai.org/pm_etexts/utf8/pmuni0782.html,True,AUTO_DOWNLOAD_PERMISSION_BEFORE_REDISTRIBUTION,CONTACT_PROJECT_COORDINATORS_AND_RETAIN_HEADERS,pmadurai@gmail.com,Freeze all available formats; preserve each header; request confirmation before Devam online redistribution and commercial use.,https://projectmadurai.org/pmworks.html
PM-783-0923,783,வயிரவன் கோவில் வடிவுடையம்மை பிள்ளைத்தமிழ்,சேந்தன்குடி வி. நடராச கவிராயரவர்கள்,பிரபந்தம் - பிள்ளைத்தமிழ்,Tamil,https://projectmadurai.org/pm_etexts/pdf/pm0783.pdf,https://projectmadurai.org/pm_etexts/utf8/pmuni0783.html,True,AUTO_DOWNLOAD_PERMISSION_BEFORE_REDISTRIBUTION,CONTACT_PROJECT_COORDINATORS_AND_RETAIN_HEADERS,pmadurai@gmail.com,Freeze all available formats; preserve each header; request confirmation before Devam online redistribution and commercial use.,https://projectmadurai.org/pmworks.html
PM-784-0924,784,முன்னீச்சரத்து ஸ்ரீவடிவாம்பிகை பிள்ளைத்தமிழ்,சொக்கன்,பிரபந்தம் - பிள்ளைத்தமிழ்,Tamil,https://projectmadurai.org/pm_etexts/pdf/pm0784.pdf,https://projectmadurai.org/pm_etexts/utf8/pmuni0784.html,True,AUTO_DOWNLOAD_PERMISSION_BEFORE_REDISTRIBUTION,CONTACT_PROJECT_COORDINATORS_AND_RETAIN_HEADERS,pmadurai@gmail.com,Freeze all available formats; preserve each header; request confirmation before Devam online redistribution and commercial use.,https://projectmadurai.org/pmworks.html
PM-785-0925,785,திருக்கேதீச்சரத்துக் கௌரிநாயகி பிள்ளைத்தமிழ்,சி. இ. சதாசிவம்பிள்ளை,பிரபந்தம் - பிள்ளைத்தமிழ்,Tamil,https://projectmadurai.org/pm_etexts/pdf/pm0785.pdf,https://projectmadurai.org/pm_etexts/utf8/pmuni0785.html,True,AUTO_DOWNLOAD_PERMISSION_BEFORE_REDISTRIBUTION,CONTACT_PROJECT_COORDINATORS_AND_RETAIN_HEADERS,pmadurai@gmail.com,Freeze all available formats; preserve each header; request confirmation before Devam online redistribution and commercial use.,https://projectmadurai.org/pmworks.html
PM-786-0926,786,பெண்ணின் பெருமை,திரு வி. கலியாணசுந்தர முதலியார்,கட்டுரைகள்,Tamil,https://projectmadurai.org/pm_etexts/pdf/pm0786.pdf,https://projectmadurai.org/pm_etexts/utf8/pmuni0786.html,True,AUTO_DOWNLOAD_PERMISSION_BEFORE_REDISTRIBUTION,CONTACT_PROJECT_COORDINATORS_AND_RETAIN_HEADERS,pmadurai@gmail.com,Freeze all available formats; preserve each header; request confirmation before Devam online redistribution and commercial use.,https://projectmadurai.org/pmworks.html
PM-787-0927,787,அம்பிகாபதி காதல் காப்பியம்,சுந்தர சண்முகனார்,காப்பியம்,Tamil,https://projectmadurai.org/pm_etexts/pdf/pm0787.pdf,https://projectmadurai.org/pm_etexts/utf8/pmuni0787.html,True,AUTO_DOWNLOAD_PERMISSION_BEFORE_REDISTRIBUTION,CONTACT_PROJECT_COORDINATORS_AND_RETAIN_HEADERS,pmadurai@gmail.com,Freeze all available formats; preserve each header; request confirmation before Devam online redistribution and commercial use.,https://projectmadurai.org/pmworks.html
PM-788-0928,788,புது வெள்ளம் (சங்கநூற் காட்சிகள்),கி. வா. ஜகந்நாதன்,இலக்கியக் கட்டுரைகள்,Tamil,https://projectmadurai.org/pm_etexts/pdf/pm0788.pdf,https://projectmadurai.org/pm_etexts/utf8/pmuni0788.html,True,AUTO_DOWNLOAD_PERMISSION_BEFORE_REDISTRIBUTION,CONTACT_PROJECT_COORDINATORS_AND_RETAIN_HEADERS,pmadurai@gmail.com,Freeze all available formats; preserve each header; request confirmation before Devam online redistribution and commercial use.,https://projectmadurai.org/pmworks.html
PM-789-0929,789,கிருஸ்தவத் தமிழ்த் தொண்டர்,ரா. பி. சேதுப் பிள்ளை,கட்டுரைகள் - வரலாறு,Tamil,https://projectmadurai.org/pm_etexts/pdf/pm0789.pdf,https://projectmadurai.org/pm_etexts/utf8/pmuni0789.html,True,AUTO_DOWNLOAD_PERMISSION_BEFORE_REDISTRIBUTION,CONTACT_PROJECT_COORDINATORS_AND_RETAIN_HEADERS,pmadurai@gmail.com,Freeze all available formats; preserve each header; request confirmation before Devam online redistribution and commercial use.,https://projectmadurai.org/pmworks.html
PM-790-0930,790,முதற் குலோத்துங்க சோழன்,T. V. சதாசிவ பண்டாரத்தார்,வரலாறு - சரித்திரம்,Tamil,https://projectmadurai.org/pm_etexts/pdf/pm0790.pdf,https://projectmadurai.org/pm_etexts/utf8/pmuni0790.html,True,AUTO_DOWNLOAD_PERMISSION_BEFORE_REDISTRIBUTION,CONTACT_PROJECT_COORDINATORS_AND_RETAIN_HEADERS,pmadurai@gmail.com,Freeze all available formats; preserve each header; request confirmation before Devam online redistribution and commercial use.,https://projectmadurai.org/pmworks.html
PM-791-0931,791,குறட் செல்வம்,குன்றக்குடி அடிகள்,நீதிநெறி – பதினெண்கீழ்க்கணக்கு,Tamil,https://projectmadurai.org/pm_etexts/pdf/pm0791.pdf,https://projectmadurai.org/pm_etexts/utf8/pmuni0791.html,True,AUTO_DOWNLOAD_PERMISSION_BEFORE_REDISTRIBUTION,CONTACT_PROJECT_COORDINATORS_AND_RETAIN_HEADERS,pmadurai@gmail.com,Freeze all available formats; preserve each header; request confirmation before Devam online redistribution and commercial use.,https://projectmadurai.org/pmworks.html
PM-792-0932,792,கம்பன் கண்ட ஆட்சியில் -அரசியல் சமூகம் (சொற்பொழிவு),குன்றக்குடி அடிகள்,ஆராய்ச்சிக் கட்டுரைகள்,Tamil,https://projectmadurai.org/pm_etexts/pdf/pm0792pdf,https://projectmadurai.org/pm_etexts/utf8/pmuni0792.html,True,AUTO_DOWNLOAD_PERMISSION_BEFORE_REDISTRIBUTION,CONTACT_PROJECT_COORDINATORS_AND_RETAIN_HEADERS,pmadurai@gmail.com,Freeze all available formats; preserve each header; request confirmation before Devam online redistribution and commercial use.,https://projectmadurai.org/pmworks.html
PM-793-0933,793,சமுதாய மறுமலர்ச்சி இலக்கியங்கள் (இலக்கியச் சொற்பொழிவுகள்),குன்றக்குடி அடிகள்,ஆராய்ச்சிக் கட்டுரைகள்,Tamil,https://projectmadurai.org/pm_etexts/pdf/pm0793pdf,https://projectmadurai.org/pm_etexts/utf8/pmuni0793.html,True,AUTO_DOWNLOAD_PERMISSION_BEFORE_REDISTRIBUTION,CONTACT_PROJECT_COORDINATORS_AND_RETAIN_HEADERS,pmadurai@gmail.com,Freeze all available formats; preserve each header; request confirmation before Devam online redistribution and commercial use.,https://projectmadurai.org/pmworks.html
PM-794-0934,794,திருவாசகத் தேன்,குன்றக்குடி அடிகள்,"சமயம் - சைவம், ஆராய்ச்சிக் கட்டுரைகள்",Tamil,https://projectmadurai.org/pm_etexts/pdf/pm0794pdf,https://projectmadurai.org/pm_etexts/utf8/pmuni0794.html,True,AUTO_DOWNLOAD_PERMISSION_BEFORE_REDISTRIBUTION,CONTACT_PROJECT_COORDINATORS_AND_RETAIN_HEADERS,pmadurai@gmail.com,Freeze all available formats; preserve each header; request confirmation before Devam online redistribution and commercial use.,https://projectmadurai.org/pmworks.html
PM-795-0935,795,சிந்தனைத் துளிகள்,குன்றக்குடி அடிகள்,ஆராய்ச்சிக் கட்டுரைகள்,Tamil,https://projectmadurai.org/pm_etexts/pdf/pm0795pdf,https://projectmadurai.org/pm_etexts/utf8/pmuni0795.html,True,AUTO_DOWNLOAD_PERMISSION_BEFORE_REDISTRIBUTION,CONTACT_PROJECT_COORDINATORS_AND_RETAIN_HEADERS,pmadurai@gmail.com,Freeze all available formats; preserve each header; request confirmation before Devam online redistribution and commercial use.,https://projectmadurai.org/pmworks.html
PM-796-0936,796,குலோத்துங்கன் பிள்ளைத்தமிழ்,ஒட்டக்கூத்தர்,பிரபந்தம் - பிள்ளைத்தமிழ்,Tamil,https://projectmadurai.org/pm_etexts/pdf/pm0796pdf,https://projectmadurai.org/pm_etexts/utf8/pmuni0796.html,True,AUTO_DOWNLOAD_PERMISSION_BEFORE_REDISTRIBUTION,CONTACT_PROJECT_COORDINATORS_AND_RETAIN_HEADERS,pmadurai@gmail.com,Freeze all available formats; preserve each header; request confirmation before Devam online redistribution and commercial use.,https://projectmadurai.org/pmworks.html
PM-797_01-0937,797_01,சிதம்பரக் குறவஞ்சி,பதிப்பாசிரியர் : மு. அருணாசலம்,பிரபந்தம் - குறவஞ்சி,Tamil,https://projectmadurai.org/pm_etexts/pdf/pm0797_01.pdf,https://projectmadurai.org/pm_etexts/utf8/pmuni0797_01.html,True,AUTO_DOWNLOAD_PERMISSION_BEFORE_REDISTRIBUTION,CONTACT_PROJECT_COORDINATORS_AND_RETAIN_HEADERS,pmadurai@gmail.com,Freeze all available formats; preserve each header; request confirmation before Devam online redistribution and commercial use.,https://projectmadurai.org/pmworks.html
PM-797_02-0938,797_02,ஸ்ரீமத் இராமயண சரித்திரக் கும்மி,கண்ணனூர் பத்மாஸனி அம்மாள்,பிரபந்தம் - கும்மி,Tamil,https://projectmadurai.org/pm_etexts/pdf/pm0797_02.pdf,https://projectmadurai.org/pm_etexts/utf8/pmuni0797_02.html,True,AUTO_DOWNLOAD_PERMISSION_BEFORE_REDISTRIBUTION,CONTACT_PROJECT_COORDINATORS_AND_RETAIN_HEADERS,pmadurai@gmail.com,Freeze all available formats; preserve each header; request confirmation before Devam online redistribution and commercial use.,https://projectmadurai.org/pmworks.html
PM-798-0939,798,திருவள்ளுவமாலை,சங்கப் புலவர்கள்,பிரபந்தம் - மாலை,Tamil,"https://projectmadurai.org/pm_etexts/pdf/pm0798,pdf",https://projectmadurai.org/pm_etexts/utf8/pmuni0798.html,True,AUTO_DOWNLOAD_PERMISSION_BEFORE_REDISTRIBUTION,CONTACT_PROJECT_COORDINATORS_AND_RETAIN_HEADERS,pmadurai@gmail.com,Freeze all available formats; preserve each header; request confirmation before Devam online redistribution and commercial use.,https://projectmadurai.org/pmworks.html
PM-799-0940,799,அனுபோக வெண்பா (உரையுடன்),அம்பலவாண தேசிகர் (திருவாவடுதுறை ஆதீனம்),பண்டார சாத்திரம்,Tamil,https://projectmadurai.org/pm_etexts/pdf/pm0799.pdf,https://projectmadurai.org/pm_etexts/utf8/pmuni0799.html,True,AUTO_DOWNLOAD_PERMISSION_BEFORE_REDISTRIBUTION,CONTACT_PROJECT_COORDINATORS_AND_RETAIN_HEADERS,pmadurai@gmail.com,Freeze all available formats; preserve each header; request confirmation before Devam online redistribution and commercial use.,https://projectmadurai.org/pmworks.html
PM-800-0941,800,உபதேச வெண்பா (உரையுடன்),அம்பலவாண தேசிகர் (திருவாவடுதுறை ஆதீனம்),பண்டார சாத்திரம்,Tamil,https://projectmadurai.org/pm_etexts/pdf/pm0800.pdf,https://projectmadurai.org/pm_etexts/utf8/pmuni0800.html,True,AUTO_DOWNLOAD_PERMISSION_BEFORE_REDISTRIBUTION,CONTACT_PROJECT_COORDINATORS_AND_RETAIN_HEADERS,pmadurai@gmail.com,Freeze all available formats; preserve each header; request confirmation before Devam online redistribution and commercial use.,https://projectmadurai.org/pmworks.html
PM-801-0942,801,தசகாரியங்கள் 3 (உரையுடன்),"அம்பலவாண தேசிகர், தட்சிணாமூர்த்தி தேசிகர் & சுவாமிநாத தேசிகர்",பண்டார சாத்திரம்,Tamil,https://projectmadurai.org/pm_etexts/pdf/pm0801.pdf,https://projectmadurai.org/pm_etexts/utf8/pmuni0801.html,True,AUTO_DOWNLOAD_PERMISSION_BEFORE_REDISTRIBUTION,CONTACT_PROJECT_COORDINATORS_AND_RETAIN_HEADERS,pmadurai@gmail.com,Freeze all available formats; preserve each header; request confirmation before Devam online redistribution and commercial use.,https://projectmadurai.org/pmworks.html
PM-802-0943,802,சன்மார்க்க சித்தியாரும் & சிவாச்சிரமத்தெளிவும் (உரையுடன்),அம்பலவாண தேசிகர் (திருவாவடுதுறை ஆதீனம்),பண்டார சாத்திரம்,Tamil,https://projectmadurai.org/pm_etexts/pdf/pm0802.pdf,https://projectmadurai.org/pm_etexts/utf8/pmuni0802.html,True,AUTO_DOWNLOAD_PERMISSION_BEFORE_REDISTRIBUTION,CONTACT_PROJECT_COORDINATORS_AND_RETAIN_HEADERS,pmadurai@gmail.com,Freeze all available formats; preserve each header; request confirmation before Devam online redistribution and commercial use.,https://projectmadurai.org/pmworks.html
PM-803-0944,803,உபாயநிட்டை வெண்பா & நிட்டைவிளக்கம் (உரையுடன்),அம்பலவாண தேசிகர் (திருவாவடுதுறை ஆதீனம்),பண்டார சாத்திரம்,Tamil,https://projectmadurai.org/pm_etexts/pdf/pm0803.pdf,https://projectmadurai.org/pm_etexts/utf8/pmuni0803.html,True,AUTO_DOWNLOAD_PERMISSION_BEFORE_REDISTRIBUTION,CONTACT_PROJECT_COORDINATORS_AND_RETAIN_HEADERS,pmadurai@gmail.com,Freeze all available formats; preserve each header; request confirmation before Devam online redistribution and commercial use.,https://projectmadurai.org/pmworks.html
"PM-804_01, 804_02-0945","804_01, 804_02",நமச்சிவாய மாலை (804_01) & அதிசய மாலை (804_02),அம்பலவாண தேசிகர் (திருவாவடுதுறை ஆதீனம்),பண்டார சாத்திரம்,Tamil,https://projectmadurai.org/pm_etexts/pdf/pm0804_01.pdf | https://projectmadurai.org/pm_etexts/pdf/pm0804_02.pdf,https://projectmadurai.org/pm_etexts/utf8/pmuni0804_01.html | https://projectmadurai.org/pm_etexts/utf8/pmuni0804_02.html,True,AUTO_DOWNLOAD_PERMISSION_BEFORE_REDISTRIBUTION,CONTACT_PROJECT_COORDINATORS_AND_RETAIN_HEADERS,pmadurai@gmail.com,Freeze all available formats; preserve each header; request confirmation before Devam online redistribution and commercial use.,https://projectmadurai.org/pmworks.html
"PM-805_01, 805_02-0946","805_01, 805_02",சித்தாந்த சிகாமணி (805_01) & சித்தாந்தப் பஃறொடை (805_02),அம்பலவாண தேசிகர் (திருவாவடுதுறை ஆதீனம்),பண்டார சாத்திரம்,Tamil,https://projectmadurai.org/pm_etexts/pdf/pm0805_01.pdf | https://projectmadurai.org/pm_etexts/pdf/pm0805_02.pdf,https://projectmadurai.org/pm_etexts/utf8/pmuni0805_01.html | https://projectmadurai.org/pm_etexts/utf8/pmuni0805_02.html,True,AUTO_DOWNLOAD_PERMISSION_BEFORE_REDISTRIBUTION,CONTACT_PROJECT_COORDINATORS_AND_RETAIN_HEADERS,pmadurai@gmail.com,Freeze all available formats; preserve each header; request confirmation before Devam online redistribution and commercial use.,https://projectmadurai.org/pmworks.html
PM-806-0947,806,திரிபதார்த்தருபாதி தசகாரிய அகவல் & சிவபோகசாரம்,குருஞானசம்பந்த தேசிக சுவாமிகள்,பண்டார சாத்திரம்,Tamil,https://projectmadurai.org/pm_etexts/pdf/pm0806.pdf,https://projectmadurai.org/pm_etexts/utf8/pmuni0806.html,True,AUTO_DOWNLOAD_PERMISSION_BEFORE_REDISTRIBUTION,CONTACT_PROJECT_COORDINATORS_AND_RETAIN_HEADERS,pmadurai@gmail.com,Freeze all available formats; preserve each header; request confirmation before Devam online redistribution and commercial use.,https://projectmadurai.org/pmworks.html
"PM-807_01, 807_02-0948","807_01, 807_02","காலந்தோறும் பெண் (பாகம் 1 , 807_01) (பாகம் 2, 807_02)",ராஜம் கிருஷ்ணன்,சமூகவியல் ஆய்வு,Tamil,https://projectmadurai.org/pm_etexts/pdf/pm0807_01.pdf | https://projectmadurai.org/pm_etexts/pdf/pm0807_02.pdf,https://projectmadurai.org/pm_etexts/utf8/pmuni0807_01.html | https://projectmadurai.org/pm_etexts/utf8/pmuni0807_02.html,True,AUTO_DOWNLOAD_PERMISSION_BEFORE_REDISTRIBUTION,CONTACT_PROJECT_COORDINATORS_AND_RETAIN_HEADERS,pmadurai@gmail.com,Freeze all available formats; preserve each header; request confirmation before Devam online redistribution and commercial use.,https://projectmadurai.org/pmworks.html
"PM-808_01, 808_02-0949","808_01, 808_02",புதிய திரிபுரங்கள்‌ (808_01) கேள்வித் தீ‌ (807_02),சு. சமுத்திரம்‌,குறுநாவல்,Tamil,https://projectmadurai.org/pm_etexts/pdf/pm0808_01.pdf | https://projectmadurai.org/pm_etexts/pdf/pm0808_02.pdf,https://projectmadurai.org/pm_etexts/utf8/pmuni0808_01.html | https://projectmadurai.org/pm_etexts/utf8/pmuni0808_02.html,True,AUTO_DOWNLOAD_PERMISSION_BEFORE_REDISTRIBUTION,CONTACT_PROJECT_COORDINATORS_AND_RETAIN_HEADERS,pmadurai@gmail.com,Freeze all available formats; preserve each header; request confirmation before Devam online redistribution and commercial use.,https://projectmadurai.org/pmworks.html
PM-809-0950,809,வளர்ப்பு மகள் (இரண்டு பாகங்களாக),சு. சமுத்திரம்‌,நாவல் - புதினம்,Tamil,https://projectmadurai.org/pm_etexts/pdf/pm0809_01.pdf | https://projectmadurai.org/pm_etexts/pdf/pm0809_02.pdf,https://projectmadurai.org/pm_etexts/utf8/pmuni0809_01.html | https://projectmadurai.org/pm_etexts/utf8/pmuni0809_02.html,True,AUTO_DOWNLOAD_PERMISSION_BEFORE_REDISTRIBUTION,CONTACT_PROJECT_COORDINATORS_AND_RETAIN_HEADERS,pmadurai@gmail.com,Freeze all available formats; preserve each header; request confirmation before Devam online redistribution and commercial use.,https://projectmadurai.org/pmworks.html
PM-810-0951,810,மூட்டம்,சு. சமுத்திரம்,நாவல் - புதினம்,Tamil,https://projectmadurai.org/pm_etexts/pdf/pm0810.pdf,https://projectmadurai.org/pm_etexts/utf8/pmuni0810.html,True,AUTO_DOWNLOAD_PERMISSION_BEFORE_REDISTRIBUTION,CONTACT_PROJECT_COORDINATORS_AND_RETAIN_HEADERS,pmadurai@gmail.com,Freeze all available formats; preserve each header; request confirmation before Devam online redistribution and commercial use.,https://projectmadurai.org/pmworks.html
PM-811-0952,811,ஒரு சத்தியத்தின் அழுகை,சு. சமுத்திரம்,சிறுகதைகள்,Tamil,https://projectmadurai.org/pm_etexts/pdf/pm0811.pdf,https://projectmadurai.org/pm_etexts/utf8/pmuni0811.html,True,AUTO_DOWNLOAD_PERMISSION_BEFORE_REDISTRIBUTION,CONTACT_PROJECT_COORDINATORS_AND_RETAIN_HEADERS,pmadurai@gmail.com,Freeze all available formats; preserve each header; request confirmation before Devam online redistribution and commercial use.,https://projectmadurai.org/pmworks.html
PM-812-0953,812,ஒத்தை வீடு & புதைமண்,சு. சமுத்திரம்,குறுநாவல்கள்,Tamil,https://projectmadurai.org/pm_etexts/pdf/pm0812_01.pdf | https://projectmadurai.org/pm_etexts/pdf/pm0812_02.pdf,https://projectmadurai.org/pm_etexts/utf8/pmuni0812_01.html | https://projectmadurai.org/pm_etexts/utf8/pmuni0812_02.html,True,AUTO_DOWNLOAD_PERMISSION_BEFORE_REDISTRIBUTION,CONTACT_PROJECT_COORDINATORS_AND_RETAIN_HEADERS,pmadurai@gmail.com,Freeze all available formats; preserve each header; request confirmation before Devam online redistribution and commercial use.,https://projectmadurai.org/pmworks.html
PM-813-0954,813,'என் பார்வையில் கலைஞர்' (இரண்டு பாகங்களாக),சு. சமுத்திரம்‌,வாழ்க்கை வரலாறு,Tamil,https://projectmadurai.org/pm_etexts/pdf/pm0813_01.pdf | https://projectmadurai.org/pm_etexts/pdf/pm0813_02.pdf,https://projectmadurai.org/pm_etexts/utf8/pmuni0813_01.html | https://projectmadurai.org/pm_etexts/utf8/pmuni0813_02.html,True,AUTO_DOWNLOAD_PERMISSION_BEFORE_REDISTRIBUTION,CONTACT_PROJECT_COORDINATORS_AND_RETAIN_HEADERS,pmadurai@gmail.com,Freeze all available formats; preserve each header; request confirmation before Devam online redistribution and commercial use.,https://projectmadurai.org/pmworks.html
PM-814_01-0955,814_01,உஷா கல்யாணக்கும்மி,திருவல்லிக்கேணி குமாரத்தி வேதம்மாள்,பிரபந்தம் -கும்மி,Tamil,https://projectmadurai.org/pm_etexts/pdf/pm0814_01.pdf,https://projectmadurai.org/pm_etexts/utf8/pmuni0814_01.html,True,AUTO_DOWNLOAD_PERMISSION_BEFORE_REDISTRIBUTION,CONTACT_PROJECT_COORDINATORS_AND_RETAIN_HEADERS,pmadurai@gmail.com,Freeze all available formats; preserve each header; request confirmation before Devam online redistribution and commercial use.,https://projectmadurai.org/pmworks.html
PM-814_02-0956,814_02,கோவர்த்தனக் கும்மி,திருவேங்கடம் அம்மாள்,பிரபந்தம் -கும்மி,Tamil,https://projectmadurai.org/pm_etexts/pdf/pm0814_02.pdf,https://projectmadurai.org/pm_etexts/utf8/pmuni0814_02.html,True,AUTO_DOWNLOAD_PERMISSION_BEFORE_REDISTRIBUTION,CONTACT_PROJECT_COORDINATORS_AND_RETAIN_HEADERS,pmadurai@gmail.com,Freeze all available formats; preserve each header; request confirmation before Devam online redistribution and commercial use.,https://projectmadurai.org/pmworks.html
PM-815_01-0957,815_01,நளச்சக்கரவர்த்தி கும்மி,வீரராகவதாஸர்,பிரபந்தம் -கும்மி,Tamil,https://projectmadurai.org/pm_etexts/pdf/pm0815_01.pdf,https://projectmadurai.org/pm_etexts/utf8/pmuni0815_01.html,True,AUTO_DOWNLOAD_PERMISSION_BEFORE_REDISTRIBUTION,CONTACT_PROJECT_COORDINATORS_AND_RETAIN_HEADERS,pmadurai@gmail.com,Freeze all available formats; preserve each header; request confirmation before Devam online redistribution and commercial use.,https://projectmadurai.org/pmworks.html
PM-815_02-0958,815_02,ஸ்ரீஜானகி ஸ்வயம்வரக்கும்மி,ஸ்ரீரங்கம் ரங்கநாயகி அம்மாள்,பிரபந்தம் -கும்மி,Tamil,https://projectmadurai.org/pm_etexts/pdf/pm0815_02.pdf,https://projectmadurai.org/pm_etexts/utf8/pmuni0815_02.html,True,AUTO_DOWNLOAD_PERMISSION_BEFORE_REDISTRIBUTION,CONTACT_PROJECT_COORDINATORS_AND_RETAIN_HEADERS,pmadurai@gmail.com,Freeze all available formats; preserve each header; request confirmation before Devam online redistribution and commercial use.,https://projectmadurai.org/pmworks.html
PM-816-0959,816,பாரதிக்குப்பின் தமிழ் உரைநடை,வல்லிக்கண்ணன்,இலக்கிய பகுப்பாய்வு,Tamil,https://projectmadurai.org/pm_etexts/pdf/pm0816.pdf,https://projectmadurai.org/pm_etexts/utf8/pmuni0816.html,True,AUTO_DOWNLOAD_PERMISSION_BEFORE_REDISTRIBUTION,CONTACT_PROJECT_COORDINATORS_AND_RETAIN_HEADERS,pmadurai@gmail.com,Freeze all available formats; preserve each header; request confirmation before Devam online redistribution and commercial use.,https://projectmadurai.org/pmworks.html
PM-817-0960,817,குமரேச சதகம் - ஆங்கில மொழிபெயர்ப்பு kumarEca catakam - English Translation,குருபாத தாசர் - கௌசல்யா ஹார்ட் / kurupAta tAcar - Kausalya Hart,பிரபந்தம் - மொழிபெயர்ப்பு,Tamil,https://projectmadurai.org/pm_etexts/pdf/pm0817.pdf,https://projectmadurai.org/pm_etexts/utf8/pmuni0817.html,True,AUTO_DOWNLOAD_PERMISSION_BEFORE_REDISTRIBUTION,CONTACT_PROJECT_COORDINATORS_AND_RETAIN_HEADERS,pmadurai@gmail.com,Freeze all available formats; preserve each header; request confirmation before Devam online redistribution and commercial use.,https://projectmadurai.org/pmworks.html
PM-818-0961,818,"மணிமேகலைச் சுருக்கம்(பாகம் 1, 2) மூலம், உரைக் குறிப்புக்களுடன்",ஔவை. சு. துரைசாமிப் பிள்ளை‌,காப்பியம்,Tamil,https://projectmadurai.org/pm_etexts/pdf/pm0818_01.pdf | https://projectmadurai.org/pm_etexts/pdf/pm0818_02.pdf,https://projectmadurai.org/pm_etexts/utf8/pmuni0818_01.html | https://projectmadurai.org/pm_etexts/utf8/pmuni0818_02.html,True,AUTO_DOWNLOAD_PERMISSION_BEFORE_REDISTRIBUTION,CONTACT_PROJECT_COORDINATORS_AND_RETAIN_HEADERS,pmadurai@gmail.com,Freeze all available formats; preserve each header; request confirmation before Devam online redistribution and commercial use.,https://projectmadurai.org/pmworks.html
PM-819-0962,819,இந்திர மயம் (819_01) தராசு *819_02,சு. சமுத்திரம்‌‌,சிறுகதைகள் - தொகுப்பு,Tamil,https://projectmadurai.org/pm_etexts/pdf/pm0819_01.pdf | https://projectmadurai.org/pm_etexts/pdf/pm0819_02.pdf,https://projectmadurai.org/pm_etexts/utf8/pmuni0819_01.html | https://projectmadurai.org/pm_etexts/utf8/pmuni0819_02.html,True,AUTO_DOWNLOAD_PERMISSION_BEFORE_REDISTRIBUTION,CONTACT_PROJECT_COORDINATORS_AND_RETAIN_HEADERS,pmadurai@gmail.com,Freeze all available formats; preserve each header; request confirmation before Devam online redistribution and commercial use.,https://projectmadurai.org/pmworks.html
PM-820-0963,820,உள்ளொளி (இரண்டு பாகங்களாக),திரு. வி. கலியாணசுந்தரனார்,சொற்பொழிவு/ கட்டுரைகள்,Tamil,https://projectmadurai.org/pm_etexts/pdf/pm0820_01.pdf | https://projectmadurai.org/pm_etexts/pdf/pm0820_02.pdf,https://projectmadurai.org/pm_etexts/utf8/pmuni0820_01.html | https://projectmadurai.org/pm_etexts/utf8/pmuni0820_02.html,True,AUTO_DOWNLOAD_PERMISSION_BEFORE_REDISTRIBUTION,CONTACT_PROJECT_COORDINATORS_AND_RETAIN_HEADERS,pmadurai@gmail.com,Freeze all available formats; preserve each header; request confirmation before Devam online redistribution and commercial use.,https://projectmadurai.org/pmworks.html
PM-821-0964,821,திருக்கதிரகாமப் பிள்ளைத்தமிழ்,சிவங் கருணாலய பாண்டியப் புலவர்,பிரபந்தம் - பிள்ளைத்தமிழ்,Tamil,https://projectmadurai.org/pm_etexts/pdf/pm0821.pdf,https://projectmadurai.org/pm_etexts/utf8/pmuni0821.html,True,AUTO_DOWNLOAD_PERMISSION_BEFORE_REDISTRIBUTION,CONTACT_PROJECT_COORDINATORS_AND_RETAIN_HEADERS,pmadurai@gmail.com,Freeze all available formats; preserve each header; request confirmation before Devam online redistribution and commercial use.,https://projectmadurai.org/pmworks.html
PM-822-0965,822,திருக்கோகர்ணம் பெரியநாயகி பிள்ளைத் தமிழ்,கவிராஜ பண்டித நா. கனகராஜய்யர்,பிரபந்தம் - பிள்ளைத்தமிழ்,Tamil,https://projectmadurai.org/pm_etexts/pdf/pm0822.pdf,https://projectmadurai.org/pm_etexts/utf8/pmuni0822.html,True,AUTO_DOWNLOAD_PERMISSION_BEFORE_REDISTRIBUTION,CONTACT_PROJECT_COORDINATORS_AND_RETAIN_HEADERS,pmadurai@gmail.com,Freeze all available formats; preserve each header; request confirmation before Devam online redistribution and commercial use.,https://projectmadurai.org/pmworks.html
PM-823-0966,823,அரும்பாத்தை வேதவிநாயகர் பிள்ளைத்தமிழ் (குறிப்புரையுடன்) பிள்ளைத் தமிழ்க் கொத்து - பாகம் 1,....,பிரபந்தம் - பிள்ளைத்தமிழ்,Tamil,https://projectmadurai.org/pm_etexts/pdf/pm0823.pdf,https://projectmadurai.org/pm_etexts/utf8/pmuni0823.html,True,AUTO_DOWNLOAD_PERMISSION_BEFORE_REDISTRIBUTION,CONTACT_PROJECT_COORDINATORS_AND_RETAIN_HEADERS,pmadurai@gmail.com,Freeze all available formats; preserve each header; request confirmation before Devam online redistribution and commercial use.,https://projectmadurai.org/pmworks.html
PM-824-0967,824,2. வைகுந்தநாதன் பிள்ளைத்தமிழ் பிள்ளைத் தமிழ்க் கொத்து - பாகம் 2,....,பிரபந்தம் - பிள்ளைத்தமிழ்,Tamil,https://projectmadurai.org/pm_etexts/pdf/pm0824.pdf,https://projectmadurai.org/pm_etexts/utf8/pmuni0824.html,True,AUTO_DOWNLOAD_PERMISSION_BEFORE_REDISTRIBUTION,CONTACT_PROJECT_COORDINATORS_AND_RETAIN_HEADERS,pmadurai@gmail.com,Freeze all available formats; preserve each header; request confirmation before Devam online redistribution and commercial use.,https://projectmadurai.org/pmworks.html
PM-825-0968,825,3. இராகவர் பிள்ளைத்தமிழ் பிள்ளைத் தமிழ்க் கொத்து - பாகம் 3,....,பிரபந்தம் - பிள்ளைத்தமிழ்,Tamil,https://projectmadurai.org/pm_etexts/pdf/pm0825.pdf,https://projectmadurai.org/pm_etexts/utf8/pmuni0825.html,True,AUTO_DOWNLOAD_PERMISSION_BEFORE_REDISTRIBUTION,CONTACT_PROJECT_COORDINATORS_AND_RETAIN_HEADERS,pmadurai@gmail.com,Freeze all available formats; preserve each header; request confirmation before Devam online redistribution and commercial use.,https://projectmadurai.org/pmworks.html
PM-826-0969,826,4. தில்லை சிவகாமியம்மை பிள்ளைத் தமிழ் பிள்ளைத் தமிழ்க் கொத்து - பாகம் 4,....,பிரபந்தம் - பிள்ளைத்தமிழ்,Tamil,https://projectmadurai.org/pm_etexts/pdf/pm0826.pdf,https://projectmadurai.org/pm_etexts/utf8/pmuni0826.html,True,AUTO_DOWNLOAD_PERMISSION_BEFORE_REDISTRIBUTION,CONTACT_PROJECT_COORDINATORS_AND_RETAIN_HEADERS,pmadurai@gmail.com,Freeze all available formats; preserve each header; request confirmation before Devam online redistribution and commercial use.,https://projectmadurai.org/pmworks.html
PM-827-0970,827,5. புதுவை திரிபுரசுந்தரி பிள்ளைத் தமிழ் பிள்ளைத் தமிழ்க் கொத்து - பாகம் 5,....,பிரபந்தம் - பிள்ளைத்தமிழ்,Tamil,https://projectmadurai.org/pm_etexts/pdf/pm0827.pdf,https://projectmadurai.org/pm_etexts/utf8/pmuni0827.html,True,AUTO_DOWNLOAD_PERMISSION_BEFORE_REDISTRIBUTION,CONTACT_PROJECT_COORDINATORS_AND_RETAIN_HEADERS,pmadurai@gmail.com,Freeze all available formats; preserve each header; request confirmation before Devam online redistribution and commercial use.,https://projectmadurai.org/pmworks.html
PM-828-0971,828,6. தூத்துக்குடி பாகம்பிரியாவம்மை பிள்ளைத்தமிழ் பிள்ளைத் தமிழ்க் கொத்து - பாகம் 6,....,பிரபந்தம் - பிள்ளைத்தமிழ்,Tamil,https://projectmadurai.org/pm_etexts/pdf/pm0828.pdf,https://projectmadurai.org/pm_etexts/utf8/pmuni0828.html,True,AUTO_DOWNLOAD_PERMISSION_BEFORE_REDISTRIBUTION,CONTACT_PROJECT_COORDINATORS_AND_RETAIN_HEADERS,pmadurai@gmail.com,Freeze all available formats; preserve each header; request confirmation before Devam online redistribution and commercial use.,https://projectmadurai.org/pmworks.html
PM-829-0972,829,7. சிவானந்தன் பிள்ளைத்தமிழ் (குறிப்புரையுடன்) பிள்ளைத் தமிழ்க் கொத்து - பாகம் 7,....,பிரபந்தம் - பிள்ளைத்தமிழ்,Tamil,https://projectmadurai.org/pm_etexts/pdf/pm0829.pdf,https://projectmadurai.org/pm_etexts/utf8/pmuni0829.html,True,AUTO_DOWNLOAD_PERMISSION_BEFORE_REDISTRIBUTION,CONTACT_PROJECT_COORDINATORS_AND_RETAIN_HEADERS,pmadurai@gmail.com,Freeze all available formats; preserve each header; request confirmation before Devam online redistribution and commercial use.,https://projectmadurai.org/pmworks.html
PM-830-0973,830,"""சோணசைலமாலை"" (குறிப்புரையுடன்) பனுவல் திரட்டு - பாகம் 1",துறைமங்கலம் சிவப்பிரகாச சுவாமிகள்,பிரபந்தம் - மாலை,Tamil,https://projectmadurai.org/pm_etexts/pdf/pm0830.pdf,https://projectmadurai.org/pm_etexts/utf8/pmuni0830.html,True,AUTO_DOWNLOAD_PERMISSION_BEFORE_REDISTRIBUTION,CONTACT_PROJECT_COORDINATORS_AND_RETAIN_HEADERS,pmadurai@gmail.com,Freeze all available formats; preserve each header; request confirmation before Devam online redistribution and commercial use.,https://projectmadurai.org/pmworks.html
PM-831-0974,831,திருச்செந்தில் நிரோட்டக யமகவந்தாதி (குறிப்புரையுடன்) பனுவல் திரட்டு - பாகம் 2,துறைமங்கலம் சிவப்பிரகாச சுவாமிகள்,பிரபந்தம் - அந்தாதி,Tamil,https://projectmadurai.org/pm_etexts/pdf/pm0831.pdf,https://projectmadurai.org/pm_etexts/utf8/pmuni0831.html,True,AUTO_DOWNLOAD_PERMISSION_BEFORE_REDISTRIBUTION,CONTACT_PROJECT_COORDINATORS_AND_RETAIN_HEADERS,pmadurai@gmail.com,Freeze all available formats; preserve each header; request confirmation before Devam online redistribution and commercial use.,https://projectmadurai.org/pmworks.html
PM-832-0975,832,திருவெங்கைக்கோவை (குறிப்புரையுடன்),துறைமங்கலம் சிவப்பிரகாச சுவாமிகள்,பிரபந்தம் - கோவை,Tamil,https://projectmadurai.org/pm_etexts/pdf/pm0832.pdf,https://projectmadurai.org/pm_etexts/utf8/pmuni0832.html,True,AUTO_DOWNLOAD_PERMISSION_BEFORE_REDISTRIBUTION,CONTACT_PROJECT_COORDINATORS_AND_RETAIN_HEADERS,pmadurai@gmail.com,Freeze all available formats; preserve each header; request confirmation before Devam online redistribution and commercial use.,https://projectmadurai.org/pmworks.html
PM-833-0976,833,திருவெங்கைக் கலம்பகம் (குறிப்புரையுடன்),துறைமங்கலம் சிவப்பிரகாச சுவாமிகள்,பிரபந்தம் - கலம்பகம்,Tamil,https://projectmadurai.org/pm_etexts/pdf/pm0833.pdf,https://projectmadurai.org/pm_etexts/utf8/pmuni0833.html,True,AUTO_DOWNLOAD_PERMISSION_BEFORE_REDISTRIBUTION,CONTACT_PROJECT_COORDINATORS_AND_RETAIN_HEADERS,pmadurai@gmail.com,Freeze all available formats; preserve each header; request confirmation before Devam online redistribution and commercial use.,https://projectmadurai.org/pmworks.html
PM-834-0977,834,திருவெங்கையுலா,துறைமங்கலம் சிவப்பிரகாச சுவாமிகள்,பிரபந்தம் - உலா,Tamil,https://projectmadurai.org/pm_etexts/pdf/pm0834.pdf,https://projectmadurai.org/pm_etexts/utf8/pmuni0834.html,True,AUTO_DOWNLOAD_PERMISSION_BEFORE_REDISTRIBUTION,CONTACT_PROJECT_COORDINATORS_AND_RETAIN_HEADERS,pmadurai@gmail.com,Freeze all available formats; preserve each header; request confirmation before Devam online redistribution and commercial use.,https://projectmadurai.org/pmworks.html
PM-835-0978,835,ஸ்ரீ சிவஞானபாலைய தேசிகர் கலம்பகம் (குறிப்புரையுடன்),துறைமங்கலம் சிவப்பிரகாச சுவாமிகள்,பிரபந்தம் - கலம்பகம்,Tamil,https://projectmadurai.org/pm_etexts/pdf/pm0835.pdf,https://projectmadurai.org/pm_etexts/utf8/pmuni0835.html,True,AUTO_DOWNLOAD_PERMISSION_BEFORE_REDISTRIBUTION,CONTACT_PROJECT_COORDINATORS_AND_RETAIN_HEADERS,pmadurai@gmail.com,Freeze all available formats; preserve each header; request confirmation before Devam online redistribution and commercial use.,https://projectmadurai.org/pmworks.html
PM-836-0979,836,ஸ்ரீ சிவஞானபாலையசுவாமிகள் பிள்ளைத்தமிழ் (குறிப்புரையுடன்),துறைமங்கலம் சிவப்பிரகாச சுவாமிகள்,பிரபந்தம் - பிள்ளைத்தமிழ்,Tamil,https://projectmadurai.org/pm_etexts/pdf/pm0836.pdf,https://projectmadurai.org/pm_etexts/utf8/pmuni0836.html,True,AUTO_DOWNLOAD_PERMISSION_BEFORE_REDISTRIBUTION,CONTACT_PROJECT_COORDINATORS_AND_RETAIN_HEADERS,pmadurai@gmail.com,Freeze all available formats; preserve each header; request confirmation before Devam online redistribution and commercial use.,https://projectmadurai.org/pmworks.html
PM-837-0980,837,ஸ்ரீ சிவஞானபாலைய சுவாமிகள் நெஞ்சுவிடுதூது,துறைமங்கலம் சிவப்பிரகாச சுவாமிகள்,பிரபந்தம் - தூது,Tamil,https://projectmadurai.org/pm_etexts/pdf/pm0837.pdf,https://projectmadurai.org/pm_etexts/utf8/pmuni0837.html,True,AUTO_DOWNLOAD_PERMISSION_BEFORE_REDISTRIBUTION,CONTACT_PROJECT_COORDINATORS_AND_RETAIN_HEADERS,pmadurai@gmail.com,Freeze all available formats; preserve each header; request confirmation before Devam online redistribution and commercial use.,https://projectmadurai.org/pmworks.html
PM-838_01-0981,838_01,சிவப்பிரகாச சுவாமிகள் வாழ்க்கை வரலாறும் நூல்கள்களும்,துறைமங்கலம் சிவப்பிரகாச சுவாமிகள்,வாழ்க்கை வரலாறு,Tamil,https://projectmadurai.org/pm_etexts/pdf/pm0838_01.pdf,https://projectmadurai.org/pm_etexts/utf8/pmuni0838_01.html,True,AUTO_DOWNLOAD_PERMISSION_BEFORE_REDISTRIBUTION,CONTACT_PROJECT_COORDINATORS_AND_RETAIN_HEADERS,pmadurai@gmail.com,Freeze all available formats; preserve each header; request confirmation before Devam online redistribution and commercial use.,https://projectmadurai.org/pmworks.html
PM-838_02-0982,838_02,ஸ்ரீ சிவஞானபாலைய சுவாமிகள் தாலாட்டு & திருப்பள்ளியெழுச்சி ( விளக்கக் குறிப்புரையுடன்),துறைமங்கலம் சிவப்பிரகாச சுவாமிகள்,பிரபந்தம் - தாலாட்டு,Tamil,https://projectmadurai.org/pm_etexts/pdf/pm0838_02.pdf,https://projectmadurai.org/pm_etexts/utf8/pmuni0838_02.html,True,AUTO_DOWNLOAD_PERMISSION_BEFORE_REDISTRIBUTION,CONTACT_PROJECT_COORDINATORS_AND_RETAIN_HEADERS,pmadurai@gmail.com,Freeze all available formats; preserve each header; request confirmation before Devam online redistribution and commercial use.,https://projectmadurai.org/pmworks.html
PM-839-0983,839,நெற்றிக் கண் (2 பாகங்களாக),தீபம் நா. பார்த்தசாரதி,நாவல் / புதினம்,Tamil,https://projectmadurai.org/pm_etexts/pdf/pm0839.pdf,https://projectmadurai.org/pm_etexts/utf8/pmuni0839.html,True,AUTO_DOWNLOAD_PERMISSION_BEFORE_REDISTRIBUTION,CONTACT_PROJECT_COORDINATORS_AND_RETAIN_HEADERS,pmadurai@gmail.com,Freeze all available formats; preserve each header; request confirmation before Devam online redistribution and commercial use.,https://projectmadurai.org/pmworks.html
PM-840-0984,840,மூலக் கனல் (2 பாகங்களாக),தீபம் நா. பார்த்தசாரதி,நாவல் / புதினம்,Tamil,https://projectmadurai.org/pm_etexts/pdf/pm0840.pdf,https://projectmadurai.org/pm_etexts/utf8/pmuni0840.html,True,AUTO_DOWNLOAD_PERMISSION_BEFORE_REDISTRIBUTION,CONTACT_PROJECT_COORDINATORS_AND_RETAIN_HEADERS,pmadurai@gmail.com,Freeze all available formats; preserve each header; request confirmation before Devam online redistribution and commercial use.,https://projectmadurai.org/pmworks.html
PM-841-0985,841,அனிச்ச மலர் (2 பாகங்களாக),தீபம் நா. பார்த்தசாரதி,நாவல் / புதினம்,Tamil,https://projectmadurai.org/pm_etexts/pdf/pm0841.pdf,https://projectmadurai.org/pm_etexts/utf8/pmuni0841.html,True,AUTO_DOWNLOAD_PERMISSION_BEFORE_REDISTRIBUTION,CONTACT_PROJECT_COORDINATORS_AND_RETAIN_HEADERS,pmadurai@gmail.com,Freeze all available formats; preserve each header; request confirmation before Devam online redistribution and commercial use.,https://projectmadurai.org/pmworks.html
PM-842-0986,842,கயிலாசநாதர் சதகம்,சிதம்பரம் பிள்ளை,பிரபந்தம் - சதகம்,Tamil,https://projectmadurai.org/pm_etexts/pdf/pm0842.pdf,https://projectmadurai.org/pm_etexts/utf8/pmuni0842.html,True,AUTO_DOWNLOAD_PERMISSION_BEFORE_REDISTRIBUTION,CONTACT_PROJECT_COORDINATORS_AND_RETAIN_HEADERS,pmadurai@gmail.com,Freeze all available formats; preserve each header; request confirmation before Devam online redistribution and commercial use.,https://projectmadurai.org/pmworks.html
PM-843-0987,843,அண்ணாமலைச் சதகம்,திருச்சிற்றம்பல நாவலர்,பிரபந்தம் - சதகம்,Tamil,https://projectmadurai.org/pm_etexts/pdf/pm0843.pdf,https://projectmadurai.org/pm_etexts/utf8/pmuni0843.html,True,AUTO_DOWNLOAD_PERMISSION_BEFORE_REDISTRIBUTION,CONTACT_PROJECT_COORDINATORS_AND_RETAIN_HEADERS,pmadurai@gmail.com,Freeze all available formats; preserve each header; request confirmation before Devam online redistribution and commercial use.,https://projectmadurai.org/pmworks.html
PM-844-0988,844,அவையாம்பிகை சதகம்,மாயூரம் - நல்லதுக்குடி கிருஷ்ணையர்,பிரபந்தம் - சதகம்,Tamil,https://projectmadurai.org/pm_etexts/pdf/pm0844.pdf,https://projectmadurai.org/pm_etexts/utf8/pmuni0844.html,True,AUTO_DOWNLOAD_PERMISSION_BEFORE_REDISTRIBUTION,CONTACT_PROJECT_COORDINATORS_AND_RETAIN_HEADERS,pmadurai@gmail.com,Freeze all available formats; preserve each header; request confirmation before Devam online redistribution and commercial use.,https://projectmadurai.org/pmworks.html
PM-845-0989,845,திருவேங்கட சதகம்,வெண்மணி நாராயண பாரதியார்,பிரபந்தம் - சதகம்,Tamil,https://projectmadurai.org/pm_etexts/pdf/pm0845.pdf,https://projectmadurai.org/pm_etexts/utf8/pmuni0845.html,True,AUTO_DOWNLOAD_PERMISSION_BEFORE_REDISTRIBUTION,CONTACT_PROJECT_COORDINATORS_AND_RETAIN_HEADERS,pmadurai@gmail.com,Freeze all available formats; preserve each header; request confirmation before Devam online redistribution and commercial use.,https://projectmadurai.org/pmworks.html
PM-846-0990,846,அருணாசல சதகம்,காஞ்சிபுரம் சபாபதி முதலியார்,பிரபந்தம் - சதகம்,Tamil,https://projectmadurai.org/pm_etexts/pdf/pm0846.pdf,https://projectmadurai.org/pm_etexts/utf8/pmuni0846.html,True,AUTO_DOWNLOAD_PERMISSION_BEFORE_REDISTRIBUTION,CONTACT_PROJECT_COORDINATORS_AND_RETAIN_HEADERS,pmadurai@gmail.com,Freeze all available formats; preserve each header; request confirmation before Devam online redistribution and commercial use.,https://projectmadurai.org/pmworks.html
PM-847-0991,847,எம்பிரான் சதகம்,கோபாலகிருஷ்ணதாசர்,பிரபந்தம் - சதகம்,Tamil,https://projectmadurai.org/pm_etexts/pdf/pm0847.pdf,https://projectmadurai.org/pm_etexts/utf8/pmuni0847.html,True,AUTO_DOWNLOAD_PERMISSION_BEFORE_REDISTRIBUTION,CONTACT_PROJECT_COORDINATORS_AND_RETAIN_HEADERS,pmadurai@gmail.com,Freeze all available formats; preserve each header; request confirmation before Devam online redistribution and commercial use.,https://projectmadurai.org/pmworks.html
PM-848-0992,848,கோவிந்த சதகம்,நாராயணபாரதியார்,பிரபந்தம் - சதகம்,Tamil,https://projectmadurai.org/pm_etexts/pdf/pm0848.pdf,https://projectmadurai.org/pm_etexts/utf8/pmuni0848.html,True,AUTO_DOWNLOAD_PERMISSION_BEFORE_REDISTRIBUTION,CONTACT_PROJECT_COORDINATORS_AND_RETAIN_HEADERS,pmadurai@gmail.com,Freeze all available formats; preserve each header; request confirmation before Devam online redistribution and commercial use.,https://projectmadurai.org/pmworks.html
PM-849-0993,849,தொண்டைமண்டல சதகம்,படிக்காசுப்புலவர்,பிரபந்தம் - சதகம்,Tamil,https://projectmadurai.org/pm_etexts/pdf/pm0849.pdf,https://projectmadurai.org/pm_etexts/utf8/pmuni0849.html,True,AUTO_DOWNLOAD_PERMISSION_BEFORE_REDISTRIBUTION,CONTACT_PROJECT_COORDINATORS_AND_RETAIN_HEADERS,pmadurai@gmail.com,Freeze all available formats; preserve each header; request confirmation before Devam online redistribution and commercial use.,https://projectmadurai.org/pmworks.html
PM-850-0994,850,வடவேங்கட நாராயண சதகம்,திவ்யகவி நாராயணதாசரவர்கள்,பிரபந்தம் - சதகம்,Tamil,https://projectmadurai.org/pm_etexts/pdf/pm0850.pdf,https://projectmadurai.org/pm_etexts/utf8/pmuni0850.html,True,AUTO_DOWNLOAD_PERMISSION_BEFORE_REDISTRIBUTION,CONTACT_PROJECT_COORDINATORS_AND_RETAIN_HEADERS,pmadurai@gmail.com,Freeze all available formats; preserve each header; request confirmation before Devam online redistribution and commercial use.,https://projectmadurai.org/pmworks.html
PM-851-0995,851,திருத்தொண்டர் சதகம்,மலைக்கொழுந்து நாவலர்,பிரபந்தம் - சதகம்,Tamil,https://projectmadurai.org/pm_etexts/pdf/pm0851.pdf,https://projectmadurai.org/pm_etexts/utf8/pmuni0851.html,True,AUTO_DOWNLOAD_PERMISSION_BEFORE_REDISTRIBUTION,CONTACT_PROJECT_COORDINATORS_AND_RETAIN_HEADERS,pmadurai@gmail.com,Freeze all available formats; preserve each header; request confirmation before Devam online redistribution and commercial use.,https://projectmadurai.org/pmworks.html
PM-852_01-0996,852_01,சேது பர்வதவர்த்தனியம்மை பிள்ளைத்தமிழ்,அருணாசலக் கவிராயர்,பிரபந்தம் - பிள்ளைத்தமிழ்,Tamil,https://projectmadurai.org/pm_etexts/pdf/pm0852_01.pdf,https://projectmadurai.org/pm_etexts/utf8/pmuni0852_01.html,True,AUTO_DOWNLOAD_PERMISSION_BEFORE_REDISTRIBUTION,CONTACT_PROJECT_COORDINATORS_AND_RETAIN_HEADERS,pmadurai@gmail.com,Freeze all available formats; preserve each header; request confirmation before Devam online redistribution and commercial use.,https://projectmadurai.org/pmworks.html
PM-852_02-0997,852_02,சிவமலைப் பிள்ளைத்தமிழ்,பெயர் தெரியவில்லை,பிரபந்தம் - பிள்ளைத்தமிழ்,Tamil,https://projectmadurai.org/pm_etexts/pdf/pm0852_02.pdf,https://projectmadurai.org/pm_etexts/utf8/pmuni0852_02.html,True,AUTO_DOWNLOAD_PERMISSION_BEFORE_REDISTRIBUTION,CONTACT_PROJECT_COORDINATORS_AND_RETAIN_HEADERS,pmadurai@gmail.com,Freeze all available formats; preserve each header; request confirmation before Devam online redistribution and commercial use.,https://projectmadurai.org/pmworks.html
PM-853_01-0998,853_01,மீனாக்ஷி சுந்தரேஸ்வரர் திருவிளையாடல் கோலாட்டக் கும்மி,இராமசுவாமி ஐயர்,பிரபந்தம் - கும்மி,Tamil,https://projectmadurai.org/pm_etexts/pdf/pm0853_01.pdf,https://projectmadurai.org/pm_etexts/utf8/pmuni0853_01.html,True,AUTO_DOWNLOAD_PERMISSION_BEFORE_REDISTRIBUTION,CONTACT_PROJECT_COORDINATORS_AND_RETAIN_HEADERS,pmadurai@gmail.com,Freeze all available formats; preserve each header; request confirmation before Devam online redistribution and commercial use.,https://projectmadurai.org/pmworks.html
PM-853_02-0999,853_02,ஞானக்கும்மி,மதுரை வாலைசாமி சித்தர்ர்,பிரபந்தம் - கும்மி - சித்தர் பாடல்கள்,Tamil,https://projectmadurai.org/pm_etexts/pdf/pm0853_02.pdf,https://projectmadurai.org/pm_etexts/utf8/pmuni0853_02.html,True,AUTO_DOWNLOAD_PERMISSION_BEFORE_REDISTRIBUTION,CONTACT_PROJECT_COORDINATORS_AND_RETAIN_HEADERS,pmadurai@gmail.com,Freeze all available formats; preserve each header; request confirmation before Devam online redistribution and commercial use.,https://projectmadurai.org/pmworks.html
PM-854-1000,854,ஸ்ரீ மாரியம்மன் திருவருட் பதிகம் சிந்து & கும்மி,நாராயணசாமி பண்டிதர்,"பிரபந்தம் - சிந்து, கும்மி",Tamil,https://projectmadurai.org/pm_etexts/pdf/pm0854.pdf,https://projectmadurai.org/pm_etexts/utf8/pmuni0854.html,True,AUTO_DOWNLOAD_PERMISSION_BEFORE_REDISTRIBUTION,CONTACT_PROJECT_COORDINATORS_AND_RETAIN_HEADERS,pmadurai@gmail.com,Freeze all available formats; preserve each header; request confirmation before Devam online redistribution and commercial use.,https://projectmadurai.org/pmworks.html
PM-855-1001,855,சகுந்தலாசரித்திரமென்னும் துஷ்யந்த நாடக கும்மி,கும்பகோணம் சுந்தரம்மாள்,பிரபந்தம் - கும்மி,Tamil,https://projectmadurai.org/pm_etexts/pdf/pm0855.pdf,https://projectmadurai.org/pm_etexts/utf8/pmuni0855.html,True,AUTO_DOWNLOAD_PERMISSION_BEFORE_REDISTRIBUTION,CONTACT_PROJECT_COORDINATORS_AND_RETAIN_HEADERS,pmadurai@gmail.com,Freeze all available formats; preserve each header; request confirmation before Devam online redistribution and commercial use.,https://projectmadurai.org/pmworks.html
PM-856-1002,856,நாலு மந்திரி கும்மி,சின்னத்தம்பி,பிரபந்தம் - கும்மி,Tamil,https://projectmadurai.org/pm_etexts/pdf/pm0856.pdf,https://projectmadurai.org/pm_etexts/utf8/pmuni0856.html,True,AUTO_DOWNLOAD_PERMISSION_BEFORE_REDISTRIBUTION,CONTACT_PROJECT_COORDINATORS_AND_RETAIN_HEADERS,pmadurai@gmail.com,Freeze all available formats; preserve each header; request confirmation before Devam online redistribution and commercial use.,https://projectmadurai.org/pmworks.html
PM-857-1003,857,சித்தர் பாடல்கள் (தொகுப்பு - 8),"பாம்பாட்டிச் சித்தர், சங்கிலிச் சித்தர் & திரிகோணச் சித்தர்",சித்தர் பாடல்கள்,Tamil,https://projectmadurai.org/pm_etexts/pdf/pm0857.pdf,https://projectmadurai.org/pm_etexts/utf8/pmuni0857.html,True,AUTO_DOWNLOAD_PERMISSION_BEFORE_REDISTRIBUTION,CONTACT_PROJECT_COORDINATORS_AND_RETAIN_HEADERS,pmadurai@gmail.com,Freeze all available formats; preserve each header; request confirmation before Devam online redistribution and commercial use.,https://projectmadurai.org/pmworks.html
PM-858-1004,858,சித்தர் பாடல்கள் (தொகுப்பு - 9),"மௌனச்சித்தர், புண்ணாக்குச் சித்தர், கஞ்சமலைச் சித்தர் & நொண்டிச் சித்தர்",சித்தர் பாடல்கள்,Tamil,https://projectmadurai.org/pm_etexts/pdf/pm0858.pdf,https://projectmadurai.org/pm_etexts/utf8/pmuni0858.html,True,AUTO_DOWNLOAD_PERMISSION_BEFORE_REDISTRIBUTION,CONTACT_PROJECT_COORDINATORS_AND_RETAIN_HEADERS,pmadurai@gmail.com,Freeze all available formats; preserve each header; request confirmation before Devam online redistribution and commercial use.,https://projectmadurai.org/pmworks.html
PM-859-1005,859,"காகபுசுண்டர் ஞானம், அகஸ்தியர் ஞானம், உரோம ரிஷி ஞானம், வால்மீகர் சூத்திர ஞானம் & சுப்பிரமணியர் ஞானம் (சித்தர் பாடல்கள் தொகுப்பு - 10)",சித்தர்கள்,சித்தர் பாடல்கள்,Tamil,https://projectmadurai.org/pm_etexts/pdf/pm0859.pdf,https://projectmadurai.org/pm_etexts/utf8/pmuni0859.html,True,AUTO_DOWNLOAD_PERMISSION_BEFORE_REDISTRIBUTION,CONTACT_PROJECT_COORDINATORS_AND_RETAIN_HEADERS,pmadurai@gmail.com,Freeze all available formats; preserve each header; request confirmation before Devam online redistribution and commercial use.,https://projectmadurai.org/pmworks.html
PM-860-1006,860,போற்றித் திரு அகவல்,எ . ஆ. கிருஷ்ண பிள்ளை ஞானசிகாமணி உரையுடன்,பிரபந்தம் - அகவல்,Tamil,https://projectmadurai.org/pm_etexts/pdf/pm0860.pdf,https://projectmadurai.org/pm_etexts/utf8/pmuni0860.html,True,AUTO_DOWNLOAD_PERMISSION_BEFORE_REDISTRIBUTION,CONTACT_PROJECT_COORDINATORS_AND_RETAIN_HEADERS,pmadurai@gmail.com,Freeze all available formats; preserve each header; request confirmation before Devam online redistribution and commercial use.,https://projectmadurai.org/pmworks.html
PM-861 (2 parts)-1007,861 (2 parts),இன்பரச ஒப்பாரி (PM 0861_01) சாரதா ஒப்பாரி (PM0861_02),தங்கமுத்துதாஸ்‌,பிரபந்தம் - ஒப்பாரி,Tamil,https://projectmadurai.org/pm_etexts/pdf/pm0861.pdf,https://projectmadurai.org/pm_etexts/utf8/pmuni0861.html,True,AUTO_DOWNLOAD_PERMISSION_BEFORE_REDISTRIBUTION,CONTACT_PROJECT_COORDINATORS_AND_RETAIN_HEADERS,pmadurai@gmail.com,Freeze all available formats; preserve each header; request confirmation before Devam online redistribution and commercial use.,https://projectmadurai.org/pmworks.html
PM-862 (2 parts)-1008,862 (2 parts),"தெய்வலோக ஒப்பாரி (PM 0862_01) ""அமிர்த ஒப்பாரி"" (PM0862_02)",தங்கமுத்துதாஸ்‌,பிரபந்தம் - ஒப்பாரி,Tamil,https://projectmadurai.org/pm_etexts/pdf/pm0862.pdf,https://projectmadurai.org/pm_etexts/utf8/pmuni0862.html,True,AUTO_DOWNLOAD_PERMISSION_BEFORE_REDISTRIBUTION,CONTACT_PROJECT_COORDINATORS_AND_RETAIN_HEADERS,pmadurai@gmail.com,Freeze all available formats; preserve each header; request confirmation before Devam online redistribution and commercial use.,https://projectmadurai.org/pmworks.html
PM-863 (2 parts)-1009,863 (2 parts),மங்கையர்க் குகந்த மனோன்மணி ஒப்பாரி (PM 0863_01) சிங்கப்பூர் ஒப்பாரி (PM0863_02),தங்கமுத்துதாஸ்‌,பிரபந்தம் - ஒப்பாரி,Tamil,https://projectmadurai.org/pm_etexts/pdf/pm0863.pdf,https://projectmadurai.org/pm_etexts/utf8/pmuni0863.html,True,AUTO_DOWNLOAD_PERMISSION_BEFORE_REDISTRIBUTION,CONTACT_PROJECT_COORDINATORS_AND_RETAIN_HEADERS,pmadurai@gmail.com,Freeze all available formats; preserve each header; request confirmation before Devam online redistribution and commercial use.,https://projectmadurai.org/pmworks.html
PM-864-1010,864,மன்மதன் ஒப்பாரி,?,பிரபந்தம் - ஒப்பாரி,Tamil,https://projectmadurai.org/pm_etexts/pdf/pm0864.pdf,https://projectmadurai.org/pm_etexts/utf8/pmuni0864.html,True,AUTO_DOWNLOAD_PERMISSION_BEFORE_REDISTRIBUTION,CONTACT_PROJECT_COORDINATORS_AND_RETAIN_HEADERS,pmadurai@gmail.com,Freeze all available formats; preserve each header; request confirmation before Devam online redistribution and commercial use.,https://projectmadurai.org/pmworks.html
PM-865-1011,865,கொங்கு மண்டல சதகம்,கார்மேகக் கவிஞர்,பிரபந்தம் - சதகம்,Tamil,https://projectmadurai.org/pm_etexts/pdf/pm0865.pdf,https://projectmadurai.org/pm_etexts/utf8/pmuni0865.html,True,AUTO_DOWNLOAD_PERMISSION_BEFORE_REDISTRIBUTION,CONTACT_PROJECT_COORDINATORS_AND_RETAIN_HEADERS,pmadurai@gmail.com,Freeze all available formats; preserve each header; request confirmation before Devam online redistribution and commercial use.,https://projectmadurai.org/pmworks.html
PM-866-1012,866,சிவசங்கர சதகம்,எழுமூர் வீராசாமி உபாத்தியாயர்,பிரபந்தம் - சதகம்,Tamil,https://projectmadurai.org/pm_etexts/pdf/pm0866.pdf,https://projectmadurai.org/pm_etexts/utf8/pmuni0866.html,True,AUTO_DOWNLOAD_PERMISSION_BEFORE_REDISTRIBUTION,CONTACT_PROJECT_COORDINATORS_AND_RETAIN_HEADERS,pmadurai@gmail.com,Freeze all available formats; preserve each header; request confirmation before Devam online redistribution and commercial use.,https://projectmadurai.org/pmworks.html
PM-867-1013,867,குருநாத சதகம்,கருணையா நந்தசுவாமிகள்,பிரபந்தம் - சதகம்,Tamil,https://projectmadurai.org/pm_etexts/pdf/pm0867.pdf,https://projectmadurai.org/pm_etexts/utf8/pmuni0867.html,True,AUTO_DOWNLOAD_PERMISSION_BEFORE_REDISTRIBUTION,CONTACT_PROJECT_COORDINATORS_AND_RETAIN_HEADERS,pmadurai@gmail.com,Freeze all available formats; preserve each header; request confirmation before Devam online redistribution and commercial use.,https://projectmadurai.org/pmworks.html
PM-868-1014,868,நந்தமண்டல சதகம் (உரையுடன்),காஞ்சிபுரம் மாத்ரு பூதையரவர்கள்,பிரபந்தம் - சதகம்,Tamil,https://projectmadurai.org/pm_etexts/pdf/pm0868.pdf,https://projectmadurai.org/pm_etexts/utf8/pmuni0868.html,True,AUTO_DOWNLOAD_PERMISSION_BEFORE_REDISTRIBUTION,CONTACT_PROJECT_COORDINATORS_AND_RETAIN_HEADERS,pmadurai@gmail.com,Freeze all available formats; preserve each header; request confirmation before Devam online redistribution and commercial use.,https://projectmadurai.org/pmworks.html
PM-869-1015,869,இணுவில் செகராசப்பிள்ளையார் பிள்ளைத் தமிழ்,ச.வே. பஞ்சாட்சரம்,பிரபந்தம் - பிள்ளைத் தமிழ்,Tamil,https://projectmadurai.org/pm_etexts/pdf/pm0869.pdf,https://projectmadurai.org/pm_etexts/utf8/pmuni0869.html,True,AUTO_DOWNLOAD_PERMISSION_BEFORE_REDISTRIBUTION,CONTACT_PROJECT_COORDINATORS_AND_RETAIN_HEADERS,pmadurai@gmail.com,Freeze all available formats; preserve each header; request confirmation before Devam online redistribution and commercial use.,https://projectmadurai.org/pmworks.html
PM-870_01-1016,870_01,"குமரதாலாட்டு, சிதம்பரத்தாலாட்டு & மதுரை மீனாட்சியம்மன் தாலாட்டு",திருப்போரூர் டி. கோபால் நாயகர் அவர்களாற்றமது,பிரபந்தம் - தாலாட்டு,Tamil,https://projectmadurai.org/pm_etexts/pdf/pm0870_01.pdf,https://projectmadurai.org/pm_etexts/utf8/pmuni0870_01.html,True,AUTO_DOWNLOAD_PERMISSION_BEFORE_REDISTRIBUTION,CONTACT_PROJECT_COORDINATORS_AND_RETAIN_HEADERS,pmadurai@gmail.com,Freeze all available formats; preserve each header; request confirmation before Devam online redistribution and commercial use.,https://projectmadurai.org/pmworks.html
PM-870_02-1017,870_02,ஆண் பெண் தர்க்க அதிசய அலங்காரம்,முத்துசாமி பாண்டியர்,பிரபந்தம் - அலங்காரம்,Tamil,https://projectmadurai.org/pm_etexts/pdf/pm0870_02.pdf,https://projectmadurai.org/pm_etexts/utf8/pmuni0870_02.html,True,AUTO_DOWNLOAD_PERMISSION_BEFORE_REDISTRIBUTION,CONTACT_PROJECT_COORDINATORS_AND_RETAIN_HEADERS,pmadurai@gmail.com,Freeze all available formats; preserve each header; request confirmation before Devam online redistribution and commercial use.,https://projectmadurai.org/pmworks.html
PM-871-1018,871,அநுமார் பிள்ளைத்தமிழ்,சீர்காழி அருணாசலக் கவிராயர்,பிரபந்தம் - பிள்ளைத் தமிழ்,Tamil,https://projectmadurai.org/pm_etexts/pdf/pm0871.pdf,https://projectmadurai.org/pm_etexts/utf8/pmuni0871.html,True,AUTO_DOWNLOAD_PERMISSION_BEFORE_REDISTRIBUTION,CONTACT_PROJECT_COORDINATORS_AND_RETAIN_HEADERS,pmadurai@gmail.com,Freeze all available formats; preserve each header; request confirmation before Devam online redistribution and commercial use.,https://projectmadurai.org/pmworks.html
PM-872-1019,872,வத்ஸலாவின் வாழ்க்கை (சிறுகதைகள்),சாவி (எஸ். விஸ்வநாதன்),சிறுகதைகள்,Tamil,https://projectmadurai.org/pm_etexts/pdf/pm0872.pdf,https://projectmadurai.org/pm_etexts/utf8/pmuni0872.html,True,AUTO_DOWNLOAD_PERMISSION_BEFORE_REDISTRIBUTION,CONTACT_PROJECT_COORDINATORS_AND_RETAIN_HEADERS,pmadurai@gmail.com,Freeze all available formats; preserve each header; request confirmation before Devam online redistribution and commercial use.,https://projectmadurai.org/pmworks.html
PM-873-1020,873,சிவகாமியின் செல்வன் (காமராஜரின் அரசியல் வாழ்க்கை),சாவி (எஸ். விஸ்வநாதன்),வாழ்க்கை வரலாறு,Tamil,https://projectmadurai.org/pm_etexts/pdf/pm0873.pdf,https://projectmadurai.org/pm_etexts/utf8/pmuni0873.html,True,AUTO_DOWNLOAD_PERMISSION_BEFORE_REDISTRIBUTION,CONTACT_PROJECT_COORDINATORS_AND_RETAIN_HEADERS,pmadurai@gmail.com,Freeze all available formats; preserve each header; request confirmation before Devam online redistribution and commercial use.,https://projectmadurai.org/pmworks.html
PM-874-1021,874,குறிஞ்சித் திட்டு,பாவேந்தர் பாரதிதாசன்,கவிதைகள்,Tamil,https://projectmadurai.org/pm_etexts/pdf/pm0874.pdf,https://projectmadurai.org/pm_etexts/utf8/pmuni0874.html,True,AUTO_DOWNLOAD_PERMISSION_BEFORE_REDISTRIBUTION,CONTACT_PROJECT_COORDINATORS_AND_RETAIN_HEADERS,pmadurai@gmail.com,Freeze all available formats; preserve each header; request confirmation before Devam online redistribution and commercial use.,https://projectmadurai.org/pmworks.html
PM-875-1022,875,தேனருவி,பாவேந்தர் பாரதிதாசன்,கவிதைகள் தொகுப்பு,Tamil,https://projectmadurai.org/pm_etexts/pdf/pm0875.pdf,https://projectmadurai.org/pm_etexts/utf8/pmuni0875.html,True,AUTO_DOWNLOAD_PERMISSION_BEFORE_REDISTRIBUTION,CONTACT_PROJECT_COORDINATORS_AND_RETAIN_HEADERS,pmadurai@gmail.com,Freeze all available formats; preserve each header; request confirmation before Devam online redistribution and commercial use.,https://projectmadurai.org/pmworks.html
PM-876-1023,876,முல்லைக்காடு,பாவேந்தர் பாரதிதாசன்,கவிதைகள் தொகுப்பு,Tamil,https://projectmadurai.org/pm_etexts/pdf/pm0876.pdf,https://projectmadurai.org/pm_etexts/utf8/pmuni0876.html,True,AUTO_DOWNLOAD_PERMISSION_BEFORE_REDISTRIBUTION,CONTACT_PROJECT_COORDINATORS_AND_RETAIN_HEADERS,pmadurai@gmail.com,Freeze all available formats; preserve each header; request confirmation before Devam online redistribution and commercial use.,https://projectmadurai.org/pmworks.html
PM-877-1024,877,கண்ணகி புரட்சிக் காப்பியம் (சிலப்பதிகாரக் கண்ணகியின் கதை),பாவேந்தர் பாரதிதாசன்,கவிதைகள்,Tamil,https://projectmadurai.org/pm_etexts/pdf/pm0877.pdf,https://projectmadurai.org/pm_etexts/utf8/pmuni0877.html,True,AUTO_DOWNLOAD_PERMISSION_BEFORE_REDISTRIBUTION,CONTACT_PROJECT_COORDINATORS_AND_RETAIN_HEADERS,pmadurai@gmail.com,Freeze all available formats; preserve each header; request confirmation before Devam online redistribution and commercial use.,https://projectmadurai.org/pmworks.html
PM-878-1025,878,மணிமேகலை வெண்பா,பாவேந்தர் பாரதிதாசன்,கவிதைகள்,Tamil,https://projectmadurai.org/pm_etexts/pdf/pm0878.pdf,https://projectmadurai.org/pm_etexts/utf8/pmuni0878.html,True,AUTO_DOWNLOAD_PERMISSION_BEFORE_REDISTRIBUTION,CONTACT_PROJECT_COORDINATORS_AND_RETAIN_HEADERS,pmadurai@gmail.com,Freeze all available formats; preserve each header; request confirmation before Devam online redistribution and commercial use.,https://projectmadurai.org/pmworks.html
PM-879_01-1026,879_01,திருப்பேரூர் பச்சை நாயகியாரூசல்,கோயமுத்தூர் கந்தசாமி முதலியார்,பிரபந்தம் - ஊசல்,Tamil,https://projectmadurai.org/pm_etexts/pdf/pm0879_01.pdf,https://projectmadurai.org/pm_etexts/utf8/pmuni0879_01.html,True,AUTO_DOWNLOAD_PERMISSION_BEFORE_REDISTRIBUTION,CONTACT_PROJECT_COORDINATORS_AND_RETAIN_HEADERS,pmadurai@gmail.com,Freeze all available formats; preserve each header; request confirmation before Devam online redistribution and commercial use.,https://projectmadurai.org/pmworks.html
PM-870_02-1027,870_02,ஸ்ரீரங்க நாயகர் பேரில் திருஊசல்,சண்முக சுவாமி (தொகுப்பு),பிரபந்தம் - ஊசல்,Tamil,https://projectmadurai.org/pm_etexts/pdf/pm0870_02.pdf,https://projectmadurai.org/pm_etexts/utf8/pmuni0870_02.html,True,AUTO_DOWNLOAD_PERMISSION_BEFORE_REDISTRIBUTION,CONTACT_PROJECT_COORDINATORS_AND_RETAIN_HEADERS,pmadurai@gmail.com,Freeze all available formats; preserve each header; request confirmation before Devam online redistribution and commercial use.,https://projectmadurai.org/pmworks.html
PM-880_01-1028,880_01,ஸ்ரீசீரங்க நாயகரூசல்,பிள்ளைப்பெருமாளையங்கார்,பிரபந்தம் - ஊசல்,Tamil,https://projectmadurai.org/pm_etexts/pdf/pm0880_01.pdf,https://projectmadurai.org/pm_etexts/utf8/pmuni0880_01.html,True,AUTO_DOWNLOAD_PERMISSION_BEFORE_REDISTRIBUTION,CONTACT_PROJECT_COORDINATORS_AND_RETAIN_HEADERS,pmadurai@gmail.com,Freeze all available formats; preserve each header; request confirmation before Devam online redistribution and commercial use.,https://projectmadurai.org/pmworks.html
PM-880_02-1029,880_02,சீரங்கநாயகியாருசல்,கோனேரியப்பவனயங்கார்,பிரபந்தம் - ஊசல்,Tamil,https://projectmadurai.org/pm_etexts/pdf/pm0880_02.pdf,https://projectmadurai.org/pm_etexts/utf8/pmuni0880_02.html,True,AUTO_DOWNLOAD_PERMISSION_BEFORE_REDISTRIBUTION,CONTACT_PROJECT_COORDINATORS_AND_RETAIN_HEADERS,pmadurai@gmail.com,Freeze all available formats; preserve each header; request confirmation before Devam online redistribution and commercial use.,https://projectmadurai.org/pmworks.html
PM-881_01-1030,881_01,முன்னநாதேஸ்வரர் திருவூஞ்சல் முன்னநாதஸ்வாமி வடிவழகி அம்பாள் திருவூஞ்சல்,,பிரபந்தம் -ஊஞ்சல்,Tamil,https://projectmadurai.org/pm_etexts/pdf/pm0881_01.pdf,https://projectmadurai.org/pm_etexts/utf8/pmuni0881_01.html,True,AUTO_DOWNLOAD_PERMISSION_BEFORE_REDISTRIBUTION,CONTACT_PROJECT_COORDINATORS_AND_RETAIN_HEADERS,pmadurai@gmail.com,Freeze all available formats; preserve each header; request confirmation before Devam online redistribution and commercial use.,https://projectmadurai.org/pmworks.html
PM-881_02-1031,881_02,ஊரெழு மீனாட்சி திரு ஊஞ்சல்,பண்டிதர் சங்கர குமரேசையா,பிரபந்தம் - ஊஞ்சல்,Tamil,https://projectmadurai.org/pm_etexts/pdf/pm0881_02.pdf,https://projectmadurai.org/pm_etexts/utf8/pmuni0881_02.html,True,AUTO_DOWNLOAD_PERMISSION_BEFORE_REDISTRIBUTION,CONTACT_PROJECT_COORDINATORS_AND_RETAIN_HEADERS,pmadurai@gmail.com,Freeze all available formats; preserve each header; request confirmation before Devam online redistribution and commercial use.,https://projectmadurai.org/pmworks.html
PM-882-1032,882,திருச்செங்கோட்டுக் குமரர் பிள்ளைத்தமிழ்,,பிரபந்தம் - பிள்ளைத் தமிழ்,Tamil,https://projectmadurai.org/pm_etexts/pdf/pm0882.pdf,https://projectmadurai.org/pm_etexts/utf8/pmuni0882.html,True,AUTO_DOWNLOAD_PERMISSION_BEFORE_REDISTRIBUTION,CONTACT_PROJECT_COORDINATORS_AND_RETAIN_HEADERS,pmadurai@gmail.com,Freeze all available formats; preserve each header; request confirmation before Devam online redistribution and commercial use.,https://projectmadurai.org/pmworks.html
PM-883-1033,883,பொன்னியின் செல்வன் - ஆங்கில மொழிபெயர்ப்பு (Ponniyan Selvan - Part 3b),கல்கி கிருஷ்ணமூர்த்தி இந்திரா நீலமேகம்,நாவல் - புதினம் ; மொழிபெயர்ப்பு,Tamil,https://projectmadurai.org/pm_etexts/pdf/pm0883.pdf,https://projectmadurai.org/pm_etexts/utf8/pmuni0883.html,True,AUTO_DOWNLOAD_PERMISSION_BEFORE_REDISTRIBUTION,CONTACT_PROJECT_COORDINATORS_AND_RETAIN_HEADERS,pmadurai@gmail.com,Freeze all available formats; preserve each header; request confirmation before Devam online redistribution and commercial use.,https://projectmadurai.org/pmworks.html
PM-884-1034,884,காதல் பாடல்கள்,பாவேந்தர் பாரதிதாசன்,கவிதைகள் தொகுப்பு,Tamil,https://projectmadurai.org/pm_etexts/pdf/pm0884.pdf,https://projectmadurai.org/pm_etexts/utf8/pmuni0884.html,True,AUTO_DOWNLOAD_PERMISSION_BEFORE_REDISTRIBUTION,CONTACT_PROJECT_COORDINATORS_AND_RETAIN_HEADERS,pmadurai@gmail.com,Freeze all available formats; preserve each header; request confirmation before Devam online redistribution and commercial use.,https://projectmadurai.org/pmworks.html
PM-885_01-1035,885_01,"கற்கண்டு, பொறுமை கடலினும் பெரிது, இன்பக் கடல்",பாவேந்தர் பாரதிதாசன்,நாடகம்,Tamil,https://projectmadurai.org/pm_etexts/pdf/pm0885_01.pdf,https://projectmadurai.org/pm_etexts/utf8/pmuni0885_01.html,True,AUTO_DOWNLOAD_PERMISSION_BEFORE_REDISTRIBUTION,CONTACT_PROJECT_COORDINATORS_AND_RETAIN_HEADERS,pmadurai@gmail.com,Freeze all available formats; preserve each header; request confirmation before Devam online redistribution and commercial use.,https://projectmadurai.org/pmworks.html
PM-885_02-1036,885_02,சத்திமுத்தப் புலவர்,பாவேந்தர் பாரதிதாசன்,நாடகம்,Tamil,https://projectmadurai.org/pm_etexts/pdf/pm0885_02.pdf,https://projectmadurai.org/pm_etexts/utf8/pmuni0885_02.html,True,AUTO_DOWNLOAD_PERMISSION_BEFORE_REDISTRIBUTION,CONTACT_PROJECT_COORDINATORS_AND_RETAIN_HEADERS,pmadurai@gmail.com,Freeze all available formats; preserve each header; request confirmation before Devam online redistribution and commercial use.,https://projectmadurai.org/pmworks.html
PM-886-1037,886,வேங்கையே எழுக,பாவேந்தர் பாரதிதாசன்,கவிதைகள் தொகுப்பு,Tamil,https://projectmadurai.org/pm_etexts/pdf/pm0886.pdf,https://projectmadurai.org/pm_etexts/utf8/pmuni0886.html,True,AUTO_DOWNLOAD_PERMISSION_BEFORE_REDISTRIBUTION,CONTACT_PROJECT_COORDINATORS_AND_RETAIN_HEADERS,pmadurai@gmail.com,Freeze all available formats; preserve each header; request confirmation before Devam online redistribution and commercial use.,https://projectmadurai.org/pmworks.html
PM-887-1038,887,"புதினங்கள் (அன்னை, விஞ்ஞானி, பக்த ஜெயதேவர், குமரகுருபரர், ஆத்ம சக்தி & முகுந்த சந்திரிகை))",பாவேந்தர் பாரதிதாசன்,நாவல் / புதினம்,Tamil,https://projectmadurai.org/pm_etexts/pdf/pm0887.pdf,https://projectmadurai.org/pm_etexts/utf8/pmuni0887.html,True,AUTO_DOWNLOAD_PERMISSION_BEFORE_REDISTRIBUTION,CONTACT_PROJECT_COORDINATORS_AND_RETAIN_HEADERS,pmadurai@gmail.com,Freeze all available formats; preserve each header; request confirmation before Devam online redistribution and commercial use.,https://projectmadurai.org/pmworks.html
PM-888-1039,888,பாஞ்சாலி சபதம்: இரண்டாம் பாகம் (சருக்கம் 3-5),சி. சுப்ரமணிய பாரதியார்,பாடல்கள் / கவிதைகள்,Tamil,https://projectmadurai.org/pm_etexts/pdf/pm0888.pdf,https://projectmadurai.org/pm_etexts/utf8/pmuni0888.html,True,AUTO_DOWNLOAD_PERMISSION_BEFORE_REDISTRIBUTION,CONTACT_PROJECT_COORDINATORS_AND_RETAIN_HEADERS,pmadurai@gmail.com,Freeze all available formats; preserve each header; request confirmation before Devam online redistribution and commercial use.,https://projectmadurai.org/pmworks.html
PM-889-1040,889,அவிநயத் திரட்டு மறைந்துபோன தமிழ் நூல்கள்,மயிலை சீனிவேங்கடசாமி தொகுப்பு,பாடல்கள் / கவிதைகள்,Tamil,https://projectmadurai.org/pm_etexts/pdf/pm0889.pdf,https://projectmadurai.org/pm_etexts/utf8/pmuni0889.html,True,AUTO_DOWNLOAD_PERMISSION_BEFORE_REDISTRIBUTION,CONTACT_PROJECT_COORDINATORS_AND_RETAIN_HEADERS,pmadurai@gmail.com,Freeze all available formats; preserve each header; request confirmation before Devam online redistribution and commercial use.,https://projectmadurai.org/pmworks.html
PM-890-1041,890,"நற்றிணை - ஆங்கில மொழிபெயர்ப்பு, (பாடல்கள் 1-200) naRRiNai - English Translation, verses 1-200",அ. தட்சிணாமூர்த்தி / A. Dakshinamurthy,"எட்டுத்தொகை, ஆங்கில மொழிபெயர்ப்பு",Tamil,,,False,AUTO_DOWNLOAD_PERMISSION_BEFORE_REDISTRIBUTION,CONTACT_PROJECT_COORDINATORS_AND_RETAIN_HEADERS,pmadurai@gmail.com,Freeze all available formats; preserve each header; request confirmation before Devam online redistribution and commercial use.,https://projectmadurai.org/pmworks.html
PM-891-1042,891,வீரவனப் புராணம் மீனாட்சி சுந்தரம் பிள்ளை மொழி பெயர்ப்பு,சாமி நாத அய்யர் தொகுப்பு,புராணம்,Tamil,https://projectmadurai.org/pm_etexts/pdf/pm0891.pdf,https://projectmadurai.org/pm_etexts/utf8/pmuni0891.html,True,AUTO_DOWNLOAD_PERMISSION_BEFORE_REDISTRIBUTION,CONTACT_PROJECT_COORDINATORS_AND_RETAIN_HEADERS,pmadurai@gmail.com,Freeze all available formats; preserve each header; request confirmation before Devam online redistribution and commercial use.,https://projectmadurai.org/pmworks.html
PM-892-1043,892,புதுமைப்பித்தன் கவிதைகள்,புதுமைப்பித்தன் / ரகுநாதன் தொகுப்பு,பாடல்கள் / கவிதைகள்,Tamil,https://projectmadurai.org/pm_etexts/pdf/pm0892.pdf,https://projectmadurai.org/pm_etexts/utf8/pmuni0892.html,True,AUTO_DOWNLOAD_PERMISSION_BEFORE_REDISTRIBUTION,CONTACT_PROJECT_COORDINATORS_AND_RETAIN_HEADERS,pmadurai@gmail.com,Freeze all available formats; preserve each header; request confirmation before Devam online redistribution and commercial use.,https://projectmadurai.org/pmworks.html
PM-893-1044,893,அளகாபுரி உமையம்பிகை பிள்ளைத் தமிழ்,திரிசிரபுரம் சி. தியாகராசசெட்டியார்,பிரபந்தம் - பிள்ளைத்தமிழ்,Tamil,https://projectmadurai.org/pm_etexts/pdf/pm0893.pdf,https://projectmadurai.org/pm_etexts/utf8/pmuni0893.html,True,AUTO_DOWNLOAD_PERMISSION_BEFORE_REDISTRIBUTION,CONTACT_PROJECT_COORDINATORS_AND_RETAIN_HEADERS,pmadurai@gmail.com,Freeze all available formats; preserve each header; request confirmation before Devam online redistribution and commercial use.,https://projectmadurai.org/pmworks.html
PM-894-1045,894,மயிலம் ஸ்ரீ முருகன் பிள்ளைத் தமிழ்,திருவாரூர் வைத்தியநாத தேசிகர்,பிரபந்தம் - பிள்ளைத்தமிழ்,Tamil,https://projectmadurai.org/pm_etexts/pdf/pm0894.pdf,https://projectmadurai.org/pm_etexts/utf8/pmuni0894.html,True,AUTO_DOWNLOAD_PERMISSION_BEFORE_REDISTRIBUTION,CONTACT_PROJECT_COORDINATORS_AND_RETAIN_HEADERS,pmadurai@gmail.com,Freeze all available formats; preserve each header; request confirmation before Devam online redistribution and commercial use.,https://projectmadurai.org/pmworks.html
PM-895-1046,895,அறம்வளர்த்த நாயகி பிள்ளைத் தமிழ்,தெய்வசிகாமணிக் கவிராயர்,பிரபந்தம் - பிள்ளைத்தமிழ்,Tamil,https://projectmadurai.org/pm_etexts/pdf/pm0895.pdf,https://projectmadurai.org/pm_etexts/utf8/pmuni0895.html,True,AUTO_DOWNLOAD_PERMISSION_BEFORE_REDISTRIBUTION,CONTACT_PROJECT_COORDINATORS_AND_RETAIN_HEADERS,pmadurai@gmail.com,Freeze all available formats; preserve each header; request confirmation before Devam online redistribution and commercial use.,https://projectmadurai.org/pmworks.html
PM-896_01-1047,896_01,மதுரை மீனாட்சியம்மை கலிவெண்பா,திருப்போரூர் ஸ்ரீ சிதம்பர சுவாமிகள்,பிரபந்தம் -கலிவெண்பா,Tamil,https://projectmadurai.org/pm_etexts/pdf/pm0896_01.pdf,https://projectmadurai.org/pm_etexts/utf8/pmuni0896_01.html,True,AUTO_DOWNLOAD_PERMISSION_BEFORE_REDISTRIBUTION,CONTACT_PROJECT_COORDINATORS_AND_RETAIN_HEADERS,pmadurai@gmail.com,Freeze all available formats; preserve each header; request confirmation before Devam online redistribution and commercial use.,https://projectmadurai.org/pmworks.html
PM-896_02-1048,896_02,ஸ்ரீநடேசர் கலிவெண்பா,தேவநாம இராம மாணிக்க வாசகன்,பிரபந்தம் -கலிவெண்பா,Tamil,https://projectmadurai.org/pm_etexts/pdf/pm0896_02.pdf,https://projectmadurai.org/pm_etexts/utf8/pmuni0896_02.html,True,AUTO_DOWNLOAD_PERMISSION_BEFORE_REDISTRIBUTION,CONTACT_PROJECT_COORDINATORS_AND_RETAIN_HEADERS,pmadurai@gmail.com,Freeze all available formats; preserve each header; request confirmation before Devam online redistribution and commercial use.,https://projectmadurai.org/pmworks.html
PM-897-1049,897,மூவர் அம்மானை,திருவெண்காடு ஆறுமுக சுவாமிகள் தொகுப்பு,பிரபந்தம் - அம்மானை,Tamil,https://projectmadurai.org/pm_etexts/pdf/pm0897.pdf,https://projectmadurai.org/pm_etexts/utf8/pmuni0897.html,True,AUTO_DOWNLOAD_PERMISSION_BEFORE_REDISTRIBUTION,CONTACT_PROJECT_COORDINATORS_AND_RETAIN_HEADERS,pmadurai@gmail.com,Freeze all available formats; preserve each header; request confirmation before Devam online redistribution and commercial use.,https://projectmadurai.org/pmworks.html
PM-898-1050,898,அடிமுடி தேடிய அரியயன் சண்டை அம்மானை,செஞ்சி ஏகாம்பர முதலியார்,பிரபந்தம் - அம்மானை,Tamil,https://projectmadurai.org/pm_etexts/pdf/pm0898.pdf,https://projectmadurai.org/pm_etexts/utf8/pmuni0898.html,True,AUTO_DOWNLOAD_PERMISSION_BEFORE_REDISTRIBUTION,CONTACT_PROJECT_COORDINATORS_AND_RETAIN_HEADERS,pmadurai@gmail.com,Freeze all available formats; preserve each header; request confirmation before Devam online redistribution and commercial use.,https://projectmadurai.org/pmworks.html
PM-899-1051,899,மாணிக்க வாசகர் அம்மானை,சங்கரமூர்த்திப் புலவர்,பிரபந்தம் - அம்மானை,Tamil,https://projectmadurai.org/pm_etexts/pdf/pm0899.pdf,https://projectmadurai.org/pm_etexts/utf8/pmuni0899.html,True,AUTO_DOWNLOAD_PERMISSION_BEFORE_REDISTRIBUTION,CONTACT_PROJECT_COORDINATORS_AND_RETAIN_HEADERS,pmadurai@gmail.com,Freeze all available formats; preserve each header; request confirmation before Devam online redistribution and commercial use.,https://projectmadurai.org/pmworks.html
PM-900-1052,900,வண்ணத் திரட்டு,தி. வே. கோபாலய்யர் தொகுப்பு,பிரபந்தம் - வண்ணம்,Tamil,https://projectmadurai.org/pm_etexts/pdf/pm0900.pdf,https://projectmadurai.org/pm_etexts/utf8/pmuni0900.html,True,AUTO_DOWNLOAD_PERMISSION_BEFORE_REDISTRIBUTION,CONTACT_PROJECT_COORDINATORS_AND_RETAIN_HEADERS,pmadurai@gmail.com,Freeze all available formats; preserve each header; request confirmation before Devam online redistribution and commercial use.,https://projectmadurai.org/pmworks.html
PM-901-1053,901,முத்தமிழ் வளர்த்த முனிவர்கள்,அ.க. நவநீத கிருட்டிணன்,இலக்கியக் கட்டுரைகள்,Tamil,https://projectmadurai.org/pm_etexts/pdf/pm0901.pdf,https://projectmadurai.org/pm_etexts/utf8/pmuni0901.html,True,AUTO_DOWNLOAD_PERMISSION_BEFORE_REDISTRIBUTION,CONTACT_PROJECT_COORDINATORS_AND_RETAIN_HEADERS,pmadurai@gmail.com,Freeze all available formats; preserve each header; request confirmation before Devam online redistribution and commercial use.,https://projectmadurai.org/pmworks.html
PM-902-1054,902,அவள் விழித்திருந்தாள் ( நாவல்),அ.க. நவநீத கிருட்டிணன்,நாவல் - புதினம்,Tamil,https://projectmadurai.org/pm_etexts/pdf/pm0902.pdf,https://projectmadurai.org/pm_etexts/utf8/pmuni0902.html,True,AUTO_DOWNLOAD_PERMISSION_BEFORE_REDISTRIBUTION,CONTACT_PROJECT_COORDINATORS_AND_RETAIN_HEADERS,pmadurai@gmail.com,Freeze all available formats; preserve each header; request confirmation before Devam online redistribution and commercial use.,https://projectmadurai.org/pmworks.html
PM-903-1055,903,பிள்ளையார் கதை,சுன்னாகம் வரத பண்டிதர்,பாடல்கள் / கவிதைகள்,Tamil,https://projectmadurai.org/pm_etexts/pdf/pm0903.pdf,https://projectmadurai.org/pm_etexts/utf8/pmuni0903.html,True,AUTO_DOWNLOAD_PERMISSION_BEFORE_REDISTRIBUTION,CONTACT_PROJECT_COORDINATORS_AND_RETAIN_HEADERS,pmadurai@gmail.com,Freeze all available formats; preserve each header; request confirmation before Devam online redistribution and commercial use.,https://projectmadurai.org/pmworks.html
PM-904-1056,904,இந்தியச் சரித்திரக் கும்மி,யோகி ஸ்ரீ சுத்தானந்த பாரதியார்,பிரபந்தம் - கும்மி,Tamil,https://projectmadurai.org/pm_etexts/pdf/pm0904.pdf,https://projectmadurai.org/pm_etexts/utf8/pmuni0904.html,True,AUTO_DOWNLOAD_PERMISSION_BEFORE_REDISTRIBUTION,CONTACT_PROJECT_COORDINATORS_AND_RETAIN_HEADERS,pmadurai@gmail.com,Freeze all available formats; preserve each header; request confirmation before Devam online redistribution and commercial use.,https://projectmadurai.org/pmworks.html
PM-905-1057,905,பார்வதி கல்யாணக்கும்மி,இலஞ்சி பிரம்மஸ்ரீ றாமுஅம்மாள்,பிரபந்தம் - கும்மி,Tamil,https://projectmadurai.org/pm_etexts/pdf/pm0905.pdf,https://projectmadurai.org/pm_etexts/utf8/pmuni0905.html,True,AUTO_DOWNLOAD_PERMISSION_BEFORE_REDISTRIBUTION,CONTACT_PROJECT_COORDINATORS_AND_RETAIN_HEADERS,pmadurai@gmail.com,Freeze all available formats; preserve each header; request confirmation before Devam online redistribution and commercial use.,https://projectmadurai.org/pmworks.html
PM-906-1058,906,உருக்குமணி கலியாணக்கும்மி,எம். ஆர். ஸ்ரீனிவாஸய்யங்கார்,பிரபந்தம் - கும்மி,Tamil,https://projectmadurai.org/pm_etexts/pdf/pm0906.pdf,https://projectmadurai.org/pm_etexts/utf8/pmuni0906.html,True,AUTO_DOWNLOAD_PERMISSION_BEFORE_REDISTRIBUTION,CONTACT_PROJECT_COORDINATORS_AND_RETAIN_HEADERS,pmadurai@gmail.com,Freeze all available formats; preserve each header; request confirmation before Devam online redistribution and commercial use.,https://projectmadurai.org/pmworks.html
PM-907-1059,907,1. விநாயகர் அகவல் 2.முத்திவிநாயகர் அகவல் 3.வினாயகர் திருவகவல்,1. ஒளவையார் ; 2. அருணகிரிநாதர் & 3. நக்கீரதேவர்,பிரபந்தம் - அகவல்,Tamil,https://projectmadurai.org/pm_etexts/pdf/pm0907.pdf,https://projectmadurai.org/pm_etexts/utf8/pmuni0907.html,True,AUTO_DOWNLOAD_PERMISSION_BEFORE_REDISTRIBUTION,CONTACT_PROJECT_COORDINATORS_AND_RETAIN_HEADERS,pmadurai@gmail.com,Freeze all available formats; preserve each header; request confirmation before Devam online redistribution and commercial use.,https://projectmadurai.org/pmworks.html
PM-908-1060,908,புலியூர் வெண்பா (சுப்பராய செட்டியார் உரையோடு),மாரிமுத்துப்பிள்ளையவர்கள்,பிரபந்தம் - வெண்பா,Tamil,https://projectmadurai.org/pm_etexts/pdf/pm0908.pdf,https://projectmadurai.org/pm_etexts/utf8/pmuni0908.html,True,AUTO_DOWNLOAD_PERMISSION_BEFORE_REDISTRIBUTION,CONTACT_PROJECT_COORDINATORS_AND_RETAIN_HEADERS,pmadurai@gmail.com,Freeze all available formats; preserve each header; request confirmation before Devam online redistribution and commercial use.,https://projectmadurai.org/pmworks.html
PM-909-1061,909,வேதாந்தக் கும்மி,கண்டனூர் முத்துராமையா,பிரபந்தம் - கும்மி,Tamil,https://projectmadurai.org/pm_etexts/pdf/pm0909.pdf,https://projectmadurai.org/pm_etexts/utf8/pmuni0909.html,True,AUTO_DOWNLOAD_PERMISSION_BEFORE_REDISTRIBUTION,CONTACT_PROJECT_COORDINATORS_AND_RETAIN_HEADERS,pmadurai@gmail.com,Freeze all available formats; preserve each header; request confirmation before Devam online redistribution and commercial use.,https://projectmadurai.org/pmworks.html
PM-910-1062,910,மட்டுவில் வீரகத்தி விநாயகர் பிள்ளைத்தமிழ்,நா. நல்லதம்பி,பிரபந்தம் - பிள்ளைத்தமிழ்,Tamil,https://projectmadurai.org/pm_etexts/pdf/pm0910.pdf,https://projectmadurai.org/pm_etexts/utf8/pmuni0910.html,True,AUTO_DOWNLOAD_PERMISSION_BEFORE_REDISTRIBUTION,CONTACT_PROJECT_COORDINATORS_AND_RETAIN_HEADERS,pmadurai@gmail.com,Freeze all available formats; preserve each header; request confirmation before Devam online redistribution and commercial use.,https://projectmadurai.org/pmworks.html
PM-911-1063,911,நாரத ராமாயணம்,புதுமைப்பித்தன்,காப்பியம்,Tamil,https://projectmadurai.org/pm_etexts/pdf/pm0911.pdf,https://projectmadurai.org/pm_etexts/utf8/pmuni0911.html,True,AUTO_DOWNLOAD_PERMISSION_BEFORE_REDISTRIBUTION,CONTACT_PROJECT_COORDINATORS_AND_RETAIN_HEADERS,pmadurai@gmail.com,Freeze all available formats; preserve each header; request confirmation before Devam online redistribution and commercial use.,https://projectmadurai.org/pmworks.html
PM-912-1064,912,புதுமைப்பித்தன் சிறுகதைகள் தொகுப்பு - பாகம் 4,புதுமைப்பித்தன்,சிறுகதைகள்,Tamil,https://projectmadurai.org/pm_etexts/pdf/pm0912.pdf,https://projectmadurai.org/pm_etexts/utf8/pmuni0912.html,True,AUTO_DOWNLOAD_PERMISSION_BEFORE_REDISTRIBUTION,CONTACT_PROJECT_COORDINATORS_AND_RETAIN_HEADERS,pmadurai@gmail.com,Freeze all available formats; preserve each header; request confirmation before Devam online redistribution and commercial use.,https://projectmadurai.org/pmworks.html
PM-913-1065,913,புதுமைப்பித்தன் சிறுகதைகள் தொகுப்பு - பாகம் 5,புதுமைப்பித்தன்,சிறுகதைகள்,Tamil,https://projectmadurai.org/pm_etexts/pdf/pm0913.pdf,https://projectmadurai.org/pm_etexts/utf8/pmuni0913.html,True,AUTO_DOWNLOAD_PERMISSION_BEFORE_REDISTRIBUTION,CONTACT_PROJECT_COORDINATORS_AND_RETAIN_HEADERS,pmadurai@gmail.com,Freeze all available formats; preserve each header; request confirmation before Devam online redistribution and commercial use.,https://projectmadurai.org/pmworks.html
PM-914-1066,914,கோவூர் கிழார் (வரலாறு),கி. வா. ஜகந்நாதன்,"இலக்கியக் கட்டுரைகள், வரலாறு",Tamil,https://projectmadurai.org/pm_etexts/pdf/pm0914.pdf,https://projectmadurai.org/pm_etexts/utf8/pmuni0914.html,True,AUTO_DOWNLOAD_PERMISSION_BEFORE_REDISTRIBUTION,CONTACT_PROJECT_COORDINATORS_AND_RETAIN_HEADERS,pmadurai@gmail.com,Freeze all available formats; preserve each header; request confirmation before Devam online redistribution and commercial use.,https://projectmadurai.org/pmworks.html
PM-915-1067,915,பாண்டியன் நெடுஞ்செழியன் (வரலாறு),கி. வா. ஜகந்நாதன்,"இலக்கியக் கட்டுரைகள், வரலாறு",Tamil,https://projectmadurai.org/pm_etexts/pdf/pm0915.pdf,https://projectmadurai.org/pm_etexts/utf8/pmuni0915.html,True,AUTO_DOWNLOAD_PERMISSION_BEFORE_REDISTRIBUTION,CONTACT_PROJECT_COORDINATORS_AND_RETAIN_HEADERS,pmadurai@gmail.com,Freeze all available formats; preserve each header; request confirmation before Devam online redistribution and commercial use.,https://projectmadurai.org/pmworks.html
PM-916-1068,916,கோகுல சதகம்,பாலூர் அமிர்த கவிராயரவர்கள்,பிரபந்தம் - சதகம்,Tamil,https://projectmadurai.org/pm_etexts/pdf/pm0916.pdf,https://projectmadurai.org/pm_etexts/utf8/pmuni0916.html,True,AUTO_DOWNLOAD_PERMISSION_BEFORE_REDISTRIBUTION,CONTACT_PROJECT_COORDINATORS_AND_RETAIN_HEADERS,pmadurai@gmail.com,Freeze all available formats; preserve each header; request confirmation before Devam online redistribution and commercial use.,https://projectmadurai.org/pmworks.html
PM-917_01-1069,917_01,மதுரை மீனாட்சியம்மன் பதிகம் சுந்தரமகாலிங்க சுவாமி பதிகம்,திருப்போரூர் கோபால் நாயகர்,பிரபந்தம் - பதிகம்,Tamil,https://projectmadurai.org/pm_etexts/pdf/pm0917_01.pdf,https://projectmadurai.org/pm_etexts/utf8/pmuni0917_01.html,True,AUTO_DOWNLOAD_PERMISSION_BEFORE_REDISTRIBUTION,CONTACT_PROJECT_COORDINATORS_AND_RETAIN_HEADERS,pmadurai@gmail.com,Freeze all available formats; preserve each header; request confirmation before Devam online redistribution and commercial use.,https://projectmadurai.org/pmworks.html
PM-917_02-1070,917_02,அசபா நடனப் பதிகம்,சிவஞானதேசிக பரமாசாரிய சுவாமிகள்,பிரபந்தம் - பதிகம்,Tamil,https://projectmadurai.org/pm_etexts/pdf/pm0917_02.pdf,https://projectmadurai.org/pm_etexts/utf8/pmuni0917_02.html,True,AUTO_DOWNLOAD_PERMISSION_BEFORE_REDISTRIBUTION,CONTACT_PROJECT_COORDINATORS_AND_RETAIN_HEADERS,pmadurai@gmail.com,Freeze all available formats; preserve each header; request confirmation before Devam online redistribution and commercial use.,https://projectmadurai.org/pmworks.html
PM-918_01-1071,918_01,திருவல்லிக்கேணி அரசடிக் கற்பக வினாயகர் பதிகம் & சிங்காரவேலர் பஞ்சரத்தினம்,கோயமுத்தூர் சுப்பிரமணிய முதலியார்,பிரபந்தம் - பதிகம்,Tamil,https://projectmadurai.org/pm_etexts/pdf/pm0918_01.pdf,https://projectmadurai.org/pm_etexts/utf8/pmuni0918_01.html,True,AUTO_DOWNLOAD_PERMISSION_BEFORE_REDISTRIBUTION,CONTACT_PROJECT_COORDINATORS_AND_RETAIN_HEADERS,pmadurai@gmail.com,Freeze all available formats; preserve each header; request confirmation before Devam online redistribution and commercial use.,https://projectmadurai.org/pmworks.html
PM-918_02-1072,918_02,நல்லைப் பதிகம் - 3,?,பிரபந்தம் - பதிகம்,Tamil,https://projectmadurai.org/pm_etexts/pdf/pm0918_02.pdf,https://projectmadurai.org/pm_etexts/utf8/pmuni0918_02.html,True,AUTO_DOWNLOAD_PERMISSION_BEFORE_REDISTRIBUTION,CONTACT_PROJECT_COORDINATORS_AND_RETAIN_HEADERS,pmadurai@gmail.com,Freeze all available formats; preserve each header; request confirmation before Devam online redistribution and commercial use.,https://projectmadurai.org/pmworks.html
PM-919-1073,919,வளையாபதி அகவல்,யோகி ஸ்ரீ சுத்தானந்த பாரதியார்,பிரபந்தம் - அகவல்,Tamil,https://projectmadurai.org/pm_etexts/pdf/pm0919.pdf,https://projectmadurai.org/pm_etexts/utf8/pmuni0919.html,True,AUTO_DOWNLOAD_PERMISSION_BEFORE_REDISTRIBUTION,CONTACT_PROJECT_COORDINATORS_AND_RETAIN_HEADERS,pmadurai@gmail.com,Freeze all available formats; preserve each header; request confirmation before Devam online redistribution and commercial use.,https://projectmadurai.org/pmworks.html
PM-920_01-1074,920_01,தஞ்சை பெருவுடையார் மாலை,மு. கோ. இராமன்,பிரபந்தம் - மாலை,Tamil,https://projectmadurai.org/pm_etexts/pdf/pm0920_01.pdf,https://projectmadurai.org/pm_etexts/utf8/pmuni0920_01.html,True,AUTO_DOWNLOAD_PERMISSION_BEFORE_REDISTRIBUTION,CONTACT_PROJECT_COORDINATORS_AND_RETAIN_HEADERS,pmadurai@gmail.com,Freeze all available formats; preserve each header; request confirmation before Devam online redistribution and commercial use.,https://projectmadurai.org/pmworks.html
PM-920_02-1075,920_02,பாகம்பிரியாள் மாலை,வேம்பத்தூர் பிரமஸ்ரீ சர்க்கரைபாரதி,பிரபந்தம் - மாலை,Tamil,https://projectmadurai.org/pm_etexts/pdf/pm0920_02.pdf,https://projectmadurai.org/pm_etexts/utf8/pmuni0920_02.html,True,AUTO_DOWNLOAD_PERMISSION_BEFORE_REDISTRIBUTION,CONTACT_PROJECT_COORDINATORS_AND_RETAIN_HEADERS,pmadurai@gmail.com,Freeze all available formats; preserve each header; request confirmation before Devam online redistribution and commercial use.,https://projectmadurai.org/pmworks.html
PM-921_01-1076,921_01,தில்லைவெண்பாமாலை & சிவகாமியம்மை பதிகம்,குமாரவேல் முதலியார்,"பிரபந்தம் - மாலை, பதிகம்",Tamil,https://projectmadurai.org/pm_etexts/pdf/pm0921_01.pdf,https://projectmadurai.org/pm_etexts/utf8/pmuni0921_01.html,True,AUTO_DOWNLOAD_PERMISSION_BEFORE_REDISTRIBUTION,CONTACT_PROJECT_COORDINATORS_AND_RETAIN_HEADERS,pmadurai@gmail.com,Freeze all available formats; preserve each header; request confirmation before Devam online redistribution and commercial use.,https://projectmadurai.org/pmworks.html
PM-921_02-1077,921_02,கூவலூர் மத்தியபுரி மரகதவல்லி மாலை & திருநடன வண்ணம்,வெள்ளாங்கோயில் ப. செங்கோட முதலியார்,"பிரபந்தம் - மாலை, வண்ணம்",Tamil,https://projectmadurai.org/pm_etexts/pdf/pm0921_02.pdf,https://projectmadurai.org/pm_etexts/utf8/pmuni0921_02.html,True,AUTO_DOWNLOAD_PERMISSION_BEFORE_REDISTRIBUTION,CONTACT_PROJECT_COORDINATORS_AND_RETAIN_HEADERS,pmadurai@gmail.com,Freeze all available formats; preserve each header; request confirmation before Devam online redistribution and commercial use.,https://projectmadurai.org/pmworks.html
PM-922-1078,922,வாக்கும் வக்கும்,புதுமைப்பித்தன்,கதை,Tamil,https://projectmadurai.org/pm_etexts/pdf/pm0922.pdf,https://projectmadurai.org/pm_etexts/utf8/pmuni0922.html,True,AUTO_DOWNLOAD_PERMISSION_BEFORE_REDISTRIBUTION,CONTACT_PROJECT_COORDINATORS_AND_RETAIN_HEADERS,pmadurai@gmail.com,Freeze all available formats; preserve each header; request confirmation before Devam online redistribution and commercial use.,https://projectmadurai.org/pmworks.html
PM-923-1079,923,பாதையில் பதிந்த அடிகள் (2 பாகங்களாக),ராஜம் கிருஷ்ணன்,சமூக நாவல்,Tamil,https://projectmadurai.org/pm_etexts/pdf/pm0923.pdf,https://projectmadurai.org/pm_etexts/utf8/pmuni0923.html,True,AUTO_DOWNLOAD_PERMISSION_BEFORE_REDISTRIBUTION,CONTACT_PROJECT_COORDINATORS_AND_RETAIN_HEADERS,pmadurai@gmail.com,Freeze all available formats; preserve each header; request confirmation before Devam online redistribution and commercial use.,https://projectmadurai.org/pmworks.html
PM-924-1080,924,பெண் குரல் (2 பாகங்களாக),ராஜம் கிருஷ்ணன்,சமூக நாவல்,Tamil,https://projectmadurai.org/pm_etexts/pdf/pm0924.pdf,https://projectmadurai.org/pm_etexts/utf8/pmuni0924.html,True,AUTO_DOWNLOAD_PERMISSION_BEFORE_REDISTRIBUTION,CONTACT_PROJECT_COORDINATORS_AND_RETAIN_HEADERS,pmadurai@gmail.com,Freeze all available formats; preserve each header; request confirmation before Devam online redistribution and commercial use.,https://projectmadurai.org/pmworks.html
PM-925-1081,925,தமிழர் வரலாறும் பண்பாடும்,நா. வானமாமலை,இலக்கியக் கட்டுரைகள்,Tamil,https://projectmadurai.org/pm_etexts/pdf/pm0925.pdf,https://projectmadurai.org/pm_etexts/utf8/pmuni0925.html,True,AUTO_DOWNLOAD_PERMISSION_BEFORE_REDISTRIBUTION,CONTACT_PROJECT_COORDINATORS_AND_RETAIN_HEADERS,pmadurai@gmail.com,Freeze all available formats; preserve each header; request confirmation before Devam online redistribution and commercial use.,https://projectmadurai.org/pmworks.html
PM-926-1082,926,இந்திய நாத்திகமும் மார்க்சீயத் தத்துவமும்,நா. வானமாமலை,ஆராய்ச்சிக் கட்டுரைகள்,Tamil,https://projectmadurai.org/pm_etexts/pdf/pm0926.pdf,https://projectmadurai.org/pm_etexts/utf8/pmuni0926.html,True,AUTO_DOWNLOAD_PERMISSION_BEFORE_REDISTRIBUTION,CONTACT_PROJECT_COORDINATORS_AND_RETAIN_HEADERS,pmadurai@gmail.com,Freeze all available formats; preserve each header; request confirmation before Devam online redistribution and commercial use.,https://projectmadurai.org/pmworks.html
PM-927-1083,927,தீபாவளி வரிசை (நாடகம்),பம்மல் சம்பந்த முதலியார்,நாடகம்,Tamil,https://projectmadurai.org/pm_etexts/pdf/pm0927.pdf,https://projectmadurai.org/pm_etexts/utf8/pmuni0927.html,True,AUTO_DOWNLOAD_PERMISSION_BEFORE_REDISTRIBUTION,CONTACT_PROJECT_COORDINATORS_AND_RETAIN_HEADERS,pmadurai@gmail.com,Freeze all available formats; preserve each header; request confirmation before Devam online redistribution and commercial use.,https://projectmadurai.org/pmworks.html
PM-928-1084,928,"""என் சுயசரிதை"" (வாழ்க்கை வரலாறு)",பம்மல் சம்பந்த முதலியார்,வாழ்க்கை வரலாறு,Tamil,https://projectmadurai.org/pm_etexts/pdf/pm0928.pdf,https://projectmadurai.org/pm_etexts/utf8/pmuni0928.html,True,AUTO_DOWNLOAD_PERMISSION_BEFORE_REDISTRIBUTION,CONTACT_PROJECT_COORDINATORS_AND_RETAIN_HEADERS,pmadurai@gmail.com,Freeze all available formats; preserve each header; request confirmation before Devam online redistribution and commercial use.,https://projectmadurai.org/pmworks.html
PM-929-1085,929,"""சிறுத்தொண்டர்"" (நாடகம்)",பம்மல் சம்பந்த முதலியார்,நாடகம்,Tamil,https://projectmadurai.org/pm_etexts/pdf/pm0929.pdf,https://projectmadurai.org/pm_etexts/utf8/pmuni0929.html,True,AUTO_DOWNLOAD_PERMISSION_BEFORE_REDISTRIBUTION,CONTACT_PROJECT_COORDINATORS_AND_RETAIN_HEADERS,pmadurai@gmail.com,Freeze all available formats; preserve each header; request confirmation before Devam online redistribution and commercial use.,https://projectmadurai.org/pmworks.html
PM-930-1086,930,நான் கண்ட நாடகக் கலைஞர்கள் ),பம்மல் சம்பந்த முதலியார்,கட்டுரைகள்,Tamil,https://projectmadurai.org/pm_etexts/pdf/pm0930.pdf,https://projectmadurai.org/pm_etexts/utf8/pmuni0930.html,True,AUTO_DOWNLOAD_PERMISSION_BEFORE_REDISTRIBUTION,CONTACT_PROJECT_COORDINATORS_AND_RETAIN_HEADERS,pmadurai@gmail.com,Freeze all available formats; preserve each header; request confirmation before Devam online redistribution and commercial use.,https://projectmadurai.org/pmworks.html
PM-931-1087,931,திருமயிலைப் பிள்ளைத் தமிழ் திருமயிலை உவமை வெண்பா & திருமயிலை வெண்பா),?,"பிரபந்தம் - பிள்ளைத் தமிழ், வெண்பா",Tamil,https://projectmadurai.org/pm_etexts/pdf/pm0931.pdf,https://projectmadurai.org/pm_etexts/utf8/pmuni0931.html,True,AUTO_DOWNLOAD_PERMISSION_BEFORE_REDISTRIBUTION,CONTACT_PROJECT_COORDINATORS_AND_RETAIN_HEADERS,pmadurai@gmail.com,Freeze all available formats; preserve each header; request confirmation before Devam online redistribution and commercial use.,https://projectmadurai.org/pmworks.html
PM-932-1088,932,சாமிநாத பூபதி பள்ளு,சுப்பய்யா பிள்ளை,பிரபந்தம் - பள்ளு,Tamil,https://projectmadurai.org/pm_etexts/pdf/pm0932.pdf,https://projectmadurai.org/pm_etexts/utf8/pmuni0932.html,True,AUTO_DOWNLOAD_PERMISSION_BEFORE_REDISTRIBUTION,CONTACT_PROJECT_COORDINATORS_AND_RETAIN_HEADERS,pmadurai@gmail.com,Freeze all available formats; preserve each header; request confirmation before Devam online redistribution and commercial use.,https://projectmadurai.org/pmworks.html
PM-933-1089,933,திருவேரகம் சுவாமிநாதன் பிள்ளைத்தமிழ்,கோவை கு. நடேச கவுண்டர்,பிரபந்தம் - பிள்ளைத்தமிழ்,Tamil,https://projectmadurai.org/pm_etexts/pdf/pm0933.pdf,https://projectmadurai.org/pm_etexts/utf8/pmuni0933.html,True,AUTO_DOWNLOAD_PERMISSION_BEFORE_REDISTRIBUTION,CONTACT_PROJECT_COORDINATORS_AND_RETAIN_HEADERS,pmadurai@gmail.com,Freeze all available formats; preserve each header; request confirmation before Devam online redistribution and commercial use.,https://projectmadurai.org/pmworks.html
PM-934-1090,934,கண்டிக் கதிரேசன் சதகம்,திருமலையாண்டிக் கவிராயர்,பிரபந்தம் - சதகம்,Tamil,https://projectmadurai.org/pm_etexts/pdf/pm0934.pdf,https://projectmadurai.org/pm_etexts/utf8/pmuni0934.html,True,AUTO_DOWNLOAD_PERMISSION_BEFORE_REDISTRIBUTION,CONTACT_PROJECT_COORDINATORS_AND_RETAIN_HEADERS,pmadurai@gmail.com,Freeze all available formats; preserve each header; request confirmation before Devam online redistribution and commercial use.,https://projectmadurai.org/pmworks.html
PM-935-1091,935,வடிவேல் சதகம்,முத்துக்குமரன்,பிரபந்தம் - சதகம்,Tamil,https://projectmadurai.org/pm_etexts/pdf/pm0935.pdf,https://projectmadurai.org/pm_etexts/utf8/pmuni0935.html,True,AUTO_DOWNLOAD_PERMISSION_BEFORE_REDISTRIBUTION,CONTACT_PROJECT_COORDINATORS_AND_RETAIN_HEADERS,pmadurai@gmail.com,Freeze all available formats; preserve each header; request confirmation before Devam online redistribution and commercial use.,https://projectmadurai.org/pmworks.html
PM-936-1092,936,ஆனந்த சாகரஸ்தவம் (இன்பமாகடல்),கோவை கு. நடேச கவுண்டர்,பிரபந்தம்,Tamil,https://projectmadurai.org/pm_etexts/pdf/pm0936.pdf,https://projectmadurai.org/pm_etexts/utf8/pmuni0936.html,True,AUTO_DOWNLOAD_PERMISSION_BEFORE_REDISTRIBUTION,CONTACT_PROJECT_COORDINATORS_AND_RETAIN_HEADERS,pmadurai@gmail.com,Freeze all available formats; preserve each header; request confirmation before Devam online redistribution and commercial use.,https://projectmadurai.org/pmworks.html
PM-937_01-1093,937_01,சீட்டுக்கவித் திரட்டு,பலவித்துவான்கள்,பிரபந்தம் - சீட்டுக்கவி,Tamil,https://projectmadurai.org/pm_etexts/pdf/pm0937_01.pdf,https://projectmadurai.org/pm_etexts/utf8/pmuni0937_01.html,True,AUTO_DOWNLOAD_PERMISSION_BEFORE_REDISTRIBUTION,CONTACT_PROJECT_COORDINATORS_AND_RETAIN_HEADERS,pmadurai@gmail.com,Freeze all available formats; preserve each header; request confirmation before Devam online redistribution and commercial use.,https://projectmadurai.org/pmworks.html
PM-937_02-1094,937_02,வேலணையூர் முத்துமாரியம்மை பதிகங்கள்,பொ. செகந்நாதன் தொகுப்பு,பிரபந்தம் - பதிகம்,Tamil,https://projectmadurai.org/pm_etexts/pdf/pm0937_02.pdf,https://projectmadurai.org/pm_etexts/utf8/pmuni0937_02.html,True,AUTO_DOWNLOAD_PERMISSION_BEFORE_REDISTRIBUTION,CONTACT_PROJECT_COORDINATORS_AND_RETAIN_HEADERS,pmadurai@gmail.com,Freeze all available formats; preserve each header; request confirmation before Devam online redistribution and commercial use.,https://projectmadurai.org/pmworks.html
PM-937_03-1095,937_03,மதுரை மீனாட்சியம்மன் பேரில் அகவல்,கோபால்‌ நாயகர்‌ அவர்களாற்றமது,பிரபந்தம் - அகவல்,Tamil,https://projectmadurai.org/pm_etexts/pdf/pm0937_03.pdf,https://projectmadurai.org/pm_etexts/utf8/pmuni0937_03.html,True,AUTO_DOWNLOAD_PERMISSION_BEFORE_REDISTRIBUTION,CONTACT_PROJECT_COORDINATORS_AND_RETAIN_HEADERS,pmadurai@gmail.com,Freeze all available formats; preserve each header; request confirmation before Devam online redistribution and commercial use.,https://projectmadurai.org/pmworks.html
PM-938_01-1096,938_01,குண்டலகேசி அகவல்,சுத்தானந்த பாரதியார்,பிரபந்தம் - அகவல்,Tamil,https://projectmadurai.org/pm_etexts/pdf/pm0938_01.pdf,https://projectmadurai.org/pm_etexts/utf8/pmuni0938_01.html,True,AUTO_DOWNLOAD_PERMISSION_BEFORE_REDISTRIBUTION,CONTACT_PROJECT_COORDINATORS_AND_RETAIN_HEADERS,pmadurai@gmail.com,Freeze all available formats; preserve each header; request confirmation before Devam online redistribution and commercial use.,https://projectmadurai.org/pmworks.html
PM-938_02-1097,938_02,ஔவையாரின் “விநாயகர் அகவல்” -உரை,த. ச. மீனாட்சிசுந்தரம் பிள்ளை,பிரபந்தம் - அகவல்,Tamil,https://projectmadurai.org/pm_etexts/pdf/pm0938_02.pdf,https://projectmadurai.org/pm_etexts/utf8/pmuni0938_02.html,True,AUTO_DOWNLOAD_PERMISSION_BEFORE_REDISTRIBUTION,CONTACT_PROJECT_COORDINATORS_AND_RETAIN_HEADERS,pmadurai@gmail.com,Freeze all available formats; preserve each header; request confirmation before Devam online redistribution and commercial use.,https://projectmadurai.org/pmworks.html
PM-939-1098,939,"செந்தூரகவல், வேங்கடேச அகவல் & முப்பத்து",நா. பிச்சுமணி,பிரபந்தம் - அகவல்,Tamil,https://projectmadurai.org/pm_etexts/pdf/pm0939.pdf,https://projectmadurai.org/pm_etexts/utf8/pmuni0939.html,True,AUTO_DOWNLOAD_PERMISSION_BEFORE_REDISTRIBUTION,CONTACT_PROJECT_COORDINATORS_AND_RETAIN_HEADERS,pmadurai@gmail.com,Freeze all available formats; preserve each header; request confirmation before Devam online redistribution and commercial use.,https://projectmadurai.org/pmworks.html
PM-940-1099,940,திருவாரூர்ப் பள்ளு,கமலை ஞானப்பிரகாசர்,பிரபந்தம் - பள்ளு,Tamil,https://projectmadurai.org/pm_etexts/pdf/pm0940.pdf,https://projectmadurai.org/pm_etexts/utf8/pmuni0940.html,True,AUTO_DOWNLOAD_PERMISSION_BEFORE_REDISTRIBUTION,CONTACT_PROJECT_COORDINATORS_AND_RETAIN_HEADERS,pmadurai@gmail.com,Freeze all available formats; preserve each header; request confirmation before Devam online redistribution and commercial use.,https://projectmadurai.org/pmworks.html
PM-941-1100,941,வள்ளிநாயகி சிற்றிலக்கியக் களஞ்சியம்,கம்பபாதசேகரன் இ. சங்கரன் தொகுப்பு,"பிரபந்தம் - பதிகம், கவசம், குறவஞ்சி, கும்மி, அலங்காரச் சிந்து",Tamil,https://projectmadurai.org/pm_etexts/pdf/pm0941.pdf,https://projectmadurai.org/pm_etexts/utf8/pmuni0941.html,True,AUTO_DOWNLOAD_PERMISSION_BEFORE_REDISTRIBUTION,CONTACT_PROJECT_COORDINATORS_AND_RETAIN_HEADERS,pmadurai@gmail.com,Freeze all available formats; preserve each header; request confirmation before Devam online redistribution and commercial use.,https://projectmadurai.org/pmworks.html
PM-942-1101,942,”ஒட்டுமாஞ்செடி”,க. நா. அண்ணாதுரை அறிஞர் அண்ணா,சொற்பொழிவுகள்,Tamil,https://projectmadurai.org/pm_etexts/pdf/pm0942.pdf,https://projectmadurai.org/pm_etexts/utf8/pmuni0942.html,True,AUTO_DOWNLOAD_PERMISSION_BEFORE_REDISTRIBUTION,CONTACT_PROJECT_COORDINATORS_AND_RETAIN_HEADERS,pmadurai@gmail.com,Freeze all available formats; preserve each header; request confirmation before Devam online redistribution and commercial use.,https://projectmadurai.org/pmworks.html
PM-943-1102,943,”நாடும் ஏடும்”,க. நா. அண்ணாதுரை அறிஞர் அண்ணா,சொற்பொழிவுகள்,Tamil,https://projectmadurai.org/pm_etexts/pdf/pm0943.pdf,https://projectmadurai.org/pm_etexts/utf8/pmuni0943.html,True,AUTO_DOWNLOAD_PERMISSION_BEFORE_REDISTRIBUTION,CONTACT_PROJECT_COORDINATORS_AND_RETAIN_HEADERS,pmadurai@gmail.com,Freeze all available formats; preserve each header; request confirmation before Devam online redistribution and commercial use.,https://projectmadurai.org/pmworks.html
PM-944-1103,944,தம்பிக்கு அண்ணாவின் கடிதங்கள் - பாகம் 1,க. நா. அண்ணாதுரை அறிஞர் அண்ணா,கடிதங்கள் /கட்டுரைகள்,Tamil,https://projectmadurai.org/pm_etexts/pdf/pm0944.pdf,https://projectmadurai.org/pm_etexts/utf8/pmuni0944.html,True,AUTO_DOWNLOAD_PERMISSION_BEFORE_REDISTRIBUTION,CONTACT_PROJECT_COORDINATORS_AND_RETAIN_HEADERS,pmadurai@gmail.com,Freeze all available formats; preserve each header; request confirmation before Devam online redistribution and commercial use.,https://projectmadurai.org/pmworks.html
PM-945-1104,945,வெள்ளை மாளிகையில்,க. நா. அண்ணாதுரை அறிஞர் அண்ணா,நாவல் / புதினம்,Tamil,https://projectmadurai.org/pm_etexts/pdf/pm0945.pdf,https://projectmadurai.org/pm_etexts/utf8/pmuni0945.html,True,AUTO_DOWNLOAD_PERMISSION_BEFORE_REDISTRIBUTION,CONTACT_PROJECT_COORDINATORS_AND_RETAIN_HEADERS,pmadurai@gmail.com,Freeze all available formats; preserve each header; request confirmation before Devam online redistribution and commercial use.,https://projectmadurai.org/pmworks.html
"PM-946_01, 946_02-1105","946_01, 946_02","நற்றிணை - ஆங்கில மொழிபெயர்ப்பு, (பாடல்கள் 201-400) naRRiNai - English Translation, verses 201-400",அ. தட்சிணாமூர்த்தி / A. Dakshinamurthy,"எட்டுத்தொகை, ஆங்கில மொழிபெயர்ப்பு",Tamil,,,False,AUTO_DOWNLOAD_PERMISSION_BEFORE_REDISTRIBUTION,CONTACT_PROJECT_COORDINATORS_AND_RETAIN_HEADERS,pmadurai@gmail.com,Freeze all available formats; preserve each header; request confirmation before Devam online redistribution and commercial use.,https://projectmadurai.org/pmworks.html
PM-947_01-1106,947_01,தண்டலையார் சதகம் / பழமொழி விளக்கம் (குறிப்புரையுடன்),படிக்காசு தம்பிரான்,பிரபந்தம் - சதகம்,Tamil,https://projectmadurai.org/pm_etexts/pdf/pm0947_01.pdf,https://projectmadurai.org/pm_etexts/utf8/pmuni0947_01.html,True,AUTO_DOWNLOAD_PERMISSION_BEFORE_REDISTRIBUTION,CONTACT_PROJECT_COORDINATORS_AND_RETAIN_HEADERS,pmadurai@gmail.com,Freeze all available formats; preserve each header; request confirmation before Devam online redistribution and commercial use.,https://projectmadurai.org/pmworks.html
PM-947_02-1107,947_02,பழமொழி விளக்கம் - ஆங்கில மொழிபெயர்ப்பு,படிக்காசு தம்பிரான் / கௌசல்யா ஹார்ட்,"பிரபந்தம் - சதகம், ஆங்கில மொழிபெயர்ப்பு",Tamil,https://projectmadurai.org/pm_etexts/pdf/pm0947_02.pdf,https://projectmadurai.org/pm_etexts/utf8/pmuni0947_02.html,True,AUTO_DOWNLOAD_PERMISSION_BEFORE_REDISTRIBUTION,CONTACT_PROJECT_COORDINATORS_AND_RETAIN_HEADERS,pmadurai@gmail.com,Freeze all available formats; preserve each header; request confirmation before Devam online redistribution and commercial use.,https://projectmadurai.org/pmworks.html
PM-948-1108,948,தில்லைப் பெருங்கோயில் வரலாறு,க. வெள்ளைவாரணனார்,வரலாறு - சரித்திரம்,Tamil,https://projectmadurai.org/pm_etexts/pdf/pm0948.pdf,https://projectmadurai.org/pm_etexts/utf8/pmuni0948.html,True,AUTO_DOWNLOAD_PERMISSION_BEFORE_REDISTRIBUTION,CONTACT_PROJECT_COORDINATORS_AND_RETAIN_HEADERS,pmadurai@gmail.com,Freeze all available formats; preserve each header; request confirmation before Devam online redistribution and commercial use.,https://projectmadurai.org/pmworks.html
PM-949-1109,949,"""இன்ப வாழ்வு"" (பாலியல் ஆய்வு)",சுந்தர சண்முகனார்,ஆராய்ச்சிக் கட்டுரைகள்,Tamil,https://projectmadurai.org/pm_etexts/pdf/pm0949.pdf,https://projectmadurai.org/pm_etexts/utf8/pmuni0949.html,True,AUTO_DOWNLOAD_PERMISSION_BEFORE_REDISTRIBUTION,CONTACT_PROJECT_COORDINATORS_AND_RETAIN_HEADERS,pmadurai@gmail.com,Freeze all available formats; preserve each header; request confirmation before Devam online redistribution and commercial use.,https://projectmadurai.org/pmworks.html
PM-950-1110,950,இலக்கியத் தூதர்கள்,அ. க. நவநீதகிருட்டிணன்,இலக்கியக் கட்டுரைகள்,Tamil,https://projectmadurai.org/pm_etexts/pdf/pm0950.pdf,https://projectmadurai.org/pm_etexts/utf8/pmuni0950.html,True,AUTO_DOWNLOAD_PERMISSION_BEFORE_REDISTRIBUTION,CONTACT_PROJECT_COORDINATORS_AND_RETAIN_HEADERS,pmadurai@gmail.com,Freeze all available formats; preserve each header; request confirmation before Devam online redistribution and commercial use.,https://projectmadurai.org/pmworks.html
PM-951-1111,951,மௌனப் பிள்ளையார்,சாவி (சா. விஸ்வநாதன்),சிறுகதைகள்,Tamil,https://projectmadurai.org/pm_etexts/pdf/pm0951.pdf,https://projectmadurai.org/pm_etexts/utf8/pmuni0951.html,True,AUTO_DOWNLOAD_PERMISSION_BEFORE_REDISTRIBUTION,CONTACT_PROJECT_COORDINATORS_AND_RETAIN_HEADERS,pmadurai@gmail.com,Freeze all available formats; preserve each header; request confirmation before Devam online redistribution and commercial use.,https://projectmadurai.org/pmworks.html
PM-952-1112,952,சிரித்த நுணா,கவிஞர் வாணிதாசன்,கவிதைத் தொகுப்பு,Tamil,https://projectmadurai.org/pm_etexts/pdf/pm0952.pdf,https://projectmadurai.org/pm_etexts/utf8/pmuni0952.html,True,AUTO_DOWNLOAD_PERMISSION_BEFORE_REDISTRIBUTION,CONTACT_PROJECT_COORDINATORS_AND_RETAIN_HEADERS,pmadurai@gmail.com,Freeze all available formats; preserve each header; request confirmation before Devam online redistribution and commercial use.,https://projectmadurai.org/pmworks.html
PM-953-1113,953,எழிலோவியம்,கவிஞர் வாணிதாசன்,கவிதைத் தொகுப்பு,Tamil,https://projectmadurai.org/pm_etexts/pdf/pm0953.pdf,https://projectmadurai.org/pm_etexts/utf8/pmuni0953.html,True,AUTO_DOWNLOAD_PERMISSION_BEFORE_REDISTRIBUTION,CONTACT_PROJECT_COORDINATORS_AND_RETAIN_HEADERS,pmadurai@gmail.com,Freeze all available formats; preserve each header; request confirmation before Devam online redistribution and commercial use.,https://projectmadurai.org/pmworks.html
PM-954-1114,954,தீர்த்த யாத்திரை,கவிஞர் வாணிதாசன்,கவிதைக் கதை,Tamil,https://projectmadurai.org/pm_etexts/pdf/pm0954.pdf,https://projectmadurai.org/pm_etexts/utf8/pmuni0954.html,True,AUTO_DOWNLOAD_PERMISSION_BEFORE_REDISTRIBUTION,CONTACT_PROJECT_COORDINATORS_AND_RETAIN_HEADERS,pmadurai@gmail.com,Freeze all available formats; preserve each header; request confirmation before Devam online redistribution and commercial use.,https://projectmadurai.org/pmworks.html
PM-955-1115,955,பொங்கற் பரிசு,கவிஞர் வாணிதாசன்,கவிதைத் தொகுப்பு,Tamil,https://projectmadurai.org/pm_etexts/pdf/pm0955.pdf,https://projectmadurai.org/pm_etexts/utf8/pmuni0955.html,True,AUTO_DOWNLOAD_PERMISSION_BEFORE_REDISTRIBUTION,CONTACT_PROJECT_COORDINATORS_AND_RETAIN_HEADERS,pmadurai@gmail.com,Freeze all available formats; preserve each header; request confirmation before Devam online redistribution and commercial use.,https://projectmadurai.org/pmworks.html
PM-956_01-1116,956_01,இன்ப இலக்கியம்,கவிஞர் வாணிதாசன்,கவிதைத் தொகுப்பு,Tamil,https://projectmadurai.org/pm_etexts/pdf/pm0956_01.pdf,https://projectmadurai.org/pm_etexts/utf8/pmuni0956_01.html,True,AUTO_DOWNLOAD_PERMISSION_BEFORE_REDISTRIBUTION,CONTACT_PROJECT_COORDINATORS_AND_RETAIN_HEADERS,pmadurai@gmail.com,Freeze all available formats; preserve each header; request confirmation before Devam online redistribution and commercial use.,https://projectmadurai.org/pmworks.html
PM-956_02-1117,956_02,தொடுவானம்,கவிஞர் வாணிதாசன்,கவிதைத் தொகுப்பு,Tamil,https://projectmadurai.org/pm_etexts/pdf/pm0956_02.pdf,https://projectmadurai.org/pm_etexts/utf8/pmuni0956_02.html,True,AUTO_DOWNLOAD_PERMISSION_BEFORE_REDISTRIBUTION,CONTACT_PROJECT_COORDINATORS_AND_RETAIN_HEADERS,pmadurai@gmail.com,Freeze all available formats; preserve each header; request confirmation before Devam online redistribution and commercial use.,https://projectmadurai.org/pmworks.html
PM-957_01-1118,957_01,சிறுகதைகள் தொகுப்பு -6,க. நா. அண்ணாதுரை (அறிஞர் அண்ணா),சிறுகதைகள் தொகுப்பு,Tamil,https://projectmadurai.org/pm_etexts/pdf/pm0957_01.pdf,https://projectmadurai.org/pm_etexts/utf8/pmuni0957_01.html,True,AUTO_DOWNLOAD_PERMISSION_BEFORE_REDISTRIBUTION,CONTACT_PROJECT_COORDINATORS_AND_RETAIN_HEADERS,pmadurai@gmail.com,Freeze all available formats; preserve each header; request confirmation before Devam online redistribution and commercial use.,https://projectmadurai.org/pmworks.html
PM-957_02-1119,957_02,சிறுகதைகள் தொகுப்பு -5,க. நா. அண்ணாதுரை (அறிஞர் அண்ணா),சிறுகதைகள் தொகுப்பு,Tamil,https://projectmadurai.org/pm_etexts/pdf/pm0957_02.pdf,https://projectmadurai.org/pm_etexts/utf8/pmuni0957_02.html,True,AUTO_DOWNLOAD_PERMISSION_BEFORE_REDISTRIBUTION,CONTACT_PROJECT_COORDINATORS_AND_RETAIN_HEADERS,pmadurai@gmail.com,Freeze all available formats; preserve each header; request confirmation before Devam online redistribution and commercial use.,https://projectmadurai.org/pmworks.html
PM-958_01-1120,958_01,"இரும்பு முள்வேலி சரித்திரக் கட்டுரைகள், பாகம் 1,",க. நா. அண்ணாதுரை (அறிஞர் அண்ணா),சரித்திரக் கட்டுரைகள்,Tamil,https://projectmadurai.org/pm_etexts/pdf/pm0958_01.pdf,https://projectmadurai.org/pm_etexts/utf8/pmuni0958_01.html,True,AUTO_DOWNLOAD_PERMISSION_BEFORE_REDISTRIBUTION,CONTACT_PROJECT_COORDINATORS_AND_RETAIN_HEADERS,pmadurai@gmail.com,Freeze all available formats; preserve each header; request confirmation before Devam online redistribution and commercial use.,https://projectmadurai.org/pmworks.html
PM-958_02-1121,958_02,"இரும்பு முள்வேலி சரித்திரக் கட்டுரைகள், பாகம் 2",க. நா. அண்ணாதுரை (அறிஞர் அண்ணா),சரித்திரக் கட்டுரைகள்,Tamil,https://projectmadurai.org/pm_etexts/pdf/pm0958_02.pdf,https://projectmadurai.org/pm_etexts/utf8/pmuni0958_02.html,True,AUTO_DOWNLOAD_PERMISSION_BEFORE_REDISTRIBUTION,CONTACT_PROJECT_COORDINATORS_AND_RETAIN_HEADERS,pmadurai@gmail.com,Freeze all available formats; preserve each header; request confirmation before Devam online redistribution and commercial use.,https://projectmadurai.org/pmworks.html
PM-959_01-1122,959_01,"பரிமள கேசவன் துப்பறியும் நாவல், பாகம் 1",வை. மு. கோதைநாயகி அம்மாள்,துப்பறியும் நாவல்,Tamil,https://projectmadurai.org/pm_etexts/pdf/pm0959_01.pdf,https://projectmadurai.org/pm_etexts/utf8/pmuni0959_01.html,True,AUTO_DOWNLOAD_PERMISSION_BEFORE_REDISTRIBUTION,CONTACT_PROJECT_COORDINATORS_AND_RETAIN_HEADERS,pmadurai@gmail.com,Freeze all available formats; preserve each header; request confirmation before Devam online redistribution and commercial use.,https://projectmadurai.org/pmworks.html
PM-959_02-1123,959_02,"பரிமள கேசவன் துப்பறியும் நாவல், பாகம் 2",வை. மு. கோதைநாயகி அம்மாள்,துப்பறியும் நாவல்,Tamil,https://projectmadurai.org/pm_etexts/pdf/pm0959_02.pdf,https://projectmadurai.org/pm_etexts/utf8/pmuni0959_02.html,True,AUTO_DOWNLOAD_PERMISSION_BEFORE_REDISTRIBUTION,CONTACT_PROJECT_COORDINATORS_AND_RETAIN_HEADERS,pmadurai@gmail.com,Freeze all available formats; preserve each header; request confirmation before Devam online redistribution and commercial use.,https://projectmadurai.org/pmworks.html
PM-960-1124,960,கம்பரசம்,க. நா. அண்ணாதுரை (அறிஞர் அண்ணா),ஆராய்ச்சிக் கட்டுரைகள்,Tamil,https://projectmadurai.org/pm_etexts/pdf/pm0960.pdf,https://projectmadurai.org/pm_etexts/utf8/pmuni0960.html,True,AUTO_DOWNLOAD_PERMISSION_BEFORE_REDISTRIBUTION,CONTACT_PROJECT_COORDINATORS_AND_RETAIN_HEADERS,pmadurai@gmail.com,Freeze all available formats; preserve each header; request confirmation before Devam online redistribution and commercial use.,https://projectmadurai.org/pmworks.html
PM-961-1125,961,பேரூர்க்கோவை,முத்துநயினாத்தை முதலியார்,பிரபந்தம் -கோவை,Tamil,https://projectmadurai.org/pm_etexts/pdf/pm0961.pdf,https://projectmadurai.org/pm_etexts/utf8/pmuni0961.html,True,AUTO_DOWNLOAD_PERMISSION_BEFORE_REDISTRIBUTION,CONTACT_PROJECT_COORDINATORS_AND_RETAIN_HEADERS,pmadurai@gmail.com,Freeze all available formats; preserve each header; request confirmation before Devam online redistribution and commercial use.,https://projectmadurai.org/pmworks.html
PM-962_01-1126,962_01,கச்சி இதழகல் அந்தாதி,திருமாகறல் கார்த்திகேய முதலியார்,பிரபந்தம் - அந்தாதி,Tamil,https://projectmadurai.org/pm_etexts/pdf/pm0962_01.pdf,https://projectmadurai.org/pm_etexts/utf8/pmuni0962_01.html,True,AUTO_DOWNLOAD_PERMISSION_BEFORE_REDISTRIBUTION,CONTACT_PROJECT_COORDINATORS_AND_RETAIN_HEADERS,pmadurai@gmail.com,Freeze all available formats; preserve each header; request confirmation before Devam online redistribution and commercial use.,https://projectmadurai.org/pmworks.html
PM-962_02-1127,962_02,அத்திகிரி வரதன் அந்தாதி மாலை,?,பிரபந்தம் - அந்தாதி,Tamil,https://projectmadurai.org/pm_etexts/pdf/pm0962_02.pdf,https://projectmadurai.org/pm_etexts/utf8/pmuni0962_02.html,True,AUTO_DOWNLOAD_PERMISSION_BEFORE_REDISTRIBUTION,CONTACT_PROJECT_COORDINATORS_AND_RETAIN_HEADERS,pmadurai@gmail.com,Freeze all available formats; preserve each header; request confirmation before Devam online redistribution and commercial use.,https://projectmadurai.org/pmworks.html
PM-963-1128,963,வடதிருமுல்லைவாயில் கொடியிடை அம்மை பிள்ளைத்தமிழ்,?,பிரபந்தம் - பிள்ளைத்தமிழ்,Tamil,https://projectmadurai.org/pm_etexts/pdf/pm0963.pdf,https://projectmadurai.org/pm_etexts/utf8/pmuni0963.html,True,AUTO_DOWNLOAD_PERMISSION_BEFORE_REDISTRIBUTION,CONTACT_PROJECT_COORDINATORS_AND_RETAIN_HEADERS,pmadurai@gmail.com,Freeze all available formats; preserve each header; request confirmation before Devam online redistribution and commercial use.,https://projectmadurai.org/pmworks.html
PM-964-1129,964,கோதை நாச்சியார் தாலாட்டு- ஆங்கில மொழிபெயர்ப்பு,? / கௌசல்யா ஹார்ட்,"பிரபந்தம் -தாலாட்டு, ஆங்கில மொழிபெயர்ப்பு",Tamil,https://projectmadurai.org/pm_etexts/pdf/pm0964.pdf,https://projectmadurai.org/pm_etexts/utf8/pmuni0964.html,True,AUTO_DOWNLOAD_PERMISSION_BEFORE_REDISTRIBUTION,CONTACT_PROJECT_COORDINATORS_AND_RETAIN_HEADERS,pmadurai@gmail.com,Freeze all available formats; preserve each header; request confirmation before Devam online redistribution and commercial use.,https://projectmadurai.org/pmworks.html
PM-965-1130,965,மதுரைவீரன் அம்மானை,பதிப்பாசிரியர்: ம. சீராளன்,பிரபந்தம் - அம்மானை,Tamil,https://projectmadurai.org/pm_etexts/pdf/pm0965.pdf,https://projectmadurai.org/pm_etexts/utf8/pmuni0965.html,True,AUTO_DOWNLOAD_PERMISSION_BEFORE_REDISTRIBUTION,CONTACT_PROJECT_COORDINATORS_AND_RETAIN_HEADERS,pmadurai@gmail.com,Freeze all available formats; preserve each header; request confirmation before Devam online redistribution and commercial use.,https://projectmadurai.org/pmworks.html
PM-966-1131,966,அறநூல் தந்த அறிவாளர்,அ. க. நவநீதகிருட்டிணன்,இலக்கியக் கட்டுரைகள்,Tamil,https://projectmadurai.org/pm_etexts/pdf/pm0966.pdf,https://projectmadurai.org/pm_etexts/utf8/pmuni0966.html,True,AUTO_DOWNLOAD_PERMISSION_BEFORE_REDISTRIBUTION,CONTACT_PROJECT_COORDINATORS_AND_RETAIN_HEADERS,pmadurai@gmail.com,Freeze all available formats; preserve each header; request confirmation before Devam online redistribution and commercial use.,https://projectmadurai.org/pmworks.html
PM-967-1132,967,முதற் குலோத்துங்க சோழன்,"சதாசிவ பண்டாரத்தார், தி. வை.","ஆராய்ச்சிக் கட்டுரைகள், சரித்திரக் கட்டுரைகள்",Tamil,https://projectmadurai.org/pm_etexts/pdf/pm0967.pdf,https://projectmadurai.org/pm_etexts/utf8/pmuni0967.html,True,AUTO_DOWNLOAD_PERMISSION_BEFORE_REDISTRIBUTION,CONTACT_PROJECT_COORDINATORS_AND_RETAIN_HEADERS,pmadurai@gmail.com,Freeze all available formats; preserve each header; request confirmation before Devam online redistribution and commercial use.,https://projectmadurai.org/pmworks.html
PM-968-1133,968,பதிகத்திரட்டு,சேலம் சுந்தர முதலியார்,பிரபந்தம் - பதிகம்,Tamil,https://projectmadurai.org/pm_etexts/pdf/pm0968.pdf,https://projectmadurai.org/pm_etexts/utf8/pmuni0968.html,True,AUTO_DOWNLOAD_PERMISSION_BEFORE_REDISTRIBUTION,CONTACT_PROJECT_COORDINATORS_AND_RETAIN_HEADERS,pmadurai@gmail.com,Freeze all available formats; preserve each header; request confirmation before Devam online redistribution and commercial use.,https://projectmadurai.org/pmworks.html
PM-969-1134,969,பச்சை நாயகியம்மை பிள்ளைத்தமிழ்,முத்து நைனாத்தை முதலியார்,பிரபந்தம் - பிள்ளைத்தமிழ்,Tamil,https://projectmadurai.org/pm_etexts/pdf/pm0969.pdf,https://projectmadurai.org/pm_etexts/utf8/pmuni0969.html,True,AUTO_DOWNLOAD_PERMISSION_BEFORE_REDISTRIBUTION,CONTACT_PROJECT_COORDINATORS_AND_RETAIN_HEADERS,pmadurai@gmail.com,Freeze all available formats; preserve each header; request confirmation before Devam online redistribution and commercial use.,https://projectmadurai.org/pmworks.html
PM-970-1135,970,கலிங்கத்துப்பரணி ஆராய்ச்சி,ந. சுப்புரெட்டியார்,"பிரபந்தம் - பரணி, ஆராய்ச்சி",Tamil,https://projectmadurai.org/pm_etexts/pdf/pm0970.pdf,https://projectmadurai.org/pm_etexts/utf8/pmuni0970.html,True,AUTO_DOWNLOAD_PERMISSION_BEFORE_REDISTRIBUTION,CONTACT_PROJECT_COORDINATORS_AND_RETAIN_HEADERS,pmadurai@gmail.com,Freeze all available formats; preserve each header; request confirmation before Devam online redistribution and commercial use.,https://projectmadurai.org/pmworks.html
PM-971-1136,971,தமிழர் மதம்,ஞா.தேவநேயப் பாவாணர்,ஆராய்ச்சிக் கட்டுரைகள்,Tamil,https://projectmadurai.org/pm_etexts/pdf/pm0971.pdf,https://projectmadurai.org/pm_etexts/utf8/pmuni0971.html,True,AUTO_DOWNLOAD_PERMISSION_BEFORE_REDISTRIBUTION,CONTACT_PROJECT_COORDINATORS_AND_RETAIN_HEADERS,pmadurai@gmail.com,Freeze all available formats; preserve each header; request confirmation before Devam online redistribution and commercial use.,https://projectmadurai.org/pmworks.html
PM-972-1137,972,கோப்பெருந்தேவியர்,அ. க. நவநீதகிருட்டிணன்,இலக்கியக் கட்டுரைகள்,Tamil,https://projectmadurai.org/pm_etexts/pdf/pm0972.pdf,https://projectmadurai.org/pm_etexts/utf8/pmuni0972.html,True,AUTO_DOWNLOAD_PERMISSION_BEFORE_REDISTRIBUTION,CONTACT_PROJECT_COORDINATORS_AND_RETAIN_HEADERS,pmadurai@gmail.com,Freeze all available formats; preserve each header; request confirmation before Devam online redistribution and commercial use.,https://projectmadurai.org/pmworks.html
PM-973-1138,973,புலியூரந்தாதி,மயில்வாகனப்‌ புலவர்‌,பிரபந்தம் - அந்தாதி,Tamil,https://projectmadurai.org/pm_etexts/pdf/pm0973.pdf,https://projectmadurai.org/pm_etexts/utf8/pmuni0973.html,True,AUTO_DOWNLOAD_PERMISSION_BEFORE_REDISTRIBUTION,CONTACT_PROJECT_COORDINATORS_AND_RETAIN_HEADERS,pmadurai@gmail.com,Freeze all available formats; preserve each header; request confirmation before Devam online redistribution and commercial use.,https://projectmadurai.org/pmworks.html
PM-974-1139,974,பனித்துளி,சரோஜா ராமமூர்த்தி,சிறுகதைகள்,Tamil,https://projectmadurai.org/pm_etexts/pdf/pm0974.pdf,https://projectmadurai.org/pm_etexts/utf8/pmuni0974.html,True,AUTO_DOWNLOAD_PERMISSION_BEFORE_REDISTRIBUTION,CONTACT_PROJECT_COORDINATORS_AND_RETAIN_HEADERS,pmadurai@gmail.com,Freeze all available formats; preserve each header; request confirmation before Devam online redistribution and commercial use.,https://projectmadurai.org/pmworks.html
PM-975-1140,975,இலக்கியமும் கல்வெட்டுக்களும்,"சதாசிவ பண்டாரத்தார், தி. வை.","ஆராய்ச்சிக் கட்டுரைகள், சரித்திரக் கட்டுரைகள்",Tamil,https://projectmadurai.org/pm_etexts/pdf/pm0975.pdf,https://projectmadurai.org/pm_etexts/utf8/pmuni0975.html,True,AUTO_DOWNLOAD_PERMISSION_BEFORE_REDISTRIBUTION,CONTACT_PROJECT_COORDINATORS_AND_RETAIN_HEADERS,pmadurai@gmail.com,Freeze all available formats; preserve each header; request confirmation before Devam online redistribution and commercial use.,https://projectmadurai.org/pmworks.html
PM-976-1141,976,தமிழ் இலக்கிய வரலாறு (கி. பி. 250 - கி. பி. 600),"சதாசிவ பண்டாரத்தார், தி. வை.","ஆராய்ச்சிக் கட்டுரைகள், சரித்திரக் கட்டுரைகள்",Tamil,https://projectmadurai.org/pm_etexts/pdf/pm0976.pdf,https://projectmadurai.org/pm_etexts/utf8/pmuni0976.html,True,AUTO_DOWNLOAD_PERMISSION_BEFORE_REDISTRIBUTION,CONTACT_PROJECT_COORDINATORS_AND_RETAIN_HEADERS,pmadurai@gmail.com,Freeze all available formats; preserve each header; request confirmation before Devam online redistribution and commercial use.,https://projectmadurai.org/pmworks.html
PM-977_01-1142,977_01,திருப்பரங்கிரி முருகக் கடவுள் யமகப் பதிகம் & பழைஞநல்லூர் பெரியநாயகியம்மன் பதிகம்,...,பிரபந்தம் - பதிகம்,Tamil,https://projectmadurai.org/pm_etexts/pdf/pm0977_01.pdf,https://projectmadurai.org/pm_etexts/utf8/pmuni0977_01.html,True,AUTO_DOWNLOAD_PERMISSION_BEFORE_REDISTRIBUTION,CONTACT_PROJECT_COORDINATORS_AND_RETAIN_HEADERS,pmadurai@gmail.com,Freeze all available formats; preserve each header; request confirmation before Devam online redistribution and commercial use.,https://projectmadurai.org/pmworks.html
PM-977_02-1143,977_02,திருமயிலைக் கபாலீசர் பதிகம் & கற்பகவல்லியம்மை பதிகம்,...,பிரபந்தம் - பதிகம்,Tamil,https://projectmadurai.org/pm_etexts/pdf/pm0977_02.pdf,https://projectmadurai.org/pm_etexts/utf8/pmuni0977_02.html,True,AUTO_DOWNLOAD_PERMISSION_BEFORE_REDISTRIBUTION,CONTACT_PROJECT_COORDINATORS_AND_RETAIN_HEADERS,pmadurai@gmail.com,Freeze all available formats; preserve each header; request confirmation before Devam online redistribution and commercial use.,https://projectmadurai.org/pmworks.html
PM-978_01-1144,978_01,"புள்ளிருக்கு வேளூர் வைத்தீஸ்வரர் பதிகம், ஸ்ரீ தையநாயகியம்மன் பதிகம் & ஸ்ரீ முத்துக்குமரசாமி பதிகம்",...,பிரபந்தம் - பதிகம்,Tamil,https://projectmadurai.org/pm_etexts/pdf/pm0978_01.pdf,https://projectmadurai.org/pm_etexts/utf8/pmuni0978_01.html,True,AUTO_DOWNLOAD_PERMISSION_BEFORE_REDISTRIBUTION,CONTACT_PROJECT_COORDINATORS_AND_RETAIN_HEADERS,pmadurai@gmail.com,Freeze all available formats; preserve each header; request confirmation before Devam online redistribution and commercial use.,https://projectmadurai.org/pmworks.html
PM-978_02-1145,978_02,பருவதவர்த்தனி அம்பாள் பதிகம்,பரமேஸ்வரன்,பிரபந்தம் - பதிகம்,Tamil,https://projectmadurai.org/pm_etexts/pdf/pm0978_02.pdf,https://projectmadurai.org/pm_etexts/utf8/pmuni0978_02.html,True,AUTO_DOWNLOAD_PERMISSION_BEFORE_REDISTRIBUTION,CONTACT_PROJECT_COORDINATORS_AND_RETAIN_HEADERS,pmadurai@gmail.com,Freeze all available formats; preserve each header; request confirmation before Devam online redistribution and commercial use.,https://projectmadurai.org/pmworks.html
PM-979-1146,979,சித்திராங்கதை விலாசம்,பரசுராமக்கவிராயர்,பிரபந்தம் - விலாசம்,Tamil,https://projectmadurai.org/pm_etexts/pdf/pm0979.pdf,https://projectmadurai.org/pm_etexts/utf8/pmuni0979.html,True,AUTO_DOWNLOAD_PERMISSION_BEFORE_REDISTRIBUTION,CONTACT_PROJECT_COORDINATORS_AND_RETAIN_HEADERS,pmadurai@gmail.com,Freeze all available formats; preserve each header; request confirmation before Devam online redistribution and commercial use.,https://projectmadurai.org/pmworks.html
PM-980-1147,980,விவேக சிந்தாமணி - ஆங்கில மொழிபெயர்ப்பு vivEka cintAmaNi - English Translation,கௌசல்யா ஹார்ட்,நீதிநெறி நூல்கள்,Tamil,https://projectmadurai.org/pm_etexts/pdf/pm0980.pdf,https://projectmadurai.org/pm_etexts/utf8/pmuni0980.html,True,AUTO_DOWNLOAD_PERMISSION_BEFORE_REDISTRIBUTION,CONTACT_PROJECT_COORDINATORS_AND_RETAIN_HEADERS,pmadurai@gmail.com,Freeze all available formats; preserve each header; request confirmation before Devam online redistribution and commercial use.,https://projectmadurai.org/pmworks.html
PM-981_01-1148,981_01,குண்டலகேசி அகவல் - ஆங்கில மொழிபெயர்ப்பு,யோகி சுத்தானந்த பாரதி /கௌசல்யா ஹார்ட்,பிரபந்தம் - அகவல்,Tamil,https://projectmadurai.org/pm_etexts/pdf/pm0981_01.pdf,https://projectmadurai.org/pm_etexts/utf8/pmuni0981_01.html,True,AUTO_DOWNLOAD_PERMISSION_BEFORE_REDISTRIBUTION,CONTACT_PROJECT_COORDINATORS_AND_RETAIN_HEADERS,pmadurai@gmail.com,Freeze all available formats; preserve each header; request confirmation before Devam online redistribution and commercial use.,https://projectmadurai.org/pmworks.html
PM-981_02-1149,981_02,வளையாபதி அகவல் - ஆங்கில மொழிபெயர்ப்பு,யோகி சுத்தானந்த பாரதி /கௌசல்யா ஹார்ட்,பிரபந்தம் - அகவல்,Tamil,https://projectmadurai.org/pm_etexts/pdf/pm0981_02.pdf,https://projectmadurai.org/pm_etexts/utf8/pmuni0981_02.html,True,AUTO_DOWNLOAD_PERMISSION_BEFORE_REDISTRIBUTION,CONTACT_PROJECT_COORDINATORS_AND_RETAIN_HEADERS,pmadurai@gmail.com,Freeze all available formats; preserve each header; request confirmation before Devam online redistribution and commercial use.,https://projectmadurai.org/pmworks.html
PM-982-1150,982,இராமப்பய்யன் அம்மானை,பேராசிரியர் வையாபுரிப்பிள்ளை தொகுப்பு,பிரபந்தம் - அம்மானை,Tamil,https://projectmadurai.org/pm_etexts/pdf/pm0982.pdf,https://projectmadurai.org/pm_etexts/utf8/pmuni0982.html,True,AUTO_DOWNLOAD_PERMISSION_BEFORE_REDISTRIBUTION,CONTACT_PROJECT_COORDINATORS_AND_RETAIN_HEADERS,pmadurai@gmail.com,Freeze all available formats; preserve each header; request confirmation before Devam online redistribution and commercial use.,https://projectmadurai.org/pmworks.html
PM-983-1151,983,"சிற்றிலக்கியத் திரட்டு - ஆற்றுப்படை நூல்கள் (5) அணிமுருகாற்றுப்படை, அருள் முருகாற்றுப்படை திருமுருகாற்றுப்படை, பொருள் முருகாற்றுப் படை, வருமுருகாற்றுப்படை",பேராசிரியர் வையாபுரிப்பிள்ளை தொகுப்பு,பிரபந்தம் - ஆற்றுப்படை,Tamil,https://projectmadurai.org/pm_etexts/pdf/pm0983.pdf,https://projectmadurai.org/pm_etexts/utf8/pmuni0983.html,True,AUTO_DOWNLOAD_PERMISSION_BEFORE_REDISTRIBUTION,CONTACT_PROJECT_COORDINATORS_AND_RETAIN_HEADERS,pmadurai@gmail.com,Freeze all available formats; preserve each header; request confirmation before Devam online redistribution and commercial use.,https://projectmadurai.org/pmworks.html
PM-984-1152,984,"சிற்றிலக்கியத் திரட்டு - பாகம் 3 /உலா நூல்கள் (3) இராஜராஜ தேவருலா, திருக்குறுங்குடி அழகிய நம்பியுலா முப்பந்தொட்டியுலா",பேராசிரியர் வையாபுரிப்பிள்ளை தொகுப்பு,பிரபந்தம் - ஆற்றுப்படை,Tamil,https://projectmadurai.org/pm_etexts/pdf/pm0984.pdf,https://projectmadurai.org/pm_etexts/utf8/pmuni0984.html,True,AUTO_DOWNLOAD_PERMISSION_BEFORE_REDISTRIBUTION,CONTACT_PROJECT_COORDINATORS_AND_RETAIN_HEADERS,pmadurai@gmail.com,Freeze all available formats; preserve each header; request confirmation before Devam online redistribution and commercial use.,https://projectmadurai.org/pmworks.html
PM-985-1153,985,சிற்றிலக்கியத் திரட்டு - பாகம் 4 திருவெழுகூற்றிருக்கை & மதுரைக்கோவை,பேராசிரியர் வையாபுரிப்பிள்ளை தொகுப்பு,பிரபந்தம் - கோவை,Tamil,https://projectmadurai.org/pm_etexts/pdf/pm0985.pdf,https://projectmadurai.org/pm_etexts/utf8/pmuni0985.html,True,AUTO_DOWNLOAD_PERMISSION_BEFORE_REDISTRIBUTION,CONTACT_PROJECT_COORDINATORS_AND_RETAIN_HEADERS,pmadurai@gmail.com,Freeze all available formats; preserve each header; request confirmation before Devam online redistribution and commercial use.,https://projectmadurai.org/pmworks.html
PM-986_01-1154,986_01,சிற்றிலக்கியத் திரட்டு - பாகம் 5a இராமலிங்கேசர் மீது பணவிடு தூது & துகில்விடு தூது,பேராசிரியர் வையாபுரிப்பிள்ளை தொகுப்பு,பிரபந்தம் - தூது,Tamil,https://projectmadurai.org/pm_etexts/pdf/pm0986_01.pdf,https://projectmadurai.org/pm_etexts/utf8/pmuni0986_01.html,True,AUTO_DOWNLOAD_PERMISSION_BEFORE_REDISTRIBUTION,CONTACT_PROJECT_COORDINATORS_AND_RETAIN_HEADERS,pmadurai@gmail.com,Freeze all available formats; preserve each header; request confirmation before Devam online redistribution and commercial use.,https://projectmadurai.org/pmworks.html
PM-986_02-1155,986_02,சிற்றிலக்கியத் திரட்டு - பாகம் 5B தெய்வச்சிலையார் விறலிவிடு தூது & நெல்விடுதூது,பேராசிரியர் வையாபுரிப்பிள்ளை தொகுப்பு,பிரபந்தம் - தூது,Tamil,https://projectmadurai.org/pm_etexts/pdf/pm0986_02.pdf,https://projectmadurai.org/pm_etexts/utf8/pmuni0986_02.html,True,AUTO_DOWNLOAD_PERMISSION_BEFORE_REDISTRIBUTION,CONTACT_PROJECT_COORDINATORS_AND_RETAIN_HEADERS,pmadurai@gmail.com,Freeze all available formats; preserve each header; request confirmation before Devam online redistribution and commercial use.,https://projectmadurai.org/pmworks.html
PM-987-1156,987,"நால்வர் பிள்ளைத்தமிழ் அப்பர்(1), சம்பந்தர்(2), சுந்தரர்(3), மாணிக்கவாசகர் (4)","இராமன்(1), செங்கல்வராய பிள்ளை(2), கனகராஜையர்(3), முத்துசாமி ஐயர்(4)",பிரபந்தம் - பிள்ளைத்தமிழ்,Tamil,https://projectmadurai.org/pm_etexts/pdf/pm0987.pdf,https://projectmadurai.org/pm_etexts/utf8/pmuni0987.html,True,AUTO_DOWNLOAD_PERMISSION_BEFORE_REDISTRIBUTION,CONTACT_PROJECT_COORDINATORS_AND_RETAIN_HEADERS,pmadurai@gmail.com,Freeze all available formats; preserve each header; request confirmation before Devam online redistribution and commercial use.,https://projectmadurai.org/pmworks.html
PM-988-1157,988,திருவீழிமிழலை அழகியமாமுலையம்மை பிள்ளைத்தமிழ்,கார்த்திகேயபுரம் காழி ஞான தேசிகர்,பிரபந்தம் - பிள்ளைத்தமிழ்,Tamil,https://projectmadurai.org/pm_etexts/pdf/pm0988.pdf,https://projectmadurai.org/pm_etexts/utf8/pmuni0988.html,True,AUTO_DOWNLOAD_PERMISSION_BEFORE_REDISTRIBUTION,CONTACT_PROJECT_COORDINATORS_AND_RETAIN_HEADERS,pmadurai@gmail.com,Freeze all available formats; preserve each header; request confirmation before Devam online redistribution and commercial use.,https://projectmadurai.org/pmworks.html
PM-989_01-1158,989_01,"பிரபந்தத் திரட்டு -1, 2 1. துதிகவிகள் & 2. ஸ்ரீ மணவாள மாமுனிகள் நான்மணிமாலை",பள்ளிகொண்டான் பிள்ளை,பிரபந்தம் -மாலை,Tamil,https://projectmadurai.org/pm_etexts/pdf/pm0989_01.pdf,https://projectmadurai.org/pm_etexts/utf8/pmuni0989_01.html,True,AUTO_DOWNLOAD_PERMISSION_BEFORE_REDISTRIBUTION,CONTACT_PROJECT_COORDINATORS_AND_RETAIN_HEADERS,pmadurai@gmail.com,Freeze all available formats; preserve each header; request confirmation before Devam online redistribution and commercial use.,https://projectmadurai.org/pmworks.html
PM-989_02-1159,989_02,"பிரபந்தத் திரட்டு -3, 4 3. எதிராசமாமுனிகள் நான்மணிமாலை & 4. முதலாழ்வார்கள் மும்மணிக்கோவை.",பள்ளிகொண்டான் பிள்ளை,"பிரபந்தம் -மாலை, கோவை.",Tamil,https://projectmadurai.org/pm_etexts/pdf/pm0989_02.pdf,https://projectmadurai.org/pm_etexts/utf8/pmuni0989_02.html,True,AUTO_DOWNLOAD_PERMISSION_BEFORE_REDISTRIBUTION,CONTACT_PROJECT_COORDINATORS_AND_RETAIN_HEADERS,pmadurai@gmail.com,Freeze all available formats; preserve each header; request confirmation before Devam online redistribution and commercial use.,https://projectmadurai.org/pmworks.html
PM-990-1160,990,பூநாகம் (சிறுகதைகள்),சு. சமுத்திரம்,சிறுகதைகள்,Tamil,https://projectmadurai.org/pm_etexts/pdf/pm090.pdf,https://projectmadurai.org/pm_etexts/utf8/pmuni0990.html,True,AUTO_DOWNLOAD_PERMISSION_BEFORE_REDISTRIBUTION,CONTACT_PROJECT_COORDINATORS_AND_RETAIN_HEADERS,pmadurai@gmail.com,Freeze all available formats; preserve each header; request confirmation before Devam online redistribution and commercial use.,https://projectmadurai.org/pmworks.html
PM-991-1161,991,நயினை நாகபூஷணியம்மை பிள்ளைத்தமிழ்,கரவை வ. சிவராசசிங்கம்,பிரபந்தம் - பிள்ளைத்தமிழ்,Tamil,https://projectmadurai.org/pm_etexts/pdf/pm0991.pdf,https://projectmadurai.org/pm_etexts/utf8/pmuni0991.html,True,AUTO_DOWNLOAD_PERMISSION_BEFORE_REDISTRIBUTION,CONTACT_PROJECT_COORDINATORS_AND_RETAIN_HEADERS,pmadurai@gmail.com,Freeze all available formats; preserve each header; request confirmation before Devam online redistribution and commercial use.,https://projectmadurai.org/pmworks.html
PM-992-1162,992,பாரதியார் பாடல்கள் - ஆங்கில மொழிபெயர்ப்பு பாகம் 1 (பாடல்கள் 1-50),"சி. சுப்ரமணிய பாரதியார் /தி. நா. இராமசந்திரன் (தொகுப்பு),",கவிதைத் தொகுப்பு,Tamil,https://projectmadurai.org/pm_etexts/pdf/pm0992.pdf,https://projectmadurai.org/pm_etexts/utf8/pmuni0992.html,True,AUTO_DOWNLOAD_PERMISSION_BEFORE_REDISTRIBUTION,CONTACT_PROJECT_COORDINATORS_AND_RETAIN_HEADERS,pmadurai@gmail.com,Freeze all available formats; preserve each header; request confirmation before Devam online redistribution and commercial use.,https://projectmadurai.org/pmworks.html
PM-993-1163,993,பாரதியார் பாடல்கள் - ஆங்கில மொழிபெயர்ப்பு பாகம் 2 (பாடல்கள் 51-70),"சி. சுப்ரமணிய பாரதியார் /தி. நா. இராமசந்திரன் (தொகுப்பு),",கவிதைத் தொகுப்பு,Tamil,https://projectmadurai.org/pm_etexts/pdf/pm0993.pdf,https://projectmadurai.org/pm_etexts/utf8/pmuni0993.html,True,AUTO_DOWNLOAD_PERMISSION_BEFORE_REDISTRIBUTION,CONTACT_PROJECT_COORDINATORS_AND_RETAIN_HEADERS,pmadurai@gmail.com,Freeze all available formats; preserve each header; request confirmation before Devam online redistribution and commercial use.,https://projectmadurai.org/pmworks.html
PM-994-1164,994,பாரதியார் பாடல்கள் - ஆங்கில மொழிபெயர்ப்பு பாகம் 3 (பாடல்கள் 71 -பாஞ்சாலி சபதம்),"சி. சுப்ரமணிய பாரதியார் /தி. நா. இராமசந்திரன் (தொகுப்பு),",கவிதைத் தொகுப்பு,Tamil,https://projectmadurai.org/pm_etexts/pdf/pm0994.pdf,https://projectmadurai.org/pm_etexts/utf8/pmuni0994.html,True,AUTO_DOWNLOAD_PERMISSION_BEFORE_REDISTRIBUTION,CONTACT_PROJECT_COORDINATORS_AND_RETAIN_HEADERS,pmadurai@gmail.com,Freeze all available formats; preserve each header; request confirmation before Devam online redistribution and commercial use.,https://projectmadurai.org/pmworks.html
PM-995-1165,995,"தாழம்பூ ( நாவல்), 2 பாகங்களாக.",சு. சமுத்திரம்,நாவல்,Tamil,https://projectmadurai.org/pm_etexts/pdf/pm0995_01.pdf | https://projectmadurai.org/pm_etexts/pdf/pm0995_02.pdf,https://projectmadurai.org/pm_etexts/utf8/pmuni0995_01.html | https://projectmadurai.org/pm_etexts/utf8/pmuni0995_02.html,True,AUTO_DOWNLOAD_PERMISSION_BEFORE_REDISTRIBUTION,CONTACT_PROJECT_COORDINATORS_AND_RETAIN_HEADERS,pmadurai@gmail.com,Freeze all available formats; preserve each header; request confirmation before Devam online redistribution and commercial use.,https://projectmadurai.org/pmworks.html
PM-996-1166,996,சி. வை. தாமோதரம் பிள்ளை அவர்கள் சரித்திரம்,T. A. ராஜரத்தினம் பிள்ளை,சரித்திரம் / வாழ்க்கை வரலாறு,Tamil,https://projectmadurai.org/pm_etexts/pdf/pm0996.pdf,https://projectmadurai.org/pm_etexts/utf8/pmuni0996.html,True,AUTO_DOWNLOAD_PERMISSION_BEFORE_REDISTRIBUTION,CONTACT_PROJECT_COORDINATORS_AND_RETAIN_HEADERS,pmadurai@gmail.com,Freeze all available formats; preserve each header; request confirmation before Devam online redistribution and commercial use.,https://projectmadurai.org/pmworks.html
PM-997_01-1167,997_01,"பிரபந்தத் திரட்டு -5, 6 5. திருக்குருகூர் நம்மாழ்வார் நான்மணிமாலை; 6. கோதைநாயகி தாயார் மாலை",பள்ளிகொண்டான் பிள்ளை,பிரபந்தம் -மாலை,Tamil,https://projectmadurai.org/pm_etexts/pdf/pm0997_01.pdf,https://projectmadurai.org/pm_etexts/utf8/pmuni0997_01.html,True,AUTO_DOWNLOAD_PERMISSION_BEFORE_REDISTRIBUTION,CONTACT_PROJECT_COORDINATORS_AND_RETAIN_HEADERS,pmadurai@gmail.com,Freeze all available formats; preserve each header; request confirmation before Devam online redistribution and commercial use.,https://projectmadurai.org/pmworks.html
PM-997_02-1168,997_02,பிரபந்தத் திரட்டு - 7 7. திருவல்லிக்கேணி வேதவல்லித் தாயார் மாலை.,பள்ளிகொண்டான் பிள்ளை,பிரபந்தம் -மாலை,Tamil,https://projectmadurai.org/pm_etexts/pdf/pm0997_01.pdf,https://projectmadurai.org/pm_etexts/utf8/pmuni0997_01.html,True,AUTO_DOWNLOAD_PERMISSION_BEFORE_REDISTRIBUTION,CONTACT_PROJECT_COORDINATORS_AND_RETAIN_HEADERS,pmadurai@gmail.com,Freeze all available formats; preserve each header; request confirmation before Devam online redistribution and commercial use.,https://projectmadurai.org/pmworks.html
PM-998-1169,998,பாரதியார் பாடல்கள் - ஆங்கில மொழிபெயர்ப்பு பாகம் 4 (பாடல்கள் 72-100),"சி. சுப்ரமணிய பாரதியார் /தி. நா. இராமசந்திரன் (தொகுப்பு),",கவிதைத் தொகுப்பு,Tamil,https://projectmadurai.org/pm_etexts/pdf/pm0998.pdf,https://projectmadurai.org/pm_etexts/utf8/pmuni0998.html,True,AUTO_DOWNLOAD_PERMISSION_BEFORE_REDISTRIBUTION,CONTACT_PROJECT_COORDINATORS_AND_RETAIN_HEADERS,pmadurai@gmail.com,Freeze all available formats; preserve each header; request confirmation before Devam online redistribution and commercial use.,https://projectmadurai.org/pmworks.html
PM-999-1170,999,"திருநாவுக்கரசர் தேவாரம் ஆங்கில மொழிபெயர்ப்பு, முதல் 1000 பாசுரங்கள்) tirunAvukaracar tEvaram 1000 pAcurams- English Translation",கௌசல்யா ஹார்ட்,தேவாரம்,Tamil,https://projectmadurai.org/pm_etexts/pdf/pm0999.pdf,https://projectmadurai.org/pm_etexts/utf8/pmuni0999.html,True,AUTO_DOWNLOAD_PERMISSION_BEFORE_REDISTRIBUTION,CONTACT_PROJECT_COORDINATORS_AND_RETAIN_HEADERS,pmadurai@gmail.com,Freeze all available formats; preserve each header; request confirmation before Devam online redistribution and commercial use.,https://projectmadurai.org/pmworks.html
PM-1000-1171,1000,அருள் நெறி முழக்கம் (சொற்பொழிவுகள்),தவத்திரு குன்றக்குடி அடிகளார்,நீதிநெறி நூல்கள்,Tamil,https://projectmadurai.org/pm_etexts/pdf/pm1000.pdf,https://projectmadurai.org/pm_etexts/utf8/pmuni1000.html,True,AUTO_DOWNLOAD_PERMISSION_BEFORE_REDISTRIBUTION,CONTACT_PROJECT_COORDINATORS_AND_RETAIN_HEADERS,pmadurai@gmail.com,Freeze all available formats; preserve each header; request confirmation before Devam online redistribution and commercial use.,https://projectmadurai.org/pmworks.html
PM-1001-1172,1001,பொன்னியின் செல்வன் - ஆங்கில மொழிபெயர்ப்பு -பாகம் 4A (Ponniyan Selvan - Part 4a),கல்கி கிருஷ்ணமூர்த்தி இந்திரா நீலமேகம்,நாவல் - புதினம் ; மொழிபெயர்ப்பு,Tamil,https://projectmadurai.org/pm_etexts/pdf/pm1001.pdf,https://projectmadurai.org/pm_etexts/utf8/pmuni1001.html,True,AUTO_DOWNLOAD_PERMISSION_BEFORE_REDISTRIBUTION,CONTACT_PROJECT_COORDINATORS_AND_RETAIN_HEADERS,pmadurai@gmail.com,Freeze all available formats; preserve each header; request confirmation before Devam online redistribution and commercial use.,https://projectmadurai.org/pmworks.html
PM-1002-1173,1002,பாரதியார் பாடல்கள் - ஆங்கில மொழிபெயர்ப்பு பாகம் 5 (பாடல்கள் 101-150),"சி. சுப்ரமணிய பாரதியார் /தி. நா. இராமசந்திரன் (தொகுப்பு),",கவிதைத் தொகுப்பு,Tamil,https://projectmadurai.org/pm_etexts/pdf/pm1002.pdf,https://projectmadurai.org/pm_etexts/utf8/pmuni1002.html,True,AUTO_DOWNLOAD_PERMISSION_BEFORE_REDISTRIBUTION,CONTACT_PROJECT_COORDINATORS_AND_RETAIN_HEADERS,pmadurai@gmail.com,Freeze all available formats; preserve each header; request confirmation before Devam online redistribution and commercial use.,https://projectmadurai.org/pmworks.html
PM-1003-1174,1003,பாரதியார் பாடல்கள் - ஆங்கில மொழிபெயர்ப்பு பாகம் 6 (பாடல்கள் 151-200),"சி. சுப்ரமணிய பாரதியார் /தி. நா. இராமசந்திரன் (தொகுப்பு),",கவிதைத் தொகுப்பு,Tamil,https://projectmadurai.org/pm_etexts/pdf/pm1003.pdf,https://projectmadurai.org/pm_etexts/utf8/pmuni1003.html,True,AUTO_DOWNLOAD_PERMISSION_BEFORE_REDISTRIBUTION,CONTACT_PROJECT_COORDINATORS_AND_RETAIN_HEADERS,pmadurai@gmail.com,Freeze all available formats; preserve each header; request confirmation before Devam online redistribution and commercial use.,https://projectmadurai.org/pmworks.html
PM-1004-1175,1004,அருணகிரி அந்தாதி,குகை நமசிவாய தேவர்,பிரபந்தம் -அந்தாதி,Tamil,https://projectmadurai.org/pm_etexts/pdf/pm1004.pdf,https://projectmadurai.org/pm_etexts/utf8/pmuni1004.html,True,AUTO_DOWNLOAD_PERMISSION_BEFORE_REDISTRIBUTION,CONTACT_PROJECT_COORDINATORS_AND_RETAIN_HEADERS,pmadurai@gmail.com,Freeze all available formats; preserve each header; request confirmation before Devam online redistribution and commercial use.,https://projectmadurai.org/pmworks.html
PM-1005-1176,1005,துறைசை மாசிலாமணி ஈசர் அந்தாதி,உ.வே. சாமிநாதையர்,பிரபந்தம் -அந்தாதி,Tamil,https://projectmadurai.org/pm_etexts/pdf/pm1005.pdf,https://projectmadurai.org/pm_etexts/utf8/pmuni1005.html,True,AUTO_DOWNLOAD_PERMISSION_BEFORE_REDISTRIBUTION,CONTACT_PROJECT_COORDINATORS_AND_RETAIN_HEADERS,pmadurai@gmail.com,Freeze all available formats; preserve each header; request confirmation before Devam online redistribution and commercial use.,https://projectmadurai.org/pmworks.html
PM-1006_01-1177,1006_01,"""துரோகிச் சிந்து""",சிறுமணவூர் முனிசாமி முதலியார்,பிரபந்தம் -சிந்து,Tamil,https://projectmadurai.org/pm_etexts/pdf/pm1006_01.pdf,https://projectmadurai.org/pm_etexts/utf8/pmuni1006_01.html,True,AUTO_DOWNLOAD_PERMISSION_BEFORE_REDISTRIBUTION,CONTACT_PROJECT_COORDINATORS_AND_RETAIN_HEADERS,pmadurai@gmail.com,Freeze all available formats; preserve each header; request confirmation before Devam online redistribution and commercial use.,https://projectmadurai.org/pmworks.html
PM-1006_02-1178,1006_02,"""கள்ளுகடைசிந்து என்னும் குடியர் சிந்து""",சிறுமணவூர் முனிசாமி முதலியார்,பிரபந்தம் -சிந்து,Tamil,https://projectmadurai.org/pm_etexts/pdf/pm1006_02.pdf,https://projectmadurai.org/pm_etexts/utf8/pmuni1006_02.html,True,AUTO_DOWNLOAD_PERMISSION_BEFORE_REDISTRIBUTION,CONTACT_PROJECT_COORDINATORS_AND_RETAIN_HEADERS,pmadurai@gmail.com,Freeze all available formats; preserve each header; request confirmation before Devam online redistribution and commercial use.,https://projectmadurai.org/pmworks.html
PM-1007-1179,1007,"சிவகாமி அம்மன் அந்தாதி, 2 பாகங்களாக.",வித்துவான் பாலசாரநாதன் தொகுப்பு,பிரபந்தம் - அந்தாதி,Tamil,https://projectmadurai.org/pm_etexts/pdf/pm1007_01.pdf | https://projectmadurai.org/pm_etexts/pdf/pm1007_02.pdf,https://projectmadurai.org/pm_etexts/utf8/pmuni1007_01.html | https://projectmadurai.org/pm_etexts/utf8/pmuni1007_02.html,True,AUTO_DOWNLOAD_PERMISSION_BEFORE_REDISTRIBUTION,CONTACT_PROJECT_COORDINATORS_AND_RETAIN_HEADERS,pmadurai@gmail.com,Freeze all available formats; preserve each header; request confirmation before Devam online redistribution and commercial use.,https://projectmadurai.org/pmworks.html
PM-1008-1180,1008,கனிச்சாறு (முதல் தொகுதி),பாவலரேறு பெருஞ்சித்திரனார் பாடல்கள்,கவிதைத் தொகுப்பு,Tamil,https://projectmadurai.org/pm_etexts/pdf/pm1008.pdf,https://projectmadurai.org/pm_etexts/utf8/pmuni1008.html,True,AUTO_DOWNLOAD_PERMISSION_BEFORE_REDISTRIBUTION,CONTACT_PROJECT_COORDINATORS_AND_RETAIN_HEADERS,pmadurai@gmail.com,Freeze all available formats; preserve each header; request confirmation before Devam online redistribution and commercial use.,https://projectmadurai.org/pmworks.html
PM-1009_01-1181,1009_01,பிரபந்தத் திரட்டு பாகம் 8 : திருவல்லிக்கேணி உருப்பிணித் தாயார் மாலை,பள்ளிகொண்டான் பிள்ளை,பிரபந்தம் -மாலை,Tamil,https://projectmadurai.org/pm_etexts/pdf/pm1009_01.pdf,https://projectmadurai.org/pm_etexts/utf8/pmuni1009_01.html,True,AUTO_DOWNLOAD_PERMISSION_BEFORE_REDISTRIBUTION,CONTACT_PROJECT_COORDINATORS_AND_RETAIN_HEADERS,pmadurai@gmail.com,Freeze all available formats; preserve each header; request confirmation before Devam online redistribution and commercial use.,https://projectmadurai.org/pmworks.html
PM-1009_02-1182,1009_02,பிரபந்தத் திரட்டு பாகம் 9 : திருநீர்மலை அணிமாமலர் மங்கைத் தாயார் மாலை,பள்ளிகொண்டான் பிள்ளை,பிரபந்தம் -மாலை,Tamil,https://projectmadurai.org/pm_etexts/pdf/pm1009_02.pdf,https://projectmadurai.org/pm_etexts/utf8/pmuni1009_02.html,True,AUTO_DOWNLOAD_PERMISSION_BEFORE_REDISTRIBUTION,CONTACT_PROJECT_COORDINATORS_AND_RETAIN_HEADERS,pmadurai@gmail.com,Freeze all available formats; preserve each header; request confirmation before Devam online redistribution and commercial use.,https://projectmadurai.org/pmworks.html
PM-1010-1183,1010,பாரதியார் பாடல்கள் - ஆங்கில மொழிபெயர்ப்பு பாகம் 7 (பாடல்கள் 201-250),"பாரதியார் , தி. நா. இராமசந்திரன் (தொகுப்பு)",கவிதைத் தொகுப்பு,Tamil,https://projectmadurai.org/pm_etexts/pdf/pm1010.pdf,https://projectmadurai.org/pm_etexts/utf8/pmuni1010.html,True,AUTO_DOWNLOAD_PERMISSION_BEFORE_REDISTRIBUTION,CONTACT_PROJECT_COORDINATORS_AND_RETAIN_HEADERS,pmadurai@gmail.com,Freeze all available formats; preserve each header; request confirmation before Devam online redistribution and commercial use.,https://projectmadurai.org/pmworks.html
PM-1011-1184,1011,சென்னிமலை முருகன் புலவராற்றுப்படை,வித்துவான் தெய்வசிகாமணி,பிரபந்தம் - ஆற்றுப்படை,Tamil,https://projectmadurai.org/pm_etexts/pdf/pm1011.pdf,https://projectmadurai.org/pm_etexts/utf8/pmuni1011.html,True,AUTO_DOWNLOAD_PERMISSION_BEFORE_REDISTRIBUTION,CONTACT_PROJECT_COORDINATORS_AND_RETAIN_HEADERS,pmadurai@gmail.com,Freeze all available formats; preserve each header; request confirmation before Devam online redistribution and commercial use.,https://projectmadurai.org/pmworks.html
PM-1012-1185,1012,செங்குந்தர் சதகம்,குப்பாநந்த சுவாமிகள்,பிரபந்தம் - சதகம்,Tamil,https://projectmadurai.org/pm_etexts/pdf/pm1012.pdf,https://projectmadurai.org/pm_etexts/utf8/pmuni1012.html,True,AUTO_DOWNLOAD_PERMISSION_BEFORE_REDISTRIBUTION,CONTACT_PROJECT_COORDINATORS_AND_RETAIN_HEADERS,pmadurai@gmail.com,Freeze all available formats; preserve each header; request confirmation before Devam online redistribution and commercial use.,https://projectmadurai.org/pmworks.html
PM-1013-1186,1013,பொன்னியின் செல்வன் - ஆங்கில மொழிபெயர்ப்பு -பாகம் 4B (Ponniyan Selvan - Part 4B),கல்கி கிருஷ்ணமூர்த்தி இந்திரா நீலமேகம்,நாவல் - புதினம் ; மொழிபெயர்ப்பு,Tamil,https://projectmadurai.org/pm_etexts/pdf/pm1013.pdf,https://projectmadurai.org/pm_etexts/utf8/pmuni1013.html,True,AUTO_DOWNLOAD_PERMISSION_BEFORE_REDISTRIBUTION,CONTACT_PROJECT_COORDINATORS_AND_RETAIN_HEADERS,pmadurai@gmail.com,Freeze all available formats; preserve each header; request confirmation before Devam online redistribution and commercial use.,https://projectmadurai.org/pmworks.html
PM-1014-1187,1014,ஸ்ரீ பார்சுவநாதர் அம்மானை,'திருமறுமார்பன்',பிரபந்தம் - அம்மானை,Tamil,https://projectmadurai.org/pm_etexts/pdf/pm1014.pdf,https://projectmadurai.org/pm_etexts/utf8/pmuni1014.html,True,AUTO_DOWNLOAD_PERMISSION_BEFORE_REDISTRIBUTION,CONTACT_PROJECT_COORDINATORS_AND_RETAIN_HEADERS,pmadurai@gmail.com,Freeze all available formats; preserve each header; request confirmation before Devam online redistribution and commercial use.,https://projectmadurai.org/pmworks.html
PM-1015_01-1188,1015_01,நாயன்மார் கதை (முதல் பகுதி - 26 நாயன்மார்கள்),கி. வா. ஜகந்நாதன்,வரலாறு / சரித்திரம்,Tamil,https://projectmadurai.org/pm_etexts/pdf/pm1015_01.pdf,https://projectmadurai.org/pm_etexts/utf8/pmuni1015_01.html,True,AUTO_DOWNLOAD_PERMISSION_BEFORE_REDISTRIBUTION,CONTACT_PROJECT_COORDINATORS_AND_RETAIN_HEADERS,pmadurai@gmail.com,Freeze all available formats; preserve each header; request confirmation before Devam online redistribution and commercial use.,https://projectmadurai.org/pmworks.html
PM-1015_02-1189,1015_02,நாயன்மார் கதை (இரண்டாம் பகுதி -திருஞானசம்பந்தர்),கி. வா. ஜகந்நாதன்,வரலாறு / சரித்திரம்,Tamil,https://projectmadurai.org/pm_etexts/pdf/pm1015_02.pdf,https://projectmadurai.org/pm_etexts/utf8/pmuni1015_02.html,True,AUTO_DOWNLOAD_PERMISSION_BEFORE_REDISTRIBUTION,CONTACT_PROJECT_COORDINATORS_AND_RETAIN_HEADERS,pmadurai@gmail.com,Freeze all available formats; preserve each header; request confirmation before Devam online redistribution and commercial use.,https://projectmadurai.org/pmworks.html
PM-1016_01-1190,1016_01,"தக்கயாகப்பரணி - மூலமும் உரையும் பாகம் 1 (முகவுரை, பாடல்கள் 1-102)",ஒட்டக்கூத்தர்,பிரபந்தம் - பரணி,Tamil,https://projectmadurai.org/pm_etexts/pdf/pm1016_01.pdf,https://projectmadurai.org/pm_etexts/utf8/pmuni1016_01.html,True,AUTO_DOWNLOAD_PERMISSION_BEFORE_REDISTRIBUTION,CONTACT_PROJECT_COORDINATORS_AND_RETAIN_HEADERS,pmadurai@gmail.com,Freeze all available formats; preserve each header; request confirmation before Devam online redistribution and commercial use.,https://projectmadurai.org/pmworks.html
PM-1016_02-1191,1016_02,தக்கயாகப்பரணி - மூலமும் உரையும் பாகம் 2 (பாடல்கள் 103-400),ஒட்டக்கூத்தர்,பிரபந்தம் - பரணி,Tamil,https://projectmadurai.org/pm_etexts/pdf/pm1016_02.pdf,https://projectmadurai.org/pm_etexts/utf8/pmuni1016_02.html,True,AUTO_DOWNLOAD_PERMISSION_BEFORE_REDISTRIBUTION,CONTACT_PROJECT_COORDINATORS_AND_RETAIN_HEADERS,pmadurai@gmail.com,Freeze all available formats; preserve each header; request confirmation before Devam online redistribution and commercial use.,https://projectmadurai.org/pmworks.html
PM-1017_01-1192,1017_01,நாயன்மார் கதை (மூன்றாம் பகுதி),கி. வா. ஜகந்நாதன்,வரலாறு / சரித்திரம்,Tamil,https://projectmadurai.org/pm_etexts/pdf/pm1017_01.pdf,https://projectmadurai.org/pm_etexts/utf8/pmuni1017_01.html,True,AUTO_DOWNLOAD_PERMISSION_BEFORE_REDISTRIBUTION,CONTACT_PROJECT_COORDINATORS_AND_RETAIN_HEADERS,pmadurai@gmail.com,Freeze all available formats; preserve each header; request confirmation before Devam online redistribution and commercial use.,https://projectmadurai.org/pmworks.html
PM-1017_02-1193,1017_02,நாயன்மார் கதை (நான்காம் பகுதி),கி. வா. ஜகந்நாதன்,வரலாறு / சரித்திரம்,Tamil,https://projectmadurai.org/pm_etexts/pdf/pm1017_02.pdf,https://projectmadurai.org/pm_etexts/utf8/pmuni1017_02.html,True,AUTO_DOWNLOAD_PERMISSION_BEFORE_REDISTRIBUTION,CONTACT_PROJECT_COORDINATORS_AND_RETAIN_HEADERS,pmadurai@gmail.com,Freeze all available formats; preserve each header; request confirmation before Devam online redistribution and commercial use.,https://projectmadurai.org/pmworks.html
PM-1018_01-1194,1018_01,"மதுரை மீனாட்சியம்மன், சோமசுந்தரக் கடவுள் பேரில் அடிமடக்கு ஆசிரிய விருத்தம்",திருப்போரூர் கோபால் நாயகர் அவர்களாற்றமது,பிரபந்தம் - விருத்தம்,Tamil,https://projectmadurai.org/pm_etexts/pdf/pm1018_01.pdf,https://projectmadurai.org/pm_etexts/utf8/pmuni1018_01.html,True,AUTO_DOWNLOAD_PERMISSION_BEFORE_REDISTRIBUTION,CONTACT_PROJECT_COORDINATORS_AND_RETAIN_HEADERS,pmadurai@gmail.com,Freeze all available formats; preserve each header; request confirmation before Devam online redistribution and commercial use.,https://projectmadurai.org/pmworks.html
PM-1018_02-1195,1018_02,காஞ்சிபுரம் செங்குந்தர் காமாட்சி அம்மன் விருத்தம்,திருவாலங்காடு ஆறுமுக சுவாமிகள் தொகுப்பு,பிரபந்தம் - விருத்தம்,Tamil,https://projectmadurai.org/pm_etexts/pdf/pm1018_02.pdf,https://projectmadurai.org/pm_etexts/utf8/pmuni1018_02.html,True,AUTO_DOWNLOAD_PERMISSION_BEFORE_REDISTRIBUTION,CONTACT_PROJECT_COORDINATORS_AND_RETAIN_HEADERS,pmadurai@gmail.com,Freeze all available formats; preserve each header; request confirmation before Devam online redistribution and commercial use.,https://projectmadurai.org/pmworks.html
PM-1018_03-1196,1018_03,திருப்போரூர் - மயில் விருத்தம்,திருநின்றையூர் அருணாசல சுவாமிகள் தொகுப்பு,பிரபந்தம் - விருத்தம்,Tamil,https://projectmadurai.org/pm_etexts/pdf/pm1018_03.pdf,https://projectmadurai.org/pm_etexts/utf8/pmuni1018_03.html,True,AUTO_DOWNLOAD_PERMISSION_BEFORE_REDISTRIBUTION,CONTACT_PROJECT_COORDINATORS_AND_RETAIN_HEADERS,pmadurai@gmail.com,Freeze all available formats; preserve each header; request confirmation before Devam online redistribution and commercial use.,https://projectmadurai.org/pmworks.html
PM-1019-1197,1019,எழில் விருத்தம்,புதுமைக் கவிஞர் கவிஞரேறு வாணிதாசன்,கவிதைத் தொகுப்பு,Tamil,https://projectmadurai.org/pm_etexts/pdf/pm1019.pdf,https://projectmadurai.org/pm_etexts/utf8/pmuni1019.html,True,AUTO_DOWNLOAD_PERMISSION_BEFORE_REDISTRIBUTION,CONTACT_PROJECT_COORDINATORS_AND_RETAIN_HEADERS,pmadurai@gmail.com,Freeze all available formats; preserve each header; request confirmation before Devam online redistribution and commercial use.,https://projectmadurai.org/pmworks.html
PM-1020-1198,1020,யாழ்ப்பாணம் சுதுமலை ஸ்ரீ புவனேஸ்வரி அம்மை பிள்ளைத்தமிழ்,பண்டிதர் கந்தையா,பிரபந்தம் - பிள்ளைத்தமிழ்,Tamil,https://projectmadurai.org/pm_etexts/pdf/pm1020.pdf,https://projectmadurai.org/pm_etexts/utf8/pmuni1020.html,True,AUTO_DOWNLOAD_PERMISSION_BEFORE_REDISTRIBUTION,CONTACT_PROJECT_COORDINATORS_AND_RETAIN_HEADERS,pmadurai@gmail.com,Freeze all available formats; preserve each header; request confirmation before Devam online redistribution and commercial use.,https://projectmadurai.org/pmworks.html
PM-1021-1199,1021,விருத்தாசலம் பெரிய நாயகி அம்மன் பிள்ளைத்தமிழ்,சொக்கலிங்க சிவப்பிரகாச சுவாமிகள்,பிரபந்தம் - பிள்ளைத்தமிழ்,Tamil,https://projectmadurai.org/pm_etexts/pdf/pm1021.pdf,https://projectmadurai.org/pm_etexts/utf8/pmuni1021.html,True,AUTO_DOWNLOAD_PERMISSION_BEFORE_REDISTRIBUTION,CONTACT_PROJECT_COORDINATORS_AND_RETAIN_HEADERS,pmadurai@gmail.com,Freeze all available formats; preserve each header; request confirmation before Devam online redistribution and commercial use.,https://projectmadurai.org/pmworks.html
PM-1022-1200,1022,பழைய கணக்கு (கட்டுரைகள் தொகுப்பு),சாவி (சா. விசுவநாதன்),கட்டுரைகள் தொகுப்பு,Tamil,https://projectmadurai.org/pm_etexts/pdf/pm1022.pdf,https://projectmadurai.org/pm_etexts/utf8/pmuni1022.html,True,AUTO_DOWNLOAD_PERMISSION_BEFORE_REDISTRIBUTION,CONTACT_PROJECT_COORDINATORS_AND_RETAIN_HEADERS,pmadurai@gmail.com,Freeze all available formats; preserve each header; request confirmation before Devam online redistribution and commercial use.,https://projectmadurai.org/pmworks.html
PM-1023-1201,1023,ஓ! ஓ! தமிழர்களே (சொற்பொழிவு நூல்),பாவலரேறு பெருஞ்சித்திரனர்,சொற்பொழிவு நூல்,Tamil,https://projectmadurai.org/pm_etexts/pdf/pm1023.pdf,https://projectmadurai.org/pm_etexts/utf8/pmuni1023.html,True,AUTO_DOWNLOAD_PERMISSION_BEFORE_REDISTRIBUTION,CONTACT_PROJECT_COORDINATORS_AND_RETAIN_HEADERS,pmadurai@gmail.com,Freeze all available formats; preserve each header; request confirmation before Devam online redistribution and commercial use.,https://projectmadurai.org/pmworks.html
PM-1024-1202,1024,திருச்செந்தூர் முருகன் பிள்ளைத்தமிழ்,பகழிக் கூத்தர் (புன்னைவனநாத முதலியார் உரையுடன்),பிரபந்தம் - பிள்ளைத்தமிழ்,Tamil,https://projectmadurai.org/pm_etexts/pdf/pm1024.pdf,https://projectmadurai.org/pm_etexts/utf8/pmuni1024.html,True,AUTO_DOWNLOAD_PERMISSION_BEFORE_REDISTRIBUTION,CONTACT_PROJECT_COORDINATORS_AND_RETAIN_HEADERS,pmadurai@gmail.com,Freeze all available formats; preserve each header; request confirmation before Devam online redistribution and commercial use.,https://projectmadurai.org/pmworks.html
PM-1025-1203,1025,வீரமாமுனிவர் கலம்பகம்,துரை சுந்தரமூர்த்தி,பிரபந்தம் - கலம்பகம்,Tamil,https://projectmadurai.org/pm_etexts/pdf/pm1025.pdf,https://projectmadurai.org/pm_etexts/utf8/pmuni1025.html,True,AUTO_DOWNLOAD_PERMISSION_BEFORE_REDISTRIBUTION,CONTACT_PROJECT_COORDINATORS_AND_RETAIN_HEADERS,pmadurai@gmail.com,Freeze all available formats; preserve each header; request confirmation before Devam online redistribution and commercial use.,https://projectmadurai.org/pmworks.html
PM-1026-1204,1026,கன்னியாகுமரிப் பகவதி அம்மன் பிள்ளைத் தமிழ்,கணபதி ஆசாரியார்,பிரபந்தம் - பிள்ளைத்தமிழ்,Tamil,https://projectmadurai.org/pm_etexts/pdf/pm1026.pdf,https://projectmadurai.org/pm_etexts/utf8/pmuni1026.html,True,AUTO_DOWNLOAD_PERMISSION_BEFORE_REDISTRIBUTION,CONTACT_PROJECT_COORDINATORS_AND_RETAIN_HEADERS,pmadurai@gmail.com,Freeze all available formats; preserve each header; request confirmation before Devam online redistribution and commercial use.,https://projectmadurai.org/pmworks.html
PM-1027-1205,1027,துரோபதை அம்மானை,புலவர் சொக்கலிங்கம் பதிப்பு,பிரபந்தம் - அம்மானை,Tamil,https://projectmadurai.org/pm_etexts/pdf/pm1027.pdf,https://projectmadurai.org/pm_etexts/utf8/pmuni1027.html,True,AUTO_DOWNLOAD_PERMISSION_BEFORE_REDISTRIBUTION,CONTACT_PROJECT_COORDINATORS_AND_RETAIN_HEADERS,pmadurai@gmail.com,Freeze all available formats; preserve each header; request confirmation before Devam online redistribution and commercial use.,https://projectmadurai.org/pmworks.html
PM-1028-1206,1028,குறுக்குத்துறைக் கலம்பகம் (அருஞ்சொல் விளக்கமுடன்),கவிஞர் சிவதாசன்,பிரபந்தம் - கலம்பகம்,Tamil,https://projectmadurai.org/pm_etexts/pdf/pm1028.pdf,https://projectmadurai.org/pm_etexts/utf8/pmuni1028.html,True,AUTO_DOWNLOAD_PERMISSION_BEFORE_REDISTRIBUTION,CONTACT_PROJECT_COORDINATORS_AND_RETAIN_HEADERS,pmadurai@gmail.com,Freeze all available formats; preserve each header; request confirmation before Devam online redistribution and commercial use.,https://projectmadurai.org/pmworks.html
PM-1029-1207,1029,இலக்கியச் சாறு,செம்மல் வ.சுப. மாணிக்கம்,சொற்பொழிவு /கட்டுரைகள்,Tamil,https://projectmadurai.org/pm_etexts/pdf/pm1029.pdf,https://projectmadurai.org/pm_etexts/utf8/pmuni1029.html,True,AUTO_DOWNLOAD_PERMISSION_BEFORE_REDISTRIBUTION,CONTACT_PROJECT_COORDINATORS_AND_RETAIN_HEADERS,pmadurai@gmail.com,Freeze all available formats; preserve each header; request confirmation before Devam online redistribution and commercial use.,https://projectmadurai.org/pmworks.html
PM-1030-1208,1030,சித்திர புத்திரர் அம்மானை,ஆசிரியர் தெரியவில்லை,பிரபந்தம் - அம்மானை,Tamil,https://projectmadurai.org/pm_etexts/pdf/pm1030.pdf,https://projectmadurai.org/pm_etexts/utf8/pmuni1030.html,True,AUTO_DOWNLOAD_PERMISSION_BEFORE_REDISTRIBUTION,CONTACT_PROJECT_COORDINATORS_AND_RETAIN_HEADERS,pmadurai@gmail.com,Freeze all available formats; preserve each header; request confirmation before Devam online redistribution and commercial use.,https://projectmadurai.org/pmworks.html
PM-1031-1209,1031,மயூரகிரிக் கலம்பகம் குன்றக்குடி கதிரேசன் உரையுடன்,கவிஞர் சிவதாசன்,பிரபந்தம் - கலம்பகம்,Tamil,https://projectmadurai.org/pm_etexts/pdf/pm1031.pdf,https://projectmadurai.org/pm_etexts/utf8/pmuni1031.html,True,AUTO_DOWNLOAD_PERMISSION_BEFORE_REDISTRIBUTION,CONTACT_PROJECT_COORDINATORS_AND_RETAIN_HEADERS,pmadurai@gmail.com,Freeze all available formats; preserve each header; request confirmation before Devam online redistribution and commercial use.,https://projectmadurai.org/pmworks.html
PM-1032-1210,1032,"ஞானரத்தினக் குறவஞ்சி, ஞான ஆனந்தக்களிப்பு",பீர் முஹம்மது ஸாஹிபு ஒலியுல்லா,பிரபந்தம் - குறவஞ்சி,Tamil,https://projectmadurai.org/pm_etexts/pdf/pm1032.pdf,https://projectmadurai.org/pm_etexts/utf8/pmuni1032.html,True,AUTO_DOWNLOAD_PERMISSION_BEFORE_REDISTRIBUTION,CONTACT_PROJECT_COORDINATORS_AND_RETAIN_HEADERS,pmadurai@gmail.com,Freeze all available formats; preserve each header; request confirmation before Devam online redistribution and commercial use.,https://projectmadurai.org/pmworks.html
PM-1033-1211,1033,செந்தமிழ் ஆற்றுப் படை,புலவர் சுந்தர சண்முகனார்,பிரபந்தம் - ஆற்றுப் படை,Tamil,https://projectmadurai.org/pm_etexts/pdf/pm1033.pdf,https://projectmadurai.org/pm_etexts/utf8/pmuni1033.html,True,AUTO_DOWNLOAD_PERMISSION_BEFORE_REDISTRIBUTION,CONTACT_PROJECT_COORDINATORS_AND_RETAIN_HEADERS,pmadurai@gmail.com,Freeze all available formats; preserve each header; request confirmation before Devam online redistribution and commercial use.,https://projectmadurai.org/pmworks.html
PM-1034-1212,1034,நான் கண்டதும் கேட்டதும்,உ.வே. சாமிநாதையர்,"கட்டுரைகள், வரலாறு",Tamil,https://projectmadurai.org/pm_etexts/pdf/pm1034.pdf,https://projectmadurai.org/pm_etexts/utf8/pmuni1034.html,True,AUTO_DOWNLOAD_PERMISSION_BEFORE_REDISTRIBUTION,CONTACT_PROJECT_COORDINATORS_AND_RETAIN_HEADERS,pmadurai@gmail.com,Freeze all available formats; preserve each header; request confirmation before Devam online redistribution and commercial use.,https://projectmadurai.org/pmworks.html
PM-1035-1213,1035,புதியதும் பழையதும்,உ.வே. சாமிநாதையர்,"கட்டுரைகள், வரலாறு",Tamil,https://projectmadurai.org/pm_etexts/pdf/pm1035.pdf,https://projectmadurai.org/pm_etexts/utf8/pmuni1035.html,True,AUTO_DOWNLOAD_PERMISSION_BEFORE_REDISTRIBUTION,CONTACT_PROJECT_COORDINATORS_AND_RETAIN_HEADERS,pmadurai@gmail.com,Freeze all available formats; preserve each header; request confirmation before Devam online redistribution and commercial use.,https://projectmadurai.org/pmworks.html
PM-1036_01-1214,1036_01,செம்மொழிப் புதையல் -- பாகம் 1,சித்தாந்த கலாநிதி ஒளவை துரைசாமி,ஆராய்ச்சிக் கட்டுரைகள்,Tamil,https://projectmadurai.org/pm_etexts/pdf/pm1036_01.pdf,https://projectmadurai.org/pm_etexts/utf8/pmuni1036_01.html,True,AUTO_DOWNLOAD_PERMISSION_BEFORE_REDISTRIBUTION,CONTACT_PROJECT_COORDINATORS_AND_RETAIN_HEADERS,pmadurai@gmail.com,Freeze all available formats; preserve each header; request confirmation before Devam online redistribution and commercial use.,https://projectmadurai.org/pmworks.html
PM-1036_02-1215,1036_02,செம்மொழிப் புதையல் -- பாகம் 2,சித்தாந்த கலாநிதி ஒளவை துரைசாமி,ஆராய்ச்சிக் கட்டுரைகள்,Tamil,https://projectmadurai.org/pm_etexts/pdf/pm1036_02.pdf,https://projectmadurai.org/pm_etexts/utf8/pmuni1036_02.html,True,AUTO_DOWNLOAD_PERMISSION_BEFORE_REDISTRIBUTION,CONTACT_PROJECT_COORDINATORS_AND_RETAIN_HEADERS,pmadurai@gmail.com,Freeze all available formats; preserve each header; request confirmation before Devam online redistribution and commercial use.,https://projectmadurai.org/pmworks.html
PM-1037_01-1216,1037_01,திருநெல்லைத் திருப்பணிமாலை,திருநெல்வேலி இ. சங்கரன்,பிரபந்தம் - மாலை,Tamil,https://projectmadurai.org/pm_etexts/pdf/pm1037_01.pdf,https://projectmadurai.org/pm_etexts/utf8/pmuni1037_01.html,True,AUTO_DOWNLOAD_PERMISSION_BEFORE_REDISTRIBUTION,CONTACT_PROJECT_COORDINATORS_AND_RETAIN_HEADERS,pmadurai@gmail.com,Freeze all available formats; preserve each header; request confirmation before Devam online redistribution and commercial use.,https://projectmadurai.org/pmworks.html
PM-1037_02-1217,1037_02,"மரகத வல்லி மாலை, வஞ்சுள வல்லியேசல்",ஆசிரியர் தெரியவில்லை,பிரபந்தம் - மாலை,Tamil,https://projectmadurai.org/pm_etexts/pdf/pm1037_02.pdf,https://projectmadurai.org/pm_etexts/utf8/pmuni1037_02.html,True,AUTO_DOWNLOAD_PERMISSION_BEFORE_REDISTRIBUTION,CONTACT_PROJECT_COORDINATORS_AND_RETAIN_HEADERS,pmadurai@gmail.com,Freeze all available formats; preserve each header; request confirmation before Devam online redistribution and commercial use.,https://projectmadurai.org/pmworks.html
PM-1038-1218,1038,தக்கயாகப் பரணி - பாகம் 3 (பாடல்கள் 401-814) மூலமும் & உ. வே. சாமிநாதையர் உரையும்,"ஒட்டக்கூத்தர் , உ. வே. சாமிநாதையர்",பிரபந்தம் - பரணி,Tamil,https://projectmadurai.org/pm_etexts/pdf/pm1038.pdf,https://projectmadurai.org/pm_etexts/utf8/pmuni1038.html,True,AUTO_DOWNLOAD_PERMISSION_BEFORE_REDISTRIBUTION,CONTACT_PROJECT_COORDINATORS_AND_RETAIN_HEADERS,pmadurai@gmail.com,Freeze all available formats; preserve each header; request confirmation before Devam online redistribution and commercial use.,https://projectmadurai.org/pmworks.html
PM-1039-1219,1039,திருத்தணிகை முருகன் பிள்ளைத்தமிழ்,ஈ. வே. வெங்கடசுப்ரமணியம்,பிரபந்தம் - பிள்ளைத்தமிழ்,Tamil,https://projectmadurai.org/pm_etexts/pdf/pm1039.pdf,https://projectmadurai.org/pm_etexts/utf8/pmuni1039.html,True,AUTO_DOWNLOAD_PERMISSION_BEFORE_REDISTRIBUTION,CONTACT_PROJECT_COORDINATORS_AND_RETAIN_HEADERS,pmadurai@gmail.com,Freeze all available formats; preserve each header; request confirmation before Devam online redistribution and commercial use.,https://projectmadurai.org/pmworks.html
PM-1040_01-1220,1040_01,"குன்றக்குடி என வழங்கும் ""மயூரகிரிக் கோவை - பாகம் 1 (1-239)",சாந்துப்புலவர்,பிரபந்தம் - கோவை,Tamil,https://projectmadurai.org/pm_etexts/pdf/pm1040_01.pdf,https://projectmadurai.org/pm_etexts/utf8/pmuni1040_01.html,True,AUTO_DOWNLOAD_PERMISSION_BEFORE_REDISTRIBUTION,CONTACT_PROJECT_COORDINATORS_AND_RETAIN_HEADERS,pmadurai@gmail.com,Freeze all available formats; preserve each header; request confirmation before Devam online redistribution and commercial use.,https://projectmadurai.org/pmworks.html
PM-1040_02-1221,1040_02,"குன்றக்குடி என வழங்கும் ""மயூரகிரிக் கோவை - பாகம் 2 (240-536)",சாந்துப்புலவர்,பிரபந்தம் - கோவை,Tamil,https://projectmadurai.org/pm_etexts/pdf/pm1040_02.pdf,https://projectmadurai.org/pm_etexts/utf8/pmuni1040_02.html,True,AUTO_DOWNLOAD_PERMISSION_BEFORE_REDISTRIBUTION,CONTACT_PROJECT_COORDINATORS_AND_RETAIN_HEADERS,pmadurai@gmail.com,Freeze all available formats; preserve each header; request confirmation before Devam online redistribution and commercial use.,https://projectmadurai.org/pmworks.html
PM-1041-1222,1041,"மாலைத் தொகுப்பு : 1. திரிபுரை மாலை; 2. மனோன்மணி மாலை, 3. பழனி மாலை & 4. கும்பேச்சுர மாலை",ஈ. வே. வெங்கடசுப்ரமணியம்,பிரபந்தம் - மாலை,Tamil,https://projectmadurai.org/pm_etexts/pdf/pm1041.pdf,https://projectmadurai.org/pm_etexts/utf8/pmuni1041.html,True,AUTO_DOWNLOAD_PERMISSION_BEFORE_REDISTRIBUTION,CONTACT_PROJECT_COORDINATORS_AND_RETAIN_HEADERS,pmadurai@gmail.com,Freeze all available formats; preserve each header; request confirmation before Devam online redistribution and commercial use.,https://projectmadurai.org/pmworks.html
PM-1042_01-1223,1042_01,சதமணி மாலை,துறைமங்கலம் சிவப்பிரகாச சுவாமிகள்,பிரபந்தம் - மாலை,Tamil,https://projectmadurai.org/pm_etexts/pdf/pm1042_01.pdf,https://projectmadurai.org/pm_etexts/utf8/pmuni1042_01.html,True,AUTO_DOWNLOAD_PERMISSION_BEFORE_REDISTRIBUTION,CONTACT_PROJECT_COORDINATORS_AND_RETAIN_HEADERS,pmadurai@gmail.com,Freeze all available formats; preserve each header; request confirmation before Devam online redistribution and commercial use.,https://projectmadurai.org/pmworks.html
PM-1042_02-1224,1042_02,பழமலைநாதர் பிச்சாடண நவமணி மாலை,துறைமங்கலம் சிவப்பிரகாச சுவாமிகள்,பிரபந்தம் - மாலை,Tamil,https://projectmadurai.org/pm_etexts/pdf/pm1042_02.pdf,https://projectmadurai.org/pm_etexts/utf8/pmuni1042_02.html,True,AUTO_DOWNLOAD_PERMISSION_BEFORE_REDISTRIBUTION,CONTACT_PROJECT_COORDINATORS_AND_RETAIN_HEADERS,pmadurai@gmail.com,Freeze all available formats; preserve each header; request confirmation before Devam online redistribution and commercial use.,https://projectmadurai.org/pmworks.html
PM-1043_01-1225,1043_01,திருநின்றவூர் என்னைப் பெற்றதாயார் மாலை பிரபந்தத் திரட்டு - பாகம் 10,பள்ளிகொண்டான் பிள்ளை,பிரபந்தம் - மாலை,Tamil,https://projectmadurai.org/pm_etexts/pdf/pm1043_01.pdf,https://projectmadurai.org/pm_etexts/utf8/pmuni1043_01.html,True,AUTO_DOWNLOAD_PERMISSION_BEFORE_REDISTRIBUTION,CONTACT_PROJECT_COORDINATORS_AND_RETAIN_HEADERS,pmadurai@gmail.com,Freeze all available formats; preserve each header; request confirmation before Devam online redistribution and commercial use.,https://projectmadurai.org/pmworks.html
PM-1043_02-1226,1043_02,திருவெவ்வுளூர் கனகவல்லித்தாயார் மாலை பிரபந்தத் திரட்டு - பாகம் 11,பள்ளிகொண்டான் பிள்ளை,பிரபந்தம் - மாலை,Tamil,https://projectmadurai.org/pm_etexts/pdf/pm1043_02.pdf,https://projectmadurai.org/pm_etexts/utf8/pmuni1043_02.html,True,AUTO_DOWNLOAD_PERMISSION_BEFORE_REDISTRIBUTION,CONTACT_PROJECT_COORDINATORS_AND_RETAIN_HEADERS,pmadurai@gmail.com,Freeze all available formats; preserve each header; request confirmation before Devam online redistribution and commercial use.,https://projectmadurai.org/pmworks.html
PM-1044_01-1227,1044_01,அத்திகிரிப் பெருந்தேவித்தாயார் மாலை. பிரபந்தத் திரட்டு - பாகம் 12,பள்ளிகொண்டான் பிள்ளை,பிரபந்தம் - மாலை,Tamil,https://projectmadurai.org/pm_etexts/pdf/pm1044_01.pdf,https://projectmadurai.org/pm_etexts/utf8/pmuni1044_01.html,True,AUTO_DOWNLOAD_PERMISSION_BEFORE_REDISTRIBUTION,CONTACT_PROJECT_COORDINATORS_AND_RETAIN_HEADERS,pmadurai@gmail.com,Freeze all available formats; preserve each header; request confirmation before Devam online redistribution and commercial use.,https://projectmadurai.org/pmworks.html
PM-1044_02-1228,1044_02,திருச்சுகனூர் அலர்மேன் மங்கைத்தாயார் மாலை பிரபந்தத் திரட்டு - பாகம் 13,பள்ளிகொண்டான் பிள்ளை,பிரபந்தம் - மாலை,Tamil,https://projectmadurai.org/pm_etexts/pdf/pm1044_02.pdf,https://projectmadurai.org/pm_etexts/utf8/pmuni1044_02.html,True,AUTO_DOWNLOAD_PERMISSION_BEFORE_REDISTRIBUTION,CONTACT_PROJECT_COORDINATORS_AND_RETAIN_HEADERS,pmadurai@gmail.com,Freeze all available formats; preserve each header; request confirmation before Devam online redistribution and commercial use.,https://projectmadurai.org/pmworks.html
PM-1045_01-1229,1045_01,அரங்கநகரன்னை யடைக்கல மாலை பிரபந்தத் திரட்டு - பாகம் 14,பள்ளிகொண்டான் பிள்ளை,பிரபந்தம் - மாலை,Tamil,https://projectmadurai.org/pm_etexts/pdf/pm1045_01.pdf,https://projectmadurai.org/pm_etexts/utf8/pmuni1045_01.html,True,AUTO_DOWNLOAD_PERMISSION_BEFORE_REDISTRIBUTION,CONTACT_PROJECT_COORDINATORS_AND_RETAIN_HEADERS,pmadurai@gmail.com,Freeze all available formats; preserve each header; request confirmation before Devam online redistribution and commercial use.,https://projectmadurai.org/pmworks.html
PM-1045_02-1230,1045_02,திருவல்லிக்கேணிப் பார்த்தசாரதிப்பரஞ்சுடர் மாலை. பிரபந்தத் திரட்டு - பாகம் 15,பள்ளிகொண்டான் பிள்ளை,பிரபந்தம் - மாலை,Tamil,https://projectmadurai.org/pm_etexts/pdf/pm1045_02.pdf,https://projectmadurai.org/pm_etexts/utf8/pmuni1045_02.html,True,AUTO_DOWNLOAD_PERMISSION_BEFORE_REDISTRIBUTION,CONTACT_PROJECT_COORDINATORS_AND_RETAIN_HEADERS,pmadurai@gmail.com,Freeze all available formats; preserve each header; request confirmation before Devam online redistribution and commercial use.,https://projectmadurai.org/pmworks.html
PM-1046-1231,1046,விவேக சிந்தாமணி : மூலமும் உரையும்,நூலின் ஆசிரியர் யார் என்பது தெரியாது,நீதிநெறி நூல்கள்,Tamil,https://projectmadurai.org/pm_etexts/pdf/pm1046.pdf,https://projectmadurai.org/pm_etexts/utf8/pmuni1046.html,True,AUTO_DOWNLOAD_PERMISSION_BEFORE_REDISTRIBUTION,CONTACT_PROJECT_COORDINATORS_AND_RETAIN_HEADERS,pmadurai@gmail.com,Freeze all available formats; preserve each header; request confirmation before Devam online redistribution and commercial use.,https://projectmadurai.org/pmworks.html
PM-1047-1232,1047,குறுக்குத்துறை குமரன் பிள்ளைத்தமிழ்,வித்துவான் தி.சு. ஆறுமுகம்,பிரபந்தம் - பிள்ளைத்தமிழ்,Tamil,https://projectmadurai.org/pm_etexts/pdf/pm1047.pdf,https://projectmadurai.org/pm_etexts/utf8/pmuni1047.html,True,AUTO_DOWNLOAD_PERMISSION_BEFORE_REDISTRIBUTION,CONTACT_PROJECT_COORDINATORS_AND_RETAIN_HEADERS,pmadurai@gmail.com,Freeze all available formats; preserve each header; request confirmation before Devam online redistribution and commercial use.,https://projectmadurai.org/pmworks.html
PM-1048-1233,1048,திருப்புக்கொளியூர் அவிநாசிப் பெருங்கருணையம்மை பிள்ளைத்தமிழ்,கோயமுத்தூர் சுப்பிரமணிய முதலியார்,பிரபந்தம் - பிள்ளைத்தமிழ்,Tamil,https://projectmadurai.org/pm_etexts/pdf/pm1048.pdf,https://projectmadurai.org/pm_etexts/utf8/pmuni1048.html,True,AUTO_DOWNLOAD_PERMISSION_BEFORE_REDISTRIBUTION,CONTACT_PROJECT_COORDINATORS_AND_RETAIN_HEADERS,pmadurai@gmail.com,Freeze all available formats; preserve each header; request confirmation before Devam online redistribution and commercial use.,https://projectmadurai.org/pmworks.html
PM-1049-1234,1049,செம்பொன் அந்தாதி,தண்டபாணி சுவாமிகள்,பிரபந்தம் - அந்தாதி,Tamil,https://projectmadurai.org/pm_etexts/pdf/pm1049.pdf,https://projectmadurai.org/pm_etexts/utf8/pmuni1049.html,True,AUTO_DOWNLOAD_PERMISSION_BEFORE_REDISTRIBUTION,CONTACT_PROJECT_COORDINATORS_AND_RETAIN_HEADERS,pmadurai@gmail.com,Freeze all available formats; preserve each header; request confirmation before Devam online redistribution and commercial use.,https://projectmadurai.org/pmworks.html
PM-1050_01-1235,1050_01,திருவல்லிக்கேணிப் பார்த்தசாரதி மாயவன் மாலை பிரபந்தத் திரட்டு - பாகம் 16,பள்ளிகொண்டான் பிள்ளை,பிரபந்தம் - மாலை,Tamil,https://projectmadurai.org/pm_etexts/pdf/pm1050_01.pdf,https://projectmadurai.org/pm_etexts/utf8/pmuni1050_01.html,True,AUTO_DOWNLOAD_PERMISSION_BEFORE_REDISTRIBUTION,CONTACT_PROJECT_COORDINATORS_AND_RETAIN_HEADERS,pmadurai@gmail.com,Freeze all available formats; preserve each header; request confirmation before Devam online redistribution and commercial use.,https://projectmadurai.org/pmworks.html
PM-1050_02-1236,1050_02,திருவல்லிக்கேணிப் பார்த்தசாரதிப் பெருமான் மாலை பிரபந்தத் திரட்டு - பாகம் 17,பள்ளிகொண்டான் பிள்ளை,பிரபந்தம் - மாலை,Tamil,https://projectmadurai.org/pm_etexts/pdf/pm1050_02.pdf,https://projectmadurai.org/pm_etexts/utf8/pmuni1050_02.html,True,AUTO_DOWNLOAD_PERMISSION_BEFORE_REDISTRIBUTION,CONTACT_PROJECT_COORDINATORS_AND_RETAIN_HEADERS,pmadurai@gmail.com,Freeze all available formats; preserve each header; request confirmation before Devam online redistribution and commercial use.,https://projectmadurai.org/pmworks.html
PM-1051_01-1237,1051_01,திருவெவ்வுளூர் வீரராகவப்பெருமான் மாலை பிரபந்தத் திரட்டு - பாகம் 18,பள்ளிகொண்டான் பிள்ளை,பிரபந்தம் - மாலை,Tamil,https://projectmadurai.org/pm_etexts/pdf/pm1051_01.pdf,https://projectmadurai.org/pm_etexts/utf8/pmuni1051_01.html,True,AUTO_DOWNLOAD_PERMISSION_BEFORE_REDISTRIBUTION,CONTACT_PROJECT_COORDINATORS_AND_RETAIN_HEADERS,pmadurai@gmail.com,Freeze all available formats; preserve each header; request confirmation before Devam online redistribution and commercial use.,https://projectmadurai.org/pmworks.html
PM-1051_02-1238,1051_02,அத்திகிரி யந்தாதி பிரபந்தத் திரட்டு - பாகம் 19,பள்ளிகொண்டான் பிள்ளை,பிரபந்தம் - அந்தாதி,Tamil,https://projectmadurai.org/pm_etexts/pdf/pm1051_02.pdf,https://projectmadurai.org/pm_etexts/utf8/pmuni1051_02.html,True,AUTO_DOWNLOAD_PERMISSION_BEFORE_REDISTRIBUTION,CONTACT_PROJECT_COORDINATORS_AND_RETAIN_HEADERS,pmadurai@gmail.com,Freeze all available formats; preserve each header; request confirmation before Devam online redistribution and commercial use.,https://projectmadurai.org/pmworks.html
PM-1052_01-1239,1052_01,சேடகிரி யந்தாதி பிரபந்தத் திரட்டு - பாகம் 20,பள்ளிகொண்டான் பிள்ளை,பிரபந்தம் - அந்தாதி,Tamil,https://projectmadurai.org/pm_etexts/pdf/pm1052_01.pdf,https://projectmadurai.org/pm_etexts/utf8/pmuni1052_01.html,True,AUTO_DOWNLOAD_PERMISSION_BEFORE_REDISTRIBUTION,CONTACT_PROJECT_COORDINATORS_AND_RETAIN_HEADERS,pmadurai@gmail.com,Freeze all available formats; preserve each header; request confirmation before Devam online redistribution and commercial use.,https://projectmadurai.org/pmworks.html
PM-1052_02-1240,1052_02,அரங்கநகரப் பனடிப் புகழ்ச்சிமாலை பிரபந்தத் திரட்டு - பாகம் 21,பள்ளிகொண்டான் பிள்ளை,பிரபந்தம் - மாலை,Tamil,https://projectmadurai.org/pm_etexts/pdf/pm1052_02.pdf,https://projectmadurai.org/pm_etexts/utf8/pmuni1052_02.html,True,AUTO_DOWNLOAD_PERMISSION_BEFORE_REDISTRIBUTION,CONTACT_PROJECT_COORDINATORS_AND_RETAIN_HEADERS,pmadurai@gmail.com,Freeze all available formats; preserve each header; request confirmation before Devam online redistribution and commercial use.,https://projectmadurai.org/pmworks.html
PM-1052_03-1241,1052_03,தொண்டை நாட்டுத் திருப்பதிப் பஞ்சரத்தினங்கள் பிரபந்தத் திரட்டு - பாகம் 22,பள்ளிகொண்டான் பிள்ளை,பிரபந்தம் - பஞ்சரத்தினங்கள்,Tamil,https://projectmadurai.org/pm_etexts/pdf/pm1052_03.pdf,https://projectmadurai.org/pm_etexts/utf8/pmuni1052_03.html,True,AUTO_DOWNLOAD_PERMISSION_BEFORE_REDISTRIBUTION,CONTACT_PROJECT_COORDINATORS_AND_RETAIN_HEADERS,pmadurai@gmail.com,Freeze all available formats; preserve each header; request confirmation before Devam online redistribution and commercial use.,https://projectmadurai.org/pmworks.html
PM-1053-1242,1053,தணிகைக் கலம்பகம்,கந்தப்ப தேசிகர்,பிரபந்தம் - கலம்பகம்,Tamil,https://projectmadurai.org/pm_etexts/pdf/pm1053.pdf,https://projectmadurai.org/pm_etexts/utf8/pmuni1053.html,True,AUTO_DOWNLOAD_PERMISSION_BEFORE_REDISTRIBUTION,CONTACT_PROJECT_COORDINATORS_AND_RETAIN_HEADERS,pmadurai@gmail.com,Freeze all available formats; preserve each header; request confirmation before Devam online redistribution and commercial use.,https://projectmadurai.org/pmworks.html
PM-1054 (in 2 parts)-1243,1054 (in 2 parts),"பாவநாசம் என்னும் சிங்கைப் பிரபந்தத் திரட்டு பாகம் 1, 2",நமச்சிவாயக் கவிராயர்,பிரபந்தம் - திரட்டு,Tamil,https://projectmadurai.org/pm_etexts/pdf/pm1054_01.pdf | https://projectmadurai.org/pm_etexts/pdf/pm1054_02.pdf,https://projectmadurai.org/pm_etexts/utf8/pmuni1054_01.html | https://projectmadurai.org/pm_etexts/utf8/pmuni1054_02.html,True,AUTO_DOWNLOAD_PERMISSION_BEFORE_REDISTRIBUTION,CONTACT_PROJECT_COORDINATORS_AND_RETAIN_HEADERS,pmadurai@gmail.com,Freeze all available formats; preserve each header; request confirmation before Devam online redistribution and commercial use.,https://projectmadurai.org/pmworks.html
PM-1055-1244,1055,திருக்கண்ணமங்கை மாலை,வீரராகவ முதலியார்,பிரபந்தம் - மாலை,Tamil,https://projectmadurai.org/pm_etexts/pdf/pm1055.pdf,https://projectmadurai.org/pm_etexts/utf8/pmuni1055.html,True,AUTO_DOWNLOAD_PERMISSION_BEFORE_REDISTRIBUTION,CONTACT_PROJECT_COORDINATORS_AND_RETAIN_HEADERS,pmadurai@gmail.com,Freeze all available formats; preserve each header; request confirmation before Devam online redistribution and commercial use.,https://projectmadurai.org/pmworks.html
PM-1056 (in 3 parts)-1245,1056 (in 3 parts),அந்தாதிக் கொத்து பாகம் 1 (3 அந்தாதிகள்),சந்திரசேகரன் தொகுப்பு,பிரபந்தம் - அந்தாதி,Tamil,https://projectmadurai.org/pm_etexts/pdf/pm1056_01.pdf | https://projectmadurai.org/pm_etexts/pdf/pm1056_02.pdf | https://projectmadurai.org/pm_etexts/pdf/pm1056_03.pdf,https://projectmadurai.org/pm_etexts/utf8/pmuni1056_01.html | https://projectmadurai.org/pm_etexts/utf8/pmuni1056_02.html | https://projectmadurai.org/pm_etexts/utf8/pmuni1056_03.html,True,AUTO_DOWNLOAD_PERMISSION_BEFORE_REDISTRIBUTION,CONTACT_PROJECT_COORDINATORS_AND_RETAIN_HEADERS,pmadurai@gmail.com,Freeze all available formats; preserve each header; request confirmation before Devam online redistribution and commercial use.,https://projectmadurai.org/pmworks.html
PM-1057-1246,1057,பாண்டியர் வரலாறு,T.V. சதாசிவ பண்டாரத்தார்,வரலாறு,Tamil,https://projectmadurai.org/pm_etexts/pdf/pm1057.pdf,https://projectmadurai.org/pm_etexts/utf8/pmuni1057.html,True,AUTO_DOWNLOAD_PERMISSION_BEFORE_REDISTRIBUTION,CONTACT_PROJECT_COORDINATORS_AND_RETAIN_HEADERS,pmadurai@gmail.com,Freeze all available formats; preserve each header; request confirmation before Devam online redistribution and commercial use.,https://projectmadurai.org/pmworks.html
PM-1058-1247,1058,திருவேங்கட மாயோன் மாலை,ரா. இராகவையங்கார்,பிரபந்தம் - மாலை,Tamil,https://projectmadurai.org/pm_etexts/pdf/pm1058.pdf,https://projectmadurai.org/pm_etexts/utf8/pmuni1058.html,True,AUTO_DOWNLOAD_PERMISSION_BEFORE_REDISTRIBUTION,CONTACT_PROJECT_COORDINATORS_AND_RETAIN_HEADERS,pmadurai@gmail.com,Freeze all available formats; preserve each header; request confirmation before Devam online redistribution and commercial use.,https://projectmadurai.org/pmworks.html
PM-1059 (in 2 parts)-1248,1059 (in 2 parts),"சைவ இலக்கிய வரலாறு (கி.பி. 7 முதல் 10- ம் நூற்றாண்டு வரை - பாகம் 1, 2)",ஔவை. சு. துரைசாமி பிள்ளைர்,வரலாறு,Tamil,https://projectmadurai.org/pm_etexts/pdf/pm1059_01.pdf | https://projectmadurai.org/pm_etexts/pdf/pm1059_02.pdf,https://projectmadurai.org/pm_etexts/utf8/pmuni1059_01.html | https://projectmadurai.org/pm_etexts/utf8/pmuni1059_02.html,True,AUTO_DOWNLOAD_PERMISSION_BEFORE_REDISTRIBUTION,CONTACT_PROJECT_COORDINATORS_AND_RETAIN_HEADERS,pmadurai@gmail.com,Freeze all available formats; preserve each header; request confirmation before Devam online redistribution and commercial use.,https://projectmadurai.org/pmworks.html
PM-1060 (in 3 parts)-1249,1060 (in 3 parts),"தஞ்சைவாணன் கோவை பாகம் 1 (001-140), பாகம் 2 (141-280) பாகம் 3 (281-425 )",பொய்யாமொழிப் புலவர்,பிரபந்தம் - கோவை,Tamil,https://projectmadurai.org/pm_etexts/pdf/pm1060_01.pdf | https://projectmadurai.org/pm_etexts/pdf/pm1060_02.pdf | https://projectmadurai.org/pm_etexts/pdf/pm1060_03.pdf,https://projectmadurai.org/pm_etexts/utf8/pmuni1060_01.html | https://projectmadurai.org/pm_etexts/utf8/pmuni1060_02.html | https://projectmadurai.org/pm_etexts/utf8/pmuni1060_03.html,True,AUTO_DOWNLOAD_PERMISSION_BEFORE_REDISTRIBUTION,CONTACT_PROJECT_COORDINATORS_AND_RETAIN_HEADERS,pmadurai@gmail.com,Freeze all available formats; preserve each header; request confirmation before Devam online redistribution and commercial use.,https://projectmadurai.org/pmworks.html
PM-1061-1250,1061,சிற்‌றிலக்கிய வகைகள்‌,மு. சண்முகம்‌ பிள்ளை,சிற்‌றிலக்கியம் /பிரபந்தம்,Tamil,https://projectmadurai.org/pm_etexts/pdf/pm1061.pdf,https://projectmadurai.org/pm_etexts/utf8/pmuni1061.html,True,AUTO_DOWNLOAD_PERMISSION_BEFORE_REDISTRIBUTION,CONTACT_PROJECT_COORDINATORS_AND_RETAIN_HEADERS,pmadurai@gmail.com,Freeze all available formats; preserve each header; request confirmation before Devam online redistribution and commercial use.,https://projectmadurai.org/pmworks.html
PM-1062-1251,1062,திருச்சிறுபுலியூர் உலா,கி. இராமானுஜன் தொகுப்பு,பிரபந்தம் - உலா,Tamil,https://projectmadurai.org/pm_etexts/pdf/pm1062.pdf,https://projectmadurai.org/pm_etexts/utf8/pmuni1062.html,True,AUTO_DOWNLOAD_PERMISSION_BEFORE_REDISTRIBUTION,CONTACT_PROJECT_COORDINATORS_AND_RETAIN_HEADERS,pmadurai@gmail.com,Freeze all available formats; preserve each header; request confirmation before Devam online redistribution and commercial use.,https://projectmadurai.org/pmworks.html
PM-1063 (in 2 parts)-1252,1063 (in 2 parts),சிலம்போ சிலம்பு! - பாகம் 1 & 2 (சிலப்பதிகாரம் - திறனாய்வு),சுந்தர சண்முகனார்,திறனாய்வு,Tamil,https://projectmadurai.org/pm_etexts/pdf/pm1063_01.pdf | https://projectmadurai.org/pm_etexts/pdf/pm1063_02.pdf,https://projectmadurai.org/pm_etexts/utf8/pmuni1063_01.html | https://projectmadurai.org/pm_etexts/utf8/pmuni1063_02.html,True,AUTO_DOWNLOAD_PERMISSION_BEFORE_REDISTRIBUTION,CONTACT_PROJECT_COORDINATORS_AND_RETAIN_HEADERS,pmadurai@gmail.com,Freeze all available formats; preserve each header; request confirmation before Devam online redistribution and commercial use.,https://projectmadurai.org/pmworks.html
PM-1064 (in 2 parts)-1253,1064 (in 2 parts),திருக்குறள் வசனம் ‌- பாகம் 1 &2,அருணாசலக் கவிராயர்,திறனாய்வு,Tamil,https://projectmadurai.org/pm_etexts/pdf/pm1064_01.pdf | https://projectmadurai.org/pm_etexts/pdf/pm1064_02.pdf,https://projectmadurai.org/pm_etexts/utf8/pmuni1064_01.html | https://projectmadurai.org/pm_etexts/utf8/pmuni1064_02.html,True,AUTO_DOWNLOAD_PERMISSION_BEFORE_REDISTRIBUTION,CONTACT_PROJECT_COORDINATORS_AND_RETAIN_HEADERS,pmadurai@gmail.com,Freeze all available formats; preserve each header; request confirmation before Devam online redistribution and commercial use.,https://projectmadurai.org/pmworks.html
PM-1065 (in 3 parts)-1254,1065 (in 3 parts),"பல்லவர் வரலாறு பாகம் 1, 2 & 3 (அத்தியாயம் 1-26)",மா. இராசமாணிக்கனார்,வரலாறு,Tamil,https://projectmadurai.org/pm_etexts/pdf/pm1065_01.pdf | https://projectmadurai.org/pm_etexts/pdf/pm1065_02.pdf | https://projectmadurai.org/pm_etexts/pdf/pm1065_03.pdf,https://projectmadurai.org/pm_etexts/utf8/pmuni1065_01.html | https://projectmadurai.org/pm_etexts/utf8/pmuni1065_02.html | https://projectmadurai.org/pm_etexts/utf8/pmuni1065_03.html,True,AUTO_DOWNLOAD_PERMISSION_BEFORE_REDISTRIBUTION,CONTACT_PROJECT_COORDINATORS_AND_RETAIN_HEADERS,pmadurai@gmail.com,Freeze all available formats; preserve each header; request confirmation before Devam online redistribution and commercial use.,https://projectmadurai.org/pmworks.html
PM-1066-1255,1066,வள்ளியம்மை அலங்காரம்,சிறுமணவூர் முனிசாமி முதலியார்,பிரபந்தம் - அலங்காரம்,Tamil,https://projectmadurai.org/pm_etexts/pdf/pm1066.pdf,https://projectmadurai.org/pm_etexts/utf8/pmuni1066.html,True,AUTO_DOWNLOAD_PERMISSION_BEFORE_REDISTRIBUTION,CONTACT_PROJECT_COORDINATORS_AND_RETAIN_HEADERS,pmadurai@gmail.com,Freeze all available formats; preserve each header; request confirmation before Devam online redistribution and commercial use.,https://projectmadurai.org/pmworks.html
PM-1067-1256,1067,தமிழகக் கலைகள்,மா. இராசமாணிக்கனார்,திறனாய்வு,Tamil,https://projectmadurai.org/pm_etexts/pdf/pm1067.pdf,https://projectmadurai.org/pm_etexts/utf8/pmuni1067.html,True,AUTO_DOWNLOAD_PERMISSION_BEFORE_REDISTRIBUTION,CONTACT_PROJECT_COORDINATORS_AND_RETAIN_HEADERS,pmadurai@gmail.com,Freeze all available formats; preserve each header; request confirmation before Devam online redistribution and commercial use.,https://projectmadurai.org/pmworks.html
PM-1068-1257,1068,இசுலாமியச் சிற்றிலக்கியங்கள்,ஜே.ஆர். இலட்சுமி,திறனாய்வு,Tamil,https://projectmadurai.org/pm_etexts/pdf/pm1068.pdf,https://projectmadurai.org/pm_etexts/utf8/pmuni1068.html,True,AUTO_DOWNLOAD_PERMISSION_BEFORE_REDISTRIBUTION,CONTACT_PROJECT_COORDINATORS_AND_RETAIN_HEADERS,pmadurai@gmail.com,Freeze all available formats; preserve each header; request confirmation before Devam online redistribution and commercial use.,https://projectmadurai.org/pmworks.html
PM-1069-1258,1069,சுந்தரர் உலா,தேனூர் சொக்கலிங்கன்,பிரபந்தம் - உலா,Tamil,https://projectmadurai.org/pm_etexts/pdf/pm1069.pdf,https://projectmadurai.org/pm_etexts/utf8/pmuni1069.html,True,AUTO_DOWNLOAD_PERMISSION_BEFORE_REDISTRIBUTION,CONTACT_PROJECT_COORDINATORS_AND_RETAIN_HEADERS,pmadurai@gmail.com,Freeze all available formats; preserve each header; request confirmation before Devam online redistribution and commercial use.,https://projectmadurai.org/pmworks.html
PM-1070-1259,1070,கிறிஸ்தவமும் தமிழும்,மயிலை சீனி. வேங்கடசாமி,திறனாய்வு,Tamil,https://projectmadurai.org/pm_etexts/pdf/pm1070.pdf,https://projectmadurai.org/pm_etexts/utf8/pmuni1070.html,True,AUTO_DOWNLOAD_PERMISSION_BEFORE_REDISTRIBUTION,CONTACT_PROJECT_COORDINATORS_AND_RETAIN_HEADERS,pmadurai@gmail.com,Freeze all available formats; preserve each header; request confirmation before Devam online redistribution and commercial use.,https://projectmadurai.org/pmworks.html
PM-1071-1260,1071,திருக்கழுக்குன்றத்து உலா,அந்தகக்கவி வீரராகவ முதலியார்,பிரபந்தம் - உலா,Tamil,https://projectmadurai.org/pm_etexts/pdf/pm1071.pdf,https://projectmadurai.org/pm_etexts/utf8/pmuni1071.html,True,AUTO_DOWNLOAD_PERMISSION_BEFORE_REDISTRIBUTION,CONTACT_PROJECT_COORDINATORS_AND_RETAIN_HEADERS,pmadurai@gmail.com,Freeze all available formats; preserve each header; request confirmation before Devam online redistribution and commercial use.,https://projectmadurai.org/pmworks.html
PM-1072-1261,1072,திருப்பூவணநாதருலா,திருப்பூவணம் கந்தசாமிப் புலவர் இராமசாமிபிள்ளை எழுதிய உரையுடன்,பிரபந்தம் - உலா,Tamil,https://projectmadurai.org/pm_etexts/pdf/pm1072.pdf,https://projectmadurai.org/pm_etexts/utf8/pmuni1072.html,True,AUTO_DOWNLOAD_PERMISSION_BEFORE_REDISTRIBUTION,CONTACT_PROJECT_COORDINATORS_AND_RETAIN_HEADERS,pmadurai@gmail.com,Freeze all available formats; preserve each header; request confirmation before Devam online redistribution and commercial use.,https://projectmadurai.org/pmworks.html
PM-1073-1262,1073,சைவ இலக்கிய வரலாறு (கி.பி. 7 முதல் 10-ம் நூற்றாண்டு வரை - பாகம் 3 & 4),திருப்பூவணம் கந்தசாமிப் புலவர் இராமசாமிபிள்ளை எழுதிய உரையுடன்,வரலாறு,Tamil,https://projectmadurai.org/pm_etexts/pdf/pm1073_01.pdf | https://projectmadurai.org/pm_etexts/pdf/pm1073_02.pdf,https://projectmadurai.org/pm_etexts/utf8/pmuni1073_01.html | https://projectmadurai.org/pm_etexts/utf8/pmuni1073_02.html,True,AUTO_DOWNLOAD_PERMISSION_BEFORE_REDISTRIBUTION,CONTACT_PROJECT_COORDINATORS_AND_RETAIN_HEADERS,pmadurai@gmail.com,Freeze all available formats; preserve each header; request confirmation before Devam online redistribution and commercial use.,https://projectmadurai.org/pmworks.html
PM-1074-1263,1074,திருவையாற்றுப்‌ புராணம்‌ (பஞ்சநத மான்மியம்‌) - பாகம்‌ 1 & 2,கரந்தைப்‌ புலவர்‌ சி. கோவிந்தராசனார்‌ பதிப்பு,புராணம்‌,Tamil,https://projectmadurai.org/pm_etexts/pdf/pm1074_01.pdf | https://projectmadurai.org/pm_etexts/pdf/pm1074_02.pdf,https://projectmadurai.org/pm_etexts/utf8/pmuni1074_01.html | https://projectmadurai.org/pm_etexts/utf8/pmuni1074_02.html,True,AUTO_DOWNLOAD_PERMISSION_BEFORE_REDISTRIBUTION,CONTACT_PROJECT_COORDINATORS_AND_RETAIN_HEADERS,pmadurai@gmail.com,Freeze all available formats; preserve each header; request confirmation before Devam online redistribution and commercial use.,https://projectmadurai.org/pmworks.html
PM-1075-1264,1075,"சிந்து பிரபந்தங்கள் மூன்று: 1. உடன்கட்டையேறிய உத்தமிச்சிந்து, 2. கண்ணாட்டிச்சிந்து"" & 3. திருப்போரூர் முருகர் சிந்து",....,பிரபந்தம் - சிந்து,Tamil,https://projectmadurai.org/pm_etexts/pdf/pm1075.pdf,https://projectmadurai.org/pm_etexts/utf8/pmuni1075.html,True,AUTO_DOWNLOAD_PERMISSION_BEFORE_REDISTRIBUTION,CONTACT_PROJECT_COORDINATORS_AND_RETAIN_HEADERS,pmadurai@gmail.com,Freeze all available formats; preserve each header; request confirmation before Devam online redistribution and commercial use.,https://projectmadurai.org/pmworks.html
PM-1076-1265,1076,"சிந்து பிரபந்தங்கள் மூன்று: 1. கண்டனூர் ஸ்ரீமீனாட்சி சுந்தரேசுவரர் கப்பற் சிந்து 2. ""நந்தனவருட சிந்து"" & 3. ""அகடவிகட கலியாணச் சிந்து""",....,பிரபந்தம் - சிந்து,Tamil,https://projectmadurai.org/pm_etexts/pdf/pm1076.pdf,https://projectmadurai.org/pm_etexts/utf8/pmuni1076.html,True,AUTO_DOWNLOAD_PERMISSION_BEFORE_REDISTRIBUTION,CONTACT_PROJECT_COORDINATORS_AND_RETAIN_HEADERS,pmadurai@gmail.com,Freeze all available formats; preserve each header; request confirmation before Devam online redistribution and commercial use.,https://projectmadurai.org/pmworks.html
PM-1077-1266,1077,"சிந்து பிரபந்தங்கள் மூன்று: காலேஜிபத்தியச்சிந்து, தென்னிந்தியா ரெயில்வே சிந்து & களியாட்ட மகத்துவச்சிந்துது""",....,பிரபந்தம் - சிந்து,Tamil,https://projectmadurai.org/pm_etexts/pdf/pm1077.pdf,https://projectmadurai.org/pm_etexts/utf8/pmuni1077.html,True,AUTO_DOWNLOAD_PERMISSION_BEFORE_REDISTRIBUTION,CONTACT_PROJECT_COORDINATORS_AND_RETAIN_HEADERS,pmadurai@gmail.com,Freeze all available formats; preserve each header; request confirmation before Devam online redistribution and commercial use.,https://projectmadurai.org/pmworks.html
PM-1078_01-1267,1078_01,மதுரைவீர அலங்காரம்,செஞ்சி ஏகாம்பர முதலியார்,பிரபந்தம் - அலங்காரம்,Tamil,https://projectmadurai.org/pm_etexts/pdf/pm1078_01.pdf,https://projectmadurai.org/pm_etexts/utf8/pmuni1078_01.html,True,AUTO_DOWNLOAD_PERMISSION_BEFORE_REDISTRIBUTION,CONTACT_PROJECT_COORDINATORS_AND_RETAIN_HEADERS,pmadurai@gmail.com,Freeze all available formats; preserve each header; request confirmation before Devam online redistribution and commercial use.,https://projectmadurai.org/pmworks.html
PM-1078_02-1268,1078_02,மதுரை சொக்கர் அலங்காரம்,சிறுமணவூர் முனிசாமி முதலியார்,பிரபந்தம் - அலங்காரம்,Tamil,https://projectmadurai.org/pm_etexts/pdf/pm1078_02.pdf,https://projectmadurai.org/pm_etexts/utf8/pmuni1078_02.html,True,AUTO_DOWNLOAD_PERMISSION_BEFORE_REDISTRIBUTION,CONTACT_PROJECT_COORDINATORS_AND_RETAIN_HEADERS,pmadurai@gmail.com,Freeze all available formats; preserve each header; request confirmation before Devam online redistribution and commercial use.,https://projectmadurai.org/pmworks.html
PM-1079_01-1269,1079_01,நாகூர் சபாபதிபத்தன் கொலை அலங்காரம்,சிறுமணவூர் முனிசாமி முதலியார்,பிரபந்தம் - அலங்காரம்,Tamil,https://projectmadurai.org/pm_etexts/pdf/pm1079_01.pdf,https://projectmadurai.org/pm_etexts/utf8/pmuni1079_01.html,True,AUTO_DOWNLOAD_PERMISSION_BEFORE_REDISTRIBUTION,CONTACT_PROJECT_COORDINATORS_AND_RETAIN_HEADERS,pmadurai@gmail.com,Freeze all available formats; preserve each header; request confirmation before Devam online redistribution and commercial use.,https://projectmadurai.org/pmworks.html
PM-1079_02-1270,1079_02,நாகூர் ஆண்டவர் தெரிசனக்கும்மி & நாகூர் க்ஷேத்திர அலங்காரம்,....,பிரபந்தம் - அலங்காரம்,Tamil,https://projectmadurai.org/pm_etexts/pdf/pm1079_02.pdf,https://projectmadurai.org/pm_etexts/utf8/pmuni1079_02.html,True,AUTO_DOWNLOAD_PERMISSION_BEFORE_REDISTRIBUTION,CONTACT_PROJECT_COORDINATORS_AND_RETAIN_HEADERS,pmadurai@gmail.com,Freeze all available formats; preserve each header; request confirmation before Devam online redistribution and commercial use.,https://projectmadurai.org/pmworks.html
PM-1080_01-1271,1080_01,அரசப்பன் அலங்காரம்,அரசப்பன்,பிரபந்தம் - அலங்காரம்,Tamil,https://projectmadurai.org/pm_etexts/pdf/pm1080_01.pdf,https://projectmadurai.org/pm_etexts/utf8/pmuni1080_01.html,True,AUTO_DOWNLOAD_PERMISSION_BEFORE_REDISTRIBUTION,CONTACT_PROJECT_COORDINATORS_AND_RETAIN_HEADERS,pmadurai@gmail.com,Freeze all available formats; preserve each header; request confirmation before Devam online redistribution and commercial use.,https://projectmadurai.org/pmworks.html
PM-1080_02-1272,1080_02,வள்ளியம்மை அலங்காரம்,சிறுமணவூர் முனிசாமி முதலியார்,பிரபந்தம் - அலங்காரம்,Tamil,https://projectmadurai.org/pm_etexts/pdf/pm1080_02.pdf,https://projectmadurai.org/pm_etexts/utf8/pmuni1080_02.html,True,AUTO_DOWNLOAD_PERMISSION_BEFORE_REDISTRIBUTION,CONTACT_PROJECT_COORDINATORS_AND_RETAIN_HEADERS,pmadurai@gmail.com,Freeze all available formats; preserve each header; request confirmation before Devam online redistribution and commercial use.,https://projectmadurai.org/pmworks.html
PM-1081_01-1273,1081_01,திருப்போரூர் சந்நிதிமுறைத் திரட்டு 1-4: சிதம்பர சுவாமிகள் சரித்திரம் & பிள்ளைத்தமிழ்,சிதம்பர சுவாமிகள்,பிரபந்தம் - பிள்ளைத்தமிழ்,Tamil,https://projectmadurai.org/pm_etexts/pdf/pm1081_01.pdf,https://projectmadurai.org/pm_etexts/utf8/pmuni1081_01.html,True,AUTO_DOWNLOAD_PERMISSION_BEFORE_REDISTRIBUTION,CONTACT_PROJECT_COORDINATORS_AND_RETAIN_HEADERS,pmadurai@gmail.com,Freeze all available formats; preserve each header; request confirmation before Devam online redistribution and commercial use.,https://projectmadurai.org/pmworks.html
PM-1081_02-1274,1081_02,திருப்போரூர் சந்நிதிமுறைத் திரட்டு பிரபந்தங்கள் 5-41,சிதம்பர சுவாமிகள்,பிரபந்தம் - திரட்டு,Tamil,https://projectmadurai.org/pm_etexts/pdf/pm1081_02.pdf,https://projectmadurai.org/pm_etexts/utf8/pmuni1081_02.html,True,AUTO_DOWNLOAD_PERMISSION_BEFORE_REDISTRIBUTION,CONTACT_PROJECT_COORDINATORS_AND_RETAIN_HEADERS,pmadurai@gmail.com,Freeze all available formats; preserve each header; request confirmation before Devam online redistribution and commercial use.,https://projectmadurai.org/pmworks.html
