textgrid_gretil_item_id,title,author,collection,work_uri,edition_uri,text_uri,handle_pid,license_url,license_statement,rights_holder,rights_lane,agent_can_index_now,source_url,next_action
TG-GRE-0001,Buddhacarita 1-23 (Tibetan translation),Aśvaghoṣa,tibetan,textgrid:48v5w.0,textgrid:48v5z.0,textgrid:48v5x.0,handle:hdl:21.11113/0000-0016-84D0-7,https://creativecommons.org/licenses/by-nc-sa/4.0/,Distributed under a Creative Commons Attribution-NonCommercial-ShareAlike 4.0 International License.,GRETIL project,NONCOMMERCIAL_RESTRICTED,False,https://textgridrep.org/browse/textgrid:48v5z.0,Keep restricted; obtain permission or exclude from public/commercial use.
TG-GRE-0002,mgul glu,Tshangs-dbyangs-rgya-mtsho,tibetan,textgrid:48v60.0,textgrid:48v62.0,textgrid:48v61.0,handle:hdl:21.11113/0000-0016-84D3-4,https://creativecommons.org/licenses/by-nc-sa/4.0/,Distributed under a Creative Commons Attribution-NonCommercial-ShareAlike 4.0 International License.,GRETIL project,NONCOMMERCIAL_RESTRICTED,False,https://textgridrep.org/browse/textgrid:48v62.0,Keep restricted; obtain permission or exclude from public/commercial use.
TG-GRE-0003,Sūyagaḍa,,prakrit,textgrid:48v64.0,textgrid:48v66.0,textgrid:48v65.0,handle:hdl:21.11113/0000-0016-84D7-0,https://creativecommons.org/licenses/by-nc-sa/4.0/,Distributed under a Creative Commons Attribution-NonCommercial-ShareAlike 4.0 International License.,GRETIL project,NONCOMMERCIAL_RESTRICTED,False,https://textgridrep.org/browse/textgrid:48v66.0,Keep restricted; obtain permission or exclude from public/commercial use.
TG-GRE-0004,Āyāraṃga,,prakrit,textgrid:48v67.0,textgrid:48v69.0,textgrid:48v68.0,handle:hdl:21.11113/0000-0016-84DA-D,https://creativecommons.org/licenses/by-nc-sa/4.0/,Distributed under a Creative Commons Attribution-NonCommercial-ShareAlike 4.0 International License.,GRETIL project,NONCOMMERCIAL_RESTRICTED,False,https://textgridrep.org/browse/textgrid:48v69.0,Keep restricted; obtain permission or exclude from public/commercial use.
TG-GRE-0005,Dhuttakkhāṇa,Haribhadra,prakrit,textgrid:48v6b.0,textgrid:48v6d.0,textgrid:48v6c.0,handle:hdl:21.11113/0000-0016-84DD-A,https://creativecommons.org/licenses/by-nc-sa/4.0/,Distributed under a Creative Commons Attribution-NonCommercial-ShareAlike 4.0 International License.,GRETIL project,NONCOMMERCIAL_RESTRICTED,False,https://textgridrep.org/browse/textgrid:48v6d.0,Keep restricted; obtain permission or exclude from public/commercial use.
TG-GRE-0006,Dasaveyāliya,,prakrit,textgrid:48v6f.0,textgrid:48v6h.0,textgrid:48v6g.0,handle:hdl:21.11113/0000-0016-84E0-5,https://creativecommons.org/licenses/by-nc-sa/4.0/,Distributed under a Creative Commons Attribution-NonCommercial-ShareAlike 4.0 International License.,GRETIL project,NONCOMMERCIAL_RESTRICTED,False,https://textgridrep.org/browse/textgrid:48v6h.0,Keep restricted; obtain permission or exclude from public/commercial use.
TG-GRE-0007,Isibhāsiyāiṃ,,prakrit,textgrid:48v6j.0,textgrid:48v6m.0,textgrid:48v6k.0,handle:hdl:21.11113/0000-0016-84E3-2,https://creativecommons.org/licenses/by-nc-sa/4.0/,Distributed under a Creative Commons Attribution-NonCommercial-ShareAlike 4.0 International License.,GRETIL project,NONCOMMERCIAL_RESTRICTED,False,https://textgridrep.org/browse/textgrid:48v6m.0,Keep restricted; obtain permission or exclude from public/commercial use.
TG-GRE-0008,Sattasaī,Hāla,prakrit,textgrid:48v6n.0,textgrid:48v6q.0,textgrid:48v6p.0,handle:hdl:21.11113/0000-0016-84E6-F,https://creativecommons.org/licenses/by-nc-sa/4.0/,Distributed under a Creative Commons Attribution-NonCommercial-ShareAlike 4.0 International License.,GRETIL project,NONCOMMERCIAL_RESTRICTED,False,https://textgridrep.org/browse/textgrid:48v6q.0,Keep restricted; obtain permission or exclude from public/commercial use.
TG-GRE-0009,Uttarajjhayaṇa,,prakrit,textgrid:48v6r.0,textgrid:48v6t.0,textgrid:48v6s.0,handle:hdl:21.11113/0000-0016-84E9-C,https://creativecommons.org/licenses/by-nc-sa/4.0/,Distributed under a Creative Commons Attribution-NonCommercial-ShareAlike 4.0 International License.,GRETIL project,NONCOMMERCIAL_RESTRICTED,False,https://textgridrep.org/browse/textgrid:48v6t.0,Keep restricted; obtain permission or exclude from public/commercial use.
TG-GRE-0010,Paümacariu,Svayambhūdeva,prakrit,textgrid:48v6v.0,textgrid:48v6x.0,textgrid:48v6w.0,handle:hdl:21.11113/0000-0016-84EC-9,https://creativecommons.org/licenses/by-nc-sa/4.0/,Distributed under a Creative Commons Attribution-NonCommercial-ShareAlike 4.0 International License.,GRETIL project,NONCOMMERCIAL_RESTRICTED,False,https://textgridrep.org/browse/textgrid:48v6x.0,Keep restricted; obtain permission or exclude from public/commercial use.
TG-GRE-0011,Kalpabuddha,,Old Javanese Collection,textgrid:48vc2.0,textgrid:48vc4.0,textgrid:48vc3.0,handle:hdl:21.11113/0000-0016-84F5-E,https://creativecommons.org/licenses/by-nc-sa/4.0/,Distributed under a Creative Commons Attribution-NonCommercial-ShareAlike 4.0 International License.,GRETIL project,NONCOMMERCIAL_RESTRICTED,False,https://textgridrep.org/browse/textgrid:48vc4.0,Keep restricted; obtain permission or exclude from public/commercial use.
TG-GRE-0012,Saṅ Hyaṅ Kamahāyānikan,,Old Javanese Collection,textgrid:48vc5.0,textgrid:48vc7.0,textgrid:48vc6.0,handle:hdl:21.11113/0000-0016-84F8-B,https://creativecommons.org/licenses/by-nc-sa/4.0/,Distributed under a Creative Commons Attribution-NonCommercial-ShareAlike 4.0 International License.,GRETIL project,NONCOMMERCIAL_RESTRICTED,False,https://textgridrep.org/browse/textgrid:48vc7.0,Keep restricted; obtain permission or exclude from public/commercial use.
TG-GRE-0013,Gaṇapatitattva,,Old Javanese Collection,textgrid:48vc8.0,textgrid:48vcb.0,textgrid:48vc9.0,handle:hdl:21.11113/0000-0016-84FB-8,https://creativecommons.org/licenses/by-nc-sa/4.0/,Distributed under a Creative Commons Attribution-NonCommercial-ShareAlike 4.0 International License.,GRETIL project,NONCOMMERCIAL_RESTRICTED,False,https://textgridrep.org/browse/textgrid:48vcb.0,Keep restricted; obtain permission or exclude from public/commercial use.
TG-GRE-0014,Saṅ Hyaṅ Mahājñāna,,Old Javanese Collection,textgrid:48vcc.0,textgrid:48vcf.0,textgrid:48vcd.0,handle:hdl:21.11113/0000-0016-84FE-5,https://creativecommons.org/licenses/by-nc-sa/4.0/,Distributed under a Creative Commons Attribution-NonCommercial-ShareAlike 4.0 International License.,GRETIL project,NONCOMMERCIAL_RESTRICTED,False,https://textgridrep.org/browse/textgrid:48vcf.0,Keep restricted; obtain permission or exclude from public/commercial use.
TG-GRE-0015,Ślokāntara,,Old Javanese Collection,textgrid:48vcg.0,textgrid:48vcj.0,textgrid:48vch.0,handle:hdl:21.11113/0000-0016-8501-0,https://creativecommons.org/licenses/by-nc-sa/4.0/,Distributed under a Creative Commons Attribution-NonCommercial-ShareAlike 4.0 International License.,GRETIL project,NONCOMMERCIAL_RESTRICTED,False,https://textgridrep.org/browse/textgrid:48vcj.0,Keep restricted; obtain permission or exclude from public/commercial use.
TG-GRE-0016,Vratiśāsana,,Old Javanese Collection,textgrid:48vck.0,textgrid:48vcn.0,textgrid:48vcm.0,handle:hdl:21.11113/0000-0016-8504-D,https://creativecommons.org/licenses/by-nc-sa/4.0/,Distributed under a Creative Commons Attribution-NonCommercial-ShareAlike 4.0 International License.,GRETIL project,NONCOMMERCIAL_RESTRICTED,False,https://textgridrep.org/browse/textgrid:48vcn.0,Keep restricted; obtain permission or exclude from public/commercial use.
TG-GRE-0017,Saṅ Hyaṅ Tattvajñāna,,Old Javanese Collection,textgrid:48vcp.0,textgrid:48vcr.0,textgrid:48vcq.0,handle:hdl:21.11113/0000-0016-8507-A,https://creativecommons.org/licenses/by-nc-sa/4.0/,Distributed under a Creative Commons Attribution-NonCommercial-ShareAlike 4.0 International License.,GRETIL project,NONCOMMERCIAL_RESTRICTED,False,https://textgridrep.org/browse/textgrid:48vcr.0,Keep restricted; obtain permission or exclude from public/commercial use.
TG-GRE-0018,Vṛhaspatitattva,,Old Javanese Collection,textgrid:48vcs.0,textgrid:48vcv.0,textgrid:48vct.0,handle:hdl:21.11113/0000-0016-850A-7,https://creativecommons.org/licenses/by-nc-sa/4.0/,Distributed under a Creative Commons Attribution-NonCommercial-ShareAlike 4.0 International License.,GRETIL project,NONCOMMERCIAL_RESTRICTED,False,https://textgridrep.org/browse/textgrid:48vcv.0,Keep restricted; obtain permission or exclude from public/commercial use.
TG-GRE-0019,Kuñjarakarṇa Dharmakathana,Mpu Ḍusun,Old Javanese Collection,textgrid:48vcw.0,textgrid:48vcz.0,textgrid:48vcx.0,handle:hdl:21.11113/0000-0016-850D-4,https://creativecommons.org/licenses/by-nc-sa/4.0/,Distributed under a Creative Commons Attribution-NonCommercial-ShareAlike 4.0 International License.,GRETIL project,NONCOMMERCIAL_RESTRICTED,False,https://textgridrep.org/browse/textgrid:48vcz.0,Keep restricted; obtain permission or exclude from public/commercial use.
TG-GRE-0020,"Rāmacaritamānasa, Sopāna 3: Araṇyakāṇḍa",Tulasīdāsa,New Indo-Aryan Collection,textgrid:49jx1.0,textgrid:49jx3.0,textgrid:49jx2.0,handle:hdl:21.11113/0000-0016-C7D4-8,https://creativecommons.org/licenses/by-nc-sa/4.0/,Distributed under a Creative Commons Attribution-NonCommercial-ShareAlike 4.0 International License.,GRETIL project,NONCOMMERCIAL_RESTRICTED,False,https://textgridrep.org/browse/textgrid:49jx3.0,Keep restricted; obtain permission or exclude from public/commercial use.
TG-GRE-0021,"Rāmacaritamānasa, Sopāna 1: Bālakāṇḍa",Tulasīdāsa,New Indo-Aryan Collection,textgrid:49jx4.0,textgrid:49jx6.0,textgrid:49jx5.0,handle:hdl:21.11113/0000-0016-C7D7-5,https://creativecommons.org/licenses/by-nc-sa/4.0/,Distributed under a Creative Commons Attribution-NonCommercial-ShareAlike 4.0 International License.,GRETIL project,NONCOMMERCIAL_RESTRICTED,False,https://textgridrep.org/browse/textgrid:49jx6.0,Keep restricted; obtain permission or exclude from public/commercial use.
TG-GRE-0022,"Rāmacaritamānasa, Sopāna 2: Ayodhyākāṇḍa",Tulasīdāsa,New Indo-Aryan Collection,textgrid:49jx7.0,textgrid:49jx9.0,textgrid:49jx8.0,handle:hdl:21.11113/0000-0016-C7DA-2,https://creativecommons.org/licenses/by-nc-sa/4.0/,Distributed under a Creative Commons Attribution-NonCommercial-ShareAlike 4.0 International License.,GRETIL project,NONCOMMERCIAL_RESTRICTED,False,https://textgridrep.org/browse/textgrid:49jx9.0,Keep restricted; obtain permission or exclude from public/commercial use.
TG-GRE-0023,"Rāmacaritamānasa, Sopāna 4: Kiṣkindhākāṇḍa",Tulasīdāsa,New Indo-Aryan Collection,textgrid:49jxb.0,textgrid:49jxd.0,textgrid:49jxc.0,handle:hdl:21.11113/0000-0016-C7DD-F,https://creativecommons.org/licenses/by-nc-sa/4.0/,Distributed under a Creative Commons Attribution-NonCommercial-ShareAlike 4.0 International License.,GRETIL project,NONCOMMERCIAL_RESTRICTED,False,https://textgridrep.org/browse/textgrid:49jxd.0,Keep restricted; obtain permission or exclude from public/commercial use.
TG-GRE-0024,"Rāmacaritamānasa, Sopāna 5: Sundarakāṇḍa",Tulasīdāsa,New Indo-Aryan Collection,textgrid:49jxf.0,textgrid:49jxh.0,textgrid:49jxg.0,handle:hdl:21.11113/0000-0016-C7E0-A,https://creativecommons.org/licenses/by-nc-sa/4.0/,Distributed under a Creative Commons Attribution-NonCommercial-ShareAlike 4.0 International License.,GRETIL project,NONCOMMERCIAL_RESTRICTED,False,https://textgridrep.org/browse/textgrid:49jxh.0,Keep restricted; obtain permission or exclude from public/commercial use.
TG-GRE-0025,"Rāmacaritamānasa, Sopāna 6: Laṃkākāṇḍa",Tulasīdāsa,New Indo-Aryan Collection,textgrid:49jxj.0,textgrid:49jxm.0,textgrid:49jxk.0,handle:hdl:21.11113/0000-0016-C7E3-7,https://creativecommons.org/licenses/by-nc-sa/4.0/,Distributed under a Creative Commons Attribution-NonCommercial-ShareAlike 4.0 International License.,GRETIL project,NONCOMMERCIAL_RESTRICTED,False,https://textgridrep.org/browse/textgrid:49jxm.0,Keep restricted; obtain permission or exclude from public/commercial use.
TG-GRE-0026,"Rāmacaritamānasa, Sopāna 7: Uttarakāṇḍa",Tulasīdāsa,New Indo-Aryan Collection,textgrid:49jxn.0,textgrid:49jxq.0,textgrid:49jxp.0,handle:hdl:21.11113/0000-0016-C7E6-4,https://creativecommons.org/licenses/by-nc-sa/4.0/,Distributed under a Creative Commons Attribution-NonCommercial-ShareAlike 4.0 International License.,GRETIL project,NONCOMMERCIAL_RESTRICTED,False,https://textgridrep.org/browse/textgrid:49jxq.0,Keep restricted; obtain permission or exclude from public/commercial use.
TG-GRE-0027,Madhusala,"Harivaṃś Rāy ""Baccan""",New Indo-Aryan Collection,textgrid:49jxr.0,textgrid:49jxt.0,textgrid:49jxs.0,handle:hdl:21.11113/0000-0016-C7E9-1,https://creativecommons.org/licenses/by-nc-sa/4.0/,Distributed under a Creative Commons Attribution-NonCommercial-ShareAlike 4.0 International License.,GRETIL project,NONCOMMERCIAL_RESTRICTED,False,https://textgridrep.org/browse/textgrid:49jxt.0,Keep restricted; obtain permission or exclude from public/commercial use.
TG-GRE-0028,Ardhakathānaka,Banārasīdāsa,New Indo-Aryan Collection,textgrid:49jxv.0,textgrid:49jxx.0,textgrid:49jxw.0,handle:hdl:21.11113/0000-0016-C7EC-E,https://creativecommons.org/licenses/by-nc-sa/4.0/,Distributed under a Creative Commons Attribution-NonCommercial-ShareAlike 4.0 International License.,GRETIL project,NONCOMMERCIAL_RESTRICTED,False,https://textgridrep.org/browse/textgrid:49jxx.0,Keep restricted; obtain permission or exclude from public/commercial use.
TG-GRE-0029,Aṣṭādaśa Siddhānta,Svāmī Haridās,New Indo-Aryan Collection,textgrid:49jxz.0,textgrid:49jz1.0,textgrid:49jz0.0,handle:hdl:21.11113/0000-0016-C7EF-B,https://creativecommons.org/licenses/by-nc-sa/4.0/,Distributed under a Creative Commons Attribution-NonCommercial-ShareAlike 4.0 International License.,GRETIL project,NONCOMMERCIAL_RESTRICTED,False,https://textgridrep.org/browse/textgrid:49jz1.0,Keep restricted; obtain permission or exclude from public/commercial use.
TG-GRE-0030,Ardhakathānaka,Banārasīdāsa,New Indo-Aryan Collection,textgrid:49jz2.0,textgrid:49jz4.0,textgrid:49jz3.0,handle:hdl:21.11113/0000-0016-C7F2-6,https://creativecommons.org/licenses/by-nc-sa/4.0/,Distributed under a Creative Commons Attribution-NonCommercial-ShareAlike 4.0 International License.,GRETIL project,NONCOMMERCIAL_RESTRICTED,False,https://textgridrep.org/browse/textgrid:49jz4.0,Keep restricted; obtain permission or exclude from public/commercial use.
TG-GRE-0031,Mr̥gāvatī,Kutubana,New Indo-Aryan Collection,textgrid:49jz5.0,textgrid:49jz7.0,textgrid:49jz6.0,handle:hdl:21.11113/0000-0016-C7F5-3,https://creativecommons.org/licenses/by-nc-sa/4.0/,Distributed under a Creative Commons Attribution-NonCommercial-ShareAlike 4.0 International License.,GRETIL project,NONCOMMERCIAL_RESTRICTED,False,https://textgridrep.org/browse/textgrid:49jz7.0,Keep restricted; obtain permission or exclude from public/commercial use.
TG-GRE-0032,Jñāneśvarī,Jñānadeva,New Indo-Aryan Collection,textgrid:49jz8.0,textgrid:49jzb.0,textgrid:49jz9.0,handle:hdl:21.11113/0000-0016-C7F8-0,https://creativecommons.org/licenses/by-nc-sa/4.0/,Distributed under a Creative Commons Attribution-NonCommercial-ShareAlike 4.0 International License.,GRETIL project,NONCOMMERCIAL_RESTRICTED,False,https://textgridrep.org/browse/textgrid:49jzb.0,Keep restricted; obtain permission or exclude from public/commercial use.
TG-GRE-0033,Dohāvalī,Tulasīdāsa,New Indo-Aryan Collection,textgrid:49jzc.0,textgrid:49jzf.0,textgrid:49jzd.0,handle:hdl:21.11113/0000-0016-C7FB-D,https://creativecommons.org/licenses/by-nc-sa/4.0/,Distributed under a Creative Commons Attribution-NonCommercial-ShareAlike 4.0 International License.,GRETIL project,NONCOMMERCIAL_RESTRICTED,False,https://textgridrep.org/browse/textgrid:49jzf.0,Keep restricted; obtain permission or exclude from public/commercial use.
TG-GRE-0034,Kavitāvalī,Tulasīdāsa,New Indo-Aryan Collection,textgrid:49jzg.0,textgrid:49jzj.0,textgrid:49jzh.0,handle:hdl:21.11113/0000-0016-C7FE-A,https://creativecommons.org/licenses/by-nc-sa/4.0/,Distributed under a Creative Commons Attribution-NonCommercial-ShareAlike 4.0 International License.,GRETIL project,NONCOMMERCIAL_RESTRICTED,False,https://textgridrep.org/browse/textgrid:49jzj.0,Keep restricted; obtain permission or exclude from public/commercial use.
TG-GRE-0035,"Liṅgapurāṇa, 2,1-55",,Purana Collection,textgrid:49k3t.0,textgrid:49k3w.0,textgrid:49k3v.0,handle:hdl:21.11113/0000-0016-C829-9,https://creativecommons.org/licenses/by-nc-sa/4.0/,Distributed under a Creative Commons Attribution-NonCommercial-ShareAlike 4.0 International License.,GRETIL project,NONCOMMERCIAL_RESTRICTED,False,https://textgridrep.org/browse/textgrid:49k3w.0,Keep restricted; obtain permission or exclude from public/commercial use.
TG-GRE-0036,Garuḍapurāṇa,,Purana Collection,textgrid:49k3x.0,textgrid:49k40.0,textgrid:49k3z.0,handle:hdl:21.11113/0000-0016-C82C-6,https://creativecommons.org/licenses/by-nc-sa/4.0/,Distributed under a Creative Commons Attribution-NonCommercial-ShareAlike 4.0 International License.,GRETIL project,NONCOMMERCIAL_RESTRICTED,False,https://textgridrep.org/browse/textgrid:49k40.0,Keep restricted; obtain permission or exclude from public/commercial use.
TG-GRE-0037,"Matsyapurāṇa, 1-176",,Purana Collection,textgrid:49k41.0,textgrid:49k43.0,textgrid:49k42.0,handle:hdl:21.11113/0000-0016-C82F-3,https://creativecommons.org/licenses/by-nc-sa/4.0/,Distributed under a Creative Commons Attribution-NonCommercial-ShareAlike 4.0 International License.,GRETIL project,NONCOMMERCIAL_RESTRICTED,False,https://textgridrep.org/browse/textgrid:49k43.0,Keep restricted; obtain permission or exclude from public/commercial use.
TG-GRE-0038,Kūrmapurāṇa,,Purana Collection,textgrid:49k44.0,textgrid:49k46.0,textgrid:49k45.0,handle:hdl:21.11113/0000-0016-C832-E,https://creativecommons.org/licenses/by-nc-sa/4.0/,Distributed under a Creative Commons Attribution-NonCommercial-ShareAlike 4.0 International License.,GRETIL project,NONCOMMERCIAL_RESTRICTED,False,https://textgridrep.org/browse/textgrid:49k46.0,Keep restricted; obtain permission or exclude from public/commercial use.
TG-GRE-0039,Nāradapurāṇa (or Nāradīyapurāṇa),,Purana Collection,textgrid:49k47.0,textgrid:49k49.0,textgrid:49k48.0,handle:hdl:21.11113/0000-0016-C835-B,https://creativecommons.org/licenses/by-nc-sa/4.0/,Distributed under a Creative Commons Attribution-NonCommercial-ShareAlike 4.0 International License.,GRETIL project,NONCOMMERCIAL_RESTRICTED,False,https://textgridrep.org/browse/textgrid:49k49.0,Keep restricted; obtain permission or exclude from public/commercial use.
TG-GRE-0040,"Mārkaṇḍeyapurāṇa, 1-93",,Purana Collection,textgrid:49k4b.0,textgrid:49k4d.0,textgrid:49k4c.0,handle:hdl:21.11113/0000-0016-C838-8,https://creativecommons.org/licenses/by-nc-sa/4.0/,Distributed under a Creative Commons Attribution-NonCommercial-ShareAlike 4.0 International License.,GRETIL project,NONCOMMERCIAL_RESTRICTED,False,https://textgridrep.org/browse/textgrid:49k4d.0,Keep restricted; obtain permission or exclude from public/commercial use.
TG-GRE-0041,Narasiṃhapurāṇa,,Purana Collection,textgrid:49k4f.0,textgrid:49k4h.0,textgrid:49k4g.0,handle:hdl:21.11113/0000-0016-C83B-5,https://creativecommons.org/licenses/by-nc-sa/4.0/,Distributed under a Creative Commons Attribution-NonCommercial-ShareAlike 4.0 International License.,GRETIL project,NONCOMMERCIAL_RESTRICTED,False,https://textgridrep.org/browse/textgrid:49k4h.0,Keep restricted; obtain permission or exclude from public/commercial use.
TG-GRE-0042,"Liṅgapurāṇa, 1-108",,Purana Collection,textgrid:49k4j.0,textgrid:49k4m.0,textgrid:49k4k.0,handle:hdl:21.11113/0000-0016-C83E-2,https://creativecommons.org/licenses/by-nc-sa/4.0/,Distributed under a Creative Commons Attribution-NonCommercial-ShareAlike 4.0 International License.,GRETIL project,NONCOMMERCIAL_RESTRICTED,False,https://textgridrep.org/browse/textgrid:49k4m.0,Keep restricted; obtain permission or exclude from public/commercial use.
TG-GRE-0043,Revākhāṇḍa of the Vāyupurāṇa (RKV),,Purana Collection,textgrid:49k4n.0,textgrid:49k4q.0,textgrid:49k4p.0,handle:hdl:21.11113/0000-0016-C841-D,https://creativecommons.org/licenses/by-nc-sa/4.0/,Distributed under a Creative Commons Attribution-NonCommercial-ShareAlike 4.0 International License.,GRETIL project,NONCOMMERCIAL_RESTRICTED,False,https://textgridrep.org/browse/textgrid:49k4q.0,Keep restricted; obtain permission or exclude from public/commercial use.
TG-GRE-0044,"Skandapurāṇa, 1-31.14",,Purana Collection,textgrid:49k4r.0,textgrid:49k4t.0,textgrid:49k4s.0,handle:hdl:21.11113/0000-0016-C844-A,https://creativecommons.org/licenses/by-nc-sa/4.0/,Distributed under a Creative Commons Attribution-NonCommercial-ShareAlike 4.0 International License.,GRETIL project,NONCOMMERCIAL_RESTRICTED,False,https://textgridrep.org/browse/textgrid:49k4t.0,Keep restricted; obtain permission or exclude from public/commercial use.
TG-GRE-0045,Skandapurāṇa: Revākhaṇḍa (RKS),,Purana Collection,textgrid:49k4v.0,textgrid:49k4x.0,textgrid:49k4w.0,handle:hdl:21.11113/0000-0016-C847-7,https://creativecommons.org/licenses/by-nc-sa/4.0/,Distributed under a Creative Commons Attribution-NonCommercial-ShareAlike 4.0 International License.,GRETIL project,NONCOMMERCIAL_RESTRICTED,False,https://textgridrep.org/browse/textgrid:49k4x.0,Keep restricted; obtain permission or exclude from public/commercial use.
TG-GRE-0046,"Vāmanapurāṇa, Saromāhātmya",,Purana Collection,textgrid:49k4z.0,textgrid:49k51.0,textgrid:49k50.0,handle:hdl:21.11113/0000-0016-C84A-4,https://creativecommons.org/licenses/by-nc-sa/4.0/,Distributed under a Creative Commons Attribution-NonCommercial-ShareAlike 4.0 International License.,GRETIL project,NONCOMMERCIAL_RESTRICTED,False,https://textgridrep.org/browse/textgrid:49k51.0,Keep restricted; obtain permission or exclude from public/commercial use.
TG-GRE-0047,"Vāmanapurāṇa, 1-69",,Purana Collection,textgrid:49k52.0,textgrid:49k54.0,textgrid:49k53.0,handle:hdl:21.11113/0000-0016-C84D-1,https://creativecommons.org/licenses/by-nc-sa/4.0/,Distributed under a Creative Commons Attribution-NonCommercial-ShareAlike 4.0 International License.,GRETIL project,NONCOMMERCIAL_RESTRICTED,False,https://textgridrep.org/browse/textgrid:49k54.0,Keep restricted; obtain permission or exclude from public/commercial use.
TG-GRE-0048,"Viṣṇudharmottarapurāṇa 2,127 Atharvavidhikathana (= Atharvavidhāna)",,Purana Collection,textgrid:49k55.0,textgrid:49k57.0,textgrid:49k56.0,handle:hdl:21.11113/0000-0016-C850-C,https://creativecommons.org/licenses/by-nc-sa/4.0/,Distributed under a Creative Commons Attribution-NonCommercial-ShareAlike 4.0 International License.,GRETIL project,NONCOMMERCIAL_RESTRICTED,False,https://textgridrep.org/browse/textgrid:49k57.0,Keep restricted; obtain permission or exclude from public/commercial use.
TG-GRE-0049,"Viṣṇudharmottarapurāṇa, 3,343-353",,Purana Collection,textgrid:49k58.0,textgrid:49k5b.0,textgrid:49k59.0,handle:hdl:21.11113/0000-0016-C853-9,https://creativecommons.org/licenses/by-nc-sa/4.0/,Distributed under a Creative Commons Attribution-NonCommercial-ShareAlike 4.0 International License.,GRETIL project,NONCOMMERCIAL_RESTRICTED,False,https://textgridrep.org/browse/textgrid:49k5b.0,Keep restricted; obtain permission or exclude from public/commercial use.
TG-GRE-0050,Viṣṇupurāṇa,,Purana Collection,textgrid:49k5c.0,textgrid:49k5f.0,textgrid:49k5d.0,handle:hdl:21.11113/0000-0016-C856-6,https://creativecommons.org/licenses/by-nc-sa/4.0/,Distributed under a Creative Commons Attribution-NonCommercial-ShareAlike 4.0 International License.,GRETIL project,NONCOMMERCIAL_RESTRICTED,False,https://textgridrep.org/browse/textgrid:49k5f.0,Keep restricted; obtain permission or exclude from public/commercial use.
TG-GRE-0051,Viṣṇupurāṇa,,Purana Collection,textgrid:49k5g.0,textgrid:49k5j.0,textgrid:49k5h.0,handle:hdl:21.11113/0000-0016-C859-3,https://creativecommons.org/licenses/by-nc-sa/4.0/,Distributed under a Creative Commons Attribution-NonCommercial-ShareAlike 4.0 International License.,GRETIL project,NONCOMMERCIAL_RESTRICTED,False,https://textgridrep.org/browse/textgrid:49k5j.0,Keep restricted; obtain permission or exclude from public/commercial use.
TG-GRE-0052,Agnipurāṇa,,Purana Collection,textgrid:49k5k.0,textgrid:49k5n.0,textgrid:49k5m.0,handle:hdl:21.11113/0000-0016-C85C-0,https://creativecommons.org/licenses/by-nc-sa/4.0/,Distributed under a Creative Commons Attribution-NonCommercial-ShareAlike 4.0 International License.,GRETIL project,NONCOMMERCIAL_RESTRICTED,False,https://textgridrep.org/browse/textgrid:49k5n.0,Keep restricted; obtain permission or exclude from public/commercial use.
TG-GRE-0053,"Bhāgavatapurāṇa 10.29-33 (the five ""rasa""-chapters) with Śrīdhara's commentary (Bhāvārthadīpikā)",,Purana Collection,textgrid:49k5p.0,textgrid:49k5r.0,textgrid:49k5q.0,handle:hdl:21.11113/0000-0016-C85F-D,https://creativecommons.org/licenses/by-nc-sa/4.0/,Distributed under a Creative Commons Attribution-NonCommercial-ShareAlike 4.0 International License.,GRETIL project,NONCOMMERCIAL_RESTRICTED,False,https://textgridrep.org/browse/textgrid:49k5r.0,Keep restricted; obtain permission or exclude from public/commercial use.
TG-GRE-0054,Bhāgavatapurāṇa,,Purana Collection,textgrid:49k5s.0,textgrid:49k5v.0,textgrid:49k5t.0,handle:hdl:21.11113/0000-0016-C862-8,https://creativecommons.org/licenses/by-nc-sa/4.0/,Distributed under a Creative Commons Attribution-NonCommercial-ShareAlike 4.0 International License.,GRETIL project,NONCOMMERCIAL_RESTRICTED,False,https://textgridrep.org/browse/textgrid:49k5v.0,Keep restricted; obtain permission or exclude from public/commercial use.
TG-GRE-0055,"Śivapurāṇa, Books 1 and 7",,Purana Collection,textgrid:49k5w.0,textgrid:49k5z.0,textgrid:49k5x.0,handle:hdl:21.11113/0000-0016-C865-5,https://creativecommons.org/licenses/by-nc-sa/4.0/,Distributed under a Creative Commons Attribution-NonCommercial-ShareAlike 4.0 International License.,GRETIL project,NONCOMMERCIAL_RESTRICTED,False,https://textgridrep.org/browse/textgrid:49k5z.0,Keep restricted; obtain permission or exclude from public/commercial use.
TG-GRE-0056,Brahmāṇḍapurāṇa,,Purana Collection,textgrid:49k60.0,textgrid:49k62.0,textgrid:49k61.0,handle:hdl:21.11113/0000-0016-C868-2,https://creativecommons.org/licenses/by-nc-sa/4.0/,Distributed under a Creative Commons Attribution-NonCommercial-ShareAlike 4.0 International License.,GRETIL project,NONCOMMERCIAL_RESTRICTED,False,https://textgridrep.org/browse/textgrid:49k62.0,Keep restricted; obtain permission or exclude from public/commercial use.
TG-GRE-0057,"Devīgītā (= Devībhāgavata-Purāṇa 7,31-40)",,Purana Collection,textgrid:49k63.0,textgrid:49k65.0,textgrid:49k64.0,handle:hdl:21.11113/0000-0016-C86B-F,https://creativecommons.org/licenses/by-nc-sa/4.0/,Distributed under a Creative Commons Attribution-NonCommercial-ShareAlike 4.0 International License.,GRETIL project,NONCOMMERCIAL_RESTRICTED,False,https://textgridrep.org/browse/textgrid:49k65.0,Keep restricted; obtain permission or exclude from public/commercial use.
TG-GRE-0058,Brahmapurāṇa 1-246,,Purana Collection,textgrid:49k66.0,textgrid:49k68.0,textgrid:49k67.0,handle:hdl:21.11113/0000-0016-C86E-C,https://creativecommons.org/licenses/by-nc-sa/4.0/,Distributed under a Creative Commons Attribution-NonCommercial-ShareAlike 4.0 International License.,GRETIL project,NONCOMMERCIAL_RESTRICTED,False,https://textgridrep.org/browse/textgrid:49k68.0,Keep restricted; obtain permission or exclude from public/commercial use.
TG-GRE-0059,Āpastambagṛhyasūtra with Haradatta's Anākulāvṛtti and Sudarśana's Gṛhyatātparyadarśanavyākhyā,,Vedāṅga Collection,textgrid:49k7w.0,textgrid:49k7z.0,textgrid:49k7x.0,handle:hdl:21.11113/0000-0016-C875-3,https://creativecommons.org/licenses/by-nc-sa/4.0/,Distributed under a Creative Commons Attribution-NonCommercial-ShareAlike 4.0 International License.,GRETIL project,NONCOMMERCIAL_RESTRICTED,False,https://textgridrep.org/browse/textgrid:49k7z.0,Keep restricted; obtain permission or exclude from public/commercial use.
TG-GRE-0060,"Āpastambaśulbasūtra with the commentaries of Kapardin, Karavinda and Sundararāja",,Vedāṅga Collection,textgrid:49k80.0,textgrid:49k82.0,textgrid:49k81.0,handle:hdl:21.11113/0000-0016-C878-0,https://creativecommons.org/licenses/by-nc-sa/4.0/,Distributed under a Creative Commons Attribution-NonCommercial-ShareAlike 4.0 International License.,GRETIL project,NONCOMMERCIAL_RESTRICTED,False,https://textgridrep.org/browse/textgrid:49k82.0,Keep restricted; obtain permission or exclude from public/commercial use.
TG-GRE-0061,Atharvaprāyaścittāni,,Vedāṅga Collection,textgrid:49k83.0,textgrid:49k85.0,textgrid:49k84.0,handle:hdl:21.11113/0000-0016-C87B-D,https://creativecommons.org/licenses/by-nc-sa/4.0/,Distributed under a Creative Commons Attribution-NonCommercial-ShareAlike 4.0 International License.,GRETIL project,NONCOMMERCIAL_RESTRICTED,False,https://textgridrep.org/browse/textgrid:49k85.0,Keep restricted; obtain permission or exclude from public/commercial use.
TG-GRE-0062,Atharvavedapariśiṣṭas,,Vedāṅga Collection,textgrid:49k86.0,textgrid:49k88.0,textgrid:49k87.0,handle:hdl:21.11113/0000-0016-C87E-A,https://creativecommons.org/licenses/by-nc-sa/4.0/,Distributed under a Creative Commons Attribution-NonCommercial-ShareAlike 4.0 International License.,GRETIL project,NONCOMMERCIAL_RESTRICTED,False,https://textgridrep.org/browse/textgrid:49k88.0,Keep restricted; obtain permission or exclude from public/commercial use.
TG-GRE-0063,Āśvalāyanagṛhyasūtra,,Vedāṅga Collection,textgrid:49k89.0,textgrid:49k8c.0,textgrid:49k8b.0,handle:hdl:21.11113/0000-0016-C881-4,https://creativecommons.org/licenses/by-nc-sa/4.0/,Distributed under a Creative Commons Attribution-NonCommercial-ShareAlike 4.0 International License.,GRETIL project,NONCOMMERCIAL_RESTRICTED,False,https://textgridrep.org/browse/textgrid:49k8c.0,Keep restricted; obtain permission or exclude from public/commercial use.
TG-GRE-0064,Āśvalāyanaśrautasūtra,,Vedāṅga Collection,textgrid:49k8d.0,textgrid:49k8g.0,textgrid:49k8f.0,handle:hdl:21.11113/0000-0016-C884-1,https://creativecommons.org/licenses/by-nc-sa/4.0/,Distributed under a Creative Commons Attribution-NonCommercial-ShareAlike 4.0 International License.,GRETIL project,NONCOMMERCIAL_RESTRICTED,False,https://textgridrep.org/browse/textgrid:49k8g.0,Keep restricted; obtain permission or exclude from public/commercial use.
TG-GRE-0065,Dantyoṣṭhavidhi,,Vedāṅga Collection,textgrid:49k8h.0,textgrid:49k8k.0,textgrid:49k8j.0,handle:hdl:21.11113/0000-0016-C887-E,https://creativecommons.org/licenses/by-nc-sa/4.0/,Distributed under a Creative Commons Attribution-NonCommercial-ShareAlike 4.0 International License.,GRETIL project,NONCOMMERCIAL_RESTRICTED,False,https://textgridrep.org/browse/textgrid:49k8k.0,Keep restricted; obtain permission or exclude from public/commercial use.
TG-GRE-0066,Jaiminīyagṛhyasūtra,,Vedāṅga Collection,textgrid:49k8m.0,textgrid:49k8p.0,textgrid:49k8n.0,handle:hdl:21.11113/0000-0016-C88A-B,https://creativecommons.org/licenses/by-nc-sa/4.0/,Distributed under a Creative Commons Attribution-NonCommercial-ShareAlike 4.0 International License.,GRETIL project,NONCOMMERCIAL_RESTRICTED,False,https://textgridrep.org/browse/textgrid:49k8p.0,Keep restricted; obtain permission or exclude from public/commercial use.
TG-GRE-0067,Kauthumagṛhyasūtra,,Vedāṅga Collection,textgrid:49k8q.0,textgrid:49k8s.0,textgrid:49k8r.0,handle:hdl:21.11113/0000-0016-C88D-8,https://creativecommons.org/licenses/by-nc-sa/4.0/,Distributed under a Creative Commons Attribution-NonCommercial-ShareAlike 4.0 International License.,GRETIL project,NONCOMMERCIAL_RESTRICTED,False,https://textgridrep.org/browse/textgrid:49k8s.0,Keep restricted; obtain permission or exclude from public/commercial use.
TG-GRE-0068,Kauśikasūtra,,Vedāṅga Collection,textgrid:49k8t.0,textgrid:49k8w.0,textgrid:49k8v.0,handle:hdl:21.11113/0000-0016-C890-3,https://creativecommons.org/licenses/by-nc-sa/4.0/,Distributed under a Creative Commons Attribution-NonCommercial-ShareAlike 4.0 International License.,GRETIL project,NONCOMMERCIAL_RESTRICTED,False,https://textgridrep.org/browse/textgrid:49k8w.0,Keep restricted; obtain permission or exclude from public/commercial use.
TG-GRE-0069,Kauśikapaddhati,Keśava,Vedāṅga Collection,textgrid:49k8x.0,textgrid:49k90.0,textgrid:49k8z.0,handle:hdl:21.11113/0000-0016-C893-0,https://creativecommons.org/licenses/by-nc-sa/4.0/,Distributed under a Creative Commons Attribution-NonCommercial-ShareAlike 4.0 International License.,GRETIL project,NONCOMMERCIAL_RESTRICTED,False,https://textgridrep.org/browse/textgrid:49k90.0,Keep restricted; obtain permission or exclude from public/commercial use.
TG-GRE-0070,Mānavagṛhyasūtra (= Maitrāyaṇīyamānavagṛhyasūtra),,Vedāṅga Collection,textgrid:49k91.0,textgrid:49k93.0,textgrid:49k92.0,handle:hdl:21.11113/0000-0016-C896-D,https://creativecommons.org/licenses/by-nc-sa/4.0/,Distributed under a Creative Commons Attribution-NonCommercial-ShareAlike 4.0 International License.,GRETIL project,NONCOMMERCIAL_RESTRICTED,False,https://textgridrep.org/browse/textgrid:49k93.0,Keep restricted; obtain permission or exclude from public/commercial use.
TG-GRE-0071,Ṛgvidhāna,,Vedāṅga Collection,textgrid:49k94.0,textgrid:49k96.0,textgrid:49k95.0,handle:hdl:21.11113/0000-0016-C899-A,https://creativecommons.org/licenses/by-nc-sa/4.0/,Distributed under a Creative Commons Attribution-NonCommercial-ShareAlike 4.0 International License.,GRETIL project,NONCOMMERCIAL_RESTRICTED,False,https://textgridrep.org/browse/textgrid:49k96.0,Keep restricted; obtain permission or exclude from public/commercial use.
TG-GRE-0072,Vaitānaśrautasūtra (= Vaitānasūtra),,Vedāṅga Collection,textgrid:49k97.0,textgrid:49k99.0,textgrid:49k98.0,handle:hdl:21.11113/0000-0016-C89C-7,https://creativecommons.org/licenses/by-nc-sa/4.0/,Distributed under a Creative Commons Attribution-NonCommercial-ShareAlike 4.0 International License.,GRETIL project,NONCOMMERCIAL_RESTRICTED,False,https://textgridrep.org/browse/textgrid:49k99.0,Keep restricted; obtain permission or exclude from public/commercial use.
TG-GRE-0073,Vārāhagṛhyasūtra,,Vedāṅga Collection,textgrid:49k9b.0,textgrid:49k9d.0,textgrid:49k9c.0,handle:hdl:21.11113/0000-0016-C89F-4,https://creativecommons.org/licenses/by-nc-sa/4.0/,Distributed under a Creative Commons Attribution-NonCommercial-ShareAlike 4.0 International License.,GRETIL project,NONCOMMERCIAL_RESTRICTED,False,https://textgridrep.org/browse/textgrid:49k9d.0,Keep restricted; obtain permission or exclude from public/commercial use.
TG-GRE-0074,Nirukta,Yāska,Vedāṅga Collection,textgrid:49k9f.0,textgrid:49k9h.0,textgrid:49k9g.0,handle:hdl:21.11113/0000-0016-C8A2-F,https://creativecommons.org/licenses/by-nc-sa/4.0/,Distributed under a Creative Commons Attribution-NonCommercial-ShareAlike 4.0 International License.,GRETIL project,NONCOMMERCIAL_RESTRICTED,False,https://textgridrep.org/browse/textgrid:49k9h.0,Keep restricted; obtain permission or exclude from public/commercial use.
TG-GRE-0075,Śāṅkhāyanagṛhyasūtra,,Vedāṅga Collection,textgrid:49k9j.0,textgrid:49k9m.0,textgrid:49k9k.0,handle:hdl:21.11113/0000-0016-C8A5-C,https://creativecommons.org/licenses/by-nc-sa/4.0/,Distributed under a Creative Commons Attribution-NonCommercial-ShareAlike 4.0 International License.,GRETIL project,NONCOMMERCIAL_RESTRICTED,False,https://textgridrep.org/browse/textgrid:49k9m.0,Keep restricted; obtain permission or exclude from public/commercial use.
TG-GRE-0076,Śāṅkhāyanaśrautasūtra,,Vedāṅga Collection,textgrid:49k9n.0,textgrid:49k9q.0,textgrid:49k9p.0,handle:hdl:21.11113/0000-0016-C8A8-9,https://creativecommons.org/licenses/by-nc-sa/4.0/,Distributed under a Creative Commons Attribution-NonCommercial-ShareAlike 4.0 International License.,GRETIL project,NONCOMMERCIAL_RESTRICTED,False,https://textgridrep.org/browse/textgrid:49k9q.0,Keep restricted; obtain permission or exclude from public/commercial use.
TG-GRE-0077,Smaradīpikā,Mīnanātha,Śāstra Collection,textgrid:49k9s.0,textgrid:49k9v.0,textgrid:49k9t.0,handle:hdl:21.11113/0000-0016-C8AC-5,https://creativecommons.org/licenses/by-nc-sa/4.0/,Distributed under a Creative Commons Attribution-NonCommercial-ShareAlike 4.0 International License.,GRETIL project,NONCOMMERCIAL_RESTRICTED,False,https://textgridrep.org/browse/textgrid:49k9v.0,Keep restricted; obtain permission or exclude from public/commercial use.
TG-GRE-0078,Rasendracintāmaṇi,Ḍhuṇḍhukanātha,Śāstra Collection,textgrid:49k9w.0,textgrid:49k9z.0,textgrid:49k9x.0,handle:hdl:21.11113/0000-0016-C8AF-2,https://creativecommons.org/licenses/by-nc-sa/4.0/,Distributed under a Creative Commons Attribution-NonCommercial-ShareAlike 4.0 International License.,GRETIL project,NONCOMMERCIAL_RESTRICTED,False,https://textgridrep.org/browse/textgrid:49k9z.0,Keep restricted; obtain permission or exclude from public/commercial use.
TG-GRE-0079,Paribhāṣenduśekhara,Nāgeśa [= Nāgojibhaṭṭa],Śāstra Collection,textgrid:49kb0.0,textgrid:49kb2.0,textgrid:49kb1.0,handle:hdl:21.11113/0000-0016-C8B2-D,https://creativecommons.org/licenses/by-nc-sa/4.0/,Distributed under a Creative Commons Attribution-NonCommercial-ShareAlike 4.0 International License.,GRETIL project,NONCOMMERCIAL_RESTRICTED,False,https://textgridrep.org/browse/textgrid:49kb2.0,Keep restricted; obtain permission or exclude from public/commercial use.
TG-GRE-0080,Rasahṛdayatantra with Caturbhujamiśra's Mugdhāvabodhinī (comm.),Govindabhagavatpāda,Śāstra Collection,textgrid:49kb3.0,textgrid:49kb5.0,textgrid:49kb4.0,handle:hdl:21.11113/0000-0016-C8B5-A,https://creativecommons.org/licenses/by-nc-sa/4.0/,Distributed under a Creative Commons Attribution-NonCommercial-ShareAlike 4.0 International License.,GRETIL project,NONCOMMERCIAL_RESTRICTED,False,https://textgridrep.org/browse/textgrid:49kb5.0,Keep restricted; obtain permission or exclude from public/commercial use.
TG-GRE-0081,Aṣṭādhyāyī,Pāṇini,Śāstra Collection,textgrid:49kb6.0,textgrid:49kb8.0,textgrid:49kb7.0,handle:hdl:21.11113/0000-0016-C8B8-7,https://creativecommons.org/licenses/by-nc-sa/4.0/,Distributed under a Creative Commons Attribution-NonCommercial-ShareAlike 4.0 International License.,GRETIL project,NONCOMMERCIAL_RESTRICTED,False,https://textgridrep.org/browse/textgrid:49kb8.0,Keep restricted; obtain permission or exclude from public/commercial use.
TG-GRE-0082,Aṣṭādhyāyī,Pāṇini,Śāstra Collection,textgrid:49kb9.0,textgrid:49kbc.0,textgrid:49kbb.0,handle:hdl:21.11113/0000-0016-C8BB-4,https://creativecommons.org/licenses/by-nc-sa/4.0/,Distributed under a Creative Commons Attribution-NonCommercial-ShareAlike 4.0 International License.,GRETIL project,NONCOMMERCIAL_RESTRICTED,False,https://textgridrep.org/browse/textgrid:49kbc.0,Keep restricted; obtain permission or exclude from public/commercial use.
TG-GRE-0083,Kādambarīsvīkaraṇasūtramañjarī,Purūravas,Śāstra Collection,textgrid:49kbd.0,textgrid:49kbg.0,textgrid:49kbf.0,handle:hdl:21.11113/0000-0016-C8BE-1,https://creativecommons.org/licenses/by-nc-sa/4.0/,Distributed under a Creative Commons Attribution-NonCommercial-ShareAlike 4.0 International License.,GRETIL project,NONCOMMERCIAL_RESTRICTED,False,https://textgridrep.org/browse/textgrid:49kbg.0,Keep restricted; obtain permission or exclude from public/commercial use.
TG-GRE-0084,Rasaratnākara,Nityanāthasiddha [alias Nemanatha],Śāstra Collection,textgrid:49kbh.0,textgrid:49kbk.0,textgrid:49kbj.0,handle:hdl:21.11113/0000-0016-C8C1-C,https://creativecommons.org/licenses/by-nc-sa/4.0/,Distributed under a Creative Commons Attribution-NonCommercial-ShareAlike 4.0 International License.,GRETIL project,NONCOMMERCIAL_RESTRICTED,False,https://textgridrep.org/browse/textgrid:49kbk.0,Keep restricted; obtain permission or exclude from public/commercial use.
TG-GRE-0085,"Rasādhyaya, 1-302+com with Ṭīkā",,Śāstra Collection,textgrid:49kbm.0,textgrid:49kbp.0,textgrid:49kbn.0,handle:hdl:21.11113/0000-0016-C8C4-9,https://creativecommons.org/licenses/by-nc-sa/4.0/,Distributed under a Creative Commons Attribution-NonCommercial-ShareAlike 4.0 International License.,GRETIL project,NONCOMMERCIAL_RESTRICTED,False,https://textgridrep.org/browse/textgrid:49kbp.0,Keep restricted; obtain permission or exclude from public/commercial use.
TG-GRE-0086,Pañcasāyaka,Jyotirīśvarakaviśekhara,Śāstra Collection,textgrid:49kbq.0,textgrid:49kbs.0,textgrid:49kbr.0,handle:hdl:21.11113/0000-0016-C8C7-6,https://creativecommons.org/licenses/by-nc-sa/4.0/,Distributed under a Creative Commons Attribution-NonCommercial-ShareAlike 4.0 International License.,GRETIL project,NONCOMMERCIAL_RESTRICTED,False,https://textgridrep.org/browse/textgrid:49kbs.0,Keep restricted; obtain permission or exclude from public/commercial use.
TG-GRE-0087,"Rasārṇava, 1-12",,Śāstra Collection,textgrid:49kbt.0,textgrid:49kbw.0,textgrid:49kbv.0,handle:hdl:21.11113/0000-0016-C8CA-3,https://creativecommons.org/licenses/by-nc-sa/4.0/,Distributed under a Creative Commons Attribution-NonCommercial-ShareAlike 4.0 International License.,GRETIL project,NONCOMMERCIAL_RESTRICTED,False,https://textgridrep.org/browse/textgrid:49kbw.0,Keep restricted; obtain permission or exclude from public/commercial use.
TG-GRE-0088,"Rājanighaṇṭu [also called Nighaṇṭurāja, or Abhidhānacūḍāmaṇi]",Narahari [alias Nṛsiṃha],Śāstra Collection,textgrid:49kbx.0,textgrid:49kc0.0,textgrid:49kbz.0,handle:hdl:21.11113/0000-0016-C8CD-0,https://creativecommons.org/licenses/by-nc-sa/4.0/,Distributed under a Creative Commons Attribution-NonCommercial-ShareAlike 4.0 International License.,GRETIL project,NONCOMMERCIAL_RESTRICTED,False,https://textgridrep.org/browse/textgrid:49kc0.0,Keep restricted; obtain permission or exclude from public/commercial use.
TG-GRE-0089,Sūryasiddhānta,,Śāstra Collection,textgrid:49kc1.0,textgrid:49kc3.0,textgrid:49kc2.0,handle:hdl:21.11113/0000-0016-C8D0-B,https://creativecommons.org/licenses/by-nc-sa/4.0/,Distributed under a Creative Commons Attribution-NonCommercial-ShareAlike 4.0 International License.,GRETIL project,NONCOMMERCIAL_RESTRICTED,False,https://textgridrep.org/browse/textgrid:49kc3.0,Keep restricted; obtain permission or exclude from public/commercial use.
TG-GRE-0090,"Rasendracūḍāmaṇi 3-5, 7-16",Somadeva,Śāstra Collection,textgrid:49kc4.0,textgrid:49kc6.0,textgrid:49kc5.0,handle:hdl:21.11113/0000-0016-C8D3-8,https://creativecommons.org/licenses/by-nc-sa/4.0/,Distributed under a Creative Commons Attribution-NonCommercial-ShareAlike 4.0 International License.,GRETIL project,NONCOMMERCIAL_RESTRICTED,False,https://textgridrep.org/browse/textgrid:49kc6.0,Keep restricted; obtain permission or exclude from public/commercial use.
TG-GRE-0091,Vyākaraṇamahābhāṣya,Patañjali,Śāstra Collection,textgrid:49kc7.0,textgrid:49kc9.0,textgrid:49kc8.0,handle:hdl:21.11113/0000-0016-C8D6-5,https://creativecommons.org/licenses/by-nc-sa/4.0/,Distributed under a Creative Commons Attribution-NonCommercial-ShareAlike 4.0 International License.,GRETIL project,NONCOMMERCIAL_RESTRICTED,False,https://textgridrep.org/browse/textgrid:49kc9.0,Keep restricted; obtain permission or exclude from public/commercial use.
TG-GRE-0092,Rasaratnasamuccaya,Vāgbhaṭa,Śāstra Collection,textgrid:49kcb.0,textgrid:49kcd.0,textgrid:49kcc.0,handle:hdl:21.11113/0000-0016-C8D9-2,https://creativecommons.org/licenses/by-nc-sa/4.0/,Distributed under a Creative Commons Attribution-NonCommercial-ShareAlike 4.0 International License.,GRETIL project,NONCOMMERCIAL_RESTRICTED,False,https://textgridrep.org/browse/textgrid:49kcd.0,Keep restricted; obtain permission or exclude from public/commercial use.
TG-GRE-0093,Āyurvedamahodadhau annapānavidhi,Suṣeṇa,Śāstra Collection,textgrid:49kcf.0,textgrid:49kch.0,textgrid:49kcg.0,handle:hdl:21.11113/0000-0016-C8DC-F,https://creativecommons.org/licenses/by-nc-sa/4.0/,Distributed under a Creative Commons Attribution-NonCommercial-ShareAlike 4.0 International License.,GRETIL project,NONCOMMERCIAL_RESTRICTED,False,https://textgridrep.org/browse/textgrid:49kch.0,Keep restricted; obtain permission or exclude from public/commercial use.
TG-GRE-0094,Aṣṭāṅganighaṇṭu,Vāhaṭa,Śāstra Collection,textgrid:49kcj.0,textgrid:49kcm.0,textgrid:49kck.0,handle:hdl:21.11113/0000-0016-C8DF-C,https://creativecommons.org/licenses/by-nc-sa/4.0/,Distributed under a Creative Commons Attribution-NonCommercial-ShareAlike 4.0 International License.,GRETIL project,NONCOMMERCIAL_RESTRICTED,False,https://textgridrep.org/browse/textgrid:49kcm.0,Keep restricted; obtain permission or exclude from public/commercial use.
TG-GRE-0095,Bṛhajjātaka,Varāhamihira,Śāstra Collection,textgrid:49kcn.0,textgrid:49kcq.0,textgrid:49kcp.0,handle:hdl:21.11113/0000-0016-C8E2-7,https://creativecommons.org/licenses/by-nc-sa/4.0/,Distributed under a Creative Commons Attribution-NonCommercial-ShareAlike 4.0 International License.,GRETIL project,NONCOMMERCIAL_RESTRICTED,False,https://textgridrep.org/browse/textgrid:49kcq.0,Keep restricted; obtain permission or exclude from public/commercial use.
TG-GRE-0096,"Rasaratnasamuccaya 1-18.29 with commentaries: 1) Rasaratnasamuccayabodhinī, by Āśubodhavidyābhūṣaṇa and Nityabodhavidyāratna (= Asubodha Nityabodha Senagupta, Calcutta based editors and publishers) 2) Rasaratnasamuccayaṭīkā",Vāgbhaṭa,Śāstra Collection,textgrid:49kcr.0,textgrid:49kct.0,textgrid:49kcs.0,handle:hdl:21.11113/0000-0016-C8E5-4,https://creativecommons.org/licenses/by-nc-sa/4.0/,Distributed under a Creative Commons Attribution-NonCommercial-ShareAlike 4.0 International License.,GRETIL project,NONCOMMERCIAL_RESTRICTED,False,https://textgridrep.org/browse/textgrid:49kct.0,Keep restricted; obtain permission or exclude from public/commercial use.
TG-GRE-0097,Laghusiddhāntakaumudī (= Laghukaumudi),Varadarāja,Śāstra Collection,textgrid:49kcv.0,textgrid:49kcx.0,textgrid:49kcw.0,handle:hdl:21.11113/0000-0016-C8E8-1,https://creativecommons.org/licenses/by-nc-sa/4.0/,Distributed under a Creative Commons Attribution-NonCommercial-ShareAlike 4.0 International License.,GRETIL project,NONCOMMERCIAL_RESTRICTED,False,https://textgridrep.org/browse/textgrid:49kcx.0,Keep restricted; obtain permission or exclude from public/commercial use.
TG-GRE-0098,Arthaśāstra,Kauṭilya,Śāstra Collection,textgrid:49kcz.0,textgrid:49kd1.0,textgrid:49kd0.0,handle:hdl:21.11113/0000-0016-C8EB-E,https://creativecommons.org/licenses/by-nc-sa/4.0/,Distributed under a Creative Commons Attribution-NonCommercial-ShareAlike 4.0 International License.,GRETIL project,NONCOMMERCIAL_RESTRICTED,False,https://textgridrep.org/browse/textgrid:49kd1.0,Keep restricted; obtain permission or exclude from public/commercial use.
TG-GRE-0099,Tikanikayātra,Varāhamihira,Śāstra Collection,textgrid:49kd2.0,textgrid:49kd4.0,textgrid:49kd3.0,handle:hdl:21.11113/0000-0016-C8EE-B,https://creativecommons.org/licenses/by-nc-sa/4.0/,Distributed under a Creative Commons Attribution-NonCommercial-ShareAlike 4.0 International License.,GRETIL project,NONCOMMERCIAL_RESTRICTED,False,https://textgridrep.org/browse/textgrid:49kd4.0,Keep restricted; obtain permission or exclude from public/commercial use.
TG-GRE-0100,Vivāhapaṭala,Varāhamihira,Śāstra Collection,textgrid:49kd5.0,textgrid:49kd7.0,textgrid:49kd6.0,handle:hdl:21.11113/0000-0016-C8F1-6,https://creativecommons.org/licenses/by-nc-sa/4.0/,Distributed under a Creative Commons Attribution-NonCommercial-ShareAlike 4.0 International License.,GRETIL project,NONCOMMERCIAL_RESTRICTED,False,https://textgridrep.org/browse/textgrid:49kd7.0,Keep restricted; obtain permission or exclude from public/commercial use.
TG-GRE-0101,Bṛhatsaṃhitā,Varāhamihira,Śāstra Collection,textgrid:49kd8.0,textgrid:49kdb.0,textgrid:49kd9.0,handle:hdl:21.11113/0000-0016-C8F4-3,https://creativecommons.org/licenses/by-nc-sa/4.0/,Distributed under a Creative Commons Attribution-NonCommercial-ShareAlike 4.0 International License.,GRETIL project,NONCOMMERCIAL_RESTRICTED,False,https://textgridrep.org/browse/textgrid:49kdb.0,Keep restricted; obtain permission or exclude from public/commercial use.
TG-GRE-0102,Yogayātrā,Varāhamihira,Śāstra Collection,textgrid:49kdc.0,textgrid:49kdf.0,textgrid:49kdd.0,handle:hdl:21.11113/0000-0016-C8F7-0,https://creativecommons.org/licenses/by-nc-sa/4.0/,Distributed under a Creative Commons Attribution-NonCommercial-ShareAlike 4.0 International License.,GRETIL project,NONCOMMERCIAL_RESTRICTED,False,https://textgridrep.org/browse/textgrid:49kdf.0,Keep restricted; obtain permission or exclude from public/commercial use.
TG-GRE-0103,Kāmasūtra,Vātsyāyana,Śāstra Collection,textgrid:49kdg.0,textgrid:49kdj.0,textgrid:49kdh.0,handle:hdl:21.11113/0000-0016-C8FA-D,https://creativecommons.org/licenses/by-nc-sa/4.0/,Distributed under a Creative Commons Attribution-NonCommercial-ShareAlike 4.0 International License.,GRETIL project,NONCOMMERCIAL_RESTRICTED,False,https://textgridrep.org/browse/textgrid:49kdj.0,Keep restricted; obtain permission or exclude from public/commercial use.
TG-GRE-0104,Kāmasūtra,Vātsyāyana,Śāstra Collection,textgrid:49kdk.0,textgrid:49kdn.0,textgrid:49kdm.0,handle:hdl:21.11113/0000-0016-C8FD-A,https://creativecommons.org/licenses/by-nc-sa/4.0/,Distributed under a Creative Commons Attribution-NonCommercial-ShareAlike 4.0 International License.,GRETIL project,NONCOMMERCIAL_RESTRICTED,False,https://textgridrep.org/browse/textgrid:49kdn.0,Keep restricted; obtain permission or exclude from public/commercial use.
TG-GRE-0105,Kāśikāvṛtti,Jayāditya and Vāmana,Śāstra Collection,textgrid:49kdp.0,textgrid:49kdr.0,textgrid:49kdq.0,handle:hdl:21.11113/0000-0016-C900-5,https://creativecommons.org/licenses/by-nc-sa/4.0/,Distributed under a Creative Commons Attribution-NonCommercial-ShareAlike 4.0 International License.,GRETIL project,NONCOMMERCIAL_RESTRICTED,False,https://textgridrep.org/browse/textgrid:49kdr.0,Keep restricted; obtain permission or exclude from public/commercial use.
TG-GRE-0106,Nāmaliṅgānuśāsana = Amarakośa,Amarasiṃha,Śāstra Collection,textgrid:49kds.0,textgrid:49kdv.0,textgrid:49kdt.0,handle:hdl:21.11113/0000-0016-C903-2,https://creativecommons.org/licenses/by-nc-sa/4.0/,Distributed under a Creative Commons Attribution-NonCommercial-ShareAlike 4.0 International License.,GRETIL project,NONCOMMERCIAL_RESTRICTED,False,https://textgridrep.org/browse/textgrid:49kdv.0,Keep restricted; obtain permission or exclude from public/commercial use.
TG-GRE-0107,Āryabhaṭīya,Āryabhaṭa,Śāstra Collection,textgrid:49kdw.0,textgrid:49kdz.0,textgrid:49kdx.0,handle:hdl:21.11113/0000-0016-C906-F,https://creativecommons.org/licenses/by-nc-sa/4.0/,Distributed under a Creative Commons Attribution-NonCommercial-ShareAlike 4.0 International License.,GRETIL project,NONCOMMERCIAL_RESTRICTED,False,https://textgridrep.org/browse/textgrid:49kdz.0,Keep restricted; obtain permission or exclude from public/commercial use.
TG-GRE-0108,Carakasaṃhitā-parts with the Āyurvedadīpikā,Agniveśa,Śāstra Collection,textgrid:49kf0.0,textgrid:49kf2.0,textgrid:49kf1.0,handle:hdl:21.11113/0000-0016-C909-C,https://creativecommons.org/licenses/by-nc-sa/4.0/,Distributed under a Creative Commons Attribution-NonCommercial-ShareAlike 4.0 International License.,GRETIL project,NONCOMMERCIAL_RESTRICTED,False,https://textgridrep.org/browse/textgrid:49kf2.0,Keep restricted; obtain permission or exclude from public/commercial use.
TG-GRE-0109,Bījagaṇita,Bhāskara,Śāstra Collection,textgrid:49kf3.0,textgrid:49kf5.0,textgrid:49kf4.0,handle:hdl:21.11113/0000-0016-C90C-9,https://creativecommons.org/licenses/by-nc-sa/4.0/,Distributed under a Creative Commons Attribution-NonCommercial-ShareAlike 4.0 International License.,GRETIL project,NONCOMMERCIAL_RESTRICTED,False,https://textgridrep.org/browse/textgrid:49kf5.0,Keep restricted; obtain permission or exclude from public/commercial use.
TG-GRE-0110,Āryabhaṭīya with the Commentary of Bhāskara I and Someśvara,Āryabhaṭa,Śāstra Collection,textgrid:49kf6.0,textgrid:49kf8.0,textgrid:49kf7.0,handle:hdl:21.11113/0000-0016-C90F-6,https://creativecommons.org/licenses/by-nc-sa/4.0/,Distributed under a Creative Commons Attribution-NonCommercial-ShareAlike 4.0 International License.,GRETIL project,NONCOMMERCIAL_RESTRICTED,False,https://textgridrep.org/browse/textgrid:49kf8.0,Keep restricted; obtain permission or exclude from public/commercial use.
TG-GRE-0111,Bhāvaprakāśa,Bhāvamiśra,Śāstra Collection,textgrid:49kf9.0,textgrid:49kfc.0,textgrid:49kfb.0,handle:hdl:21.11113/0000-0016-C912-1,https://creativecommons.org/licenses/by-nc-sa/4.0/,Distributed under a Creative Commons Attribution-NonCommercial-ShareAlike 4.0 International License.,GRETIL project,NONCOMMERCIAL_RESTRICTED,False,https://textgridrep.org/browse/textgrid:49kfc.0,Keep restricted; obtain permission or exclude from public/commercial use.
TG-GRE-0112,Vākyapadīya,Bhartṛhari,Śāstra Collection,textgrid:49kfd.0,textgrid:49kfg.0,textgrid:49kff.0,handle:hdl:21.11113/0000-0016-C915-E,https://creativecommons.org/licenses/by-nc-sa/4.0/,Distributed under a Creative Commons Attribution-NonCommercial-ShareAlike 4.0 International License.,GRETIL project,NONCOMMERCIAL_RESTRICTED,False,https://textgridrep.org/browse/textgrid:49kfg.0,Keep restricted; obtain permission or exclude from public/commercial use.
TG-GRE-0113,Bower Manuscript,,Śāstra Collection,textgrid:49kfh.0,textgrid:49kfk.0,textgrid:49kfj.0,handle:hdl:21.11113/0000-0016-C918-B,https://creativecommons.org/licenses/by-nc-sa/4.0/,Distributed under a Creative Commons Attribution-NonCommercial-ShareAlike 4.0 International License.,GRETIL project,NONCOMMERCIAL_RESTRICTED,False,https://textgridrep.org/browse/textgrid:49kfk.0,Keep restricted; obtain permission or exclude from public/commercial use.
TG-GRE-0114,Rasasaṃketakalikā [= Rasasaṅketakalikā],"Cāmuṇḍa (Kāyastha [= Kāyasthacāmuṇḍa], or Caṇḍa; around 1490 CE)",Śāstra Collection,textgrid:49kfm.0,textgrid:49kfp.0,textgrid:49kfn.0,handle:hdl:21.11113/0000-0016-C91B-8,https://creativecommons.org/licenses/by-nc-sa/4.0/,Distributed under a Creative Commons Attribution-NonCommercial-ShareAlike 4.0 International License.,GRETIL project,NONCOMMERCIAL_RESTRICTED,False,https://textgridrep.org/browse/textgrid:49kfp.0,Keep restricted; obtain permission or exclude from public/commercial use.
TG-GRE-0115,Samanvayadiś,Kuḍaka,Śāstra Collection,textgrid:49kfq.0,textgrid:49kfs.0,textgrid:49kfr.0,handle:hdl:21.11113/0000-0016-C91E-5,https://creativecommons.org/licenses/by-nc-sa/4.0/,Distributed under a Creative Commons Attribution-NonCommercial-ShareAlike 4.0 International License.,GRETIL project,NONCOMMERCIAL_RESTRICTED,False,https://textgridrep.org/browse/textgrid:49kfs.0,Keep restricted; obtain permission or exclude from public/commercial use.
TG-GRE-0116,Ṛgvedavedāṅgajyotiṣa,Lagadha,Śāstra Collection,textgrid:49kft.0,textgrid:49kfw.0,textgrid:49kfv.0,handle:hdl:21.11113/0000-0016-C921-0,https://creativecommons.org/licenses/by-nc-sa/4.0/,Distributed under a Creative Commons Attribution-NonCommercial-ShareAlike 4.0 International License.,GRETIL project,NONCOMMERCIAL_RESTRICTED,False,https://textgridrep.org/browse/textgrid:49kfw.0,Keep restricted; obtain permission or exclude from public/commercial use.
TG-GRE-0117,Vaidyajīvana,Lolimbarāja,Śāstra Collection,textgrid:49kfx.0,textgrid:49kg0.0,textgrid:49kfz.0,handle:hdl:21.11113/0000-0016-C924-D,https://creativecommons.org/licenses/by-nc-sa/4.0/,Distributed under a Creative Commons Attribution-NonCommercial-ShareAlike 4.0 International License.,GRETIL project,NONCOMMERCIAL_RESTRICTED,False,https://textgridrep.org/browse/textgrid:49kg0.0,Keep restricted; obtain permission or exclude from public/commercial use.
TG-GRE-0118,Yogayātrā,Varāhamihira,Śāstra Collection,textgrid:49kg1.0,textgrid:49kg3.0,textgrid:49kg2.0,handle:hdl:21.11113/0000-0016-C927-A,https://creativecommons.org/licenses/by-nc-sa/4.0/,Distributed under a Creative Commons Attribution-NonCommercial-ShareAlike 4.0 International License.,GRETIL project,NONCOMMERCIAL_RESTRICTED,False,https://textgridrep.org/browse/textgrid:49kg3.0,Keep restricted; obtain permission or exclude from public/commercial use.
TG-GRE-0119,Yogaśataka,,Śāstra Collection,textgrid:49kg4.0,textgrid:49kg6.0,textgrid:49kg5.0,handle:hdl:21.11113/0000-0016-C92A-7,https://creativecommons.org/licenses/by-nc-sa/4.0/,Distributed under a Creative Commons Attribution-NonCommercial-ShareAlike 4.0 International License.,GRETIL project,NONCOMMERCIAL_RESTRICTED,False,https://textgridrep.org/browse/textgrid:49kg6.0,Keep restricted; obtain permission or exclude from public/commercial use.
TG-GRE-0120,Rasamañjarī,Śālinātha,Śāstra Collection,textgrid:49kg7.0,textgrid:49kg9.0,textgrid:49kg8.0,handle:hdl:21.11113/0000-0016-C92D-4,https://creativecommons.org/licenses/by-nc-sa/4.0/,Distributed under a Creative Commons Attribution-NonCommercial-ShareAlike 4.0 International License.,GRETIL project,NONCOMMERCIAL_RESTRICTED,False,https://textgridrep.org/browse/textgrid:49kg9.0,Keep restricted; obtain permission or exclude from public/commercial use.
TG-GRE-0121,Rasaprakāśasudhākara,Yaśodhara,Śāstra Collection,textgrid:49kgb.0,textgrid:49kgd.0,textgrid:49kgc.0,handle:hdl:21.11113/0000-0016-C930-F,https://creativecommons.org/licenses/by-nc-sa/4.0/,Distributed under a Creative Commons Attribution-NonCommercial-ShareAlike 4.0 International License.,GRETIL project,NONCOMMERCIAL_RESTRICTED,False,https://textgridrep.org/browse/textgrid:49kgd.0,Keep restricted; obtain permission or exclude from public/commercial use.
TG-GRE-0122,"Vākyapadīya, 1-3,7",Bhartṛhari,Śāstra Collection,textgrid:49kgf.0,textgrid:49kgh.0,textgrid:49kgg.0,handle:hdl:21.11113/0000-0016-C933-C,https://creativecommons.org/licenses/by-nc-sa/4.0/,Distributed under a Creative Commons Attribution-NonCommercial-ShareAlike 4.0 International License.,GRETIL project,NONCOMMERCIAL_RESTRICTED,False,https://textgridrep.org/browse/textgrid:49kgh.0,Keep restricted; obtain permission or exclude from public/commercial use.
TG-GRE-0123,Aṣṭāṅgahṛdayasūtra,Vāgbhaṭa,Śāstra Collection,textgrid:49kgj.0,textgrid:49kgm.0,textgrid:49kgk.0,handle:hdl:21.11113/0000-0016-C936-9,https://creativecommons.org/licenses/by-nc-sa/4.0/,Distributed under a Creative Commons Attribution-NonCommercial-ShareAlike 4.0 International License.,GRETIL project,NONCOMMERCIAL_RESTRICTED,False,https://textgridrep.org/browse/textgrid:49kgm.0,Keep restricted; obtain permission or exclude from public/commercial use.
TG-GRE-0124,Līlāvatī,Bhāskara,Śāstra Collection,textgrid:49kgn.0,textgrid:49kgq.0,textgrid:49kgp.0,handle:hdl:21.11113/0000-0016-C939-6,https://creativecommons.org/licenses/by-nc-sa/4.0/,Distributed under a Creative Commons Attribution-NonCommercial-ShareAlike 4.0 International License.,GRETIL project,NONCOMMERCIAL_RESTRICTED,False,https://textgridrep.org/browse/textgrid:49kgq.0,Keep restricted; obtain permission or exclude from public/commercial use.
TG-GRE-0125,Brāhmasphuṭasiddhānta,Brahmagupta,Śāstra Collection,textgrid:49kgr.0,textgrid:49kgt.0,textgrid:49kgs.0,handle:hdl:21.11113/0000-0016-C93C-3,https://creativecommons.org/licenses/by-nc-sa/4.0/,Distributed under a Creative Commons Attribution-NonCommercial-ShareAlike 4.0 International License.,GRETIL project,NONCOMMERCIAL_RESTRICTED,False,https://textgridrep.org/browse/textgrid:49kgt.0,Keep restricted; obtain permission or exclude from public/commercial use.
TG-GRE-0126,Ānandakanda,,Śāstra Collection,textgrid:49kgv.0,textgrid:49kgx.0,textgrid:49kgw.0,handle:hdl:21.11113/0000-0016-C93F-0,https://creativecommons.org/licenses/by-nc-sa/4.0/,Distributed under a Creative Commons Attribution-NonCommercial-ShareAlike 4.0 International License.,GRETIL project,NONCOMMERCIAL_RESTRICTED,False,https://textgridrep.org/browse/textgrid:49kgx.0,Keep restricted; obtain permission or exclude from public/commercial use.
TG-GRE-0127,Śaṅkhāyana-Āraṇyaka,,Veda Collection,textgrid:49kh0.0,textgrid:49kh2.0,textgrid:49kh1.0,handle:hdl:21.11113/0000-0016-C943-A,https://creativecommons.org/licenses/by-nc-sa/4.0/,Distributed under a Creative Commons Attribution-NonCommercial-ShareAlike 4.0 International License.,GRETIL project,NONCOMMERCIAL_RESTRICTED,False,https://textgridrep.org/browse/textgrid:49kh2.0,Keep restricted; obtain permission or exclude from public/commercial use.
TG-GRE-0128,"Gopathabrāhmaṇa 1,1.1-1,3.6",,Veda Collection,textgrid:49kh3.0,textgrid:49kh5.0,textgrid:49kh4.0,handle:hdl:21.11113/0000-0016-C946-7,https://creativecommons.org/licenses/by-nc-sa/4.0/,Distributed under a Creative Commons Attribution-NonCommercial-ShareAlike 4.0 International License.,GRETIL project,NONCOMMERCIAL_RESTRICTED,False,https://textgridrep.org/browse/textgrid:49kh5.0,Keep restricted; obtain permission or exclude from public/commercial use.
TG-GRE-0129,"Śatapatha-Brāhmaṇa, Mādhyaṃdina, 5",,Veda Collection,textgrid:49kh6.0,textgrid:49kh8.0,textgrid:49kh7.0,handle:hdl:21.11113/0000-0016-C949-4,https://creativecommons.org/licenses/by-nc-sa/4.0/,Distributed under a Creative Commons Attribution-NonCommercial-ShareAlike 4.0 International License.,GRETIL project,NONCOMMERCIAL_RESTRICTED,False,https://textgridrep.org/browse/textgrid:49kh8.0,Keep restricted; obtain permission or exclude from public/commercial use.
TG-GRE-0130,"Śatapatha-Brāhmaṇa, Mādhyaṃdina, 7",,Veda Collection,textgrid:49kh9.0,textgrid:49khc.0,textgrid:49khb.0,handle:hdl:21.11113/0000-0016-C94C-1,https://creativecommons.org/licenses/by-nc-sa/4.0/,Distributed under a Creative Commons Attribution-NonCommercial-ShareAlike 4.0 International License.,GRETIL project,NONCOMMERCIAL_RESTRICTED,False,https://textgridrep.org/browse/textgrid:49khc.0,Keep restricted; obtain permission or exclude from public/commercial use.
TG-GRE-0131,"Śatapatha-Brāhmaṇa, Mādhyaṃdina, 8",,Veda Collection,textgrid:49khd.0,textgrid:49khg.0,textgrid:49khf.0,handle:hdl:21.11113/0000-0016-C94F-E,https://creativecommons.org/licenses/by-nc-sa/4.0/,Distributed under a Creative Commons Attribution-NonCommercial-ShareAlike 4.0 International License.,GRETIL project,NONCOMMERCIAL_RESTRICTED,False,https://textgridrep.org/browse/textgrid:49khg.0,Keep restricted; obtain permission or exclude from public/commercial use.
TG-GRE-0132,"Śatapatha-Brāhmaṇa, Mādhyaṃdina, 9",,Veda Collection,textgrid:49khh.0,textgrid:49khk.0,textgrid:49khj.0,handle:hdl:21.11113/0000-0016-C952-9,https://creativecommons.org/licenses/by-nc-sa/4.0/,Distributed under a Creative Commons Attribution-NonCommercial-ShareAlike 4.0 International License.,GRETIL project,NONCOMMERCIAL_RESTRICTED,False,https://textgridrep.org/browse/textgrid:49khk.0,Keep restricted; obtain permission or exclude from public/commercial use.
TG-GRE-0133,"Śatapatha-Brāhmaṇa, Mādhyaṃdina, 11",,Veda Collection,textgrid:49khm.0,textgrid:49khp.0,textgrid:49khn.0,handle:hdl:21.11113/0000-0016-C955-6,https://creativecommons.org/licenses/by-nc-sa/4.0/,Distributed under a Creative Commons Attribution-NonCommercial-ShareAlike 4.0 International License.,GRETIL project,NONCOMMERCIAL_RESTRICTED,False,https://textgridrep.org/browse/textgrid:49khp.0,Keep restricted; obtain permission or exclude from public/commercial use.
TG-GRE-0134,"Śatapatha-Brāhmaṇa, Mādhyaṃdina, 13",,Veda Collection,textgrid:49khq.0,textgrid:49khs.0,textgrid:49khr.0,handle:hdl:21.11113/0000-0016-C958-3,https://creativecommons.org/licenses/by-nc-sa/4.0/,Distributed under a Creative Commons Attribution-NonCommercial-ShareAlike 4.0 International License.,GRETIL project,NONCOMMERCIAL_RESTRICTED,False,https://textgridrep.org/browse/textgrid:49khs.0,Keep restricted; obtain permission or exclude from public/commercial use.
TG-GRE-0135,"Śatapatha-Brāhmaṇa, Mādhyaṃdina, 1",,Veda Collection,textgrid:49kht.0,textgrid:49khw.0,textgrid:49khv.0,handle:hdl:21.11113/0000-0016-C95B-0,https://creativecommons.org/licenses/by-nc-sa/4.0/,Distributed under a Creative Commons Attribution-NonCommercial-ShareAlike 4.0 International License.,GRETIL project,NONCOMMERCIAL_RESTRICTED,False,https://textgridrep.org/browse/textgrid:49khw.0,Keep restricted; obtain permission or exclude from public/commercial use.
TG-GRE-0136,"Śatapatha-Brāhmaṇa, Mādhyaṃdina, 3",,Veda Collection,textgrid:49khx.0,textgrid:49kj0.0,textgrid:49khz.0,handle:hdl:21.11113/0000-0016-C95E-D,https://creativecommons.org/licenses/by-nc-sa/4.0/,Distributed under a Creative Commons Attribution-NonCommercial-ShareAlike 4.0 International License.,GRETIL project,NONCOMMERCIAL_RESTRICTED,False,https://textgridrep.org/browse/textgrid:49kj0.0,Keep restricted; obtain permission or exclude from public/commercial use.
TG-GRE-0137,"Śatapatha-Brāhmaṇa, Mādhyaṃdina, 4",,Veda Collection,textgrid:49kj1.0,textgrid:49kj3.0,textgrid:49kj2.0,handle:hdl:21.11113/0000-0016-C961-8,https://creativecommons.org/licenses/by-nc-sa/4.0/,Distributed under a Creative Commons Attribution-NonCommercial-ShareAlike 4.0 International License.,GRETIL project,NONCOMMERCIAL_RESTRICTED,False,https://textgridrep.org/browse/textgrid:49kj3.0,Keep restricted; obtain permission or exclude from public/commercial use.
TG-GRE-0138,"Śatapatha-Brāhmaṇa, Mādhyaṃdina, 14",,Veda Collection,textgrid:49kj4.0,textgrid:49kj6.0,textgrid:49kj5.0,handle:hdl:21.11113/0000-0016-C964-5,https://creativecommons.org/licenses/by-nc-sa/4.0/,Distributed under a Creative Commons Attribution-NonCommercial-ShareAlike 4.0 International License.,GRETIL project,NONCOMMERCIAL_RESTRICTED,False,https://textgridrep.org/browse/textgrid:49kj6.0,Keep restricted; obtain permission or exclude from public/commercial use.
TG-GRE-0139,Pañcaviṃśabrāhmaṇa,,Veda Collection,textgrid:49kj7.0,textgrid:49kj9.0,textgrid:49kj8.0,handle:hdl:21.11113/0000-0016-C967-2,https://creativecommons.org/licenses/by-nc-sa/4.0/,Distributed under a Creative Commons Attribution-NonCommercial-ShareAlike 4.0 International License.,GRETIL project,NONCOMMERCIAL_RESTRICTED,False,https://textgridrep.org/browse/textgrid:49kj9.0,Keep restricted; obtain permission or exclude from public/commercial use.
TG-GRE-0140,Gopathabrāhmaṇa,,Veda Collection,textgrid:49kjb.0,textgrid:49kjd.0,textgrid:49kjc.0,handle:hdl:21.11113/0000-0016-C96A-F,https://creativecommons.org/licenses/by-nc-sa/4.0/,Distributed under a Creative Commons Attribution-NonCommercial-ShareAlike 4.0 International License.,GRETIL project,NONCOMMERCIAL_RESTRICTED,False,https://textgridrep.org/browse/textgrid:49kjd.0,Keep restricted; obtain permission or exclude from public/commercial use.
TG-GRE-0141,Kauṣītakibrāhmaṇa (or Śāṅkhāyanabrāhmaṇa),,Veda Collection,textgrid:49kjf.0,textgrid:49kjh.0,textgrid:49kjg.0,handle:hdl:21.11113/0000-0016-C96D-C,https://creativecommons.org/licenses/by-nc-sa/4.0/,Distributed under a Creative Commons Attribution-NonCommercial-ShareAlike 4.0 International License.,GRETIL project,NONCOMMERCIAL_RESTRICTED,False,https://textgridrep.org/browse/textgrid:49kjh.0,Keep restricted; obtain permission or exclude from public/commercial use.
TG-GRE-0142,"Ṛgvedasaṃhitā, Padapāṭha",,Veda Collection,textgrid:49kjj.0,textgrid:49kjm.0,textgrid:49kjk.0,handle:hdl:21.11113/0000-0016-C970-7,https://creativecommons.org/licenses/by-nc-sa/4.0/,Distributed under a Creative Commons Attribution-NonCommercial-ShareAlike 4.0 International License.,GRETIL project,NONCOMMERCIAL_RESTRICTED,False,https://textgridrep.org/browse/textgrid:49kjm.0,Keep restricted; obtain permission or exclude from public/commercial use.
TG-GRE-0143,Maitrāyaṇī-Saṃhitā (analytic),,Veda Collection,textgrid:49kjn.0,textgrid:49kjq.0,textgrid:49kjp.0,handle:hdl:21.11113/0000-0016-C973-4,https://creativecommons.org/licenses/by-nc-sa/4.0/,Distributed under a Creative Commons Attribution-NonCommercial-ShareAlike 4.0 International License.,GRETIL project,NONCOMMERCIAL_RESTRICTED,False,https://textgridrep.org/browse/textgrid:49kjq.0,Keep restricted; obtain permission or exclude from public/commercial use.
TG-GRE-0144,Paippalāda-Saṃhitā,,Veda Collection,textgrid:49kjr.0,textgrid:49kjt.0,textgrid:49kjs.0,handle:hdl:21.11113/0000-0016-C976-1,https://creativecommons.org/licenses/by-nc-sa/4.0/,Distributed under a Creative Commons Attribution-NonCommercial-ShareAlike 4.0 International License.,GRETIL project,NONCOMMERCIAL_RESTRICTED,False,https://textgridrep.org/browse/textgrid:49kjt.0,Keep restricted; obtain permission or exclude from public/commercial use.
TG-GRE-0145,"Bṛhadāraṇyakopaniṣad, Kāṇva recension with the commentary ascribed to Śaṃkara",,Veda Collection,textgrid:49kjv.0,textgrid:49kjx.0,textgrid:49kjw.0,handle:hdl:21.11113/0000-0016-C979-E,https://creativecommons.org/licenses/by-nc-sa/4.0/,Distributed under a Creative Commons Attribution-NonCommercial-ShareAlike 4.0 International License.,GRETIL project,NONCOMMERCIAL_RESTRICTED,False,https://textgridrep.org/browse/textgrid:49kjx.0,Keep restricted; obtain permission or exclude from public/commercial use.
TG-GRE-0146,Māṇḍūkyopaniṣad,,Veda Collection,textgrid:49kjz.0,textgrid:49kk1.0,textgrid:49kk0.0,handle:hdl:21.11113/0000-0016-C97C-B,https://creativecommons.org/licenses/by-nc-sa/4.0/,Distributed under a Creative Commons Attribution-NonCommercial-ShareAlike 4.0 International License.,GRETIL project,NONCOMMERCIAL_RESTRICTED,False,https://textgridrep.org/browse/textgrid:49kk1.0,Keep restricted; obtain permission or exclude from public/commercial use.
TG-GRE-0147,"Māṇḍūkyopaniṣatkārikā (also known as Gauḍapādakārikā, Māṇḍūkyakārikā or Āgamaśāstra)",,Veda Collection,textgrid:49kk2.0,textgrid:49kk4.0,textgrid:49kk3.0,handle:hdl:21.11113/0000-0016-C97F-8,https://creativecommons.org/licenses/by-nc-sa/4.0/,Distributed under a Creative Commons Attribution-NonCommercial-ShareAlike 4.0 International License.,GRETIL project,NONCOMMERCIAL_RESTRICTED,False,https://textgridrep.org/browse/textgrid:49kk4.0,Keep restricted; obtain permission or exclude from public/commercial use.
TG-GRE-0148,Śira-upaniṣad (= Atharvaśira-upanisad),,Veda Collection,textgrid:49kk5.0,textgrid:49kk7.0,textgrid:49kk6.0,handle:hdl:21.11113/0000-0016-C982-2,https://creativecommons.org/licenses/by-nc-sa/4.0/,Distributed under a Creative Commons Attribution-NonCommercial-ShareAlike 4.0 International License.,GRETIL project,NONCOMMERCIAL_RESTRICTED,False,https://textgridrep.org/browse/textgrid:49kk7.0,Keep restricted; obtain permission or exclude from public/commercial use.
TG-GRE-0149,Nādabindūpaniṣad,,Veda Collection,textgrid:49kk8.0,textgrid:49kkb.0,textgrid:49kk9.0,handle:hdl:21.11113/0000-0016-C985-F,https://creativecommons.org/licenses/by-nc-sa/4.0/,Distributed under a Creative Commons Attribution-NonCommercial-ShareAlike 4.0 International License.,GRETIL project,NONCOMMERCIAL_RESTRICTED,False,https://textgridrep.org/browse/textgrid:49kkb.0,Keep restricted; obtain permission or exclude from public/commercial use.
TG-GRE-0150,Śvetāśvataropaniṣad,,Veda Collection,textgrid:49kkc.0,textgrid:49kkf.0,textgrid:49kkd.0,handle:hdl:21.11113/0000-0016-C988-C,https://creativecommons.org/licenses/by-nc-sa/4.0/,Distributed under a Creative Commons Attribution-NonCommercial-ShareAlike 4.0 International License.,GRETIL project,NONCOMMERCIAL_RESTRICTED,False,https://textgridrep.org/browse/textgrid:49kkf.0,Keep restricted; obtain permission or exclude from public/commercial use.
TG-GRE-0151,Śivasaṃkalpopaniṣad,,Veda Collection,textgrid:49kkg.0,textgrid:49kkj.0,textgrid:49kkh.0,handle:hdl:21.11113/0000-0016-C98B-9,https://creativecommons.org/licenses/by-nc-sa/4.0/,Distributed under a Creative Commons Attribution-NonCommercial-ShareAlike 4.0 International License.,GRETIL project,NONCOMMERCIAL_RESTRICTED,False,https://textgridrep.org/browse/textgrid:49kkj.0,Keep restricted; obtain permission or exclude from public/commercial use.
TG-GRE-0152,Praśnopaniṣad with the commentary ascribed to Śaṃkara,,Veda Collection,textgrid:49kkk.0,textgrid:49kkn.0,textgrid:49kkm.0,handle:hdl:21.11113/0000-0016-C98E-6,https://creativecommons.org/licenses/by-nc-sa/4.0/,Distributed under a Creative Commons Attribution-NonCommercial-ShareAlike 4.0 International License.,GRETIL project,NONCOMMERCIAL_RESTRICTED,False,https://textgridrep.org/browse/textgrid:49kkn.0,Keep restricted; obtain permission or exclude from public/commercial use.
TG-GRE-0153,Śvetāśvataropaniṣad,,Veda Collection,textgrid:49kkp.0,textgrid:49kkr.0,textgrid:49kkq.0,handle:hdl:21.11113/0000-0016-C991-1,https://creativecommons.org/licenses/by-nc-sa/4.0/,Distributed under a Creative Commons Attribution-NonCommercial-ShareAlike 4.0 International License.,GRETIL project,NONCOMMERCIAL_RESTRICTED,False,https://textgridrep.org/browse/textgrid:49kkr.0,Keep restricted; obtain permission or exclude from public/commercial use.
TG-GRE-0154,Brahmabindūpaniṣad,,Veda Collection,textgrid:49kks.0,textgrid:49kkv.0,textgrid:49kkt.0,handle:hdl:21.11113/0000-0016-C994-E,https://creativecommons.org/licenses/by-nc-sa/4.0/,Distributed under a Creative Commons Attribution-NonCommercial-ShareAlike 4.0 International License.,GRETIL project,NONCOMMERCIAL_RESTRICTED,False,https://textgridrep.org/browse/textgrid:49kkv.0,Keep restricted; obtain permission or exclude from public/commercial use.
TG-GRE-0155,Garbhopaniṣad,,Veda Collection,textgrid:49kkw.0,textgrid:49kkz.0,textgrid:49kkx.0,handle:hdl:21.11113/0000-0016-C997-B,https://creativecommons.org/licenses/by-nc-sa/4.0/,Distributed under a Creative Commons Attribution-NonCommercial-ShareAlike 4.0 International License.,GRETIL project,NONCOMMERCIAL_RESTRICTED,False,https://textgridrep.org/browse/textgrid:49kkz.0,Keep restricted; obtain permission or exclude from public/commercial use.
TG-GRE-0156,"Īśopaniṣad (or Īśāvāsyopaniṣad), Kāṇva recension with the commentary ascribed to Śaṃkara",,Veda Collection,textgrid:49km0.0,textgrid:49km2.0,textgrid:49km1.0,handle:hdl:21.11113/0000-0016-C99A-8,https://creativecommons.org/licenses/by-nc-sa/4.0/,Distributed under a Creative Commons Attribution-NonCommercial-ShareAlike 4.0 International License.,GRETIL project,NONCOMMERCIAL_RESTRICTED,False,https://textgridrep.org/browse/textgrid:49km2.0,Keep restricted; obtain permission or exclude from public/commercial use.
TG-GRE-0157,Kaivalyopaniṣad,,Veda Collection,textgrid:49km3.0,textgrid:49km5.0,textgrid:49km4.0,handle:hdl:21.11113/0000-0016-C99D-5,https://creativecommons.org/licenses/by-nc-sa/4.0/,Distributed under a Creative Commons Attribution-NonCommercial-ShareAlike 4.0 International License.,GRETIL project,NONCOMMERCIAL_RESTRICTED,False,https://textgridrep.org/browse/textgrid:49km5.0,Keep restricted; obtain permission or exclude from public/commercial use.
TG-GRE-0158,Kathopaniṣad,,Veda Collection,textgrid:49km6.0,textgrid:49km8.0,textgrid:49km7.0,handle:hdl:21.11113/0000-0016-C9A0-0,https://creativecommons.org/licenses/by-nc-sa/4.0/,Distributed under a Creative Commons Attribution-NonCommercial-ShareAlike 4.0 International License.,GRETIL project,NONCOMMERCIAL_RESTRICTED,False,https://textgridrep.org/browse/textgrid:49km8.0,Keep restricted; obtain permission or exclude from public/commercial use.
TG-GRE-0159,"Śatapatha-Brāhmaṇa, Mādhyaṃdina, 10",,Veda Collection,textgrid:49km9.0,textgrid:49kmc.0,textgrid:49kmb.0,handle:hdl:21.11113/0000-0016-C9A3-D,https://creativecommons.org/licenses/by-nc-sa/4.0/,Distributed under a Creative Commons Attribution-NonCommercial-ShareAlike 4.0 International License.,GRETIL project,NONCOMMERCIAL_RESTRICTED,False,https://textgridrep.org/browse/textgrid:49kmc.0,Keep restricted; obtain permission or exclude from public/commercial use.
TG-GRE-0160,Ṛgvedakhilāni,,Veda Collection,textgrid:49kmd.0,textgrid:49kmg.0,textgrid:49kmf.0,handle:hdl:21.11113/0000-0016-C9A6-A,https://creativecommons.org/licenses/by-nc-sa/4.0/,Distributed under a Creative Commons Attribution-NonCommercial-ShareAlike 4.0 International License.,GRETIL project,NONCOMMERCIAL_RESTRICTED,False,https://textgridrep.org/browse/textgrid:49kmg.0,Keep restricted; obtain permission or exclude from public/commercial use.
TG-GRE-0161,Aitareyopaniṣad with the commentary ascribed to Śaṃkara,,Veda Collection,textgrid:49kmh.0,textgrid:49kmk.0,textgrid:49kmj.0,handle:hdl:21.11113/0000-0016-C9A9-7,https://creativecommons.org/licenses/by-nc-sa/4.0/,Distributed under a Creative Commons Attribution-NonCommercial-ShareAlike 4.0 International License.,GRETIL project,NONCOMMERCIAL_RESTRICTED,False,https://textgridrep.org/browse/textgrid:49kmk.0,Keep restricted; obtain permission or exclude from public/commercial use.
TG-GRE-0162,"Śatapatha-Brāhmaṇa, Mādhyaṃdina, 2",,Veda Collection,textgrid:49kmm.0,textgrid:49kmp.0,textgrid:49kmn.0,handle:hdl:21.11113/0000-0016-C9AC-4,https://creativecommons.org/licenses/by-nc-sa/4.0/,Distributed under a Creative Commons Attribution-NonCommercial-ShareAlike 4.0 International License.,GRETIL project,NONCOMMERCIAL_RESTRICTED,False,https://textgridrep.org/browse/textgrid:49kmp.0,Keep restricted; obtain permission or exclude from public/commercial use.
TG-GRE-0163,"Śatapatha-Brāhmaṇa, Mādhyaṃdina, 6",,Veda Collection,textgrid:49kmq.0,textgrid:49kms.0,textgrid:49kmr.0,handle:hdl:21.11113/0000-0016-C9AF-1,https://creativecommons.org/licenses/by-nc-sa/4.0/,Distributed under a Creative Commons Attribution-NonCommercial-ShareAlike 4.0 International License.,GRETIL project,NONCOMMERCIAL_RESTRICTED,False,https://textgridrep.org/browse/textgrid:49kms.0,Keep restricted; obtain permission or exclude from public/commercial use.
TG-GRE-0164,"Māṇḍūkyopaniṣad with Māṇḍūkyamūlamantrabhāṣya, Māṇḍūkyopaniṣatkārikā, and Āgamaśāstrabhāṣya",,Veda Collection,textgrid:49kmt.0,textgrid:49kmw.0,textgrid:49kmv.0,handle:hdl:21.11113/0000-0016-C9B2-C,https://creativecommons.org/licenses/by-nc-sa/4.0/,Distributed under a Creative Commons Attribution-NonCommercial-ShareAlike 4.0 International License.,GRETIL project,NONCOMMERCIAL_RESTRICTED,False,https://textgridrep.org/browse/textgrid:49kmw.0,Keep restricted; obtain permission or exclude from public/commercial use.
TG-GRE-0165,Taittirīya-Upaniṣad with Śaṃkarabhāṣya,,Veda Collection,textgrid:49kmx.0,textgrid:49kn0.0,textgrid:49kmz.0,handle:hdl:21.11113/0000-0016-C9B5-9,https://creativecommons.org/licenses/by-nc-sa/4.0/,Distributed under a Creative Commons Attribution-NonCommercial-ShareAlike 4.0 International License.,GRETIL project,NONCOMMERCIAL_RESTRICTED,False,https://textgridrep.org/browse/textgrid:49kn0.0,Keep restricted; obtain permission or exclude from public/commercial use.
TG-GRE-0166,Sāmavedasaṃhitā,,Veda Collection,textgrid:49kn1.0,textgrid:49kn3.0,textgrid:49kn2.0,handle:hdl:21.11113/0000-0016-C9B8-6,https://creativecommons.org/licenses/by-nc-sa/4.0/,Distributed under a Creative Commons Attribution-NonCommercial-ShareAlike 4.0 International License.,GRETIL project,NONCOMMERCIAL_RESTRICTED,False,https://textgridrep.org/browse/textgrid:49kn3.0,Keep restricted; obtain permission or exclude from public/commercial use.
TG-GRE-0167,Maitrāyaṇī Saṃhitā (plain),,Veda Collection,textgrid:49kn4.0,textgrid:49kn6.0,textgrid:49kn5.0,handle:hdl:21.11113/0000-0016-C9BB-3,https://creativecommons.org/licenses/by-nc-sa/4.0/,Distributed under a Creative Commons Attribution-NonCommercial-ShareAlike 4.0 International License.,GRETIL project,NONCOMMERCIAL_RESTRICTED,False,https://textgridrep.org/browse/textgrid:49kn6.0,Keep restricted; obtain permission or exclude from public/commercial use.
TG-GRE-0168,Chāndogyopaniṣad with the commentary ascribed to Śaṃkara,,Veda Collection,textgrid:49kn7.0,textgrid:49kn9.0,textgrid:49kn8.0,handle:hdl:21.11113/0000-0016-C9BE-0,https://creativecommons.org/licenses/by-nc-sa/4.0/,Distributed under a Creative Commons Attribution-NonCommercial-ShareAlike 4.0 International License.,GRETIL project,NONCOMMERCIAL_RESTRICTED,False,https://textgridrep.org/browse/textgrid:49kn9.0,Keep restricted; obtain permission or exclude from public/commercial use.
TG-GRE-0169,"Atharvaveda-Saṃhitā, Śaunaka (unaccented)",,Veda Collection,textgrid:49knb.0,textgrid:49knd.0,textgrid:49knc.0,handle:hdl:21.11113/0000-0016-C9C1-B,https://creativecommons.org/licenses/by-nc-sa/4.0/,Distributed under a Creative Commons Attribution-NonCommercial-ShareAlike 4.0 International License.,GRETIL project,NONCOMMERCIAL_RESTRICTED,False,https://textgridrep.org/browse/textgrid:49knd.0,Keep restricted; obtain permission or exclude from public/commercial use.
TG-GRE-0170,Ṛgveda-Saṃhitā,,Veda Collection,textgrid:49knf.0,textgrid:49knh.0,textgrid:49kng.0,handle:hdl:21.11113/0000-0016-C9C4-8,https://creativecommons.org/licenses/by-nc-sa/4.0/,Distributed under a Creative Commons Attribution-NonCommercial-ShareAlike 4.0 International License.,GRETIL project,NONCOMMERCIAL_RESTRICTED,False,https://textgridrep.org/browse/textgrid:49knh.0,Keep restricted; obtain permission or exclude from public/commercial use.
TG-GRE-0171,"Atharvaveda-Saṃhitā, Śaunaka",,Veda Collection,textgrid:49knj.0,textgrid:49knm.0,textgrid:49knk.0,handle:hdl:21.11113/0000-0016-C9C7-5,https://creativecommons.org/licenses/by-nc-sa/4.0/,Distributed under a Creative Commons Attribution-NonCommercial-ShareAlike 4.0 International License.,GRETIL project,NONCOMMERCIAL_RESTRICTED,False,https://textgridrep.org/browse/textgrid:49knm.0,Keep restricted; obtain permission or exclude from public/commercial use.
TG-GRE-0172,Caitanyacandrāmṛta,Prabodhānandasarasvatī,Religious Literature Collection,textgrid:49knp.0,textgrid:49knr.0,textgrid:49knq.0,handle:hdl:21.11113/0000-0016-C9CB-1,https://creativecommons.org/licenses/by-nc-sa/4.0/,Distributed under a Creative Commons Attribution-NonCommercial-ShareAlike 4.0 International License.,GRETIL project,NONCOMMERCIAL_RESTRICTED,False,https://textgridrep.org/browse/textgrid:49knr.0,Keep restricted; obtain permission or exclude from public/commercial use.
TG-GRE-0173,Bhāvopahārastotra with Vivaraṇa commentary by Ramyadeva Bhaṭṭa,Cakrapāṇinātha,Religious Literature Collection,textgrid:49kns.0,textgrid:49knv.0,textgrid:49knt.0,handle:hdl:21.11113/0000-0016-C9CE-E,https://creativecommons.org/licenses/by-nc-sa/4.0/,Distributed under a Creative Commons Attribution-NonCommercial-ShareAlike 4.0 International License.,GRETIL project,NONCOMMERCIAL_RESTRICTED,False,https://textgridrep.org/browse/textgrid:49knv.0,Keep restricted; obtain permission or exclude from public/commercial use.
TG-GRE-0174,Stotraratna,Yāmuna,Religious Literature Collection,textgrid:49knw.0,textgrid:49knz.0,textgrid:49knx.0,handle:hdl:21.11113/0000-0016-C9D1-9,https://creativecommons.org/licenses/by-nc-sa/4.0/,Distributed under a Creative Commons Attribution-NonCommercial-ShareAlike 4.0 International License.,GRETIL project,NONCOMMERCIAL_RESTRICTED,False,https://textgridrep.org/browse/textgrid:49knz.0,Keep restricted; obtain permission or exclude from public/commercial use.
TG-GRE-0175,Bījanighaṇṭu,,Religious Literature Collection,textgrid:49kp0.0,textgrid:49kp2.0,textgrid:49kp1.0,handle:hdl:21.11113/0000-0016-C9D4-6,https://creativecommons.org/licenses/by-nc-sa/4.0/,Distributed under a Creative Commons Attribution-NonCommercial-ShareAlike 4.0 International License.,GRETIL project,NONCOMMERCIAL_RESTRICTED,False,https://textgridrep.org/browse/textgrid:49kp2.0,Keep restricted; obtain permission or exclude from public/commercial use.
TG-GRE-0176,Śivamahimnastava,,Religious Literature Collection,textgrid:49kp3.0,textgrid:49kp5.0,textgrid:49kp4.0,handle:hdl:21.11113/0000-0016-C9D7-3,https://creativecommons.org/licenses/by-nc-sa/4.0/,Distributed under a Creative Commons Attribution-NonCommercial-ShareAlike 4.0 International License.,GRETIL project,NONCOMMERCIAL_RESTRICTED,False,https://textgridrep.org/browse/textgrid:49kp5.0,Keep restricted; obtain permission or exclude from public/commercial use.
TG-GRE-0177,Devīkālottarāgama,,Religious Literature Collection,textgrid:49kp6.0,textgrid:49kp8.0,textgrid:49kp7.0,handle:hdl:21.11113/0000-0016-C9DA-0,https://creativecommons.org/licenses/by-nc-sa/4.0/,Distributed under a Creative Commons Attribution-NonCommercial-ShareAlike 4.0 International License.,GRETIL project,NONCOMMERCIAL_RESTRICTED,False,https://textgridrep.org/browse/textgrid:49kp8.0,Keep restricted; obtain permission or exclude from public/commercial use.
TG-GRE-0178,Āmaraughaśāsana,Gorakṣanātha,Religious Literature Collection,textgrid:49kp9.0,textgrid:49kpc.0,textgrid:49kpb.0,handle:hdl:21.11113/0000-0016-C9DD-D,https://creativecommons.org/licenses/by-nc-sa/4.0/,Distributed under a Creative Commons Attribution-NonCommercial-ShareAlike 4.0 International License.,GRETIL project,NONCOMMERCIAL_RESTRICTED,False,https://textgridrep.org/browse/textgrid:49kpc.0,Keep restricted; obtain permission or exclude from public/commercial use.
TG-GRE-0179,Sārdhatriśatikālottarāgama,,Religious Literature Collection,textgrid:49kpd.0,textgrid:49kpg.0,textgrid:49kpf.0,handle:hdl:21.11113/0000-0016-C9E0-8,https://creativecommons.org/licenses/by-nc-sa/4.0/,Distributed under a Creative Commons Attribution-NonCommercial-ShareAlike 4.0 International License.,GRETIL project,NONCOMMERCIAL_RESTRICTED,False,https://textgridrep.org/browse/textgrid:49kpg.0,Keep restricted; obtain permission or exclude from public/commercial use.
TG-GRE-0180,Sātvatatantra,,Religious Literature Collection,textgrid:49kph.0,textgrid:49kpk.0,textgrid:49kpj.0,handle:hdl:21.11113/0000-0016-C9E3-5,https://creativecommons.org/licenses/by-nc-sa/4.0/,Distributed under a Creative Commons Attribution-NonCommercial-ShareAlike 4.0 International License.,GRETIL project,NONCOMMERCIAL_RESTRICTED,False,https://textgridrep.org/browse/textgrid:49kpk.0,Keep restricted; obtain permission or exclude from public/commercial use.
TG-GRE-0181,Gorakṣaśataka,Gorakṣanātha (= Gorakhnāth),Religious Literature Collection,textgrid:49kpm.0,textgrid:49kpp.0,textgrid:49kpn.0,handle:hdl:21.11113/0000-0016-C9E6-2,https://creativecommons.org/licenses/by-nc-sa/4.0/,Distributed under a Creative Commons Attribution-NonCommercial-ShareAlike 4.0 International License.,GRETIL project,NONCOMMERCIAL_RESTRICTED,False,https://textgridrep.org/browse/textgrid:49kpp.0,Keep restricted; obtain permission or exclude from public/commercial use.
TG-GRE-0182,Rādhākṛṣṇāṣṭakālīyalīlāsmaraṇakramapaddhati,Dhyānacandragosvāmin,Religious Literature Collection,textgrid:49kpq.0,textgrid:49kps.0,textgrid:49kpr.0,handle:hdl:21.11113/0000-0016-C9E9-F,https://creativecommons.org/licenses/by-nc-sa/4.0/,Distributed under a Creative Commons Attribution-NonCommercial-ShareAlike 4.0 International License.,GRETIL project,NONCOMMERCIAL_RESTRICTED,False,https://textgridrep.org/browse/textgrid:49kps.0,Keep restricted; obtain permission or exclude from public/commercial use.
TG-GRE-0183,Gorakṣaśataka,(= Gorakhnāth),Religious Literature Collection,textgrid:49kpt.0,textgrid:49kpw.0,textgrid:49kpv.0,handle:hdl:21.11113/0000-0016-C9EC-C,https://creativecommons.org/licenses/by-nc-sa/4.0/,Distributed under a Creative Commons Attribution-NonCommercial-ShareAlike 4.0 International License.,GRETIL project,NONCOMMERCIAL_RESTRICTED,False,https://textgridrep.org/browse/textgrid:49kpw.0,Keep restricted; obtain permission or exclude from public/commercial use.
TG-GRE-0184,Stavacintāmaṇi,Bhaṭṭanārāyaṇa,Religious Literature Collection,textgrid:49kpx.0,textgrid:49kq0.0,textgrid:49kpz.0,handle:hdl:21.11113/0000-0016-C9EF-9,https://creativecommons.org/licenses/by-nc-sa/4.0/,Distributed under a Creative Commons Attribution-NonCommercial-ShareAlike 4.0 International License.,GRETIL project,NONCOMMERCIAL_RESTRICTED,False,https://textgridrep.org/browse/textgrid:49kq0.0,Keep restricted; obtain permission or exclude from public/commercial use.
TG-GRE-0185,Uḍḍāmareśvaratantra,,Religious Literature Collection,textgrid:49kq1.0,textgrid:49kq3.0,textgrid:49kq2.0,handle:hdl:21.11113/0000-0016-C9F2-4,https://creativecommons.org/licenses/by-nc-sa/4.0/,Distributed under a Creative Commons Attribution-NonCommercial-ShareAlike 4.0 International License.,GRETIL project,NONCOMMERCIAL_RESTRICTED,False,https://textgridrep.org/browse/textgrid:49kq3.0,Keep restricted; obtain permission or exclude from public/commercial use.
TG-GRE-0186,Toḍalatantra,,Religious Literature Collection,textgrid:49kq4.0,textgrid:49kq6.0,textgrid:49kq5.0,handle:hdl:21.11113/0000-0016-C9F5-1,https://creativecommons.org/licenses/by-nc-sa/4.0/,Distributed under a Creative Commons Attribution-NonCommercial-ShareAlike 4.0 International License.,GRETIL project,NONCOMMERCIAL_RESTRICTED,False,https://textgridrep.org/browse/textgrid:49kq6.0,Keep restricted; obtain permission or exclude from public/commercial use.
TG-GRE-0187,Śivastotrāvali,Utpaladeva,Religious Literature Collection,textgrid:49kq7.0,textgrid:49kq9.0,textgrid:49kq8.0,handle:hdl:21.11113/0000-0016-C9F8-E,https://creativecommons.org/licenses/by-nc-sa/4.0/,Distributed under a Creative Commons Attribution-NonCommercial-ShareAlike 4.0 International License.,GRETIL project,NONCOMMERCIAL_RESTRICTED,False,https://textgridrep.org/browse/textgrid:49kq9.0,Keep restricted; obtain permission or exclude from public/commercial use.
TG-GRE-0188,Śivasūtra with vārttika,,Religious Literature Collection,textgrid:49kqb.0,textgrid:49kqd.0,textgrid:49kqc.0,handle:hdl:21.11113/0000-0016-C9FB-B,https://creativecommons.org/licenses/by-nc-sa/4.0/,Distributed under a Creative Commons Attribution-NonCommercial-ShareAlike 4.0 International License.,GRETIL project,NONCOMMERCIAL_RESTRICTED,False,https://textgridrep.org/browse/textgrid:49kqd.0,Keep restricted; obtain permission or exclude from public/commercial use.
TG-GRE-0189,Śivapūjāstava,Jñānaśambhu (c. 12th cent.),Religious Literature Collection,textgrid:49kqf.0,textgrid:49kqh.0,textgrid:49kqg.0,handle:hdl:21.11113/0000-0016-C9FE-8,https://creativecommons.org/licenses/by-nc-sa/4.0/,Distributed under a Creative Commons Attribution-NonCommercial-ShareAlike 4.0 International License.,GRETIL project,NONCOMMERCIAL_RESTRICTED,False,https://textgridrep.org/browse/textgrid:49kqh.0,Keep restricted; obtain permission or exclude from public/commercial use.
TG-GRE-0190,Vīṇāśikhatantra,,Religious Literature Collection,textgrid:49kqj.0,textgrid:49kqm.0,textgrid:49kqk.0,handle:hdl:21.11113/0000-0016-CA01-3,https://creativecommons.org/licenses/by-nc-sa/4.0/,Distributed under a Creative Commons Attribution-NonCommercial-ShareAlike 4.0 International License.,GRETIL project,NONCOMMERCIAL_RESTRICTED,False,https://textgridrep.org/browse/textgrid:49kqm.0,Keep restricted; obtain permission or exclude from public/commercial use.
TG-GRE-0191,Ratnatrayaparīkṣā,Śrīkaṇṭha,Religious Literature Collection,textgrid:49kqn.0,textgrid:49kqq.0,textgrid:49kqp.0,handle:hdl:21.11113/0000-0016-CA04-0,https://creativecommons.org/licenses/by-nc-sa/4.0/,Distributed under a Creative Commons Attribution-NonCommercial-ShareAlike 4.0 International License.,GRETIL project,NONCOMMERCIAL_RESTRICTED,False,https://textgridrep.org/browse/textgrid:49kqq.0,Keep restricted; obtain permission or exclude from public/commercial use.
TG-GRE-0192,Ardhanarīśvarastotra,Kalhaṇa,Religious Literature Collection,textgrid:49kqr.0,textgrid:49kqt.0,textgrid:49kqs.0,handle:hdl:21.11113/0000-0016-CA07-D,https://creativecommons.org/licenses/by-nc-sa/4.0/,Distributed under a Creative Commons Attribution-NonCommercial-ShareAlike 4.0 International License.,GRETIL project,NONCOMMERCIAL_RESTRICTED,False,https://textgridrep.org/browse/textgrid:49kqt.0,Keep restricted; obtain permission or exclude from public/commercial use.
TG-GRE-0193,Mukundamālā,Kulaśekhara,Religious Literature Collection,textgrid:49kqv.0,textgrid:49kqx.0,textgrid:49kqw.0,handle:hdl:21.11113/0000-0016-CA0A-A,https://creativecommons.org/licenses/by-nc-sa/4.0/,Distributed under a Creative Commons Attribution-NonCommercial-ShareAlike 4.0 International License.,GRETIL project,NONCOMMERCIAL_RESTRICTED,False,https://textgridrep.org/browse/textgrid:49kqx.0,Keep restricted; obtain permission or exclude from public/commercial use.
TG-GRE-0194,Karatoyāmāhātmya,,Religious Literature Collection,textgrid:49kqz.0,textgrid:49kr1.0,textgrid:49kr0.0,handle:hdl:21.11113/0000-0016-CA0D-7,https://creativecommons.org/licenses/by-nc-sa/4.0/,Distributed under a Creative Commons Attribution-NonCommercial-ShareAlike 4.0 International License.,GRETIL project,NONCOMMERCIAL_RESTRICTED,False,https://textgridrep.org/browse/textgrid:49kr1.0,Keep restricted; obtain permission or exclude from public/commercial use.
TG-GRE-0195,Kṛṣṇāmṛtamahārṇava,Mādhva Ānandatīrtha,Religious Literature Collection,textgrid:49kr2.0,textgrid:49kr4.0,textgrid:49kr3.0,handle:hdl:21.11113/0000-0016-CA10-2,https://creativecommons.org/licenses/by-nc-sa/4.0/,Distributed under a Creative Commons Attribution-NonCommercial-ShareAlike 4.0 International License.,GRETIL project,NONCOMMERCIAL_RESTRICTED,False,https://textgridrep.org/browse/textgrid:49kr4.0,Keep restricted; obtain permission or exclude from public/commercial use.
TG-GRE-0196,Pāśupatasūtra,,Religious Literature Collection,textgrid:49kr5.0,textgrid:49kr7.0,textgrid:49kr6.0,handle:hdl:21.11113/0000-0016-CA13-F,https://creativecommons.org/licenses/by-nc-sa/4.0/,Distributed under a Creative Commons Attribution-NonCommercial-ShareAlike 4.0 International License.,GRETIL project,NONCOMMERCIAL_RESTRICTED,False,https://textgridrep.org/browse/textgrid:49kr7.0,Keep restricted; obtain permission or exclude from public/commercial use.
TG-GRE-0197,Saundaryalaharī,Śaṃkara (attrib.),Religious Literature Collection,textgrid:49kr8.0,textgrid:49krb.0,textgrid:49kr9.0,handle:hdl:21.11113/0000-0016-CA16-C,https://creativecommons.org/licenses/by-nc-sa/4.0/,Distributed under a Creative Commons Attribution-NonCommercial-ShareAlike 4.0 International License.,GRETIL project,NONCOMMERCIAL_RESTRICTED,False,https://textgridrep.org/browse/textgrid:49krb.0,Keep restricted; obtain permission or exclude from public/commercial use.
TG-GRE-0198,Brahmasaṃhitā 5 with Jīvagosvāmin's Digdarśanīṭīkā,,Religious Literature Collection,textgrid:49krc.0,textgrid:49krf.0,textgrid:49krd.0,handle:hdl:21.11113/0000-0016-CA19-9,https://creativecommons.org/licenses/by-nc-sa/4.0/,Distributed under a Creative Commons Attribution-NonCommercial-ShareAlike 4.0 International License.,GRETIL project,NONCOMMERCIAL_RESTRICTED,False,https://textgridrep.org/browse/textgrid:49krf.0,Keep restricted; obtain permission or exclude from public/commercial use.
TG-GRE-0199,Gauragaovindārcanasmaraṇapaddhati,Dhyānacandragosvāmin,Religious Literature Collection,textgrid:49krg.0,textgrid:49krj.0,textgrid:49krh.0,handle:hdl:21.11113/0000-0016-CA1C-6,https://creativecommons.org/licenses/by-nc-sa/4.0/,Distributed under a Creative Commons Attribution-NonCommercial-ShareAlike 4.0 International License.,GRETIL project,NONCOMMERCIAL_RESTRICTED,False,https://textgridrep.org/browse/textgrid:49krj.0,Keep restricted; obtain permission or exclude from public/commercial use.
TG-GRE-0200,Laghubhāgavatāmṛta,Rūpagosvāmin,Religious Literature Collection,textgrid:49krk.0,textgrid:49krn.0,textgrid:49krm.0,handle:hdl:21.11113/0000-0016-CA1F-3,https://creativecommons.org/licenses/by-nc-sa/4.0/,Distributed under a Creative Commons Attribution-NonCommercial-ShareAlike 4.0 International License.,GRETIL project,NONCOMMERCIAL_RESTRICTED,False,https://textgridrep.org/browse/textgrid:49krn.0,Keep restricted; obtain permission or exclude from public/commercial use.
TG-GRE-0201,Muktācarita,Raghunāthadāsagosvāmin,Religious Literature Collection,textgrid:49krp.0,textgrid:49krr.0,textgrid:49krq.0,handle:hdl:21.11113/0000-0016-CA22-E,https://creativecommons.org/licenses/by-nc-sa/4.0/,Distributed under a Creative Commons Attribution-NonCommercial-ShareAlike 4.0 International License.,GRETIL project,NONCOMMERCIAL_RESTRICTED,False,https://textgridrep.org/browse/textgrid:49krr.0,Keep restricted; obtain permission or exclude from public/commercial use.
TG-GRE-0202,Rādhākṛṣṇārcanadīpikā,Jīvagosvāmin,Religious Literature Collection,textgrid:49krs.0,textgrid:49krv.0,textgrid:49krt.0,handle:hdl:21.11113/0000-0016-CA25-B,https://creativecommons.org/licenses/by-nc-sa/4.0/,Distributed under a Creative Commons Attribution-NonCommercial-ShareAlike 4.0 International License.,GRETIL project,NONCOMMERCIAL_RESTRICTED,False,https://textgridrep.org/browse/textgrid:49krv.0,Keep restricted; obtain permission or exclude from public/commercial use.
TG-GRE-0203,Mātṛkābhedatantra,,Religious Literature Collection,textgrid:49krw.0,textgrid:49krz.0,textgrid:49krx.0,handle:hdl:21.11113/0000-0016-CA28-8,https://creativecommons.org/licenses/by-nc-sa/4.0/,Distributed under a Creative Commons Attribution-NonCommercial-ShareAlike 4.0 International License.,GRETIL project,NONCOMMERCIAL_RESTRICTED,False,https://textgridrep.org/browse/textgrid:49krz.0,Keep restricted; obtain permission or exclude from public/commercial use.
TG-GRE-0204,Harināmacintāmaṇi,Bhaktivinoda (1838-1914) Kedāranāthadatta,Religious Literature Collection,textgrid:49ks0.0,textgrid:49ks2.0,textgrid:49ks1.0,handle:hdl:21.11113/0000-0016-CA2B-5,https://creativecommons.org/licenses/by-nc-sa/4.0/,Distributed under a Creative Commons Attribution-NonCommercial-ShareAlike 4.0 International License.,GRETIL project,NONCOMMERCIAL_RESTRICTED,False,https://textgridrep.org/browse/textgrid:49ks2.0,Keep restricted; obtain permission or exclude from public/commercial use.
TG-GRE-0205,"Paraśurāmakalpasūtra (a digest of Śrīvidyā, as system of worship of the Divine Mother)",,Religious Literature Collection,textgrid:49ks3.0,textgrid:49ks5.0,textgrid:49ks4.0,handle:hdl:21.11113/0000-0016-CA2E-2,https://creativecommons.org/licenses/by-nc-sa/4.0/,Distributed under a Creative Commons Attribution-NonCommercial-ShareAlike 4.0 International License.,GRETIL project,NONCOMMERCIAL_RESTRICTED,False,https://textgridrep.org/browse/textgrid:49ks5.0,Keep restricted; obtain permission or exclude from public/commercial use.
TG-GRE-0206,Aṣṭāvakragītā,,Religious Literature Collection,textgrid:49ks6.0,textgrid:49ks8.0,textgrid:49ks7.0,handle:hdl:21.11113/0000-0016-CA31-D,https://creativecommons.org/licenses/by-nc-sa/4.0/,Distributed under a Creative Commons Attribution-NonCommercial-ShareAlike 4.0 International License.,GRETIL project,NONCOMMERCIAL_RESTRICTED,False,https://textgridrep.org/browse/textgrid:49ks8.0,Keep restricted; obtain permission or exclude from public/commercial use.
TG-GRE-0207,Mālinīvijayottaratantra,,Religious Literature Collection,textgrid:49ks9.0,textgrid:49ksc.0,textgrid:49ksb.0,handle:hdl:21.11113/0000-0016-CA34-A,https://creativecommons.org/licenses/by-nc-sa/4.0/,Distributed under a Creative Commons Attribution-NonCommercial-ShareAlike 4.0 International License.,GRETIL project,NONCOMMERCIAL_RESTRICTED,False,https://textgridrep.org/browse/textgrid:49ksc.0,Keep restricted; obtain permission or exclude from public/commercial use.
TG-GRE-0208,Bhāvanāsārasaṃgraha 1-2,Kṛṣṇadāsa,Religious Literature Collection,textgrid:49ksd.0,textgrid:49ksg.0,textgrid:49ksf.0,handle:hdl:21.11113/0000-0016-CA37-7,https://creativecommons.org/licenses/by-nc-sa/4.0/,Distributed under a Creative Commons Attribution-NonCommercial-ShareAlike 4.0 International License.,GRETIL project,NONCOMMERCIAL_RESTRICTED,False,https://textgridrep.org/browse/textgrid:49ksg.0,Keep restricted; obtain permission or exclude from public/commercial use.
TG-GRE-0209,Jñānāmṛtasārasaṃhitā (also called “Nāradapañcarātra”),,Religious Literature Collection,textgrid:49ksh.0,textgrid:49ksk.0,textgrid:49ksj.0,handle:hdl:21.11113/0000-0016-CA3A-4,https://creativecommons.org/licenses/by-nc-sa/4.0/,Distributed under a Creative Commons Attribution-NonCommercial-ShareAlike 4.0 International License.,GRETIL project,NONCOMMERCIAL_RESTRICTED,False,https://textgridrep.org/browse/textgrid:49ksk.0,Keep restricted; obtain permission or exclude from public/commercial use.
TG-GRE-0210,Pāśupatasūtra with Kauṇḍinya's Pañcārthabhāṣya,,Religious Literature Collection,textgrid:49ksm.0,textgrid:49ksp.0,textgrid:49ksn.0,handle:hdl:21.11113/0000-0016-CA3D-1,https://creativecommons.org/licenses/by-nc-sa/4.0/,Distributed under a Creative Commons Attribution-NonCommercial-ShareAlike 4.0 International License.,GRETIL project,NONCOMMERCIAL_RESTRICTED,False,https://textgridrep.org/browse/textgrid:49ksp.0,Keep restricted; obtain permission or exclude from public/commercial use.
TG-GRE-0211,Prakāśasaṃhitā (a Pāñcarātrasaṃhitā),,Religious Literature Collection,textgrid:49ksq.0,textgrid:49kss.0,textgrid:49ksr.0,handle:hdl:21.11113/0000-0016-CA40-C,https://creativecommons.org/licenses/by-nc-sa/4.0/,Distributed under a Creative Commons Attribution-NonCommercial-ShareAlike 4.0 International License.,GRETIL project,NONCOMMERCIAL_RESTRICTED,False,https://textgridrep.org/browse/textgrid:49kss.0,Keep restricted; obtain permission or exclude from public/commercial use.
TG-GRE-0212,Śāstravārttāsamuccaya,Haribhadrasūri,Religious Literature Collection,textgrid:49kst.0,textgrid:49ksw.0,textgrid:49ksv.0,handle:hdl:21.11113/0000-0016-CA43-9,https://creativecommons.org/licenses/by-nc-sa/4.0/,Distributed under a Creative Commons Attribution-NonCommercial-ShareAlike 4.0 International License.,GRETIL project,NONCOMMERCIAL_RESTRICTED,False,https://textgridrep.org/browse/textgrid:49ksw.0,Keep restricted; obtain permission or exclude from public/commercial use.
TG-GRE-0213,"Kiraṇatantra, 1-6 with the commentary of Rāmakaṇṭha",,Religious Literature Collection,textgrid:49ksx.0,textgrid:49kt0.0,textgrid:49ksz.0,handle:hdl:21.11113/0000-0016-CA46-6,https://creativecommons.org/licenses/by-nc-sa/4.0/,Distributed under a Creative Commons Attribution-NonCommercial-ShareAlike 4.0 International License.,GRETIL project,NONCOMMERCIAL_RESTRICTED,False,https://textgridrep.org/browse/textgrid:49kt0.0,Keep restricted; obtain permission or exclude from public/commercial use.
TG-GRE-0214,Mṛgendrāgama (= Mrgendratantra),,Religious Literature Collection,textgrid:49kt1.0,textgrid:49kt3.0,textgrid:49kt2.0,handle:hdl:21.11113/0000-0016-CA49-3,https://creativecommons.org/licenses/by-nc-sa/4.0/,Distributed under a Creative Commons Attribution-NonCommercial-ShareAlike 4.0 International License.,GRETIL project,NONCOMMERCIAL_RESTRICTED,False,https://textgridrep.org/browse/textgrid:49kt3.0,Keep restricted; obtain permission or exclude from public/commercial use.
TG-GRE-0215,Sādhanadīpikā,Rādhākṛṣṇadāsagosvāmin,Religious Literature Collection,textgrid:49kt4.0,textgrid:49kt6.0,textgrid:49kt5.0,handle:hdl:21.11113/0000-0016-CA4C-0,https://creativecommons.org/licenses/by-nc-sa/4.0/,Distributed under a Creative Commons Attribution-NonCommercial-ShareAlike 4.0 International License.,GRETIL project,NONCOMMERCIAL_RESTRICTED,False,https://textgridrep.org/browse/textgrid:49kt6.0,Keep restricted; obtain permission or exclude from public/commercial use.
TG-GRE-0216,"Vaikhānasamantrapraśna, 5-8",,Religious Literature Collection,textgrid:49kt7.0,textgrid:49kt9.0,textgrid:49kt8.0,handle:hdl:21.11113/0000-0016-CA4F-D,https://creativecommons.org/licenses/by-nc-sa/4.0/,Distributed under a Creative Commons Attribution-NonCommercial-ShareAlike 4.0 International License.,GRETIL project,NONCOMMERCIAL_RESTRICTED,False,https://textgridrep.org/browse/textgrid:49kt9.0,Keep restricted; obtain permission or exclude from public/commercial use.
TG-GRE-0217,Daśavidhāhetunirūpaṇa (part of the Vaikhānasasūtratātparyacintāmaṇi),Srinivasamakhi Vedantadesika,Religious Literature Collection,textgrid:49ktb.0,textgrid:49ktd.0,textgrid:49ktc.0,handle:hdl:21.11113/0000-0016-CA52-8,https://creativecommons.org/licenses/by-nc-sa/4.0/,Distributed under a Creative Commons Attribution-NonCommercial-ShareAlike 4.0 International License.,GRETIL project,NONCOMMERCIAL_RESTRICTED,False,https://textgridrep.org/browse/textgrid:49ktd.0,Keep restricted; obtain permission or exclude from public/commercial use.
TG-GRE-0218,Śivopaniṣad,,Religious Literature Collection,textgrid:49ktf.0,textgrid:49kth.0,textgrid:49ktg.0,handle:hdl:21.11113/0000-0016-CA55-5,https://creativecommons.org/licenses/by-nc-sa/4.0/,Distributed under a Creative Commons Attribution-NonCommercial-ShareAlike 4.0 International License.,GRETIL project,NONCOMMERCIAL_RESTRICTED,False,https://textgridrep.org/browse/textgrid:49kth.0,Keep restricted; obtain permission or exclude from public/commercial use.
TG-GRE-0219,Kramadīpikā with the commentary by Govindabhaṭṭācārya,Keśavakāśmīri,Religious Literature Collection,textgrid:49ktj.0,textgrid:49ktm.0,textgrid:49ktk.0,handle:hdl:21.11113/0000-0016-CA58-2,https://creativecommons.org/licenses/by-nc-sa/4.0/,Distributed under a Creative Commons Attribution-NonCommercial-ShareAlike 4.0 International License.,GRETIL project,NONCOMMERCIAL_RESTRICTED,False,https://textgridrep.org/browse/textgrid:49ktm.0,Keep restricted; obtain permission or exclude from public/commercial use.
TG-GRE-0220,Haribhaktirasāmṛtasindhu,Rūpagosvāmin,Religious Literature Collection,textgrid:49ktn.0,textgrid:49ktq.0,textgrid:49ktp.0,handle:hdl:21.11113/0000-0016-CA5B-F,https://creativecommons.org/licenses/by-nc-sa/4.0/,Distributed under a Creative Commons Attribution-NonCommercial-ShareAlike 4.0 International License.,GRETIL project,NONCOMMERCIAL_RESTRICTED,False,https://textgridrep.org/browse/textgrid:49ktq.0,Keep restricted; obtain permission or exclude from public/commercial use.
TG-GRE-0221,Viṣvaksenasaṃhitā,,Religious Literature Collection,textgrid:49ktr.0,textgrid:49ktt.0,textgrid:49kts.0,handle:hdl:21.11113/0000-0016-CA5E-C,https://creativecommons.org/licenses/by-nc-sa/4.0/,Distributed under a Creative Commons Attribution-NonCommercial-ShareAlike 4.0 International License.,GRETIL project,NONCOMMERCIAL_RESTRICTED,False,https://textgridrep.org/browse/textgrid:49ktt.0,Keep restricted; obtain permission or exclude from public/commercial use.
TG-GRE-0222,Pauṣkarasaṃhitā 27-43,,Religious Literature Collection,textgrid:49ktv.0,textgrid:49ktx.0,textgrid:49ktw.0,handle:hdl:21.11113/0000-0016-CA61-7,https://creativecommons.org/licenses/by-nc-sa/4.0/,Distributed under a Creative Commons Attribution-NonCommercial-ShareAlike 4.0 International License.,GRETIL project,NONCOMMERCIAL_RESTRICTED,False,https://textgridrep.org/browse/textgrid:49ktx.0,Keep restricted; obtain permission or exclude from public/commercial use.
TG-GRE-0223,Viṣṇudharma,,Religious Literature Collection,textgrid:49ktz.0,textgrid:49kv1.0,textgrid:49kv0.0,handle:hdl:21.11113/0000-0016-CA64-4,https://creativecommons.org/licenses/by-nc-sa/4.0/,Distributed under a Creative Commons Attribution-NonCommercial-ShareAlike 4.0 International License.,GRETIL project,NONCOMMERCIAL_RESTRICTED,False,https://textgridrep.org/browse/textgrid:49kv1.0,Keep restricted; obtain permission or exclude from public/commercial use.
TG-GRE-0224,Haribhaktivilāsa 1-11,Gopālabhaṭṭa,Religious Literature Collection,textgrid:49kv2.0,textgrid:49kv4.0,textgrid:49kv3.0,handle:hdl:21.11113/0000-0016-CA67-1,https://creativecommons.org/licenses/by-nc-sa/4.0/,Distributed under a Creative Commons Attribution-NonCommercial-ShareAlike 4.0 International License.,GRETIL project,NONCOMMERCIAL_RESTRICTED,False,https://textgridrep.org/browse/textgrid:49kv4.0,Keep restricted; obtain permission or exclude from public/commercial use.
TG-GRE-0225,Kubjikamatatantra,,Religious Literature Collection,textgrid:49kv5.0,textgrid:49kv7.0,textgrid:49kv6.0,handle:hdl:21.11113/0000-0016-CA6A-E,https://creativecommons.org/licenses/by-nc-sa/4.0/,Distributed under a Creative Commons Attribution-NonCommercial-ShareAlike 4.0 International License.,GRETIL project,NONCOMMERCIAL_RESTRICTED,False,https://textgridrep.org/browse/textgrid:49kv7.0,Keep restricted; obtain permission or exclude from public/commercial use.
TG-GRE-0226,Satsamdarbha with Baladevavidyābhūṣaṇa's Ṭippaṇī,Jiva Gosvami,Religious Literature Collection,textgrid:49kv8.0,textgrid:49kvb.0,textgrid:49kv9.0,handle:hdl:21.11113/0000-0016-CA6D-B,https://creativecommons.org/licenses/by-nc-sa/4.0/,Distributed under a Creative Commons Attribution-NonCommercial-ShareAlike 4.0 International License.,GRETIL project,NONCOMMERCIAL_RESTRICTED,False,https://textgridrep.org/browse/textgrid:49kvb.0,Keep restricted; obtain permission or exclude from public/commercial use.
TG-GRE-0227,Śāktavijñāna,Somānanda,Religious Literature Collection,textgrid:49kvc.0,textgrid:49kvf.0,textgrid:49kvd.0,handle:hdl:21.11113/0000-0016-CA70-6,https://creativecommons.org/licenses/by-nc-sa/4.0/,Distributed under a Creative Commons Attribution-NonCommercial-ShareAlike 4.0 International License.,GRETIL project,NONCOMMERCIAL_RESTRICTED,False,https://textgridrep.org/browse/textgrid:49kvf.0,Keep restricted; obtain permission or exclude from public/commercial use.
TG-GRE-0228,Ekākṣarakośa,Puruṣottamadeva,Religious Literature Collection,textgrid:49kvg.0,textgrid:49kvj.0,textgrid:49kvh.0,handle:hdl:21.11113/0000-0016-CA73-3,https://creativecommons.org/licenses/by-nc-sa/4.0/,Distributed under a Creative Commons Attribution-NonCommercial-ShareAlike 4.0 International License.,GRETIL project,NONCOMMERCIAL_RESTRICTED,False,https://textgridrep.org/browse/textgrid:49kvj.0,Keep restricted; obtain permission or exclude from public/commercial use.
TG-GRE-0229,Catuḥślokī,Yāmuna,Religious Literature Collection,textgrid:49kvk.0,textgrid:49kvn.0,textgrid:49kvm.0,handle:hdl:21.11113/0000-0016-CA76-0,https://creativecommons.org/licenses/by-nc-sa/4.0/,Distributed under a Creative Commons Attribution-NonCommercial-ShareAlike 4.0 International License.,GRETIL project,NONCOMMERCIAL_RESTRICTED,False,https://textgridrep.org/browse/textgrid:49kvn.0,Keep restricted; obtain permission or exclude from public/commercial use.
TG-GRE-0230,Bhṛgusaṃhitā (a text of the Vaikhānasa-tradition),,Religious Literature Collection,textgrid:49kvp.0,textgrid:49kvr.0,textgrid:49kvq.0,handle:hdl:21.11113/0000-0016-CA79-D,https://creativecommons.org/licenses/by-nc-sa/4.0/,Distributed under a Creative Commons Attribution-NonCommercial-ShareAlike 4.0 International License.,GRETIL project,NONCOMMERCIAL_RESTRICTED,False,https://textgridrep.org/browse/textgrid:49kvr.0,Keep restricted; obtain permission or exclude from public/commercial use.
TG-GRE-0231,Svacchandatantra [or Svacchandabhairavatantra],,Religious Literature Collection,textgrid:49kvs.0,textgrid:49kvv.0,textgrid:49kvt.0,handle:hdl:21.11113/0000-0016-CA7C-A,https://creativecommons.org/licenses/by-nc-sa/4.0/,Distributed under a Creative Commons Attribution-NonCommercial-ShareAlike 4.0 International License.,GRETIL project,NONCOMMERCIAL_RESTRICTED,False,https://textgridrep.org/browse/textgrid:49kvv.0,Keep restricted; obtain permission or exclude from public/commercial use.
TG-GRE-0232,Cumulative pāda index of Śaiva texts,,Religious Literature Collection,textgrid:49kvw.0,textgrid:49kvz.0,textgrid:49kvx.0,handle:hdl:21.11113/0000-0016-CA7F-7,https://creativecommons.org/licenses/by-nc-sa/4.0/,Distributed under a Creative Commons Attribution-NonCommercial-ShareAlike 4.0 International License.,GRETIL project,NONCOMMERCIAL_RESTRICTED,False,https://textgridrep.org/browse/textgrid:49kvz.0,Keep restricted; obtain permission or exclude from public/commercial use.
TG-GRE-0233,Vaikhānasadharmasūtra,,Dharmaśāstra Collection,textgrid:49kwf.0,textgrid:49kwh.0,textgrid:49kwg.0,handle:hdl:21.11113/0000-0016-CA84-F,https://creativecommons.org/licenses/by-nc-sa/4.0/,Distributed under a Creative Commons Attribution-NonCommercial-ShareAlike 4.0 International License.,GRETIL project,NONCOMMERCIAL_RESTRICTED,False,https://textgridrep.org/browse/textgrid:49kwh.0,Keep restricted; obtain permission or exclude from public/commercial use.
TG-GRE-0234,Vāsiṣṭhadharmasūtra,,Dharmaśāstra Collection,textgrid:49kwj.0,textgrid:49kwm.0,textgrid:49kwk.0,handle:hdl:21.11113/0000-0016-CA87-C,https://creativecommons.org/licenses/by-nc-sa/4.0/,Distributed under a Creative Commons Attribution-NonCommercial-ShareAlike 4.0 International License.,GRETIL project,NONCOMMERCIAL_RESTRICTED,False,https://textgridrep.org/browse/textgrid:49kwm.0,Keep restricted; obtain permission or exclude from public/commercial use.
TG-GRE-0235,Parāśaradharmasaṃhitā (= Parāśarasmṛti),,Dharmaśāstra Collection,textgrid:49kwn.0,textgrid:49kwq.0,textgrid:49kwp.0,handle:hdl:21.11113/0000-0016-CA8A-9,https://creativecommons.org/licenses/by-nc-sa/4.0/,Distributed under a Creative Commons Attribution-NonCommercial-ShareAlike 4.0 International License.,GRETIL project,NONCOMMERCIAL_RESTRICTED,False,https://textgridrep.org/browse/textgrid:49kwq.0,Keep restricted; obtain permission or exclude from public/commercial use.
TG-GRE-0236,Nāradasmṛti,,Dharmaśāstra Collection,textgrid:49kwr.0,textgrid:49kwt.0,textgrid:49kws.0,handle:hdl:21.11113/0000-0016-CA8D-6,https://creativecommons.org/licenses/by-nc-sa/4.0/,Distributed under a Creative Commons Attribution-NonCommercial-ShareAlike 4.0 International License.,GRETIL project,NONCOMMERCIAL_RESTRICTED,False,https://textgridrep.org/browse/textgrid:49kwt.0,Keep restricted; obtain permission or exclude from public/commercial use.
TG-GRE-0237,Yamasmṛti (78-verse version),,Dharmaśāstra Collection,textgrid:49kwv.0,textgrid:49kwx.0,textgrid:49kww.0,handle:hdl:21.11113/0000-0016-CA90-1,https://creativecommons.org/licenses/by-nc-sa/4.0/,Distributed under a Creative Commons Attribution-NonCommercial-ShareAlike 4.0 International License.,GRETIL project,NONCOMMERCIAL_RESTRICTED,False,https://textgridrep.org/browse/textgrid:49kwx.0,Keep restricted; obtain permission or exclude from public/commercial use.
TG-GRE-0238,"Vīramitrodaya, Samayaprakāśa",Mitramiśra,Dharmaśāstra Collection,textgrid:49kwz.0,textgrid:49kx1.0,textgrid:49kx0.0,handle:hdl:21.11113/0000-0016-CA93-E,https://creativecommons.org/licenses/by-nc-sa/4.0/,Distributed under a Creative Commons Attribution-NonCommercial-ShareAlike 4.0 International License.,GRETIL project,NONCOMMERCIAL_RESTRICTED,False,https://textgridrep.org/browse/textgrid:49kx1.0,Keep restricted; obtain permission or exclude from public/commercial use.
TG-GRE-0239,"Laghuyamasmṛti (Yamasmṛti, 99-verse version)",,Dharmaśāstra Collection,textgrid:49kx2.0,textgrid:49kx4.0,textgrid:49kx3.0,handle:hdl:21.11113/0000-0016-CA96-B,https://creativecommons.org/licenses/by-nc-sa/4.0/,Distributed under a Creative Commons Attribution-NonCommercial-ShareAlike 4.0 International License.,GRETIL project,NONCOMMERCIAL_RESTRICTED,False,https://textgridrep.org/browse/textgrid:49kx4.0,Keep restricted; obtain permission or exclude from public/commercial use.
TG-GRE-0240,Yamasmṛti (South Indian recension),,Dharmaśāstra Collection,textgrid:49kx5.0,textgrid:49kx7.0,textgrid:49kx6.0,handle:hdl:21.11113/0000-0016-CA99-8,https://creativecommons.org/licenses/by-nc-sa/4.0/,Distributed under a Creative Commons Attribution-NonCommercial-ShareAlike 4.0 International License.,GRETIL project,NONCOMMERCIAL_RESTRICTED,False,https://textgridrep.org/browse/textgrid:49kx7.0,Keep restricted; obtain permission or exclude from public/commercial use.
TG-GRE-0241,"Bṛhadyamasmṛti (Yamasmṛti, 182-verse version)",,Dharmaśāstra Collection,textgrid:49kx8.0,textgrid:49kxb.0,textgrid:49kx9.0,handle:hdl:21.11113/0000-0016-CA9C-5,https://creativecommons.org/licenses/by-nc-sa/4.0/,Distributed under a Creative Commons Attribution-NonCommercial-ShareAlike 4.0 International License.,GRETIL project,NONCOMMERCIAL_RESTRICTED,False,https://textgridrep.org/browse/textgrid:49kxb.0,Keep restricted; obtain permission or exclude from public/commercial use.
TG-GRE-0242,Yājñavalkyasmṛti,,Dharmaśāstra Collection,textgrid:49kxc.0,textgrid:49kxf.0,textgrid:49kxd.0,handle:hdl:21.11113/0000-0016-CA9F-2,https://creativecommons.org/licenses/by-nc-sa/4.0/,Distributed under a Creative Commons Attribution-NonCommercial-ShareAlike 4.0 International License.,GRETIL project,NONCOMMERCIAL_RESTRICTED,False,https://textgridrep.org/browse/textgrid:49kxf.0,Keep restricted; obtain permission or exclude from public/commercial use.
TG-GRE-0243,Viṣṇusmṛti,,Dharmaśāstra Collection,textgrid:49kxg.0,textgrid:49kxj.0,textgrid:49kxh.0,handle:hdl:21.11113/0000-0016-CAA2-D,https://creativecommons.org/licenses/by-nc-sa/4.0/,Distributed under a Creative Commons Attribution-NonCommercial-ShareAlike 4.0 International License.,GRETIL project,NONCOMMERCIAL_RESTRICTED,False,https://textgridrep.org/browse/textgrid:49kxj.0,Keep restricted; obtain permission or exclude from public/commercial use.
TG-GRE-0244,Āpastambadharmasūtra,,Dharmaśāstra Collection,textgrid:49kxk.0,textgrid:49kxn.0,textgrid:49kxm.0,handle:hdl:21.11113/0000-0016-CAA5-A,https://creativecommons.org/licenses/by-nc-sa/4.0/,Distributed under a Creative Commons Attribution-NonCommercial-ShareAlike 4.0 International License.,GRETIL project,NONCOMMERCIAL_RESTRICTED,False,https://textgridrep.org/browse/textgrid:49kxn.0,Keep restricted; obtain permission or exclude from public/commercial use.
TG-GRE-0245,Baudhāyanadharmasūtra,,Dharmaśāstra Collection,textgrid:49kxp.0,textgrid:49kxr.0,textgrid:49kxq.0,handle:hdl:21.11113/0000-0016-CAA8-7,https://creativecommons.org/licenses/by-nc-sa/4.0/,Distributed under a Creative Commons Attribution-NonCommercial-ShareAlike 4.0 International License.,GRETIL project,NONCOMMERCIAL_RESTRICTED,False,https://textgridrep.org/browse/textgrid:49kxr.0,Keep restricted; obtain permission or exclude from public/commercial use.
TG-GRE-0246,"Mitākṣarā, a commentary on the Yājñavalkya-dharmaśāstra",Vijñāneśvara,Dharmaśāstra Collection,textgrid:49kxs.0,textgrid:49kxv.0,textgrid:49kxt.0,handle:hdl:21.11113/0000-0016-CAAB-4,https://creativecommons.org/licenses/by-nc-sa/4.0/,Distributed under a Creative Commons Attribution-NonCommercial-ShareAlike 4.0 International License.,GRETIL project,NONCOMMERCIAL_RESTRICTED,False,https://textgridrep.org/browse/textgrid:49kxv.0,Keep restricted; obtain permission or exclude from public/commercial use.
TG-GRE-0247,Āṅgirasasmṛti,,Dharmaśāstra Collection,textgrid:49kxw.0,textgrid:49kxz.0,textgrid:49kxx.0,handle:hdl:21.11113/0000-0016-CAAE-1,https://creativecommons.org/licenses/by-nc-sa/4.0/,Distributed under a Creative Commons Attribution-NonCommercial-ShareAlike 4.0 International License.,GRETIL project,NONCOMMERCIAL_RESTRICTED,False,https://textgridrep.org/browse/textgrid:49kxz.0,Keep restricted; obtain permission or exclude from public/commercial use.
TG-GRE-0248,"Dharmasūtra, 1-3 with Maskari's commentary Gautamasmṛtibhāṣya",Gautama,Dharmaśāstra Collection,textgrid:49kz0.0,textgrid:49kz2.0,textgrid:49kz1.0,handle:hdl:21.11113/0000-0016-CAB1-C,https://creativecommons.org/licenses/by-nc-sa/4.0/,Distributed under a Creative Commons Attribution-NonCommercial-ShareAlike 4.0 International License.,GRETIL project,NONCOMMERCIAL_RESTRICTED,False,https://textgridrep.org/browse/textgrid:49kz2.0,Keep restricted; obtain permission or exclude from public/commercial use.
TG-GRE-0249,Dharmasūtra,Gautama,Dharmaśāstra Collection,textgrid:49kz3.0,textgrid:49kz5.0,textgrid:49kz4.0,handle:hdl:21.11113/0000-0016-CAB4-9,https://creativecommons.org/licenses/by-nc-sa/4.0/,Distributed under a Creative Commons Attribution-NonCommercial-ShareAlike 4.0 International License.,GRETIL project,NONCOMMERCIAL_RESTRICTED,False,https://textgridrep.org/browse/textgrid:49kz5.0,Keep restricted; obtain permission or exclude from public/commercial use.
TG-GRE-0250,Bṛhaspatismṛti (vyavahārakaṇḍa),,Dharmaśāstra Collection,textgrid:49kz6.0,textgrid:49kz8.0,textgrid:49kz7.0,handle:hdl:21.11113/0000-0016-CAB7-6,https://creativecommons.org/licenses/by-nc-sa/4.0/,Distributed under a Creative Commons Attribution-NonCommercial-ShareAlike 4.0 International License.,GRETIL project,NONCOMMERCIAL_RESTRICTED,False,https://textgridrep.org/browse/textgrid:49kz8.0,Keep restricted; obtain permission or exclude from public/commercial use.
TG-GRE-0251,Manusmṛti,,Dharmaśāstra Collection,textgrid:49kz9.0,textgrid:49kzc.0,textgrid:49kzb.0,handle:hdl:21.11113/0000-0016-CABA-3,https://creativecommons.org/licenses/by-nc-sa/4.0/,Distributed under a Creative Commons Attribution-NonCommercial-ShareAlike 4.0 International License.,GRETIL project,NONCOMMERCIAL_RESTRICTED,False,https://textgridrep.org/browse/textgrid:49kzc.0,Keep restricted; obtain permission or exclude from public/commercial use.
TG-GRE-0252,Kātyāyanasmṛti,,Dharmaśāstra Collection,textgrid:49kzd.0,textgrid:49kzg.0,textgrid:49kzf.0,handle:hdl:21.11113/0000-0016-CABD-0,https://creativecommons.org/licenses/by-nc-sa/4.0/,Distributed under a Creative Commons Attribution-NonCommercial-ShareAlike 4.0 International License.,GRETIL project,NONCOMMERCIAL_RESTRICTED,False,https://textgridrep.org/browse/textgrid:49kzg.0,Keep restricted; obtain permission or exclude from public/commercial use.
TG-GRE-0253,Kādambarīkathāsāra,Abhinanda,Poetry Collection,textgrid:49kzj.0,textgrid:49kzm.0,textgrid:49kzk.0,handle:hdl:21.11113/0000-0016-CAC1-A,https://creativecommons.org/licenses/by-nc-sa/4.0/,Distributed under a Creative Commons Attribution-NonCommercial-ShareAlike 4.0 International License.,GRETIL project,NONCOMMERCIAL_RESTRICTED,False,https://textgridrep.org/browse/textgrid:49kzm.0,Keep restricted; obtain permission or exclude from public/commercial use.
TG-GRE-0254,Rāmacaritamahākāvye,Abhinanda,Poetry Collection,textgrid:49kzn.0,textgrid:49kzq.0,textgrid:49kzp.0,handle:hdl:21.11113/0000-0016-CAC4-7,https://creativecommons.org/licenses/by-nc-sa/4.0/,Distributed under a Creative Commons Attribution-NonCommercial-ShareAlike 4.0 International License.,GRETIL project,NONCOMMERCIAL_RESTRICTED,False,https://textgridrep.org/browse/textgrid:49kzq.0,Keep restricted; obtain permission or exclude from public/commercial use.
TG-GRE-0255,Amaruśataka,Amaru,Poetry Collection,textgrid:49kzr.0,textgrid:49kzt.0,textgrid:49kzs.0,handle:hdl:21.11113/0000-0016-CAC7-4,https://creativecommons.org/licenses/by-nc-sa/4.0/,Distributed under a Creative Commons Attribution-NonCommercial-ShareAlike 4.0 International License.,GRETIL project,NONCOMMERCIAL_RESTRICTED,False,https://textgridrep.org/browse/textgrid:49kzt.0,Keep restricted; obtain permission or exclude from public/commercial use.
TG-GRE-0256,Vallālacarita,Ānandabhaṭṭa,Poetry Collection,textgrid:49kzv.0,textgrid:49kzx.0,textgrid:49kzw.0,handle:hdl:21.11113/0000-0016-CACA-1,https://creativecommons.org/licenses/by-nc-sa/4.0/,Distributed under a Creative Commons Attribution-NonCommercial-ShareAlike 4.0 International License.,GRETIL project,NONCOMMERCIAL_RESTRICTED,False,https://textgridrep.org/browse/textgrid:49kzx.0,Keep restricted; obtain permission or exclude from public/commercial use.
TG-GRE-0257,Dhvanyāloka with Abhinavagupta's Locana and Rāmaśāraka's Bālapriya,Ānandavardhana,Poetry Collection,textgrid:49kzz.0,textgrid:49m01.0,textgrid:49m00.0,handle:hdl:21.11113/0000-0016-CACD-E,https://creativecommons.org/licenses/by-nc-sa/4.0/,Distributed under a Creative Commons Attribution-NonCommercial-ShareAlike 4.0 International License.,GRETIL project,NONCOMMERCIAL_RESTRICTED,False,https://textgridrep.org/browse/textgrid:49m01.0,Keep restricted; obtain permission or exclude from public/commercial use.
TG-GRE-0258,Dhvanyāloka (also known as Sahṛdayaloka),Ānandavardhana,Poetry Collection,textgrid:49m02.0,textgrid:49m04.0,textgrid:49m03.0,handle:hdl:21.11113/0000-0016-CAD0-9,https://creativecommons.org/licenses/by-nc-sa/4.0/,Distributed under a Creative Commons Attribution-NonCommercial-ShareAlike 4.0 International License.,GRETIL project,NONCOMMERCIAL_RESTRICTED,False,https://textgridrep.org/browse/textgrid:49m04.0,Keep restricted; obtain permission or exclude from public/commercial use.
TG-GRE-0259,Vairāgyaśatakam,Appayadīkṣita,Poetry Collection,textgrid:49m05.0,textgrid:49m07.0,textgrid:49m06.0,handle:hdl:21.11113/0000-0016-CAD3-6,https://creativecommons.org/licenses/by-nc-sa/4.0/,Distributed under a Creative Commons Attribution-NonCommercial-ShareAlike 4.0 International License.,GRETIL project,NONCOMMERCIAL_RESTRICTED,False,https://textgridrep.org/browse/textgrid:49m07.0,Keep restricted; obtain permission or exclude from public/commercial use.
TG-GRE-0260,Buddhacarita,Aśvaghoṣa,Poetry Collection,textgrid:49m08.0,textgrid:49m0b.0,textgrid:49m09.0,handle:hdl:21.11113/0000-0016-CAD6-3,https://creativecommons.org/licenses/by-nc-sa/4.0/,Distributed under a Creative Commons Attribution-NonCommercial-ShareAlike 4.0 International License.,GRETIL project,NONCOMMERCIAL_RESTRICTED,False,https://textgridrep.org/browse/textgrid:49m0b.0,Keep restricted; obtain permission or exclude from public/commercial use.
TG-GRE-0261,Buddhacarita,Aśvaghoṣa,Poetry Collection,textgrid:49m0c.0,textgrid:49m0f.0,textgrid:49m0d.0,handle:hdl:21.11113/0000-0016-CAD9-0,https://creativecommons.org/licenses/by-nc-sa/4.0/,Distributed under a Creative Commons Attribution-NonCommercial-ShareAlike 4.0 International License.,GRETIL project,NONCOMMERCIAL_RESTRICTED,False,https://textgridrep.org/browse/textgrid:49m0f.0,Keep restricted; obtain permission or exclude from public/commercial use.
TG-GRE-0262,Saundarānanda,Aśvaghoṣa,Poetry Collection,textgrid:49m0g.0,textgrid:49m0j.0,textgrid:49m0h.0,handle:hdl:21.11113/0000-0016-CADC-D,https://creativecommons.org/licenses/by-nc-sa/4.0/,Distributed under a Creative Commons Attribution-NonCommercial-ShareAlike 4.0 International License.,GRETIL project,NONCOMMERCIAL_RESTRICTED,False,https://textgridrep.org/browse/textgrid:49m0j.0,Keep restricted; obtain permission or exclude from public/commercial use.
TG-GRE-0263,Saundarānanda,Aśvaghoṣa,Poetry Collection,textgrid:49m0k.0,textgrid:49m0n.0,textgrid:49m0m.0,handle:hdl:21.11113/0000-0016-CADF-A,https://creativecommons.org/licenses/by-nc-sa/4.0/,Distributed under a Creative Commons Attribution-NonCommercial-ShareAlike 4.0 International License.,GRETIL project,NONCOMMERCIAL_RESTRICTED,False,https://textgridrep.org/browse/textgrid:49m0n.0,Keep restricted; obtain permission or exclude from public/commercial use.
TG-GRE-0264,Harṣacarita,Bāṇa,Poetry Collection,textgrid:49m0p.0,textgrid:49m0r.0,textgrid:49m0q.0,handle:hdl:21.11113/0000-0016-CAE2-5,https://creativecommons.org/licenses/by-nc-sa/4.0/,Distributed under a Creative Commons Attribution-NonCommercial-ShareAlike 4.0 International License.,GRETIL project,NONCOMMERCIAL_RESTRICTED,False,https://textgridrep.org/browse/textgrid:49m0r.0,Keep restricted; obtain permission or exclude from public/commercial use.
TG-GRE-0265,"Harṣacarita, Pariśiṣṭa",Bāṇa,Poetry Collection,textgrid:49m0s.0,textgrid:49m0v.0,textgrid:49m0t.0,handle:hdl:21.11113/0000-0016-CAE5-2,https://creativecommons.org/licenses/by-nc-sa/4.0/,Distributed under a Creative Commons Attribution-NonCommercial-ShareAlike 4.0 International License.,GRETIL project,NONCOMMERCIAL_RESTRICTED,False,https://textgridrep.org/browse/textgrid:49m0v.0,Keep restricted; obtain permission or exclude from public/commercial use.
TG-GRE-0266,Kādambarī 1.84-122,Bāṇa,Poetry Collection,textgrid:49m0w.0,textgrid:49m0z.0,textgrid:49m0x.0,handle:hdl:21.11113/0000-0016-CAE8-F,https://creativecommons.org/licenses/by-nc-sa/4.0/,Distributed under a Creative Commons Attribution-NonCommercial-ShareAlike 4.0 International License.,GRETIL project,NONCOMMERCIAL_RESTRICTED,False,https://textgridrep.org/browse/textgrid:49m0z.0,Keep restricted; obtain permission or exclude from public/commercial use.
TG-GRE-0267,Bhallaṭaśataka,Bhallaṭa,Poetry Collection,textgrid:49m10.0,textgrid:49m12.0,textgrid:49m11.0,handle:hdl:21.11113/0000-0016-CAEB-C,https://creativecommons.org/licenses/by-nc-sa/4.0/,Distributed under a Creative Commons Attribution-NonCommercial-ShareAlike 4.0 International License.,GRETIL project,NONCOMMERCIAL_RESTRICTED,False,https://textgridrep.org/browse/textgrid:49m12.0,Keep restricted; obtain permission or exclude from public/commercial use.
TG-GRE-0268,Kāvyālaṃkāra,Bhāmaha,Poetry Collection,textgrid:49m13.0,textgrid:49m15.0,textgrid:49m14.0,handle:hdl:21.11113/0000-0016-CAEE-9,https://creativecommons.org/licenses/by-nc-sa/4.0/,Distributed under a Creative Commons Attribution-NonCommercial-ShareAlike 4.0 International License.,GRETIL project,NONCOMMERCIAL_RESTRICTED,False,https://textgridrep.org/browse/textgrid:49m15.0,Keep restricted; obtain permission or exclude from public/commercial use.
TG-GRE-0269,"Nāṭyaśāstra 1-16, 18-30, 33, 35-37",Bharata,Poetry Collection,textgrid:49m16.0,textgrid:49m18.0,textgrid:49m17.0,handle:hdl:21.11113/0000-0016-CAF1-4,https://creativecommons.org/licenses/by-nc-sa/4.0/,Distributed under a Creative Commons Attribution-NonCommercial-ShareAlike 4.0 International License.,GRETIL project,NONCOMMERCIAL_RESTRICTED,False,https://textgridrep.org/browse/textgrid:49m18.0,Keep restricted; obtain permission or exclude from public/commercial use.
TG-GRE-0270,Kirātārjunīya,Bhāravi,Poetry Collection,textgrid:49m19.0,textgrid:49m1c.0,textgrid:49m1b.0,handle:hdl:21.11113/0000-0016-CAF4-1,https://creativecommons.org/licenses/by-nc-sa/4.0/,Distributed under a Creative Commons Attribution-NonCommercial-ShareAlike 4.0 International License.,GRETIL project,NONCOMMERCIAL_RESTRICTED,False,https://textgridrep.org/browse/textgrid:49m1c.0,Keep restricted; obtain permission or exclude from public/commercial use.
TG-GRE-0271,Dūtavākya,Bhāsa,Poetry Collection,textgrid:49m1d.0,textgrid:49m1g.0,textgrid:49m1f.0,handle:hdl:21.11113/0000-0016-CAF7-E,https://creativecommons.org/licenses/by-nc-sa/4.0/,Distributed under a Creative Commons Attribution-NonCommercial-ShareAlike 4.0 International License.,GRETIL project,NONCOMMERCIAL_RESTRICTED,False,https://textgridrep.org/browse/textgrid:49m1g.0,Keep restricted; obtain permission or exclude from public/commercial use.
TG-GRE-0272,Svapnavāsavadatta,Bhāsa,Poetry Collection,textgrid:49m1h.0,textgrid:49m1k.0,textgrid:49m1j.0,handle:hdl:21.11113/0000-0016-CAFA-B,https://creativecommons.org/licenses/by-nc-sa/4.0/,Distributed under a Creative Commons Attribution-NonCommercial-ShareAlike 4.0 International License.,GRETIL project,NONCOMMERCIAL_RESTRICTED,False,https://textgridrep.org/browse/textgrid:49m1k.0,Keep restricted; obtain permission or exclude from public/commercial use.
TG-GRE-0273,"Śatakatraya (1. Nītiśataka, 2. Śṛṅgāraśataka, 3. Vairāgyaśataka)",Bhatṛhari,Poetry Collection,textgrid:49m1m.0,textgrid:49m1p.0,textgrid:49m1n.0,handle:hdl:21.11113/0000-0016-CAFD-8,https://creativecommons.org/licenses/by-nc-sa/4.0/,Distributed under a Creative Commons Attribution-NonCommercial-ShareAlike 4.0 International License.,GRETIL project,NONCOMMERCIAL_RESTRICTED,False,https://textgridrep.org/browse/textgrid:49m1p.0,Keep restricted; obtain permission or exclude from public/commercial use.
TG-GRE-0274,Veṇīsaṃhāra,Bhaṭṭanārāyaṇa,Poetry Collection,textgrid:49m1q.0,textgrid:49m1s.0,textgrid:49m1r.0,handle:hdl:21.11113/0000-0016-CB00-3,https://creativecommons.org/licenses/by-nc-sa/4.0/,Distributed under a Creative Commons Attribution-NonCommercial-ShareAlike 4.0 International License.,GRETIL project,NONCOMMERCIAL_RESTRICTED,False,https://textgridrep.org/browse/textgrid:49m1s.0,Keep restricted; obtain permission or exclude from public/commercial use.
TG-GRE-0275,Rāvaṇavadha (= Bhaṭṭikāvya),Bhaṭṭi,Poetry Collection,textgrid:49m1t.0,textgrid:49m1w.0,textgrid:49m1v.0,handle:hdl:21.11113/0000-0016-CB03-0,https://creativecommons.org/licenses/by-nc-sa/4.0/,Distributed under a Creative Commons Attribution-NonCommercial-ShareAlike 4.0 International License.,GRETIL project,NONCOMMERCIAL_RESTRICTED,False,https://textgridrep.org/browse/textgrid:49m1w.0,Keep restricted; obtain permission or exclude from public/commercial use.
TG-GRE-0276,Caurapañcāśikā,Bilhaṇa,Poetry Collection,textgrid:49m1x.0,textgrid:49m20.0,textgrid:49m1z.0,handle:hdl:21.11113/0000-0016-CB06-D,https://creativecommons.org/licenses/by-nc-sa/4.0/,Distributed under a Creative Commons Attribution-NonCommercial-ShareAlike 4.0 International License.,GRETIL project,NONCOMMERCIAL_RESTRICTED,False,https://textgridrep.org/browse/textgrid:49m20.0,Keep restricted; obtain permission or exclude from public/commercial use.
TG-GRE-0277,Bṛhatkathāślokasaṃgraha,Buddhasvāmin,Poetry Collection,textgrid:49m21.0,textgrid:49m23.0,textgrid:49m22.0,handle:hdl:21.11113/0000-0016-CB09-A,https://creativecommons.org/licenses/by-nc-sa/4.0/,Distributed under a Creative Commons Attribution-NonCommercial-ShareAlike 4.0 International License.,GRETIL project,NONCOMMERCIAL_RESTRICTED,False,https://textgridrep.org/browse/textgrid:49m23.0,Keep restricted; obtain permission or exclude from public/commercial use.
TG-GRE-0278,Chandoviciti,,Poetry Collection,textgrid:49m24.0,textgrid:49m26.0,textgrid:49m25.0,handle:hdl:21.11113/0000-0016-CB0C-7,https://creativecommons.org/licenses/by-nc-sa/4.0/,Distributed under a Creative Commons Attribution-NonCommercial-ShareAlike 4.0 International License.,GRETIL project,NONCOMMERCIAL_RESTRICTED,False,https://textgridrep.org/browse/textgrid:49m26.0,Keep restricted; obtain permission or exclude from public/commercial use.
TG-GRE-0279,Kuṭṭanīmata,Dāmodaragupta,Poetry Collection,textgrid:49m27.0,textgrid:49m29.0,textgrid:49m28.0,handle:hdl:21.11113/0000-0016-CB0F-4,https://creativecommons.org/licenses/by-nc-sa/4.0/,Distributed under a Creative Commons Attribution-NonCommercial-ShareAlike 4.0 International License.,GRETIL project,NONCOMMERCIAL_RESTRICTED,False,https://textgridrep.org/browse/textgrid:49m29.0,Keep restricted; obtain permission or exclude from public/commercial use.
TG-GRE-0280,Daśakumāracarita,Daṇḍin,Poetry Collection,textgrid:49m2b.0,textgrid:49m2d.0,textgrid:49m2c.0,handle:hdl:21.11113/0000-0016-CB12-F,https://creativecommons.org/licenses/by-nc-sa/4.0/,Distributed under a Creative Commons Attribution-NonCommercial-ShareAlike 4.0 International License.,GRETIL project,NONCOMMERCIAL_RESTRICTED,False,https://textgridrep.org/browse/textgrid:49m2d.0,Keep restricted; obtain permission or exclude from public/commercial use.
TG-GRE-0281,"Daśakumāracarita, 3, 5-6",Daṇḍin,Poetry Collection,textgrid:49m2f.0,textgrid:49m2h.0,textgrid:49m2g.0,handle:hdl:21.11113/0000-0016-CB15-C,https://creativecommons.org/licenses/by-nc-sa/4.0/,Distributed under a Creative Commons Attribution-NonCommercial-ShareAlike 4.0 International License.,GRETIL project,NONCOMMERCIAL_RESTRICTED,False,https://textgridrep.org/browse/textgrid:49m2h.0,Keep restricted; obtain permission or exclude from public/commercial use.
TG-GRE-0282,Kāvyādarśa 1-2,Daṇḍin,Poetry Collection,textgrid:49m2j.0,textgrid:49m2m.0,textgrid:49m2k.0,handle:hdl:21.11113/0000-0016-CB18-9,https://creativecommons.org/licenses/by-nc-sa/4.0/,Distributed under a Creative Commons Attribution-NonCommercial-ShareAlike 4.0 International License.,GRETIL project,NONCOMMERCIAL_RESTRICTED,False,https://textgridrep.org/browse/textgrid:49m2m.0,Keep restricted; obtain permission or exclude from public/commercial use.
TG-GRE-0283,Kāvyādarśa 3,Daṇḍin,Poetry Collection,textgrid:49m2n.0,textgrid:49m2q.0,textgrid:49m2p.0,handle:hdl:21.11113/0000-0016-CB1B-6,https://creativecommons.org/licenses/by-nc-sa/4.0/,Distributed under a Creative Commons Attribution-NonCommercial-ShareAlike 4.0 International License.,GRETIL project,NONCOMMERCIAL_RESTRICTED,False,https://textgridrep.org/browse/textgrid:49m2q.0,Keep restricted; obtain permission or exclude from public/commercial use.
TG-GRE-0284,"Kāvyādarśa, 1, 2.1-144, 2.310-368",Daṇḍin,Poetry Collection,textgrid:49m2r.0,textgrid:49m2t.0,textgrid:49m2s.0,handle:hdl:21.11113/0000-0016-CB1E-3,https://creativecommons.org/licenses/by-nc-sa/4.0/,Distributed under a Creative Commons Attribution-NonCommercial-ShareAlike 4.0 International License.,GRETIL project,NONCOMMERCIAL_RESTRICTED,False,https://textgridrep.org/browse/textgrid:49m2t.0,Keep restricted; obtain permission or exclude from public/commercial use.
TG-GRE-0285,Daśarūpaka 1-4,Dhanaṃjaya,Poetry Collection,textgrid:49m2v.0,textgrid:49m2x.0,textgrid:49m2w.0,handle:hdl:21.11113/0000-0016-CB21-E,https://creativecommons.org/licenses/by-nc-sa/4.0/,Distributed under a Creative Commons Attribution-NonCommercial-ShareAlike 4.0 International License.,GRETIL project,NONCOMMERCIAL_RESTRICTED,False,https://textgridrep.org/browse/textgrid:49m2x.0,Keep restricted; obtain permission or exclude from public/commercial use.
TG-GRE-0286,Pavanadūta,Dhoyī (12th cent.),Poetry Collection,textgrid:49m2z.0,textgrid:49m31.0,textgrid:49m30.0,handle:hdl:21.11113/0000-0016-CB24-B,https://creativecommons.org/licenses/by-nc-sa/4.0/,Distributed under a Creative Commons Attribution-NonCommercial-ShareAlike 4.0 International License.,GRETIL project,NONCOMMERCIAL_RESTRICTED,False,https://textgridrep.org/browse/textgrid:49m31.0,Keep restricted; obtain permission or exclude from public/commercial use.
TG-GRE-0287,Dramatic Fragments (buddhist),,Poetry Collection,textgrid:49m32.0,textgrid:49m34.0,textgrid:49m33.0,handle:hdl:21.11113/0000-0016-CB27-8,https://creativecommons.org/licenses/by-nc-sa/4.0/,Distributed under a Creative Commons Attribution-NonCommercial-ShareAlike 4.0 International License.,GRETIL project,NONCOMMERCIAL_RESTRICTED,False,https://textgridrep.org/browse/textgrid:49m34.0,Keep restricted; obtain permission or exclude from public/commercial use.
TG-GRE-0288,Ghaṭakarparakāvya with Abhinavagupta's Ghaṭakarparavivṛti,,Poetry Collection,textgrid:49m35.0,textgrid:49m37.0,textgrid:49m36.0,handle:hdl:21.11113/0000-0016-CB2A-5,https://creativecommons.org/licenses/by-nc-sa/4.0/,Distributed under a Creative Commons Attribution-NonCommercial-ShareAlike 4.0 International License.,GRETIL project,NONCOMMERCIAL_RESTRICTED,False,https://textgridrep.org/browse/textgrid:49m37.0,Keep restricted; obtain permission or exclude from public/commercial use.
TG-GRE-0289,Āryāsaptaśatī,Govardhana (c. 12th cent.):,Poetry Collection,textgrid:49m38.0,textgrid:49m3b.0,textgrid:49m39.0,handle:hdl:21.11113/0000-0016-CB2D-2,https://creativecommons.org/licenses/by-nc-sa/4.0/,Distributed under a Creative Commons Attribution-NonCommercial-ShareAlike 4.0 International License.,GRETIL project,NONCOMMERCIAL_RESTRICTED,False,https://textgridrep.org/browse/textgrid:49m3b.0,Keep restricted; obtain permission or exclude from public/commercial use.
TG-GRE-0290,Pradeśasaṃgraha,Govind Kaul,Poetry Collection,textgrid:49m3c.0,textgrid:49m3f.0,textgrid:49m3d.0,handle:hdl:21.11113/0000-0016-CB30-D,https://creativecommons.org/licenses/by-nc-sa/4.0/,Distributed under a Creative Commons Attribution-NonCommercial-ShareAlike 4.0 International License.,GRETIL project,NONCOMMERCIAL_RESTRICTED,False,https://textgridrep.org/browse/textgrid:49m3f.0,Keep restricted; obtain permission or exclude from public/commercial use.
TG-GRE-0291,Nāgānanda,Harṣadeva,Poetry Collection,textgrid:49m3g.0,textgrid:49m3j.0,textgrid:49m3h.0,handle:hdl:21.11113/0000-0016-CB33-A,https://creativecommons.org/licenses/by-nc-sa/4.0/,Distributed under a Creative Commons Attribution-NonCommercial-ShareAlike 4.0 International License.,GRETIL project,NONCOMMERCIAL_RESTRICTED,False,https://textgridrep.org/browse/textgrid:49m3j.0,Keep restricted; obtain permission or exclude from public/commercial use.
TG-GRE-0292,Priyadarśikā,Harṣadeva,Poetry Collection,textgrid:49m3k.0,textgrid:49m3n.0,textgrid:49m3m.0,handle:hdl:21.11113/0000-0016-CB36-7,https://creativecommons.org/licenses/by-nc-sa/4.0/,Distributed under a Creative Commons Attribution-NonCommercial-ShareAlike 4.0 International License.,GRETIL project,NONCOMMERCIAL_RESTRICTED,False,https://textgridrep.org/browse/textgrid:49m3n.0,Keep restricted; obtain permission or exclude from public/commercial use.
TG-GRE-0293,Ratnāvalīnāṭikā,Harṣadeva,Poetry Collection,textgrid:49m3p.0,textgrid:49m3r.0,textgrid:49m3q.0,handle:hdl:21.11113/0000-0016-CB39-4,https://creativecommons.org/licenses/by-nc-sa/4.0/,Distributed under a Creative Commons Attribution-NonCommercial-ShareAlike 4.0 International License.,GRETIL project,NONCOMMERCIAL_RESTRICTED,False,https://textgridrep.org/browse/textgrid:49m3r.0,Keep restricted; obtain permission or exclude from public/commercial use.
TG-GRE-0294,Hetvābhāsadaśaka,Prince of Koṭiliṅgapura,Poetry Collection,textgrid:49m3s.0,textgrid:49m3v.0,textgrid:49m3t.0,handle:hdl:21.11113/0000-0016-CB3C-1,https://creativecommons.org/licenses/by-nc-sa/4.0/,Distributed under a Creative Commons Attribution-NonCommercial-ShareAlike 4.0 International License.,GRETIL project,NONCOMMERCIAL_RESTRICTED,False,https://textgridrep.org/browse/textgrid:49m3v.0,Keep restricted; obtain permission or exclude from public/commercial use.
TG-GRE-0295,Prāṇābharaṇa with autoentary,Jagannātha,Poetry Collection,textgrid:49m3w.0,textgrid:49m3z.0,textgrid:49m3x.0,handle:hdl:21.11113/0000-0016-CB3F-E,https://creativecommons.org/licenses/by-nc-sa/4.0/,Distributed under a Creative Commons Attribution-NonCommercial-ShareAlike 4.0 International License.,GRETIL project,NONCOMMERCIAL_RESTRICTED,False,https://textgridrep.org/browse/textgrid:49m3z.0,Keep restricted; obtain permission or exclude from public/commercial use.
TG-GRE-0296,Sudhālaharī,Jagannātha,Poetry Collection,textgrid:49m40.0,textgrid:49m42.0,textgrid:49m41.0,handle:hdl:21.11113/0000-0016-CB42-9,https://creativecommons.org/licenses/by-nc-sa/4.0/,Distributed under a Creative Commons Attribution-NonCommercial-ShareAlike 4.0 International License.,GRETIL project,NONCOMMERCIAL_RESTRICTED,False,https://textgridrep.org/browse/textgrid:49m42.0,Keep restricted; obtain permission or exclude from public/commercial use.
TG-GRE-0297,Rasagaṅgādhara 1,Jagannāthapaṇḍitarāja,Poetry Collection,textgrid:49m43.0,textgrid:49m45.0,textgrid:49m44.0,handle:hdl:21.11113/0000-0016-CB45-6,https://creativecommons.org/licenses/by-nc-sa/4.0/,Distributed under a Creative Commons Attribution-NonCommercial-ShareAlike 4.0 International License.,GRETIL project,NONCOMMERCIAL_RESTRICTED,False,https://textgridrep.org/browse/textgrid:49m45.0,Keep restricted; obtain permission or exclude from public/commercial use.
TG-GRE-0298,Mugdhopadeśa,Jalhaṇa,Poetry Collection,textgrid:49m46.0,textgrid:49m48.0,textgrid:49m47.0,handle:hdl:21.11113/0000-0016-CB48-3,https://creativecommons.org/licenses/by-nc-sa/4.0/,Distributed under a Creative Commons Attribution-NonCommercial-ShareAlike 4.0 International License.,GRETIL project,NONCOMMERCIAL_RESTRICTED,False,https://textgridrep.org/browse/textgrid:49m48.0,Keep restricted; obtain permission or exclude from public/commercial use.
TG-GRE-0299,Candrāloka,Jayadeva,Poetry Collection,textgrid:49m49.0,textgrid:49m4c.0,textgrid:49m4b.0,handle:hdl:21.11113/0000-0016-CB4B-0,https://creativecommons.org/licenses/by-nc-sa/4.0/,Distributed under a Creative Commons Attribution-NonCommercial-ShareAlike 4.0 International License.,GRETIL project,NONCOMMERCIAL_RESTRICTED,False,https://textgridrep.org/browse/textgrid:49m4c.0,Keep restricted; obtain permission or exclude from public/commercial use.
TG-GRE-0300,Gītagovinda,Jayadeva,Poetry Collection,textgrid:49m4d.0,textgrid:49m4g.0,textgrid:49m4f.0,handle:hdl:21.11113/0000-0016-CB4E-D,https://creativecommons.org/licenses/by-nc-sa/4.0/,Distributed under a Creative Commons Attribution-NonCommercial-ShareAlike 4.0 International License.,GRETIL project,NONCOMMERCIAL_RESTRICTED,False,https://textgridrep.org/browse/textgrid:49m4g.0,Keep restricted; obtain permission or exclude from public/commercial use.
TG-GRE-0301,Gītagovinda,Jayadeva,Poetry Collection,textgrid:49m4h.0,textgrid:49m4k.0,textgrid:49m4j.0,handle:hdl:21.11113/0000-0016-CB51-8,https://creativecommons.org/licenses/by-nc-sa/4.0/,Distributed under a Creative Commons Attribution-NonCommercial-ShareAlike 4.0 International License.,GRETIL project,NONCOMMERCIAL_RESTRICTED,False,https://textgridrep.org/browse/textgrid:49m4k.0,Keep restricted; obtain permission or exclude from public/commercial use.
TG-GRE-0302,"Gopālacampū, P1-33, U1-3, U5-6, U29",Jīvagosvāmin,Poetry Collection,textgrid:49m4m.0,textgrid:49m4p.0,textgrid:49m4n.0,handle:hdl:21.11113/0000-0016-CB54-5,https://creativecommons.org/licenses/by-nc-sa/4.0/,Distributed under a Creative Commons Attribution-NonCommercial-ShareAlike 4.0 International License.,GRETIL project,NONCOMMERCIAL_RESTRICTED,False,https://textgridrep.org/browse/textgrid:49m4p.0,Keep restricted; obtain permission or exclude from public/commercial use.
TG-GRE-0303,Saṃkalpakalpadruma,Jīvagosvāmin,Poetry Collection,textgrid:49m4q.0,textgrid:49m4s.0,textgrid:49m4r.0,handle:hdl:21.11113/0000-0016-CB57-2,https://creativecommons.org/licenses/by-nc-sa/4.0/,Distributed under a Creative Commons Attribution-NonCommercial-ShareAlike 4.0 International License.,GRETIL project,NONCOMMERCIAL_RESTRICTED,False,https://textgridrep.org/browse/textgrid:49m4s.0,Keep restricted; obtain permission or exclude from public/commercial use.
TG-GRE-0304,Vṛttamālāstuti,Jñānaśrīmitra,Poetry Collection,textgrid:49m4t.0,textgrid:49m4w.0,textgrid:49m4v.0,handle:hdl:21.11113/0000-0016-CB5A-F,https://creativecommons.org/licenses/by-nc-sa/4.0/,Distributed under a Creative Commons Attribution-NonCommercial-ShareAlike 4.0 International License.,GRETIL project,NONCOMMERCIAL_RESTRICTED,False,https://textgridrep.org/browse/textgrid:49m4w.0,Keep restricted; obtain permission or exclude from public/commercial use.
TG-GRE-0305,Rājataraṅginī,Jonarāja and Pseudo-Jonarāja,Poetry Collection,textgrid:49m4x.0,textgrid:49m50.0,textgrid:49m4z.0,handle:hdl:21.11113/0000-0016-CB5D-C,https://creativecommons.org/licenses/by-nc-sa/4.0/,Distributed under a Creative Commons Attribution-NonCommercial-ShareAlike 4.0 International License.,GRETIL project,NONCOMMERCIAL_RESTRICTED,False,https://textgridrep.org/browse/textgrid:49m50.0,Keep restricted; obtain permission or exclude from public/commercial use.
TG-GRE-0306,Abhijñānaśakuntala,Kālidāsa,Poetry Collection,textgrid:49m51.0,textgrid:49m53.0,textgrid:49m52.0,handle:hdl:21.11113/0000-0016-CB60-7,https://creativecommons.org/licenses/by-nc-sa/4.0/,Distributed under a Creative Commons Attribution-NonCommercial-ShareAlike 4.0 International License.,GRETIL project,NONCOMMERCIAL_RESTRICTED,False,https://textgridrep.org/browse/textgrid:49m53.0,Keep restricted; obtain permission or exclude from public/commercial use.
TG-GRE-0307,Kumārasaṃbhava,Kālidāsa,Poetry Collection,textgrid:49m54.0,textgrid:49m56.0,textgrid:49m55.0,handle:hdl:21.11113/0000-0016-CB63-4,https://creativecommons.org/licenses/by-nc-sa/4.0/,Distributed under a Creative Commons Attribution-NonCommercial-ShareAlike 4.0 International License.,GRETIL project,NONCOMMERCIAL_RESTRICTED,False,https://textgridrep.org/browse/textgrid:49m56.0,Keep restricted; obtain permission or exclude from public/commercial use.
TG-GRE-0308,Meghadūta-acc-Vallabhadeva,Kālidāsa,Poetry Collection,textgrid:49m57.0,textgrid:49m59.0,textgrid:49m58.0,handle:hdl:21.11113/0000-0016-CB66-1,https://creativecommons.org/licenses/by-nc-sa/4.0/,Distributed under a Creative Commons Attribution-NonCommercial-ShareAlike 4.0 International License.,GRETIL project,NONCOMMERCIAL_RESTRICTED,False,https://textgridrep.org/browse/textgrid:49m59.0,Keep restricted; obtain permission or exclude from public/commercial use.
TG-GRE-0309,Meghadūta,Kālidāsa,Poetry Collection,textgrid:49m5b.0,textgrid:49m5d.0,textgrid:49m5c.0,handle:hdl:21.11113/0000-0016-CB69-E,https://creativecommons.org/licenses/by-nc-sa/4.0/,Distributed under a Creative Commons Attribution-NonCommercial-ShareAlike 4.0 International License.,GRETIL project,NONCOMMERCIAL_RESTRICTED,False,https://textgridrep.org/browse/textgrid:49m5d.0,Keep restricted; obtain permission or exclude from public/commercial use.
TG-GRE-0310,Meghadūta,Kālidāsa,Poetry Collection,textgrid:49m5f.0,textgrid:49m5h.0,textgrid:49m5g.0,handle:hdl:21.11113/0000-0016-CB6C-B,https://creativecommons.org/licenses/by-nc-sa/4.0/,Distributed under a Creative Commons Attribution-NonCommercial-ShareAlike 4.0 International License.,GRETIL project,NONCOMMERCIAL_RESTRICTED,False,https://textgridrep.org/browse/textgrid:49m5h.0,Keep restricted; obtain permission or exclude from public/commercial use.
TG-GRE-0311,"Raghuvaṃśa-kashm, 1-6",Kālidāsa,Poetry Collection,textgrid:49m5j.0,textgrid:49m5m.0,textgrid:49m5k.0,handle:hdl:21.11113/0000-0016-CB6F-8,https://creativecommons.org/licenses/by-nc-sa/4.0/,Distributed under a Creative Commons Attribution-NonCommercial-ShareAlike 4.0 International License.,GRETIL project,NONCOMMERCIAL_RESTRICTED,False,https://textgridrep.org/browse/textgrid:49m5m.0,Keep restricted; obtain permission or exclude from public/commercial use.
TG-GRE-0312,Raghuvaṃśa,Kālidāsa,Poetry Collection,textgrid:49m5n.0,textgrid:49m5q.0,textgrid:49m5p.0,handle:hdl:21.11113/0000-0016-CB72-3,https://creativecommons.org/licenses/by-nc-sa/4.0/,Distributed under a Creative Commons Attribution-NonCommercial-ShareAlike 4.0 International License.,GRETIL project,NONCOMMERCIAL_RESTRICTED,False,https://textgridrep.org/browse/textgrid:49m5q.0,Keep restricted; obtain permission or exclude from public/commercial use.
TG-GRE-0313,Ṛtusaṃhāra,Kālidāsa,Poetry Collection,textgrid:49m5r.0,textgrid:49m5t.0,textgrid:49m5s.0,handle:hdl:21.11113/0000-0016-CB75-0,https://creativecommons.org/licenses/by-nc-sa/4.0/,Distributed under a Creative Commons Attribution-NonCommercial-ShareAlike 4.0 International License.,GRETIL project,NONCOMMERCIAL_RESTRICTED,False,https://textgridrep.org/browse/textgrid:49m5t.0,Keep restricted; obtain permission or exclude from public/commercial use.
TG-GRE-0314,Śyāmalādaṇḍaka,Kālidāsa,Poetry Collection,textgrid:49m5v.0,textgrid:49m5x.0,textgrid:49m5w.0,handle:hdl:21.11113/0000-0016-CB78-D,https://creativecommons.org/licenses/by-nc-sa/4.0/,Distributed under a Creative Commons Attribution-NonCommercial-ShareAlike 4.0 International License.,GRETIL project,NONCOMMERCIAL_RESTRICTED,False,https://textgridrep.org/browse/textgrid:49m5x.0,Keep restricted; obtain permission or exclude from public/commercial use.
TG-GRE-0315,Vṛttaratnākara with Sulhaṇa's commentary Sukavihṛdayānandinī,Kedārabhaṭṭa,Poetry Collection,textgrid:49m5z.0,textgrid:49m61.0,textgrid:49m60.0,handle:hdl:21.11113/0000-0016-CB7B-A,https://creativecommons.org/licenses/by-nc-sa/4.0/,Distributed under a Creative Commons Attribution-NonCommercial-ShareAlike 4.0 International License.,GRETIL project,NONCOMMERCIAL_RESTRICTED,False,https://textgridrep.org/browse/textgrid:49m61.0,Keep restricted; obtain permission or exclude from public/commercial use.
TG-GRE-0316,Vṛttaratnākara,Kedārabhaṭṭa,Poetry Collection,textgrid:49m62.0,textgrid:49m64.0,textgrid:49m63.0,handle:hdl:21.11113/0000-0016-CB7E-7,https://creativecommons.org/licenses/by-nc-sa/4.0/,Distributed under a Creative Commons Attribution-NonCommercial-ShareAlike 4.0 International License.,GRETIL project,NONCOMMERCIAL_RESTRICTED,False,https://textgridrep.org/browse/textgrid:49m64.0,Keep restricted; obtain permission or exclude from public/commercial use.
TG-GRE-0317,Bhāratamañjarī 6-19,Kṣemendra,Poetry Collection,textgrid:49m65.0,textgrid:49m67.0,textgrid:49m66.0,handle:hdl:21.11113/0000-0016-CB81-1,https://creativecommons.org/licenses/by-nc-sa/4.0/,Distributed under a Creative Commons Attribution-NonCommercial-ShareAlike 4.0 International License.,GRETIL project,NONCOMMERCIAL_RESTRICTED,False,https://textgridrep.org/browse/textgrid:49m67.0,Keep restricted; obtain permission or exclude from public/commercial use.
TG-GRE-0318,Caturvargasaṃgraha,Kṣemendra,Poetry Collection,textgrid:49m68.0,textgrid:49m6b.0,textgrid:49m69.0,handle:hdl:21.11113/0000-0016-CB84-E,https://creativecommons.org/licenses/by-nc-sa/4.0/,Distributed under a Creative Commons Attribution-NonCommercial-ShareAlike 4.0 International License.,GRETIL project,NONCOMMERCIAL_RESTRICTED,False,https://textgridrep.org/browse/textgrid:49m6b.0,Keep restricted; obtain permission or exclude from public/commercial use.
TG-GRE-0319,Darpadalana,Kṣemendra,Poetry Collection,textgrid:49m6c.0,textgrid:49m6f.0,textgrid:49m6d.0,handle:hdl:21.11113/0000-0016-CB87-B,https://creativecommons.org/licenses/by-nc-sa/4.0/,Distributed under a Creative Commons Attribution-NonCommercial-ShareAlike 4.0 International License.,GRETIL project,NONCOMMERCIAL_RESTRICTED,False,https://textgridrep.org/browse/textgrid:49m6f.0,Keep restricted; obtain permission or exclude from public/commercial use.
TG-GRE-0320,Kalāvilāsa,Kṣemendra,Poetry Collection,textgrid:49m6g.0,textgrid:49m6j.0,textgrid:49m6h.0,handle:hdl:21.11113/0000-0016-CB8A-8,https://creativecommons.org/licenses/by-nc-sa/4.0/,Distributed under a Creative Commons Attribution-NonCommercial-ShareAlike 4.0 International License.,GRETIL project,NONCOMMERCIAL_RESTRICTED,False,https://textgridrep.org/browse/textgrid:49m6j.0,Keep restricted; obtain permission or exclude from public/commercial use.
TG-GRE-0321,Narmamālā,Kṣemendra,Poetry Collection,textgrid:49m6k.0,textgrid:49m6n.0,textgrid:49m6m.0,handle:hdl:21.11113/0000-0016-CB8D-5,https://creativecommons.org/licenses/by-nc-sa/4.0/,Distributed under a Creative Commons Attribution-NonCommercial-ShareAlike 4.0 International License.,GRETIL project,NONCOMMERCIAL_RESTRICTED,False,https://textgridrep.org/browse/textgrid:49m6n.0,Keep restricted; obtain permission or exclude from public/commercial use.
TG-GRE-0322,Sevyasevakopadeśaḥ,Kṣemendra,Poetry Collection,textgrid:49m6p.0,textgrid:49m6r.0,textgrid:49m6q.0,handle:hdl:21.11113/0000-0016-CB90-0,https://creativecommons.org/licenses/by-nc-sa/4.0/,Distributed under a Creative Commons Attribution-NonCommercial-ShareAlike 4.0 International License.,GRETIL project,NONCOMMERCIAL_RESTRICTED,False,https://textgridrep.org/browse/textgrid:49m6r.0,Keep restricted; obtain permission or exclude from public/commercial use.
TG-GRE-0323,Mukundamālā,Kulaśekhara,Poetry Collection,textgrid:49m6s.0,textgrid:49m6v.0,textgrid:49m6t.0,handle:hdl:21.11113/0000-0016-CB93-D,https://creativecommons.org/licenses/by-nc-sa/4.0/,Distributed under a Creative Commons Attribution-NonCommercial-ShareAlike 4.0 International License.,GRETIL project,NONCOMMERCIAL_RESTRICTED,False,https://textgridrep.org/browse/textgrid:49m6v.0,Keep restricted; obtain permission or exclude from public/commercial use.
TG-GRE-0324,Vakroktijīvita with Kuntaka's own commentary,Kuntaka,Poetry Collection,textgrid:49m6w.0,textgrid:49m6z.0,textgrid:49m6x.0,handle:hdl:21.11113/0000-0016-CB96-A,https://creativecommons.org/licenses/by-nc-sa/4.0/,Distributed under a Creative Commons Attribution-NonCommercial-ShareAlike 4.0 International License.,GRETIL project,NONCOMMERCIAL_RESTRICTED,False,https://textgridrep.org/browse/textgrid:49m6z.0,Keep restricted; obtain permission or exclude from public/commercial use.
TG-GRE-0325,Gūḍhārthadīpikā commentary on Ghaṭakharparakāvya,Kuśalamiśra,Poetry Collection,textgrid:49m70.0,textgrid:49m72.0,textgrid:49m71.0,handle:hdl:21.11113/0000-0016-CB99-7,https://creativecommons.org/licenses/by-nc-sa/4.0/,Distributed under a Creative Commons Attribution-NonCommercial-ShareAlike 4.0 International License.,GRETIL project,NONCOMMERCIAL_RESTRICTED,False,https://textgridrep.org/browse/textgrid:49m72.0,Keep restricted; obtain permission or exclude from public/commercial use.
TG-GRE-0326,Śivastuti,Laṅkeśvara,Poetry Collection,textgrid:49m73.0,textgrid:49m75.0,textgrid:49m74.0,handle:hdl:21.11113/0000-0016-CB9C-4,https://creativecommons.org/licenses/by-nc-sa/4.0/,Distributed under a Creative Commons Attribution-NonCommercial-ShareAlike 4.0 International License.,GRETIL project,NONCOMMERCIAL_RESTRICTED,False,https://textgridrep.org/browse/textgrid:49m75.0,Keep restricted; obtain permission or exclude from public/commercial use.
TG-GRE-0327,Śiśupālavadha,Māgha,Poetry Collection,textgrid:49m76.0,textgrid:49m78.0,textgrid:49m77.0,handle:hdl:21.11113/0000-0016-CB9F-1,https://creativecommons.org/licenses/by-nc-sa/4.0/,Distributed under a Creative Commons Attribution-NonCommercial-ShareAlike 4.0 International License.,GRETIL project,NONCOMMERCIAL_RESTRICTED,False,https://textgridrep.org/browse/textgrid:49m78.0,Keep restricted; obtain permission or exclude from public/commercial use.
TG-GRE-0328,Mahāsubhāṣitasaṃgraha 1-9979,,Poetry Collection,textgrid:49m79.0,textgrid:49m7c.0,textgrid:49m7b.0,handle:hdl:21.11113/0000-0016-CBA2-C,https://creativecommons.org/licenses/by-nc-sa/4.0/,Distributed under a Creative Commons Attribution-NonCommercial-ShareAlike 4.0 International License.,GRETIL project,NONCOMMERCIAL_RESTRICTED,False,https://textgridrep.org/browse/textgrid:49m7c.0,Keep restricted; obtain permission or exclude from public/commercial use.
TG-GRE-0329,Mattavilāsaprahasana,Mahendravarman I,Poetry Collection,textgrid:49m7d.0,textgrid:49m7g.0,textgrid:49m7f.0,handle:hdl:21.11113/0000-0016-CBA5-9,https://creativecommons.org/licenses/by-nc-sa/4.0/,Distributed under a Creative Commons Attribution-NonCommercial-ShareAlike 4.0 International License.,GRETIL project,NONCOMMERCIAL_RESTRICTED,False,https://textgridrep.org/browse/textgrid:49m7g.0,Keep restricted; obtain permission or exclude from public/commercial use.
TG-GRE-0330,Kāvyaprakāśa with Vāmanācārya Rāmabhaṭṭa Jhalakikar's Bālabodhinī commentary,Mammaṭa,Poetry Collection,textgrid:49m7h.0,textgrid:49m7k.0,textgrid:49m7j.0,handle:hdl:21.11113/0000-0016-CBA8-6,https://creativecommons.org/licenses/by-nc-sa/4.0/,Distributed under a Creative Commons Attribution-NonCommercial-ShareAlike 4.0 International License.,GRETIL project,NONCOMMERCIAL_RESTRICTED,False,https://textgridrep.org/browse/textgrid:49m7k.0,Keep restricted; obtain permission or exclude from public/commercial use.
TG-GRE-0331,Kāvyaprakāśa,Mammaṭa,Poetry Collection,textgrid:49m7m.0,textgrid:49m7p.0,textgrid:49m7n.0,handle:hdl:21.11113/0000-0016-CBAB-3,https://creativecommons.org/licenses/by-nc-sa/4.0/,Distributed under a Creative Commons Attribution-NonCommercial-ShareAlike 4.0 International License.,GRETIL project,NONCOMMERCIAL_RESTRICTED,False,https://textgridrep.org/browse/textgrid:49m7p.0,Keep restricted; obtain permission or exclude from public/commercial use.
TG-GRE-0332,Śabdavyāpāravicāra,Mammaṭa,Poetry Collection,textgrid:49m7q.0,textgrid:49m7s.0,textgrid:49m7r.0,handle:hdl:21.11113/0000-0016-CBAE-0,https://creativecommons.org/licenses/by-nc-sa/4.0/,Distributed under a Creative Commons Attribution-NonCommercial-ShareAlike 4.0 International License.,GRETIL project,NONCOMMERCIAL_RESTRICTED,False,https://textgridrep.org/browse/textgrid:49m7s.0,Keep restricted; obtain permission or exclude from public/commercial use.
TG-GRE-0333,Hitopadeśa,Nārāyaṇa,Poetry Collection,textgrid:49m7t.0,textgrid:49m7w.0,textgrid:49m7v.0,handle:hdl:21.11113/0000-0016-CBB1-B,https://creativecommons.org/licenses/by-nc-sa/4.0/,Distributed under a Creative Commons Attribution-NonCommercial-ShareAlike 4.0 International License.,GRETIL project,NONCOMMERCIAL_RESTRICTED,False,https://textgridrep.org/browse/textgrid:49m7w.0,Keep restricted; obtain permission or exclude from public/commercial use.
TG-GRE-0334,Nārāyaṇīya,Nārāyaṇabhaṭṭa,Poetry Collection,textgrid:49m7x.0,textgrid:49m80.0,textgrid:49m7z.0,handle:hdl:21.11113/0000-0016-CBB4-8,https://creativecommons.org/licenses/by-nc-sa/4.0/,Distributed under a Creative Commons Attribution-NonCommercial-ShareAlike 4.0 International License.,GRETIL project,NONCOMMERCIAL_RESTRICTED,False,https://textgridrep.org/browse/textgrid:49m80.0,Keep restricted; obtain permission or exclude from public/commercial use.
TG-GRE-0335,Kaliviḍambana,Nīlakaṇṭhadīkṣita,Poetry Collection,textgrid:49m81.0,textgrid:49m83.0,textgrid:49m82.0,handle:hdl:21.11113/0000-0016-CBB7-5,https://creativecommons.org/licenses/by-nc-sa/4.0/,Distributed under a Creative Commons Attribution-NonCommercial-ShareAlike 4.0 International License.,GRETIL project,NONCOMMERCIAL_RESTRICTED,False,https://textgridrep.org/browse/textgrid:49m83.0,Keep restricted; obtain permission or exclude from public/commercial use.
TG-GRE-0336,Navasāhasāṅkacarita,Padmagupta,Poetry Collection,textgrid:49m84.0,textgrid:49m86.0,textgrid:49m85.0,handle:hdl:21.11113/0000-0016-CBBA-2,https://creativecommons.org/licenses/by-nc-sa/4.0/,Distributed under a Creative Commons Attribution-NonCommercial-ShareAlike 4.0 International License.,GRETIL project,NONCOMMERCIAL_RESTRICTED,False,https://textgridrep.org/browse/textgrid:49m86.0,Keep restricted; obtain permission or exclude from public/commercial use.
TG-GRE-0337,Rāmodanta,,Poetry Collection,textgrid:49m87.0,textgrid:49m89.0,textgrid:49m88.0,handle:hdl:21.11113/0000-0016-CBBD-F,https://creativecommons.org/licenses/by-nc-sa/4.0/,Distributed under a Creative Commons Attribution-NonCommercial-ShareAlike 4.0 International License.,GRETIL project,NONCOMMERCIAL_RESTRICTED,False,https://textgridrep.org/browse/textgrid:49m89.0,Keep restricted; obtain permission or exclude from public/commercial use.
TG-GRE-0338,Mahāgaṇapatistotra with a commentary “by his disciple”,Rāghavacaitanya,Poetry Collection,textgrid:49m8b.0,textgrid:49m8d.0,textgrid:49m8c.0,handle:hdl:21.11113/0000-0016-CBC0-A,https://creativecommons.org/licenses/by-nc-sa/4.0/,Distributed under a Creative Commons Attribution-NonCommercial-ShareAlike 4.0 International License.,GRETIL project,NONCOMMERCIAL_RESTRICTED,False,https://textgridrep.org/browse/textgrid:49m8d.0,Keep restricted; obtain permission or exclude from public/commercial use.
TG-GRE-0339,Kāvyamīmāṃsā 1,Rājaśekhara,Poetry Collection,textgrid:49m8f.0,textgrid:49m8h.0,textgrid:49m8g.0,handle:hdl:21.11113/0000-0016-CBC3-7,https://creativecommons.org/licenses/by-nc-sa/4.0/,Distributed under a Creative Commons Attribution-NonCommercial-ShareAlike 4.0 International License.,GRETIL project,NONCOMMERCIAL_RESTRICTED,False,https://textgridrep.org/browse/textgrid:49m8h.0,Keep restricted; obtain permission or exclude from public/commercial use.
TG-GRE-0340,Mithyāgrahaṇam,Kṣamā Rāva,Poetry Collection,textgrid:49m8j.0,textgrid:49m8m.0,textgrid:49m8k.0,handle:hdl:21.11113/0000-0016-CBC6-4,https://creativecommons.org/licenses/by-nc-sa/4.0/,Distributed under a Creative Commons Attribution-NonCommercial-ShareAlike 4.0 International License.,GRETIL project,NONCOMMERCIAL_RESTRICTED,False,https://textgridrep.org/browse/textgrid:49m8m.0,Keep restricted; obtain permission or exclude from public/commercial use.
TG-GRE-0341,Rākṣasakāvya with Ṭīkā,Ravideva,Poetry Collection,textgrid:49m8n.0,textgrid:49m8q.0,textgrid:49m8p.0,handle:hdl:21.11113/0000-0016-CBC9-1,https://creativecommons.org/licenses/by-nc-sa/4.0/,Distributed under a Creative Commons Attribution-NonCommercial-ShareAlike 4.0 International License.,GRETIL project,NONCOMMERCIAL_RESTRICTED,False,https://textgridrep.org/browse/textgrid:49m8q.0,Keep restricted; obtain permission or exclude from public/commercial use.
TG-GRE-0342,Śṛṅgāratilaka,Rudrabhaṭṭaḥ,Poetry Collection,textgrid:49m8r.0,textgrid:49m8t.0,textgrid:49m8s.0,handle:hdl:21.11113/0000-0016-CBCC-E,https://creativecommons.org/licenses/by-nc-sa/4.0/,Distributed under a Creative Commons Attribution-NonCommercial-ShareAlike 4.0 International License.,GRETIL project,NONCOMMERCIAL_RESTRICTED,False,https://textgridrep.org/browse/textgrid:49m8t.0,Keep restricted; obtain permission or exclude from public/commercial use.
TG-GRE-0343,Haṃsadūta,Rūpagosvāmin,Poetry Collection,textgrid:49m8v.0,textgrid:49m8x.0,textgrid:49m8w.0,handle:hdl:21.11113/0000-0016-CBCF-B,https://creativecommons.org/licenses/by-nc-sa/4.0/,Distributed under a Creative Commons Attribution-NonCommercial-ShareAlike 4.0 International License.,GRETIL project,NONCOMMERCIAL_RESTRICTED,False,https://textgridrep.org/browse/textgrid:49m8x.0,Keep restricted; obtain permission or exclude from public/commercial use.
TG-GRE-0344,Nāṭakacandrikā,Rūpagosvāmin,Poetry Collection,textgrid:49m8z.0,textgrid:49m91.0,textgrid:49m90.0,handle:hdl:21.11113/0000-0016-CBD2-6,https://creativecommons.org/licenses/by-nc-sa/4.0/,Distributed under a Creative Commons Attribution-NonCommercial-ShareAlike 4.0 International License.,GRETIL project,NONCOMMERCIAL_RESTRICTED,False,https://textgridrep.org/browse/textgrid:49m91.0,Keep restricted; obtain permission or exclude from public/commercial use.
TG-GRE-0345,Padyāvalī (comp.),Rūpagosvāmin,Poetry Collection,textgrid:49m92.0,textgrid:49m94.0,textgrid:49m93.0,handle:hdl:21.11113/0000-0016-CBD5-3,https://creativecommons.org/licenses/by-nc-sa/4.0/,Distributed under a Creative Commons Attribution-NonCommercial-ShareAlike 4.0 International License.,GRETIL project,NONCOMMERCIAL_RESTRICTED,False,https://textgridrep.org/browse/textgrid:49m94.0,Keep restricted; obtain permission or exclude from public/commercial use.
TG-GRE-0346,Ujjvalanīlamaṇi,Rūpagosvāmin,Poetry Collection,textgrid:49m95.0,textgrid:49m97.0,textgrid:49m96.0,handle:hdl:21.11113/0000-0016-CBD8-0,https://creativecommons.org/licenses/by-nc-sa/4.0/,Distributed under a Creative Commons Attribution-NonCommercial-ShareAlike 4.0 International License.,GRETIL project,NONCOMMERCIAL_RESTRICTED,False,https://textgridrep.org/browse/textgrid:49m97.0,Keep restricted; obtain permission or exclude from public/commercial use.
TG-GRE-0347,Alaṃkārasarvasva 1-34 with Jayaratha's commentary Vimarśinī,Ruyyaka,Poetry Collection,textgrid:49m98.0,textgrid:49m9b.0,textgrid:49m99.0,handle:hdl:21.11113/0000-0016-CBDB-D,https://creativecommons.org/licenses/by-nc-sa/4.0/,Distributed under a Creative Commons Attribution-NonCommercial-ShareAlike 4.0 International License.,GRETIL project,NONCOMMERCIAL_RESTRICTED,False,https://textgridrep.org/browse/textgrid:49m9b.0,Keep restricted; obtain permission or exclude from public/commercial use.
TG-GRE-0348,Alaṃkārasarvasva 1-34,Ruyyaka,Poetry Collection,textgrid:49m9c.0,textgrid:49m9f.0,textgrid:49m9d.0,handle:hdl:21.11113/0000-0016-CBDE-A,https://creativecommons.org/licenses/by-nc-sa/4.0/,Distributed under a Creative Commons Attribution-NonCommercial-ShareAlike 4.0 International License.,GRETIL project,NONCOMMERCIAL_RESTRICTED,False,https://textgridrep.org/browse/textgrid:49m9f.0,Keep restricted; obtain permission or exclude from public/commercial use.
TG-GRE-0349,Alaṃkārasarvasva with Vidyācakravarti's commentary Saṃjīvanī,Ruyyaka,Poetry Collection,textgrid:49m9g.0,textgrid:49m9j.0,textgrid:49m9h.0,handle:hdl:21.11113/0000-0016-CBE1-5,https://creativecommons.org/licenses/by-nc-sa/4.0/,Distributed under a Creative Commons Attribution-NonCommercial-ShareAlike 4.0 International License.,GRETIL project,NONCOMMERCIAL_RESTRICTED,False,https://textgridrep.org/browse/textgrid:49m9j.0,Keep restricted; obtain permission or exclude from public/commercial use.
TG-GRE-0350,Sahṛdayalīlā,Ruyyaka,Poetry Collection,textgrid:49m9k.0,textgrid:49m9n.0,textgrid:49m9m.0,handle:hdl:21.11113/0000-0016-CBE4-2,https://creativecommons.org/licenses/by-nc-sa/4.0/,Distributed under a Creative Commons Attribution-NonCommercial-ShareAlike 4.0 International License.,GRETIL project,NONCOMMERCIAL_RESTRICTED,False,https://textgridrep.org/browse/textgrid:49m9n.0,Keep restricted; obtain permission or exclude from public/commercial use.
TG-GRE-0351,"Vyaktivivekavyākhyā, 2",Ruyyaka [Rājānaka],Poetry Collection,textgrid:49m9p.0,textgrid:49m9r.0,textgrid:49m9q.0,handle:hdl:21.11113/0000-0016-CBE7-F,https://creativecommons.org/licenses/by-nc-sa/4.0/,Distributed under a Creative Commons Attribution-NonCommercial-ShareAlike 4.0 International License.,GRETIL project,NONCOMMERCIAL_RESTRICTED,False,https://textgridrep.org/browse/textgrid:49m9r.0,Keep restricted; obtain permission or exclude from public/commercial use.
TG-GRE-0352,Rasārṇavasudhākara,Siṃhabhūpāla,Poetry Collection,textgrid:49m9s.0,textgrid:49m9v.0,textgrid:49m9t.0,handle:hdl:21.11113/0000-0016-CBEA-C,https://creativecommons.org/licenses/by-nc-sa/4.0/,Distributed under a Creative Commons Attribution-NonCommercial-ShareAlike 4.0 International License.,GRETIL project,NONCOMMERCIAL_RESTRICTED,False,https://textgridrep.org/browse/textgrid:49m9v.0,Keep restricted; obtain permission or exclude from public/commercial use.
TG-GRE-0353,Kathāsaritsāgara,Somadeva,Poetry Collection,textgrid:49m9w.0,textgrid:49m9z.0,textgrid:49m9x.0,handle:hdl:21.11113/0000-0016-CBED-9,https://creativecommons.org/licenses/by-nc-sa/4.0/,Distributed under a Creative Commons Attribution-NonCommercial-ShareAlike 4.0 International License.,GRETIL project,NONCOMMERCIAL_RESTRICTED,False,https://textgridrep.org/browse/textgrid:49m9z.0,Keep restricted; obtain permission or exclude from public/commercial use.
TG-GRE-0354,"Kathāsaritsāgara, Vetālapañcaviṃśatikā",Somadeva,Poetry Collection,textgrid:49mb0.0,textgrid:49mb2.0,textgrid:49mb1.0,handle:hdl:21.11113/0000-0016-CBF0-4,https://creativecommons.org/licenses/by-nc-sa/4.0/,Distributed under a Creative Commons Attribution-NonCommercial-ShareAlike 4.0 International License.,GRETIL project,NONCOMMERCIAL_RESTRICTED,False,https://textgridrep.org/browse/textgrid:49mb2.0,Keep restricted; obtain permission or exclude from public/commercial use.
TG-GRE-0355,Vāsavadattā,Subandhu,Poetry Collection,textgrid:49mb3.0,textgrid:49mb5.0,textgrid:49mb4.0,handle:hdl:21.11113/0000-0016-CBF3-1,https://creativecommons.org/licenses/by-nc-sa/4.0/,Distributed under a Creative Commons Attribution-NonCommercial-ShareAlike 4.0 International License.,GRETIL project,NONCOMMERCIAL_RESTRICTED,False,https://textgridrep.org/browse/textgrid:49mb5.0,Keep restricted; obtain permission or exclude from public/commercial use.
TG-GRE-0356,Tantrākhyāyika 1-2,,Poetry Collection,textgrid:49mb6.0,textgrid:49mb8.0,textgrid:49mb7.0,handle:hdl:21.11113/0000-0016-CBF6-E,https://creativecommons.org/licenses/by-nc-sa/4.0/,Distributed under a Creative Commons Attribution-NonCommercial-ShareAlike 4.0 International License.,GRETIL project,NONCOMMERCIAL_RESTRICTED,False,https://textgridrep.org/browse/textgrid:49mb8.0,Keep restricted; obtain permission or exclude from public/commercial use.
TG-GRE-0357,Kāvyālaṃkārasārasaṃgraha with Indurāja's Laghuvṛtti commentary,Udbhaṭa,Poetry Collection,textgrid:49mb9.0,textgrid:49mbc.0,textgrid:49mbb.0,handle:hdl:21.11113/0000-0016-CBF9-B,https://creativecommons.org/licenses/by-nc-sa/4.0/,Distributed under a Creative Commons Attribution-NonCommercial-ShareAlike 4.0 International License.,GRETIL project,NONCOMMERCIAL_RESTRICTED,False,https://textgridrep.org/browse/textgrid:49mbc.0,Keep restricted; obtain permission or exclude from public/commercial use.
TG-GRE-0358,Kokilasaṃdesa,Uddaṇḍa,Poetry Collection,textgrid:49mbd.0,textgrid:49mbg.0,textgrid:49mbf.0,handle:hdl:21.11113/0000-0016-CBFC-8,https://creativecommons.org/licenses/by-nc-sa/4.0/,Distributed under a Creative Commons Attribution-NonCommercial-ShareAlike 4.0 International License.,GRETIL project,NONCOMMERCIAL_RESTRICTED,False,https://textgridrep.org/browse/textgrid:49mbg.0,Keep restricted; obtain permission or exclude from public/commercial use.
TG-GRE-0359,Pāḍatāḍitaka,Udīcyaśyāmilaka,Poetry Collection,textgrid:49mbh.0,textgrid:49mbk.0,textgrid:49mbj.0,handle:hdl:21.11113/0000-0016-CBFF-5,https://creativecommons.org/licenses/by-nc-sa/4.0/,Distributed under a Creative Commons Attribution-NonCommercial-ShareAlike 4.0 International License.,GRETIL project,NONCOMMERCIAL_RESTRICTED,False,https://textgridrep.org/browse/textgrid:49mbk.0,Keep restricted; obtain permission or exclude from public/commercial use.
TG-GRE-0360,Subhāṣitāvali 1-1040,Vallabhadeva,Poetry Collection,textgrid:49mbm.0,textgrid:49mbp.0,textgrid:49mbn.0,handle:hdl:21.11113/0000-0016-CC02-0,https://creativecommons.org/licenses/by-nc-sa/4.0/,Distributed under a Creative Commons Attribution-NonCommercial-ShareAlike 4.0 International License.,GRETIL project,NONCOMMERCIAL_RESTRICTED,False,https://textgridrep.org/browse/textgrid:49mbp.0,Keep restricted; obtain permission or exclude from public/commercial use.
TG-GRE-0361,Kāvyālaṃkārasūtra,Vāmana,Poetry Collection,textgrid:49mbq.0,textgrid:49mbs.0,textgrid:49mbr.0,handle:hdl:21.11113/0000-0016-CC05-D,https://creativecommons.org/licenses/by-nc-sa/4.0/,Distributed under a Creative Commons Attribution-NonCommercial-ShareAlike 4.0 International License.,GRETIL project,NONCOMMERCIAL_RESTRICTED,False,https://textgridrep.org/browse/textgrid:49mbs.0,Keep restricted; obtain permission or exclude from public/commercial use.
TG-GRE-0362,Kāvyālaṃkārasūtra with Vṛtti,Vāmana,Poetry Collection,textgrid:49mbt.0,textgrid:49mbw.0,textgrid:49mbv.0,handle:hdl:21.11113/0000-0016-CC08-A,https://creativecommons.org/licenses/by-nc-sa/4.0/,Distributed under a Creative Commons Attribution-NonCommercial-ShareAlike 4.0 International License.,GRETIL project,NONCOMMERCIAL_RESTRICTED,False,https://textgridrep.org/browse/textgrid:49mbw.0,Keep restricted; obtain permission or exclude from public/commercial use.
TG-GRE-0363,Subhāṣitaratnakośa,Vidyākara,Poetry Collection,textgrid:49mbx.0,textgrid:49mc0.0,textgrid:49mbz.0,handle:hdl:21.11113/0000-0016-CC0B-7,https://creativecommons.org/licenses/by-nc-sa/4.0/,Distributed under a Creative Commons Attribution-NonCommercial-ShareAlike 4.0 International License.,GRETIL project,NONCOMMERCIAL_RESTRICTED,False,https://textgridrep.org/browse/textgrid:49mc0.0,Keep restricted; obtain permission or exclude from public/commercial use.
TG-GRE-0364,Pratāparudrīya or Pratāparudrayaśobhūṣaṇa with Kumārasvāmin's commentary Ratnāpaṇa,Vidyānātha,Poetry Collection,textgrid:49mc1.0,textgrid:49mc3.0,textgrid:49mc2.0,handle:hdl:21.11113/0000-0016-CC0E-4,https://creativecommons.org/licenses/by-nc-sa/4.0/,Distributed under a Creative Commons Attribution-NonCommercial-ShareAlike 4.0 International License.,GRETIL project,NONCOMMERCIAL_RESTRICTED,False,https://textgridrep.org/browse/textgrid:49mc3.0,Keep restricted; obtain permission or exclude from public/commercial use.
TG-GRE-0365,Pañcatantra,Viṣṇuśarman,Poetry Collection,textgrid:49mc4.0,textgrid:49mc6.0,textgrid:49mc5.0,handle:hdl:21.11113/0000-0016-CC11-F,https://creativecommons.org/licenses/by-nc-sa/4.0/,Distributed under a Creative Commons Attribution-NonCommercial-ShareAlike 4.0 International License.,GRETIL project,NONCOMMERCIAL_RESTRICTED,False,https://textgridrep.org/browse/textgrid:49mc6.0,Keep restricted; obtain permission or exclude from public/commercial use.
TG-GRE-0366,Sāhityadarpaṇa,Viśvanāthakavirāja,Poetry Collection,textgrid:49mc7.0,textgrid:49mc9.0,textgrid:49mc8.0,handle:hdl:21.11113/0000-0016-CC14-C,https://creativecommons.org/licenses/by-nc-sa/4.0/,Distributed under a Creative Commons Attribution-NonCommercial-ShareAlike 4.0 International License.,GRETIL project,NONCOMMERCIAL_RESTRICTED,False,https://textgridrep.org/browse/textgrid:49mc9.0,Keep restricted; obtain permission or exclude from public/commercial use.
TG-GRE-0367,Sāhityadarpaṇa,Viśvanāthakavirāja,Poetry Collection,textgrid:49mcb.0,textgrid:49mcd.0,textgrid:49mcc.0,handle:hdl:21.11113/0000-0016-CC17-9,https://creativecommons.org/licenses/by-nc-sa/4.0/,Distributed under a Creative Commons Attribution-NonCommercial-ShareAlike 4.0 International License.,GRETIL project,NONCOMMERCIAL_RESTRICTED,False,https://textgridrep.org/browse/textgrid:49mcd.0,Keep restricted; obtain permission or exclude from public/commercial use.
TG-GRE-0368,Camatkāracandrikā,Viśveśvarakavicandra,Poetry Collection,textgrid:49mcf.0,textgrid:49mch.0,textgrid:49mcg.0,handle:hdl:21.11113/0000-0016-CC1A-6,https://creativecommons.org/licenses/by-nc-sa/4.0/,Distributed under a Creative Commons Attribution-NonCommercial-ShareAlike 4.0 International License.,GRETIL project,NONCOMMERCIAL_RESTRICTED,False,https://textgridrep.org/browse/textgrid:49mch.0,Keep restricted; obtain permission or exclude from public/commercial use.
TG-GRE-0369,Śukasaptati,,Poetry Collection,textgrid:49mcj.0,textgrid:49mcm.0,textgrid:49mck.0,handle:hdl:21.11113/0000-0016-CC1D-3,https://creativecommons.org/licenses/by-nc-sa/4.0/,Distributed under a Creative Commons Attribution-NonCommercial-ShareAlike 4.0 International License.,GRETIL project,NONCOMMERCIAL_RESTRICTED,False,https://textgridrep.org/browse/textgrid:49mcm.0,Keep restricted; obtain permission or exclude from public/commercial use.
TG-GRE-0370,Viśvantarāvadāna,,Darśana Collection,textgrid:49mcp.0,textgrid:49mcr.0,textgrid:49mcq.0,handle:hdl:21.11113/0000-0016-CC23-B,https://creativecommons.org/licenses/by-nc-sa/4.0/,Distributed under a Creative Commons Attribution-NonCommercial-ShareAlike 4.0 International License.,GRETIL project,NONCOMMERCIAL_RESTRICTED,False,https://textgridrep.org/browse/textgrid:49mcr.0,Keep restricted; obtain permission or exclude from public/commercial use.
TG-GRE-0371,Gītārthasaṃgraha,Yāmuna,Darśana Collection,textgrid:49mcs.0,textgrid:49mcv.0,textgrid:49mct.0,handle:hdl:21.11113/0000-0016-CC26-8,https://creativecommons.org/licenses/by-nc-sa/4.0/,Distributed under a Creative Commons Attribution-NonCommercial-ShareAlike 4.0 International License.,GRETIL project,NONCOMMERCIAL_RESTRICTED,False,https://textgridrep.org/browse/textgrid:49mcv.0,Keep restricted; obtain permission or exclude from public/commercial use.
TG-GRE-0372,Prajñāpāramitāhṛdayasūtra,,Darśana Collection,textgrid:49mcw.0,textgrid:49mcz.0,textgrid:49mcx.0,handle:hdl:21.11113/0000-0016-CC29-5,https://creativecommons.org/licenses/by-nc-sa/4.0/,Distributed under a Creative Commons Attribution-NonCommercial-ShareAlike 4.0 International License.,GRETIL project,NONCOMMERCIAL_RESTRICTED,False,https://textgridrep.org/browse/textgrid:49mcz.0,Keep restricted; obtain permission or exclude from public/commercial use.
TG-GRE-0373,"Prajñāpāramitāhṛdayasūtra, saṃkṣiptamātṛkā",,Darśana Collection,textgrid:49md0.0,textgrid:49md2.0,textgrid:49md1.0,handle:hdl:21.11113/0000-0016-CC2C-2,https://creativecommons.org/licenses/by-nc-sa/4.0/,Distributed under a Creative Commons Attribution-NonCommercial-ShareAlike 4.0 International License.,GRETIL project,NONCOMMERCIAL_RESTRICTED,False,https://textgridrep.org/browse/textgrid:49md2.0,Keep restricted; obtain permission or exclude from public/commercial use.
TG-GRE-0374,"Prajñāpāramitāhṛdayasūtra, vistaramātṛkā",,Darśana Collection,textgrid:49md3.0,textgrid:49md5.0,textgrid:49md4.0,handle:hdl:21.11113/0000-0016-CC2F-F,https://creativecommons.org/licenses/by-nc-sa/4.0/,Distributed under a Creative Commons Attribution-NonCommercial-ShareAlike 4.0 International License.,GRETIL project,NONCOMMERCIAL_RESTRICTED,False,https://textgridrep.org/browse/textgrid:49md5.0,Keep restricted; obtain permission or exclude from public/commercial use.
TG-GRE-0375,"Prātimokṣasūtra, fragments",,Darśana Collection,textgrid:49md6.0,textgrid:49md8.0,textgrid:49md7.0,handle:hdl:21.11113/0000-0016-CC32-A,https://creativecommons.org/licenses/by-nc-sa/4.0/,Distributed under a Creative Commons Attribution-NonCommercial-ShareAlike 4.0 International License.,GRETIL project,NONCOMMERCIAL_RESTRICTED,False,https://textgridrep.org/browse/textgrid:49md8.0,Keep restricted; obtain permission or exclude from public/commercial use.
TG-GRE-0376,Īśvarapratyabhijñākārikā with Vṛtti,Utpaladeva,Darśana Collection,textgrid:49md9.0,textgrid:49mdc.0,textgrid:49mdb.0,handle:hdl:21.11113/0000-0016-CC35-7,https://creativecommons.org/licenses/by-nc-sa/4.0/,Distributed under a Creative Commons Attribution-NonCommercial-ShareAlike 4.0 International License.,GRETIL project,NONCOMMERCIAL_RESTRICTED,False,https://textgridrep.org/browse/textgrid:49mdc.0,Keep restricted; obtain permission or exclude from public/commercial use.
TG-GRE-0377,Pratītyasamutpādādivibhaṅganirdeśasūtra,,Darśana Collection,textgrid:49mdd.0,textgrid:49mdg.0,textgrid:49mdf.0,handle:hdl:21.11113/0000-0016-CC38-4,https://creativecommons.org/licenses/by-nc-sa/4.0/,Distributed under a Creative Commons Attribution-NonCommercial-ShareAlike 4.0 International License.,GRETIL project,NONCOMMERCIAL_RESTRICTED,False,https://textgridrep.org/browse/textgrid:49mdg.0,Keep restricted; obtain permission or exclude from public/commercial use.
TG-GRE-0378,Pratītyasamutpādavibhaṅgasūtra,,Darśana Collection,textgrid:49mdh.0,textgrid:49mdk.0,textgrid:49mdj.0,handle:hdl:21.11113/0000-0016-CC3B-1,https://creativecommons.org/licenses/by-nc-sa/4.0/,Distributed under a Creative Commons Attribution-NonCommercial-ShareAlike 4.0 International License.,GRETIL project,NONCOMMERCIAL_RESTRICTED,False,https://textgridrep.org/browse/textgrid:49mdk.0,Keep restricted; obtain permission or exclude from public/commercial use.
TG-GRE-0379,Pravāraṇāvastu,,Darśana Collection,textgrid:49mdm.0,textgrid:49mdp.0,textgrid:49mdn.0,handle:hdl:21.11113/0000-0016-CC3E-E,https://creativecommons.org/licenses/by-nc-sa/4.0/,Distributed under a Creative Commons Attribution-NonCommercial-ShareAlike 4.0 International License.,GRETIL project,NONCOMMERCIAL_RESTRICTED,False,https://textgridrep.org/browse/textgrid:49mdp.0,Keep restricted; obtain permission or exclude from public/commercial use.
TG-GRE-0380,Pudgalavastu,,Darśana Collection,textgrid:49mdq.0,textgrid:49mds.0,textgrid:49mdr.0,handle:hdl:21.11113/0000-0016-CC41-9,https://creativecommons.org/licenses/by-nc-sa/4.0/,Distributed under a Creative Commons Attribution-NonCommercial-ShareAlike 4.0 International License.,GRETIL project,NONCOMMERCIAL_RESTRICTED,False,https://textgridrep.org/browse/textgrid:49mds.0,Keep restricted; obtain permission or exclude from public/commercial use.
TG-GRE-0381,Prajñāpāramitāstotra,Rāhulabhadra,Darśana Collection,textgrid:49mdt.0,textgrid:49mdw.0,textgrid:49mdv.0,handle:hdl:21.11113/0000-0016-CC44-6,https://creativecommons.org/licenses/by-nc-sa/4.0/,Distributed under a Creative Commons Attribution-NonCommercial-ShareAlike 4.0 International License.,GRETIL project,NONCOMMERCIAL_RESTRICTED,False,https://textgridrep.org/browse/textgrid:49mdw.0,Keep restricted; obtain permission or exclude from public/commercial use.
TG-GRE-0382,Mṛtyuvañcanopadeśa,Vāgīśvarakīrti,Darśana Collection,textgrid:49mdx.0,textgrid:49mf0.0,textgrid:49mdz.0,handle:hdl:21.11113/0000-0016-CC47-3,https://creativecommons.org/licenses/by-nc-sa/4.0/,Distributed under a Creative Commons Attribution-NonCommercial-ShareAlike 4.0 International License.,GRETIL project,NONCOMMERCIAL_RESTRICTED,False,https://textgridrep.org/browse/textgrid:49mf0.0,Keep restricted; obtain permission or exclude from public/commercial use.
TG-GRE-0383,Sarvajñatākāradhāraṇī,,Darśana Collection,textgrid:49mf1.0,textgrid:49mf3.0,textgrid:49mf2.0,handle:hdl:21.11113/0000-0016-CC4A-0,https://creativecommons.org/licenses/by-nc-sa/4.0/,Distributed under a Creative Commons Attribution-NonCommercial-ShareAlike 4.0 International License.,GRETIL project,NONCOMMERCIAL_RESTRICTED,False,https://textgridrep.org/browse/textgrid:49mf3.0,Keep restricted; obtain permission or exclude from public/commercial use.
TG-GRE-0384,Apohasiddhi,,Darśana Collection,textgrid:49mf4.0,textgrid:49mf6.0,textgrid:49mf5.0,handle:hdl:21.11113/0000-0016-CC4D-D,https://creativecommons.org/licenses/by-nc-sa/4.0/,Distributed under a Creative Commons Attribution-NonCommercial-ShareAlike 4.0 International License.,GRETIL project,NONCOMMERCIAL_RESTRICTED,False,https://textgridrep.org/browse/textgrid:49mf6.0,Keep restricted; obtain permission or exclude from public/commercial use.
TG-GRE-0385,Caryāmelāvaṇapradīpa,Āryadeva,Darśana Collection,textgrid:49mf7.0,textgrid:49mf9.0,textgrid:49mf8.0,handle:hdl:21.11113/0000-0016-CC50-8,https://creativecommons.org/licenses/by-nc-sa/4.0/,Distributed under a Creative Commons Attribution-NonCommercial-ShareAlike 4.0 International License.,GRETIL project,NONCOMMERCIAL_RESTRICTED,False,https://textgridrep.org/browse/textgrid:49mf9.0,Keep restricted; obtain permission or exclude from public/commercial use.
TG-GRE-0386,Catuḥśatikā,Āryadeva,Darśana Collection,textgrid:49mfb.0,textgrid:49mfd.0,textgrid:49mfc.0,handle:hdl:21.11113/0000-0016-CC53-5,https://creativecommons.org/licenses/by-nc-sa/4.0/,Distributed under a Creative Commons Attribution-NonCommercial-ShareAlike 4.0 International License.,GRETIL project,NONCOMMERCIAL_RESTRICTED,False,https://textgridrep.org/browse/textgrid:49mfd.0,Keep restricted; obtain permission or exclude from public/commercial use.
TG-GRE-0387,Cittaviśuddhiprakaraṇa,Āryadeva,Darśana Collection,textgrid:49mff.0,textgrid:49mfh.0,textgrid:49mfg.0,handle:hdl:21.11113/0000-0016-CC56-2,https://creativecommons.org/licenses/by-nc-sa/4.0/,Distributed under a Creative Commons Attribution-NonCommercial-ShareAlike 4.0 International License.,GRETIL project,NONCOMMERCIAL_RESTRICTED,False,https://textgridrep.org/browse/textgrid:49mfh.0,Keep restricted; obtain permission or exclude from public/commercial use.
TG-GRE-0388,Āryānityatāsūtra,,Darśana Collection,textgrid:49mfj.0,textgrid:49mfm.0,textgrid:49mfk.0,handle:hdl:21.11113/0000-0016-CC59-F,https://creativecommons.org/licenses/by-nc-sa/4.0/,Distributed under a Creative Commons Attribution-NonCommercial-ShareAlike 4.0 International License.,GRETIL project,NONCOMMERCIAL_RESTRICTED,False,https://textgridrep.org/browse/textgrid:49mfm.0,Keep restricted; obtain permission or exclude from public/commercial use.
TG-GRE-0389,Triśatikāyāḥ prajñāpāramitāyāḥ kārikāsaptatiḥ,Asaṅga,Darśana Collection,textgrid:49mfn.0,textgrid:49mfq.0,textgrid:49mfp.0,handle:hdl:21.11113/0000-0016-CC5C-C,https://creativecommons.org/licenses/by-nc-sa/4.0/,Distributed under a Creative Commons Attribution-NonCommercial-ShareAlike 4.0 International License.,GRETIL project,NONCOMMERCIAL_RESTRICTED,False,https://textgridrep.org/browse/textgrid:49mfq.0,Keep restricted; obtain permission or exclude from public/commercial use.
TG-GRE-0390,Śarīrārthagāthā a chapter of his Yogācārabhūmi,Asaṅga,Darśana Collection,textgrid:49mfr.0,textgrid:49mft.0,textgrid:49mfs.0,handle:hdl:21.11113/0000-0016-CC5F-9,https://creativecommons.org/licenses/by-nc-sa/4.0/,Distributed under a Creative Commons Attribution-NonCommercial-ShareAlike 4.0 International License.,GRETIL project,NONCOMMERCIAL_RESTRICTED,False,https://textgridrep.org/browse/textgrid:49mft.0,Keep restricted; obtain permission or exclude from public/commercial use.
TG-GRE-0391,Upasaṃpadājñapti,,Darśana Collection,textgrid:49mfv.0,textgrid:49mfx.0,textgrid:49mfw.0,handle:hdl:21.11113/0000-0016-CC62-4,https://creativecommons.org/licenses/by-nc-sa/4.0/,Distributed under a Creative Commons Attribution-NonCommercial-ShareAlike 4.0 International License.,GRETIL project,NONCOMMERCIAL_RESTRICTED,False,https://textgridrep.org/browse/textgrid:49mfx.0,Keep restricted; obtain permission or exclude from public/commercial use.
TG-GRE-0392,Upāyahṛdaya (reconstructed text),,Darśana Collection,textgrid:49mfz.0,textgrid:49mg1.0,textgrid:49mg0.0,handle:hdl:21.11113/0000-0016-CC65-1,https://creativecommons.org/licenses/by-nc-sa/4.0/,Distributed under a Creative Commons Attribution-NonCommercial-ShareAlike 4.0 International License.,GRETIL project,NONCOMMERCIAL_RESTRICTED,False,https://textgridrep.org/browse/textgrid:49mg1.0,Keep restricted; obtain permission or exclude from public/commercial use.
TG-GRE-0393,Ajaḍapramātṛsiddhi,Utpaladeva,Darśana Collection,textgrid:49mg2.0,textgrid:49mg4.0,textgrid:49mg3.0,handle:hdl:21.11113/0000-0016-CC68-E,https://creativecommons.org/licenses/by-nc-sa/4.0/,Distributed under a Creative Commons Attribution-NonCommercial-ShareAlike 4.0 International License.,GRETIL project,NONCOMMERCIAL_RESTRICTED,False,https://textgridrep.org/browse/textgrid:49mg4.0,Keep restricted; obtain permission or exclude from public/commercial use.
TG-GRE-0394,Arthaviniścayasūtra,,Darśana Collection,textgrid:49mg5.0,textgrid:49mg7.0,textgrid:49mg6.0,handle:hdl:21.11113/0000-0016-CC6B-B,https://creativecommons.org/licenses/by-nc-sa/4.0/,Distributed under a Creative Commons Attribution-NonCommercial-ShareAlike 4.0 International License.,GRETIL project,NONCOMMERCIAL_RESTRICTED,False,https://textgridrep.org/browse/textgrid:49mg7.0,Keep restricted; obtain permission or exclude from public/commercial use.
TG-GRE-0395,Pāramitāsamāsa,Āryaśūra,Darśana Collection,textgrid:49mg8.0,textgrid:49mgb.0,textgrid:49mg9.0,handle:hdl:21.11113/0000-0016-CC6E-8,https://creativecommons.org/licenses/by-nc-sa/4.0/,Distributed under a Creative Commons Attribution-NonCommercial-ShareAlike 4.0 International License.,GRETIL project,NONCOMMERCIAL_RESTRICTED,False,https://textgridrep.org/browse/textgrid:49mgb.0,Keep restricted; obtain permission or exclude from public/commercial use.
TG-GRE-0396,Adhyardhaśatikā Prajñāpāramitā,,Darśana Collection,textgrid:49mgc.0,textgrid:49mgf.0,textgrid:49mgd.0,handle:hdl:21.11113/0000-0016-CC71-3,https://creativecommons.org/licenses/by-nc-sa/4.0/,Distributed under a Creative Commons Attribution-NonCommercial-ShareAlike 4.0 International License.,GRETIL project,NONCOMMERCIAL_RESTRICTED,False,https://textgridrep.org/browse/textgrid:49mgf.0,Keep restricted; obtain permission or exclude from public/commercial use.
TG-GRE-0397,Mīmāṃsāsūtrabhāṣya 1.1.1-5,Śabara,Darśana Collection,textgrid:49mgg.0,textgrid:49mgj.0,textgrid:49mgh.0,handle:hdl:21.11113/0000-0016-CC74-0,https://creativecommons.org/licenses/by-nc-sa/4.0/,Distributed under a Creative Commons Attribution-NonCommercial-ShareAlike 4.0 International License.,GRETIL project,NONCOMMERCIAL_RESTRICTED,False,https://textgridrep.org/browse/textgrid:49mgj.0,Keep restricted; obtain permission or exclude from public/commercial use.
TG-GRE-0398,Īśvarapratyabhijñākārikā with Vṛtti,Utpaladeva,Darśana Collection,textgrid:49mgk.0,textgrid:49mgn.0,textgrid:49mgm.0,handle:hdl:21.11113/0000-0016-CC77-D,https://creativecommons.org/licenses/by-nc-sa/4.0/,Distributed under a Creative Commons Attribution-NonCommercial-ShareAlike 4.0 International License.,GRETIL project,NONCOMMERCIAL_RESTRICTED,False,https://textgridrep.org/browse/textgrid:49mgn.0,Keep restricted; obtain permission or exclude from public/commercial use.
TG-GRE-0399,Śālistambasūtra,,Darśana Collection,textgrid:49mgp.0,textgrid:49mgr.0,textgrid:49mgq.0,handle:hdl:21.11113/0000-0016-CC7A-A,https://creativecommons.org/licenses/by-nc-sa/4.0/,Distributed under a Creative Commons Attribution-NonCommercial-ShareAlike 4.0 International License.,GRETIL project,NONCOMMERCIAL_RESTRICTED,False,https://textgridrep.org/browse/textgrid:49mgr.0,Keep restricted; obtain permission or exclude from public/commercial use.
TG-GRE-0400,Śikṣāsamuccayakārikā,,Darśana Collection,textgrid:49mgs.0,textgrid:49mgv.0,textgrid:49mgt.0,handle:hdl:21.11113/0000-0016-CC7D-7,https://creativecommons.org/licenses/by-nc-sa/4.0/,Distributed under a Creative Commons Attribution-NonCommercial-ShareAlike 4.0 International License.,GRETIL project,NONCOMMERCIAL_RESTRICTED,False,https://textgridrep.org/browse/textgrid:49mgv.0,Keep restricted; obtain permission or exclude from public/commercial use.
TG-GRE-0401,Śrīghanācārasaṃgraha,,Darśana Collection,textgrid:49mgw.0,textgrid:49mgz.0,textgrid:49mgx.0,handle:hdl:21.11113/0000-0016-CC80-1,https://creativecommons.org/licenses/by-nc-sa/4.0/,Distributed under a Creative Commons Attribution-NonCommercial-ShareAlike 4.0 International License.,GRETIL project,NONCOMMERCIAL_RESTRICTED,False,https://textgridrep.org/browse/textgrid:49mgz.0,Keep restricted; obtain permission or exclude from public/commercial use.
TG-GRE-0402,Śrīmahādevīvyākaraṇa,,Darśana Collection,textgrid:49mh0.0,textgrid:49mh2.0,textgrid:49mh1.0,handle:hdl:21.11113/0000-0016-CC83-E,https://creativecommons.org/licenses/by-nc-sa/4.0/,Distributed under a Creative Commons Attribution-NonCommercial-ShareAlike 4.0 International License.,GRETIL project,NONCOMMERCIAL_RESTRICTED,False,https://textgridrep.org/browse/textgrid:49mh2.0,Keep restricted; obtain permission or exclude from public/commercial use.
TG-GRE-0403,Tattvajñānasaṃsiddhi,Śūnyasamādhipāda,Darśana Collection,textgrid:49mh3.0,textgrid:49mh5.0,textgrid:49mh4.0,handle:hdl:21.11113/0000-0016-CC86-B,https://creativecommons.org/licenses/by-nc-sa/4.0/,Distributed under a Creative Commons Attribution-NonCommercial-ShareAlike 4.0 International License.,GRETIL project,NONCOMMERCIAL_RESTRICTED,False,https://textgridrep.org/browse/textgrid:49mh5.0,Keep restricted; obtain permission or exclude from public/commercial use.
TG-GRE-0404,Upasaṃpadājñapti,,Darśana Collection,textgrid:49mh6.0,textgrid:49mh8.0,textgrid:49mh7.0,handle:hdl:21.11113/0000-0016-CC89-8,https://creativecommons.org/licenses/by-nc-sa/4.0/,Distributed under a Creative Commons Attribution-NonCommercial-ShareAlike 4.0 International License.,GRETIL project,NONCOMMERCIAL_RESTRICTED,False,https://textgridrep.org/browse/textgrid:49mh8.0,Keep restricted; obtain permission or exclude from public/commercial use.
TG-GRE-0405,Upāyahṛdaya (reconstructed text),,Darśana Collection,textgrid:49mh9.0,textgrid:49mhc.0,textgrid:49mhb.0,handle:hdl:21.11113/0000-0016-CC8C-5,https://creativecommons.org/licenses/by-nc-sa/4.0/,Distributed under a Creative Commons Attribution-NonCommercial-ShareAlike 4.0 International License.,GRETIL project,NONCOMMERCIAL_RESTRICTED,False,https://textgridrep.org/browse/textgrid:49mhc.0,Keep restricted; obtain permission or exclude from public/commercial use.
TG-GRE-0406,Ajaḍapramātṛsiddhi,Utpaladeva,Darśana Collection,textgrid:49mhd.0,textgrid:49mhg.0,textgrid:49mhf.0,handle:hdl:21.11113/0000-0016-CC8F-2,https://creativecommons.org/licenses/by-nc-sa/4.0/,Distributed under a Creative Commons Attribution-NonCommercial-ShareAlike 4.0 International License.,GRETIL project,NONCOMMERCIAL_RESTRICTED,False,https://textgridrep.org/browse/textgrid:49mhg.0,Keep restricted; obtain permission or exclude from public/commercial use.
TG-GRE-0407,Vajracchedikā prajñāpāramitā,,Darśana Collection,textgrid:49mhh.0,textgrid:49mhk.0,textgrid:49mhj.0,handle:hdl:21.11113/0000-0016-CC92-D,https://creativecommons.org/licenses/by-nc-sa/4.0/,Distributed under a Creative Commons Attribution-NonCommercial-ShareAlike 4.0 International License.,GRETIL project,NONCOMMERCIAL_RESTRICTED,False,https://textgridrep.org/browse/textgrid:49mhk.0,Keep restricted; obtain permission or exclude from public/commercial use.
TG-GRE-0408,Vajracchedika Prajñāpāramitā,,Darśana Collection,textgrid:49mhm.0,textgrid:49mhp.0,textgrid:49mhn.0,handle:hdl:21.11113/0000-0016-CC95-A,https://creativecommons.org/licenses/by-nc-sa/4.0/,Distributed under a Creative Commons Attribution-NonCommercial-ShareAlike 4.0 International License.,GRETIL project,NONCOMMERCIAL_RESTRICTED,False,https://textgridrep.org/browse/textgrid:49mhp.0,Keep restricted; obtain permission or exclude from public/commercial use.
TG-GRE-0409,Vajracchedikā Prajñāpāramitā-Gilgit,,Darśana Collection,textgrid:49mhq.0,textgrid:49mhs.0,textgrid:49mhr.0,handle:hdl:21.11113/0000-0016-CC98-7,https://creativecommons.org/licenses/by-nc-sa/4.0/,Distributed under a Creative Commons Attribution-NonCommercial-ShareAlike 4.0 International License.,GRETIL project,NONCOMMERCIAL_RESTRICTED,False,https://textgridrep.org/browse/textgrid:49mhs.0,Keep restricted; obtain permission or exclude from public/commercial use.
TG-GRE-0410,Vajravidāraṇādhāraṇī,,Darśana Collection,textgrid:49mht.0,textgrid:49mhw.0,textgrid:49mhv.0,handle:hdl:21.11113/0000-0016-CC9B-4,https://creativecommons.org/licenses/by-nc-sa/4.0/,Distributed under a Creative Commons Attribution-NonCommercial-ShareAlike 4.0 International License.,GRETIL project,NONCOMMERCIAL_RESTRICTED,False,https://textgridrep.org/browse/textgrid:49mhw.0,Keep restricted; obtain permission or exclude from public/commercial use.
TG-GRE-0411,Vajravidāraṇīdhāraṇī,,Darśana Collection,textgrid:49mhx.0,textgrid:49mj0.0,textgrid:49mhz.0,handle:hdl:21.11113/0000-0016-CC9E-1,https://creativecommons.org/licenses/by-nc-sa/4.0/,Distributed under a Creative Commons Attribution-NonCommercial-ShareAlike 4.0 International License.,GRETIL project,NONCOMMERCIAL_RESTRICTED,False,https://textgridrep.org/browse/textgrid:49mj0.0,Keep restricted; obtain permission or exclude from public/commercial use.
TG-GRE-0412,Janmamaraṇavicāra,Vāmadeva,Darśana Collection,textgrid:49mj1.0,textgrid:49mj3.0,textgrid:49mj2.0,handle:hdl:21.11113/0000-0016-CCA1-C,https://creativecommons.org/licenses/by-nc-sa/4.0/,Distributed under a Creative Commons Attribution-NonCommercial-ShareAlike 4.0 International License.,GRETIL project,NONCOMMERCIAL_RESTRICTED,False,https://textgridrep.org/browse/textgrid:49mj3.0,Keep restricted; obtain permission or exclude from public/commercial use.
TG-GRE-0413,Dvayasaṃpattivārttika,Vāmanadatta,Darśana Collection,textgrid:49mj4.0,textgrid:49mj6.0,textgrid:49mj5.0,handle:hdl:21.11113/0000-0016-CCA4-9,https://creativecommons.org/licenses/by-nc-sa/4.0/,Distributed under a Creative Commons Attribution-NonCommercial-ShareAlike 4.0 International License.,GRETIL project,NONCOMMERCIAL_RESTRICTED,False,https://textgridrep.org/browse/textgrid:49mj6.0,Keep restricted; obtain permission or exclude from public/commercial use.
TG-GRE-0414,Svabodhodayamañjarī,Vāmanadatta,Darśana Collection,textgrid:49mj7.0,textgrid:49mj9.0,textgrid:49mj8.0,handle:hdl:21.11113/0000-0016-CCA7-6,https://creativecommons.org/licenses/by-nc-sa/4.0/,Distributed under a Creative Commons Attribution-NonCommercial-ShareAlike 4.0 International License.,GRETIL project,NONCOMMERCIAL_RESTRICTED,False,https://textgridrep.org/browse/textgrid:49mj9.0,Keep restricted; obtain permission or exclude from public/commercial use.
TG-GRE-0415,Śatagāthā,Vararuci,Darśana Collection,textgrid:49mjb.0,textgrid:49mjd.0,textgrid:49mjc.0,handle:hdl:21.11113/0000-0016-CCAA-3,https://creativecommons.org/licenses/by-nc-sa/4.0/,Distributed under a Creative Commons Attribution-NonCommercial-ShareAlike 4.0 International License.,GRETIL project,NONCOMMERCIAL_RESTRICTED,False,https://textgridrep.org/browse/textgrid:49mjd.0,Keep restricted; obtain permission or exclude from public/commercial use.
TG-GRE-0416,Varṣāvastu,,Darśana Collection,textgrid:49mjf.0,textgrid:49mjh.0,textgrid:49mjg.0,handle:hdl:21.11113/0000-0016-CCAD-0,https://creativecommons.org/licenses/by-nc-sa/4.0/,Distributed under a Creative Commons Attribution-NonCommercial-ShareAlike 4.0 International License.,GRETIL project,NONCOMMERCIAL_RESTRICTED,False,https://textgridrep.org/browse/textgrid:49mjh.0,Keep restricted; obtain permission or exclude from public/commercial use.
TG-GRE-0417,Pañcaskandhaprakaraṇa,Vasubandhu,Darśana Collection,textgrid:49mjj.0,textgrid:49mjm.0,textgrid:49mjk.0,handle:hdl:21.11113/0000-0016-CCB0-B,https://creativecommons.org/licenses/by-nc-sa/4.0/,Distributed under a Creative Commons Attribution-NonCommercial-ShareAlike 4.0 International License.,GRETIL project,NONCOMMERCIAL_RESTRICTED,False,https://textgridrep.org/browse/textgrid:49mjm.0,Keep restricted; obtain permission or exclude from public/commercial use.
TG-GRE-0418,Triṃśikāvijñaptikārikā,Vasubandhu,Darśana Collection,textgrid:49mjn.0,textgrid:49mjq.0,textgrid:49mjp.0,handle:hdl:21.11113/0000-0016-CCB3-8,https://creativecommons.org/licenses/by-nc-sa/4.0/,Distributed under a Creative Commons Attribution-NonCommercial-ShareAlike 4.0 International License.,GRETIL project,NONCOMMERCIAL_RESTRICTED,False,https://textgridrep.org/browse/textgrid:49mjq.0,Keep restricted; obtain permission or exclude from public/commercial use.
TG-GRE-0419,Trisvabhāvanirdeśa,Vasubandhu,Darśana Collection,textgrid:49mjr.0,textgrid:49mjt.0,textgrid:49mjs.0,handle:hdl:21.11113/0000-0016-CCB6-5,https://creativecommons.org/licenses/by-nc-sa/4.0/,Distributed under a Creative Commons Attribution-NonCommercial-ShareAlike 4.0 International License.,GRETIL project,NONCOMMERCIAL_RESTRICTED,False,https://textgridrep.org/browse/textgrid:49mjt.0,Keep restricted; obtain permission or exclude from public/commercial use.
TG-GRE-0420,Viṃśatikā vijñaptimātratāsiddhi,Vasubandhu,Darśana Collection,textgrid:49mjv.0,textgrid:49mjx.0,textgrid:49mjw.0,handle:hdl:21.11113/0000-0016-CCB9-2,https://creativecommons.org/licenses/by-nc-sa/4.0/,Distributed under a Creative Commons Attribution-NonCommercial-ShareAlike 4.0 International License.,GRETIL project,NONCOMMERCIAL_RESTRICTED,False,https://textgridrep.org/browse/textgrid:49mjx.0,Keep restricted; obtain permission or exclude from public/commercial use.
TG-GRE-0421,Vasudhārādhāraṇī,,Darśana Collection,textgrid:49mjz.0,textgrid:49mk1.0,textgrid:49mk0.0,handle:hdl:21.11113/0000-0016-CCBC-F,https://creativecommons.org/licenses/by-nc-sa/4.0/,Distributed under a Creative Commons Attribution-NonCommercial-ShareAlike 4.0 International License.,GRETIL project,NONCOMMERCIAL_RESTRICTED,False,https://textgridrep.org/browse/textgrid:49mk1.0,Keep restricted; obtain permission or exclude from public/commercial use.
TG-GRE-0422,Vasudhārādhāraṇī,,Darśana Collection,textgrid:49mk2.0,textgrid:49mk4.0,textgrid:49mk3.0,handle:hdl:21.11113/0000-0016-CCBF-C,https://creativecommons.org/licenses/by-nc-sa/4.0/,Distributed under a Creative Commons Attribution-NonCommercial-ShareAlike 4.0 International License.,GRETIL project,NONCOMMERCIAL_RESTRICTED,False,https://textgridrep.org/browse/textgrid:49mk4.0,Keep restricted; obtain permission or exclude from public/commercial use.
TG-GRE-0423,Vasudhārādhāraṇī-Gilgit,,Darśana Collection,textgrid:49mk5.0,textgrid:49mk7.0,textgrid:49mk6.0,handle:hdl:21.11113/0000-0016-CCC2-7,https://creativecommons.org/licenses/by-nc-sa/4.0/,Distributed under a Creative Commons Attribution-NonCommercial-ShareAlike 4.0 International License.,GRETIL project,NONCOMMERCIAL_RESTRICTED,False,https://textgridrep.org/browse/textgrid:49mk7.0,Keep restricted; obtain permission or exclude from public/commercial use.
TG-GRE-0424,Spandakārikā,Vasugupta,Darśana Collection,textgrid:49mk8.0,textgrid:49mkb.0,textgrid:49mk9.0,handle:hdl:21.11113/0000-0016-CCC5-4,https://creativecommons.org/licenses/by-nc-sa/4.0/,Distributed under a Creative Commons Attribution-NonCommercial-ShareAlike 4.0 International License.,GRETIL project,NONCOMMERCIAL_RESTRICTED,False,https://textgridrep.org/browse/textgrid:49mkb.0,Keep restricted; obtain permission or exclude from public/commercial use.
TG-GRE-0425,Vātūlanāthasūtra with the Vṛtti of Anantaśaktipāda,Vātūlanātha,Darśana Collection,textgrid:49mkc.0,textgrid:49mkf.0,textgrid:49mkd.0,handle:hdl:21.11113/0000-0016-CCC8-1,https://creativecommons.org/licenses/by-nc-sa/4.0/,Distributed under a Creative Commons Attribution-NonCommercial-ShareAlike 4.0 International License.,GRETIL project,NONCOMMERCIAL_RESTRICTED,False,https://textgridrep.org/browse/textgrid:49mkf.0,Keep restricted; obtain permission or exclude from public/commercial use.
TG-GRE-0426,Vidyāsthānopamasūtra,,Darśana Collection,textgrid:49mkg.0,textgrid:49mkj.0,textgrid:49mkh.0,handle:hdl:21.11113/0000-0016-CCCB-E,https://creativecommons.org/licenses/by-nc-sa/4.0/,Distributed under a Creative Commons Attribution-NonCommercial-ShareAlike 4.0 International License.,GRETIL project,NONCOMMERCIAL_RESTRICTED,False,https://textgridrep.org/browse/textgrid:49mkj.0,Keep restricted; obtain permission or exclude from public/commercial use.
TG-GRE-0427,Vijñānabhairava,,Darśana Collection,textgrid:49mkk.0,textgrid:49mkn.0,textgrid:49mkm.0,handle:hdl:21.11113/0000-0016-CCCE-B,https://creativecommons.org/licenses/by-nc-sa/4.0/,Distributed under a Creative Commons Attribution-NonCommercial-ShareAlike 4.0 International License.,GRETIL project,NONCOMMERCIAL_RESTRICTED,False,https://textgridrep.org/browse/textgrid:49mkn.0,Keep restricted; obtain permission or exclude from public/commercial use.
TG-GRE-0428,Viṃśatikākārikā,,Darśana Collection,textgrid:49mkp.0,textgrid:49mkr.0,textgrid:49mkq.0,handle:hdl:21.11113/0000-0016-CCD1-6,https://creativecommons.org/licenses/by-nc-sa/4.0/,Distributed under a Creative Commons Attribution-NonCommercial-ShareAlike 4.0 International License.,GRETIL project,NONCOMMERCIAL_RESTRICTED,False,https://textgridrep.org/browse/textgrid:49mkr.0,Keep restricted; obtain permission or exclude from public/commercial use.
TG-GRE-0429,Viṃśikāvṛtti,,Darśana Collection,textgrid:49mks.0,textgrid:49mkv.0,textgrid:49mkt.0,handle:hdl:21.11113/0000-0016-CCD4-3,https://creativecommons.org/licenses/by-nc-sa/4.0/,Distributed under a Creative Commons Attribution-NonCommercial-ShareAlike 4.0 International License.,GRETIL project,NONCOMMERCIAL_RESTRICTED,False,https://textgridrep.org/browse/textgrid:49mkv.0,Keep restricted; obtain permission or exclude from public/commercial use.
TG-GRE-0430,"Vinayaviniścaya, upāliparipṛcchā",,Darśana Collection,textgrid:49mkw.0,textgrid:49mkz.0,textgrid:49mkx.0,handle:hdl:21.11113/0000-0016-CCD7-0,https://creativecommons.org/licenses/by-nc-sa/4.0/,Distributed under a Creative Commons Attribution-NonCommercial-ShareAlike 4.0 International License.,GRETIL project,NONCOMMERCIAL_RESTRICTED,False,https://textgridrep.org/browse/textgrid:49mkz.0,Keep restricted; obtain permission or exclude from public/commercial use.
TG-GRE-0431,Īśvarasiddhi,Yāmuna,Darśana Collection,textgrid:49mm0.0,textgrid:49mm2.0,textgrid:49mm1.0,handle:hdl:21.11113/0000-0016-CCDA-D,https://creativecommons.org/licenses/by-nc-sa/4.0/,Distributed under a Creative Commons Attribution-NonCommercial-ShareAlike 4.0 International License.,GRETIL project,NONCOMMERCIAL_RESTRICTED,False,https://textgridrep.org/browse/textgrid:49mm2.0,Keep restricted; obtain permission or exclude from public/commercial use.
TG-GRE-0432,Mahāyānasūtrālaṃkāra,Asaṅga,Darśana Collection,textgrid:49mm3.0,textgrid:49mm5.0,textgrid:49mm4.0,handle:hdl:21.11113/0000-0016-CCDD-A,https://creativecommons.org/licenses/by-nc-sa/4.0/,Distributed under a Creative Commons Attribution-NonCommercial-ShareAlike 4.0 International License.,GRETIL project,NONCOMMERCIAL_RESTRICTED,False,https://textgridrep.org/browse/textgrid:49mm5.0,Keep restricted; obtain permission or exclude from public/commercial use.
TG-GRE-0433,Kaṭhopaniṣadbhāṣya,Śaṃkara (attrib.),Darśana Collection,textgrid:49mm6.0,textgrid:49mm8.0,textgrid:49mm7.0,handle:hdl:21.11113/0000-0016-CCE0-5,https://creativecommons.org/licenses/by-nc-sa/4.0/,Distributed under a Creative Commons Attribution-NonCommercial-ShareAlike 4.0 International License.,GRETIL project,NONCOMMERCIAL_RESTRICTED,False,https://textgridrep.org/browse/textgrid:49mm8.0,Keep restricted; obtain permission or exclude from public/commercial use.
TG-GRE-0434,Vivekacuḍāmaṇi,Śaṃkara (attrib.),Darśana Collection,textgrid:49mm9.0,textgrid:49mmc.0,textgrid:49mmb.0,handle:hdl:21.11113/0000-0016-CCE3-2,https://creativecommons.org/licenses/by-nc-sa/4.0/,Distributed under a Creative Commons Attribution-NonCommercial-ShareAlike 4.0 International License.,GRETIL project,NONCOMMERCIAL_RESTRICTED,False,https://textgridrep.org/browse/textgrid:49mmc.0,Keep restricted; obtain permission or exclude from public/commercial use.
TG-GRE-0435,Pratisarākalpadhāraṇī,,Darśana Collection,textgrid:49mmd.0,textgrid:49mmg.0,textgrid:49mmf.0,handle:hdl:21.11113/0000-0016-CCE6-F,https://creativecommons.org/licenses/by-nc-sa/4.0/,Distributed under a Creative Commons Attribution-NonCommercial-ShareAlike 4.0 International License.,GRETIL project,NONCOMMERCIAL_RESTRICTED,False,https://textgridrep.org/browse/textgrid:49mmg.0,Keep restricted; obtain permission or exclude from public/commercial use.
TG-GRE-0436,Pratītyasamutpādamahāyānasūtra,,Darśana Collection,textgrid:49mmh.0,textgrid:49mmk.0,textgrid:49mmj.0,handle:hdl:21.11113/0000-0016-CCE9-C,https://creativecommons.org/licenses/by-nc-sa/4.0/,Distributed under a Creative Commons Attribution-NonCommercial-ShareAlike 4.0 International License.,GRETIL project,NONCOMMERCIAL_RESTRICTED,False,https://textgridrep.org/browse/textgrid:49mmk.0,Keep restricted; obtain permission or exclude from public/commercial use.
TG-GRE-0437,Pratyakṣalakṣaṇa of the Tarkarahasya,,Darśana Collection,textgrid:49mmm.0,textgrid:49mmp.0,textgrid:49mmn.0,handle:hdl:21.11113/0000-0016-CCEC-9,https://creativecommons.org/licenses/by-nc-sa/4.0/,Distributed under a Creative Commons Attribution-NonCommercial-ShareAlike 4.0 International License.,GRETIL project,NONCOMMERCIAL_RESTRICTED,False,https://textgridrep.org/browse/textgrid:49mmp.0,Keep restricted; obtain permission or exclude from public/commercial use.
TG-GRE-0438,Mānamanohara,Vādivāgīśvara,Darśana Collection,textgrid:49mmq.0,textgrid:49mms.0,textgrid:49mmr.0,handle:hdl:21.11113/0000-0016-CCEF-6,https://creativecommons.org/licenses/by-nc-sa/4.0/,Distributed under a Creative Commons Attribution-NonCommercial-ShareAlike 4.0 International License.,GRETIL project,NONCOMMERCIAL_RESTRICTED,False,https://textgridrep.org/browse/textgrid:49mms.0,Keep restricted; obtain permission or exclude from public/commercial use.
TG-GRE-0439,"Śrībhāṣya 1,1.3",Rāmānuja,Darśana Collection,textgrid:49mmt.0,textgrid:49mmw.0,textgrid:49mmv.0,handle:hdl:21.11113/0000-0016-CCF2-1,https://creativecommons.org/licenses/by-nc-sa/4.0/,Distributed under a Creative Commons Attribution-NonCommercial-ShareAlike 4.0 International License.,GRETIL project,NONCOMMERCIAL_RESTRICTED,False,https://textgridrep.org/browse/textgrid:49mmw.0,Keep restricted; obtain permission or exclude from public/commercial use.
TG-GRE-0440,Rāṣṭrapālasūtra,,Darśana Collection,textgrid:49mmx.0,textgrid:49mn0.0,textgrid:49mmz.0,handle:hdl:21.11113/0000-0016-CCF5-E,https://creativecommons.org/licenses/by-nc-sa/4.0/,Distributed under a Creative Commons Attribution-NonCommercial-ShareAlike 4.0 International License.,GRETIL project,NONCOMMERCIAL_RESTRICTED,False,https://textgridrep.org/browse/textgrid:49mn0.0,Keep restricted; obtain permission or exclude from public/commercial use.
TG-GRE-0441,Bhramaharanāma Hevajrasādhana,Ratnākaraśānti,Darśana Collection,textgrid:49mn1.0,textgrid:49mn3.0,textgrid:49mn2.0,handle:hdl:21.11113/0000-0016-CCF8-B,https://creativecommons.org/licenses/by-nc-sa/4.0/,Distributed under a Creative Commons Attribution-NonCommercial-ShareAlike 4.0 International License.,GRETIL project,NONCOMMERCIAL_RESTRICTED,False,https://textgridrep.org/browse/textgrid:49mn3.0,Keep restricted; obtain permission or exclude from public/commercial use.
TG-GRE-0442,Kṣaṇabhaṅgasiddhi vyatirekātmikā,Ratnakīrti,Darśana Collection,textgrid:49mn4.0,textgrid:49mn6.0,textgrid:49mn5.0,handle:hdl:21.11113/0000-0016-CCFB-8,https://creativecommons.org/licenses/by-nc-sa/4.0/,Distributed under a Creative Commons Attribution-NonCommercial-ShareAlike 4.0 International License.,GRETIL project,NONCOMMERCIAL_RESTRICTED,False,https://textgridrep.org/browse/textgrid:49mn6.0,Keep restricted; obtain permission or exclude from public/commercial use.
TG-GRE-0443,Kṣaṇabhaṅgasiddhi vyatirekātmikā,Ratnakīrti,Darśana Collection,textgrid:49mn7.0,textgrid:49mn9.0,textgrid:49mn8.0,handle:hdl:21.11113/0000-0016-CCFE-5,https://creativecommons.org/licenses/by-nc-sa/4.0/,Distributed under a Creative Commons Attribution-NonCommercial-ShareAlike 4.0 International License.,GRETIL project,NONCOMMERCIAL_RESTRICTED,False,https://textgridrep.org/browse/textgrid:49mn9.0,Keep restricted; obtain permission or exclude from public/commercial use.
TG-GRE-0444,Sabhikasaugataśāsanapravrajyāvratacaraṇaparivarta,,Darśana Collection,textgrid:49mnb.0,textgrid:49mnd.0,textgrid:49mnc.0,handle:hdl:21.11113/0000-0016-CD01-0,https://creativecommons.org/licenses/by-nc-sa/4.0/,Distributed under a Creative Commons Attribution-NonCommercial-ShareAlike 4.0 International License.,GRETIL project,NONCOMMERCIAL_RESTRICTED,False,https://textgridrep.org/browse/textgrid:49mnd.0,Keep restricted; obtain permission or exclude from public/commercial use.
TG-GRE-0445,Sāgaranāgarājaparipṛcchāmahāyānasūtra,,Darśana Collection,textgrid:49mnf.0,textgrid:49mnh.0,textgrid:49mng.0,handle:hdl:21.11113/0000-0016-CD04-D,https://creativecommons.org/licenses/by-nc-sa/4.0/,Distributed under a Creative Commons Attribution-NonCommercial-ShareAlike 4.0 International License.,GRETIL project,NONCOMMERCIAL_RESTRICTED,False,https://textgridrep.org/browse/textgrid:49mnh.0,Keep restricted; obtain permission or exclude from public/commercial use.
TG-GRE-0446,Āptamīmāṃsā,Samantabhadra,Darśana Collection,textgrid:49mnj.0,textgrid:49mnm.0,textgrid:49mnk.0,handle:hdl:21.11113/0000-0016-CD07-A,https://creativecommons.org/licenses/by-nc-sa/4.0/,Distributed under a Creative Commons Attribution-NonCommercial-ShareAlike 4.0 International License.,GRETIL project,NONCOMMERCIAL_RESTRICTED,False,https://textgridrep.org/browse/textgrid:49mnm.0,Keep restricted; obtain permission or exclude from public/commercial use.
TG-GRE-0447,Sāṃkhyaparibhāṣā,,Darśana Collection,textgrid:49mnn.0,textgrid:49mnq.0,textgrid:49mnp.0,handle:hdl:21.11113/0000-0016-CD0A-7,https://creativecommons.org/licenses/by-nc-sa/4.0/,Distributed under a Creative Commons Attribution-NonCommercial-ShareAlike 4.0 International License.,GRETIL project,NONCOMMERCIAL_RESTRICTED,False,https://textgridrep.org/browse/textgrid:49mnq.0,Keep restricted; obtain permission or exclude from public/commercial use.
TG-GRE-0448,"Sāṃkhyasūtravivaraṇa a commentary on the Tattvasamāsa, an abstract of Sāṃkhya philosophy in (23-) 25 sūtras.",,Darśana Collection,textgrid:49mnr.0,textgrid:49mnt.0,textgrid:49mns.0,handle:hdl:21.11113/0000-0016-CD0D-4,https://creativecommons.org/licenses/by-nc-sa/4.0/,Distributed under a Creative Commons Attribution-NonCommercial-ShareAlike 4.0 International License.,GRETIL project,NONCOMMERCIAL_RESTRICTED,False,https://textgridrep.org/browse/textgrid:49mnt.0,Keep restricted; obtain permission or exclude from public/commercial use.
TG-GRE-0449,Samyaksaṃbuddhabhāṣitaṃ pratimālakṣaṇam,,Darśana Collection,textgrid:49mnv.0,textgrid:49mnx.0,textgrid:49mnw.0,handle:hdl:21.11113/0000-0016-CD10-F,https://creativecommons.org/licenses/by-nc-sa/4.0/,Distributed under a Creative Commons Attribution-NonCommercial-ShareAlike 4.0 International License.,GRETIL project,NONCOMMERCIAL_RESTRICTED,False,https://textgridrep.org/browse/textgrid:49mnx.0,Keep restricted; obtain permission or exclude from public/commercial use.
TG-GRE-0450,Saṃyuktāgama (966-972 according to the Chinese canon),,Darśana Collection,textgrid:49mnz.0,textgrid:49mp1.0,textgrid:49mp0.0,handle:hdl:21.11113/0000-0016-CD13-C,https://creativecommons.org/licenses/by-nc-sa/4.0/,Distributed under a Creative Commons Attribution-NonCommercial-ShareAlike 4.0 International License.,GRETIL project,NONCOMMERCIAL_RESTRICTED,False,https://textgridrep.org/browse/textgrid:49mp1.0,Keep restricted; obtain permission or exclude from public/commercial use.
TG-GRE-0451,Saptaśatikā prajñāpāramitā,,Darśana Collection,textgrid:49mp2.0,textgrid:49mp4.0,textgrid:49mp3.0,handle:hdl:21.11113/0000-0016-CD16-9,https://creativecommons.org/licenses/by-nc-sa/4.0/,Distributed under a Creative Commons Attribution-NonCommercial-ShareAlike 4.0 International License.,GRETIL project,NONCOMMERCIAL_RESTRICTED,False,https://textgridrep.org/browse/textgrid:49mp4.0,Keep restricted; obtain permission or exclude from public/commercial use.
TG-GRE-0452,Sarvatathāgatādhiṣṭhānavyūhasūtra,,Darśana Collection,textgrid:49mp5.0,textgrid:49mp7.0,textgrid:49mp6.0,handle:hdl:21.11113/0000-0016-CD19-6,https://creativecommons.org/licenses/by-nc-sa/4.0/,Distributed under a Creative Commons Attribution-NonCommercial-ShareAlike 4.0 International License.,GRETIL project,NONCOMMERCIAL_RESTRICTED,False,https://textgridrep.org/browse/textgrid:49mp7.0,Keep restricted; obtain permission or exclude from public/commercial use.
TG-GRE-0453,"Sarvopakāriṇī a commentary on the Tattvasamāsa, an abstract of Sāṃkhya philosophy in 22 (-25) sūtras.",,Darśana Collection,textgrid:49mp8.0,textgrid:49mpb.0,textgrid:49mp9.0,handle:hdl:21.11113/0000-0016-CD1C-3,https://creativecommons.org/licenses/by-nc-sa/4.0/,Distributed under a Creative Commons Attribution-NonCommercial-ShareAlike 4.0 International License.,GRETIL project,NONCOMMERCIAL_RESTRICTED,False,https://textgridrep.org/browse/textgrid:49mpb.0,Keep restricted; obtain permission or exclude from public/commercial use.
TG-GRE-0454,Satyasūtra,,Darśana Collection,textgrid:49mpc.0,textgrid:49mpf.0,textgrid:49mpd.0,handle:hdl:21.11113/0000-0016-CD1F-0,https://creativecommons.org/licenses/by-nc-sa/4.0/,Distributed under a Creative Commons Attribution-NonCommercial-ShareAlike 4.0 International License.,GRETIL project,NONCOMMERCIAL_RESTRICTED,False,https://textgridrep.org/browse/textgrid:49mpf.0,Keep restricted; obtain permission or exclude from public/commercial use.
TG-GRE-0455,Abhidharmakośa,Vasubandhu,Darśana Collection,textgrid:49mpg.0,textgrid:49mpj.0,textgrid:49mph.0,handle:hdl:21.11113/0000-0016-CD22-B,https://creativecommons.org/licenses/by-nc-sa/4.0/,Distributed under a Creative Commons Attribution-NonCommercial-ShareAlike 4.0 International License.,GRETIL project,NONCOMMERCIAL_RESTRICTED,False,https://textgridrep.org/browse/textgrid:49mpj.0,Keep restricted; obtain permission or exclude from public/commercial use.
TG-GRE-0456,Bodhicittotpādasūtraśāstra,Vasubandhu,Darśana Collection,textgrid:49mpk.0,textgrid:49mpn.0,textgrid:49mpm.0,handle:hdl:21.11113/0000-0016-CD25-8,https://creativecommons.org/licenses/by-nc-sa/4.0/,Distributed under a Creative Commons Attribution-NonCommercial-ShareAlike 4.0 International License.,GRETIL project,NONCOMMERCIAL_RESTRICTED,False,https://textgridrep.org/browse/textgrid:49mpn.0,Keep restricted; obtain permission or exclude from public/commercial use.
TG-GRE-0457,Madhyāntavibhāgakārikābhāṣya a commentary on the Madhyāntavibhāgakārikās attributed to Maitreyanātha,Vasubandhu,Darśana Collection,textgrid:49mpp.0,textgrid:49mpr.0,textgrid:49mpq.0,handle:hdl:21.11113/0000-0016-CD28-5,https://creativecommons.org/licenses/by-nc-sa/4.0/,Distributed under a Creative Commons Attribution-NonCommercial-ShareAlike 4.0 International License.,GRETIL project,NONCOMMERCIAL_RESTRICTED,False,https://textgridrep.org/browse/textgrid:49mpr.0,Keep restricted; obtain permission or exclude from public/commercial use.
TG-GRE-0458,Triṃśikāvijñaptikārikā with Sthiramati's Triṃśikāvijñaptibhāṣya,Vasubandhu,Darśana Collection,textgrid:49mps.0,textgrid:49mpv.0,textgrid:49mpt.0,handle:hdl:21.11113/0000-0016-CD2B-2,https://creativecommons.org/licenses/by-nc-sa/4.0/,Distributed under a Creative Commons Attribution-NonCommercial-ShareAlike 4.0 International License.,GRETIL project,NONCOMMERCIAL_RESTRICTED,False,https://textgridrep.org/browse/textgrid:49mpv.0,Keep restricted; obtain permission or exclude from public/commercial use.
TG-GRE-0459,Spandakārikā with the commentary by Kṣemarāja,Vasugupta,Darśana Collection,textgrid:49mpw.0,textgrid:49mpz.0,textgrid:49mpx.0,handle:hdl:21.11113/0000-0016-CD2E-F,https://creativecommons.org/licenses/by-nc-sa/4.0/,Distributed under a Creative Commons Attribution-NonCommercial-ShareAlike 4.0 International License.,GRETIL project,NONCOMMERCIAL_RESTRICTED,False,https://textgridrep.org/browse/textgrid:49mpz.0,Keep restricted; obtain permission or exclude from public/commercial use.
TG-GRE-0460,Sitātapatrā,,Darśana Collection,textgrid:49mq0.0,textgrid:49mq2.0,textgrid:49mq1.0,handle:hdl:21.11113/0000-0016-CD31-A,https://creativecommons.org/licenses/by-nc-sa/4.0/,Distributed under a Creative Commons Attribution-NonCommercial-ShareAlike 4.0 International License.,GRETIL project,NONCOMMERCIAL_RESTRICTED,False,https://textgridrep.org/browse/textgrid:49mq2.0,Keep restricted; obtain permission or exclude from public/commercial use.
TG-GRE-0461,Smaller Sukhāvatīvyūha,,Darśana Collection,textgrid:49mq3.0,textgrid:49mq5.0,textgrid:49mq4.0,handle:hdl:21.11113/0000-0016-CD34-7,https://creativecommons.org/licenses/by-nc-sa/4.0/,Distributed under a Creative Commons Attribution-NonCommercial-ShareAlike 4.0 International License.,GRETIL project,NONCOMMERCIAL_RESTRICTED,False,https://textgridrep.org/browse/textgrid:49mq5.0,Keep restricted; obtain permission or exclude from public/commercial use.
TG-GRE-0462,Tarkasopāna,Vidyākaraśānti,Darśana Collection,textgrid:49mq6.0,textgrid:49mq8.0,textgrid:49mq7.0,handle:hdl:21.11113/0000-0016-CD37-4,https://creativecommons.org/licenses/by-nc-sa/4.0/,Distributed under a Creative Commons Attribution-NonCommercial-ShareAlike 4.0 International License.,GRETIL project,NONCOMMERCIAL_RESTRICTED,False,https://textgridrep.org/browse/textgrid:49mq8.0,Keep restricted; obtain permission or exclude from public/commercial use.
TG-GRE-0463,Stūpalakṣaṇakārikāvivecana,,Darśana Collection,textgrid:49mq9.0,textgrid:49mqc.0,textgrid:49mqb.0,handle:hdl:21.11113/0000-0016-CD3A-1,https://creativecommons.org/licenses/by-nc-sa/4.0/,Distributed under a Creative Commons Attribution-NonCommercial-ShareAlike 4.0 International License.,GRETIL project,NONCOMMERCIAL_RESTRICTED,False,https://textgridrep.org/browse/textgrid:49mqc.0,Keep restricted; obtain permission or exclude from public/commercial use.
TG-GRE-0464,Sāṃkhyasāra,Vijñānabhikṣu,Darśana Collection,textgrid:49mqd.0,textgrid:49mqg.0,textgrid:49mqf.0,handle:hdl:21.11113/0000-0016-CD3D-E,https://creativecommons.org/licenses/by-nc-sa/4.0/,Distributed under a Creative Commons Attribution-NonCommercial-ShareAlike 4.0 International License.,GRETIL project,NONCOMMERCIAL_RESTRICTED,False,https://textgridrep.org/browse/textgrid:49mqg.0,Keep restricted; obtain permission or exclude from public/commercial use.
TG-GRE-0465,Abhidharmadīpa 1-383,Vimalamitra,Darśana Collection,textgrid:49mqh.0,textgrid:49mqk.0,textgrid:49mqj.0,handle:hdl:21.11113/0000-0016-CD40-9,https://creativecommons.org/licenses/by-nc-sa/4.0/,Distributed under a Creative Commons Attribution-NonCommercial-ShareAlike 4.0 International License.,GRETIL project,NONCOMMERCIAL_RESTRICTED,False,https://textgridrep.org/browse/textgrid:49mqk.0,Keep restricted; obtain permission or exclude from public/commercial use.
TG-GRE-0466,Abhidharmadīpa,Vimalamitra,Darśana Collection,textgrid:49mqm.0,textgrid:49mqp.0,textgrid:49mqn.0,handle:hdl:21.11113/0000-0016-CD43-6,https://creativecommons.org/licenses/by-nc-sa/4.0/,Distributed under a Creative Commons Attribution-NonCommercial-ShareAlike 4.0 International License.,GRETIL project,NONCOMMERCIAL_RESTRICTED,False,https://textgridrep.org/browse/textgrid:49mqp.0,Keep restricted; obtain permission or exclude from public/commercial use.
TG-GRE-0467,Subhāṣitaratnakaraṇḍakathā,,Darśana Collection,textgrid:49mqq.0,textgrid:49mqs.0,textgrid:49mqr.0,handle:hdl:21.11113/0000-0016-CD46-3,https://creativecommons.org/licenses/by-nc-sa/4.0/,Distributed under a Creative Commons Attribution-NonCommercial-ShareAlike 4.0 International License.,GRETIL project,NONCOMMERCIAL_RESTRICTED,False,https://textgridrep.org/browse/textgrid:49mqs.0,Keep restricted; obtain permission or exclude from public/commercial use.
TG-GRE-0468,"Sukhāvatīvyūha, saṃkṣiptamātṛkā",,Darśana Collection,textgrid:49mqt.0,textgrid:49mqw.0,textgrid:49mqv.0,handle:hdl:21.11113/0000-0016-CD49-0,https://creativecommons.org/licenses/by-nc-sa/4.0/,Distributed under a Creative Commons Attribution-NonCommercial-ShareAlike 4.0 International License.,GRETIL project,NONCOMMERCIAL_RESTRICTED,False,https://textgridrep.org/browse/textgrid:49mqw.0,Keep restricted; obtain permission or exclude from public/commercial use.
TG-GRE-0469,Saṃtānāntarasiddhiṭīkā,Vinītadeva,Darśana Collection,textgrid:49mqx.0,textgrid:49mr0.0,textgrid:49mqz.0,handle:hdl:21.11113/0000-0016-CD4C-D,https://creativecommons.org/licenses/by-nc-sa/4.0/,Distributed under a Creative Commons Attribution-NonCommercial-ShareAlike 4.0 International License.,GRETIL project,NONCOMMERCIAL_RESTRICTED,False,https://textgridrep.org/browse/textgrid:49mr0.0,Keep restricted; obtain permission or exclude from public/commercial use.
TG-GRE-0470,Svāgatasūtra,,Darśana Collection,textgrid:49mr1.0,textgrid:49mr3.0,textgrid:49mr2.0,handle:hdl:21.11113/0000-0016-CD4F-A,https://creativecommons.org/licenses/by-nc-sa/4.0/,Distributed under a Creative Commons Attribution-NonCommercial-ShareAlike 4.0 International License.,GRETIL project,NONCOMMERCIAL_RESTRICTED,False,https://textgridrep.org/browse/textgrid:49mr3.0,Keep restricted; obtain permission or exclude from public/commercial use.
TG-GRE-0471,Svalpākṣarā prajñāpāramitā,,Darśana Collection,textgrid:49mr4.0,textgrid:49mr6.0,textgrid:49mr5.0,handle:hdl:21.11113/0000-0016-CD52-5,https://creativecommons.org/licenses/by-nc-sa/4.0/,Distributed under a Creative Commons Attribution-NonCommercial-ShareAlike 4.0 International License.,GRETIL project,NONCOMMERCIAL_RESTRICTED,False,https://textgridrep.org/browse/textgrid:49mr6.0,Keep restricted; obtain permission or exclude from public/commercial use.
TG-GRE-0472,Tārāsragdharāstotra,,Darśana Collection,textgrid:49mr7.0,textgrid:49mr9.0,textgrid:49mr8.0,handle:hdl:21.11113/0000-0016-CD55-2,https://creativecommons.org/licenses/by-nc-sa/4.0/,Distributed under a Creative Commons Attribution-NonCommercial-ShareAlike 4.0 International License.,GRETIL project,NONCOMMERCIAL_RESTRICTED,False,https://textgridrep.org/browse/textgrid:49mr9.0,Keep restricted; obtain permission or exclude from public/commercial use.
TG-GRE-0473,Tārābhaṭṭārikānāmāṣṭottaraśatakastotra,,Darśana Collection,textgrid:49mrb.0,textgrid:49mrd.0,textgrid:49mrc.0,handle:hdl:21.11113/0000-0016-CD58-F,https://creativecommons.org/licenses/by-nc-sa/4.0/,Distributed under a Creative Commons Attribution-NonCommercial-ShareAlike 4.0 International License.,GRETIL project,NONCOMMERCIAL_RESTRICTED,False,https://textgridrep.org/browse/textgrid:49mrd.0,Keep restricted; obtain permission or exclude from public/commercial use.
TG-GRE-0474,Tathāgatabimbakārāpaṇasūtra,,Darśana Collection,textgrid:49mrf.0,textgrid:49mrh.0,textgrid:49mrg.0,handle:hdl:21.11113/0000-0016-CD5B-C,https://creativecommons.org/licenses/by-nc-sa/4.0/,Distributed under a Creative Commons Attribution-NonCommercial-ShareAlike 4.0 International License.,GRETIL project,NONCOMMERCIAL_RESTRICTED,False,https://textgridrep.org/browse/textgrid:49mrh.0,Keep restricted; obtain permission or exclude from public/commercial use.
TG-GRE-0475,Tattvamīmāṃsā,,Darśana Collection,textgrid:49mrj.0,textgrid:49mrm.0,textgrid:49mrk.0,handle:hdl:21.11113/0000-0016-CD5E-9,https://creativecommons.org/licenses/by-nc-sa/4.0/,Distributed under a Creative Commons Attribution-NonCommercial-ShareAlike 4.0 International License.,GRETIL project,NONCOMMERCIAL_RESTRICTED,False,https://textgridrep.org/browse/textgrid:49mrm.0,Keep restricted; obtain permission or exclude from public/commercial use.
TG-GRE-0476,Tattvaratnāvaloka,,Darśana Collection,textgrid:49mrn.0,textgrid:49mrq.0,textgrid:49mrp.0,handle:hdl:21.11113/0000-0016-CD61-4,https://creativecommons.org/licenses/by-nc-sa/4.0/,Distributed under a Creative Commons Attribution-NonCommercial-ShareAlike 4.0 International License.,GRETIL project,NONCOMMERCIAL_RESTRICTED,False,https://textgridrep.org/browse/textgrid:49mrq.0,Keep restricted; obtain permission or exclude from public/commercial use.
TG-GRE-0477,"Tattvasamāsa-4versions an abstract of Sāṃkhya philosophy in (23-) 25 sūtras,",,Darśana Collection,textgrid:49mrr.0,textgrid:49mrt.0,textgrid:49mrs.0,handle:hdl:21.11113/0000-0016-CD64-1,https://creativecommons.org/licenses/by-nc-sa/4.0/,Distributed under a Creative Commons Attribution-NonCommercial-ShareAlike 4.0 International License.,GRETIL project,NONCOMMERCIAL_RESTRICTED,False,https://textgridrep.org/browse/textgrid:49mrt.0,Keep restricted; obtain permission or exclude from public/commercial use.
TG-GRE-0478,"Tattvasamāsasūtravṛtti or Kramadīpikā (cf. final verse), a commentary on the Tattvasamāsa, an abstract of Sāṃkhya philosophy in (23-) 25 sūtras.",,Darśana Collection,textgrid:49mrv.0,textgrid:49mrx.0,textgrid:49mrw.0,handle:hdl:21.11113/0000-0016-CD67-E,https://creativecommons.org/licenses/by-nc-sa/4.0/,Distributed under a Creative Commons Attribution-NonCommercial-ShareAlike 4.0 International License.,GRETIL project,NONCOMMERCIAL_RESTRICTED,False,https://textgridrep.org/browse/textgrid:49mrx.0,Keep restricted; obtain permission or exclude from public/commercial use.
TG-GRE-0479,Timirodghāṭana plus short Nirvāṇakārikā at the end,,Darśana Collection,textgrid:49mrz.0,textgrid:49ms1.0,textgrid:49ms0.0,handle:hdl:21.11113/0000-0016-CD6A-B,https://creativecommons.org/licenses/by-nc-sa/4.0/,Distributed under a Creative Commons Attribution-NonCommercial-ShareAlike 4.0 International License.,GRETIL project,NONCOMMERCIAL_RESTRICTED,False,https://textgridrep.org/browse/textgrid:49ms1.0,Keep restricted; obtain permission or exclude from public/commercial use.
TG-GRE-0480,Triskandhasūtra,,Darśana Collection,textgrid:49ms2.0,textgrid:49ms4.0,textgrid:49ms3.0,handle:hdl:21.11113/0000-0016-CD6D-8,https://creativecommons.org/licenses/by-nc-sa/4.0/,Distributed under a Creative Commons Attribution-NonCommercial-ShareAlike 4.0 International License.,GRETIL project,NONCOMMERCIAL_RESTRICTED,False,https://textgridrep.org/browse/textgrid:49ms4.0,Keep restricted; obtain permission or exclude from public/commercial use.
TG-GRE-0481,Īśvarasiddhi,Yāmuna,Darśana Collection,textgrid:49ms5.0,textgrid:49ms7.0,textgrid:49ms6.0,handle:hdl:21.11113/0000-0016-CD70-3,https://creativecommons.org/licenses/by-nc-sa/4.0/,Distributed under a Creative Commons Attribution-NonCommercial-ShareAlike 4.0 International License.,GRETIL project,NONCOMMERCIAL_RESTRICTED,False,https://textgridrep.org/browse/textgrid:49ms7.0,Keep restricted; obtain permission or exclude from public/commercial use.
TG-GRE-0482,Abhidharmasamuccaya,Asaṅga,Darśana Collection,textgrid:49ms8.0,textgrid:49msb.0,textgrid:49ms9.0,handle:hdl:21.11113/0000-0016-CD73-0,https://creativecommons.org/licenses/by-nc-sa/4.0/,Distributed under a Creative Commons Attribution-NonCommercial-ShareAlike 4.0 International License.,GRETIL project,NONCOMMERCIAL_RESTRICTED,False,https://textgridrep.org/browse/textgrid:49msb.0,Keep restricted; obtain permission or exclude from public/commercial use.
TG-GRE-0483,Jātakamālā 1-15,Āryaśūra,Darśana Collection,textgrid:49msc.0,textgrid:49msf.0,textgrid:49msd.0,handle:hdl:21.11113/0000-0016-CD76-D,https://creativecommons.org/licenses/by-nc-sa/4.0/,Distributed under a Creative Commons Attribution-NonCommercial-ShareAlike 4.0 International License.,GRETIL project,NONCOMMERCIAL_RESTRICTED,False,https://textgridrep.org/browse/textgrid:49msf.0,Keep restricted; obtain permission or exclude from public/commercial use.
TG-GRE-0484,Mahāśītavatī vidyārājñī,,Darśana Collection,textgrid:49msg.0,textgrid:49msj.0,textgrid:49msh.0,handle:hdl:21.11113/0000-0016-CD79-A,https://creativecommons.org/licenses/by-nc-sa/4.0/,Distributed under a Creative Commons Attribution-NonCommercial-ShareAlike 4.0 International License.,GRETIL project,NONCOMMERCIAL_RESTRICTED,False,https://textgridrep.org/browse/textgrid:49msj.0,Keep restricted; obtain permission or exclude from public/commercial use.
TG-GRE-0485,Pramāṇavārttikaṭīkā,Śākyabuddhi,Darśana Collection,textgrid:49msk.0,textgrid:49msn.0,textgrid:49msm.0,handle:hdl:21.11113/0000-0016-CD7C-7,https://creativecommons.org/licenses/by-nc-sa/4.0/,Distributed under a Creative Commons Attribution-NonCommercial-ShareAlike 4.0 International License.,GRETIL project,NONCOMMERCIAL_RESTRICTED,False,https://textgridrep.org/browse/textgrid:49msn.0,Keep restricted; obtain permission or exclude from public/commercial use.
TG-GRE-0486,Upadeśasāhasrī,Śaṃkara,Darśana Collection,textgrid:49msp.0,textgrid:49msr.0,textgrid:49msq.0,handle:hdl:21.11113/0000-0016-CD7F-4,https://creativecommons.org/licenses/by-nc-sa/4.0/,Distributed under a Creative Commons Attribution-NonCommercial-ShareAlike 4.0 International License.,GRETIL project,NONCOMMERCIAL_RESTRICTED,False,https://textgridrep.org/browse/textgrid:49msr.0,Keep restricted; obtain permission or exclude from public/commercial use.
TG-GRE-0487,Madhyāntavibhāgakārikā,Maitreya (attrib.),Darśana Collection,textgrid:49mss.0,textgrid:49msv.0,textgrid:49mst.0,handle:hdl:21.11113/0000-0016-CD82-E,https://creativecommons.org/licenses/by-nc-sa/4.0/,Distributed under a Creative Commons Attribution-NonCommercial-ShareAlike 4.0 International License.,GRETIL project,NONCOMMERCIAL_RESTRICTED,False,https://textgridrep.org/browse/textgrid:49msv.0,Keep restricted; obtain permission or exclude from public/commercial use.
TG-GRE-0488,Bhavasaṃkrāntiṭīkā,Maitreyanātha,Darśana Collection,textgrid:49msw.0,textgrid:49msz.0,textgrid:49msx.0,handle:hdl:21.11113/0000-0016-CD85-B,https://creativecommons.org/licenses/by-nc-sa/4.0/,Distributed under a Creative Commons Attribution-NonCommercial-ShareAlike 4.0 International License.,GRETIL project,NONCOMMERCIAL_RESTRICTED,False,https://textgridrep.org/browse/textgrid:49msz.0,Keep restricted; obtain permission or exclude from public/commercial use.
TG-GRE-0489,Bodhicaryāvatāra,Śāntideva,Darśana Collection,textgrid:49mt0.0,textgrid:49mt2.0,textgrid:49mt1.0,handle:hdl:21.11113/0000-0016-CD88-8,https://creativecommons.org/licenses/by-nc-sa/4.0/,Distributed under a Creative Commons Attribution-NonCommercial-ShareAlike 4.0 International License.,GRETIL project,NONCOMMERCIAL_RESTRICTED,False,https://textgridrep.org/browse/textgrid:49mt2.0,Keep restricted; obtain permission or exclude from public/commercial use.
TG-GRE-0490,Abhisamayālaṃkaranāmaprajñāpāramitopadeśaśāstra,Maitreyanātha,Darśana Collection,textgrid:49mt3.0,textgrid:49mt5.0,textgrid:49mt4.0,handle:hdl:21.11113/0000-0016-CD8B-5,https://creativecommons.org/licenses/by-nc-sa/4.0/,Distributed under a Creative Commons Attribution-NonCommercial-ShareAlike 4.0 International License.,GRETIL project,NONCOMMERCIAL_RESTRICTED,False,https://textgridrep.org/browse/textgrid:49mt5.0,Keep restricted; obtain permission or exclude from public/commercial use.
TG-GRE-0491,Maitreyavyākaraṇa,,Darśana Collection,textgrid:49mt6.0,textgrid:49mt8.0,textgrid:49mt7.0,handle:hdl:21.11113/0000-0016-CD8E-2,https://creativecommons.org/licenses/by-nc-sa/4.0/,Distributed under a Creative Commons Attribution-NonCommercial-ShareAlike 4.0 International License.,GRETIL project,NONCOMMERCIAL_RESTRICTED,False,https://textgridrep.org/browse/textgrid:49mt8.0,Keep restricted; obtain permission or exclude from public/commercial use.
TG-GRE-0492,Mañjuśrīnāmasaṃgīti,,Darśana Collection,textgrid:49mt9.0,textgrid:49mtc.0,textgrid:49mtb.0,handle:hdl:21.11113/0000-0016-CD91-D,https://creativecommons.org/licenses/by-nc-sa/4.0/,Distributed under a Creative Commons Attribution-NonCommercial-ShareAlike 4.0 International License.,GRETIL project,NONCOMMERCIAL_RESTRICTED,False,https://textgridrep.org/browse/textgrid:49mtc.0,Keep restricted; obtain permission or exclude from public/commercial use.
TG-GRE-0493,Vibhramaviveka,Maṇḍanamiśra,Darśana Collection,textgrid:49mtd.0,textgrid:49mtg.0,textgrid:49mtf.0,handle:hdl:21.11113/0000-0016-CD94-A,https://creativecommons.org/licenses/by-nc-sa/4.0/,Distributed under a Creative Commons Attribution-NonCommercial-ShareAlike 4.0 International License.,GRETIL project,NONCOMMERCIAL_RESTRICTED,False,https://textgridrep.org/browse/textgrid:49mtg.0,Keep restricted; obtain permission or exclude from public/commercial use.
TG-GRE-0494,Mārīcīnāmadhāraṇī,,Darśana Collection,textgrid:49mth.0,textgrid:49mtk.0,textgrid:49mtj.0,handle:hdl:21.11113/0000-0016-CD97-7,https://creativecommons.org/licenses/by-nc-sa/4.0/,Distributed under a Creative Commons Attribution-NonCommercial-ShareAlike 4.0 International License.,GRETIL project,NONCOMMERCIAL_RESTRICTED,False,https://textgridrep.org/browse/textgrid:49mtk.0,Keep restricted; obtain permission or exclude from public/commercial use.
TG-GRE-0495,Śatapañcāśatka,Mātṛceṭa,Darśana Collection,textgrid:49mtm.0,textgrid:49mtp.0,textgrid:49mtn.0,handle:hdl:21.11113/0000-0016-CD9A-4,https://creativecommons.org/licenses/by-nc-sa/4.0/,Distributed under a Creative Commons Attribution-NonCommercial-ShareAlike 4.0 International License.,GRETIL project,NONCOMMERCIAL_RESTRICTED,False,https://textgridrep.org/browse/textgrid:49mtp.0,Keep restricted; obtain permission or exclude from public/commercial use.
TG-GRE-0496,Mekhalādhāraṇī,,Darśana Collection,textgrid:49mtq.0,textgrid:49mts.0,textgrid:49mtr.0,handle:hdl:21.11113/0000-0016-CD9D-1,https://creativecommons.org/licenses/by-nc-sa/4.0/,Distributed under a Creative Commons Attribution-NonCommercial-ShareAlike 4.0 International License.,GRETIL project,NONCOMMERCIAL_RESTRICTED,False,https://textgridrep.org/browse/textgrid:49mts.0,Keep restricted; obtain permission or exclude from public/commercial use.
TG-GRE-0497,Mṛtyuvañcanasitatārāsādhana,,Darśana Collection,textgrid:49mtt.0,textgrid:49mtw.0,textgrid:49mtv.0,handle:hdl:21.11113/0000-0016-CDA0-C,https://creativecommons.org/licenses/by-nc-sa/4.0/,Distributed under a Creative Commons Attribution-NonCommercial-ShareAlike 4.0 International License.,GRETIL project,NONCOMMERCIAL_RESTRICTED,False,https://textgridrep.org/browse/textgrid:49mtw.0,Keep restricted; obtain permission or exclude from public/commercial use.
TG-GRE-0498,Mṛtyuvañcanatārāsādhana,,Darśana Collection,textgrid:49mtx.0,textgrid:49mv0.0,textgrid:49mtz.0,handle:hdl:21.11113/0000-0016-CDA3-9,https://creativecommons.org/licenses/by-nc-sa/4.0/,Distributed under a Creative Commons Attribution-NonCommercial-ShareAlike 4.0 International License.,GRETIL project,NONCOMMERCIAL_RESTRICTED,False,https://textgridrep.org/browse/textgrid:49mv0.0,Keep restricted; obtain permission or exclude from public/commercial use.
TG-GRE-0499,Mṛtyuvañcanopadeśatārāsādhana,,Darśana Collection,textgrid:49mv1.0,textgrid:49mv3.0,textgrid:49mv2.0,handle:hdl:21.11113/0000-0016-CDA6-6,https://creativecommons.org/licenses/by-nc-sa/4.0/,Distributed under a Creative Commons Attribution-NonCommercial-ShareAlike 4.0 International License.,GRETIL project,NONCOMMERCIAL_RESTRICTED,False,https://textgridrep.org/browse/textgrid:49mv3.0,Keep restricted; obtain permission or exclude from public/commercial use.
TG-GRE-0500,Acintyastava,Nāgārjuna,Darśana Collection,textgrid:49mv4.0,textgrid:49mv6.0,textgrid:49mv5.0,handle:hdl:21.11113/0000-0016-CDA9-3,https://creativecommons.org/licenses/by-nc-sa/4.0/,Distributed under a Creative Commons Attribution-NonCommercial-ShareAlike 4.0 International License.,GRETIL project,NONCOMMERCIAL_RESTRICTED,False,https://textgridrep.org/browse/textgrid:49mv6.0,Keep restricted; obtain permission or exclude from public/commercial use.
TG-GRE-0501,Bodhicittavivaraṇa-fragments,Nāgārjuna,Darśana Collection,textgrid:49mv7.0,textgrid:49mv9.0,textgrid:49mv8.0,handle:hdl:21.11113/0000-0016-CDAC-0,https://creativecommons.org/licenses/by-nc-sa/4.0/,Distributed under a Creative Commons Attribution-NonCommercial-ShareAlike 4.0 International License.,GRETIL project,NONCOMMERCIAL_RESTRICTED,False,https://textgridrep.org/browse/textgrid:49mv9.0,Keep restricted; obtain permission or exclude from public/commercial use.
TG-GRE-0502,Bhavasaṅkrāntiparikathā (reconstructed text),Nāgārjuna,Darśana Collection,textgrid:49mvb.0,textgrid:49mvd.0,textgrid:49mvc.0,handle:hdl:21.11113/0000-0016-CDAF-D,https://creativecommons.org/licenses/by-nc-sa/4.0/,Distributed under a Creative Commons Attribution-NonCommercial-ShareAlike 4.0 International License.,GRETIL project,NONCOMMERCIAL_RESTRICTED,False,https://textgridrep.org/browse/textgrid:49mvd.0,Keep restricted; obtain permission or exclude from public/commercial use.
TG-GRE-0503,Dharmadhātugarbhavivaraṇa,Nāgārjuna,Darśana Collection,textgrid:49mvf.0,textgrid:49mvh.0,textgrid:49mvg.0,handle:hdl:21.11113/0000-0016-CDB2-8,https://creativecommons.org/licenses/by-nc-sa/4.0/,Distributed under a Creative Commons Attribution-NonCommercial-ShareAlike 4.0 International License.,GRETIL project,NONCOMMERCIAL_RESTRICTED,False,https://textgridrep.org/browse/textgrid:49mvh.0,Keep restricted; obtain permission or exclude from public/commercial use.
TG-GRE-0504,Dharmasaṃgraha,Nāgārjuna,Darśana Collection,textgrid:49mvj.0,textgrid:49mvm.0,textgrid:49mvk.0,handle:hdl:21.11113/0000-0016-CDB5-5,https://creativecommons.org/licenses/by-nc-sa/4.0/,Distributed under a Creative Commons Attribution-NonCommercial-ShareAlike 4.0 International License.,GRETIL project,NONCOMMERCIAL_RESTRICTED,False,https://textgridrep.org/browse/textgrid:49mvm.0,Keep restricted; obtain permission or exclude from public/commercial use.
TG-GRE-0505,Kriyāsaṃgrahakārikā,Nāgārjuna,Darśana Collection,textgrid:49mvn.0,textgrid:49mvq.0,textgrid:49mvp.0,handle:hdl:21.11113/0000-0016-CDB8-2,https://creativecommons.org/licenses/by-nc-sa/4.0/,Distributed under a Creative Commons Attribution-NonCommercial-ShareAlike 4.0 International License.,GRETIL project,NONCOMMERCIAL_RESTRICTED,False,https://textgridrep.org/browse/textgrid:49mvq.0,Keep restricted; obtain permission or exclude from public/commercial use.
TG-GRE-0506,Lokātītastava,Nāgārjuna,Darśana Collection,textgrid:49mvr.0,textgrid:49mvt.0,textgrid:49mvs.0,handle:hdl:21.11113/0000-0016-CDBB-F,https://creativecommons.org/licenses/by-nc-sa/4.0/,Distributed under a Creative Commons Attribution-NonCommercial-ShareAlike 4.0 International License.,GRETIL project,NONCOMMERCIAL_RESTRICTED,False,https://textgridrep.org/browse/textgrid:49mvt.0,Keep restricted; obtain permission or exclude from public/commercial use.
TG-GRE-0507,Mahāyānaviṃśikā,Nāgārjuna,Darśana Collection,textgrid:49mvv.0,textgrid:49mvx.0,textgrid:49mvw.0,handle:hdl:21.11113/0000-0016-CDBE-C,https://creativecommons.org/licenses/by-nc-sa/4.0/,Distributed under a Creative Commons Attribution-NonCommercial-ShareAlike 4.0 International License.,GRETIL project,NONCOMMERCIAL_RESTRICTED,False,https://textgridrep.org/browse/textgrid:49mvx.0,Keep restricted; obtain permission or exclude from public/commercial use.
TG-GRE-0508,Pañcakrama,Nāgārjuna,Darśana Collection,textgrid:49mvz.0,textgrid:49mw1.0,textgrid:49mw0.0,handle:hdl:21.11113/0000-0016-CDC1-7,https://creativecommons.org/licenses/by-nc-sa/4.0/,Distributed under a Creative Commons Attribution-NonCommercial-ShareAlike 4.0 International License.,GRETIL project,NONCOMMERCIAL_RESTRICTED,False,https://textgridrep.org/browse/textgrid:49mw1.0,Keep restricted; obtain permission or exclude from public/commercial use.
TG-GRE-0509,Piṇḍīkrama (transmitted as the first krama of Nāgārjuna's Pañcakrama),Nāgārjuna,Darśana Collection,textgrid:49mw2.0,textgrid:49mw4.0,textgrid:49mw3.0,handle:hdl:21.11113/0000-0016-CDC4-4,https://creativecommons.org/licenses/by-nc-sa/4.0/,Distributed under a Creative Commons Attribution-NonCommercial-ShareAlike 4.0 International License.,GRETIL project,NONCOMMERCIAL_RESTRICTED,False,https://textgridrep.org/browse/textgrid:49mw4.0,Keep restricted; obtain permission or exclude from public/commercial use.
TG-GRE-0510,Pratītyasamutpādahṛdayakārikā,Nāgārjuna,Darśana Collection,textgrid:49mw5.0,textgrid:49mw7.0,textgrid:49mw6.0,handle:hdl:21.11113/0000-0016-CDC7-1,https://creativecommons.org/licenses/by-nc-sa/4.0/,Distributed under a Creative Commons Attribution-NonCommercial-ShareAlike 4.0 International License.,GRETIL project,NONCOMMERCIAL_RESTRICTED,False,https://textgridrep.org/browse/textgrid:49mw7.0,Keep restricted; obtain permission or exclude from public/commercial use.
TG-GRE-0511,Pratītyasamutpādahṛdayavyākhyāna,Nāgārjuna,Darśana Collection,textgrid:49mw8.0,textgrid:49mwb.0,textgrid:49mw9.0,handle:hdl:21.11113/0000-0016-CDCA-E,https://creativecommons.org/licenses/by-nc-sa/4.0/,Distributed under a Creative Commons Attribution-NonCommercial-ShareAlike 4.0 International License.,GRETIL project,NONCOMMERCIAL_RESTRICTED,False,https://textgridrep.org/browse/textgrid:49mwb.0,Keep restricted; obtain permission or exclude from public/commercial use.
TG-GRE-0512,Śayanāsanavastu,,Darśana Collection,textgrid:49mwc.0,textgrid:49mwf.0,textgrid:49mwd.0,handle:hdl:21.11113/0000-0016-CDCD-B,https://creativecommons.org/licenses/by-nc-sa/4.0/,Distributed under a Creative Commons Attribution-NonCommercial-ShareAlike 4.0 International License.,GRETIL project,NONCOMMERCIAL_RESTRICTED,False,https://textgridrep.org/browse/textgrid:49mwf.0,Keep restricted; obtain permission or exclude from public/commercial use.
TG-GRE-0513,Ratnāvalī,Nāgārjuna,Darśana Collection,textgrid:49mwg.0,textgrid:49mwj.0,textgrid:49mwh.0,handle:hdl:21.11113/0000-0016-CDD0-6,https://creativecommons.org/licenses/by-nc-sa/4.0/,Distributed under a Creative Commons Attribution-NonCommercial-ShareAlike 4.0 International License.,GRETIL project,NONCOMMERCIAL_RESTRICTED,False,https://textgridrep.org/browse/textgrid:49mwj.0,Keep restricted; obtain permission or exclude from public/commercial use.
TG-GRE-0514,"Ratnāvali, 1,2,4",Nāgārjuna,Darśana Collection,textgrid:49mwk.0,textgrid:49mwn.0,textgrid:49mwm.0,handle:hdl:21.11113/0000-0016-CDD3-3,https://creativecommons.org/licenses/by-nc-sa/4.0/,Distributed under a Creative Commons Attribution-NonCommercial-ShareAlike 4.0 International License.,GRETIL project,NONCOMMERCIAL_RESTRICTED,False,https://textgridrep.org/browse/textgrid:49mwn.0,Keep restricted; obtain permission or exclude from public/commercial use.
TG-GRE-0515,Suhṛllekha,Nāgārjuna,Darśana Collection,textgrid:49mwp.0,textgrid:49mwr.0,textgrid:49mwq.0,handle:hdl:21.11113/0000-0016-CDD6-0,https://creativecommons.org/licenses/by-nc-sa/4.0/,Distributed under a Creative Commons Attribution-NonCommercial-ShareAlike 4.0 International License.,GRETIL project,NONCOMMERCIAL_RESTRICTED,False,https://textgridrep.org/browse/textgrid:49mwr.0,Keep restricted; obtain permission or exclude from public/commercial use.
TG-GRE-0516,Vigrahavyāvartanī,Nāgārjuna,Darśana Collection,textgrid:49mws.0,textgrid:49mwv.0,textgrid:49mwt.0,handle:hdl:21.11113/0000-0016-CDD9-D,https://creativecommons.org/licenses/by-nc-sa/4.0/,Distributed under a Creative Commons Attribution-NonCommercial-ShareAlike 4.0 International License.,GRETIL project,NONCOMMERCIAL_RESTRICTED,False,https://textgridrep.org/browse/textgrid:49mwv.0,Keep restricted; obtain permission or exclude from public/commercial use.
TG-GRE-0517,Vigrahavyāvartanīkārikā,Nāgārjuna,Darśana Collection,textgrid:49mww.0,textgrid:49mwz.0,textgrid:49mwx.0,handle:hdl:21.11113/0000-0016-CDDC-A,https://creativecommons.org/licenses/by-nc-sa/4.0/,Distributed under a Creative Commons Attribution-NonCommercial-ShareAlike 4.0 International License.,GRETIL project,NONCOMMERCIAL_RESTRICTED,False,https://textgridrep.org/browse/textgrid:49mwz.0,Keep restricted; obtain permission or exclude from public/commercial use.
TG-GRE-0518,Yuktiṣaṣṭikakārikā Sanskrit reconstruction,Nāgārjuna,Darśana Collection,textgrid:49mx0.0,textgrid:49mx2.0,textgrid:49mx1.0,handle:hdl:21.11113/0000-0016-CDDF-7,https://creativecommons.org/licenses/by-nc-sa/4.0/,Distributed under a Creative Commons Attribution-NonCommercial-ShareAlike 4.0 International License.,GRETIL project,NONCOMMERCIAL_RESTRICTED,False,https://textgridrep.org/browse/textgrid:49mx2.0,Keep restricted; obtain permission or exclude from public/commercial use.
TG-GRE-0519,Yuktiṣaṣṭikakārikā-fragments,Nāgārjuna,Darśana Collection,textgrid:49mx3.0,textgrid:49mx5.0,textgrid:49mx4.0,handle:hdl:21.11113/0000-0016-CDE2-2,https://creativecommons.org/licenses/by-nc-sa/4.0/,Distributed under a Creative Commons Attribution-NonCommercial-ShareAlike 4.0 International License.,GRETIL project,NONCOMMERCIAL_RESTRICTED,False,https://textgridrep.org/browse/textgrid:49mx5.0,Keep restricted; obtain permission or exclude from public/commercial use.
TG-GRE-0520,Śālistambakakārikā,Nāgārjuna,Darśana Collection,textgrid:49mx6.0,textgrid:49mx8.0,textgrid:49mx7.0,handle:hdl:21.11113/0000-0016-CDE5-F,https://creativecommons.org/licenses/by-nc-sa/4.0/,Distributed under a Creative Commons Attribution-NonCommercial-ShareAlike 4.0 International License.,GRETIL project,NONCOMMERCIAL_RESTRICTED,False,https://textgridrep.org/browse/textgrid:49mx8.0,Keep restricted; obtain permission or exclude from public/commercial use.
TG-GRE-0521,Śūnyatāsaptati,Nāgārjuna,Darśana Collection,textgrid:49mx9.0,textgrid:49mxc.0,textgrid:49mxb.0,handle:hdl:21.11113/0000-0016-CDE8-C,https://creativecommons.org/licenses/by-nc-sa/4.0/,Distributed under a Creative Commons Attribution-NonCommercial-ShareAlike 4.0 International License.,GRETIL project,NONCOMMERCIAL_RESTRICTED,False,https://textgridrep.org/browse/textgrid:49mxc.0,Keep restricted; obtain permission or exclude from public/commercial use.
TG-GRE-0522,Nagaropamasūtra,,Darśana Collection,textgrid:49mxd.0,textgrid:49mxg.0,textgrid:49mxf.0,handle:hdl:21.11113/0000-0016-CDEB-9,https://creativecommons.org/licenses/by-nc-sa/4.0/,Distributed under a Creative Commons Attribution-NonCommercial-ShareAlike 4.0 International License.,GRETIL project,NONCOMMERCIAL_RESTRICTED,False,https://textgridrep.org/browse/textgrid:49mxg.0,Keep restricted; obtain permission or exclude from public/commercial use.
TG-GRE-0523,Prātimokṣasūtra of the Lokottaravādimahāsaṅghika,,Darśana Collection,textgrid:49mxh.0,textgrid:49mxk.0,textgrid:49mxj.0,handle:hdl:21.11113/0000-0016-CDEE-6,https://creativecommons.org/licenses/by-nc-sa/4.0/,Distributed under a Creative Commons Attribution-NonCommercial-ShareAlike 4.0 International License.,GRETIL project,NONCOMMERCIAL_RESTRICTED,False,https://textgridrep.org/browse/textgrid:49mxk.0,Keep restricted; obtain permission or exclude from public/commercial use.
TG-GRE-0524,Prātimokṣasūtra of the Mahāsāṃghikas,,Darśana Collection,textgrid:49mxm.0,textgrid:49mxp.0,textgrid:49mxn.0,handle:hdl:21.11113/0000-0016-CDF1-1,https://creativecommons.org/licenses/by-nc-sa/4.0/,Distributed under a Creative Commons Attribution-NonCommercial-ShareAlike 4.0 International License.,GRETIL project,NONCOMMERCIAL_RESTRICTED,False,https://textgridrep.org/browse/textgrid:49mxp.0,Keep restricted; obtain permission or exclude from public/commercial use.
TG-GRE-0525,Nairātmyaparipṛcchāmahāyānasūtra,,Darśana Collection,textgrid:49mxq.0,textgrid:49mxs.0,textgrid:49mxr.0,handle:hdl:21.11113/0000-0016-CDF4-E,https://creativecommons.org/licenses/by-nc-sa/4.0/,Distributed under a Creative Commons Attribution-NonCommercial-ShareAlike 4.0 International License.,GRETIL project,NONCOMMERCIAL_RESTRICTED,False,https://textgridrep.org/browse/textgrid:49mxs.0,Keep restricted; obtain permission or exclude from public/commercial use.
TG-GRE-0526,Namaskāraikaviṃśatistotra,,Darśana Collection,textgrid:49mxt.0,textgrid:49mxw.0,textgrid:49mxv.0,handle:hdl:21.11113/0000-0016-CDF7-B,https://creativecommons.org/licenses/by-nc-sa/4.0/,Distributed under a Creative Commons Attribution-NonCommercial-ShareAlike 4.0 International License.,GRETIL project,NONCOMMERCIAL_RESTRICTED,False,https://textgridrep.org/browse/textgrid:49mxw.0,Keep restricted; obtain permission or exclude from public/commercial use.
TG-GRE-0527,Sekoddeśa,Nāropa,Darśana Collection,textgrid:49mxx.0,textgrid:49mz0.0,textgrid:49mxz.0,handle:hdl:21.11113/0000-0016-CDFA-8,https://creativecommons.org/licenses/by-nc-sa/4.0/,Distributed under a Creative Commons Attribution-NonCommercial-ShareAlike 4.0 International License.,GRETIL project,NONCOMMERCIAL_RESTRICTED,False,https://textgridrep.org/browse/textgrid:49mz0.0,Keep restricted; obtain permission or exclude from public/commercial use.
TG-GRE-0528,Nityakarmapūjāvidhi,,Darśana Collection,textgrid:49mz1.0,textgrid:49mz3.0,textgrid:49mz2.0,handle:hdl:21.11113/0000-0016-CDFD-5,https://creativecommons.org/licenses/by-nc-sa/4.0/,Distributed under a Creative Commons Attribution-NonCommercial-ShareAlike 4.0 International License.,GRETIL project,NONCOMMERCIAL_RESTRICTED,False,https://textgridrep.org/browse/textgrid:49mz3.0,Keep restricted; obtain permission or exclude from public/commercial use.
TG-GRE-0529,Pañcaviṃśatisāhasrikā Prajñāpāramitā,,Darśana Collection,textgrid:49mz4.0,textgrid:49mz6.0,textgrid:49mz5.0,handle:hdl:21.11113/0000-0016-CE00-0,https://creativecommons.org/licenses/by-nc-sa/4.0/,Distributed under a Creative Commons Attribution-NonCommercial-ShareAlike 4.0 International License.,GRETIL project,NONCOMMERCIAL_RESTRICTED,False,https://textgridrep.org/browse/textgrid:49mz6.0,Keep restricted; obtain permission or exclude from public/commercial use.
TG-GRE-0530,Pāṃśupradāna-avadāna,,Darśana Collection,textgrid:49mz7.0,textgrid:49mz9.0,textgrid:49mz8.0,handle:hdl:21.11113/0000-0016-CE03-D,https://creativecommons.org/licenses/by-nc-sa/4.0/,Distributed under a Creative Commons Attribution-NonCommercial-ShareAlike 4.0 International License.,GRETIL project,NONCOMMERCIAL_RESTRICTED,False,https://textgridrep.org/browse/textgrid:49mz9.0,Keep restricted; obtain permission or exclude from public/commercial use.
TG-GRE-0531,Prātimokṣasūtra of the Mūlasarvāstivādins,,Darśana Collection,textgrid:49mzb.0,textgrid:49mzd.0,textgrid:49mzc.0,handle:hdl:21.11113/0000-0016-CE06-A,https://creativecommons.org/licenses/by-nc-sa/4.0/,Distributed under a Creative Commons Attribution-NonCommercial-ShareAlike 4.0 International License.,GRETIL project,NONCOMMERCIAL_RESTRICTED,False,https://textgridrep.org/browse/textgrid:49mzd.0,Keep restricted; obtain permission or exclude from public/commercial use.
TG-GRE-0532,Avayavinirākaraṇa,Paṇḍitāśoka,Darśana Collection,textgrid:49mzf.0,textgrid:49mzh.0,textgrid:49mzg.0,handle:hdl:21.11113/0000-0016-CE09-7,https://creativecommons.org/licenses/by-nc-sa/4.0/,Distributed under a Creative Commons Attribution-NonCommercial-ShareAlike 4.0 International License.,GRETIL project,NONCOMMERCIAL_RESTRICTED,False,https://textgridrep.org/browse/textgrid:49mzh.0,Keep restricted; obtain permission or exclude from public/commercial use.
TG-GRE-0533,Sāmānyadūṣaṇadikprasāritā,Paṇḍitāśoka,Darśana Collection,textgrid:49mzj.0,textgrid:49mzm.0,textgrid:49mzk.0,handle:hdl:21.11113/0000-0016-CE0C-4,https://creativecommons.org/licenses/by-nc-sa/4.0/,Distributed under a Creative Commons Attribution-NonCommercial-ShareAlike 4.0 International License.,GRETIL project,NONCOMMERCIAL_RESTRICTED,False,https://textgridrep.org/browse/textgrid:49mzm.0,Keep restricted; obtain permission or exclude from public/commercial use.
TG-GRE-0534,Prātimokṣasūtra of the Sarvāstivādins,,Darśana Collection,textgrid:49mzn.0,textgrid:49mzq.0,textgrid:49mzp.0,handle:hdl:21.11113/0000-0016-CE0F-1,https://creativecommons.org/licenses/by-nc-sa/4.0/,Distributed under a Creative Commons Attribution-NonCommercial-ShareAlike 4.0 International License.,GRETIL project,NONCOMMERCIAL_RESTRICTED,False,https://textgridrep.org/browse/textgrid:49mzq.0,Keep restricted; obtain permission or exclude from public/commercial use.
TG-GRE-0535,Parātriṃśikā,,Darśana Collection,textgrid:49mzr.0,textgrid:49mzt.0,textgrid:49mzs.0,handle:hdl:21.11113/0000-0016-CE12-C,https://creativecommons.org/licenses/by-nc-sa/4.0/,Distributed under a Creative Commons Attribution-NonCommercial-ShareAlike 4.0 International License.,GRETIL project,NONCOMMERCIAL_RESTRICTED,False,https://textgridrep.org/browse/textgrid:49mzt.0,Keep restricted; obtain permission or exclude from public/commercial use.
TG-GRE-0536,Pārivāsikavastu,,Darśana Collection,textgrid:49mzv.0,textgrid:49mzx.0,textgrid:49mzw.0,handle:hdl:21.11113/0000-0016-CE15-9,https://creativecommons.org/licenses/by-nc-sa/4.0/,Distributed under a Creative Commons Attribution-NonCommercial-ShareAlike 4.0 International License.,GRETIL project,NONCOMMERCIAL_RESTRICTED,False,https://textgridrep.org/browse/textgrid:49mzx.0,Keep restricted; obtain permission or exclude from public/commercial use.
TG-GRE-0537,Pādārthadharmasaṃgraha commentary on Kaṇāda's Vaiśeṣikasūtra,Praśastapāda,Darśana Collection,textgrid:49mzz.0,textgrid:49n01.0,textgrid:49n00.0,handle:hdl:21.11113/0000-0016-CE18-6,https://creativecommons.org/licenses/by-nc-sa/4.0/,Distributed under a Creative Commons Attribution-NonCommercial-ShareAlike 4.0 International License.,GRETIL project,NONCOMMERCIAL_RESTRICTED,False,https://textgridrep.org/browse/textgrid:49n01.0,Keep restricted; obtain permission or exclude from public/commercial use.
TG-GRE-0538,Rāṣṭrapālaparipṛcchā,,Darśana Collection,textgrid:49n02.0,textgrid:49n04.0,textgrid:49n03.0,handle:hdl:21.11113/0000-0016-CE1B-3,https://creativecommons.org/licenses/by-nc-sa/4.0/,Distributed under a Creative Commons Attribution-NonCommercial-ShareAlike 4.0 International License.,GRETIL project,NONCOMMERCIAL_RESTRICTED,False,https://textgridrep.org/browse/textgrid:49n04.0,Keep restricted; obtain permission or exclude from public/commercial use.
TG-GRE-0539,Yogasūtra,Patañjali,Darśana Collection,textgrid:49n05.0,textgrid:49n07.0,textgrid:49n06.0,handle:hdl:21.11113/0000-0016-CE1E-0,https://creativecommons.org/licenses/by-nc-sa/4.0/,Distributed under a Creative Commons Attribution-NonCommercial-ShareAlike 4.0 International License.,GRETIL project,NONCOMMERCIAL_RESTRICTED,False,https://textgridrep.org/browse/textgrid:49n07.0,Keep restricted; obtain permission or exclude from public/commercial use.
TG-GRE-0540,Yogasūtra,Patañjali,Darśana Collection,textgrid:49n08.0,textgrid:49n0b.0,textgrid:49n09.0,handle:hdl:21.11113/0000-0016-CE21-B,https://creativecommons.org/licenses/by-nc-sa/4.0/,Distributed under a Creative Commons Attribution-NonCommercial-ShareAlike 4.0 International License.,GRETIL project,NONCOMMERCIAL_RESTRICTED,False,https://textgridrep.org/browse/textgrid:49n0b.0,Keep restricted; obtain permission or exclude from public/commercial use.
TG-GRE-0541,Ratnaguṇasaṃcayagāthā,,Darśana Collection,textgrid:49n0c.0,textgrid:49n0f.0,textgrid:49n0d.0,handle:hdl:21.11113/0000-0016-CE24-8,https://creativecommons.org/licenses/by-nc-sa/4.0/,Distributed under a Creative Commons Attribution-NonCommercial-ShareAlike 4.0 International License.,GRETIL project,NONCOMMERCIAL_RESTRICTED,False,https://textgridrep.org/browse/textgrid:49n0f.0,Keep restricted; obtain permission or exclude from public/commercial use.
TG-GRE-0542,Poṣadhasthāpanavastu,,Darśana Collection,textgrid:49n0g.0,textgrid:49n0j.0,textgrid:49n0h.0,handle:hdl:21.11113/0000-0016-CE27-5,https://creativecommons.org/licenses/by-nc-sa/4.0/,Distributed under a Creative Commons Attribution-NonCommercial-ShareAlike 4.0 International License.,GRETIL project,NONCOMMERCIAL_RESTRICTED,False,https://textgridrep.org/browse/textgrid:49n0j.0,Keep restricted; obtain permission or exclude from public/commercial use.
TG-GRE-0543,Hastavālaprakaraṇavṛtti,,Darśana Collection,textgrid:49n0k.0,textgrid:49n0n.0,textgrid:49n0m.0,handle:hdl:21.11113/0000-0016-CE2A-2,https://creativecommons.org/licenses/by-nc-sa/4.0/,Distributed under a Creative Commons Attribution-NonCommercial-ShareAlike 4.0 International License.,GRETIL project,NONCOMMERCIAL_RESTRICTED,False,https://textgridrep.org/browse/textgrid:49n0n.0,Keep restricted; obtain permission or exclude from public/commercial use.
TG-GRE-0544,Hayagrīvavidyā,,Darśana Collection,textgrid:49n0p.0,textgrid:49n0r.0,textgrid:49n0q.0,handle:hdl:21.11113/0000-0016-CE2D-F,https://creativecommons.org/licenses/by-nc-sa/4.0/,Distributed under a Creative Commons Attribution-NonCommercial-ShareAlike 4.0 International License.,GRETIL project,NONCOMMERCIAL_RESTRICTED,False,https://textgridrep.org/browse/textgrid:49n0r.0,Keep restricted; obtain permission or exclude from public/commercial use.
TG-GRE-0545,Sāṃkhyakārikā,Īśvarakṛṣṇa,Darśana Collection,textgrid:49n0s.0,textgrid:49n0v.0,textgrid:49n0t.0,handle:hdl:21.11113/0000-0016-CE30-A,https://creativecommons.org/licenses/by-nc-sa/4.0/,Distributed under a Creative Commons Attribution-NonCommercial-ShareAlike 4.0 International License.,GRETIL project,NONCOMMERCIAL_RESTRICTED,False,https://textgridrep.org/browse/textgrid:49n0v.0,Keep restricted; obtain permission or exclude from public/commercial use.
TG-GRE-0546,Sāṃkhyakārikā,Īśvarakṛṣṇa,Darśana Collection,textgrid:49n0w.0,textgrid:49n0z.0,textgrid:49n0x.0,handle:hdl:21.11113/0000-0016-CE33-7,https://creativecommons.org/licenses/by-nc-sa/4.0/,Distributed under a Creative Commons Attribution-NonCommercial-ShareAlike 4.0 International License.,GRETIL project,NONCOMMERCIAL_RESTRICTED,False,https://textgridrep.org/browse/textgrid:49n0z.0,Keep restricted; obtain permission or exclude from public/commercial use.
TG-GRE-0547,Hetutattvopadeśa,Jitāri,Darśana Collection,textgrid:49n10.0,textgrid:49n12.0,textgrid:49n11.0,handle:hdl:21.11113/0000-0016-CE36-4,https://creativecommons.org/licenses/by-nc-sa/4.0/,Distributed under a Creative Commons Attribution-NonCommercial-ShareAlike 4.0 International License.,GRETIL project,NONCOMMERCIAL_RESTRICTED,False,https://textgridrep.org/browse/textgrid:49n12.0,Keep restricted; obtain permission or exclude from public/commercial use.
TG-GRE-0548,Hetutattvopadeśa,Jitāri,Darśana Collection,textgrid:49n13.0,textgrid:49n15.0,textgrid:49n14.0,handle:hdl:21.11113/0000-0016-CE39-1,https://creativecommons.org/licenses/by-nc-sa/4.0/,Distributed under a Creative Commons Attribution-NonCommercial-ShareAlike 4.0 International License.,GRETIL project,NONCOMMERCIAL_RESTRICTED,False,https://textgridrep.org/browse/textgrid:49n15.0,Keep restricted; obtain permission or exclude from public/commercial use.
TG-GRE-0549,Jātakastava,Jñānayaśas,Darśana Collection,textgrid:49n16.0,textgrid:49n18.0,textgrid:49n17.0,handle:hdl:21.11113/0000-0016-CE3C-E,https://creativecommons.org/licenses/by-nc-sa/4.0/,Distributed under a Creative Commons Attribution-NonCommercial-ShareAlike 4.0 International License.,GRETIL project,NONCOMMERCIAL_RESTRICTED,False,https://textgridrep.org/browse/textgrid:49n18.0,Keep restricted; obtain permission or exclude from public/commercial use.
TG-GRE-0550,Navaślokī,Kambalapāda,Darśana Collection,textgrid:49n19.0,textgrid:49n1c.0,textgrid:49n1b.0,handle:hdl:21.11113/0000-0016-CE3F-B,https://creativecommons.org/licenses/by-nc-sa/4.0/,Distributed under a Creative Commons Attribution-NonCommercial-ShareAlike 4.0 International License.,GRETIL project,NONCOMMERCIAL_RESTRICTED,False,https://textgridrep.org/browse/textgrid:49n1c.0,Keep restricted; obtain permission or exclude from public/commercial use.
TG-GRE-0551,Vaiśeṣikasūtra,Kaṇāda,Darśana Collection,textgrid:49n1d.0,textgrid:49n1g.0,textgrid:49n1f.0,handle:hdl:21.11113/0000-0016-CE42-6,https://creativecommons.org/licenses/by-nc-sa/4.0/,Distributed under a Creative Commons Attribution-NonCommercial-ShareAlike 4.0 International License.,GRETIL project,NONCOMMERCIAL_RESTRICTED,False,https://textgridrep.org/browse/textgrid:49n1g.0,Keep restricted; obtain permission or exclude from public/commercial use.
TG-GRE-0552,Vaiśeṣikasūtra,Kaṇāda,Darśana Collection,textgrid:49n1h.0,textgrid:49n1k.0,textgrid:49n1j.0,handle:hdl:21.11113/0000-0016-CE45-3,https://creativecommons.org/licenses/by-nc-sa/4.0/,Distributed under a Creative Commons Attribution-NonCommercial-ShareAlike 4.0 International License.,GRETIL project,NONCOMMERCIAL_RESTRICTED,False,https://textgridrep.org/browse/textgrid:49n1k.0,Keep restricted; obtain permission or exclude from public/commercial use.
TG-GRE-0553,Karmavastu,,Darśana Collection,textgrid:49n1m.0,textgrid:49n1p.0,textgrid:49n1n.0,handle:hdl:21.11113/0000-0016-CE48-0,https://creativecommons.org/licenses/by-nc-sa/4.0/,Distributed under a Creative Commons Attribution-NonCommercial-ShareAlike 4.0 International License.,GRETIL project,NONCOMMERCIAL_RESTRICTED,False,https://textgridrep.org/browse/textgrid:49n1p.0,Keep restricted; obtain permission or exclude from public/commercial use.
TG-GRE-0554,Karmavibhaṅgopadeśa,,Darśana Collection,textgrid:49n1q.0,textgrid:49n1s.0,textgrid:49n1r.0,handle:hdl:21.11113/0000-0016-CE4B-D,https://creativecommons.org/licenses/by-nc-sa/4.0/,Distributed under a Creative Commons Attribution-NonCommercial-ShareAlike 4.0 International License.,GRETIL project,NONCOMMERCIAL_RESTRICTED,False,https://textgridrep.org/browse/textgrid:49n1s.0,Keep restricted; obtain permission or exclude from public/commercial use.
TG-GRE-0555,Kaṭhināvadāna,,Darśana Collection,textgrid:49n1t.0,textgrid:49n1w.0,textgrid:49n1v.0,handle:hdl:21.11113/0000-0016-CE4E-A,https://creativecommons.org/licenses/by-nc-sa/4.0/,Distributed under a Creative Commons Attribution-NonCommercial-ShareAlike 4.0 International License.,GRETIL project,NONCOMMERCIAL_RESTRICTED,False,https://textgridrep.org/browse/textgrid:49n1w.0,Keep restricted; obtain permission or exclude from public/commercial use.
TG-GRE-0556,Kaṭhinavastu,,Darśana Collection,textgrid:49n1x.0,textgrid:49n20.0,textgrid:49n1z.0,handle:hdl:21.11113/0000-0016-CE51-5,https://creativecommons.org/licenses/by-nc-sa/4.0/,Distributed under a Creative Commons Attribution-NonCommercial-ShareAlike 4.0 International License.,GRETIL project,NONCOMMERCIAL_RESTRICTED,False,https://textgridrep.org/browse/textgrid:49n20.0,Keep restricted; obtain permission or exclude from public/commercial use.
TG-GRE-0557,Kauśikaprajñāpāramitāsūtra,,Darśana Collection,textgrid:49n21.0,textgrid:49n23.0,textgrid:49n22.0,handle:hdl:21.11113/0000-0016-CE54-2,https://creativecommons.org/licenses/by-nc-sa/4.0/,Distributed under a Creative Commons Attribution-NonCommercial-ShareAlike 4.0 International License.,GRETIL project,NONCOMMERCIAL_RESTRICTED,False,https://textgridrep.org/browse/textgrid:49n23.0,Keep restricted; obtain permission or exclude from public/commercial use.
TG-GRE-0558,Sāṃkhyatattvapradīpa,Kavirājayati,Darśana Collection,textgrid:49n24.0,textgrid:49n26.0,textgrid:49n25.0,handle:hdl:21.11113/0000-0016-CE57-F,https://creativecommons.org/licenses/by-nc-sa/4.0/,Distributed under a Creative Commons Attribution-NonCommercial-ShareAlike 4.0 International License.,GRETIL project,NONCOMMERCIAL_RESTRICTED,False,https://textgridrep.org/browse/textgrid:49n26.0,Keep restricted; obtain permission or exclude from public/commercial use.
TG-GRE-0559,Sāṃkhyatattvapradīpikā a short exposition of Sāṃkhya philosophy following the system of Vijñānabhikṣu.,Keśava,Darśana Collection,textgrid:49n27.0,textgrid:49n29.0,textgrid:49n28.0,handle:hdl:21.11113/0000-0016-CE5A-C,https://creativecommons.org/licenses/by-nc-sa/4.0/,Distributed under a Creative Commons Attribution-NonCommercial-ShareAlike 4.0 International License.,GRETIL project,NONCOMMERCIAL_RESTRICTED,False,https://textgridrep.org/browse/textgrid:49n29.0,Keep restricted; obtain permission or exclude from public/commercial use.
TG-GRE-0560,Khasarpaṇasādhana,,Darśana Collection,textgrid:49n2b.0,textgrid:49n2d.0,textgrid:49n2c.0,handle:hdl:21.11113/0000-0016-CE5D-9,https://creativecommons.org/licenses/by-nc-sa/4.0/,Distributed under a Creative Commons Attribution-NonCommercial-ShareAlike 4.0 International License.,GRETIL project,NONCOMMERCIAL_RESTRICTED,False,https://textgridrep.org/browse/textgrid:49n2d.0,Keep restricted; obtain permission or exclude from public/commercial use.
TG-GRE-0561,Kośāmbakavastu,,Darśana Collection,textgrid:49n2f.0,textgrid:49n2h.0,textgrid:49n2g.0,handle:hdl:21.11113/0000-0016-CE60-4,https://creativecommons.org/licenses/by-nc-sa/4.0/,Distributed under a Creative Commons Attribution-NonCommercial-ShareAlike 4.0 International License.,GRETIL project,NONCOMMERCIAL_RESTRICTED,False,https://textgridrep.org/browse/textgrid:49n2h.0,Keep restricted; obtain permission or exclude from public/commercial use.
TG-GRE-0562,Kṣaṇabhaṅgasiddhi,,Darśana Collection,textgrid:49n2j.0,textgrid:49n2m.0,textgrid:49n2k.0,handle:hdl:21.11113/0000-0016-CE63-1,https://creativecommons.org/licenses/by-nc-sa/4.0/,Distributed under a Creative Commons Attribution-NonCommercial-ShareAlike 4.0 International License.,GRETIL project,NONCOMMERCIAL_RESTRICTED,False,https://textgridrep.org/browse/textgrid:49n2m.0,Keep restricted; obtain permission or exclude from public/commercial use.
TG-GRE-0563,Bhairavānukaraṇastotra,Kṣemarāja,Darśana Collection,textgrid:49n2n.0,textgrid:49n2q.0,textgrid:49n2p.0,handle:hdl:21.11113/0000-0016-CE66-E,https://creativecommons.org/licenses/by-nc-sa/4.0/,Distributed under a Creative Commons Attribution-NonCommercial-ShareAlike 4.0 International License.,GRETIL project,NONCOMMERCIAL_RESTRICTED,False,https://textgridrep.org/browse/textgrid:49n2q.0,Keep restricted; obtain permission or exclude from public/commercial use.
TG-GRE-0564,Bodhavilāsa,Kṣemarāja,Darśana Collection,textgrid:49n2r.0,textgrid:49n2t.0,textgrid:49n2s.0,handle:hdl:21.11113/0000-0016-CE69-B,https://creativecommons.org/licenses/by-nc-sa/4.0/,Distributed under a Creative Commons Attribution-NonCommercial-ShareAlike 4.0 International License.,GRETIL project,NONCOMMERCIAL_RESTRICTED,False,https://textgridrep.org/browse/textgrid:49n2t.0,Keep restricted; obtain permission or exclude from public/commercial use.
TG-GRE-0565,Pratyabhijñāhṛdaya,Kṣemarāja,Darśana Collection,textgrid:49n2v.0,textgrid:49n2x.0,textgrid:49n2w.0,handle:hdl:21.11113/0000-0016-CE6C-8,https://creativecommons.org/licenses/by-nc-sa/4.0/,Distributed under a Creative Commons Attribution-NonCommercial-ShareAlike 4.0 International License.,GRETIL project,NONCOMMERCIAL_RESTRICTED,False,https://textgridrep.org/browse/textgrid:49n2x.0,Keep restricted; obtain permission or exclude from public/commercial use.
TG-GRE-0566,"Bodhisattvāvadānakalpalatā 93, Sumāgadhāvadāna",Kṣemendra,Darśana Collection,textgrid:49n2z.0,textgrid:49n31.0,textgrid:49n30.0,handle:hdl:21.11113/0000-0016-CE6F-5,https://creativecommons.org/licenses/by-nc-sa/4.0/,Distributed under a Creative Commons Attribution-NonCommercial-ShareAlike 4.0 International License.,GRETIL project,NONCOMMERCIAL_RESTRICTED,False,https://textgridrep.org/browse/textgrid:49n31.0,Keep restricted; obtain permission or exclude from public/commercial use.
TG-GRE-0567,Garbhāvakrāntyavadāna,Kṣemendra,Darśana Collection,textgrid:49n32.0,textgrid:49n34.0,textgrid:49n33.0,handle:hdl:21.11113/0000-0016-CE72-0,https://creativecommons.org/licenses/by-nc-sa/4.0/,Distributed under a Creative Commons Attribution-NonCommercial-ShareAlike 4.0 International License.,GRETIL project,NONCOMMERCIAL_RESTRICTED,False,https://textgridrep.org/browse/textgrid:49n34.0,Keep restricted; obtain permission or exclude from public/commercial use.
TG-GRE-0568,Pratītyasamutpādāvadāna,Kṣemendra,Darśana Collection,textgrid:49n35.0,textgrid:49n37.0,textgrid:49n36.0,handle:hdl:21.11113/0000-0016-CE75-D,https://creativecommons.org/licenses/by-nc-sa/4.0/,Distributed under a Creative Commons Attribution-NonCommercial-ShareAlike 4.0 International License.,GRETIL project,NONCOMMERCIAL_RESTRICTED,False,https://textgridrep.org/browse/textgrid:49n37.0,Keep restricted; obtain permission or exclude from public/commercial use.
TG-GRE-0569,Tantravārttika 2.1.1-4,Kumārila,Darśana Collection,textgrid:49n38.0,textgrid:49n3b.0,textgrid:49n39.0,handle:hdl:21.11113/0000-0016-CE78-A,https://creativecommons.org/licenses/by-nc-sa/4.0/,Distributed under a Creative Commons Attribution-NonCommercial-ShareAlike 4.0 International License.,GRETIL project,NONCOMMERCIAL_RESTRICTED,False,https://textgridrep.org/browse/textgrid:49n3b.0,Keep restricted; obtain permission or exclude from public/commercial use.
TG-GRE-0570,Advayasiddhi,Yoginī Lakṣmīṅkarā,Darśana Collection,textgrid:49n3c.0,textgrid:49n3f.0,textgrid:49n3d.0,handle:hdl:21.11113/0000-0016-CE7B-7,https://creativecommons.org/licenses/by-nc-sa/4.0/,Distributed under a Creative Commons Attribution-NonCommercial-ShareAlike 4.0 International License.,GRETIL project,NONCOMMERCIAL_RESTRICTED,False,https://textgridrep.org/browse/textgrid:49n3f.0,Keep restricted; obtain permission or exclude from public/commercial use.
TG-GRE-0571,Larger Prajñāpāramitā,,Darśana Collection,textgrid:49n3g.0,textgrid:49n3j.0,textgrid:49n3h.0,handle:hdl:21.11113/0000-0016-CE7E-4,https://creativecommons.org/licenses/by-nc-sa/4.0/,Distributed under a Creative Commons Attribution-NonCommercial-ShareAlike 4.0 International License.,GRETIL project,NONCOMMERCIAL_RESTRICTED,False,https://textgridrep.org/browse/textgrid:49n3j.0,Keep restricted; obtain permission or exclude from public/commercial use.
TG-GRE-0572,Madhyamakaśālistambasūtra,,Darśana Collection,textgrid:49n3k.0,textgrid:49n3n.0,textgrid:49n3m.0,handle:hdl:21.11113/0000-0016-CE81-E,https://creativecommons.org/licenses/by-nc-sa/4.0/,Distributed under a Creative Commons Attribution-NonCommercial-ShareAlike 4.0 International License.,GRETIL project,NONCOMMERCIAL_RESTRICTED,False,https://textgridrep.org/browse/textgrid:49n3n.0,Keep restricted; obtain permission or exclude from public/commercial use.
TG-GRE-0573,Mahādaṇḍadhāraṇīśītavatī,,Darśana Collection,textgrid:49n3p.0,textgrid:49n3r.0,textgrid:49n3q.0,handle:hdl:21.11113/0000-0016-CE84-B,https://creativecommons.org/licenses/by-nc-sa/4.0/,Distributed under a Creative Commons Attribution-NonCommercial-ShareAlike 4.0 International License.,GRETIL project,NONCOMMERCIAL_RESTRICTED,False,https://textgridrep.org/browse/textgrid:49n3r.0,Keep restricted; obtain permission or exclude from public/commercial use.
TG-GRE-0574,Mahāmaṇivipulavimānaviśvasupratiṣṭhitaguhyaparamarahasyakalparājadhāraṇī,,Darśana Collection,textgrid:49n3s.0,textgrid:49n3v.0,textgrid:49n3t.0,handle:hdl:21.11113/0000-0016-CE87-8,https://creativecommons.org/licenses/by-nc-sa/4.0/,Distributed under a Creative Commons Attribution-NonCommercial-ShareAlike 4.0 International License.,GRETIL project,NONCOMMERCIAL_RESTRICTED,False,https://textgridrep.org/browse/textgrid:49n3v.0,Keep restricted; obtain permission or exclude from public/commercial use.
TG-GRE-0575,Mahāmantrānusāriṇī,,Darśana Collection,textgrid:49n3w.0,textgrid:49n3z.0,textgrid:49n3x.0,handle:hdl:21.11113/0000-0016-CE8A-5,https://creativecommons.org/licenses/by-nc-sa/4.0/,Distributed under a Creative Commons Attribution-NonCommercial-ShareAlike 4.0 International License.,GRETIL project,NONCOMMERCIAL_RESTRICTED,False,https://textgridrep.org/browse/textgrid:49n3z.0,Keep restricted; obtain permission or exclude from public/commercial use.
TG-GRE-0576,Mahāpratisarāvidyādhāraṇī,,Darśana Collection,textgrid:49n40.0,textgrid:49n42.0,textgrid:49n41.0,handle:hdl:21.11113/0000-0016-CE8D-2,https://creativecommons.org/licenses/by-nc-sa/4.0/,Distributed under a Creative Commons Attribution-NonCommercial-ShareAlike 4.0 International License.,GRETIL project,NONCOMMERCIAL_RESTRICTED,False,https://textgridrep.org/browse/textgrid:49n42.0,Keep restricted; obtain permission or exclude from public/commercial use.
TG-GRE-0577,Mahāpratisarāvidyāvidhi,,Darśana Collection,textgrid:49n43.0,textgrid:49n45.0,textgrid:49n44.0,handle:hdl:21.11113/0000-0016-CE90-D,https://creativecommons.org/licenses/by-nc-sa/4.0/,Distributed under a Creative Commons Attribution-NonCommercial-ShareAlike 4.0 International License.,GRETIL project,NONCOMMERCIAL_RESTRICTED,False,https://textgridrep.org/browse/textgrid:49n45.0,Keep restricted; obtain permission or exclude from public/commercial use.
TG-GRE-0578,Mahāsudarśanāvadāna,,Darśana Collection,textgrid:49n46.0,textgrid:49n48.0,textgrid:49n47.0,handle:hdl:21.11113/0000-0016-CE93-A,https://creativecommons.org/licenses/by-nc-sa/4.0/,Distributed under a Creative Commons Attribution-NonCommercial-ShareAlike 4.0 International License.,GRETIL project,NONCOMMERCIAL_RESTRICTED,False,https://textgridrep.org/browse/textgrid:49n48.0,Keep restricted; obtain permission or exclude from public/commercial use.
TG-GRE-0579,Sarvamatasaṃgraha,,Darśana Collection,textgrid:49n49.0,textgrid:49n4c.0,textgrid:49n4b.0,handle:hdl:21.11113/0000-0016-CE96-7,https://creativecommons.org/licenses/by-nc-sa/4.0/,Distributed under a Creative Commons Attribution-NonCommercial-ShareAlike 4.0 International License.,GRETIL project,NONCOMMERCIAL_RESTRICTED,False,https://textgridrep.org/browse/textgrid:49n4c.0,Keep restricted; obtain permission or exclude from public/commercial use.
TG-GRE-0580,Caturdharmanirdeśasūtra,,Darśana Collection,textgrid:49n4d.0,textgrid:49n4g.0,textgrid:49n4f.0,handle:hdl:21.11113/0000-0016-CE99-4,https://creativecommons.org/licenses/by-nc-sa/4.0/,Distributed under a Creative Commons Attribution-NonCommercial-ShareAlike 4.0 International License.,GRETIL project,NONCOMMERCIAL_RESTRICTED,False,https://textgridrep.org/browse/textgrid:49n4g.0,Keep restricted; obtain permission or exclude from public/commercial use.
TG-GRE-0581,Yaśodharācarita,Davuldeṇa Jñāneśvara Mahāsthavira,Darśana Collection,textgrid:49n4h.0,textgrid:49n4k.0,textgrid:49n4j.0,handle:hdl:21.11113/0000-0016-CE9C-1,https://creativecommons.org/licenses/by-nc-sa/4.0/,Distributed under a Creative Commons Attribution-NonCommercial-ShareAlike 4.0 International License.,GRETIL project,NONCOMMERCIAL_RESTRICTED,False,https://textgridrep.org/browse/textgrid:49n4k.0,Keep restricted; obtain permission or exclude from public/commercial use.
TG-GRE-0582,Daśabalasūtra 1-4,,Darśana Collection,textgrid:49n4m.0,textgrid:49n4p.0,textgrid:49n4n.0,handle:hdl:21.11113/0000-0016-CE9F-E,https://creativecommons.org/licenses/by-nc-sa/4.0/,Distributed under a Creative Commons Attribution-NonCommercial-ShareAlike 4.0 International License.,GRETIL project,NONCOMMERCIAL_RESTRICTED,False,https://textgridrep.org/browse/textgrid:49n4p.0,Keep restricted; obtain permission or exclude from public/commercial use.
TG-GRE-0583,"Daśasāhasrikā prajñāpāramitā, 1 and 2 translated from Tibetan",,Darśana Collection,textgrid:49n4q.0,textgrid:49n4s.0,textgrid:49n4r.0,handle:hdl:21.11113/0000-0016-CEA2-9,https://creativecommons.org/licenses/by-nc-sa/4.0/,Distributed under a Creative Commons Attribution-NonCommercial-ShareAlike 4.0 International License.,GRETIL project,NONCOMMERCIAL_RESTRICTED,False,https://textgridrep.org/browse/textgrid:49n4s.0,Keep restricted; obtain permission or exclude from public/commercial use.
TG-GRE-0584,Devatāsūtra and Alpadevatāsūtra,,Darśana Collection,textgrid:49n4t.0,textgrid:49n4w.0,textgrid:49n4v.0,handle:hdl:21.11113/0000-0016-CEA5-6,https://creativecommons.org/licenses/by-nc-sa/4.0/,Distributed under a Creative Commons Attribution-NonCommercial-ShareAlike 4.0 International License.,GRETIL project,NONCOMMERCIAL_RESTRICTED,False,https://textgridrep.org/browse/textgrid:49n4w.0,Keep restricted; obtain permission or exclude from public/commercial use.
TG-GRE-0585,Hetubindu,Dharmakīrti,Darśana Collection,textgrid:49n4x.0,textgrid:49n50.0,textgrid:49n4z.0,handle:hdl:21.11113/0000-0016-CEA8-3,https://creativecommons.org/licenses/by-nc-sa/4.0/,Distributed under a Creative Commons Attribution-NonCommercial-ShareAlike 4.0 International License.,GRETIL project,NONCOMMERCIAL_RESTRICTED,False,https://textgridrep.org/browse/textgrid:49n50.0,Keep restricted; obtain permission or exclude from public/commercial use.
TG-GRE-0586,Nyāyabindu,Dharmakīrti,Darśana Collection,textgrid:49n51.0,textgrid:49n53.0,textgrid:49n52.0,handle:hdl:21.11113/0000-0016-CEAB-0,https://creativecommons.org/licenses/by-nc-sa/4.0/,Distributed under a Creative Commons Attribution-NonCommercial-ShareAlike 4.0 International License.,GRETIL project,NONCOMMERCIAL_RESTRICTED,False,https://textgridrep.org/browse/textgrid:49n53.0,Keep restricted; obtain permission or exclude from public/commercial use.
TG-GRE-0587,Nyāyabinduprakaraṇakārikā,Dharmakīrti,Darśana Collection,textgrid:49n54.0,textgrid:49n56.0,textgrid:49n55.0,handle:hdl:21.11113/0000-0016-CEAE-D,https://creativecommons.org/licenses/by-nc-sa/4.0/,Distributed under a Creative Commons Attribution-NonCommercial-ShareAlike 4.0 International License.,GRETIL project,NONCOMMERCIAL_RESTRICTED,False,https://textgridrep.org/browse/textgrid:49n56.0,Keep restricted; obtain permission or exclude from public/commercial use.
TG-GRE-0588,Pramāṇaviniścaya-fragment,Dharmakīrti,Darśana Collection,textgrid:49n57.0,textgrid:49n59.0,textgrid:49n58.0,handle:hdl:21.11113/0000-0016-CEB1-8,https://creativecommons.org/licenses/by-nc-sa/4.0/,Distributed under a Creative Commons Attribution-NonCommercial-ShareAlike 4.0 International License.,GRETIL project,NONCOMMERCIAL_RESTRICTED,False,https://textgridrep.org/browse/textgrid:49n59.0,Keep restricted; obtain permission or exclude from public/commercial use.
TG-GRE-0589,Saṃbandhaparīkṣā with Prabhacandra's commentary.,Dharmakīrti,Darśana Collection,textgrid:49n5b.0,textgrid:49n5d.0,textgrid:49n5c.0,handle:hdl:21.11113/0000-0016-CEB4-5,https://creativecommons.org/licenses/by-nc-sa/4.0/,Distributed under a Creative Commons Attribution-NonCommercial-ShareAlike 4.0 International License.,GRETIL project,NONCOMMERCIAL_RESTRICTED,False,https://textgridrep.org/browse/textgrid:49n5d.0,Keep restricted; obtain permission or exclude from public/commercial use.
TG-GRE-0590,Saṃtānāntarasiddhi,Dharmakīrti,Darśana Collection,textgrid:49n5f.0,textgrid:49n5h.0,textgrid:49n5g.0,handle:hdl:21.11113/0000-0016-CEB7-2,https://creativecommons.org/licenses/by-nc-sa/4.0/,Distributed under a Creative Commons Attribution-NonCommercial-ShareAlike 4.0 International License.,GRETIL project,NONCOMMERCIAL_RESTRICTED,False,https://textgridrep.org/browse/textgrid:49n5h.0,Keep restricted; obtain permission or exclude from public/commercial use.
TG-GRE-0591,Subandhaparīkṣā 1-25,Dharmakīrti,Darśana Collection,textgrid:49n5j.0,textgrid:49n5m.0,textgrid:49n5k.0,handle:hdl:21.11113/0000-0016-CEBA-F,https://creativecommons.org/licenses/by-nc-sa/4.0/,Distributed under a Creative Commons Attribution-NonCommercial-ShareAlike 4.0 International License.,GRETIL project,NONCOMMERCIAL_RESTRICTED,False,https://textgridrep.org/browse/textgrid:49n5m.0,Keep restricted; obtain permission or exclude from public/commercial use.
TG-GRE-0592,Dhvajāgrakeyūrādhāriṇī,,Darśana Collection,textgrid:49n5n.0,textgrid:49n5q.0,textgrid:49n5p.0,handle:hdl:21.11113/0000-0016-CEBD-C,https://creativecommons.org/licenses/by-nc-sa/4.0/,Distributed under a Creative Commons Attribution-NonCommercial-ShareAlike 4.0 International License.,GRETIL project,NONCOMMERCIAL_RESTRICTED,False,https://textgridrep.org/browse/textgrid:49n5q.0,Keep restricted; obtain permission or exclude from public/commercial use.
TG-GRE-0593,Dhvajāgrakeyūrādhāriṇī,,Darśana Collection,textgrid:49n5r.0,textgrid:49n5t.0,textgrid:49n5s.0,handle:hdl:21.11113/0000-0016-CEC0-7,https://creativecommons.org/licenses/by-nc-sa/4.0/,Distributed under a Creative Commons Attribution-NonCommercial-ShareAlike 4.0 International License.,GRETIL project,NONCOMMERCIAL_RESTRICTED,False,https://textgridrep.org/browse/textgrid:49n5t.0,Keep restricted; obtain permission or exclude from public/commercial use.
TG-GRE-0594,Dhvajāgrasūtra,,Darśana Collection,textgrid:49n5v.0,textgrid:49n5x.0,textgrid:49n5w.0,handle:hdl:21.11113/0000-0016-CEC3-4,https://creativecommons.org/licenses/by-nc-sa/4.0/,Distributed under a Creative Commons Attribution-NonCommercial-ShareAlike 4.0 International License.,GRETIL project,NONCOMMERCIAL_RESTRICTED,False,https://textgridrep.org/browse/textgrid:49n5x.0,Keep restricted; obtain permission or exclude from public/commercial use.
TG-GRE-0595,Prajñāpāramitāpiṇḍārtha,Dignāga,Darśana Collection,textgrid:49n5z.0,textgrid:49n61.0,textgrid:49n60.0,handle:hdl:21.11113/0000-0016-CEC6-1,https://creativecommons.org/licenses/by-nc-sa/4.0/,Distributed under a Creative Commons Attribution-NonCommercial-ShareAlike 4.0 International License.,GRETIL project,NONCOMMERCIAL_RESTRICTED,False,https://textgridrep.org/browse/textgrid:49n61.0,Keep restricted; obtain permission or exclude from public/commercial use.
TG-GRE-0596,Yogāvatāra,Dignāga,Darśana Collection,textgrid:49n62.0,textgrid:49n64.0,textgrid:49n63.0,handle:hdl:21.11113/0000-0016-CEC9-E,https://creativecommons.org/licenses/by-nc-sa/4.0/,Distributed under a Creative Commons Attribution-NonCommercial-ShareAlike 4.0 International License.,GRETIL project,NONCOMMERCIAL_RESTRICTED,False,https://textgridrep.org/browse/textgrid:49n64.0,Keep restricted; obtain permission or exclude from public/commercial use.
TG-GRE-0597,"Sāṃkhyatattvavivecana a commentary on the Tattvasamāsa, an abstract of Sāṃkhya philosophy in (23-) 25 sūtras.",Ṣimānanda,Darśana Collection,textgrid:49n65.0,textgrid:49n67.0,textgrid:49n66.0,handle:hdl:21.11113/0000-0016-CECC-B,https://creativecommons.org/licenses/by-nc-sa/4.0/,Distributed under a Creative Commons Attribution-NonCommercial-ShareAlike 4.0 International License.,GRETIL project,NONCOMMERCIAL_RESTRICTED,False,https://textgridrep.org/browse/textgrid:49n67.0,Keep restricted; obtain permission or exclude from public/commercial use.
TG-GRE-0598,Caryāsaṃgrahapradīpa,Dīpaṃkara,Darśana Collection,textgrid:49n68.0,textgrid:49n6b.0,textgrid:49n69.0,handle:hdl:21.11113/0000-0016-CECF-8,https://creativecommons.org/licenses/by-nc-sa/4.0/,Distributed under a Creative Commons Attribution-NonCommercial-ShareAlike 4.0 International License.,GRETIL project,NONCOMMERCIAL_RESTRICTED,False,https://textgridrep.org/browse/textgrid:49n6b.0,Keep restricted; obtain permission or exclude from public/commercial use.
TG-GRE-0599,Satyadvayāvatāranāma,Dīpaṃkara,Darśana Collection,textgrid:49n6c.0,textgrid:49n6f.0,textgrid:49n6d.0,handle:hdl:21.11113/0000-0016-CED2-3,https://creativecommons.org/licenses/by-nc-sa/4.0/,Distributed under a Creative Commons Attribution-NonCommercial-ShareAlike 4.0 International License.,GRETIL project,NONCOMMERCIAL_RESTRICTED,False,https://textgridrep.org/browse/textgrid:49n6f.0,Keep restricted; obtain permission or exclude from public/commercial use.
TG-GRE-0600,Āpattideśanāvidhi,Dīpaṃkaraśrījñāna [= Atīśa],Darśana Collection,textgrid:49n6g.0,textgrid:49n6j.0,textgrid:49n6h.0,handle:hdl:21.11113/0000-0016-CED5-0,https://creativecommons.org/licenses/by-nc-sa/4.0/,Distributed under a Creative Commons Attribution-NonCommercial-ShareAlike 4.0 International License.,GRETIL project,NONCOMMERCIAL_RESTRICTED,False,https://textgridrep.org/browse/textgrid:49n6j.0,Keep restricted; obtain permission or exclude from public/commercial use.
TG-GRE-0601,Bodhisattvādikarmikamārgāvatāradeśanā,Dīpaṃkaraśrījñāna [= Atīśa],Darśana Collection,textgrid:49n6k.0,textgrid:49n6n.0,textgrid:49n6m.0,handle:hdl:21.11113/0000-0016-CED8-D,https://creativecommons.org/licenses/by-nc-sa/4.0/,Distributed under a Creative Commons Attribution-NonCommercial-ShareAlike 4.0 International License.,GRETIL project,NONCOMMERCIAL_RESTRICTED,False,https://textgridrep.org/browse/textgrid:49n6n.0,Keep restricted; obtain permission or exclude from public/commercial use.
TG-GRE-0602,Cittotpādasaṃvaravidhikrama,Dīpaṃkaraśrījñāna [= Atīśa],Darśana Collection,textgrid:49n6p.0,textgrid:49n6r.0,textgrid:49n6q.0,handle:hdl:21.11113/0000-0016-CEDB-A,https://creativecommons.org/licenses/by-nc-sa/4.0/,Distributed under a Creative Commons Attribution-NonCommercial-ShareAlike 4.0 International License.,GRETIL project,NONCOMMERCIAL_RESTRICTED,False,https://textgridrep.org/browse/textgrid:49n6r.0,Keep restricted; obtain permission or exclude from public/commercial use.
TG-GRE-0603,Daśākuśalakarmapathadeśanā,Dīpaṃkaraśrījñāna [= Atīśa],Darśana Collection,textgrid:49n6s.0,textgrid:49n6v.0,textgrid:49n6t.0,handle:hdl:21.11113/0000-0016-CEDE-7,https://creativecommons.org/licenses/by-nc-sa/4.0/,Distributed under a Creative Commons Attribution-NonCommercial-ShareAlike 4.0 International License.,GRETIL project,NONCOMMERCIAL_RESTRICTED,False,https://textgridrep.org/browse/textgrid:49n6v.0,Keep restricted; obtain permission or exclude from public/commercial use.
TG-GRE-0604,Gurukriyākrama,Dīpaṃkaraśrījñāna [= Atīśa],Darśana Collection,textgrid:49n6w.0,textgrid:49n6z.0,textgrid:49n6x.0,handle:hdl:21.11113/0000-0016-CEE1-2,https://creativecommons.org/licenses/by-nc-sa/4.0/,Distributed under a Creative Commons Attribution-NonCommercial-ShareAlike 4.0 International License.,GRETIL project,NONCOMMERCIAL_RESTRICTED,False,https://textgridrep.org/browse/textgrid:49n6z.0,Keep restricted; obtain permission or exclude from public/commercial use.
TG-GRE-0605,Mahāyānapathasādhanasaṃgraha,Dīpaṃkaraśrījñāna [= Atīśa],Darśana Collection,textgrid:49n70.0,textgrid:49n72.0,textgrid:49n71.0,handle:hdl:21.11113/0000-0016-CEE4-F,https://creativecommons.org/licenses/by-nc-sa/4.0/,Distributed under a Creative Commons Attribution-NonCommercial-ShareAlike 4.0 International License.,GRETIL project,NONCOMMERCIAL_RESTRICTED,False,https://textgridrep.org/browse/textgrid:49n72.0,Keep restricted; obtain permission or exclude from public/commercial use.
TG-GRE-0606,Samādhisaṃbhāraparivarta,Dīpaṃkaraśrījñāna [= Atīśa],Darśana Collection,textgrid:49n73.0,textgrid:49n75.0,textgrid:49n74.0,handle:hdl:21.11113/0000-0016-CEE7-C,https://creativecommons.org/licenses/by-nc-sa/4.0/,Distributed under a Creative Commons Attribution-NonCommercial-ShareAlike 4.0 International License.,GRETIL project,NONCOMMERCIAL_RESTRICTED,False,https://textgridrep.org/browse/textgrid:49n75.0,Keep restricted; obtain permission or exclude from public/commercial use.
TG-GRE-0607,Sūtrārthasamuccayopadeśa,Dīpaṃkaraśrījñāna [= Atīśa],Darśana Collection,textgrid:49n76.0,textgrid:49n78.0,textgrid:49n77.0,handle:hdl:21.11113/0000-0016-CEEA-9,https://creativecommons.org/licenses/by-nc-sa/4.0/,Distributed under a Creative Commons Attribution-NonCommercial-ShareAlike 4.0 International License.,GRETIL project,NONCOMMERCIAL_RESTRICTED,False,https://textgridrep.org/browse/textgrid:49n78.0,Keep restricted; obtain permission or exclude from public/commercial use.
TG-GRE-0608,Śaraṇagamanadeśanā,Dīpaṃkaraśrījñāna [= Atīśa],Darśana Collection,textgrid:49n79.0,textgrid:49n7c.0,textgrid:49n7b.0,handle:hdl:21.11113/0000-0016-CEED-6,https://creativecommons.org/licenses/by-nc-sa/4.0/,Distributed under a Creative Commons Attribution-NonCommercial-ShareAlike 4.0 International License.,GRETIL project,NONCOMMERCIAL_RESTRICTED,False,https://textgridrep.org/browse/textgrid:49n7c.0,Keep restricted; obtain permission or exclude from public/commercial use.
TG-GRE-0609,Sukhāvatīvyūha,,Darśana Collection,textgrid:49n7d.0,textgrid:49n7g.0,textgrid:49n7f.0,handle:hdl:21.11113/0000-0016-CEF0-1,https://creativecommons.org/licenses/by-nc-sa/4.0/,Distributed under a Creative Commons Attribution-NonCommercial-ShareAlike 4.0 International License.,GRETIL project,NONCOMMERCIAL_RESTRICTED,False,https://textgridrep.org/browse/textgrid:49n7g.0,Keep restricted; obtain permission or exclude from public/commercial use.
TG-GRE-0610,"Sukhāvatīvyūha, vistaramātṛkā",,Darśana Collection,textgrid:49n7h.0,textgrid:49n7k.0,textgrid:49n7j.0,handle:hdl:21.11113/0000-0016-CEF3-E,https://creativecommons.org/licenses/by-nc-sa/4.0/,Distributed under a Creative Commons Attribution-NonCommercial-ShareAlike 4.0 International License.,GRETIL project,NONCOMMERCIAL_RESTRICTED,False,https://textgridrep.org/browse/textgrid:49n7k.0,Keep restricted; obtain permission or exclude from public/commercial use.
TG-GRE-0611,"Vinayasūtra 1, pravrajyāvastu",,Darśana Collection,textgrid:49n7m.0,textgrid:49n7p.0,textgrid:49n7n.0,handle:hdl:21.11113/0000-0016-CEF6-B,https://creativecommons.org/licenses/by-nc-sa/4.0/,Distributed under a Creative Commons Attribution-NonCommercial-ShareAlike 4.0 International License.,GRETIL project,NONCOMMERCIAL_RESTRICTED,False,https://textgridrep.org/browse/textgrid:49n7p.0,Keep restricted; obtain permission or exclude from public/commercial use.
TG-GRE-0612,Sumāgadhāvadāna,,Darśana Collection,textgrid:49n7q.0,textgrid:49n7s.0,textgrid:49n7r.0,handle:hdl:21.11113/0000-0016-CEF9-8,https://creativecommons.org/licenses/by-nc-sa/4.0/,Distributed under a Creative Commons Attribution-NonCommercial-ShareAlike 4.0 International License.,GRETIL project,NONCOMMERCIAL_RESTRICTED,False,https://textgridrep.org/browse/textgrid:49n7s.0,Keep restricted; obtain permission or exclude from public/commercial use.
TG-GRE-0613,Ekādaśamukha,,Darśana Collection,textgrid:49n7t.0,textgrid:49n7w.0,textgrid:49n7v.0,handle:hdl:21.11113/0000-0016-CEFC-5,https://creativecommons.org/licenses/by-nc-sa/4.0/,Distributed under a Creative Commons Attribution-NonCommercial-ShareAlike 4.0 International License.,GRETIL project,NONCOMMERCIAL_RESTRICTED,False,https://textgridrep.org/browse/textgrid:49n7w.0,Keep restricted; obtain permission or exclude from public/commercial use.
TG-GRE-0614,Ekādaśamukhahṛdaya,,Darśana Collection,textgrid:49n7x.0,textgrid:49n80.0,textgrid:49n7z.0,handle:hdl:21.11113/0000-0016-CEFF-2,https://creativecommons.org/licenses/by-nc-sa/4.0/,Distributed under a Creative Commons Attribution-NonCommercial-ShareAlike 4.0 International License.,GRETIL project,NONCOMMERCIAL_RESTRICTED,False,https://textgridrep.org/browse/textgrid:49n80.0,Keep restricted; obtain permission or exclude from public/commercial use.
TG-GRE-0615,Haṭhayogapradīpikā,Svātmārāma,Darśana Collection,textgrid:49n81.0,textgrid:49n83.0,textgrid:49n82.0,handle:hdl:21.11113/0000-0016-CF02-D,https://creativecommons.org/licenses/by-nc-sa/4.0/,Distributed under a Creative Commons Attribution-NonCommercial-ShareAlike 4.0 International License.,GRETIL project,NONCOMMERCIAL_RESTRICTED,False,https://textgridrep.org/browse/textgrid:49n83.0,Keep restricted; obtain permission or exclude from public/commercial use.
TG-GRE-0616,Tarkabhāṣā,,Darśana Collection,textgrid:49n84.0,textgrid:49n86.0,textgrid:49n85.0,handle:hdl:21.11113/0000-0016-CF05-A,https://creativecommons.org/licenses/by-nc-sa/4.0/,Distributed under a Creative Commons Attribution-NonCommercial-ShareAlike 4.0 International License.,GRETIL project,NONCOMMERCIAL_RESTRICTED,False,https://textgridrep.org/browse/textgrid:49n86.0,Keep restricted; obtain permission or exclude from public/commercial use.
TG-GRE-0617,Tarkaśāstra (reconstructed text),,Darśana Collection,textgrid:49n87.0,textgrid:49n89.0,textgrid:49n88.0,handle:hdl:21.11113/0000-0016-CF08-7,https://creativecommons.org/licenses/by-nc-sa/4.0/,Distributed under a Creative Commons Attribution-NonCommercial-ShareAlike 4.0 International License.,GRETIL project,NONCOMMERCIAL_RESTRICTED,False,https://textgridrep.org/browse/textgrid:49n89.0,Keep restricted; obtain permission or exclude from public/commercial use.
TG-GRE-0618,Saṃvitsiddhi,Yāmuna,Darśana Collection,textgrid:49n8b.0,textgrid:49n8d.0,textgrid:49n8c.0,handle:hdl:21.11113/0000-0016-CF0B-4,https://creativecommons.org/licenses/by-nc-sa/4.0/,Distributed under a Creative Commons Attribution-NonCommercial-ShareAlike 4.0 International License.,GRETIL project,NONCOMMERCIAL_RESTRICTED,False,https://textgridrep.org/browse/textgrid:49n8d.0,Keep restricted; obtain permission or exclude from public/commercial use.
TG-GRE-0619,Saṃvitsiddhi,Yāmuna,Darśana Collection,textgrid:49n8f.0,textgrid:49n8h.0,textgrid:49n8g.0,handle:hdl:21.11113/0000-0016-CF0E-1,https://creativecommons.org/licenses/by-nc-sa/4.0/,Distributed under a Creative Commons Attribution-NonCommercial-ShareAlike 4.0 International License.,GRETIL project,NONCOMMERCIAL_RESTRICTED,False,https://textgridrep.org/browse/textgrid:49n8h.0,Keep restricted; obtain permission or exclude from public/commercial use.
TG-GRE-0620,Gaṇapatihṛdaydhāraṇī,,Darśana Collection,textgrid:49n8j.0,textgrid:49n8m.0,textgrid:49n8k.0,handle:hdl:21.11113/0000-0016-CF11-C,https://creativecommons.org/licenses/by-nc-sa/4.0/,Distributed under a Creative Commons Attribution-NonCommercial-ShareAlike 4.0 International License.,GRETIL project,NONCOMMERCIAL_RESTRICTED,False,https://textgridrep.org/browse/textgrid:49n8m.0,Keep restricted; obtain permission or exclude from public/commercial use.
TG-GRE-0621,Udānavarga,,Darśana Collection,textgrid:49n8n.0,textgrid:49n8q.0,textgrid:49n8p.0,handle:hdl:21.11113/0000-0016-CF14-9,https://creativecommons.org/licenses/by-nc-sa/4.0/,Distributed under a Creative Commons Attribution-NonCommercial-ShareAlike 4.0 International License.,GRETIL project,NONCOMMERCIAL_RESTRICTED,False,https://textgridrep.org/browse/textgrid:49n8q.0,Keep restricted; obtain permission or exclude from public/commercial use.
TG-GRE-0622,Saṃvitsiddhi,Yāmuna,Darśana Collection,textgrid:49n8r.0,textgrid:49n8t.0,textgrid:49n8s.0,handle:hdl:21.11113/0000-0016-CF17-6,https://creativecommons.org/licenses/by-nc-sa/4.0/,Distributed under a Creative Commons Attribution-NonCommercial-ShareAlike 4.0 International License.,GRETIL project,NONCOMMERCIAL_RESTRICTED,False,https://textgridrep.org/browse/textgrid:49n8t.0,Keep restricted; obtain permission or exclude from public/commercial use.
TG-GRE-0623,Maitreyavyākaraṇa,,Darśana Collection,textgrid:49n8v.0,textgrid:49n8x.0,textgrid:49n8w.0,handle:hdl:21.11113/0000-0016-CF1A-3,https://creativecommons.org/licenses/by-nc-sa/4.0/,Distributed under a Creative Commons Attribution-NonCommercial-ShareAlike 4.0 International License.,GRETIL project,NONCOMMERCIAL_RESTRICTED,False,https://textgridrep.org/browse/textgrid:49n8x.0,Keep restricted; obtain permission or exclude from public/commercial use.
TG-GRE-0624,Garbhasaṃgrahaḥ,,Darśana Collection,textgrid:49n8z.0,textgrid:49n91.0,textgrid:49n90.0,handle:hdl:21.11113/0000-0016-CF1D-0,https://creativecommons.org/licenses/by-nc-sa/4.0/,Distributed under a Creative Commons Attribution-NonCommercial-ShareAlike 4.0 International License.,GRETIL project,NONCOMMERCIAL_RESTRICTED,False,https://textgridrep.org/browse/textgrid:49n91.0,Keep restricted; obtain permission or exclude from public/commercial use.
TG-GRE-0625,Mañjuśrīnāmasaṃgīti,,Darśana Collection,textgrid:49n92.0,textgrid:49n94.0,textgrid:49n93.0,handle:hdl:21.11113/0000-0016-CF20-B,https://creativecommons.org/licenses/by-nc-sa/4.0/,Distributed under a Creative Commons Attribution-NonCommercial-ShareAlike 4.0 International License.,GRETIL project,NONCOMMERCIAL_RESTRICTED,False,https://textgridrep.org/browse/textgrid:49n94.0,Keep restricted; obtain permission or exclude from public/commercial use.
TG-GRE-0626,Nyāyasūtra,Gautama,Darśana Collection,textgrid:49n95.0,textgrid:49n97.0,textgrid:49n96.0,handle:hdl:21.11113/0000-0016-CF23-8,https://creativecommons.org/licenses/by-nc-sa/4.0/,Distributed under a Creative Commons Attribution-NonCommercial-ShareAlike 4.0 International License.,GRETIL project,NONCOMMERCIAL_RESTRICTED,False,https://textgridrep.org/browse/textgrid:49n97.0,Keep restricted; obtain permission or exclude from public/commercial use.
TG-GRE-0627,Grahamātṛkādhāraṇī,,Darśana Collection,textgrid:49n98.0,textgrid:49n9b.0,textgrid:49n99.0,handle:hdl:21.11113/0000-0016-CF26-5,https://creativecommons.org/licenses/by-nc-sa/4.0/,Distributed under a Creative Commons Attribution-NonCommercial-ShareAlike 4.0 International License.,GRETIL project,NONCOMMERCIAL_RESTRICTED,False,https://textgridrep.org/browse/textgrid:49n9b.0,Keep restricted; obtain permission or exclude from public/commercial use.
TG-GRE-0628,Bodhipathapradīpa,Atiśa,Darśana Collection,textgrid:49n9c.0,textgrid:49n9f.0,textgrid:49n9d.0,handle:hdl:21.11113/0000-0016-CF29-2,https://creativecommons.org/licenses/by-nc-sa/4.0/,Distributed under a Creative Commons Attribution-NonCommercial-ShareAlike 4.0 International License.,GRETIL project,NONCOMMERCIAL_RESTRICTED,False,https://textgridrep.org/browse/textgrid:49n9f.0,Keep restricted; obtain permission or exclude from public/commercial use.
TG-GRE-0629,Bhagavadbhaktistotra,Avadhūtasiddha,Darśana Collection,textgrid:49n9g.0,textgrid:49n9j.0,textgrid:49n9h.0,handle:hdl:21.11113/0000-0016-CF2C-F,https://creativecommons.org/licenses/by-nc-sa/4.0/,Distributed under a Creative Commons Attribution-NonCommercial-ShareAlike 4.0 International License.,GRETIL project,NONCOMMERCIAL_RESTRICTED,False,https://textgridrep.org/browse/textgrid:49n9j.0,Keep restricted; obtain permission or exclude from public/commercial use.
TG-GRE-0630,Āyuḥparyantasūtra,,Darśana Collection,textgrid:49n9k.0,textgrid:49n9n.0,textgrid:49n9m.0,handle:hdl:21.11113/0000-0016-CF2F-C,https://creativecommons.org/licenses/by-nc-sa/4.0/,Distributed under a Creative Commons Attribution-NonCommercial-ShareAlike 4.0 International License.,GRETIL project,NONCOMMERCIAL_RESTRICTED,False,https://textgridrep.org/browse/textgrid:49n9n.0,Keep restricted; obtain permission or exclude from public/commercial use.
TG-GRE-0631,Gurupañcāśikā,Aśvaghoṣa,Darśana Collection,textgrid:49n9p.0,textgrid:49n9r.0,textgrid:49n9q.0,handle:hdl:21.11113/0000-0016-CF32-7,https://creativecommons.org/licenses/by-nc-sa/4.0/,Distributed under a Creative Commons Attribution-NonCommercial-ShareAlike 4.0 International License.,GRETIL project,NONCOMMERCIAL_RESTRICTED,False,https://textgridrep.org/browse/textgrid:49n9r.0,Keep restricted; obtain permission or exclude from public/commercial use.
TG-GRE-0632,Vajrasūcī,Aśvaghoṣa (attrib.),Darśana Collection,textgrid:49n9s.0,textgrid:49n9v.0,textgrid:49n9t.0,handle:hdl:21.11113/0000-0016-CF35-4,https://creativecommons.org/licenses/by-nc-sa/4.0/,Distributed under a Creative Commons Attribution-NonCommercial-ShareAlike 4.0 International License.,GRETIL project,NONCOMMERCIAL_RESTRICTED,False,https://textgridrep.org/browse/textgrid:49n9v.0,Keep restricted; obtain permission or exclude from public/commercial use.
TG-GRE-0633,Brahmasūtra,Bādarāyaṇa,Darśana Collection,textgrid:49n9w.0,textgrid:49n9z.0,textgrid:49n9x.0,handle:hdl:21.11113/0000-0016-CF38-1,https://creativecommons.org/licenses/by-nc-sa/4.0/,Distributed under a Creative Commons Attribution-NonCommercial-ShareAlike 4.0 International License.,GRETIL project,NONCOMMERCIAL_RESTRICTED,False,https://textgridrep.org/browse/textgrid:49n9z.0,Keep restricted; obtain permission or exclude from public/commercial use.
TG-GRE-0634,Brahmasūtra text extracted from Śaṃkara's Śārīrakamīmāṃsābhāṣya,Bādarāyaṇa,Darśana Collection,textgrid:49nb0.0,textgrid:49nb2.0,textgrid:49nb1.0,handle:hdl:21.11113/0000-0016-CF3B-E,https://creativecommons.org/licenses/by-nc-sa/4.0/,Distributed under a Creative Commons Attribution-NonCommercial-ShareAlike 4.0 International License.,GRETIL project,NONCOMMERCIAL_RESTRICTED,False,https://textgridrep.org/browse/textgrid:49nb2.0,Keep restricted; obtain permission or exclude from public/commercial use.
TG-GRE-0635,Madhyamakaśāstra,Nāgārjuna,Darśana Collection,textgrid:49nb3.0,textgrid:49nb5.0,textgrid:49nb4.0,handle:hdl:21.11113/0000-0016-CF3E-B,https://creativecommons.org/licenses/by-nc-sa/4.0/,Distributed under a Creative Commons Attribution-NonCommercial-ShareAlike 4.0 International License.,GRETIL project,NONCOMMERCIAL_RESTRICTED,False,https://textgridrep.org/browse/textgrid:49nb5.0,Keep restricted; obtain permission or exclude from public/commercial use.
TG-GRE-0636,Mūlamadhyamakakārikā,Nāgārjuna,Darśana Collection,textgrid:49nb6.0,textgrid:49nb8.0,textgrid:49nb7.0,handle:hdl:21.11113/0000-0016-CF41-6,https://creativecommons.org/licenses/by-nc-sa/4.0/,Distributed under a Creative Commons Attribution-NonCommercial-ShareAlike 4.0 International License.,GRETIL project,NONCOMMERCIAL_RESTRICTED,False,https://textgridrep.org/browse/textgrid:49nb8.0,Keep restricted; obtain permission or exclude from public/commercial use.
TG-GRE-0637,Vigrahavyāvartanī,Nāgārjuna,Darśana Collection,textgrid:49nb9.0,textgrid:49nbc.0,textgrid:49nbb.0,handle:hdl:21.11113/0000-0016-CF44-3,https://creativecommons.org/licenses/by-nc-sa/4.0/,Distributed under a Creative Commons Attribution-NonCommercial-ShareAlike 4.0 International License.,GRETIL project,NONCOMMERCIAL_RESTRICTED,False,https://textgridrep.org/browse/textgrid:49nbc.0,Keep restricted; obtain permission or exclude from public/commercial use.
TG-GRE-0638,Śālistambakamahāyānasūtraṭīkā,Nāgārjuna,Darśana Collection,textgrid:49nbd.0,textgrid:49nbg.0,textgrid:49nbf.0,handle:hdl:21.11113/0000-0016-CF47-0,https://creativecommons.org/licenses/by-nc-sa/4.0/,Distributed under a Creative Commons Attribution-NonCommercial-ShareAlike 4.0 International License.,GRETIL project,NONCOMMERCIAL_RESTRICTED,False,https://textgridrep.org/browse/textgrid:49nbg.0,Keep restricted; obtain permission or exclude from public/commercial use.
TG-GRE-0639,Citralakṣaṇam (= NCit),Nagnajit,Darśana Collection,textgrid:49nbh.0,textgrid:49nbk.0,textgrid:49nbj.0,handle:hdl:21.11113/0000-0016-CF4A-D,https://creativecommons.org/licenses/by-nc-sa/4.0/,Distributed under a Creative Commons Attribution-NonCommercial-ShareAlike 4.0 International License.,GRETIL project,NONCOMMERCIAL_RESTRICTED,False,https://textgridrep.org/browse/textgrid:49nbk.0,Keep restricted; obtain permission or exclude from public/commercial use.
TG-GRE-0640,Pāṇḍulohitakavastu,,Darśana Collection,textgrid:49nbm.0,textgrid:49nbp.0,textgrid:49nbn.0,handle:hdl:21.11113/0000-0016-CF4D-A,https://creativecommons.org/licenses/by-nc-sa/4.0/,Distributed under a Creative Commons Attribution-NonCommercial-ShareAlike 4.0 International License.,GRETIL project,NONCOMMERCIAL_RESTRICTED,False,https://textgridrep.org/browse/textgrid:49nbp.0,Keep restricted; obtain permission or exclude from public/commercial use.
TG-GRE-0641,Pravrajyāvastu,,Darśana Collection,textgrid:49nbq.0,textgrid:49nbs.0,textgrid:49nbr.0,handle:hdl:21.11113/0000-0016-CF50-5,https://creativecommons.org/licenses/by-nc-sa/4.0/,Distributed under a Creative Commons Attribution-NonCommercial-ShareAlike 4.0 International License.,GRETIL project,NONCOMMERCIAL_RESTRICTED,False,https://textgridrep.org/browse/textgrid:49nbs.0,Keep restricted; obtain permission or exclude from public/commercial use.
TG-GRE-0642,Bhaiṣajyaguruvaidūryaprabharājasūtra,,Darśana Collection,textgrid:49nbt.0,textgrid:49nbw.0,textgrid:49nbv.0,handle:hdl:21.11113/0000-0016-CF53-2,https://creativecommons.org/licenses/by-nc-sa/4.0/,Distributed under a Creative Commons Attribution-NonCommercial-ShareAlike 4.0 International License.,GRETIL project,NONCOMMERCIAL_RESTRICTED,False,https://textgridrep.org/browse/textgrid:49nbw.0,Keep restricted; obtain permission or exclude from public/commercial use.
TG-GRE-0643,Ratnagotravibhāga,,Darśana Collection,textgrid:49nbx.0,textgrid:49nc0.0,textgrid:49nbz.0,handle:hdl:21.11113/0000-0016-CF56-F,https://creativecommons.org/licenses/by-nc-sa/4.0/,Distributed under a Creative Commons Attribution-NonCommercial-ShareAlike 4.0 International License.,GRETIL project,NONCOMMERCIAL_RESTRICTED,False,https://textgridrep.org/browse/textgrid:49nc0.0,Keep restricted; obtain permission or exclude from public/commercial use.
TG-GRE-0644,Bhavasaṃkrāntisūtra,,Darśana Collection,textgrid:49nc1.0,textgrid:49nc3.0,textgrid:49nc2.0,handle:hdl:21.11113/0000-0016-CF59-C,https://creativecommons.org/licenses/by-nc-sa/4.0/,Distributed under a Creative Commons Attribution-NonCommercial-ShareAlike 4.0 International License.,GRETIL project,NONCOMMERCIAL_RESTRICTED,False,https://textgridrep.org/browse/textgrid:49nc3.0,Keep restricted; obtain permission or exclude from public/commercial use.
TG-GRE-0645,Bhikṣukarmavākya,,Darśana Collection,textgrid:49nc4.0,textgrid:49nc6.0,textgrid:49nc5.0,handle:hdl:21.11113/0000-0016-CF5C-9,https://creativecommons.org/licenses/by-nc-sa/4.0/,Distributed under a Creative Commons Attribution-NonCommercial-ShareAlike 4.0 International License.,GRETIL project,NONCOMMERCIAL_RESTRICTED,False,https://textgridrep.org/browse/textgrid:49nc6.0,Keep restricted; obtain permission or exclude from public/commercial use.
TG-GRE-0646,Svabodhasiddhi,Bhūti(rāja),Darśana Collection,textgrid:49nc7.0,textgrid:49nc9.0,textgrid:49nc8.0,handle:hdl:21.11113/0000-0016-CF5F-6,https://creativecommons.org/licenses/by-nc-sa/4.0/,Distributed under a Creative Commons Attribution-NonCommercial-ShareAlike 4.0 International License.,GRETIL project,NONCOMMERCIAL_RESTRICTED,False,https://textgridrep.org/browse/textgrid:49nc9.0,Keep restricted; obtain permission or exclude from public/commercial use.
TG-GRE-0647,Bodhisattvaprātimokṣasūtra,,Darśana Collection,textgrid:49ncb.0,textgrid:49ncd.0,textgrid:49ncc.0,handle:hdl:21.11113/0000-0016-CF62-1,https://creativecommons.org/licenses/by-nc-sa/4.0/,Distributed under a Creative Commons Attribution-NonCommercial-ShareAlike 4.0 International License.,GRETIL project,NONCOMMERCIAL_RESTRICTED,False,https://textgridrep.org/browse/textgrid:49ncd.0,Keep restricted; obtain permission or exclude from public/commercial use.
TG-GRE-0648,Buddhabalādhānaprātihāryavikurvāṇanirdeśasūtra,,Darśana Collection,textgrid:49ncf.0,textgrid:49nch.0,textgrid:49ncg.0,handle:hdl:21.11113/0000-0016-CF65-E,https://creativecommons.org/licenses/by-nc-sa/4.0/,Distributed under a Creative Commons Attribution-NonCommercial-ShareAlike 4.0 International License.,GRETIL project,NONCOMMERCIAL_RESTRICTED,False,https://textgridrep.org/browse/textgrid:49nch.0,Keep restricted; obtain permission or exclude from public/commercial use.
TG-GRE-0649,Vādarahasya also known as Udayananirākaraṇa,Ratnakīrti,Darśana Collection,textgrid:49ncj.0,textgrid:49ncm.0,textgrid:49nck.0,handle:hdl:21.11113/0000-0016-CF68-B,https://creativecommons.org/licenses/by-nc-sa/4.0/,Distributed under a Creative Commons Attribution-NonCommercial-ShareAlike 4.0 International License.,GRETIL project,NONCOMMERCIAL_RESTRICTED,False,https://textgridrep.org/browse/textgrid:49ncm.0,Keep restricted; obtain permission or exclude from public/commercial use.
TG-GRE-0650,Śiṣyalekha,Candragomin,Darśana Collection,textgrid:49ncn.0,textgrid:49ncq.0,textgrid:49ncp.0,handle:hdl:21.11113/0000-0016-CF6B-8,https://creativecommons.org/licenses/by-nc-sa/4.0/,Distributed under a Creative Commons Attribution-NonCommercial-ShareAlike 4.0 International License.,GRETIL project,NONCOMMERCIAL_RESTRICTED,False,https://textgridrep.org/browse/textgrid:49ncq.0,Keep restricted; obtain permission or exclude from public/commercial use.
TG-GRE-0651,Buddhist stotras,,Darśana Collection,textgrid:49ncr.0,textgrid:49nct.0,textgrid:49ncs.0,handle:hdl:21.11113/0000-0016-CF6E-5,https://creativecommons.org/licenses/by-nc-sa/4.0/,Distributed under a Creative Commons Attribution-NonCommercial-ShareAlike 4.0 International License.,GRETIL project,NONCOMMERCIAL_RESTRICTED,False,https://textgridrep.org/browse/textgrid:49nct.0,Keep restricted; obtain permission or exclude from public/commercial use.
TG-GRE-0652,Candrasūtra,,Darśana Collection,textgrid:49ncv.0,textgrid:49ncx.0,textgrid:49ncw.0,handle:hdl:21.11113/0000-0016-CF71-0,https://creativecommons.org/licenses/by-nc-sa/4.0/,Distributed under a Creative Commons Attribution-NonCommercial-ShareAlike 4.0 International License.,GRETIL project,NONCOMMERCIAL_RESTRICTED,False,https://textgridrep.org/browse/textgrid:49ncx.0,Keep restricted; obtain permission or exclude from public/commercial use.
TG-GRE-0653,Niṣpaṇṇayogāvali,Abhayākaragupta,Darśana Collection,textgrid:49ncz.0,textgrid:49nd1.0,textgrid:49nd0.0,handle:hdl:21.11113/0000-0016-CF74-D,https://creativecommons.org/licenses/by-nc-sa/4.0/,Distributed under a Creative Commons Attribution-NonCommercial-ShareAlike 4.0 International License.,GRETIL project,NONCOMMERCIAL_RESTRICTED,False,https://textgridrep.org/browse/textgrid:49nd1.0,Keep restricted; obtain permission or exclude from public/commercial use.
TG-GRE-0654,Anuttarāṣṭikā,Abhinavagupta,Darśana Collection,textgrid:49nd2.0,textgrid:49nd4.0,textgrid:49nd3.0,handle:hdl:21.11113/0000-0016-CF77-A,https://creativecommons.org/licenses/by-nc-sa/4.0/,Distributed under a Creative Commons Attribution-NonCommercial-ShareAlike 4.0 International License.,GRETIL project,NONCOMMERCIAL_RESTRICTED,False,https://textgridrep.org/browse/textgrid:49nd4.0,Keep restricted; obtain permission or exclude from public/commercial use.
TG-GRE-0655,Bhairavastava,Abhinavagupta,Darśana Collection,textgrid:49nd5.0,textgrid:49nd7.0,textgrid:49nd6.0,handle:hdl:21.11113/0000-0016-CF7A-7,https://creativecommons.org/licenses/by-nc-sa/4.0/,Distributed under a Creative Commons Attribution-NonCommercial-ShareAlike 4.0 International License.,GRETIL project,NONCOMMERCIAL_RESTRICTED,False,https://textgridrep.org/browse/textgrid:49nd7.0,Keep restricted; obtain permission or exclude from public/commercial use.
TG-GRE-0656,Bodhapañcadaśikā,Abhinavagupta,Darśana Collection,textgrid:49nd8.0,textgrid:49ndb.0,textgrid:49nd9.0,handle:hdl:21.11113/0000-0016-CF7D-4,https://creativecommons.org/licenses/by-nc-sa/4.0/,Distributed under a Creative Commons Attribution-NonCommercial-ShareAlike 4.0 International License.,GRETIL project,NONCOMMERCIAL_RESTRICTED,False,https://textgridrep.org/browse/textgrid:49ndb.0,Keep restricted; obtain permission or exclude from public/commercial use.
TG-GRE-0657,Kramastotra,Abhinavagupta,Darśana Collection,textgrid:49ndc.0,textgrid:49ndf.0,textgrid:49ndd.0,handle:hdl:21.11113/0000-0016-CF80-E,https://creativecommons.org/licenses/by-nc-sa/4.0/,Distributed under a Creative Commons Attribution-NonCommercial-ShareAlike 4.0 International License.,GRETIL project,NONCOMMERCIAL_RESTRICTED,False,https://textgridrep.org/browse/textgrid:49ndf.0,Keep restricted; obtain permission or exclude from public/commercial use.
TG-GRE-0658,Paramārthasāra,Abhinavagupta,Darśana Collection,textgrid:49ndg.0,textgrid:49ndj.0,textgrid:49ndh.0,handle:hdl:21.11113/0000-0016-CF83-B,https://creativecommons.org/licenses/by-nc-sa/4.0/,Distributed under a Creative Commons Attribution-NonCommercial-ShareAlike 4.0 International License.,GRETIL project,NONCOMMERCIAL_RESTRICTED,False,https://textgridrep.org/browse/textgrid:49ndj.0,Keep restricted; obtain permission or exclude from public/commercial use.
TG-GRE-0659,Paryantapañcāśikā,Abhinavagupta,Darśana Collection,textgrid:49ndk.0,textgrid:49ndn.0,textgrid:49ndm.0,handle:hdl:21.11113/0000-0016-CF86-8,https://creativecommons.org/licenses/by-nc-sa/4.0/,Distributed under a Creative Commons Attribution-NonCommercial-ShareAlike 4.0 International License.,GRETIL project,NONCOMMERCIAL_RESTRICTED,False,https://textgridrep.org/browse/textgrid:49ndn.0,Keep restricted; obtain permission or exclude from public/commercial use.
TG-GRE-0660,Abhisamayālaṃkāra,,Darśana Collection,textgrid:49ndp.0,textgrid:49ndr.0,textgrid:49ndq.0,handle:hdl:21.11113/0000-0016-CF89-5,https://creativecommons.org/licenses/by-nc-sa/4.0/,Distributed under a Creative Commons Attribution-NonCommercial-ShareAlike 4.0 International License.,GRETIL project,NONCOMMERCIAL_RESTRICTED,False,https://textgridrep.org/browse/textgrid:49ndr.0,Keep restricted; obtain permission or exclude from public/commercial use.
TG-GRE-0661,Adbhutadharmaparyāya,,Darśana Collection,textgrid:49nds.0,textgrid:49ndv.0,textgrid:49ndt.0,handle:hdl:21.11113/0000-0016-CF8C-2,https://creativecommons.org/licenses/by-nc-sa/4.0/,Distributed under a Creative Commons Attribution-NonCommercial-ShareAlike 4.0 International License.,GRETIL project,NONCOMMERCIAL_RESTRICTED,False,https://textgridrep.org/browse/textgrid:49ndv.0,Keep restricted; obtain permission or exclude from public/commercial use.
TG-GRE-0662,Adhyardhaśatikā prajñāpāramitā,,Darśana Collection,textgrid:49ndw.0,textgrid:49ndz.0,textgrid:49ndx.0,handle:hdl:21.11113/0000-0016-CF8F-F,https://creativecommons.org/licenses/by-nc-sa/4.0/,Distributed under a Creative Commons Attribution-NonCommercial-ShareAlike 4.0 International License.,GRETIL project,NONCOMMERCIAL_RESTRICTED,False,https://textgridrep.org/browse/textgrid:49ndz.0,Keep restricted; obtain permission or exclude from public/commercial use.
TG-GRE-0663,Paramārthasāra,Ādiśeṣa,Darśana Collection,textgrid:49nf0.0,textgrid:49nf2.0,textgrid:49nf1.0,handle:hdl:21.11113/0000-0016-CF92-A,https://creativecommons.org/licenses/by-nc-sa/4.0/,Distributed under a Creative Commons Attribution-NonCommercial-ShareAlike 4.0 International License.,GRETIL project,NONCOMMERCIAL_RESTRICTED,False,https://textgridrep.org/browse/textgrid:49nf2.0,Keep restricted; obtain permission or exclude from public/commercial use.
TG-GRE-0664,Advayaśatikā prajñāpāramitā,,Darśana Collection,textgrid:49nf3.0,textgrid:49nf5.0,textgrid:49nf4.0,handle:hdl:21.11113/0000-0016-CF95-7,https://creativecommons.org/licenses/by-nc-sa/4.0/,Distributed under a Creative Commons Attribution-NonCommercial-ShareAlike 4.0 International License.,GRETIL project,NONCOMMERCIAL_RESTRICTED,False,https://textgridrep.org/browse/textgrid:49nf5.0,Keep restricted; obtain permission or exclude from public/commercial use.
TG-GRE-0665,Anuttaraprakāśapañcāśikā,Ādyanātha,Darśana Collection,textgrid:49nf6.0,textgrid:49nf8.0,textgrid:49nf7.0,handle:hdl:21.11113/0000-0016-CF98-4,https://creativecommons.org/licenses/by-nc-sa/4.0/,Distributed under a Creative Commons Attribution-NonCommercial-ShareAlike 4.0 International License.,GRETIL project,NONCOMMERCIAL_RESTRICTED,False,https://textgridrep.org/browse/textgrid:49nf8.0,Keep restricted; obtain permission or exclude from public/commercial use.
TG-GRE-0666,Ahoratravratakathā,,Darśana Collection,textgrid:49nf9.0,textgrid:49nfc.0,textgrid:49nfb.0,handle:hdl:21.11113/0000-0016-CF9B-1,https://creativecommons.org/licenses/by-nc-sa/4.0/,Distributed under a Creative Commons Attribution-NonCommercial-ShareAlike 4.0 International License.,GRETIL project,NONCOMMERCIAL_RESTRICTED,False,https://textgridrep.org/browse/textgrid:49nfc.0,Keep restricted; obtain permission or exclude from public/commercial use.
TG-GRE-0667,Ahoratravratakathā-prose,,Darśana Collection,textgrid:49nfd.0,textgrid:49nfg.0,textgrid:49nff.0,handle:hdl:21.11113/0000-0016-CF9E-E,https://creativecommons.org/licenses/by-nc-sa/4.0/,Distributed under a Creative Commons Attribution-NonCommercial-ShareAlike 4.0 International License.,GRETIL project,NONCOMMERCIAL_RESTRICTED,False,https://textgridrep.org/browse/textgrid:49nfg.0,Keep restricted; obtain permission or exclude from public/commercial use.
TG-GRE-0668,Ajitasenavyākaraṇa,,Darśana Collection,textgrid:49nfh.0,textgrid:49nfk.0,textgrid:49nfj.0,handle:hdl:21.11113/0000-0016-CFA1-9,https://creativecommons.org/licenses/by-nc-sa/4.0/,Distributed under a Creative Commons Attribution-NonCommercial-ShareAlike 4.0 International License.,GRETIL project,NONCOMMERCIAL_RESTRICTED,False,https://textgridrep.org/browse/textgrid:49nfk.0,Keep restricted; obtain permission or exclude from public/commercial use.
TG-GRE-0669,Ajitasenavyākaraṇa,,Darśana Collection,textgrid:49nfm.0,textgrid:49nfp.0,textgrid:49nfn.0,handle:hdl:21.11113/0000-0016-CFA4-6,https://creativecommons.org/licenses/by-nc-sa/4.0/,Distributed under a Creative Commons Attribution-NonCommercial-ShareAlike 4.0 International License.,GRETIL project,NONCOMMERCIAL_RESTRICTED,False,https://textgridrep.org/browse/textgrid:49nfp.0,Keep restricted; obtain permission or exclude from public/commercial use.
TG-GRE-0670,Ālambanaparīkṣā with Ālambanaparīkṣāvṛtti,,Darśana Collection,textgrid:49nfq.0,textgrid:49nfs.0,textgrid:49nfr.0,handle:hdl:21.11113/0000-0016-CFA7-3,https://creativecommons.org/licenses/by-nc-sa/4.0/,Distributed under a Creative Commons Attribution-NonCommercial-ShareAlike 4.0 International License.,GRETIL project,NONCOMMERCIAL_RESTRICTED,False,https://textgridrep.org/browse/textgrid:49nfs.0,Keep restricted; obtain permission or exclude from public/commercial use.
TG-GRE-0671,Ālambanaparīkṣā,,Darśana Collection,textgrid:49nft.0,textgrid:49nfw.0,textgrid:49nfv.0,handle:hdl:21.11113/0000-0016-CFAA-0,https://creativecommons.org/licenses/by-nc-sa/4.0/,Distributed under a Creative Commons Attribution-NonCommercial-ShareAlike 4.0 International License.,GRETIL project,NONCOMMERCIAL_RESTRICTED,False,https://textgridrep.org/browse/textgrid:49nfw.0,Keep restricted; obtain permission or exclude from public/commercial use.
TG-GRE-0672,Amoghapāśahṛdayasūtra,,Darśana Collection,textgrid:49nfx.0,textgrid:49ng0.0,textgrid:49nfz.0,handle:hdl:21.11113/0000-0016-CFAD-D,https://creativecommons.org/licenses/by-nc-sa/4.0/,Distributed under a Creative Commons Attribution-NonCommercial-ShareAlike 4.0 International License.,GRETIL project,NONCOMMERCIAL_RESTRICTED,False,https://textgridrep.org/browse/textgrid:49ng0.0,Keep restricted; obtain permission or exclude from public/commercial use.
TG-GRE-0673,Amoghapāśahṛdayasūtra,,Darśana Collection,textgrid:49ng1.0,textgrid:49ng3.0,textgrid:49ng2.0,handle:hdl:21.11113/0000-0016-CFB0-8,https://creativecommons.org/licenses/by-nc-sa/4.0/,Distributed under a Creative Commons Attribution-NonCommercial-ShareAlike 4.0 International License.,GRETIL project,NONCOMMERCIAL_RESTRICTED,False,https://textgridrep.org/browse/textgrid:49ng3.0,Keep restricted; obtain permission or exclude from public/commercial use.
TG-GRE-0674,Amoghapāśanāmahṛdayaṃ mahāyānasūtram,,Darśana Collection,textgrid:49ng4.0,textgrid:49ng6.0,textgrid:49ng5.0,handle:hdl:21.11113/0000-0016-CFB3-5,https://creativecommons.org/licenses/by-nc-sa/4.0/,Distributed under a Creative Commons Attribution-NonCommercial-ShareAlike 4.0 International License.,GRETIL project,NONCOMMERCIAL_RESTRICTED,False,https://textgridrep.org/browse/textgrid:49ng6.0,Keep restricted; obtain permission or exclude from public/commercial use.
TG-GRE-0675,"Samādhirājasūtra, transliteration 1-11, 13, 15-22",,Darśana Collection,textgrid:49ng7.0,textgrid:49ng9.0,textgrid:49ng8.0,handle:hdl:21.11113/0000-0016-CFB6-2,https://creativecommons.org/licenses/by-nc-sa/4.0/,Distributed under a Creative Commons Attribution-NonCommercial-ShareAlike 4.0 International License.,GRETIL project,NONCOMMERCIAL_RESTRICTED,False,https://textgridrep.org/browse/textgrid:49ng9.0,Keep restricted; obtain permission or exclude from public/commercial use.
TG-GRE-0676,Saṃghāṭasūtra,,Darśana Collection,textgrid:49ngb.0,textgrid:49ngd.0,textgrid:49ngc.0,handle:hdl:21.11113/0000-0016-CFB9-F,https://creativecommons.org/licenses/by-nc-sa/4.0/,Distributed under a Creative Commons Attribution-NonCommercial-ShareAlike 4.0 International License.,GRETIL project,NONCOMMERCIAL_RESTRICTED,False,https://textgridrep.org/browse/textgrid:49ngd.0,Keep restricted; obtain permission or exclude from public/commercial use.
TG-GRE-0677,Catuḥstavasamāsārtha,Amṛtākara,Darśana Collection,textgrid:49ngf.0,textgrid:49ngh.0,textgrid:49ngg.0,handle:hdl:21.11113/0000-0016-CFBC-C,https://creativecommons.org/licenses/by-nc-sa/4.0/,Distributed under a Creative Commons Attribution-NonCommercial-ShareAlike 4.0 International License.,GRETIL project,NONCOMMERCIAL_RESTRICTED,False,https://textgridrep.org/browse/textgrid:49ngh.0,Keep restricted; obtain permission or exclude from public/commercial use.
TG-GRE-0678,Anityatāsūtra,,Darśana Collection,textgrid:49ngj.0,textgrid:49ngm.0,textgrid:49ngk.0,handle:hdl:21.11113/0000-0016-CFBF-9,https://creativecommons.org/licenses/by-nc-sa/4.0/,Distributed under a Creative Commons Attribution-NonCommercial-ShareAlike 4.0 International License.,GRETIL project,NONCOMMERCIAL_RESTRICTED,False,https://textgridrep.org/browse/textgrid:49ngm.0,Keep restricted; obtain permission or exclude from public/commercial use.
TG-GRE-0679,Tarkasaṃgraha,Annaṃbhatta,Darśana Collection,textgrid:49ngn.0,textgrid:49ngq.0,textgrid:49ngp.0,handle:hdl:21.11113/0000-0016-CFC2-4,https://creativecommons.org/licenses/by-nc-sa/4.0/,Distributed under a Creative Commons Attribution-NonCommercial-ShareAlike 4.0 International License.,GRETIL project,NONCOMMERCIAL_RESTRICTED,False,https://textgridrep.org/browse/textgrid:49ngq.0,Keep restricted; obtain permission or exclude from public/commercial use.
TG-GRE-0680,Antarvyāptisamarthana,,Darśana Collection,textgrid:49ngr.0,textgrid:49ngt.0,textgrid:49ngs.0,handle:hdl:21.11113/0000-0016-CFC5-1,https://creativecommons.org/licenses/by-nc-sa/4.0/,Distributed under a Creative Commons Attribution-NonCommercial-ShareAlike 4.0 International License.,GRETIL project,NONCOMMERCIAL_RESTRICTED,False,https://textgridrep.org/browse/textgrid:49ngt.0,Keep restricted; obtain permission or exclude from public/commercial use.
TG-GRE-0681,Aparimitāyuḥsūtra,,Darśana Collection,textgrid:49ngv.0,textgrid:49ngx.0,textgrid:49ngw.0,handle:hdl:21.11113/0000-0016-CFC8-E,https://creativecommons.org/licenses/by-nc-sa/4.0/,Distributed under a Creative Commons Attribution-NonCommercial-ShareAlike 4.0 International License.,GRETIL project,NONCOMMERCIAL_RESTRICTED,False,https://textgridrep.org/browse/textgrid:49ngx.0,Keep restricted; obtain permission or exclude from public/commercial use.
TG-GRE-0682,Poṣadhavastu,,Darśana Collection,textgrid:49ngz.0,textgrid:49nh1.0,textgrid:49nh0.0,handle:hdl:21.11113/0000-0016-CFCB-B,https://creativecommons.org/licenses/by-nc-sa/4.0/,Distributed under a Creative Commons Attribution-NonCommercial-ShareAlike 4.0 International License.,GRETIL project,NONCOMMERCIAL_RESTRICTED,False,https://textgridrep.org/browse/textgrid:49nh1.0,Keep restricted; obtain permission or exclude from public/commercial use.
TG-GRE-0683,Sāṃkhyakārikā with Gauḍapāda's Bhāṣya,Īśvarakṛṣṇa,Darśana Collection,textgrid:49nh2.0,textgrid:49nh4.0,textgrid:49nh3.0,handle:hdl:21.11113/0000-0016-CFCE-8,https://creativecommons.org/licenses/by-nc-sa/4.0/,Distributed under a Creative Commons Attribution-NonCommercial-ShareAlike 4.0 International License.,GRETIL project,NONCOMMERCIAL_RESTRICTED,False,https://textgridrep.org/browse/textgrid:49nh4.0,Keep restricted; obtain permission or exclude from public/commercial use.
TG-GRE-0684,Sāṃkhyakārikā with Śaṃkara's Jayamaṅgalā commentary,Īśvarakṛṣṇa,Darśana Collection,textgrid:49nh5.0,textgrid:49nh7.0,textgrid:49nh6.0,handle:hdl:21.11113/0000-0016-CFD1-3,https://creativecommons.org/licenses/by-nc-sa/4.0/,Distributed under a Creative Commons Attribution-NonCommercial-ShareAlike 4.0 International License.,GRETIL project,NONCOMMERCIAL_RESTRICTED,False,https://textgridrep.org/browse/textgrid:49nh7.0,Keep restricted; obtain permission or exclude from public/commercial use.
TG-GRE-0685,Jñānālokālaṃkārasūtra [Sarvabuddhaviṣayāvatārajñānālokālaṃkāra nāma mahāyānasūtra] = JĀA,,Darśana Collection,textgrid:49nh8.0,textgrid:49nhb.0,textgrid:49nh9.0,handle:hdl:21.11113/0000-0016-CFD4-0,https://creativecommons.org/licenses/by-nc-sa/4.0/,Distributed under a Creative Commons Attribution-NonCommercial-ShareAlike 4.0 International License.,GRETIL project,NONCOMMERCIAL_RESTRICTED,False,https://textgridrep.org/browse/textgrid:49nhb.0,Keep restricted; obtain permission or exclude from public/commercial use.
TG-GRE-0686,"Sāṃkhyasūtra including the Tattvasamāsa, an abstract of Sāṃkhya philosophy (appended at the end)",Kapila,Darśana Collection,textgrid:49nhc.0,textgrid:49nhf.0,textgrid:49nhd.0,handle:hdl:21.11113/0000-0016-CFD7-D,https://creativecommons.org/licenses/by-nc-sa/4.0/,Distributed under a Creative Commons Attribution-NonCommercial-ShareAlike 4.0 International License.,GRETIL project,NONCOMMERCIAL_RESTRICTED,False,https://textgridrep.org/browse/textgrid:49nhf.0,Keep restricted; obtain permission or exclude from public/commercial use.
TG-GRE-0687,Kāśyapaparivartasūtra,,Darśana Collection,textgrid:49nhg.0,textgrid:49nhj.0,textgrid:49nhh.0,handle:hdl:21.11113/0000-0016-CFDA-A,https://creativecommons.org/licenses/by-nc-sa/4.0/,Distributed under a Creative Commons Attribution-NonCommercial-ShareAlike 4.0 International License.,GRETIL project,NONCOMMERCIAL_RESTRICTED,False,https://textgridrep.org/browse/textgrid:49nhj.0,Keep restricted; obtain permission or exclude from public/commercial use.
TG-GRE-0688,Sudhanakinnaryavadāna,Kṣemendra,Darśana Collection,textgrid:49nhk.0,textgrid:49nhn.0,textgrid:49nhm.0,handle:hdl:21.11113/0000-0016-CFDD-7,https://creativecommons.org/licenses/by-nc-sa/4.0/,Distributed under a Creative Commons Attribution-NonCommercial-ShareAlike 4.0 International License.,GRETIL project,NONCOMMERCIAL_RESTRICTED,False,https://textgridrep.org/browse/textgrid:49nhn.0,Keep restricted; obtain permission or exclude from public/commercial use.
TG-GRE-0689,Larger Prajñāpāramitā,,Darśana Collection,textgrid:49nhp.0,textgrid:49nhr.0,textgrid:49nhq.0,handle:hdl:21.11113/0000-0016-CFE0-2,https://creativecommons.org/licenses/by-nc-sa/4.0/,Distributed under a Creative Commons Attribution-NonCommercial-ShareAlike 4.0 International License.,GRETIL project,NONCOMMERCIAL_RESTRICTED,False,https://textgridrep.org/browse/textgrid:49nhr.0,Keep restricted; obtain permission or exclude from public/commercial use.
TG-GRE-0690,Siddhāntabindu,Madhusūdanasarasvatī,Darśana Collection,textgrid:49nhs.0,textgrid:49nhv.0,textgrid:49nht.0,handle:hdl:21.11113/0000-0016-CFE3-F,https://creativecommons.org/licenses/by-nc-sa/4.0/,Distributed under a Creative Commons Attribution-NonCommercial-ShareAlike 4.0 International License.,GRETIL project,NONCOMMERCIAL_RESTRICTED,False,https://textgridrep.org/browse/textgrid:49nhv.0,Keep restricted; obtain permission or exclude from public/commercial use.
TG-GRE-0691,Madhyamakāvatāra 1-5,,Darśana Collection,textgrid:49nhw.0,textgrid:49nhz.0,textgrid:49nhx.0,handle:hdl:21.11113/0000-0016-CFE6-C,https://creativecommons.org/licenses/by-nc-sa/4.0/,Distributed under a Creative Commons Attribution-NonCommercial-ShareAlike 4.0 International License.,GRETIL project,NONCOMMERCIAL_RESTRICTED,False,https://textgridrep.org/browse/textgrid:49nhz.0,Keep restricted; obtain permission or exclude from public/commercial use.
TG-GRE-0692,Mahākarmavibhaṅga,,Darśana Collection,textgrid:49nj0.0,textgrid:49nj2.0,textgrid:49nj1.0,handle:hdl:21.11113/0000-0016-CFE9-9,https://creativecommons.org/licenses/by-nc-sa/4.0/,Distributed under a Creative Commons Attribution-NonCommercial-ShareAlike 4.0 International License.,GRETIL project,NONCOMMERCIAL_RESTRICTED,False,https://textgridrep.org/browse/textgrid:49nj2.0,Keep restricted; obtain permission or exclude from public/commercial use.
TG-GRE-0693,Mahāmāyūrīvidyārājñī,,Darśana Collection,textgrid:49nj3.0,textgrid:49nj5.0,textgrid:49nj4.0,handle:hdl:21.11113/0000-0016-CFEC-6,https://creativecommons.org/licenses/by-nc-sa/4.0/,Distributed under a Creative Commons Attribution-NonCommercial-ShareAlike 4.0 International License.,GRETIL project,NONCOMMERCIAL_RESTRICTED,False,https://textgridrep.org/browse/textgrid:49nj5.0,Keep restricted; obtain permission or exclude from public/commercial use.
TG-GRE-0694,Saṃghāṭasūtra,,Darśana Collection,textgrid:49nj6.0,textgrid:49nj8.0,textgrid:49nj7.0,handle:hdl:21.11113/0000-0016-CFEF-3,https://creativecommons.org/licenses/by-nc-sa/4.0/,Distributed under a Creative Commons Attribution-NonCommercial-ShareAlike 4.0 International License.,GRETIL project,NONCOMMERCIAL_RESTRICTED,False,https://textgridrep.org/browse/textgrid:49nj8.0,Keep restricted; obtain permission or exclude from public/commercial use.
TG-GRE-0695,Mahāpratisarāmahāvidyārājñī,,Darśana Collection,textgrid:49nj9.0,textgrid:49njc.0,textgrid:49njb.0,handle:hdl:21.11113/0000-0016-CFF2-E,https://creativecommons.org/licenses/by-nc-sa/4.0/,Distributed under a Creative Commons Attribution-NonCommercial-ShareAlike 4.0 International License.,GRETIL project,NONCOMMERCIAL_RESTRICTED,False,https://textgridrep.org/browse/textgrid:49njc.0,Keep restricted; obtain permission or exclude from public/commercial use.
TG-GRE-0696,Mahāpratisarā Pañcarakṣā,,Darśana Collection,textgrid:49njd.0,textgrid:49njg.0,textgrid:49njf.0,handle:hdl:21.11113/0000-0016-CFF5-B,https://creativecommons.org/licenses/by-nc-sa/4.0/,Distributed under a Creative Commons Attribution-NonCommercial-ShareAlike 4.0 International License.,GRETIL project,NONCOMMERCIAL_RESTRICTED,False,https://textgridrep.org/browse/textgrid:49njg.0,Keep restricted; obtain permission or exclude from public/commercial use.
TG-GRE-0697,Mahāsāhasrapramardanī,,Darśana Collection,textgrid:49njh.0,textgrid:49njk.0,textgrid:49njj.0,handle:hdl:21.11113/0000-0016-CFF8-8,https://creativecommons.org/licenses/by-nc-sa/4.0/,Distributed under a Creative Commons Attribution-NonCommercial-ShareAlike 4.0 International License.,GRETIL project,NONCOMMERCIAL_RESTRICTED,False,https://textgridrep.org/browse/textgrid:49njk.0,Keep restricted; obtain permission or exclude from public/commercial use.
TG-GRE-0698,Sarvadurgatipariśodhanatantra,,Darśana Collection,textgrid:49njm.0,textgrid:49njp.0,textgrid:49njn.0,handle:hdl:21.11113/0000-0016-CFFB-5,https://creativecommons.org/licenses/by-nc-sa/4.0/,Distributed under a Creative Commons Attribution-NonCommercial-ShareAlike 4.0 International License.,GRETIL project,NONCOMMERCIAL_RESTRICTED,False,https://textgridrep.org/browse/textgrid:49njp.0,Keep restricted; obtain permission or exclude from public/commercial use.
TG-GRE-0699,Hetubindu,Dharmakīrti,Darśana Collection,textgrid:49njq.0,textgrid:49njs.0,textgrid:49njr.0,handle:hdl:21.11113/0000-0016-CFFE-2,https://creativecommons.org/licenses/by-nc-sa/4.0/,Distributed under a Creative Commons Attribution-NonCommercial-ShareAlike 4.0 International License.,GRETIL project,NONCOMMERCIAL_RESTRICTED,False,https://textgridrep.org/browse/textgrid:49njs.0,Keep restricted; obtain permission or exclude from public/commercial use.
TG-GRE-0700,Mahāvadānasūtra,,Darśana Collection,textgrid:49njt.0,textgrid:49njw.0,textgrid:49njv.0,handle:hdl:21.11113/0000-0016-D001-B,https://creativecommons.org/licenses/by-nc-sa/4.0/,Distributed under a Creative Commons Attribution-NonCommercial-ShareAlike 4.0 International License.,GRETIL project,NONCOMMERCIAL_RESTRICTED,False,https://textgridrep.org/browse/textgrid:49njw.0,Keep restricted; obtain permission or exclude from public/commercial use.
TG-GRE-0701,Carmavastu,,Darśana Collection,textgrid:49njx.0,textgrid:49nk0.0,textgrid:49njz.0,handle:hdl:21.11113/0000-0016-D004-8,https://creativecommons.org/licenses/by-nc-sa/4.0/,Distributed under a Creative Commons Attribution-NonCommercial-ShareAlike 4.0 International License.,GRETIL project,NONCOMMERCIAL_RESTRICTED,False,https://textgridrep.org/browse/textgrid:49nk0.0,Keep restricted; obtain permission or exclude from public/commercial use.
TG-GRE-0702,Vādanyāya,Dharmakīrti,Darśana Collection,textgrid:49nk1.0,textgrid:49nk3.0,textgrid:49nk2.0,handle:hdl:21.11113/0000-0016-D007-5,https://creativecommons.org/licenses/by-nc-sa/4.0/,Distributed under a Creative Commons Attribution-NonCommercial-ShareAlike 4.0 International License.,GRETIL project,NONCOMMERCIAL_RESTRICTED,False,https://textgridrep.org/browse/textgrid:49nk3.0,Keep restricted; obtain permission or exclude from public/commercial use.
TG-GRE-0703,Vādanyāya,Dharmakīrti,Darśana Collection,textgrid:49nk4.0,textgrid:49nk6.0,textgrid:49nk5.0,handle:hdl:21.11113/0000-0016-D00A-2,https://creativecommons.org/licenses/by-nc-sa/4.0/,Distributed under a Creative Commons Attribution-NonCommercial-ShareAlike 4.0 International License.,GRETIL project,NONCOMMERCIAL_RESTRICTED,False,https://textgridrep.org/browse/textgrid:49nk6.0,Keep restricted; obtain permission or exclude from public/commercial use.
TG-GRE-0704,"Nyāyapariśuddhi, Bhūmikā, 1, 3-5",Veṅkaṭanātha [Vedāntadeśika],Darśana Collection,textgrid:49nk7.0,textgrid:49nk9.0,textgrid:49nk8.0,handle:hdl:21.11113/0000-0016-D00D-F,https://creativecommons.org/licenses/by-nc-sa/4.0/,Distributed under a Creative Commons Attribution-NonCommercial-ShareAlike 4.0 International License.,GRETIL project,NONCOMMERCIAL_RESTRICTED,False,https://textgridrep.org/browse/textgrid:49nk9.0,Keep restricted; obtain permission or exclude from public/commercial use.
TG-GRE-0705,Vimalakīrtinirdeśa,,Darśana Collection,textgrid:49nkb.0,textgrid:49nkd.0,textgrid:49nkc.0,handle:hdl:21.11113/0000-0016-D010-A,https://creativecommons.org/licenses/by-nc-sa/4.0/,Distributed under a Creative Commons Attribution-NonCommercial-ShareAlike 4.0 International License.,GRETIL project,NONCOMMERCIAL_RESTRICTED,False,https://textgridrep.org/browse/textgrid:49nkd.0,Keep restricted; obtain permission or exclude from public/commercial use.
TG-GRE-0706,Guhyasamājamaṇḍalavidhi,Dīpaṃkarabhadra,Darśana Collection,textgrid:49nkf.0,textgrid:49nkh.0,textgrid:49nkg.0,handle:hdl:21.11113/0000-0016-D013-7,https://creativecommons.org/licenses/by-nc-sa/4.0/,Distributed under a Creative Commons Attribution-NonCommercial-ShareAlike 4.0 International License.,GRETIL project,NONCOMMERCIAL_RESTRICTED,False,https://textgridrep.org/browse/textgrid:49nkh.0,Keep restricted; obtain permission or exclude from public/commercial use.
TG-GRE-0707,Vimalakīrtinirdeśasūtra,,Darśana Collection,textgrid:49nkj.0,textgrid:49nkm.0,textgrid:49nkk.0,handle:hdl:21.11113/0000-0016-D016-4,https://creativecommons.org/licenses/by-nc-sa/4.0/,Distributed under a Creative Commons Attribution-NonCommercial-ShareAlike 4.0 International License.,GRETIL project,NONCOMMERCIAL_RESTRICTED,False,https://textgridrep.org/browse/textgrid:49nkm.0,Keep restricted; obtain permission or exclude from public/commercial use.
TG-GRE-0708,Suvarṇavarṇāvadāna,,Darśana Collection,textgrid:49nkn.0,textgrid:49nkq.0,textgrid:49nkp.0,handle:hdl:21.11113/0000-0016-D019-1,https://creativecommons.org/licenses/by-nc-sa/4.0/,Distributed under a Creative Commons Attribution-NonCommercial-ShareAlike 4.0 International License.,GRETIL project,NONCOMMERCIAL_RESTRICTED,False,https://textgridrep.org/browse/textgrid:49nkq.0,Keep restricted; obtain permission or exclude from public/commercial use.
TG-GRE-0709,"Ekottarāgama, fragments",,Darśana Collection,textgrid:49nkr.0,textgrid:49nkt.0,textgrid:49nks.0,handle:hdl:21.11113/0000-0016-D01C-E,https://creativecommons.org/licenses/by-nc-sa/4.0/,Distributed under a Creative Commons Attribution-NonCommercial-ShareAlike 4.0 International License.,GRETIL project,NONCOMMERCIAL_RESTRICTED,False,https://textgridrep.org/browse/textgrid:49nkt.0,Keep restricted; obtain permission or exclude from public/commercial use.
TG-GRE-0710,Nyāyakusumāñjali,Udayana,Darśana Collection,textgrid:49nkv.0,textgrid:49nkx.0,textgrid:49nkw.0,handle:hdl:21.11113/0000-0016-D01F-B,https://creativecommons.org/licenses/by-nc-sa/4.0/,Distributed under a Creative Commons Attribution-NonCommercial-ShareAlike 4.0 International License.,GRETIL project,NONCOMMERCIAL_RESTRICTED,False,https://textgridrep.org/browse/textgrid:49nkx.0,Keep restricted; obtain permission or exclude from public/commercial use.
TG-GRE-0711,Bodhicaryāvatāra,Śāntideva,Darśana Collection,textgrid:49nkz.0,textgrid:49nm1.0,textgrid:49nm0.0,handle:hdl:21.11113/0000-0016-D022-6,https://creativecommons.org/licenses/by-nc-sa/4.0/,Distributed under a Creative Commons Attribution-NonCommercial-ShareAlike 4.0 International License.,GRETIL project,NONCOMMERCIAL_RESTRICTED,False,https://textgridrep.org/browse/textgrid:49nm1.0,Keep restricted; obtain permission or exclude from public/commercial use.
TG-GRE-0712,Pramāṇavārttika,,Darśana Collection,textgrid:49nm2.0,textgrid:49nm4.0,textgrid:49nm3.0,handle:hdl:21.11113/0000-0016-D025-3,https://creativecommons.org/licenses/by-nc-sa/4.0/,Distributed under a Creative Commons Attribution-NonCommercial-ShareAlike 4.0 International License.,GRETIL project,NONCOMMERCIAL_RESTRICTED,False,https://textgridrep.org/browse/textgrid:49nm4.0,Keep restricted; obtain permission or exclude from public/commercial use.
TG-GRE-0713,"Nyāyasūtra, 5.1 with Nyāyasūtrabhāṣya by Vātsyāyana",Gautama,Darśana Collection,textgrid:49nm5.0,textgrid:49nm7.0,textgrid:49nm6.0,handle:hdl:21.11113/0000-0016-D028-0,https://creativecommons.org/licenses/by-nc-sa/4.0/,Distributed under a Creative Commons Attribution-NonCommercial-ShareAlike 4.0 International License.,GRETIL project,NONCOMMERCIAL_RESTRICTED,False,https://textgridrep.org/browse/textgrid:49nm7.0,Keep restricted; obtain permission or exclude from public/commercial use.
TG-GRE-0714,Nyāyapraveśapravṛtti,Haribhadrasūri,Darśana Collection,textgrid:49nm8.0,textgrid:49nmb.0,textgrid:49nm9.0,handle:hdl:21.11113/0000-0016-D02B-D,https://creativecommons.org/licenses/by-nc-sa/4.0/,Distributed under a Creative Commons Attribution-NonCommercial-ShareAlike 4.0 International License.,GRETIL project,NONCOMMERCIAL_RESTRICTED,False,https://textgridrep.org/browse/textgrid:49nmb.0,Keep restricted; obtain permission or exclude from public/commercial use.
TG-GRE-0715,Śārdūlakarṇāvadāna [= Avadāna 33 of the Divyāvadāna],,Darśana Collection,textgrid:49nmc.0,textgrid:49nmf.0,textgrid:49nmd.0,handle:hdl:21.11113/0000-0016-D02E-A,https://creativecommons.org/licenses/by-nc-sa/4.0/,Distributed under a Creative Commons Attribution-NonCommercial-ShareAlike 4.0 International License.,GRETIL project,NONCOMMERCIAL_RESTRICTED,False,https://textgridrep.org/browse/textgrid:49nmf.0,Keep restricted; obtain permission or exclude from public/commercial use.
TG-GRE-0716,Nidānasaṃyukta,,Darśana Collection,textgrid:49nmg.0,textgrid:49nmj.0,textgrid:49nmh.0,handle:hdl:21.11113/0000-0016-D031-5,https://creativecommons.org/licenses/by-nc-sa/4.0/,Distributed under a Creative Commons Attribution-NonCommercial-ShareAlike 4.0 International License.,GRETIL project,NONCOMMERCIAL_RESTRICTED,False,https://textgridrep.org/browse/textgrid:49nmj.0,Keep restricted; obtain permission or exclude from public/commercial use.
TG-GRE-0717,Gaṇakārikā 1,Bhāsarvajña,Darśana Collection,textgrid:49nmk.0,textgrid:49nmn.0,textgrid:49nmm.0,handle:hdl:21.11113/0000-0016-D034-2,https://creativecommons.org/licenses/by-nc-sa/4.0/,Distributed under a Creative Commons Attribution-NonCommercial-ShareAlike 4.0 International License.,GRETIL project,NONCOMMERCIAL_RESTRICTED,False,https://textgridrep.org/browse/textgrid:49nmn.0,Keep restricted; obtain permission or exclude from public/commercial use.
TG-GRE-0718,"Tattvayāthārthyadīpana a commentary on the Tattvasamāsa, an abstract of Sāṃkhya philosophy in (23-) 25 sūtras.",Bhāvāgaṇeśa,Darśana Collection,textgrid:49nmp.0,textgrid:49nmr.0,textgrid:49nmq.0,handle:hdl:21.11113/0000-0016-D037-F,https://creativecommons.org/licenses/by-nc-sa/4.0/,Distributed under a Creative Commons Attribution-NonCommercial-ShareAlike 4.0 International License.,GRETIL project,NONCOMMERCIAL_RESTRICTED,False,https://textgridrep.org/browse/textgrid:49nmr.0,Keep restricted; obtain permission or exclude from public/commercial use.
TG-GRE-0719,Bhikṣuṇīkarmavācanā,,Darśana Collection,textgrid:49nms.0,textgrid:49nmv.0,textgrid:49nmt.0,handle:hdl:21.11113/0000-0016-D03A-C,https://creativecommons.org/licenses/by-nc-sa/4.0/,Distributed under a Creative Commons Attribution-NonCommercial-ShareAlike 4.0 International License.,GRETIL project,NONCOMMERCIAL_RESTRICTED,False,https://textgridrep.org/browse/textgrid:49nmv.0,Keep restricted; obtain permission or exclude from public/commercial use.
TG-GRE-0720,Siddhārthacaritrakāvya,Buddhaghoṣa,Darśana Collection,textgrid:49nmw.0,textgrid:49nmz.0,textgrid:49nmx.0,handle:hdl:21.11113/0000-0016-D03D-9,https://creativecommons.org/licenses/by-nc-sa/4.0/,Distributed under a Creative Commons Attribution-NonCommercial-ShareAlike 4.0 International License.,GRETIL project,NONCOMMERCIAL_RESTRICTED,False,https://textgridrep.org/browse/textgrid:49nmz.0,Keep restricted; obtain permission or exclude from public/commercial use.
TG-GRE-0721,Yogasūtra with Bhāṣya (= Pātañjalayogaśāstra),Patañjali,Darśana Collection,textgrid:49nn0.0,textgrid:49nn2.0,textgrid:49nn1.0,handle:hdl:21.11113/0000-0016-D040-4,https://creativecommons.org/licenses/by-nc-sa/4.0/,Distributed under a Creative Commons Attribution-NonCommercial-ShareAlike 4.0 International License.,GRETIL project,NONCOMMERCIAL_RESTRICTED,False,https://textgridrep.org/browse/textgrid:49nn2.0,Keep restricted; obtain permission or exclude from public/commercial use.
TG-GRE-0722,Abhisamayālaṃkāravivaraṇa,,Darśana Collection,textgrid:49nn3.0,textgrid:49nn5.0,textgrid:49nn4.0,handle:hdl:21.11113/0000-0016-D043-1,https://creativecommons.org/licenses/by-nc-sa/4.0/,Distributed under a Creative Commons Attribution-NonCommercial-ShareAlike 4.0 International License.,GRETIL project,NONCOMMERCIAL_RESTRICTED,False,https://textgridrep.org/browse/textgrid:49nn5.0,Keep restricted; obtain permission or exclude from public/commercial use.
TG-GRE-0723,Adhikaraṇavastu,,Darśana Collection,textgrid:49nn6.0,textgrid:49nn8.0,textgrid:49nn7.0,handle:hdl:21.11113/0000-0016-D046-E,https://creativecommons.org/licenses/by-nc-sa/4.0/,Distributed under a Creative Commons Attribution-NonCommercial-ShareAlike 4.0 International License.,GRETIL project,NONCOMMERCIAL_RESTRICTED,False,https://textgridrep.org/browse/textgrid:49nn8.0,Keep restricted; obtain permission or exclude from public/commercial use.
TG-GRE-0724,Ahorātravratacaityasevānuśaṃsāvadāna,,Darśana Collection,textgrid:49nn9.0,textgrid:49nnc.0,textgrid:49nnb.0,handle:hdl:21.11113/0000-0016-D049-B,https://creativecommons.org/licenses/by-nc-sa/4.0/,Distributed under a Creative Commons Attribution-NonCommercial-ShareAlike 4.0 International License.,GRETIL project,NONCOMMERCIAL_RESTRICTED,False,https://textgridrep.org/browse/textgrid:49nnc.0,Keep restricted; obtain permission or exclude from public/commercial use.
TG-GRE-0725,Patna Dharmapada,,Darśana Collection,textgrid:49nnd.0,textgrid:49nng.0,textgrid:49nnf.0,handle:hdl:21.11113/0000-0016-D04C-8,https://creativecommons.org/licenses/by-nc-sa/4.0/,Distributed under a Creative Commons Attribution-NonCommercial-ShareAlike 4.0 International License.,GRETIL project,NONCOMMERCIAL_RESTRICTED,False,https://textgridrep.org/browse/textgrid:49nng.0,Keep restricted; obtain permission or exclude from public/commercial use.
TG-GRE-0726,Sāṃkhyakārikā with Māṭhara's commentary Māṭharavṛtti,Īśvarakṛṣṇa,Darśana Collection,textgrid:49nnh.0,textgrid:49nnk.0,textgrid:49nnj.0,handle:hdl:21.11113/0000-0016-D04F-5,https://creativecommons.org/licenses/by-nc-sa/4.0/,Distributed under a Creative Commons Attribution-NonCommercial-ShareAlike 4.0 International License.,GRETIL project,NONCOMMERCIAL_RESTRICTED,False,https://textgridrep.org/browse/textgrid:49nnk.0,Keep restricted; obtain permission or exclude from public/commercial use.
TG-GRE-0727,Sphuṭārthā Śrīghanācārasaṃgrahaṭīkā,Jayarakṣita,Darśana Collection,textgrid:49nnm.0,textgrid:49nnp.0,textgrid:49nnn.0,handle:hdl:21.11113/0000-0016-D052-0,https://creativecommons.org/licenses/by-nc-sa/4.0/,Distributed under a Creative Commons Attribution-NonCommercial-ShareAlike 4.0 International License.,GRETIL project,NONCOMMERCIAL_RESTRICTED,False,https://textgridrep.org/browse/textgrid:49nnp.0,Keep restricted; obtain permission or exclude from public/commercial use.
TG-GRE-0728,Kalpadrumāvadānamālā,,Darśana Collection,textgrid:49nnq.0,textgrid:49nns.0,textgrid:49nnr.0,handle:hdl:21.11113/0000-0016-D055-D,https://creativecommons.org/licenses/by-nc-sa/4.0/,Distributed under a Creative Commons Attribution-NonCommercial-ShareAlike 4.0 International License.,GRETIL project,NONCOMMERCIAL_RESTRICTED,False,https://textgridrep.org/browse/textgrid:49nns.0,Keep restricted; obtain permission or exclude from public/commercial use.
TG-GRE-0729,Bhāvanākrama,Kamalaśīla,Darśana Collection,textgrid:49nnt.0,textgrid:49nnw.0,textgrid:49nnv.0,handle:hdl:21.11113/0000-0016-D058-A,https://creativecommons.org/licenses/by-nc-sa/4.0/,Distributed under a Creative Commons Attribution-NonCommercial-ShareAlike 4.0 International License.,GRETIL project,NONCOMMERCIAL_RESTRICTED,False,https://textgridrep.org/browse/textgrid:49nnw.0,Keep restricted; obtain permission or exclude from public/commercial use.
TG-GRE-0730,Kāraṇḍavyūha,,Darśana Collection,textgrid:49nnx.0,textgrid:49np0.0,textgrid:49nnz.0,handle:hdl:21.11113/0000-0016-D05B-7,https://creativecommons.org/licenses/by-nc-sa/4.0/,Distributed under a Creative Commons Attribution-NonCommercial-ShareAlike 4.0 International License.,GRETIL project,NONCOMMERCIAL_RESTRICTED,False,https://textgridrep.org/browse/textgrid:49np0.0,Keep restricted; obtain permission or exclude from public/commercial use.
TG-GRE-0731,Kāśyapaparivartasūtra,,Darśana Collection,textgrid:49np1.0,textgrid:49np3.0,textgrid:49np2.0,handle:hdl:21.11113/0000-0016-D05E-4,https://creativecommons.org/licenses/by-nc-sa/4.0/,Distributed under a Creative Commons Attribution-NonCommercial-ShareAlike 4.0 International License.,GRETIL project,NONCOMMERCIAL_RESTRICTED,False,https://textgridrep.org/browse/textgrid:49np3.0,Keep restricted; obtain permission or exclude from public/commercial use.
TG-GRE-0732,Kalpanāmaṇḍitikā,Kumāralāta,Darśana Collection,textgrid:49np4.0,textgrid:49np6.0,textgrid:49np5.0,handle:hdl:21.11113/0000-0016-D061-F,https://creativecommons.org/licenses/by-nc-sa/4.0/,Distributed under a Creative Commons Attribution-NonCommercial-ShareAlike 4.0 International License.,GRETIL project,NONCOMMERCIAL_RESTRICTED,False,https://textgridrep.org/browse/textgrid:49np6.0,Keep restricted; obtain permission or exclude from public/commercial use.
TG-GRE-0733,"Mahāsaṃnipātaratnaketudhāraṇīsūtra, 1-6, 10-11",,Darśana Collection,textgrid:49np7.0,textgrid:49np9.0,textgrid:49np8.0,handle:hdl:21.11113/0000-0016-D064-C,https://creativecommons.org/licenses/by-nc-sa/4.0/,Distributed under a Creative Commons Attribution-NonCommercial-ShareAlike 4.0 International License.,GRETIL project,NONCOMMERCIAL_RESTRICTED,False,https://textgridrep.org/browse/textgrid:49np9.0,Keep restricted; obtain permission or exclude from public/commercial use.
TG-GRE-0734,Pramāṇavārttikakārikā (without the svārthānumāna-chapter),Dharmakīrti,Darśana Collection,textgrid:49npb.0,textgrid:49npd.0,textgrid:49npc.0,handle:hdl:21.11113/0000-0016-D067-9,https://creativecommons.org/licenses/by-nc-sa/4.0/,Distributed under a Creative Commons Attribution-NonCommercial-ShareAlike 4.0 International License.,GRETIL project,NONCOMMERCIAL_RESTRICTED,False,https://textgridrep.org/browse/textgrid:49npd.0,Keep restricted; obtain permission or exclude from public/commercial use.
TG-GRE-0735,Nyāyāvatāra with the Nyāyāvatāravivṛti commentary by Siddharṣigaṇin,Siddhasenamahāmati,Darśana Collection,textgrid:49npf.0,textgrid:49nph.0,textgrid:49npg.0,handle:hdl:21.11113/0000-0016-D06A-6,https://creativecommons.org/licenses/by-nc-sa/4.0/,Distributed under a Creative Commons Attribution-NonCommercial-ShareAlike 4.0 International License.,GRETIL project,NONCOMMERCIAL_RESTRICTED,False,https://textgridrep.org/browse/textgrid:49nph.0,Keep restricted; obtain permission or exclude from public/commercial use.
TG-GRE-0736,Dharmaskandha,,Darśana Collection,textgrid:49npj.0,textgrid:49npm.0,textgrid:49npk.0,handle:hdl:21.11113/0000-0016-D06D-3,https://creativecommons.org/licenses/by-nc-sa/4.0/,Distributed under a Creative Commons Attribution-NonCommercial-ShareAlike 4.0 International License.,GRETIL project,NONCOMMERCIAL_RESTRICTED,False,https://textgridrep.org/browse/textgrid:49npm.0,Keep restricted; obtain permission or exclude from public/commercial use.
TG-GRE-0737,Suvarṇaprabhāsasūtra,,Darśana Collection,textgrid:49npn.0,textgrid:49npq.0,textgrid:49npp.0,handle:hdl:21.11113/0000-0016-D070-E,https://creativecommons.org/licenses/by-nc-sa/4.0/,Distributed under a Creative Commons Attribution-NonCommercial-ShareAlike 4.0 International License.,GRETIL project,NONCOMMERCIAL_RESTRICTED,False,https://textgridrep.org/browse/textgrid:49npq.0,Keep restricted; obtain permission or exclude from public/commercial use.
TG-GRE-0738,Suvikrāntavikrāmiparipṛcchā,,Darśana Collection,textgrid:49npr.0,textgrid:49npt.0,textgrid:49nps.0,handle:hdl:21.11113/0000-0016-D073-B,https://creativecommons.org/licenses/by-nc-sa/4.0/,Distributed under a Creative Commons Attribution-NonCommercial-ShareAlike 4.0 International License.,GRETIL project,NONCOMMERCIAL_RESTRICTED,False,https://textgridrep.org/browse/textgrid:49npt.0,Keep restricted; obtain permission or exclude from public/commercial use.
TG-GRE-0739,Tarkarahasya,,Darśana Collection,textgrid:49npv.0,textgrid:49npx.0,textgrid:49npw.0,handle:hdl:21.11113/0000-0016-D076-8,https://creativecommons.org/licenses/by-nc-sa/4.0/,Distributed under a Creative Commons Attribution-NonCommercial-ShareAlike 4.0 International License.,GRETIL project,NONCOMMERCIAL_RESTRICTED,False,https://textgridrep.org/browse/textgrid:49npx.0,Keep restricted; obtain permission or exclude from public/commercial use.
TG-GRE-0740,Fragments of Prajñāpāramitā texts (from 16 sources),,Darśana Collection,textgrid:49npz.0,textgrid:49nq1.0,textgrid:49nq0.0,handle:hdl:21.11113/0000-0016-D079-5,https://creativecommons.org/licenses/by-nc-sa/4.0/,Distributed under a Creative Commons Attribution-NonCommercial-ShareAlike 4.0 International License.,GRETIL project,NONCOMMERCIAL_RESTRICTED,False,https://textgridrep.org/browse/textgrid:49nq1.0,Keep restricted; obtain permission or exclude from public/commercial use.
TG-GRE-0741,Udānavarga,,Darśana Collection,textgrid:49nq2.0,textgrid:49nq4.0,textgrid:49nq3.0,handle:hdl:21.11113/0000-0016-D07C-2,https://creativecommons.org/licenses/by-nc-sa/4.0/,Distributed under a Creative Commons Attribution-NonCommercial-ShareAlike 4.0 International License.,GRETIL project,NONCOMMERCIAL_RESTRICTED,False,https://textgridrep.org/browse/textgrid:49nq4.0,Keep restricted; obtain permission or exclude from public/commercial use.
TG-GRE-0742,Mahāyānasūtrālaṃkāra,Asaṅga,Darśana Collection,textgrid:49nq5.0,textgrid:49nq7.0,textgrid:49nq6.0,handle:hdl:21.11113/0000-0016-D07F-F,https://creativecommons.org/licenses/by-nc-sa/4.0/,Distributed under a Creative Commons Attribution-NonCommercial-ShareAlike 4.0 International License.,GRETIL project,NONCOMMERCIAL_RESTRICTED,False,https://textgridrep.org/browse/textgrid:49nq7.0,Keep restricted; obtain permission or exclude from public/commercial use.
TG-GRE-0743,Mahāyānasūtrālaṃkāra with Vasubandhu's commentary (Bhāṣya) = Msa,Asaṅga,Darśana Collection,textgrid:49nq8.0,textgrid:49nqb.0,textgrid:49nq9.0,handle:hdl:21.11113/0000-0016-D082-9,https://creativecommons.org/licenses/by-nc-sa/4.0/,Distributed under a Creative Commons Attribution-NonCommercial-ShareAlike 4.0 International License.,GRETIL project,NONCOMMERCIAL_RESTRICTED,False,https://textgridrep.org/browse/textgrid:49nqb.0,Keep restricted; obtain permission or exclude from public/commercial use.
TG-GRE-0744,"Āgamaśāstra (= Gauḍapādakārikā, Gauḍapādīyakārikā, a verse commentary on the Māṇḍūkya-Upaniṣad)",Gauḍapāda,Darśana Collection,textgrid:49nqc.0,textgrid:49nqf.0,textgrid:49nqd.0,handle:hdl:21.11113/0000-0016-D085-6,https://creativecommons.org/licenses/by-nc-sa/4.0/,Distributed under a Creative Commons Attribution-NonCommercial-ShareAlike 4.0 International License.,GRETIL project,NONCOMMERCIAL_RESTRICTED,False,https://textgridrep.org/browse/textgrid:49nqf.0,Keep restricted; obtain permission or exclude from public/commercial use.
TG-GRE-0745,Aśokāvadāna,,Darśana Collection,textgrid:49nqg.0,textgrid:49nqj.0,textgrid:49nqh.0,handle:hdl:21.11113/0000-0016-D088-3,https://creativecommons.org/licenses/by-nc-sa/4.0/,Distributed under a Creative Commons Attribution-NonCommercial-ShareAlike 4.0 International License.,GRETIL project,NONCOMMERCIAL_RESTRICTED,False,https://textgridrep.org/browse/textgrid:49nqj.0,Keep restricted; obtain permission or exclude from public/commercial use.
TG-GRE-0746,"Mṛgendrāgama, 1.1-7.23 (= Mrgendratantra) with Nārāyaṇakaṇṭha's Vṛtti",,Darśana Collection,textgrid:49nqk.0,textgrid:49nqn.0,textgrid:49nqm.0,handle:hdl:21.11113/0000-0016-D08B-0,https://creativecommons.org/licenses/by-nc-sa/4.0/,Distributed under a Creative Commons Attribution-NonCommercial-ShareAlike 4.0 International License.,GRETIL project,NONCOMMERCIAL_RESTRICTED,False,https://textgridrep.org/browse/textgrid:49nqn.0,Keep restricted; obtain permission or exclude from public/commercial use.
TG-GRE-0747,Bodhasāra,Narahari,Darśana Collection,textgrid:49nqp.0,textgrid:49nqr.0,textgrid:49nqq.0,handle:hdl:21.11113/0000-0016-D08E-D,https://creativecommons.org/licenses/by-nc-sa/4.0/,Distributed under a Creative Commons Attribution-NonCommercial-ShareAlike 4.0 International License.,GRETIL project,NONCOMMERCIAL_RESTRICTED,False,https://textgridrep.org/browse/textgrid:49nqr.0,Keep restricted; obtain permission or exclude from public/commercial use.
TG-GRE-0748,Parātriṃśikā with Abhinavagupta's Parātriṃśikāvivaraṇa (lacks the Apabhramsa passages),,Darśana Collection,textgrid:49nqs.0,textgrid:49nqv.0,textgrid:49nqt.0,handle:hdl:21.11113/0000-0016-D091-8,https://creativecommons.org/licenses/by-nc-sa/4.0/,Distributed under a Creative Commons Attribution-NonCommercial-ShareAlike 4.0 International License.,GRETIL project,NONCOMMERCIAL_RESTRICTED,False,https://textgridrep.org/browse/textgrid:49nqv.0,Keep restricted; obtain permission or exclude from public/commercial use.
TG-GRE-0749,Vedārthasaṃgraha,Rāmānuja,Darśana Collection,textgrid:49nqw.0,textgrid:49nqz.0,textgrid:49nqx.0,handle:hdl:21.11113/0000-0016-D094-5,https://creativecommons.org/licenses/by-nc-sa/4.0/,Distributed under a Creative Commons Attribution-NonCommercial-ShareAlike 4.0 International License.,GRETIL project,NONCOMMERCIAL_RESTRICTED,False,https://textgridrep.org/browse/textgrid:49nqz.0,Keep restricted; obtain permission or exclude from public/commercial use.
TG-GRE-0750,Buddhist yoga manual,,Darśana Collection,textgrid:49nr0.0,textgrid:49nr2.0,textgrid:49nr1.0,handle:hdl:21.11113/0000-0016-D097-2,https://creativecommons.org/licenses/by-nc-sa/4.0/,Distributed under a Creative Commons Attribution-NonCommercial-ShareAlike 4.0 International License.,GRETIL project,NONCOMMERCIAL_RESTRICTED,False,https://textgridrep.org/browse/textgrid:49nr2.0,Keep restricted; obtain permission or exclude from public/commercial use.
TG-GRE-0751,Tantrasāra,Abhinavagupta,Darśana Collection,textgrid:49nr3.0,textgrid:49nr5.0,textgrid:49nr4.0,handle:hdl:21.11113/0000-0016-D09A-F,https://creativecommons.org/licenses/by-nc-sa/4.0/,Distributed under a Creative Commons Attribution-NonCommercial-ShareAlike 4.0 International License.,GRETIL project,NONCOMMERCIAL_RESTRICTED,False,https://textgridrep.org/browse/textgrid:49nr5.0,Keep restricted; obtain permission or exclude from public/commercial use.
TG-GRE-0752,Paramārthasāra with Yogarāja's Paramārthasārasaṃgrahavivṛti commentary,Abhinavagupta,Darśana Collection,textgrid:49nr6.0,textgrid:49nr8.0,textgrid:49nr7.0,handle:hdl:21.11113/0000-0016-D09D-C,https://creativecommons.org/licenses/by-nc-sa/4.0/,Distributed under a Creative Commons Attribution-NonCommercial-ShareAlike 4.0 International License.,GRETIL project,NONCOMMERCIAL_RESTRICTED,False,https://textgridrep.org/browse/textgrid:49nr8.0,Keep restricted; obtain permission or exclude from public/commercial use.
TG-GRE-0753,Abhisamayālaṃkāravṛttiḥ sphuṭārthā,,Darśana Collection,textgrid:49nr9.0,textgrid:49nrc.0,textgrid:49nrb.0,handle:hdl:21.11113/0000-0016-D0A0-7,https://creativecommons.org/licenses/by-nc-sa/4.0/,Distributed under a Creative Commons Attribution-NonCommercial-ShareAlike 4.0 International License.,GRETIL project,NONCOMMERCIAL_RESTRICTED,False,https://textgridrep.org/browse/textgrid:49nrc.0,Keep restricted; obtain permission or exclude from public/commercial use.
TG-GRE-0754,Mīmāṃsāsūtra,Jaimini,Darśana Collection,textgrid:49nrd.0,textgrid:49nrg.0,textgrid:49nrf.0,handle:hdl:21.11113/0000-0016-D0A3-4,https://creativecommons.org/licenses/by-nc-sa/4.0/,Distributed under a Creative Commons Attribution-NonCommercial-ShareAlike 4.0 International License.,GRETIL project,NONCOMMERCIAL_RESTRICTED,False,https://textgridrep.org/browse/textgrid:49nrg.0,Keep restricted; obtain permission or exclude from public/commercial use.
TG-GRE-0755,Yogasūtra with Bhāṣya,Patañjali,Darśana Collection,textgrid:49nrh.0,textgrid:49nrk.0,textgrid:49nrj.0,handle:hdl:21.11113/0000-0016-D0A6-1,https://creativecommons.org/licenses/by-nc-sa/4.0/,Distributed under a Creative Commons Attribution-NonCommercial-ShareAlike 4.0 International License.,GRETIL project,NONCOMMERCIAL_RESTRICTED,False,https://textgridrep.org/browse/textgrid:49nrk.0,Keep restricted; obtain permission or exclude from public/commercial use.
TG-GRE-0756,Vajracchedikāṭīkā,Kamalaśīla,Darśana Collection,textgrid:49nrm.0,textgrid:49nrp.0,textgrid:49nrn.0,handle:hdl:21.11113/0000-0016-D0A9-E,https://creativecommons.org/licenses/by-nc-sa/4.0/,Distributed under a Creative Commons Attribution-NonCommercial-ShareAlike 4.0 International License.,GRETIL project,NONCOMMERCIAL_RESTRICTED,False,https://textgridrep.org/browse/textgrid:49nrp.0,Keep restricted; obtain permission or exclude from public/commercial use.
TG-GRE-0757,Mahāparinirvāṇasūtra,,Darśana Collection,textgrid:49nrq.0,textgrid:49nrs.0,textgrid:49nrr.0,handle:hdl:21.11113/0000-0016-D0AC-B,https://creativecommons.org/licenses/by-nc-sa/4.0/,Distributed under a Creative Commons Attribution-NonCommercial-ShareAlike 4.0 International License.,GRETIL project,NONCOMMERCIAL_RESTRICTED,False,https://textgridrep.org/browse/textgrid:49nrs.0,Keep restricted; obtain permission or exclude from public/commercial use.
TG-GRE-0758,Mahāsaṃnipātaratnaketudhāraṇīsūtra or Ratnaketuparivarta (=RKP),,Darśana Collection,textgrid:49nrt.0,textgrid:49nrw.0,textgrid:49nrv.0,handle:hdl:21.11113/0000-0016-D0AF-8,https://creativecommons.org/licenses/by-nc-sa/4.0/,Distributed under a Creative Commons Attribution-NonCommercial-ShareAlike 4.0 International License.,GRETIL project,NONCOMMERCIAL_RESTRICTED,False,https://textgridrep.org/browse/textgrid:49nrw.0,Keep restricted; obtain permission or exclude from public/commercial use.
TG-GRE-0759,Cīvaravastu,,Darśana Collection,textgrid:49nrx.0,textgrid:49ns0.0,textgrid:49nrz.0,handle:hdl:21.11113/0000-0016-D0B2-3,https://creativecommons.org/licenses/by-nc-sa/4.0/,Distributed under a Creative Commons Attribution-NonCommercial-ShareAlike 4.0 International License.,GRETIL project,NONCOMMERCIAL_RESTRICTED,False,https://textgridrep.org/browse/textgrid:49ns0.0,Keep restricted; obtain permission or exclude from public/commercial use.
TG-GRE-0760,Svayaṃbhupurāṇa,,Darśana Collection,textgrid:49ns1.0,textgrid:49ns3.0,textgrid:49ns2.0,handle:hdl:21.11113/0000-0016-D0B5-0,https://creativecommons.org/licenses/by-nc-sa/4.0/,Distributed under a Creative Commons Attribution-NonCommercial-ShareAlike 4.0 International License.,GRETIL project,NONCOMMERCIAL_RESTRICTED,False,https://textgridrep.org/browse/textgrid:49ns3.0,Keep restricted; obtain permission or exclude from public/commercial use.
TG-GRE-0761,"Tattvacintāmaṇi, Śabdakhāṇḍa from Śabdaprāmāṇyavāda to Jātiśaktivāda (incomplete)",Gāṅgeśa,Darśana Collection,textgrid:49ns4.0,textgrid:49ns6.0,textgrid:49ns5.0,handle:hdl:21.11113/0000-0016-D0B8-D,https://creativecommons.org/licenses/by-nc-sa/4.0/,Distributed under a Creative Commons Attribution-NonCommercial-ShareAlike 4.0 International License.,GRETIL project,NONCOMMERCIAL_RESTRICTED,False,https://textgridrep.org/browse/textgrid:49ns6.0,Keep restricted; obtain permission or exclude from public/commercial use.
TG-GRE-0762,Nyāyakusumāñjali,Udayana,Darśana Collection,textgrid:49ns7.0,textgrid:49ns9.0,textgrid:49ns8.0,handle:hdl:21.11113/0000-0016-D0BB-A,https://creativecommons.org/licenses/by-nc-sa/4.0/,Distributed under a Creative Commons Attribution-NonCommercial-ShareAlike 4.0 International License.,GRETIL project,NONCOMMERCIAL_RESTRICTED,False,https://textgridrep.org/browse/textgrid:49ns9.0,Keep restricted; obtain permission or exclude from public/commercial use.
TG-GRE-0763,Hetubinduṭīkā,Arcaṭa,Darśana Collection,textgrid:49nsb.0,textgrid:49nsd.0,textgrid:49nsc.0,handle:hdl:21.11113/0000-0016-D0BE-7,https://creativecommons.org/licenses/by-nc-sa/4.0/,Distributed under a Creative Commons Attribution-NonCommercial-ShareAlike 4.0 International License.,GRETIL project,NONCOMMERCIAL_RESTRICTED,False,https://textgridrep.org/browse/textgrid:49nsd.0,Keep restricted; obtain permission or exclude from public/commercial use.
TG-GRE-0764,Jātakamālā,Āryaśūra,Darśana Collection,textgrid:49nsf.0,textgrid:49nsh.0,textgrid:49nsg.0,handle:hdl:21.11113/0000-0016-D0C1-2,https://creativecommons.org/licenses/by-nc-sa/4.0/,Distributed under a Creative Commons Attribution-NonCommercial-ShareAlike 4.0 International License.,GRETIL project,NONCOMMERCIAL_RESTRICTED,False,https://textgridrep.org/browse/textgrid:49nsh.0,Keep restricted; obtain permission or exclude from public/commercial use.
TG-GRE-0765,Prakaraṇapañcikā with Nārāyaṇabhaṭṭa's Nyāyasiddhi,Śālikanāthamiśra,Darśana Collection,textgrid:49nsj.0,textgrid:49nsm.0,textgrid:49nsk.0,handle:hdl:21.11113/0000-0016-D0C4-F,https://creativecommons.org/licenses/by-nc-sa/4.0/,Distributed under a Creative Commons Attribution-NonCommercial-ShareAlike 4.0 International License.,GRETIL project,NONCOMMERCIAL_RESTRICTED,False,https://textgridrep.org/browse/textgrid:49nsm.0,Keep restricted; obtain permission or exclude from public/commercial use.
TG-GRE-0766,"Śāstradīpikā (Jaimini's Mīmāṃsāsūtra 1,1.1-23)",Pārthasārathimiśra,Darśana Collection,textgrid:49nsn.0,textgrid:49nsq.0,textgrid:49nsp.0,handle:hdl:21.11113/0000-0016-D0C7-C,https://creativecommons.org/licenses/by-nc-sa/4.0/,Distributed under a Creative Commons Attribution-NonCommercial-ShareAlike 4.0 International License.,GRETIL project,NONCOMMERCIAL_RESTRICTED,False,https://textgridrep.org/browse/textgrid:49nsq.0,Keep restricted; obtain permission or exclude from public/commercial use.
TG-GRE-0767,Bodhisattvayogācāracatuḥśatakaṭīkā,Candrakīrti,Darśana Collection,textgrid:49nsr.0,textgrid:49nst.0,textgrid:49nss.0,handle:hdl:21.11113/0000-0016-D0CA-9,https://creativecommons.org/licenses/by-nc-sa/4.0/,Distributed under a Creative Commons Attribution-NonCommercial-ShareAlike 4.0 International License.,GRETIL project,NONCOMMERCIAL_RESTRICTED,False,https://textgridrep.org/browse/textgrid:49nst.0,Keep restricted; obtain permission or exclude from public/commercial use.
TG-GRE-0768,Mālinīślokavārttika,Abhinavagupta,Darśana Collection,textgrid:49nsv.0,textgrid:49nsx.0,textgrid:49nsw.0,handle:hdl:21.11113/0000-0016-D0CD-6,https://creativecommons.org/licenses/by-nc-sa/4.0/,Distributed under a Creative Commons Attribution-NonCommercial-ShareAlike 4.0 International License.,GRETIL project,NONCOMMERCIAL_RESTRICTED,False,https://textgridrep.org/browse/textgrid:49nsx.0,Keep restricted; obtain permission or exclude from public/commercial use.
TG-GRE-0769,Tattvopaplavasiṃha,Jayarāśi,Darśana Collection,textgrid:49nsz.0,textgrid:49nt1.0,textgrid:49nt0.0,handle:hdl:21.11113/0000-0016-D0D0-1,https://creativecommons.org/licenses/by-nc-sa/4.0/,Distributed under a Creative Commons Attribution-NonCommercial-ShareAlike 4.0 International License.,GRETIL project,NONCOMMERCIAL_RESTRICTED,False,https://textgridrep.org/browse/textgrid:49nt1.0,Keep restricted; obtain permission or exclude from public/commercial use.
TG-GRE-0770,Anuvyākhyāna a Dvaita verse commentary on Bādarāyaṇa's Brahmasūtra,Mādhva,Darśana Collection,textgrid:49nt2.0,textgrid:49nt4.0,textgrid:49nt3.0,handle:hdl:21.11113/0000-0016-D0D3-E,https://creativecommons.org/licenses/by-nc-sa/4.0/,Distributed under a Creative Commons Attribution-NonCommercial-ShareAlike 4.0 International License.,GRETIL project,NONCOMMERCIAL_RESTRICTED,False,https://textgridrep.org/browse/textgrid:49nt4.0,Keep restricted; obtain permission or exclude from public/commercial use.
TG-GRE-0771,Daśabhūmikasūtra,,Darśana Collection,textgrid:49nt5.0,textgrid:49nt7.0,textgrid:49nt6.0,handle:hdl:21.11113/0000-0016-D0D6-B,https://creativecommons.org/licenses/by-nc-sa/4.0/,Distributed under a Creative Commons Attribution-NonCommercial-ShareAlike 4.0 International License.,GRETIL project,NONCOMMERCIAL_RESTRICTED,False,https://textgridrep.org/browse/textgrid:49nt7.0,Keep restricted; obtain permission or exclude from public/commercial use.
TG-GRE-0772,Dvāviṃśatyavadānakathā,,Darśana Collection,textgrid:49nt8.0,textgrid:49ntb.0,textgrid:49nt9.0,handle:hdl:21.11113/0000-0016-D0D9-8,https://creativecommons.org/licenses/by-nc-sa/4.0/,Distributed under a Creative Commons Attribution-NonCommercial-ShareAlike 4.0 International License.,GRETIL project,NONCOMMERCIAL_RESTRICTED,False,https://textgridrep.org/browse/textgrid:49ntb.0,Keep restricted; obtain permission or exclude from public/commercial use.
TG-GRE-0773,Ātmasiddhi,Yāmuna,Darśana Collection,textgrid:49ntc.0,textgrid:49ntf.0,textgrid:49ntd.0,handle:hdl:21.11113/0000-0016-D0DC-5,https://creativecommons.org/licenses/by-nc-sa/4.0/,Distributed under a Creative Commons Attribution-NonCommercial-ShareAlike 4.0 International License.,GRETIL project,NONCOMMERCIAL_RESTRICTED,False,https://textgridrep.org/browse/textgrid:49ntf.0,Keep restricted; obtain permission or exclude from public/commercial use.
TG-GRE-0774,Hetubinduṭīkā (commentary on Dharmakīrti's Hetubindu),Arcaṭa,Darśana Collection,textgrid:49ntg.0,textgrid:49ntj.0,textgrid:49nth.0,handle:hdl:21.11113/0000-0016-D0DF-2,https://creativecommons.org/licenses/by-nc-sa/4.0/,Distributed under a Creative Commons Attribution-NonCommercial-ShareAlike 4.0 International License.,GRETIL project,NONCOMMERCIAL_RESTRICTED,False,https://textgridrep.org/browse/textgrid:49ntj.0,Keep restricted; obtain permission or exclude from public/commercial use.
TG-GRE-0775,Gheraṇḍasaṃhitā,,Darśana Collection,textgrid:49ntk.0,textgrid:49ntn.0,textgrid:49ntm.0,handle:hdl:21.11113/0000-0016-D0E2-D,https://creativecommons.org/licenses/by-nc-sa/4.0/,Distributed under a Creative Commons Attribution-NonCommercial-ShareAlike 4.0 International License.,GRETIL project,NONCOMMERCIAL_RESTRICTED,False,https://textgridrep.org/browse/textgrid:49ntn.0,Keep restricted; obtain permission or exclude from public/commercial use.
TG-GRE-0776,Jātakamālā,Gopadatta,Darśana Collection,textgrid:49ntp.0,textgrid:49ntr.0,textgrid:49ntq.0,handle:hdl:21.11113/0000-0016-D0E5-A,https://creativecommons.org/licenses/by-nc-sa/4.0/,Distributed under a Creative Commons Attribution-NonCommercial-ShareAlike 4.0 International License.,GRETIL project,NONCOMMERCIAL_RESTRICTED,False,https://textgridrep.org/browse/textgrid:49ntr.0,Keep restricted; obtain permission or exclude from public/commercial use.
TG-GRE-0777,Brahmasiddhi,Mandanamiśra,Darśana Collection,textgrid:49nts.0,textgrid:49ntv.0,textgrid:49ntt.0,handle:hdl:21.11113/0000-0016-D0E8-7,https://creativecommons.org/licenses/by-nc-sa/4.0/,Distributed under a Creative Commons Attribution-NonCommercial-ShareAlike 4.0 International License.,GRETIL project,NONCOMMERCIAL_RESTRICTED,False,https://textgridrep.org/browse/textgrid:49ntv.0,Keep restricted; obtain permission or exclude from public/commercial use.
TG-GRE-0778,Śrāvakabhūmi,,Darśana Collection,textgrid:49ntw.0,textgrid:49ntz.0,textgrid:49ntx.0,handle:hdl:21.11113/0000-0016-D0EB-4,https://creativecommons.org/licenses/by-nc-sa/4.0/,Distributed under a Creative Commons Attribution-NonCommercial-ShareAlike 4.0 International License.,GRETIL project,NONCOMMERCIAL_RESTRICTED,False,https://textgridrep.org/browse/textgrid:49ntz.0,Keep restricted; obtain permission or exclude from public/commercial use.
TG-GRE-0779,Nibandhāvalī,Ratnakīrti,Darśana Collection,textgrid:49nv0.0,textgrid:49nv2.0,textgrid:49nv1.0,handle:hdl:21.11113/0000-0016-D0EE-1,https://creativecommons.org/licenses/by-nc-sa/4.0/,Distributed under a Creative Commons Attribution-NonCommercial-ShareAlike 4.0 International License.,GRETIL project,NONCOMMERCIAL_RESTRICTED,False,https://textgridrep.org/browse/textgrid:49nv2.0,Keep restricted; obtain permission or exclude from public/commercial use.
TG-GRE-0780,Abhisamācārikadharma,,Darśana Collection,textgrid:49nv3.0,textgrid:49nv5.0,textgrid:49nv4.0,handle:hdl:21.11113/0000-0016-D0F1-C,https://creativecommons.org/licenses/by-nc-sa/4.0/,Distributed under a Creative Commons Attribution-NonCommercial-ShareAlike 4.0 International License.,GRETIL project,NONCOMMERCIAL_RESTRICTED,False,https://textgridrep.org/browse/textgrid:49nv5.0,Keep restricted; obtain permission or exclude from public/commercial use.
TG-GRE-0781,Madhyamakāloka,Kamalaśīla,Darśana Collection,textgrid:49nv6.0,textgrid:49nv8.0,textgrid:49nv7.0,handle:hdl:21.11113/0000-0016-D0F4-9,https://creativecommons.org/licenses/by-nc-sa/4.0/,Distributed under a Creative Commons Attribution-NonCommercial-ShareAlike 4.0 International License.,GRETIL project,NONCOMMERCIAL_RESTRICTED,False,https://textgridrep.org/browse/textgrid:49nv8.0,Keep restricted; obtain permission or exclude from public/commercial use.
TG-GRE-0782,Nyāyabinduprakaraṇa with Vinītadeva's Nyāyabinduvistaraṭīkā (Śiṣyahita) and Dharmottara's Nyāyabinduṭīkā,Dharmakīrti,Darśana Collection,textgrid:49nv9.0,textgrid:49nvc.0,textgrid:49nvb.0,handle:hdl:21.11113/0000-0016-D0F7-6,https://creativecommons.org/licenses/by-nc-sa/4.0/,Distributed under a Creative Commons Attribution-NonCommercial-ShareAlike 4.0 International License.,GRETIL project,NONCOMMERCIAL_RESTRICTED,False,https://textgridrep.org/browse/textgrid:49nvc.0,Keep restricted; obtain permission or exclude from public/commercial use.
TG-GRE-0783,Pramāṇavārttisvavṛtti,Dharmakīrti,Darśana Collection,textgrid:49nvd.0,textgrid:49nvg.0,textgrid:49nvf.0,handle:hdl:21.11113/0000-0016-D0FA-3,https://creativecommons.org/licenses/by-nc-sa/4.0/,Distributed under a Creative Commons Attribution-NonCommercial-ShareAlike 4.0 International License.,GRETIL project,NONCOMMERCIAL_RESTRICTED,False,https://textgridrep.org/browse/textgrid:49nvg.0,Keep restricted; obtain permission or exclude from public/commercial use.
TG-GRE-0784,Yuktidīpikā a commentary on Īśvarakṛṣṇa's Sāṃkhyakārikā,,Darśana Collection,textgrid:49nvh.0,textgrid:49nvk.0,textgrid:49nvj.0,handle:hdl:21.11113/0000-0016-D0FD-0,https://creativecommons.org/licenses/by-nc-sa/4.0/,Distributed under a Creative Commons Attribution-NonCommercial-ShareAlike 4.0 International License.,GRETIL project,NONCOMMERCIAL_RESTRICTED,False,https://textgridrep.org/browse/textgrid:49nvk.0,Keep restricted; obtain permission or exclude from public/commercial use.
TG-GRE-0785,Abhidharmadīpa with auto(?)entary Vibhāṣāprabhāvṛtti,Vimalamitra,Darśana Collection,textgrid:49nvm.0,textgrid:49nvp.0,textgrid:49nvn.0,handle:hdl:21.11113/0000-0016-D100-B,https://creativecommons.org/licenses/by-nc-sa/4.0/,Distributed under a Creative Commons Attribution-NonCommercial-ShareAlike 4.0 International License.,GRETIL project,NONCOMMERCIAL_RESTRICTED,False,https://textgridrep.org/browse/textgrid:49nvp.0,Keep restricted; obtain permission or exclude from public/commercial use.
TG-GRE-0786,Sāratama,Ratnākaraśānti,Darśana Collection,textgrid:49nvq.0,textgrid:49nvs.0,textgrid:49nvr.0,handle:hdl:21.11113/0000-0016-D103-8,https://creativecommons.org/licenses/by-nc-sa/4.0/,Distributed under a Creative Commons Attribution-NonCommercial-ShareAlike 4.0 International License.,GRETIL project,NONCOMMERCIAL_RESTRICTED,False,https://textgridrep.org/browse/textgrid:49nvs.0,Keep restricted; obtain permission or exclude from public/commercial use.
TG-GRE-0787,Vinayasūtra,,Darśana Collection,textgrid:49nvt.0,textgrid:49nvw.0,textgrid:49nvv.0,handle:hdl:21.11113/0000-0016-D106-5,https://creativecommons.org/licenses/by-nc-sa/4.0/,Distributed under a Creative Commons Attribution-NonCommercial-ShareAlike 4.0 International License.,GRETIL project,NONCOMMERCIAL_RESTRICTED,False,https://textgridrep.org/browse/textgrid:49nvw.0,Keep restricted; obtain permission or exclude from public/commercial use.
TG-GRE-0788,Abhidharmasamuccayabhāṣya,,Darśana Collection,textgrid:49nvx.0,textgrid:49nw0.0,textgrid:49nvz.0,handle:hdl:21.11113/0000-0016-D109-2,https://creativecommons.org/licenses/by-nc-sa/4.0/,Distributed under a Creative Commons Attribution-NonCommercial-ShareAlike 4.0 International License.,GRETIL project,NONCOMMERCIAL_RESTRICTED,False,https://textgridrep.org/browse/textgrid:49nw0.0,Keep restricted; obtain permission or exclude from public/commercial use.
TG-GRE-0789,Īśvarapratyabhijñāvimarśinī,Abhinavagupta,Darśana Collection,textgrid:49nw1.0,textgrid:49nw3.0,textgrid:49nw2.0,handle:hdl:21.11113/0000-0016-D10C-F,https://creativecommons.org/licenses/by-nc-sa/4.0/,Distributed under a Creative Commons Attribution-NonCommercial-ShareAlike 4.0 International License.,GRETIL project,NONCOMMERCIAL_RESTRICTED,False,https://textgridrep.org/browse/textgrid:49nw3.0,Keep restricted; obtain permission or exclude from public/commercial use.
TG-GRE-0790,Saddharmalaṅkāvatārasūtra,,Darśana Collection,textgrid:49nw4.0,textgrid:49nw6.0,textgrid:49nw5.0,handle:hdl:21.11113/0000-0016-D10F-C,https://creativecommons.org/licenses/by-nc-sa/4.0/,Distributed under a Creative Commons Attribution-NonCommercial-ShareAlike 4.0 International License.,GRETIL project,NONCOMMERCIAL_RESTRICTED,False,https://textgridrep.org/browse/textgrid:49nw6.0,Keep restricted; obtain permission or exclude from public/commercial use.
TG-GRE-0791,Sarvatathāgatatattvasaṃgraha,,Darśana Collection,textgrid:49nw7.0,textgrid:49nw9.0,textgrid:49nw8.0,handle:hdl:21.11113/0000-0016-D112-7,https://creativecommons.org/licenses/by-nc-sa/4.0/,Distributed under a Creative Commons Attribution-NonCommercial-ShareAlike 4.0 International License.,GRETIL project,NONCOMMERCIAL_RESTRICTED,False,https://textgridrep.org/browse/textgrid:49nw9.0,Keep restricted; obtain permission or exclude from public/commercial use.
TG-GRE-0792,Dharmasamuccaya,,Darśana Collection,textgrid:49nwb.0,textgrid:49nwd.0,textgrid:49nwc.0,handle:hdl:21.11113/0000-0016-D115-4,https://creativecommons.org/licenses/by-nc-sa/4.0/,Distributed under a Creative Commons Attribution-NonCommercial-ShareAlike 4.0 International License.,GRETIL project,NONCOMMERCIAL_RESTRICTED,False,https://textgridrep.org/browse/textgrid:49nwd.0,Keep restricted; obtain permission or exclude from public/commercial use.
TG-GRE-0793,Nyāyavārttikatātparyapariśuddhi 1,Udayana,Darśana Collection,textgrid:49nwf.0,textgrid:49nwh.0,textgrid:49nwg.0,handle:hdl:21.11113/0000-0016-D118-1,https://creativecommons.org/licenses/by-nc-sa/4.0/,Distributed under a Creative Commons Attribution-NonCommercial-ShareAlike 4.0 International License.,GRETIL project,NONCOMMERCIAL_RESTRICTED,False,https://textgridrep.org/browse/textgrid:49nwh.0,Keep restricted; obtain permission or exclude from public/commercial use.
TG-GRE-0794,Śikṣāsamuccaya,Śāntideva,Darśana Collection,textgrid:49nwj.0,textgrid:49nwm.0,textgrid:49nwk.0,handle:hdl:21.11113/0000-0016-D11B-E,https://creativecommons.org/licenses/by-nc-sa/4.0/,Distributed under a Creative Commons Attribution-NonCommercial-ShareAlike 4.0 International License.,GRETIL project,NONCOMMERCIAL_RESTRICTED,False,https://textgridrep.org/browse/textgrid:49nwm.0,Keep restricted; obtain permission or exclude from public/commercial use.
TG-GRE-0795,"Jātakamālā, 1-8, 11-12, 19-20, 22, 24, 26, 32, 35",Haribhaṭṭa,Darśana Collection,textgrid:49nwn.0,textgrid:49nwq.0,textgrid:49nwp.0,handle:hdl:21.11113/0000-0016-D11E-B,https://creativecommons.org/licenses/by-nc-sa/4.0/,Distributed under a Creative Commons Attribution-NonCommercial-ShareAlike 4.0 International License.,GRETIL project,NONCOMMERCIAL_RESTRICTED,False,https://textgridrep.org/browse/textgrid:49nwq.0,Keep restricted; obtain permission or exclude from public/commercial use.
TG-GRE-0796,Bhagavadāśayānusaraṇabhāsya,Bhāskara,Darśana Collection,textgrid:49nwr.0,textgrid:49nwt.0,textgrid:49nws.0,handle:hdl:21.11113/0000-0016-D121-6,https://creativecommons.org/licenses/by-nc-sa/4.0/,Distributed under a Creative Commons Attribution-NonCommercial-ShareAlike 4.0 International License.,GRETIL project,NONCOMMERCIAL_RESTRICTED,False,https://textgridrep.org/browse/textgrid:49nwt.0,Keep restricted; obtain permission or exclude from public/commercial use.
TG-GRE-0797,Samādhirājasūtra,,Darśana Collection,textgrid:49nwv.0,textgrid:49nwx.0,textgrid:49nww.0,handle:hdl:21.11113/0000-0016-D124-3,https://creativecommons.org/licenses/by-nc-sa/4.0/,Distributed under a Creative Commons Attribution-NonCommercial-ShareAlike 4.0 International License.,GRETIL project,NONCOMMERCIAL_RESTRICTED,False,https://textgridrep.org/browse/textgrid:49nwx.0,Keep restricted; obtain permission or exclude from public/commercial use.
TG-GRE-0798,Karuṇāpuṇḍarīkasūtra,,Darśana Collection,textgrid:49nwz.0,textgrid:49nx1.0,textgrid:49nx0.0,handle:hdl:21.11113/0000-0016-D127-0,https://creativecommons.org/licenses/by-nc-sa/4.0/,Distributed under a Creative Commons Attribution-NonCommercial-ShareAlike 4.0 International License.,GRETIL project,NONCOMMERCIAL_RESTRICTED,False,https://textgridrep.org/browse/textgrid:49nx1.0,Keep restricted; obtain permission or exclude from public/commercial use.
TG-GRE-0799,Mīmāṃsaślokavārttika with Sucaritamiśra's Kāśikā,Kumārila,Darśana Collection,textgrid:49nx2.0,textgrid:49nx4.0,textgrid:49nx3.0,handle:hdl:21.11113/0000-0016-D12A-D,https://creativecommons.org/licenses/by-nc-sa/4.0/,Distributed under a Creative Commons Attribution-NonCommercial-ShareAlike 4.0 International License.,GRETIL project,NONCOMMERCIAL_RESTRICTED,False,https://textgridrep.org/browse/textgrid:49nx4.0,Keep restricted; obtain permission or exclude from public/commercial use.
TG-GRE-0800,Śikṣāsamuccaya,Śāntideva,Darśana Collection,textgrid:49nx5.0,textgrid:49nx7.0,textgrid:49nx6.0,handle:hdl:21.11113/0000-0016-D12D-A,https://creativecommons.org/licenses/by-nc-sa/4.0/,Distributed under a Creative Commons Attribution-NonCommercial-ShareAlike 4.0 International License.,GRETIL project,NONCOMMERCIAL_RESTRICTED,False,https://textgridrep.org/browse/textgrid:49nx7.0,Keep restricted; obtain permission or exclude from public/commercial use.
TG-GRE-0801,Nyāyasūtra with Vātsyāyana's Nyāyabhāṣya,Gautama,Darśana Collection,textgrid:49nx8.0,textgrid:49nxb.0,textgrid:49nx9.0,handle:hdl:21.11113/0000-0016-D130-5,https://creativecommons.org/licenses/by-nc-sa/4.0/,Distributed under a Creative Commons Attribution-NonCommercial-ShareAlike 4.0 International License.,GRETIL project,NONCOMMERCIAL_RESTRICTED,False,https://textgridrep.org/browse/textgrid:49nxb.0,Keep restricted; obtain permission or exclude from public/commercial use.
TG-GRE-0802,Nyāyasūtra with Vātsyāyana's Nyāyabhāṣya,Gautama,Darśana Collection,textgrid:49nxc.0,textgrid:49nxf.0,textgrid:49nxd.0,handle:hdl:21.11113/0000-0016-D133-2,https://creativecommons.org/licenses/by-nc-sa/4.0/,Distributed under a Creative Commons Attribution-NonCommercial-ShareAlike 4.0 International License.,GRETIL project,NONCOMMERCIAL_RESTRICTED,False,https://textgridrep.org/browse/textgrid:49nxf.0,Keep restricted; obtain permission or exclude from public/commercial use.
TG-GRE-0803,Nyāyavārttikatātparyapariśuddhi 1,Udayana,Darśana Collection,textgrid:49nxg.0,textgrid:49nxj.0,textgrid:49nxh.0,handle:hdl:21.11113/0000-0016-D136-F,https://creativecommons.org/licenses/by-nc-sa/4.0/,Distributed under a Creative Commons Attribution-NonCommercial-ShareAlike 4.0 International License.,GRETIL project,NONCOMMERCIAL_RESTRICTED,False,https://textgridrep.org/browse/textgrid:49nxj.0,Keep restricted; obtain permission or exclude from public/commercial use.
TG-GRE-0804,Bhikṣuṇīvinaya,,Darśana Collection,textgrid:49nxk.0,textgrid:49nxn.0,textgrid:49nxm.0,handle:hdl:21.11113/0000-0016-D139-C,https://creativecommons.org/licenses/by-nc-sa/4.0/,Distributed under a Creative Commons Attribution-NonCommercial-ShareAlike 4.0 International License.,GRETIL project,NONCOMMERCIAL_RESTRICTED,False,https://textgridrep.org/browse/textgrid:49nxn.0,Keep restricted; obtain permission or exclude from public/commercial use.
TG-GRE-0805,Saddharmapuṇḍarīkasūtra,,Darśana Collection,textgrid:49nxp.0,textgrid:49nxr.0,textgrid:49nxq.0,handle:hdl:21.11113/0000-0016-D13C-9,https://creativecommons.org/licenses/by-nc-sa/4.0/,Distributed under a Creative Commons Attribution-NonCommercial-ShareAlike 4.0 International License.,GRETIL project,NONCOMMERCIAL_RESTRICTED,False,https://textgridrep.org/browse/textgrid:49nxr.0,Keep restricted; obtain permission or exclude from public/commercial use.
TG-GRE-0806,Śrāvakabhūmi,Asaṅga,Darśana Collection,textgrid:49nxs.0,textgrid:49nxv.0,textgrid:49nxt.0,handle:hdl:21.11113/0000-0016-D13F-6,https://creativecommons.org/licenses/by-nc-sa/4.0/,Distributed under a Creative Commons Attribution-NonCommercial-ShareAlike 4.0 International License.,GRETIL project,NONCOMMERCIAL_RESTRICTED,False,https://textgridrep.org/browse/textgrid:49nxv.0,Keep restricted; obtain permission or exclude from public/commercial use.
TG-GRE-0807,Bhagavadgītā with the commentary ascribed to Śaṃkara (Adhyāyas 1-17),,Darśana Collection,textgrid:49nxw.0,textgrid:49nxz.0,textgrid:49nxx.0,handle:hdl:21.11113/0000-0016-D142-1,https://creativecommons.org/licenses/by-nc-sa/4.0/,Distributed under a Creative Commons Attribution-NonCommercial-ShareAlike 4.0 International License.,GRETIL project,NONCOMMERCIAL_RESTRICTED,False,https://textgridrep.org/browse/textgrid:49nxz.0,Keep restricted; obtain permission or exclude from public/commercial use.
TG-GRE-0808,Bhaiṣajyavastu,,Darśana Collection,textgrid:49nz0.0,textgrid:49nz2.0,textgrid:49nz1.0,handle:hdl:21.11113/0000-0016-D145-E,https://creativecommons.org/licenses/by-nc-sa/4.0/,Distributed under a Creative Commons Attribution-NonCommercial-ShareAlike 4.0 International License.,GRETIL project,NONCOMMERCIAL_RESTRICTED,False,https://textgridrep.org/browse/textgrid:49nz2.0,Keep restricted; obtain permission or exclude from public/commercial use.
TG-GRE-0809,108 Buddhist stotras,,Darśana Collection,textgrid:49nz3.0,textgrid:49nz5.0,textgrid:49nz4.0,handle:hdl:21.11113/0000-0016-D148-B,https://creativecommons.org/licenses/by-nc-sa/4.0/,Distributed under a Creative Commons Attribution-NonCommercial-ShareAlike 4.0 International License.,GRETIL project,NONCOMMERCIAL_RESTRICTED,False,https://textgridrep.org/browse/textgrid:49nz5.0,Keep restricted; obtain permission or exclude from public/commercial use.
TG-GRE-0810,"Jaiminīyanyāyamālāvistara a metrical exposition of Jaimini's Mīmāṃsāsūtra, with Mādhava's prose commentary",Mādhava,Darśana Collection,textgrid:49nz6.0,textgrid:49nz8.0,textgrid:49nz7.0,handle:hdl:21.11113/0000-0016-D14B-8,https://creativecommons.org/licenses/by-nc-sa/4.0/,Distributed under a Creative Commons Attribution-NonCommercial-ShareAlike 4.0 International License.,GRETIL project,NONCOMMERCIAL_RESTRICTED,False,https://textgridrep.org/browse/textgrid:49nz8.0,Keep restricted; obtain permission or exclude from public/commercial use.
TG-GRE-0811,Hetubinduṭīkāloka (subcommentary on Arcaṭa's Hetubinduṭīkā on Dharmakīrti's Hetubindu),Durvekamiśra,Darśana Collection,textgrid:49nz9.0,textgrid:49nzc.0,textgrid:49nzb.0,handle:hdl:21.11113/0000-0016-D14E-5,https://creativecommons.org/licenses/by-nc-sa/4.0/,Distributed under a Creative Commons Attribution-NonCommercial-ShareAlike 4.0 International License.,GRETIL project,NONCOMMERCIAL_RESTRICTED,False,https://textgridrep.org/browse/textgrid:49nzc.0,Keep restricted; obtain permission or exclude from public/commercial use.
TG-GRE-0812,Guṇakāraṇḍavyūhasūtra,,Darśana Collection,textgrid:49nzd.0,textgrid:49nzg.0,textgrid:49nzf.0,handle:hdl:21.11113/0000-0016-D151-0,https://creativecommons.org/licenses/by-nc-sa/4.0/,Distributed under a Creative Commons Attribution-NonCommercial-ShareAlike 4.0 International License.,GRETIL project,NONCOMMERCIAL_RESTRICTED,False,https://textgridrep.org/browse/textgrid:49nzg.0,Keep restricted; obtain permission or exclude from public/commercial use.
TG-GRE-0813,Tattvasaṃgraha,Śāntarakṣita,Darśana Collection,textgrid:49nzh.0,textgrid:49nzk.0,textgrid:49nzj.0,handle:hdl:21.11113/0000-0016-D154-D,https://creativecommons.org/licenses/by-nc-sa/4.0/,Distributed under a Creative Commons Attribution-NonCommercial-ShareAlike 4.0 International License.,GRETIL project,NONCOMMERCIAL_RESTRICTED,False,https://textgridrep.org/browse/textgrid:49nzk.0,Keep restricted; obtain permission or exclude from public/commercial use.
TG-GRE-0814,Bodhisattvabhūmi,,Darśana Collection,textgrid:49nzm.0,textgrid:49nzp.0,textgrid:49nzn.0,handle:hdl:21.11113/0000-0016-D157-A,https://creativecommons.org/licenses/by-nc-sa/4.0/,Distributed under a Creative Commons Attribution-NonCommercial-ShareAlike 4.0 International License.,GRETIL project,NONCOMMERCIAL_RESTRICTED,False,https://textgridrep.org/browse/textgrid:49nzp.0,Keep restricted; obtain permission or exclude from public/commercial use.
TG-GRE-0815,Avadānakalpalatā,Kṣemendra,Darśana Collection,textgrid:49nzq.0,textgrid:49nzs.0,textgrid:49nzr.0,handle:hdl:21.11113/0000-0016-D15A-7,https://creativecommons.org/licenses/by-nc-sa/4.0/,Distributed under a Creative Commons Attribution-NonCommercial-ShareAlike 4.0 International License.,GRETIL project,NONCOMMERCIAL_RESTRICTED,False,https://textgridrep.org/browse/textgrid:49nzs.0,Keep restricted; obtain permission or exclude from public/commercial use.
TG-GRE-0816,"Aṣṭādaśasāhasrikā Prajñāpāramitā, 55-82",,Darśana Collection,textgrid:49nzt.0,textgrid:49nzw.0,textgrid:49nzv.0,handle:hdl:21.11113/0000-0016-D15D-4,https://creativecommons.org/licenses/by-nc-sa/4.0/,Distributed under a Creative Commons Attribution-NonCommercial-ShareAlike 4.0 International License.,GRETIL project,NONCOMMERCIAL_RESTRICTED,False,https://textgridrep.org/browse/textgrid:49nzw.0,Keep restricted; obtain permission or exclude from public/commercial use.
TG-GRE-0817,Prasannapada,Candrakīrti,Darśana Collection,textgrid:49nzx.0,textgrid:49p00.0,textgrid:49nzz.0,handle:hdl:21.11113/0000-0016-D160-F,https://creativecommons.org/licenses/by-nc-sa/4.0/,Distributed under a Creative Commons Attribution-NonCommercial-ShareAlike 4.0 International License.,GRETIL project,NONCOMMERCIAL_RESTRICTED,False,https://textgridrep.org/browse/textgrid:49p00.0,Keep restricted; obtain permission or exclude from public/commercial use.
TG-GRE-0818,Bodhicaryāvatārapañjikā,Prajñākaramati,Darśana Collection,textgrid:49p01.0,textgrid:49p03.0,textgrid:49p02.0,handle:hdl:21.11113/0000-0016-D163-C,https://creativecommons.org/licenses/by-nc-sa/4.0/,Distributed under a Creative Commons Attribution-NonCommercial-ShareAlike 4.0 International License.,GRETIL project,NONCOMMERCIAL_RESTRICTED,False,https://textgridrep.org/browse/textgrid:49p03.0,Keep restricted; obtain permission or exclude from public/commercial use.
TG-GRE-0819,Lalitavistara,,Darśana Collection,textgrid:49p04.0,textgrid:49p06.0,textgrid:49p05.0,handle:hdl:21.11113/0000-0016-D166-9,https://creativecommons.org/licenses/by-nc-sa/4.0/,Distributed under a Creative Commons Attribution-NonCommercial-ShareAlike 4.0 International License.,GRETIL project,NONCOMMERCIAL_RESTRICTED,False,https://textgridrep.org/browse/textgrid:49p06.0,Keep restricted; obtain permission or exclude from public/commercial use.
TG-GRE-0820,"Brahmasūtra, 1.1-1.3 with the Bhāṣya by Mādhva (Ānandatīrtha), and Jagannāthatīrtha's Dīpikā",Bādarāyaṇa,Darśana Collection,textgrid:49p07.0,textgrid:49p09.0,textgrid:49p08.0,handle:hdl:21.11113/0000-0016-D169-6,https://creativecommons.org/licenses/by-nc-sa/4.0/,Distributed under a Creative Commons Attribution-NonCommercial-ShareAlike 4.0 International License.,GRETIL project,NONCOMMERCIAL_RESTRICTED,False,https://textgridrep.org/browse/textgrid:49p09.0,Keep restricted; obtain permission or exclude from public/commercial use.
TG-GRE-0821,Mahābhāratatātparyanirṇaya,Mādhva,Darśana Collection,textgrid:49p0b.0,textgrid:49p0d.0,textgrid:49p0c.0,handle:hdl:21.11113/0000-0016-D16C-3,https://creativecommons.org/licenses/by-nc-sa/4.0/,Distributed under a Creative Commons Attribution-NonCommercial-ShareAlike 4.0 International License.,GRETIL project,NONCOMMERCIAL_RESTRICTED,False,https://textgridrep.org/browse/textgrid:49p0d.0,Keep restricted; obtain permission or exclude from public/commercial use.
TG-GRE-0822,"Śatasāhasrikā Prajñāpāramitā, Part I",,Darśana Collection,textgrid:49p0f.0,textgrid:49p0h.0,textgrid:49p0g.0,handle:hdl:21.11113/0000-0016-D16F-0,https://creativecommons.org/licenses/by-nc-sa/4.0/,Distributed under a Creative Commons Attribution-NonCommercial-ShareAlike 4.0 International License.,GRETIL project,NONCOMMERCIAL_RESTRICTED,False,https://textgridrep.org/browse/textgrid:49p0h.0,Keep restricted; obtain permission or exclude from public/commercial use.
TG-GRE-0823,Śatasāhasrikā Prajñāpāramitā-2,,Darśana Collection,textgrid:49p0j.0,textgrid:49p0m.0,textgrid:49p0k.0,handle:hdl:21.11113/0000-0016-D172-B,https://creativecommons.org/licenses/by-nc-sa/4.0/,Distributed under a Creative Commons Attribution-NonCommercial-ShareAlike 4.0 International License.,GRETIL project,NONCOMMERCIAL_RESTRICTED,False,https://textgridrep.org/browse/textgrid:49p0m.0,Keep restricted; obtain permission or exclude from public/commercial use.
TG-GRE-0824,Bhāmati a commentary on Śaṃkara's Brahmasūtrabhāṣya,Vācaspatimiśra,Darśana Collection,textgrid:49p0n.0,textgrid:49p0q.0,textgrid:49p0p.0,handle:hdl:21.11113/0000-0016-D175-8,https://creativecommons.org/licenses/by-nc-sa/4.0/,Distributed under a Creative Commons Attribution-NonCommercial-ShareAlike 4.0 International License.,GRETIL project,NONCOMMERCIAL_RESTRICTED,False,https://textgridrep.org/browse/textgrid:49p0q.0,Keep restricted; obtain permission or exclude from public/commercial use.
TG-GRE-0825,Abhidharmakośabhāṣya,Vasubandhu,Darśana Collection,textgrid:49p0r.0,textgrid:49p0t.0,textgrid:49p0s.0,handle:hdl:21.11113/0000-0016-D178-5,https://creativecommons.org/licenses/by-nc-sa/4.0/,Distributed under a Creative Commons Attribution-NonCommercial-ShareAlike 4.0 International License.,GRETIL project,NONCOMMERCIAL_RESTRICTED,False,https://textgridrep.org/browse/textgrid:49p0t.0,Keep restricted; obtain permission or exclude from public/commercial use.
TG-GRE-0826,Tarkatāṇḍava with Rāghavendratīrtha's Nyāyadīpa,Vyāsatīrtha,Darśana Collection,textgrid:49p0v.0,textgrid:49p0x.0,textgrid:49p0w.0,handle:hdl:21.11113/0000-0016-D17B-2,https://creativecommons.org/licenses/by-nc-sa/4.0/,Distributed under a Creative Commons Attribution-NonCommercial-ShareAlike 4.0 International License.,GRETIL project,NONCOMMERCIAL_RESTRICTED,False,https://textgridrep.org/browse/textgrid:49p0x.0,Keep restricted; obtain permission or exclude from public/commercial use.
TG-GRE-0827,Sphuṭārthā abhidharmakośavyākhyā,Yaśomitra,Darśana Collection,textgrid:49p0z.0,textgrid:49p11.0,textgrid:49p10.0,handle:hdl:21.11113/0000-0016-D17E-F,https://creativecommons.org/licenses/by-nc-sa/4.0/,Distributed under a Creative Commons Attribution-NonCommercial-ShareAlike 4.0 International License.,GRETIL project,NONCOMMERCIAL_RESTRICTED,False,https://textgridrep.org/browse/textgrid:49p11.0,Keep restricted; obtain permission or exclude from public/commercial use.
TG-GRE-0828,Aṣṭasāhasrikā Prajñāpāramitā,,Darśana Collection,textgrid:49p12.0,textgrid:49p14.0,textgrid:49p13.0,handle:hdl:21.11113/0000-0016-D181-9,https://creativecommons.org/licenses/by-nc-sa/4.0/,Distributed under a Creative Commons Attribution-NonCommercial-ShareAlike 4.0 International License.,GRETIL project,NONCOMMERCIAL_RESTRICTED,False,https://textgridrep.org/browse/textgrid:49p14.0,Keep restricted; obtain permission or exclude from public/commercial use.
TG-GRE-0829,Avadānaśataka,,Darśana Collection,textgrid:49p15.0,textgrid:49p17.0,textgrid:49p16.0,handle:hdl:21.11113/0000-0016-D184-6,https://creativecommons.org/licenses/by-nc-sa/4.0/,Distributed under a Creative Commons Attribution-NonCommercial-ShareAlike 4.0 International License.,GRETIL project,NONCOMMERCIAL_RESTRICTED,False,https://textgridrep.org/browse/textgrid:49p17.0,Keep restricted; obtain permission or exclude from public/commercial use.
TG-GRE-0830,"Pañcaviṃśatisāhasrikā Prajñāpāramitā, 1",,Darśana Collection,textgrid:49p18.0,textgrid:49p1b.0,textgrid:49p19.0,handle:hdl:21.11113/0000-0016-D187-3,https://creativecommons.org/licenses/by-nc-sa/4.0/,Distributed under a Creative Commons Attribution-NonCommercial-ShareAlike 4.0 International License.,GRETIL project,NONCOMMERCIAL_RESTRICTED,False,https://textgridrep.org/browse/textgrid:49p1b.0,Keep restricted; obtain permission or exclude from public/commercial use.
TG-GRE-0831,Bhagavadgītābhāṣya,Rāmānuja,Darśana Collection,textgrid:49p1c.0,textgrid:49p1f.0,textgrid:49p1d.0,handle:hdl:21.11113/0000-0016-D18A-0,https://creativecommons.org/licenses/by-nc-sa/4.0/,Distributed under a Creative Commons Attribution-NonCommercial-ShareAlike 4.0 International License.,GRETIL project,NONCOMMERCIAL_RESTRICTED,False,https://textgridrep.org/browse/textgrid:49p1f.0,Keep restricted; obtain permission or exclude from public/commercial use.
TG-GRE-0832,Ratnamālāvadāna,,Darśana Collection,textgrid:49p1g.0,textgrid:49p1j.0,textgrid:49p1h.0,handle:hdl:21.11113/0000-0016-D18D-D,https://creativecommons.org/licenses/by-nc-sa/4.0/,Distributed under a Creative Commons Attribution-NonCommercial-ShareAlike 4.0 International License.,GRETIL project,NONCOMMERCIAL_RESTRICTED,False,https://textgridrep.org/browse/textgrid:49p1j.0,Keep restricted; obtain permission or exclude from public/commercial use.
TG-GRE-0833,Saṅghabhedavastu,,Darśana Collection,textgrid:49p1k.0,textgrid:49p1n.0,textgrid:49p1m.0,handle:hdl:21.11113/0000-0016-D190-8,https://creativecommons.org/licenses/by-nc-sa/4.0/,Distributed under a Creative Commons Attribution-NonCommercial-ShareAlike 4.0 International License.,GRETIL project,NONCOMMERCIAL_RESTRICTED,False,https://textgridrep.org/browse/textgrid:49p1n.0,Keep restricted; obtain permission or exclude from public/commercial use.
TG-GRE-0834,Mīmāṃsāślokavārttika,Sucaritamiśra,Darśana Collection,textgrid:49p1p.0,textgrid:49p1r.0,textgrid:49p1q.0,handle:hdl:21.11113/0000-0016-D193-5,https://creativecommons.org/licenses/by-nc-sa/4.0/,Distributed under a Creative Commons Attribution-NonCommercial-ShareAlike 4.0 International License.,GRETIL project,NONCOMMERCIAL_RESTRICTED,False,https://textgridrep.org/browse/textgrid:49p1r.0,Keep restricted; obtain permission or exclude from public/commercial use.
TG-GRE-0835,Dharmottarapradīpa subcommentary on Dharmottara's Nyāyabinduṭīkā on Dharmakīrti's Nyāyabindu,Durvekamiśra,Darśana Collection,textgrid:49p1s.0,textgrid:49p1v.0,textgrid:49p1t.0,handle:hdl:21.11113/0000-0016-D196-2,https://creativecommons.org/licenses/by-nc-sa/4.0/,Distributed under a Creative Commons Attribution-NonCommercial-ShareAlike 4.0 International License.,GRETIL project,NONCOMMERCIAL_RESTRICTED,False,https://textgridrep.org/browse/textgrid:49p1v.0,Keep restricted; obtain permission or exclude from public/commercial use.
TG-GRE-0836,Mahāvastu-avādana,,Darśana Collection,textgrid:49p1w.0,textgrid:49p1z.0,textgrid:49p1x.0,handle:hdl:21.11113/0000-0016-D199-F,https://creativecommons.org/licenses/by-nc-sa/4.0/,Distributed under a Creative Commons Attribution-NonCommercial-ShareAlike 4.0 International License.,GRETIL project,NONCOMMERCIAL_RESTRICTED,False,https://textgridrep.org/browse/textgrid:49p1z.0,Keep restricted; obtain permission or exclude from public/commercial use.
TG-GRE-0837,Mañjuśrīmūlakalpa,,Darśana Collection,textgrid:49p20.0,textgrid:49p22.0,textgrid:49p21.0,handle:hdl:21.11113/0000-0016-D19C-C,https://creativecommons.org/licenses/by-nc-sa/4.0/,Distributed under a Creative Commons Attribution-NonCommercial-ShareAlike 4.0 International License.,GRETIL project,NONCOMMERCIAL_RESTRICTED,False,https://textgridrep.org/browse/textgrid:49p22.0,Keep restricted; obtain permission or exclude from public/commercial use.
TG-GRE-0838,Mokṣopāya,Anonymus Casmiriensis,Darśana Collection,textgrid:49p23.0,textgrid:49p25.0,textgrid:49p24.0,handle:hdl:21.11113/0000-0016-D19F-9,https://creativecommons.org/licenses/by-nc-sa/4.0/,Distributed under a Creative Commons Attribution-NonCommercial-ShareAlike 4.0 International License.,GRETIL project,NONCOMMERCIAL_RESTRICTED,False,https://textgridrep.org/browse/textgrid:49p25.0,Keep restricted; obtain permission or exclude from public/commercial use.
TG-GRE-0839,"Pañcaviṃśatisāhasrikā Prajñāpāramitā, 1-8",,Darśana Collection,textgrid:49p26.0,textgrid:49p28.0,textgrid:49p27.0,handle:hdl:21.11113/0000-0016-D1A2-4,https://creativecommons.org/licenses/by-nc-sa/4.0/,Distributed under a Creative Commons Attribution-NonCommercial-ShareAlike 4.0 International License.,GRETIL project,NONCOMMERCIAL_RESTRICTED,False,https://textgridrep.org/browse/textgrid:49p28.0,Keep restricted; obtain permission or exclude from public/commercial use.
TG-GRE-0840,Satyasiddhiśāstram,Harivarman,Darśana Collection,textgrid:49p29.0,textgrid:49p2c.0,textgrid:49p2b.0,handle:hdl:21.11113/0000-0016-D1A5-1,https://creativecommons.org/licenses/by-nc-sa/4.0/,Distributed under a Creative Commons Attribution-NonCommercial-ShareAlike 4.0 International License.,GRETIL project,NONCOMMERCIAL_RESTRICTED,False,https://textgridrep.org/browse/textgrid:49p2c.0,Keep restricted; obtain permission or exclude from public/commercial use.
TG-GRE-0841,Mīmāṃsāsūtra 1-7 with Śabara's Bhāṣya,Jaimini,Darśana Collection,textgrid:49p2d.0,textgrid:49p2g.0,textgrid:49p2f.0,handle:hdl:21.11113/0000-0016-D1A8-E,https://creativecommons.org/licenses/by-nc-sa/4.0/,Distributed under a Creative Commons Attribution-NonCommercial-ShareAlike 4.0 International License.,GRETIL project,NONCOMMERCIAL_RESTRICTED,False,https://textgridrep.org/browse/textgrid:49p2g.0,Keep restricted; obtain permission or exclude from public/commercial use.
TG-GRE-0842,"Nyāyasudhā a subcommentary on Mādhva's Anuvyākhāna, a commentary on Bādarāyaṇa's Brahmasūtra, integrated version",Jayatīrtha,Darśana Collection,textgrid:49p2h.0,textgrid:49p2k.0,textgrid:49p2j.0,handle:hdl:21.11113/0000-0016-D1AB-B,https://creativecommons.org/licenses/by-nc-sa/4.0/,Distributed under a Creative Commons Attribution-NonCommercial-ShareAlike 4.0 International License.,GRETIL project,NONCOMMERCIAL_RESTRICTED,False,https://textgridrep.org/browse/textgrid:49p2k.0,Keep restricted; obtain permission or exclude from public/commercial use.
TG-GRE-0843,"Bhāṭṭadīpikā, 1-3,3 a commentary on Jaimini's Mīmāṃsāsūtra, with Śaṃbhubhaṭṭa's Prabhāvalī",Khaṇḍadeva,Darśana Collection,textgrid:49p2m.0,textgrid:49p2p.0,textgrid:49p2n.0,handle:hdl:21.11113/0000-0016-D1AE-8,https://creativecommons.org/licenses/by-nc-sa/4.0/,Distributed under a Creative Commons Attribution-NonCommercial-ShareAlike 4.0 International License.,GRETIL project,NONCOMMERCIAL_RESTRICTED,False,https://textgridrep.org/browse/textgrid:49p2p.0,Keep restricted; obtain permission or exclude from public/commercial use.
TG-GRE-0844,Divyāvadāna,,Darśana Collection,textgrid:49p2q.0,textgrid:49p2s.0,textgrid:49p2r.0,handle:hdl:21.11113/0000-0016-D1B1-3,https://creativecommons.org/licenses/by-nc-sa/4.0/,Distributed under a Creative Commons Attribution-NonCommercial-ShareAlike 4.0 International License.,GRETIL project,NONCOMMERCIAL_RESTRICTED,False,https://textgridrep.org/browse/textgrid:49p2s.0,Keep restricted; obtain permission or exclude from public/commercial use.
TG-GRE-0845,Gaṇḍavyūhasūtra,,Darśana Collection,textgrid:49p2t.0,textgrid:49p2w.0,textgrid:49p2v.0,handle:hdl:21.11113/0000-0016-D1B4-0,https://creativecommons.org/licenses/by-nc-sa/4.0/,Distributed under a Creative Commons Attribution-NonCommercial-ShareAlike 4.0 International License.,GRETIL project,NONCOMMERCIAL_RESTRICTED,False,https://textgridrep.org/browse/textgrid:49p2w.0,Keep restricted; obtain permission or exclude from public/commercial use.
TG-GRE-0846,Nyāyasūtra with Vacaspatimiśra's Nyāyavārttikatātparyaṭīkā,Gautama,Darśana Collection,textgrid:49p2x.0,textgrid:49p30.0,textgrid:49p2z.0,handle:hdl:21.11113/0000-0016-D1B7-D,https://creativecommons.org/licenses/by-nc-sa/4.0/,Distributed under a Creative Commons Attribution-NonCommercial-ShareAlike 4.0 International License.,GRETIL project,NONCOMMERCIAL_RESTRICTED,False,https://textgridrep.org/browse/textgrid:49p30.0,Keep restricted; obtain permission or exclude from public/commercial use.
TG-GRE-0847,Brahmasūtra with Śaṃkara's Śārīrakamīmāṃsābhāṣya,Bādarāyaṇa,Darśana Collection,textgrid:49p31.0,textgrid:49p33.0,textgrid:49p32.0,handle:hdl:21.11113/0000-0016-D1BA-A,https://creativecommons.org/licenses/by-nc-sa/4.0/,Distributed under a Creative Commons Attribution-NonCommercial-ShareAlike 4.0 International License.,GRETIL project,NONCOMMERCIAL_RESTRICTED,False,https://textgridrep.org/browse/textgrid:49p33.0,Keep restricted; obtain permission or exclude from public/commercial use.
TG-GRE-0848,Brahmasūtra2 with Śaṃkara's Śārīrakamīmāṃsābhāṣya and Govindānanda's Ratnaprabhāvyākhyā (subcommentary),Bādarāyaṇa,Darśana Collection,textgrid:49p34.0,textgrid:49p36.0,textgrid:49p35.0,handle:hdl:21.11113/0000-0016-D1BD-7,https://creativecommons.org/licenses/by-nc-sa/4.0/,Distributed under a Creative Commons Attribution-NonCommercial-ShareAlike 4.0 International License.,GRETIL project,NONCOMMERCIAL_RESTRICTED,False,https://textgridrep.org/browse/textgrid:49p36.0,Keep restricted; obtain permission or exclude from public/commercial use.
TG-GRE-0849,"Brahmasūtra with Govindānanda's Ratnaprabhāvyākhyā, a subcommentary on Śaṃkara's Śārīrakamīmāṃsābhāṣya",Bādarāyaṇa,Darśana Collection,textgrid:49p37.0,textgrid:49p39.0,textgrid:49p38.0,handle:hdl:21.11113/0000-0016-D1C0-2,https://creativecommons.org/licenses/by-nc-sa/4.0/,Distributed under a Creative Commons Attribution-NonCommercial-ShareAlike 4.0 International License.,GRETIL project,NONCOMMERCIAL_RESTRICTED,False,https://textgridrep.org/browse/textgrid:49p39.0,Keep restricted; obtain permission or exclude from public/commercial use.
TG-GRE-0850,Brahmasūtra2 with Vācaspati's Bhāmatī (a subcommentary on Śaṃkara's Śārīrakamīmāṃsābhāṣya),Bādarāyaṇa,Darśana Collection,textgrid:49p3b.0,textgrid:49p3d.0,textgrid:49p3c.0,handle:hdl:21.11113/0000-0016-D1C3-F,https://creativecommons.org/licenses/by-nc-sa/4.0/,Distributed under a Creative Commons Attribution-NonCommercial-ShareAlike 4.0 International License.,GRETIL project,NONCOMMERCIAL_RESTRICTED,False,https://textgridrep.org/browse/textgrid:49p3d.0,Keep restricted; obtain permission or exclude from public/commercial use.
TG-GRE-0851,Mokṣopāyaṭīkā,Bhāskarakaṇṭha,Darśana Collection,textgrid:49p3f.0,textgrid:49p3h.0,textgrid:49p3g.0,handle:hdl:21.11113/0000-0016-D1C6-C,https://creativecommons.org/licenses/by-nc-sa/4.0/,Distributed under a Creative Commons Attribution-NonCommercial-ShareAlike 4.0 International License.,GRETIL project,NONCOMMERCIAL_RESTRICTED,False,https://textgridrep.org/browse/textgrid:49p3h.0,Keep restricted; obtain permission or exclude from public/commercial use.
TG-GRE-0852,Tantrāloka,Abhinavagupta,Darśana Collection,textgrid:49p3j.0,textgrid:49p3m.0,textgrid:49p3k.0,handle:hdl:21.11113/0000-0016-D1C9-9,https://creativecommons.org/licenses/by-nc-sa/4.0/,Distributed under a Creative Commons Attribution-NonCommercial-ShareAlike 4.0 International License.,GRETIL project,NONCOMMERCIAL_RESTRICTED,False,https://textgridrep.org/browse/textgrid:49p3m.0,Keep restricted; obtain permission or exclude from public/commercial use.
TG-GRE-0853,"Tarkasaṃgraha with autoentary (Dīpikā), Nīlakaṇṭha's Dīpikāprakāśikā and Bālapriyā",Annaṃbhaṭṭa,Darśana Collection,textgrid:49p3n.0,textgrid:49p3q.0,textgrid:49p3p.0,handle:hdl:21.11113/0000-0016-D1CC-6,https://creativecommons.org/licenses/by-nc-sa/4.0/,Distributed under a Creative Commons Attribution-NonCommercial-ShareAlike 4.0 International License.,GRETIL project,NONCOMMERCIAL_RESTRICTED,False,https://textgridrep.org/browse/textgrid:49p3q.0,Keep restricted; obtain permission or exclude from public/commercial use.
TG-GRE-0854,"Bhagavadgītā-4comm with the commentaries of Śrīdhara, Madhusūdana, Viśvanātha and Baladeva",,Epics Collection,textgrid:49p4f.0,textgrid:49p4h.0,textgrid:49p4g.0,handle:hdl:21.11113/0000-0016-D1D1-F,https://creativecommons.org/licenses/by-nc-sa/4.0/,Distributed under a Creative Commons Attribution-NonCommercial-ShareAlike 4.0 International License.,GRETIL project,NONCOMMERCIAL_RESTRICTED,False,https://textgridrep.org/browse/textgrid:49p4h.0,Keep restricted; obtain permission or exclude from public/commercial use.
TG-GRE-0855,Bhagavadgītā,,Epics Collection,textgrid:49p4j.0,textgrid:49p4m.0,textgrid:49p4k.0,handle:hdl:21.11113/0000-0016-D1D4-C,https://creativecommons.org/licenses/by-nc-sa/4.0/,Distributed under a Creative Commons Attribution-NonCommercial-ShareAlike 4.0 International License.,GRETIL project,NONCOMMERCIAL_RESTRICTED,False,https://textgridrep.org/browse/textgrid:49p4m.0,Keep restricted; obtain permission or exclude from public/commercial use.
TG-GRE-0856,Bhagavadgītā,,Epics Collection,textgrid:49p4n.0,textgrid:49p4q.0,textgrid:49p4p.0,handle:hdl:21.11113/0000-0016-D1D7-9,https://creativecommons.org/licenses/by-nc-sa/4.0/,Distributed under a Creative Commons Attribution-NonCommercial-ShareAlike 4.0 International License.,GRETIL project,NONCOMMERCIAL_RESTRICTED,False,https://textgridrep.org/browse/textgrid:49p4q.0,Keep restricted; obtain permission or exclude from public/commercial use.
TG-GRE-0857,"Harivaṃśa, Appendix I",,Epics Collection,textgrid:49p4r.0,textgrid:49p4t.0,textgrid:49p4s.0,handle:hdl:21.11113/0000-0016-D1DA-6,https://creativecommons.org/licenses/by-nc-sa/4.0/,Distributed under a Creative Commons Attribution-NonCommercial-ShareAlike 4.0 International License.,GRETIL project,NONCOMMERCIAL_RESTRICTED,False,https://textgridrep.org/browse/textgrid:49p4t.0,Keep restricted; obtain permission or exclude from public/commercial use.
TG-GRE-0858,Harivaṃśa constituted text with star passages,,Epics Collection,textgrid:49p4v.0,textgrid:49p4x.0,textgrid:49p4w.0,handle:hdl:21.11113/0000-0016-D1DD-3,https://creativecommons.org/licenses/by-nc-sa/4.0/,Distributed under a Creative Commons Attribution-NonCommercial-ShareAlike 4.0 International License.,GRETIL project,NONCOMMERCIAL_RESTRICTED,False,https://textgridrep.org/browse/textgrid:49p4x.0,Keep restricted; obtain permission or exclude from public/commercial use.
TG-GRE-0859,Mahābhārata,,Epics Collection,textgrid:49p4z.0,textgrid:49p51.0,textgrid:49p50.0,handle:hdl:21.11113/0000-0016-D1E0-E,https://creativecommons.org/licenses/by-nc-sa/4.0/,Distributed under a Creative Commons Attribution-NonCommercial-ShareAlike 4.0 International License.,GRETIL project,NONCOMMERCIAL_RESTRICTED,False,https://textgridrep.org/browse/textgrid:49p51.0,Keep restricted; obtain permission or exclude from public/commercial use.
TG-GRE-0860,Mahābhārata: Ādiparvan,,Epics Collection,textgrid:49p52.0,textgrid:49p54.0,textgrid:49p53.0,handle:hdl:21.11113/0000-0016-D1E3-B,https://creativecommons.org/licenses/by-nc-sa/4.0/,Distributed under a Creative Commons Attribution-NonCommercial-ShareAlike 4.0 International License.,GRETIL project,NONCOMMERCIAL_RESTRICTED,False,https://textgridrep.org/browse/textgrid:49p54.0,Keep restricted; obtain permission or exclude from public/commercial use.
TG-GRE-0861,Mahābhārata: Sabhāparvan,,Epics Collection,textgrid:49p55.0,textgrid:49p57.0,textgrid:49p56.0,handle:hdl:21.11113/0000-0016-D1E6-8,https://creativecommons.org/licenses/by-nc-sa/4.0/,Distributed under a Creative Commons Attribution-NonCommercial-ShareAlike 4.0 International License.,GRETIL project,NONCOMMERCIAL_RESTRICTED,False,https://textgridrep.org/browse/textgrid:49p57.0,Keep restricted; obtain permission or exclude from public/commercial use.
TG-GRE-0862,Mahābhārata: Āraṇyakaparvan,,Epics Collection,textgrid:49p58.0,textgrid:49p5b.0,textgrid:49p59.0,handle:hdl:21.11113/0000-0016-D1E9-5,https://creativecommons.org/licenses/by-nc-sa/4.0/,Distributed under a Creative Commons Attribution-NonCommercial-ShareAlike 4.0 International License.,GRETIL project,NONCOMMERCIAL_RESTRICTED,False,https://textgridrep.org/browse/textgrid:49p5b.0,Keep restricted; obtain permission or exclude from public/commercial use.
TG-GRE-0863,Mahābhārata: Virāṭaparvan,,Epics Collection,textgrid:49p5c.0,textgrid:49p5f.0,textgrid:49p5d.0,handle:hdl:21.11113/0000-0016-D1EC-2,https://creativecommons.org/licenses/by-nc-sa/4.0/,Distributed under a Creative Commons Attribution-NonCommercial-ShareAlike 4.0 International License.,GRETIL project,NONCOMMERCIAL_RESTRICTED,False,https://textgridrep.org/browse/textgrid:49p5f.0,Keep restricted; obtain permission or exclude from public/commercial use.
TG-GRE-0864,Mahābhārata: Udyogaparvan,,Epics Collection,textgrid:49p5g.0,textgrid:49p5j.0,textgrid:49p5h.0,handle:hdl:21.11113/0000-0016-D1EF-F,https://creativecommons.org/licenses/by-nc-sa/4.0/,Distributed under a Creative Commons Attribution-NonCommercial-ShareAlike 4.0 International License.,GRETIL project,NONCOMMERCIAL_RESTRICTED,False,https://textgridrep.org/browse/textgrid:49p5j.0,Keep restricted; obtain permission or exclude from public/commercial use.
TG-GRE-0865,Mahābhārata: Bhīṣmaparvan,,Epics Collection,textgrid:49p5k.0,textgrid:49p5n.0,textgrid:49p5m.0,handle:hdl:21.11113/0000-0016-D1F2-A,https://creativecommons.org/licenses/by-nc-sa/4.0/,Distributed under a Creative Commons Attribution-NonCommercial-ShareAlike 4.0 International License.,GRETIL project,NONCOMMERCIAL_RESTRICTED,False,https://textgridrep.org/browse/textgrid:49p5n.0,Keep restricted; obtain permission or exclude from public/commercial use.
TG-GRE-0866,Mahābhārata: Droṇaparvan,,Epics Collection,textgrid:49p5p.0,textgrid:49p5r.0,textgrid:49p5q.0,handle:hdl:21.11113/0000-0016-D1F5-7,https://creativecommons.org/licenses/by-nc-sa/4.0/,Distributed under a Creative Commons Attribution-NonCommercial-ShareAlike 4.0 International License.,GRETIL project,NONCOMMERCIAL_RESTRICTED,False,https://textgridrep.org/browse/textgrid:49p5r.0,Keep restricted; obtain permission or exclude from public/commercial use.
TG-GRE-0867,Mahābhārata: Karṇaparvan,,Epics Collection,textgrid:49p5s.0,textgrid:49p5v.0,textgrid:49p5t.0,handle:hdl:21.11113/0000-0016-D1F8-4,https://creativecommons.org/licenses/by-nc-sa/4.0/,Distributed under a Creative Commons Attribution-NonCommercial-ShareAlike 4.0 International License.,GRETIL project,NONCOMMERCIAL_RESTRICTED,False,https://textgridrep.org/browse/textgrid:49p5v.0,Keep restricted; obtain permission or exclude from public/commercial use.
TG-GRE-0868,Mahābhārata: Śalyaparvan,,Epics Collection,textgrid:49p5w.0,textgrid:49p5z.0,textgrid:49p5x.0,handle:hdl:21.11113/0000-0016-D1FB-1,https://creativecommons.org/licenses/by-nc-sa/4.0/,Distributed under a Creative Commons Attribution-NonCommercial-ShareAlike 4.0 International License.,GRETIL project,NONCOMMERCIAL_RESTRICTED,False,https://textgridrep.org/browse/textgrid:49p5z.0,Keep restricted; obtain permission or exclude from public/commercial use.
TG-GRE-0869,Mahābhārata: Sauptikaparvan,,Epics Collection,textgrid:49p60.0,textgrid:49p62.0,textgrid:49p61.0,handle:hdl:21.11113/0000-0016-D1FE-E,https://creativecommons.org/licenses/by-nc-sa/4.0/,Distributed under a Creative Commons Attribution-NonCommercial-ShareAlike 4.0 International License.,GRETIL project,NONCOMMERCIAL_RESTRICTED,False,https://textgridrep.org/browse/textgrid:49p62.0,Keep restricted; obtain permission or exclude from public/commercial use.
TG-GRE-0870,Mahābhārata: Strīparvan,,Epics Collection,textgrid:49p63.0,textgrid:49p65.0,textgrid:49p64.0,handle:hdl:21.11113/0000-0016-D201-9,https://creativecommons.org/licenses/by-nc-sa/4.0/,Distributed under a Creative Commons Attribution-NonCommercial-ShareAlike 4.0 International License.,GRETIL project,NONCOMMERCIAL_RESTRICTED,False,https://textgridrep.org/browse/textgrid:49p65.0,Keep restricted; obtain permission or exclude from public/commercial use.
TG-GRE-0871,Mahābhārata: Śāntiparvan,,Epics Collection,textgrid:49p66.0,textgrid:49p68.0,textgrid:49p67.0,handle:hdl:21.11113/0000-0016-D204-6,https://creativecommons.org/licenses/by-nc-sa/4.0/,Distributed under a Creative Commons Attribution-NonCommercial-ShareAlike 4.0 International License.,GRETIL project,NONCOMMERCIAL_RESTRICTED,False,https://textgridrep.org/browse/textgrid:49p68.0,Keep restricted; obtain permission or exclude from public/commercial use.
TG-GRE-0872,Mahābhārata: Anuśāsanaparvan,,Epics Collection,textgrid:49p69.0,textgrid:49p6c.0,textgrid:49p6b.0,handle:hdl:21.11113/0000-0016-D207-3,https://creativecommons.org/licenses/by-nc-sa/4.0/,Distributed under a Creative Commons Attribution-NonCommercial-ShareAlike 4.0 International License.,GRETIL project,NONCOMMERCIAL_RESTRICTED,False,https://textgridrep.org/browse/textgrid:49p6c.0,Keep restricted; obtain permission or exclude from public/commercial use.
TG-GRE-0873,Mahābhārata: Aśvamedhikaparvan,,Epics Collection,textgrid:49p6d.0,textgrid:49p6g.0,textgrid:49p6f.0,handle:hdl:21.11113/0000-0016-D20A-0,https://creativecommons.org/licenses/by-nc-sa/4.0/,Distributed under a Creative Commons Attribution-NonCommercial-ShareAlike 4.0 International License.,GRETIL project,NONCOMMERCIAL_RESTRICTED,False,https://textgridrep.org/browse/textgrid:49p6g.0,Keep restricted; obtain permission or exclude from public/commercial use.
TG-GRE-0874,Mahābhārata: Āśramavāsikaparvan,,Epics Collection,textgrid:49p6h.0,textgrid:49p6k.0,textgrid:49p6j.0,handle:hdl:21.11113/0000-0016-D20D-D,https://creativecommons.org/licenses/by-nc-sa/4.0/,Distributed under a Creative Commons Attribution-NonCommercial-ShareAlike 4.0 International License.,GRETIL project,NONCOMMERCIAL_RESTRICTED,False,https://textgridrep.org/browse/textgrid:49p6k.0,Keep restricted; obtain permission or exclude from public/commercial use.
TG-GRE-0875,Mahābhārata: Mausalaparvan,,Epics Collection,textgrid:49p6m.0,textgrid:49p6p.0,textgrid:49p6n.0,handle:hdl:21.11113/0000-0016-D210-8,https://creativecommons.org/licenses/by-nc-sa/4.0/,Distributed under a Creative Commons Attribution-NonCommercial-ShareAlike 4.0 International License.,GRETIL project,NONCOMMERCIAL_RESTRICTED,False,https://textgridrep.org/browse/textgrid:49p6p.0,Keep restricted; obtain permission or exclude from public/commercial use.
TG-GRE-0876,Mahābhārata: Mahāprasthānikaparvan,,Epics Collection,textgrid:49p6q.0,textgrid:49p6s.0,textgrid:49p6r.0,handle:hdl:21.11113/0000-0016-D213-5,https://creativecommons.org/licenses/by-nc-sa/4.0/,Distributed under a Creative Commons Attribution-NonCommercial-ShareAlike 4.0 International License.,GRETIL project,NONCOMMERCIAL_RESTRICTED,False,https://textgridrep.org/browse/textgrid:49p6s.0,Keep restricted; obtain permission or exclude from public/commercial use.
TG-GRE-0877,Mahābhārata: Svargārohaṇaparvan,,Epics Collection,textgrid:49p6t.0,textgrid:49p6w.0,textgrid:49p6v.0,handle:hdl:21.11113/0000-0016-D216-2,https://creativecommons.org/licenses/by-nc-sa/4.0/,Distributed under a Creative Commons Attribution-NonCommercial-ShareAlike 4.0 International License.,GRETIL project,NONCOMMERCIAL_RESTRICTED,False,https://textgridrep.org/browse/textgrid:49p6w.0,Keep restricted; obtain permission or exclude from public/commercial use.
TG-GRE-0878,Nārāyaṇīya (Mahābhārata 12.321-339),,Epics Collection,textgrid:49p6x.0,textgrid:49p70.0,textgrid:49p6z.0,handle:hdl:21.11113/0000-0016-D219-F,https://creativecommons.org/licenses/by-nc-sa/4.0/,Distributed under a Creative Commons Attribution-NonCommercial-ShareAlike 4.0 International License.,GRETIL project,NONCOMMERCIAL_RESTRICTED,False,https://textgridrep.org/browse/textgrid:49p70.0,Keep restricted; obtain permission or exclude from public/commercial use.
TG-GRE-0879,Rāmāyaṇa,Vālmīki,Epics Collection,textgrid:49p71.0,textgrid:49p73.0,textgrid:49p72.0,handle:hdl:21.11113/0000-0016-D21C-C,https://creativecommons.org/licenses/by-nc-sa/4.0/,Distributed under a Creative Commons Attribution-NonCommercial-ShareAlike 4.0 International License.,GRETIL project,NONCOMMERCIAL_RESTRICTED,False,https://textgridrep.org/browse/textgrid:49p73.0,Keep restricted; obtain permission or exclude from public/commercial use.
TG-GRE-0880,Rāmāyaṇa-rev-2-3,Vālmīki,Epics Collection,textgrid:49p74.0,textgrid:49p76.0,textgrid:49p75.0,handle:hdl:21.11113/0000-0016-D21F-9,https://creativecommons.org/licenses/by-nc-sa/4.0/,Distributed under a Creative Commons Attribution-NonCommercial-ShareAlike 4.0 International License.,GRETIL project,NONCOMMERCIAL_RESTRICTED,False,https://textgridrep.org/browse/textgrid:49p76.0,Keep restricted; obtain permission or exclude from public/commercial use.
TG-GRE-0881,Rāmāyaṇa-southern-2,Vālmīki,Epics Collection,textgrid:49p77.0,textgrid:49p79.0,textgrid:49p78.0,handle:hdl:21.11113/0000-0016-D222-4,https://creativecommons.org/licenses/by-nc-sa/4.0/,Distributed under a Creative Commons Attribution-NonCommercial-ShareAlike 4.0 International License.,GRETIL project,NONCOMMERCIAL_RESTRICTED,False,https://textgridrep.org/browse/textgrid:49p79.0,Keep restricted; obtain permission or exclude from public/commercial use.
TG-GRE-0882,Therigatha,,Pali Collection,textgrid:49pj9.0,textgrid:49pjc.0,textgrid:49pjb.0,handle:hdl:21.11113/0000-0016-D226-0,https://creativecommons.org/licenses/by-nc-sa/4.0/,Distributed under a Creative Commons Attribution-NonCommercial-ShareAlike 4.0 International License.,GRETIL project,NONCOMMERCIAL_RESTRICTED,False,https://textgridrep.org/browse/textgrid:49pjc.0,Keep restricted; obtain permission or exclude from public/commercial use.
TG-GRE-0883,Udana,,Pali Collection,textgrid:49pjd.0,textgrid:49pjg.0,textgrid:49pjf.0,handle:hdl:21.11113/0000-0016-D229-D,https://creativecommons.org/licenses/by-nc-sa/4.0/,Distributed under a Creative Commons Attribution-NonCommercial-ShareAlike 4.0 International License.,GRETIL project,NONCOMMERCIAL_RESTRICTED,False,https://textgridrep.org/browse/textgrid:49pjg.0,Keep restricted; obtain permission or exclude from public/commercial use.
TG-GRE-0884,Abhidhānappadīpikā,,Pali Collection,textgrid:49pjh.0,textgrid:49pjk.0,textgrid:49pjj.0,handle:hdl:21.11113/0000-0016-D22C-A,https://creativecommons.org/licenses/by-nc-sa/4.0/,Distributed under a Creative Commons Attribution-NonCommercial-ShareAlike 4.0 International License.,GRETIL project,NONCOMMERCIAL_RESTRICTED,False,https://textgridrep.org/browse/textgrid:49pjk.0,Keep restricted; obtain permission or exclude from public/commercial use.
TG-GRE-0885,Jataka 1,,Pali Collection,textgrid:49pjm.0,textgrid:49pjp.0,textgrid:49pjn.0,handle:hdl:21.11113/0000-0016-D22F-7,https://creativecommons.org/licenses/by-nc-sa/4.0/,Distributed under a Creative Commons Attribution-NonCommercial-ShareAlike 4.0 International License.,GRETIL project,NONCOMMERCIAL_RESTRICTED,False,https://textgridrep.org/browse/textgrid:49pjp.0,Keep restricted; obtain permission or exclude from public/commercial use.
TG-GRE-0886,Dhatuvamsa,,Pali Collection,textgrid:49pjq.0,textgrid:49pjs.0,textgrid:49pjr.0,handle:hdl:21.11113/0000-0016-D232-2,https://creativecommons.org/licenses/by-nc-sa/4.0/,Distributed under a Creative Commons Attribution-NonCommercial-ShareAlike 4.0 International License.,GRETIL project,NONCOMMERCIAL_RESTRICTED,False,https://textgridrep.org/browse/textgrid:49pjs.0,Keep restricted; obtain permission or exclude from public/commercial use.
TG-GRE-0887,Jataka 3,,Pali Collection,textgrid:49pjt.0,textgrid:49pjw.0,textgrid:49pjv.0,handle:hdl:21.11113/0000-0016-D235-F,https://creativecommons.org/licenses/by-nc-sa/4.0/,Distributed under a Creative Commons Attribution-NonCommercial-ShareAlike 4.0 International License.,GRETIL project,NONCOMMERCIAL_RESTRICTED,False,https://textgridrep.org/browse/textgrid:49pjw.0,Keep restricted; obtain permission or exclude from public/commercial use.
TG-GRE-0888,Telakaṭāhagāthā,,Pali Collection,textgrid:49pjx.0,textgrid:49pk0.0,textgrid:49pjz.0,handle:hdl:21.11113/0000-0016-D238-C,https://creativecommons.org/licenses/by-nc-sa/4.0/,Distributed under a Creative Commons Attribution-NonCommercial-ShareAlike 4.0 International License.,GRETIL project,NONCOMMERCIAL_RESTRICTED,False,https://textgridrep.org/browse/textgrid:49pk0.0,Keep restricted; obtain permission or exclude from public/commercial use.
TG-GRE-0889,Jinavamsadipa,,Pali Collection,textgrid:49pk1.0,textgrid:49pk3.0,textgrid:49pk2.0,handle:hdl:21.11113/0000-0016-D23B-9,https://creativecommons.org/licenses/by-nc-sa/4.0/,Distributed under a Creative Commons Attribution-NonCommercial-ShareAlike 4.0 International License.,GRETIL project,NONCOMMERCIAL_RESTRICTED,False,https://textgridrep.org/browse/textgrid:49pk3.0,Keep restricted; obtain permission or exclude from public/commercial use.
TG-GRE-0890,Padasadhana,,Pali Collection,textgrid:49pk4.0,textgrid:49pk6.0,textgrid:49pk5.0,handle:hdl:21.11113/0000-0016-D23E-6,https://creativecommons.org/licenses/by-nc-sa/4.0/,Distributed under a Creative Commons Attribution-NonCommercial-ShareAlike 4.0 International License.,GRETIL project,NONCOMMERCIAL_RESTRICTED,False,https://textgridrep.org/browse/textgrid:49pk6.0,Keep restricted; obtain permission or exclude from public/commercial use.
TG-GRE-0891,Moggallayanavyakarana II,,Pali Collection,textgrid:49pk7.0,textgrid:49pk9.0,textgrid:49pk8.0,handle:hdl:21.11113/0000-0016-D241-1,https://creativecommons.org/licenses/by-nc-sa/4.0/,Distributed under a Creative Commons Attribution-NonCommercial-ShareAlike 4.0 International License.,GRETIL project,NONCOMMERCIAL_RESTRICTED,False,https://textgridrep.org/browse/textgrid:49pk9.0,Keep restricted; obtain permission or exclude from public/commercial use.
TG-GRE-0892,Moggallayanavyakarana I,,Pali Collection,textgrid:49pkb.0,textgrid:49pkd.0,textgrid:49pkc.0,handle:hdl:21.11113/0000-0016-D244-E,https://creativecommons.org/licenses/by-nc-sa/4.0/,Distributed under a Creative Commons Attribution-NonCommercial-ShareAlike 4.0 International License.,GRETIL project,NONCOMMERCIAL_RESTRICTED,False,https://textgridrep.org/browse/textgrid:49pkd.0,Keep restricted; obtain permission or exclude from public/commercial use.
TG-GRE-0893,Kaccayanadhatumanjusa II,,Pali Collection,textgrid:49pkf.0,textgrid:49pkh.0,textgrid:49pkg.0,handle:hdl:21.11113/0000-0016-D247-B,https://creativecommons.org/licenses/by-nc-sa/4.0/,Distributed under a Creative Commons Attribution-NonCommercial-ShareAlike 4.0 International License.,GRETIL project,NONCOMMERCIAL_RESTRICTED,False,https://textgridrep.org/browse/textgrid:49pkh.0,Keep restricted; obtain permission or exclude from public/commercial use.
TG-GRE-0894,Dhatupathavilasini,,Pali Collection,textgrid:49pkj.0,textgrid:49pkm.0,textgrid:49pkk.0,handle:hdl:21.11113/0000-0016-D24A-8,https://creativecommons.org/licenses/by-nc-sa/4.0/,Distributed under a Creative Commons Attribution-NonCommercial-ShareAlike 4.0 International License.,GRETIL project,NONCOMMERCIAL_RESTRICTED,False,https://textgridrep.org/browse/textgrid:49pkm.0,Keep restricted; obtain permission or exclude from public/commercial use.
TG-GRE-0895,Maharupasiddhi,,Pali Collection,textgrid:49pkn.0,textgrid:49pkq.0,textgrid:49pkp.0,handle:hdl:21.11113/0000-0016-D24D-5,https://creativecommons.org/licenses/by-nc-sa/4.0/,Distributed under a Creative Commons Attribution-NonCommercial-ShareAlike 4.0 International License.,GRETIL project,NONCOMMERCIAL_RESTRICTED,False,https://textgridrep.org/browse/textgrid:49pkq.0,Keep restricted; obtain permission or exclude from public/commercial use.
TG-GRE-0896,Visuddhimagga,,Pali Collection,textgrid:49pkr.0,textgrid:49pkt.0,textgrid:49pks.0,handle:hdl:21.11113/0000-0016-D250-0,https://creativecommons.org/licenses/by-nc-sa/4.0/,Distributed under a Creative Commons Attribution-NonCommercial-ShareAlike 4.0 International License.,GRETIL project,NONCOMMERCIAL_RESTRICTED,False,https://textgridrep.org/browse/textgrid:49pkt.0,Keep restricted; obtain permission or exclude from public/commercial use.
TG-GRE-0897,Nettippakarana,,Pali Collection,textgrid:49pkv.0,textgrid:49pkx.0,textgrid:49pkw.0,handle:hdl:21.11113/0000-0016-D253-D,https://creativecommons.org/licenses/by-nc-sa/4.0/,Distributed under a Creative Commons Attribution-NonCommercial-ShareAlike 4.0 International License.,GRETIL project,NONCOMMERCIAL_RESTRICTED,False,https://textgridrep.org/browse/textgrid:49pkx.0,Keep restricted; obtain permission or exclude from public/commercial use.
TG-GRE-0898,Samyuttanikaya 5,,Pali Collection,textgrid:49pkz.0,textgrid:49pm1.0,textgrid:49pm0.0,handle:hdl:21.11113/0000-0016-D256-A,https://creativecommons.org/licenses/by-nc-sa/4.0/,Distributed under a Creative Commons Attribution-NonCommercial-ShareAlike 4.0 International License.,GRETIL project,NONCOMMERCIAL_RESTRICTED,False,https://textgridrep.org/browse/textgrid:49pm1.0,Keep restricted; obtain permission or exclude from public/commercial use.
TG-GRE-0899,Vibhanga,,Pali Collection,textgrid:49pm2.0,textgrid:49pm4.0,textgrid:49pm3.0,handle:hdl:21.11113/0000-0016-D259-7,https://creativecommons.org/licenses/by-nc-sa/4.0/,Distributed under a Creative Commons Attribution-NonCommercial-ShareAlike 4.0 International License.,GRETIL project,NONCOMMERCIAL_RESTRICTED,False,https://textgridrep.org/browse/textgrid:49pm4.0,Keep restricted; obtain permission or exclude from public/commercial use.
TG-GRE-0900,Yamaka 1,,Pali Collection,textgrid:49pm5.0,textgrid:49pm7.0,textgrid:49pm6.0,handle:hdl:21.11113/0000-0016-D25C-4,https://creativecommons.org/licenses/by-nc-sa/4.0/,Distributed under a Creative Commons Attribution-NonCommercial-ShareAlike 4.0 International License.,GRETIL project,NONCOMMERCIAL_RESTRICTED,False,https://textgridrep.org/browse/textgrid:49pm7.0,Keep restricted; obtain permission or exclude from public/commercial use.
TG-GRE-0901,Dipavamsa 1,,Pali Collection,textgrid:49pm8.0,textgrid:49pmb.0,textgrid:49pm9.0,handle:hdl:21.11113/0000-0016-D25F-1,https://creativecommons.org/licenses/by-nc-sa/4.0/,Distributed under a Creative Commons Attribution-NonCommercial-ShareAlike 4.0 International License.,GRETIL project,NONCOMMERCIAL_RESTRICTED,False,https://textgridrep.org/browse/textgrid:49pmb.0,Keep restricted; obtain permission or exclude from public/commercial use.
TG-GRE-0902,Puggalapannatti,,Pali Collection,textgrid:49pmc.0,textgrid:49pmf.0,textgrid:49pmd.0,handle:hdl:21.11113/0000-0016-D262-C,https://creativecommons.org/licenses/by-nc-sa/4.0/,Distributed under a Creative Commons Attribution-NonCommercial-ShareAlike 4.0 International License.,GRETIL project,NONCOMMERCIAL_RESTRICTED,False,https://textgridrep.org/browse/textgrid:49pmf.0,Keep restricted; obtain permission or exclude from public/commercial use.
TG-GRE-0903,Samyuttanikaya 3,,Pali Collection,textgrid:49pmg.0,textgrid:49pmj.0,textgrid:49pmh.0,handle:hdl:21.11113/0000-0016-D265-9,https://creativecommons.org/licenses/by-nc-sa/4.0/,Distributed under a Creative Commons Attribution-NonCommercial-ShareAlike 4.0 International License.,GRETIL project,NONCOMMERCIAL_RESTRICTED,False,https://textgridrep.org/browse/textgrid:49pmj.0,Keep restricted; obtain permission or exclude from public/commercial use.
TG-GRE-0904,Samyuttanikaya 4,,Pali Collection,textgrid:49pmk.0,textgrid:49pmn.0,textgrid:49pmm.0,handle:hdl:21.11113/0000-0016-D268-6,https://creativecommons.org/licenses/by-nc-sa/4.0/,Distributed under a Creative Commons Attribution-NonCommercial-ShareAlike 4.0 International License.,GRETIL project,NONCOMMERCIAL_RESTRICTED,False,https://textgridrep.org/browse/textgrid:49pmn.0,Keep restricted; obtain permission or exclude from public/commercial use.
TG-GRE-0905,Mahavagga,,Pali Collection,textgrid:49pmp.0,textgrid:49pmr.0,textgrid:49pmq.0,handle:hdl:21.11113/0000-0016-D26B-3,https://creativecommons.org/licenses/by-nc-sa/4.0/,Distributed under a Creative Commons Attribution-NonCommercial-ShareAlike 4.0 International License.,GRETIL project,NONCOMMERCIAL_RESTRICTED,False,https://textgridrep.org/browse/textgrid:49pmr.0,Keep restricted; obtain permission or exclude from public/commercial use.
TG-GRE-0906,Anguttaranikaya 5,,Pali Collection,textgrid:49pms.0,textgrid:49pmv.0,textgrid:49pmt.0,handle:hdl:21.11113/0000-0016-D26E-0,https://creativecommons.org/licenses/by-nc-sa/4.0/,Distributed under a Creative Commons Attribution-NonCommercial-ShareAlike 4.0 International License.,GRETIL project,NONCOMMERCIAL_RESTRICTED,False,https://textgridrep.org/browse/textgrid:49pmv.0,Keep restricted; obtain permission or exclude from public/commercial use.
TG-GRE-0907,Anguttaranikaya 1,,Pali Collection,textgrid:49pmw.0,textgrid:49pmz.0,textgrid:49pmx.0,handle:hdl:21.11113/0000-0016-D271-B,https://creativecommons.org/licenses/by-nc-sa/4.0/,Distributed under a Creative Commons Attribution-NonCommercial-ShareAlike 4.0 International License.,GRETIL project,NONCOMMERCIAL_RESTRICTED,False,https://textgridrep.org/browse/textgrid:49pmz.0,Keep restricted; obtain permission or exclude from public/commercial use.
TG-GRE-0908,Lokappadipakasara,,Pali Collection,textgrid:49pn0.0,textgrid:49pn2.0,textgrid:49pn1.0,handle:hdl:21.11113/0000-0016-D274-8,https://creativecommons.org/licenses/by-nc-sa/4.0/,Distributed under a Creative Commons Attribution-NonCommercial-ShareAlike 4.0 International License.,GRETIL project,NONCOMMERCIAL_RESTRICTED,False,https://textgridrep.org/browse/textgrid:49pn2.0,Keep restricted; obtain permission or exclude from public/commercial use.
TG-GRE-0909,Anguttaranikaya 4,,Pali Collection,textgrid:49pn3.0,textgrid:49pn5.0,textgrid:49pn4.0,handle:hdl:21.11113/0000-0016-D277-5,https://creativecommons.org/licenses/by-nc-sa/4.0/,Distributed under a Creative Commons Attribution-NonCommercial-ShareAlike 4.0 International License.,GRETIL project,NONCOMMERCIAL_RESTRICTED,False,https://textgridrep.org/browse/textgrid:49pn5.0,Keep restricted; obtain permission or exclude from public/commercial use.
TG-GRE-0910,Milindapanha 2,,Pali Collection,textgrid:49pn6.0,textgrid:49pn8.0,textgrid:49pn7.0,handle:hdl:21.11113/0000-0016-D27A-2,https://creativecommons.org/licenses/by-nc-sa/4.0/,Distributed under a Creative Commons Attribution-NonCommercial-ShareAlike 4.0 International License.,GRETIL project,NONCOMMERCIAL_RESTRICTED,False,https://textgridrep.org/browse/textgrid:49pn8.0,Keep restricted; obtain permission or exclude from public/commercial use.
TG-GRE-0911,Majjhimanikaya 1,,Pali Collection,textgrid:49pn9.0,textgrid:49pnc.0,textgrid:49pnb.0,handle:hdl:21.11113/0000-0016-D27D-F,https://creativecommons.org/licenses/by-nc-sa/4.0/,Distributed under a Creative Commons Attribution-NonCommercial-ShareAlike 4.0 International License.,GRETIL project,NONCOMMERCIAL_RESTRICTED,False,https://textgridrep.org/browse/textgrid:49pnc.0,Keep restricted; obtain permission or exclude from public/commercial use.
TG-GRE-0912,Upasakajanalankara,,Pali Collection,textgrid:49pnd.0,textgrid:49png.0,textgrid:49pnf.0,handle:hdl:21.11113/0000-0016-D280-9,https://creativecommons.org/licenses/by-nc-sa/4.0/,Distributed under a Creative Commons Attribution-NonCommercial-ShareAlike 4.0 International License.,GRETIL project,NONCOMMERCIAL_RESTRICTED,False,https://textgridrep.org/browse/textgrid:49png.0,Keep restricted; obtain permission or exclude from public/commercial use.
TG-GRE-0913,Buddhavamsa,,Pali Collection,textgrid:49pnh.0,textgrid:49pnk.0,textgrid:49pnj.0,handle:hdl:21.11113/0000-0016-D283-6,https://creativecommons.org/licenses/by-nc-sa/4.0/,Distributed under a Creative Commons Attribution-NonCommercial-ShareAlike 4.0 International License.,GRETIL project,NONCOMMERCIAL_RESTRICTED,False,https://textgridrep.org/browse/textgrid:49pnk.0,Keep restricted; obtain permission or exclude from public/commercial use.
TG-GRE-0914,Vimanavatthu,,Pali Collection,textgrid:49pnm.0,textgrid:49pnp.0,textgrid:49pnn.0,handle:hdl:21.11113/0000-0016-D286-3,https://creativecommons.org/licenses/by-nc-sa/4.0/,Distributed under a Creative Commons Attribution-NonCommercial-ShareAlike 4.0 International License.,GRETIL project,NONCOMMERCIAL_RESTRICTED,False,https://textgridrep.org/browse/textgrid:49pnp.0,Keep restricted; obtain permission or exclude from public/commercial use.
TG-GRE-0915,Cariyapitaka,,Pali Collection,textgrid:49pnq.0,textgrid:49pns.0,textgrid:49pnr.0,handle:hdl:21.11113/0000-0016-D289-0,https://creativecommons.org/licenses/by-nc-sa/4.0/,Distributed under a Creative Commons Attribution-NonCommercial-ShareAlike 4.0 International License.,GRETIL project,NONCOMMERCIAL_RESTRICTED,False,https://textgridrep.org/browse/textgrid:49pns.0,Keep restricted; obtain permission or exclude from public/commercial use.
TG-GRE-0916,Dhammapada,,Pali Collection,textgrid:49pnt.0,textgrid:49pnw.0,textgrid:49pnv.0,handle:hdl:21.11113/0000-0016-D28C-D,https://creativecommons.org/licenses/by-nc-sa/4.0/,Distributed under a Creative Commons Attribution-NonCommercial-ShareAlike 4.0 International License.,GRETIL project,NONCOMMERCIAL_RESTRICTED,False,https://textgridrep.org/browse/textgrid:49pnw.0,Keep restricted; obtain permission or exclude from public/commercial use.
TG-GRE-0917,Cullaniddesa,,Pali Collection,textgrid:49pnx.0,textgrid:49pp0.0,textgrid:49pnz.0,handle:hdl:21.11113/0000-0016-D28F-A,https://creativecommons.org/licenses/by-nc-sa/4.0/,Distributed under a Creative Commons Attribution-NonCommercial-ShareAlike 4.0 International License.,GRETIL project,NONCOMMERCIAL_RESTRICTED,False,https://textgridrep.org/browse/textgrid:49pp0.0,Keep restricted; obtain permission or exclude from public/commercial use.
TG-GRE-0918,Dhammapada,,Pali Collection,textgrid:49pp1.0,textgrid:49pp3.0,textgrid:49pp2.0,handle:hdl:21.11113/0000-0016-D292-5,https://creativecommons.org/licenses/by-nc-sa/4.0/,Distributed under a Creative Commons Attribution-NonCommercial-ShareAlike 4.0 International License.,GRETIL project,NONCOMMERCIAL_RESTRICTED,False,https://textgridrep.org/browse/textgrid:49pp3.0,Keep restricted; obtain permission or exclude from public/commercial use.
TG-GRE-0919,Dighanikaya 1,,Pali Collection,textgrid:49pp4.0,textgrid:49pp6.0,textgrid:49pp5.0,handle:hdl:21.11113/0000-0016-D295-2,https://creativecommons.org/licenses/by-nc-sa/4.0/,Distributed under a Creative Commons Attribution-NonCommercial-ShareAlike 4.0 International License.,GRETIL project,NONCOMMERCIAL_RESTRICTED,False,https://textgridrep.org/browse/textgrid:49pp6.0,Keep restricted; obtain permission or exclude from public/commercial use.
TG-GRE-0920,Dighanikaya 2,,Pali Collection,textgrid:49pp7.0,textgrid:49pp9.0,textgrid:49pp8.0,handle:hdl:21.11113/0000-0016-D298-F,https://creativecommons.org/licenses/by-nc-sa/4.0/,Distributed under a Creative Commons Attribution-NonCommercial-ShareAlike 4.0 International License.,GRETIL project,NONCOMMERCIAL_RESTRICTED,False,https://textgridrep.org/browse/textgrid:49pp9.0,Keep restricted; obtain permission or exclude from public/commercial use.
TG-GRE-0921,Apadana,,Pali Collection,textgrid:49ppb.0,textgrid:49ppd.0,textgrid:49ppc.0,handle:hdl:21.11113/0000-0016-D29B-C,https://creativecommons.org/licenses/by-nc-sa/4.0/,Distributed under a Creative Commons Attribution-NonCommercial-ShareAlike 4.0 International License.,GRETIL project,NONCOMMERCIAL_RESTRICTED,False,https://textgridrep.org/browse/textgrid:49ppd.0,Keep restricted; obtain permission or exclude from public/commercial use.
TG-GRE-0922,Dighanikaya 3,,Pali Collection,textgrid:49ppf.0,textgrid:49pph.0,textgrid:49ppg.0,handle:hdl:21.11113/0000-0016-D29E-9,https://creativecommons.org/licenses/by-nc-sa/4.0/,Distributed under a Creative Commons Attribution-NonCommercial-ShareAlike 4.0 International License.,GRETIL project,NONCOMMERCIAL_RESTRICTED,False,https://textgridrep.org/browse/textgrid:49pph.0,Keep restricted; obtain permission or exclude from public/commercial use.
TG-GRE-0923,Dipavamsa (modern continuation),Ahungala Vimalakitti Mahathera,Pali Collection,textgrid:49ppj.0,textgrid:49ppm.0,textgrid:49ppk.0,handle:hdl:21.11113/0000-0016-D2A1-4,https://creativecommons.org/licenses/by-nc-sa/4.0/,Distributed under a Creative Commons Attribution-NonCommercial-ShareAlike 4.0 International License.,GRETIL project,NONCOMMERCIAL_RESTRICTED,False,https://textgridrep.org/browse/textgrid:49ppm.0,Keep restricted; obtain permission or exclude from public/commercial use.
TG-GRE-0924,Dipavamsa,,Pali Collection,textgrid:49ppn.0,textgrid:49ppq.0,textgrid:49ppp.0,handle:hdl:21.11113/0000-0016-D2A4-1,https://creativecommons.org/licenses/by-nc-sa/4.0/,Distributed under a Creative Commons Attribution-NonCommercial-ShareAlike 4.0 International License.,GRETIL project,NONCOMMERCIAL_RESTRICTED,False,https://textgridrep.org/browse/textgrid:49ppq.0,Keep restricted; obtain permission or exclude from public/commercial use.
TG-GRE-0925,Hatthavanagallaviharavamsa,,Pali Collection,textgrid:49ppr.0,textgrid:49ppt.0,textgrid:49pps.0,handle:hdl:21.11113/0000-0016-D2A7-E,https://creativecommons.org/licenses/by-nc-sa/4.0/,Distributed under a Creative Commons Attribution-NonCommercial-ShareAlike 4.0 International License.,GRETIL project,NONCOMMERCIAL_RESTRICTED,False,https://textgridrep.org/browse/textgrid:49ppt.0,Keep restricted; obtain permission or exclude from public/commercial use.
TG-GRE-0926,Itivuttaka,,Pali Collection,textgrid:49ppv.0,textgrid:49ppx.0,textgrid:49ppw.0,handle:hdl:21.11113/0000-0016-D2AA-B,https://creativecommons.org/licenses/by-nc-sa/4.0/,Distributed under a Creative Commons Attribution-NonCommercial-ShareAlike 4.0 International License.,GRETIL project,NONCOMMERCIAL_RESTRICTED,False,https://textgridrep.org/browse/textgrid:49ppx.0,Keep restricted; obtain permission or exclude from public/commercial use.
TG-GRE-0927,Jataka 2,,Pali Collection,textgrid:49ppz.0,textgrid:49pq1.0,textgrid:49pq0.0,handle:hdl:21.11113/0000-0016-D2AD-8,https://creativecommons.org/licenses/by-nc-sa/4.0/,Distributed under a Creative Commons Attribution-NonCommercial-ShareAlike 4.0 International License.,GRETIL project,NONCOMMERCIAL_RESTRICTED,False,https://textgridrep.org/browse/textgrid:49pq1.0,Keep restricted; obtain permission or exclude from public/commercial use.
TG-GRE-0928,Khuddakapatha,,Pali Collection,textgrid:49pq2.0,textgrid:49pq4.0,textgrid:49pq3.0,handle:hdl:21.11113/0000-0016-D2B0-3,https://creativecommons.org/licenses/by-nc-sa/4.0/,Distributed under a Creative Commons Attribution-NonCommercial-ShareAlike 4.0 International License.,GRETIL project,NONCOMMERCIAL_RESTRICTED,False,https://textgridrep.org/browse/textgrid:49pq4.0,Keep restricted; obtain permission or exclude from public/commercial use.
TG-GRE-0929,Jataka 5,,Pali Collection,textgrid:49pq5.0,textgrid:49pq7.0,textgrid:49pq6.0,handle:hdl:21.11113/0000-0016-D2B3-0,https://creativecommons.org/licenses/by-nc-sa/4.0/,Distributed under a Creative Commons Attribution-NonCommercial-ShareAlike 4.0 International License.,GRETIL project,NONCOMMERCIAL_RESTRICTED,False,https://textgridrep.org/browse/textgrid:49pq7.0,Keep restricted; obtain permission or exclude from public/commercial use.
TG-GRE-0930,Jataka 6,,Pali Collection,textgrid:49pq8.0,textgrid:49pqb.0,textgrid:49pq9.0,handle:hdl:21.11113/0000-0016-D2B6-D,https://creativecommons.org/licenses/by-nc-sa/4.0/,Distributed under a Creative Commons Attribution-NonCommercial-ShareAlike 4.0 International License.,GRETIL project,NONCOMMERCIAL_RESTRICTED,False,https://textgridrep.org/browse/textgrid:49pqb.0,Keep restricted; obtain permission or exclude from public/commercial use.
TG-GRE-0931,Jataka 4,,Pali Collection,textgrid:49pqc.0,textgrid:49pqf.0,textgrid:49pqd.0,handle:hdl:21.11113/0000-0016-D2B9-A,https://creativecommons.org/licenses/by-nc-sa/4.0/,Distributed under a Creative Commons Attribution-NonCommercial-ShareAlike 4.0 International License.,GRETIL project,NONCOMMERCIAL_RESTRICTED,False,https://textgridrep.org/browse/textgrid:49pqf.0,Keep restricted; obtain permission or exclude from public/commercial use.
TG-GRE-0932,Jinacarita,,Pali Collection,textgrid:49pqg.0,textgrid:49pqj.0,textgrid:49pqh.0,handle:hdl:21.11113/0000-0016-D2BC-7,https://creativecommons.org/licenses/by-nc-sa/4.0/,Distributed under a Creative Commons Attribution-NonCommercial-ShareAlike 4.0 International License.,GRETIL project,NONCOMMERCIAL_RESTRICTED,False,https://textgridrep.org/browse/textgrid:49pqj.0,Keep restricted; obtain permission or exclude from public/commercial use.
TG-GRE-0933,Padamanjari,,Pali Collection,textgrid:49pqk.0,textgrid:49pqn.0,textgrid:49pqm.0,handle:hdl:21.11113/0000-0016-D2BF-4,https://creativecommons.org/licenses/by-nc-sa/4.0/,Distributed under a Creative Commons Attribution-NonCommercial-ShareAlike 4.0 International License.,GRETIL project,NONCOMMERCIAL_RESTRICTED,False,https://textgridrep.org/browse/textgrid:49pqn.0,Keep restricted; obtain permission or exclude from public/commercial use.
TG-GRE-0934,Kaccayanabheda,Mahayasa Thera,Pali Collection,textgrid:49pqp.0,textgrid:49pqr.0,textgrid:49pqq.0,handle:hdl:21.11113/0000-0016-D2C2-F,https://creativecommons.org/licenses/by-nc-sa/4.0/,Distributed under a Creative Commons Attribution-NonCommercial-ShareAlike 4.0 International License.,GRETIL project,NONCOMMERCIAL_RESTRICTED,False,https://textgridrep.org/browse/textgrid:49pqr.0,Keep restricted; obtain permission or exclude from public/commercial use.
TG-GRE-0935,Kaccayanasara,Yasa Mahathera,Pali Collection,textgrid:49pqs.0,textgrid:49pqv.0,textgrid:49pqt.0,handle:hdl:21.11113/0000-0016-D2C5-C,https://creativecommons.org/licenses/by-nc-sa/4.0/,Distributed under a Creative Commons Attribution-NonCommercial-ShareAlike 4.0 International License.,GRETIL project,NONCOMMERCIAL_RESTRICTED,False,https://textgridrep.org/browse/textgrid:49pqv.0,Keep restricted; obtain permission or exclude from public/commercial use.
TG-GRE-0936,Karika,Dhammasenapati Thera,Pali Collection,textgrid:49pqw.0,textgrid:49pqz.0,textgrid:49pqx.0,handle:hdl:21.11113/0000-0016-D2C8-9,https://creativecommons.org/licenses/by-nc-sa/4.0/,Distributed under a Creative Commons Attribution-NonCommercial-ShareAlike 4.0 International License.,GRETIL project,NONCOMMERCIAL_RESTRICTED,False,https://textgridrep.org/browse/textgrid:49pqz.0,Keep restricted; obtain permission or exclude from public/commercial use.
TG-GRE-0937,Petakopadesa,,Pali Collection,textgrid:49pr0.0,textgrid:49pr2.0,textgrid:49pr1.0,handle:hdl:21.11113/0000-0016-D2CB-6,https://creativecommons.org/licenses/by-nc-sa/4.0/,Distributed under a Creative Commons Attribution-NonCommercial-ShareAlike 4.0 International License.,GRETIL project,NONCOMMERCIAL_RESTRICTED,False,https://textgridrep.org/browse/textgrid:49pr2.0,Keep restricted; obtain permission or exclude from public/commercial use.
TG-GRE-0938,Saddatthabhedacinta,Saddhammasiri Thera,Pali Collection,textgrid:49pr3.0,textgrid:49pr5.0,textgrid:49pr4.0,handle:hdl:21.11113/0000-0016-D2CE-3,https://creativecommons.org/licenses/by-nc-sa/4.0/,Distributed under a Creative Commons Attribution-NonCommercial-ShareAlike 4.0 International License.,GRETIL project,NONCOMMERCIAL_RESTRICTED,False,https://textgridrep.org/browse/textgrid:49pr5.0,Keep restricted; obtain permission or exclude from public/commercial use.
TG-GRE-0939,Saddabindu,,Pali Collection,textgrid:49pr6.0,textgrid:49pr8.0,textgrid:49pr7.0,handle:hdl:21.11113/0000-0016-D2D1-E,https://creativecommons.org/licenses/by-nc-sa/4.0/,Distributed under a Creative Commons Attribution-NonCommercial-ShareAlike 4.0 International License.,GRETIL project,NONCOMMERCIAL_RESTRICTED,False,https://textgridrep.org/browse/textgrid:49pr8.0,Keep restricted; obtain permission or exclude from public/commercial use.
TG-GRE-0940,Kaccayanasuttaniddesa,Chapata Saddhammajotipala,Pali Collection,textgrid:49pr9.0,textgrid:49prc.0,textgrid:49prb.0,handle:hdl:21.11113/0000-0016-D2D4-B,https://creativecommons.org/licenses/by-nc-sa/4.0/,Distributed under a Creative Commons Attribution-NonCommercial-ShareAlike 4.0 International License.,GRETIL project,NONCOMMERCIAL_RESTRICTED,False,https://textgridrep.org/browse/textgrid:49prc.0,Keep restricted; obtain permission or exclude from public/commercial use.
TG-GRE-0941,Kaccayanadhatumanjusa I,,Pali Collection,textgrid:49prd.0,textgrid:49prg.0,textgrid:49prf.0,handle:hdl:21.11113/0000-0016-D2D7-8,https://creativecommons.org/licenses/by-nc-sa/4.0/,Distributed under a Creative Commons Attribution-NonCommercial-ShareAlike 4.0 International License.,GRETIL project,NONCOMMERCIAL_RESTRICTED,False,https://textgridrep.org/browse/textgrid:49prg.0,Keep restricted; obtain permission or exclude from public/commercial use.
TG-GRE-0942,Vakyamalava,,Pali Collection,textgrid:49prh.0,textgrid:49prk.0,textgrid:49prj.0,handle:hdl:21.11113/0000-0016-D2DA-5,https://creativecommons.org/licenses/by-nc-sa/4.0/,Distributed under a Creative Commons Attribution-NonCommercial-ShareAlike 4.0 International License.,GRETIL project,NONCOMMERCIAL_RESTRICTED,False,https://textgridrep.org/browse/textgrid:49prk.0,Keep restricted; obtain permission or exclude from public/commercial use.
TG-GRE-0943,Balavatara,,Pali Collection,textgrid:49prm.0,textgrid:49prp.0,textgrid:49prn.0,handle:hdl:21.11113/0000-0016-D2DD-2,https://creativecommons.org/licenses/by-nc-sa/4.0/,Distributed under a Creative Commons Attribution-NonCommercial-ShareAlike 4.0 International License.,GRETIL project,NONCOMMERCIAL_RESTRICTED,False,https://textgridrep.org/browse/textgrid:49prp.0,Keep restricted; obtain permission or exclude from public/commercial use.
TG-GRE-0944,Dipavamsa 2,,Pali Collection,textgrid:49prq.0,textgrid:49prs.0,textgrid:49prr.0,handle:hdl:21.11113/0000-0016-D2E0-D,https://creativecommons.org/licenses/by-nc-sa/4.0/,Distributed under a Creative Commons Attribution-NonCommercial-ShareAlike 4.0 International License.,GRETIL project,NONCOMMERCIAL_RESTRICTED,False,https://textgridrep.org/browse/textgrid:49prs.0,Keep restricted; obtain permission or exclude from public/commercial use.
TG-GRE-0945,Samyuttanikaya 1,,Pali Collection,textgrid:49prt.0,textgrid:49prw.0,textgrid:49prv.0,handle:hdl:21.11113/0000-0016-D2E3-A,https://creativecommons.org/licenses/by-nc-sa/4.0/,Distributed under a Creative Commons Attribution-NonCommercial-ShareAlike 4.0 International License.,GRETIL project,NONCOMMERCIAL_RESTRICTED,False,https://textgridrep.org/browse/textgrid:49prw.0,Keep restricted; obtain permission or exclude from public/commercial use.
TG-GRE-0946,Yamaka 2,,Pali Collection,textgrid:49prx.0,textgrid:49ps0.0,textgrid:49prz.0,handle:hdl:21.11113/0000-0016-D2E6-7,https://creativecommons.org/licenses/by-nc-sa/4.0/,Distributed under a Creative Commons Attribution-NonCommercial-ShareAlike 4.0 International License.,GRETIL project,NONCOMMERCIAL_RESTRICTED,False,https://textgridrep.org/browse/textgrid:49ps0.0,Keep restricted; obtain permission or exclude from public/commercial use.
TG-GRE-0947,Samyuttanikaya 2,,Pali Collection,textgrid:49ps1.0,textgrid:49ps3.0,textgrid:49ps2.0,handle:hdl:21.11113/0000-0016-D2E9-4,https://creativecommons.org/licenses/by-nc-sa/4.0/,Distributed under a Creative Commons Attribution-NonCommercial-ShareAlike 4.0 International License.,GRETIL project,NONCOMMERCIAL_RESTRICTED,False,https://textgridrep.org/browse/textgrid:49ps3.0,Keep restricted; obtain permission or exclude from public/commercial use.
TG-GRE-0948,Patthana 2,,Pali Collection,textgrid:49ps4.0,textgrid:49ps6.0,textgrid:49ps5.0,handle:hdl:21.11113/0000-0016-D2EC-1,https://creativecommons.org/licenses/by-nc-sa/4.0/,Distributed under a Creative Commons Attribution-NonCommercial-ShareAlike 4.0 International License.,GRETIL project,NONCOMMERCIAL_RESTRICTED,False,https://textgridrep.org/browse/textgrid:49ps6.0,Keep restricted; obtain permission or exclude from public/commercial use.
TG-GRE-0949,Pacittiya,,Pali Collection,textgrid:49ps7.0,textgrid:49ps9.0,textgrid:49ps8.0,handle:hdl:21.11113/0000-0016-D2EF-E,https://creativecommons.org/licenses/by-nc-sa/4.0/,Distributed under a Creative Commons Attribution-NonCommercial-ShareAlike 4.0 International License.,GRETIL project,NONCOMMERCIAL_RESTRICTED,False,https://textgridrep.org/browse/textgrid:49ps9.0,Keep restricted; obtain permission or exclude from public/commercial use.
TG-GRE-0950,Parajika,,Pali Collection,textgrid:49psb.0,textgrid:49psd.0,textgrid:49psc.0,handle:hdl:21.11113/0000-0016-D2F2-9,https://creativecommons.org/licenses/by-nc-sa/4.0/,Distributed under a Creative Commons Attribution-NonCommercial-ShareAlike 4.0 International License.,GRETIL project,NONCOMMERCIAL_RESTRICTED,False,https://textgridrep.org/browse/textgrid:49psd.0,Keep restricted; obtain permission or exclude from public/commercial use.
TG-GRE-0951,Patthana 1,,Pali Collection,textgrid:49psf.0,textgrid:49psh.0,textgrid:49psg.0,handle:hdl:21.11113/0000-0016-D2F5-6,https://creativecommons.org/licenses/by-nc-sa/4.0/,Distributed under a Creative Commons Attribution-NonCommercial-ShareAlike 4.0 International License.,GRETIL project,NONCOMMERCIAL_RESTRICTED,False,https://textgridrep.org/browse/textgrid:49psh.0,Keep restricted; obtain permission or exclude from public/commercial use.
TG-GRE-0952,Parivara,,Pali Collection,textgrid:49psj.0,textgrid:49psm.0,textgrid:49psk.0,handle:hdl:21.11113/0000-0016-D2F8-3,https://creativecommons.org/licenses/by-nc-sa/4.0/,Distributed under a Creative Commons Attribution-NonCommercial-ShareAlike 4.0 International License.,GRETIL project,NONCOMMERCIAL_RESTRICTED,False,https://textgridrep.org/browse/textgrid:49psm.0,Keep restricted; obtain permission or exclude from public/commercial use.
TG-GRE-0953,Cullavaga,,Pali Collection,textgrid:49psn.0,textgrid:49psq.0,textgrid:49psp.0,handle:hdl:21.11113/0000-0016-D2FB-0,https://creativecommons.org/licenses/by-nc-sa/4.0/,Distributed under a Creative Commons Attribution-NonCommercial-ShareAlike 4.0 International License.,GRETIL project,NONCOMMERCIAL_RESTRICTED,False,https://textgridrep.org/browse/textgrid:49psq.0,Keep restricted; obtain permission or exclude from public/commercial use.
TG-GRE-0954,Kathavatthu I,,Pali Collection,textgrid:49psr.0,textgrid:49pst.0,textgrid:49pss.0,handle:hdl:21.11113/0000-0016-D2FE-D,https://creativecommons.org/licenses/by-nc-sa/4.0/,Distributed under a Creative Commons Attribution-NonCommercial-ShareAlike 4.0 International License.,GRETIL project,NONCOMMERCIAL_RESTRICTED,False,https://textgridrep.org/browse/textgrid:49pst.0,Keep restricted; obtain permission or exclude from public/commercial use.
TG-GRE-0955,Kathavatthu II,,Pali Collection,textgrid:49psv.0,textgrid:49psx.0,textgrid:49psw.0,handle:hdl:21.11113/0000-0016-D301-8,https://creativecommons.org/licenses/by-nc-sa/4.0/,Distributed under a Creative Commons Attribution-NonCommercial-ShareAlike 4.0 International License.,GRETIL project,NONCOMMERCIAL_RESTRICTED,False,https://textgridrep.org/browse/textgrid:49psx.0,Keep restricted; obtain permission or exclude from public/commercial use.
TG-GRE-0956,Dhammasangani,,Pali Collection,textgrid:49psz.0,textgrid:49pt1.0,textgrid:49pt0.0,handle:hdl:21.11113/0000-0016-D304-5,https://creativecommons.org/licenses/by-nc-sa/4.0/,Distributed under a Creative Commons Attribution-NonCommercial-ShareAlike 4.0 International License.,GRETIL project,NONCOMMERCIAL_RESTRICTED,False,https://textgridrep.org/browse/textgrid:49pt1.0,Keep restricted; obtain permission or exclude from public/commercial use.
TG-GRE-0957,Anguttaranikaya 2,,Pali Collection,textgrid:49pt2.0,textgrid:49pt4.0,textgrid:49pt3.0,handle:hdl:21.11113/0000-0016-D307-2,https://creativecommons.org/licenses/by-nc-sa/4.0/,Distributed under a Creative Commons Attribution-NonCommercial-ShareAlike 4.0 International License.,GRETIL project,NONCOMMERCIAL_RESTRICTED,False,https://textgridrep.org/browse/textgrid:49pt4.0,Keep restricted; obtain permission or exclude from public/commercial use.
TG-GRE-0958,Dhatukatha,,Pali Collection,textgrid:49pt5.0,textgrid:49pt7.0,textgrid:49pt6.0,handle:hdl:21.11113/0000-0016-D30A-F,https://creativecommons.org/licenses/by-nc-sa/4.0/,Distributed under a Creative Commons Attribution-NonCommercial-ShareAlike 4.0 International License.,GRETIL project,NONCOMMERCIAL_RESTRICTED,False,https://textgridrep.org/browse/textgrid:49pt7.0,Keep restricted; obtain permission or exclude from public/commercial use.
TG-GRE-0959,Anguttaranikaya 3,,Pali Collection,textgrid:49pt8.0,textgrid:49ptb.0,textgrid:49pt9.0,handle:hdl:21.11113/0000-0016-D30D-C,https://creativecommons.org/licenses/by-nc-sa/4.0/,Distributed under a Creative Commons Attribution-NonCommercial-ShareAlike 4.0 International License.,GRETIL project,NONCOMMERCIAL_RESTRICTED,False,https://textgridrep.org/browse/textgrid:49ptb.0,Keep restricted; obtain permission or exclude from public/commercial use.
TG-GRE-0960,Mahaniddesa,,Pali Collection,textgrid:49ptc.0,textgrid:49ptf.0,textgrid:49ptd.0,handle:hdl:21.11113/0000-0016-D310-7,https://creativecommons.org/licenses/by-nc-sa/4.0/,Distributed under a Creative Commons Attribution-NonCommercial-ShareAlike 4.0 International License.,GRETIL project,NONCOMMERCIAL_RESTRICTED,False,https://textgridrep.org/browse/textgrid:49ptf.0,Keep restricted; obtain permission or exclude from public/commercial use.
TG-GRE-0961,Mahavamsa,,Pali Collection,textgrid:49ptg.0,textgrid:49ptj.0,textgrid:49pth.0,handle:hdl:21.11113/0000-0016-D313-4,https://creativecommons.org/licenses/by-nc-sa/4.0/,Distributed under a Creative Commons Attribution-NonCommercial-ShareAlike 4.0 International License.,GRETIL project,NONCOMMERCIAL_RESTRICTED,False,https://textgridrep.org/browse/textgrid:49ptj.0,Keep restricted; obtain permission or exclude from public/commercial use.
TG-GRE-0962,Majjhimanikaya 2,,Pali Collection,textgrid:49ptk.0,textgrid:49ptn.0,textgrid:49ptm.0,handle:hdl:21.11113/0000-0016-D316-1,https://creativecommons.org/licenses/by-nc-sa/4.0/,Distributed under a Creative Commons Attribution-NonCommercial-ShareAlike 4.0 International License.,GRETIL project,NONCOMMERCIAL_RESTRICTED,False,https://textgridrep.org/browse/textgrid:49ptn.0,Keep restricted; obtain permission or exclude from public/commercial use.
TG-GRE-0963,Majjhimanikaya 3,,Pali Collection,textgrid:49ptp.0,textgrid:49ptr.0,textgrid:49ptq.0,handle:hdl:21.11113/0000-0016-D319-E,https://creativecommons.org/licenses/by-nc-sa/4.0/,Distributed under a Creative Commons Attribution-NonCommercial-ShareAlike 4.0 International License.,GRETIL project,NONCOMMERCIAL_RESTRICTED,False,https://textgridrep.org/browse/textgrid:49ptr.0,Keep restricted; obtain permission or exclude from public/commercial use.
TG-GRE-0964,Milindapanha 1,,Pali Collection,textgrid:49pts.0,textgrid:49ptv.0,textgrid:49ptt.0,handle:hdl:21.11113/0000-0016-D31C-B,https://creativecommons.org/licenses/by-nc-sa/4.0/,Distributed under a Creative Commons Attribution-NonCommercial-ShareAlike 4.0 International License.,GRETIL project,NONCOMMERCIAL_RESTRICTED,False,https://textgridrep.org/browse/textgrid:49ptv.0,Keep restricted; obtain permission or exclude from public/commercial use.
TG-GRE-0965,Subodhalankara,,Pali Collection,textgrid:49ptw.0,textgrid:49ptz.0,textgrid:49ptx.0,handle:hdl:21.11113/0000-0016-D31F-8,https://creativecommons.org/licenses/by-nc-sa/4.0/,Distributed under a Creative Commons Attribution-NonCommercial-ShareAlike 4.0 International License.,GRETIL project,NONCOMMERCIAL_RESTRICTED,False,https://textgridrep.org/browse/textgrid:49ptz.0,Keep restricted; obtain permission or exclude from public/commercial use.
TG-GRE-0966,Petavatthu,,Pali Collection,textgrid:49pv0.0,textgrid:49pv2.0,textgrid:49pv1.0,handle:hdl:21.11113/0000-0016-D322-3,https://creativecommons.org/licenses/by-nc-sa/4.0/,Distributed under a Creative Commons Attribution-NonCommercial-ShareAlike 4.0 International License.,GRETIL project,NONCOMMERCIAL_RESTRICTED,False,https://textgridrep.org/browse/textgrid:49pv2.0,Keep restricted; obtain permission or exclude from public/commercial use.
TG-GRE-0967,Patisambhidamagga 2,,Pali Collection,textgrid:49pv3.0,textgrid:49pv5.0,textgrid:49pv4.0,handle:hdl:21.11113/0000-0016-D325-0,https://creativecommons.org/licenses/by-nc-sa/4.0/,Distributed under a Creative Commons Attribution-NonCommercial-ShareAlike 4.0 International License.,GRETIL project,NONCOMMERCIAL_RESTRICTED,False,https://textgridrep.org/browse/textgrid:49pv5.0,Keep restricted; obtain permission or exclude from public/commercial use.
TG-GRE-0968,Patisambhidamagga 1,,Pali Collection,textgrid:49pv6.0,textgrid:49pv8.0,textgrid:49pv7.0,handle:hdl:21.11113/0000-0016-D328-D,https://creativecommons.org/licenses/by-nc-sa/4.0/,Distributed under a Creative Commons Attribution-NonCommercial-ShareAlike 4.0 International License.,GRETIL project,NONCOMMERCIAL_RESTRICTED,False,https://textgridrep.org/browse/textgrid:49pv8.0,Keep restricted; obtain permission or exclude from public/commercial use.
TG-GRE-0969,Suttanipata,,Pali Collection,textgrid:49pv9.0,textgrid:49pvc.0,textgrid:49pvb.0,handle:hdl:21.11113/0000-0016-D32B-A,https://creativecommons.org/licenses/by-nc-sa/4.0/,Distributed under a Creative Commons Attribution-NonCommercial-ShareAlike 4.0 International License.,GRETIL project,NONCOMMERCIAL_RESTRICTED,False,https://textgridrep.org/browse/textgrid:49pvc.0,Keep restricted; obtain permission or exclude from public/commercial use.
TG-GRE-0970,Theragatha,,Pali Collection,textgrid:49pvd.0,textgrid:49pvg.0,textgrid:49pvf.0,handle:hdl:21.11113/0000-0016-D32E-7,https://creativecommons.org/licenses/by-nc-sa/4.0/,Distributed under a Creative Commons Attribution-NonCommercial-ShareAlike 4.0 International License.,GRETIL project,NONCOMMERCIAL_RESTRICTED,False,https://textgridrep.org/browse/textgrid:49pvg.0,Keep restricted; obtain permission or exclude from public/commercial use.
TG-GRE-0971,Nataracappatu,Municami Mutaliyar,Dravidian Collection,textgrid:49tcd.0,textgrid:49tcg.0,textgrid:49tcf.0,handle:hdl:21.11113/0000-0016-D54C-3,https://creativecommons.org/licenses/by-nc-sa/4.0/,Distributed under a Creative Commons Attribution-NonCommercial-ShareAlike 4.0 International License.,GRETIL project,NONCOMMERCIAL_RESTRICTED,False,https://textgridrep.org/browse/textgrid:49tcg.0,Keep restricted; obtain permission or exclude from public/commercial use.
TG-GRE-0972,Ulakaniti,Ulakanatan,Dravidian Collection,textgrid:49tch.0,textgrid:49tck.0,textgrid:49tcj.0,handle:hdl:21.11113/0000-0016-D54F-0,https://creativecommons.org/licenses/by-nc-sa/4.0/,Distributed under a Creative Commons Attribution-NonCommercial-ShareAlike 4.0 International License.,GRETIL project,NONCOMMERCIAL_RESTRICTED,False,https://textgridrep.org/browse/textgrid:49tck.0,Keep restricted; obtain permission or exclude from public/commercial use.
TG-GRE-0973,"Canmukakavaca, Tiruccenturk Kantarkalivenpa",Pampan Kumarakurutaca Cuvamikal,Dravidian Collection,textgrid:49tcm.0,textgrid:49tcp.0,textgrid:49tcn.0,handle:hdl:21.11113/0000-0016-D552-B,https://creativecommons.org/licenses/by-nc-sa/4.0/,Distributed under a Creative Commons Attribution-NonCommercial-ShareAlike 4.0 International License.,GRETIL project,NONCOMMERCIAL_RESTRICTED,False,https://textgridrep.org/browse/textgrid:49tcp.0,Keep restricted; obtain permission or exclude from public/commercial use.
TG-GRE-0974,Nalayira tivviyap pirapantam II,,Dravidian Collection,textgrid:49tcq.0,textgrid:49tcs.0,textgrid:49tcr.0,handle:hdl:21.11113/0000-0016-D555-8,https://creativecommons.org/licenses/by-nc-sa/4.0/,Distributed under a Creative Commons Attribution-NonCommercial-ShareAlike 4.0 International License.,GRETIL project,NONCOMMERCIAL_RESTRICTED,False,https://textgridrep.org/browse/textgrid:49tcs.0,Keep restricted; obtain permission or exclude from public/commercial use.
TG-GRE-0975,Acarakkovai,Mulliyar,Dravidian Collection,textgrid:49tct.0,textgrid:49tcw.0,textgrid:49tcv.0,handle:hdl:21.11113/0000-0016-D558-5,https://creativecommons.org/licenses/by-nc-sa/4.0/,Distributed under a Creative Commons Attribution-NonCommercial-ShareAlike 4.0 International License.,GRETIL project,NONCOMMERCIAL_RESTRICTED,False,https://textgridrep.org/browse/textgrid:49tcw.0,Keep restricted; obtain permission or exclude from public/commercial use.
TG-GRE-0976,"Iniyavainarpatu, Innanarpatu, Kalavalinarpatu, Mutumolikanci",Patinenkilkkanakku,Dravidian Collection,textgrid:49tcx.0,textgrid:49td0.0,textgrid:49tcz.0,handle:hdl:21.11113/0000-0016-D55B-2,https://creativecommons.org/licenses/by-nc-sa/4.0/,Distributed under a Creative Commons Attribution-NonCommercial-ShareAlike 4.0 International License.,GRETIL project,NONCOMMERCIAL_RESTRICTED,False,https://textgridrep.org/browse/textgrid:49td0.0,Keep restricted; obtain permission or exclude from public/commercial use.
TG-GRE-0977,Apirami antati 2,Apirama Pattar,Dravidian Collection,textgrid:49td1.0,textgrid:49td3.0,textgrid:49td2.0,handle:hdl:21.11113/0000-0016-D55E-F,https://creativecommons.org/licenses/by-nc-sa/4.0/,Distributed under a Creative Commons Attribution-NonCommercial-ShareAlike 4.0 International License.,GRETIL project,NONCOMMERCIAL_RESTRICTED,False,https://textgridrep.org/browse/textgrid:49td3.0,Keep restricted; obtain permission or exclude from public/commercial use.
TG-GRE-0978,"Tinaimoliyaimpatu, Aintinaiyaimpatu, Aintinaiyelupatu",Kannan Centanar,Dravidian Collection,textgrid:49td4.0,textgrid:49td6.0,textgrid:49td5.0,handle:hdl:21.11113/0000-0016-D561-A,https://creativecommons.org/licenses/by-nc-sa/4.0/,Distributed under a Creative Commons Attribution-NonCommercial-ShareAlike 4.0 International License.,GRETIL project,NONCOMMERCIAL_RESTRICTED,False,https://textgridrep.org/browse/textgrid:49td6.0,Keep restricted; obtain permission or exclude from public/commercial use.
TG-GRE-0979,Tirukkalirruppatiyar,,Dravidian Collection,textgrid:49td7.0,textgrid:49td9.0,textgrid:49td8.0,handle:hdl:21.11113/0000-0016-D564-7,https://creativecommons.org/licenses/by-nc-sa/4.0/,Distributed under a Creative Commons Attribution-NonCommercial-ShareAlike 4.0 International License.,GRETIL project,NONCOMMERCIAL_RESTRICTED,False,https://textgridrep.org/browse/textgrid:49td9.0,Keep restricted; obtain permission or exclude from public/commercial use.
TG-GRE-0980,Ekkalak kani,,Dravidian Collection,textgrid:49tdb.0,textgrid:49tdd.0,textgrid:49tdc.0,handle:hdl:21.11113/0000-0016-D567-4,https://creativecommons.org/licenses/by-nc-sa/4.0/,Distributed under a Creative Commons Attribution-NonCommercial-ShareAlike 4.0 International License.,GRETIL project,NONCOMMERCIAL_RESTRICTED,False,https://textgridrep.org/browse/textgrid:49tdd.0,Keep restricted; obtain permission or exclude from public/commercial use.
TG-GRE-0981,Aliya nilalkal: oru kavitait tokuppu,M. A. Nukman,Dravidian Collection,textgrid:49tdf.0,textgrid:49tdh.0,textgrid:49tdg.0,handle:hdl:21.11113/0000-0016-D56A-1,https://creativecommons.org/licenses/by-nc-sa/4.0/,Distributed under a Creative Commons Attribution-NonCommercial-ShareAlike 4.0 International License.,GRETIL project,NONCOMMERCIAL_RESTRICTED,False,https://textgridrep.org/browse/textgrid:49tdh.0,Keep restricted; obtain permission or exclude from public/commercial use.
TG-GRE-0982,"Cirupancamulam, Elati, Karnarpatu",Patinenkilkkanakku,Dravidian Collection,textgrid:49tdj.0,textgrid:49tdm.0,textgrid:49tdk.0,handle:hdl:21.11113/0000-0016-D56D-E,https://creativecommons.org/licenses/by-nc-sa/4.0/,Distributed under a Creative Commons Attribution-NonCommercial-ShareAlike 4.0 International License.,GRETIL project,NONCOMMERCIAL_RESTRICTED,False,https://textgridrep.org/browse/textgrid:49tdm.0,Keep restricted; obtain permission or exclude from public/commercial use.
TG-GRE-0983,Alakin irippu,Kanaka Cuppurattinam (Paratitacan),Dravidian Collection,textgrid:49tdn.0,textgrid:49tdq.0,textgrid:49tdp.0,handle:hdl:21.11113/0000-0016-D570-9,https://creativecommons.org/licenses/by-nc-sa/4.0/,Distributed under a Creative Commons Attribution-NonCommercial-ShareAlike 4.0 International License.,GRETIL project,NONCOMMERCIAL_RESTRICTED,False,https://textgridrep.org/browse/textgrid:49tdq.0,Keep restricted; obtain permission or exclude from public/commercial use.
TG-GRE-0984,Tamil vitututu,Palappattatai Cokkanatap Pulavar,Dravidian Collection,textgrid:49tdr.0,textgrid:49tdt.0,textgrid:49tds.0,handle:hdl:21.11113/0000-0016-D573-6,https://creativecommons.org/licenses/by-nc-sa/4.0/,Distributed under a Creative Commons Attribution-NonCommercial-ShareAlike 4.0 International License.,GRETIL project,NONCOMMERCIAL_RESTRICTED,False,https://textgridrep.org/browse/textgrid:49tdt.0,Keep restricted; obtain permission or exclude from public/commercial use.
TG-GRE-0985,Maturaikkalampakam,Kumarakuruparar,Dravidian Collection,textgrid:49tdv.0,textgrid:49tdx.0,textgrid:49tdw.0,handle:hdl:21.11113/0000-0016-D576-3,https://creativecommons.org/licenses/by-nc-sa/4.0/,Distributed under a Creative Commons Attribution-NonCommercial-ShareAlike 4.0 International License.,GRETIL project,NONCOMMERCIAL_RESTRICTED,False,https://textgridrep.org/browse/textgrid:49tdx.0,Keep restricted; obtain permission or exclude from public/commercial use.
TG-GRE-0986,Nanmanikkatikai,Vilampinakanar,Dravidian Collection,textgrid:49tdz.0,textgrid:49tf1.0,textgrid:49tf0.0,handle:hdl:21.11113/0000-0016-D579-0,https://creativecommons.org/licenses/by-nc-sa/4.0/,Distributed under a Creative Commons Attribution-NonCommercial-ShareAlike 4.0 International License.,GRETIL project,NONCOMMERCIAL_RESTRICTED,False,https://textgridrep.org/browse/textgrid:49tf1.0,Keep restricted; obtain permission or exclude from public/commercial use.
TG-GRE-0987,Tirukatukam,Nallatanar,Dravidian Collection,textgrid:49tf2.0,textgrid:49tf4.0,textgrid:49tf3.0,handle:hdl:21.11113/0000-0016-D57C-D,https://creativecommons.org/licenses/by-nc-sa/4.0/,Distributed under a Creative Commons Attribution-NonCommercial-ShareAlike 4.0 International License.,GRETIL project,NONCOMMERCIAL_RESTRICTED,False,https://textgridrep.org/browse/textgrid:49tf4.0,Keep restricted; obtain permission or exclude from public/commercial use.
TG-GRE-0988,Maturapuri ampikaimalai,Kulacekara Pantiyan,Dravidian Collection,textgrid:49tf5.0,textgrid:49tf7.0,textgrid:49tf6.0,handle:hdl:21.11113/0000-0016-D57F-A,https://creativecommons.org/licenses/by-nc-sa/4.0/,Distributed under a Creative Commons Attribution-NonCommercial-ShareAlike 4.0 International License.,GRETIL project,NONCOMMERCIAL_RESTRICTED,False,https://textgridrep.org/browse/textgrid:49tf7.0,Keep restricted; obtain permission or exclude from public/commercial use.
TG-GRE-0989,"Innilai, Kainnilai",Poykaiyar,Dravidian Collection,textgrid:49tf8.0,textgrid:49tfb.0,textgrid:49tf9.0,handle:hdl:21.11113/0000-0016-D582-4,https://creativecommons.org/licenses/by-nc-sa/4.0/,Distributed under a Creative Commons Attribution-NonCommercial-ShareAlike 4.0 International License.,GRETIL project,NONCOMMERCIAL_RESTRICTED,False,https://textgridrep.org/browse/textgrid:49tfb.0,Keep restricted; obtain permission or exclude from public/commercial use.
TG-GRE-0990,"Caracuvati antati, Catakoparantati",Kampan,Dravidian Collection,textgrid:49tfc.0,textgrid:49tff.0,textgrid:49tfd.0,handle:hdl:21.11113/0000-0016-D585-1,https://creativecommons.org/licenses/by-nc-sa/4.0/,Distributed under a Creative Commons Attribution-NonCommercial-ShareAlike 4.0 International License.,GRETIL project,NONCOMMERCIAL_RESTRICTED,False,https://textgridrep.org/browse/textgrid:49tff.0,Keep restricted; obtain permission or exclude from public/commercial use.
TG-GRE-0991,Yapparunkalakkarikai,Amitacakarar,Dravidian Collection,textgrid:49tfg.0,textgrid:49tfj.0,textgrid:49tfh.0,handle:hdl:21.11113/0000-0016-D588-E,https://creativecommons.org/licenses/by-nc-sa/4.0/,Distributed under a Creative Commons Attribution-NonCommercial-ShareAlike 4.0 International License.,GRETIL project,NONCOMMERCIAL_RESTRICTED,False,https://textgridrep.org/browse/textgrid:49tfj.0,Keep restricted; obtain permission or exclude from public/commercial use.
TG-GRE-0992,Tinaimalainurraimpatu,Kani Metaviyar,Dravidian Collection,textgrid:49tfk.0,textgrid:49tfn.0,textgrid:49tfm.0,handle:hdl:21.11113/0000-0016-D58B-B,https://creativecommons.org/licenses/by-nc-sa/4.0/,Distributed under a Creative Commons Attribution-NonCommercial-ShareAlike 4.0 International License.,GRETIL project,NONCOMMERCIAL_RESTRICTED,False,https://textgridrep.org/browse/textgrid:49tfn.0,Keep restricted; obtain permission or exclude from public/commercial use.
TG-GRE-0993,Tirumantiram 549-883,Tirumular,Dravidian Collection,textgrid:49tfp.0,textgrid:49tfr.0,textgrid:49tfq.0,handle:hdl:21.11113/0000-0016-D58E-8,https://creativecommons.org/licenses/by-nc-sa/4.0/,Distributed under a Creative Commons Attribution-NonCommercial-ShareAlike 4.0 International License.,GRETIL project,NONCOMMERCIAL_RESTRICTED,False,https://textgridrep.org/browse/textgrid:49tfr.0,Keep restricted; obtain permission or exclude from public/commercial use.
TG-GRE-0994,Tirumantiram 884-1154,Tirumular,Dravidian Collection,textgrid:49tfs.0,textgrid:49tfv.0,textgrid:49tft.0,handle:hdl:21.11113/0000-0016-D591-3,https://creativecommons.org/licenses/by-nc-sa/4.0/,Distributed under a Creative Commons Attribution-NonCommercial-ShareAlike 4.0 International License.,GRETIL project,NONCOMMERCIAL_RESTRICTED,False,https://textgridrep.org/browse/textgrid:49tfv.0,Keep restricted; obtain permission or exclude from public/commercial use.
TG-GRE-0995,Tirumantiram 1155-1418,Tirumular,Dravidian Collection,textgrid:49tfw.0,textgrid:49tfz.0,textgrid:49tfx.0,handle:hdl:21.11113/0000-0016-D594-0,https://creativecommons.org/licenses/by-nc-sa/4.0/,Distributed under a Creative Commons Attribution-NonCommercial-ShareAlike 4.0 International License.,GRETIL project,NONCOMMERCIAL_RESTRICTED,False,https://textgridrep.org/browse/textgrid:49tfz.0,Keep restricted; obtain permission or exclude from public/commercial use.
TG-GRE-0996,Tirumantiram 1419-1703,Tirumular,Dravidian Collection,textgrid:49tg0.0,textgrid:49tg2.0,textgrid:49tg1.0,handle:hdl:21.11113/0000-0016-D597-D,https://creativecommons.org/licenses/by-nc-sa/4.0/,Distributed under a Creative Commons Attribution-NonCommercial-ShareAlike 4.0 International License.,GRETIL project,NONCOMMERCIAL_RESTRICTED,False,https://textgridrep.org/browse/textgrid:49tg2.0,Keep restricted; obtain permission or exclude from public/commercial use.
TG-GRE-0997,Tirumantiram 1704-2121,Tirumular,Dravidian Collection,textgrid:49tg3.0,textgrid:49tg5.0,textgrid:49tg4.0,handle:hdl:21.11113/0000-0016-D59A-A,https://creativecommons.org/licenses/by-nc-sa/4.0/,Distributed under a Creative Commons Attribution-NonCommercial-ShareAlike 4.0 International License.,GRETIL project,NONCOMMERCIAL_RESTRICTED,False,https://textgridrep.org/browse/textgrid:49tg5.0,Keep restricted; obtain permission or exclude from public/commercial use.
TG-GRE-0998,Vivekacintamani,,Dravidian Collection,textgrid:49tg6.0,textgrid:49tg8.0,textgrid:49tg7.0,handle:hdl:21.11113/0000-0016-D59D-7,https://creativecommons.org/licenses/by-nc-sa/4.0/,Distributed under a Creative Commons Attribution-NonCommercial-ShareAlike 4.0 International License.,GRETIL project,NONCOMMERCIAL_RESTRICTED,False,https://textgridrep.org/browse/textgrid:49tg8.0,Keep restricted; obtain permission or exclude from public/commercial use.
TG-GRE-0999,Tirumantiram 2649-3047,Tirumular,Dravidian Collection,textgrid:49tg9.0,textgrid:49tgc.0,textgrid:49tgb.0,handle:hdl:21.11113/0000-0016-D5A0-2,https://creativecommons.org/licenses/by-nc-sa/4.0/,Distributed under a Creative Commons Attribution-NonCommercial-ShareAlike 4.0 International License.,GRETIL project,NONCOMMERCIAL_RESTRICTED,False,https://textgridrep.org/browse/textgrid:49tgc.0,Keep restricted; obtain permission or exclude from public/commercial use.
TG-GRE-1000,Palaiya Iramayanam,,Dravidian Collection,textgrid:49tgd.0,textgrid:49tgg.0,textgrid:49tgf.0,handle:hdl:21.11113/0000-0016-D5A3-F,https://creativecommons.org/licenses/by-nc-sa/4.0/,Distributed under a Creative Commons Attribution-NonCommercial-ShareAlike 4.0 International License.,GRETIL project,NONCOMMERCIAL_RESTRICTED,False,https://textgridrep.org/browse/textgrid:49tgg.0,Keep restricted; obtain permission or exclude from public/commercial use.
TG-GRE-1001,Valaiyapati,,Dravidian Collection,textgrid:49tgh.0,textgrid:49tgk.0,textgrid:49tgj.0,handle:hdl:21.11113/0000-0016-D5A6-C,https://creativecommons.org/licenses/by-nc-sa/4.0/,Distributed under a Creative Commons Attribution-NonCommercial-ShareAlike 4.0 International License.,GRETIL project,NONCOMMERCIAL_RESTRICTED,False,https://textgridrep.org/browse/textgrid:49tgk.0,Keep restricted; obtain permission or exclude from public/commercial use.
TG-GRE-1002,Porunararruppatai,Mutattamakkanniyar,Dravidian Collection,textgrid:49tgm.0,textgrid:49tgp.0,textgrid:49tgn.0,handle:hdl:21.11113/0000-0016-D5A9-9,https://creativecommons.org/licenses/by-nc-sa/4.0/,Distributed under a Creative Commons Attribution-NonCommercial-ShareAlike 4.0 International License.,GRETIL project,NONCOMMERCIAL_RESTRICTED,False,https://textgridrep.org/browse/textgrid:49tgp.0,Keep restricted; obtain permission or exclude from public/commercial use.
TG-GRE-1003,Nalatiyar,,Dravidian Collection,textgrid:49tgq.0,textgrid:49tgs.0,textgrid:49tgr.0,handle:hdl:21.11113/0000-0016-D5AC-6,https://creativecommons.org/licenses/by-nc-sa/4.0/,Distributed under a Creative Commons Attribution-NonCommercial-ShareAlike 4.0 International License.,GRETIL project,NONCOMMERCIAL_RESTRICTED,False,https://textgridrep.org/browse/textgrid:49tgs.0,Keep restricted; obtain permission or exclude from public/commercial use.
TG-GRE-1004,"Kantaranuputi, Kantaralankaram, Velviruttam, Mayilviruttam, Cevalviruttam",Arunakirinatar,Dravidian Collection,textgrid:49tgt.0,textgrid:49tgw.0,textgrid:49tgv.0,handle:hdl:21.11113/0000-0016-D5AF-3,https://creativecommons.org/licenses/by-nc-sa/4.0/,Distributed under a Creative Commons Attribution-NonCommercial-ShareAlike 4.0 International License.,GRETIL project,NONCOMMERCIAL_RESTRICTED,False,https://textgridrep.org/browse/textgrid:49tgw.0,Keep restricted; obtain permission or exclude from public/commercial use.
TG-GRE-1005,Cirupanarruppatai,Itaikkalinattu Nallur Nattattanar,Dravidian Collection,textgrid:49tgx.0,textgrid:49th0.0,textgrid:49tgz.0,handle:hdl:21.11113/0000-0016-D5B2-E,https://creativecommons.org/licenses/by-nc-sa/4.0/,Distributed under a Creative Commons Attribution-NonCommercial-ShareAlike 4.0 International License.,GRETIL project,NONCOMMERCIAL_RESTRICTED,False,https://textgridrep.org/browse/textgrid:49th0.0,Keep restricted; obtain permission or exclude from public/commercial use.
TG-GRE-1006,Palamolinanuru,Munruraiyaraiyan,Dravidian Collection,textgrid:49th1.0,textgrid:49th3.0,textgrid:49th2.0,handle:hdl:21.11113/0000-0016-D5B5-B,https://creativecommons.org/licenses/by-nc-sa/4.0/,Distributed under a Creative Commons Attribution-NonCommercial-ShareAlike 4.0 International License.,GRETIL project,NONCOMMERCIAL_RESTRICTED,False,https://textgridrep.org/browse/textgrid:49th3.0,Keep restricted; obtain permission or exclude from public/commercial use.
TG-GRE-1007,Apirami antati 1,Apirama Pattar,Dravidian Collection,textgrid:49th4.0,textgrid:49th6.0,textgrid:49th5.0,handle:hdl:21.11113/0000-0016-D5B8-8,https://creativecommons.org/licenses/by-nc-sa/4.0/,Distributed under a Creative Commons Attribution-NonCommercial-ShareAlike 4.0 International License.,GRETIL project,NONCOMMERCIAL_RESTRICTED,False,https://textgridrep.org/browse/textgrid:49th6.0,Keep restricted; obtain permission or exclude from public/commercial use.
TG-GRE-1008,Tirumurukarruppatai,Nakkirar I,Dravidian Collection,textgrid:49th7.0,textgrid:49th9.0,textgrid:49th8.0,handle:hdl:21.11113/0000-0016-D5BB-5,https://creativecommons.org/licenses/by-nc-sa/4.0/,Distributed under a Creative Commons Attribution-NonCommercial-ShareAlike 4.0 International License.,GRETIL project,NONCOMMERCIAL_RESTRICTED,False,https://textgridrep.org/browse/textgrid:49th9.0,Keep restricted; obtain permission or exclude from public/commercial use.
TG-GRE-1009,"Irupavirupahtu, Unmaivilakkam",Arunanti Civacariyar,Dravidian Collection,textgrid:49thb.0,textgrid:49thd.0,textgrid:49thc.0,handle:hdl:21.11113/0000-0016-D5BE-2,https://creativecommons.org/licenses/by-nc-sa/4.0/,Distributed under a Creative Commons Attribution-NonCommercial-ShareAlike 4.0 International License.,GRETIL project,NONCOMMERCIAL_RESTRICTED,False,https://textgridrep.org/browse/textgrid:49thd.0,Keep restricted; obtain permission or exclude from public/commercial use.
TG-GRE-1010,Perumpanarruppatai,Katiyalur Uruttirankannanar,Dravidian Collection,textgrid:49thf.0,textgrid:49thh.0,textgrid:49thg.0,handle:hdl:21.11113/0000-0016-D5C1-D,https://creativecommons.org/licenses/by-nc-sa/4.0/,Distributed under a Creative Commons Attribution-NonCommercial-ShareAlike 4.0 International License.,GRETIL project,NONCOMMERCIAL_RESTRICTED,False,https://textgridrep.org/browse/textgrid:49thh.0,Keep restricted; obtain permission or exclude from public/commercial use.
TG-GRE-1011,Netunalvatai,Nakkirar II,Dravidian Collection,textgrid:49thj.0,textgrid:49thm.0,textgrid:49thk.0,handle:hdl:21.11113/0000-0016-D5C4-A,https://creativecommons.org/licenses/by-nc-sa/4.0/,Distributed under a Creative Commons Attribution-NonCommercial-ShareAlike 4.0 International License.,GRETIL project,NONCOMMERCIAL_RESTRICTED,False,https://textgridrep.org/browse/textgrid:49thm.0,Keep restricted; obtain permission or exclude from public/commercial use.
TG-GRE-1012,Maturaikkanci,Mankuti Marutanar,Dravidian Collection,textgrid:49thn.0,textgrid:49thq.0,textgrid:49thp.0,handle:hdl:21.11113/0000-0016-D5C7-7,https://creativecommons.org/licenses/by-nc-sa/4.0/,Distributed under a Creative Commons Attribution-NonCommercial-ShareAlike 4.0 International License.,GRETIL project,NONCOMMERCIAL_RESTRICTED,False,https://textgridrep.org/browse/textgrid:49thq.0,Keep restricted; obtain permission or exclude from public/commercial use.
TG-GRE-1013,Kurincippattu,Kapilar,Dravidian Collection,textgrid:49thr.0,textgrid:49tht.0,textgrid:49ths.0,handle:hdl:21.11113/0000-0016-D5CA-4,https://creativecommons.org/licenses/by-nc-sa/4.0/,Distributed under a Creative Commons Attribution-NonCommercial-ShareAlike 4.0 International License.,GRETIL project,NONCOMMERCIAL_RESTRICTED,False,https://textgridrep.org/browse/textgrid:49tht.0,Keep restricted; obtain permission or exclude from public/commercial use.
TG-GRE-1014,Meynnanap pulampal,Pattirakiriyar Patalkal,Dravidian Collection,textgrid:49thv.0,textgrid:49thx.0,textgrid:49thw.0,handle:hdl:21.11113/0000-0016-D5CD-1,https://creativecommons.org/licenses/by-nc-sa/4.0/,Distributed under a Creative Commons Attribution-NonCommercial-ShareAlike 4.0 International License.,GRETIL project,NONCOMMERCIAL_RESTRICTED,False,https://textgridrep.org/browse/textgrid:49thx.0,Keep restricted; obtain permission or exclude from public/commercial use.
TG-GRE-1015,Tirukkatavur prapantakal,Apirama Pattar,Dravidian Collection,textgrid:49thz.0,textgrid:49tj1.0,textgrid:49tj0.0,handle:hdl:21.11113/0000-0016-D5D0-C,https://creativecommons.org/licenses/by-nc-sa/4.0/,Distributed under a Creative Commons Attribution-NonCommercial-ShareAlike 4.0 International License.,GRETIL project,NONCOMMERCIAL_RESTRICTED,False,https://textgridrep.org/browse/textgrid:49tj1.0,Keep restricted; obtain permission or exclude from public/commercial use.
TG-GRE-1016,Cittar Patalkal I,,Dravidian Collection,textgrid:49tj2.0,textgrid:49tj4.0,textgrid:49tj3.0,handle:hdl:21.11113/0000-0016-D5D3-9,https://creativecommons.org/licenses/by-nc-sa/4.0/,Distributed under a Creative Commons Attribution-NonCommercial-ShareAlike 4.0 International License.,GRETIL project,NONCOMMERCIAL_RESTRICTED,False,https://textgridrep.org/browse/textgrid:49tj4.0,Keep restricted; obtain permission or exclude from public/commercial use.
TG-GRE-1017,Pattinappalai,Katiyalur Uruttirankannanar,Dravidian Collection,textgrid:49tj5.0,textgrid:49tj7.0,textgrid:49tj6.0,handle:hdl:21.11113/0000-0016-D5D6-6,https://creativecommons.org/licenses/by-nc-sa/4.0/,Distributed under a Creative Commons Attribution-NonCommercial-ShareAlike 4.0 International License.,GRETIL project,NONCOMMERCIAL_RESTRICTED,False,https://textgridrep.org/browse/textgrid:49tj7.0,Keep restricted; obtain permission or exclude from public/commercial use.
TG-GRE-1018,Civananapotam,Meykantatevar,Dravidian Collection,textgrid:49tj8.0,textgrid:49tjb.0,textgrid:49tj9.0,handle:hdl:21.11113/0000-0016-D5D9-3,https://creativecommons.org/licenses/by-nc-sa/4.0/,Distributed under a Creative Commons Attribution-NonCommercial-ShareAlike 4.0 International License.,GRETIL project,NONCOMMERCIAL_RESTRICTED,False,https://textgridrep.org/browse/textgrid:49tjb.0,Keep restricted; obtain permission or exclude from public/commercial use.
TG-GRE-1019,Tiruvarutpayan,Umapati Civacariyar,Dravidian Collection,textgrid:49tjc.0,textgrid:49tjf.0,textgrid:49tjd.0,handle:hdl:21.11113/0000-0016-D5DC-0,https://creativecommons.org/licenses/by-nc-sa/4.0/,Distributed under a Creative Commons Attribution-NonCommercial-ShareAlike 4.0 International License.,GRETIL project,NONCOMMERCIAL_RESTRICTED,False,https://textgridrep.org/browse/textgrid:49tjf.0,Keep restricted; obtain permission or exclude from public/commercial use.
TG-GRE-1020,Cittar Patalkal II,,Dravidian Collection,textgrid:49tjg.0,textgrid:49tjj.0,textgrid:49tjh.0,handle:hdl:21.11113/0000-0016-D5DF-D,https://creativecommons.org/licenses/by-nc-sa/4.0/,Distributed under a Creative Commons Attribution-NonCommercial-ShareAlike 4.0 International License.,GRETIL project,NONCOMMERCIAL_RESTRICTED,False,https://textgridrep.org/browse/textgrid:49tjj.0,Keep restricted; obtain permission or exclude from public/commercial use.
TG-GRE-1021,Tamiliyakkam,Paventar Paratitacan,Dravidian Collection,textgrid:49tjk.0,textgrid:49tjn.0,textgrid:49tjm.0,handle:hdl:21.11113/0000-0016-D5E2-8,https://creativecommons.org/licenses/by-nc-sa/4.0/,Distributed under a Creative Commons Attribution-NonCommercial-ShareAlike 4.0 International License.,GRETIL project,NONCOMMERCIAL_RESTRICTED,False,https://textgridrep.org/browse/textgrid:49tjn.0,Keep restricted; obtain permission or exclude from public/commercial use.
TG-GRE-1022,Iruntavitu,Paventar Paratitacan,Dravidian Collection,textgrid:49tjp.0,textgrid:49tjr.0,textgrid:49tjq.0,handle:hdl:21.11113/0000-0016-D5E5-5,https://creativecommons.org/licenses/by-nc-sa/4.0/,Distributed under a Creative Commons Attribution-NonCommercial-ShareAlike 4.0 International License.,GRETIL project,NONCOMMERCIAL_RESTRICTED,False,https://textgridrep.org/browse/textgrid:49tjr.0,Keep restricted; obtain permission or exclude from public/commercial use.
TG-GRE-1023,Katal ninaivukal,Paventar Paratican,Dravidian Collection,textgrid:49tjs.0,textgrid:49tjv.0,textgrid:49tjt.0,handle:hdl:21.11113/0000-0016-D5E8-2,https://creativecommons.org/licenses/by-nc-sa/4.0/,Distributed under a Creative Commons Attribution-NonCommercial-ShareAlike 4.0 International License.,GRETIL project,NONCOMMERCIAL_RESTRICTED,False,https://textgridrep.org/browse/textgrid:49tjv.0,Keep restricted; obtain permission or exclude from public/commercial use.
TG-GRE-1024,Ini oru vaikarai,Ki. Pi. Aravintan,Dravidian Collection,textgrid:49tjw.0,textgrid:49tjz.0,textgrid:49tjx.0,handle:hdl:21.11113/0000-0016-D5EB-F,https://creativecommons.org/licenses/by-nc-sa/4.0/,Distributed under a Creative Commons Attribution-NonCommercial-ShareAlike 4.0 International License.,GRETIL project,NONCOMMERCIAL_RESTRICTED,False,https://textgridrep.org/browse/textgrid:49tjz.0,Keep restricted; obtain permission or exclude from public/commercial use.
TG-GRE-1025,Karruvalikkiramam: oru kavitaittokuppu,Cu. Vilvarettinam,Dravidian Collection,textgrid:49tk0.0,textgrid:49tk2.0,textgrid:49tk1.0,handle:hdl:21.11113/0000-0016-D5EE-C,https://creativecommons.org/licenses/by-nc-sa/4.0/,Distributed under a Creative Commons Attribution-NonCommercial-ShareAlike 4.0 International License.,GRETIL project,NONCOMMERCIAL_RESTRICTED,False,https://textgridrep.org/browse/textgrid:49tk2.0,Keep restricted; obtain permission or exclude from public/commercial use.
TG-GRE-1026,Neminatam,Kunavirapantitar,Dravidian Collection,textgrid:49tk3.0,textgrid:49tk5.0,textgrid:49tk4.0,handle:hdl:21.11113/0000-0016-D5F1-7,https://creativecommons.org/licenses/by-nc-sa/4.0/,Distributed under a Creative Commons Attribution-NonCommercial-ShareAlike 4.0 International License.,GRETIL project,NONCOMMERCIAL_RESTRICTED,False,https://textgridrep.org/browse/textgrid:49tk5.0,Keep restricted; obtain permission or exclude from public/commercial use.
TG-GRE-1027,Alakar lillai vitututu,Palappattatai Cokkanatap Pulavar,Dravidian Collection,textgrid:49tk6.0,textgrid:49tk8.0,textgrid:49tk7.0,handle:hdl:21.11113/0000-0016-D5F4-4,https://creativecommons.org/licenses/by-nc-sa/4.0/,Distributed under a Creative Commons Attribution-NonCommercial-ShareAlike 4.0 International License.,GRETIL project,NONCOMMERCIAL_RESTRICTED,False,https://textgridrep.org/browse/textgrid:49tk8.0,Keep restricted; obtain permission or exclude from public/commercial use.
TG-GRE-1028,Minatciyammaippillaittamil,Kumarakuruparar,Dravidian Collection,textgrid:49tk9.0,textgrid:49tkc.0,textgrid:49tkb.0,handle:hdl:21.11113/0000-0016-D5F7-1,https://creativecommons.org/licenses/by-nc-sa/4.0/,Distributed under a Creative Commons Attribution-NonCommercial-ShareAlike 4.0 International License.,GRETIL project,NONCOMMERCIAL_RESTRICTED,False,https://textgridrep.org/browse/textgrid:49tkc.0,Keep restricted; obtain permission or exclude from public/commercial use.
TG-GRE-1029,Kotainacciyartalattu,,Dravidian Collection,textgrid:49tkd.0,textgrid:49tkg.0,textgrid:49tkf.0,handle:hdl:21.11113/0000-0016-D5FA-E,https://creativecommons.org/licenses/by-nc-sa/4.0/,Distributed under a Creative Commons Attribution-NonCommercial-ShareAlike 4.0 International License.,GRETIL project,NONCOMMERCIAL_RESTRICTED,False,https://textgridrep.org/browse/textgrid:49tkg.0,Keep restricted; obtain permission or exclude from public/commercial use.
TG-GRE-1030,Ariyappatatavarkal ninaivaka,A. Yecuraca,Dravidian Collection,textgrid:49tkh.0,textgrid:49tkk.0,textgrid:49tkj.0,handle:hdl:21.11113/0000-0016-D5FD-B,https://creativecommons.org/licenses/by-nc-sa/4.0/,Distributed under a Creative Commons Attribution-NonCommercial-ShareAlike 4.0 International License.,GRETIL project,NONCOMMERCIAL_RESTRICTED,False,https://textgridrep.org/browse/textgrid:49tkk.0,Keep restricted; obtain permission or exclude from public/commercial use.
TG-GRE-1031,"Porripahrotai, Unmainerivilakkam",Umapati Civacariya,Dravidian Collection,textgrid:49tkm.0,textgrid:49tkp.0,textgrid:49tkn.0,handle:hdl:21.11113/0000-0016-D600-6,https://creativecommons.org/licenses/by-nc-sa/4.0/,Distributed under a Creative Commons Attribution-NonCommercial-ShareAlike 4.0 International License.,GRETIL project,NONCOMMERCIAL_RESTRICTED,False,https://textgridrep.org/browse/textgrid:49tkp.0,Keep restricted; obtain permission or exclude from public/commercial use.
TG-GRE-1032,Parata cenapatiyam,,Dravidian Collection,textgrid:49tkq.0,textgrid:49tks.0,textgrid:49tkr.0,handle:hdl:21.11113/0000-0016-D603-3,https://creativecommons.org/licenses/by-nc-sa/4.0/,Distributed under a Creative Commons Attribution-NonCommercial-ShareAlike 4.0 International License.,GRETIL project,NONCOMMERCIAL_RESTRICTED,False,https://textgridrep.org/browse/textgrid:49tks.0,Keep restricted; obtain permission or exclude from public/commercial use.
TG-GRE-1033,Tiruvuntiyar,Tirukkatavur Uyyavanta Tevanayanar,Dravidian Collection,textgrid:49tkt.0,textgrid:49tkw.0,textgrid:49tkv.0,handle:hdl:21.11113/0000-0016-D606-0,https://creativecommons.org/licenses/by-nc-sa/4.0/,Distributed under a Creative Commons Attribution-NonCommercial-ShareAlike 4.0 International License.,GRETIL project,NONCOMMERCIAL_RESTRICTED,False,https://textgridrep.org/browse/textgrid:49tkw.0,Keep restricted; obtain permission or exclude from public/commercial use.
TG-GRE-1034,Muttollayiram,,Dravidian Collection,textgrid:49tkx.0,textgrid:49tm0.0,textgrid:49tkz.0,handle:hdl:21.11113/0000-0016-D609-D,https://creativecommons.org/licenses/by-nc-sa/4.0/,Distributed under a Creative Commons Attribution-NonCommercial-ShareAlike 4.0 International License.,GRETIL project,NONCOMMERCIAL_RESTRICTED,False,https://textgridrep.org/browse/textgrid:49tm0.0,Keep restricted; obtain permission or exclude from public/commercial use.
TG-GRE-1035,Cilappatikaram I,Ilankovatikal,Dravidian Collection,textgrid:49tm1.0,textgrid:49tm3.0,textgrid:49tm2.0,handle:hdl:21.11113/0000-0016-D60C-A,https://creativecommons.org/licenses/by-nc-sa/4.0/,Distributed under a Creative Commons Attribution-NonCommercial-ShareAlike 4.0 International License.,GRETIL project,NONCOMMERCIAL_RESTRICTED,False,https://textgridrep.org/browse/textgrid:49tm3.0,Keep restricted; obtain permission or exclude from public/commercial use.
TG-GRE-1036,Nitivenpa,,Dravidian Collection,textgrid:49tm4.0,textgrid:49tm6.0,textgrid:49tm5.0,handle:hdl:21.11113/0000-0016-D60F-7,https://creativecommons.org/licenses/by-nc-sa/4.0/,Distributed under a Creative Commons Attribution-NonCommercial-ShareAlike 4.0 International License.,GRETIL project,NONCOMMERCIAL_RESTRICTED,False,https://textgridrep.org/browse/textgrid:49tm6.0,Keep restricted; obtain permission or exclude from public/commercial use.
TG-GRE-1037,Comecar mutumolivenpa,Civanana Munivar,Dravidian Collection,textgrid:49tm7.0,textgrid:49tm9.0,textgrid:49tm8.0,handle:hdl:21.11113/0000-0016-D612-2,https://creativecommons.org/licenses/by-nc-sa/4.0/,Distributed under a Creative Commons Attribution-NonCommercial-ShareAlike 4.0 International License.,GRETIL project,NONCOMMERCIAL_RESTRICTED,False,https://textgridrep.org/browse/textgrid:49tm9.0,Keep restricted; obtain permission or exclude from public/commercial use.
TG-GRE-1038,Nalvair nanmanimalai,Turaimankalam Civappirakaca Cuvamikal,Dravidian Collection,textgrid:49tmb.0,textgrid:49tmd.0,textgrid:49tmc.0,handle:hdl:21.11113/0000-0016-D615-F,https://creativecommons.org/licenses/by-nc-sa/4.0/,Distributed under a Creative Commons Attribution-NonCommercial-ShareAlike 4.0 International License.,GRETIL project,NONCOMMERCIAL_RESTRICTED,False,https://textgridrep.org/browse/textgrid:49tmd.0,Keep restricted; obtain permission or exclude from public/commercial use.
TG-GRE-1039,"Verriverkai, Nanneri",Ativirarama Pantiyan,Dravidian Collection,textgrid:49tmf.0,textgrid:49tmh.0,textgrid:49tmg.0,handle:hdl:21.11113/0000-0016-D618-C,https://creativecommons.org/licenses/by-nc-sa/4.0/,Distributed under a Creative Commons Attribution-NonCommercial-ShareAlike 4.0 International License.,GRETIL project,NONCOMMERCIAL_RESTRICTED,False,https://textgridrep.org/browse/textgrid:49tmh.0,Keep restricted; obtain permission or exclude from public/commercial use.
TG-GRE-1040,Nantikkalampakam,,Dravidian Collection,textgrid:49tmj.0,textgrid:49tmm.0,textgrid:49tmk.0,handle:hdl:21.11113/0000-0016-D61B-9,https://creativecommons.org/licenses/by-nc-sa/4.0/,Distributed under a Creative Commons Attribution-NonCommercial-ShareAlike 4.0 International License.,GRETIL project,NONCOMMERCIAL_RESTRICTED,False,https://textgridrep.org/browse/textgrid:49tmm.0,Keep restricted; obtain permission or exclude from public/commercial use.
TG-GRE-1041,"Cakalakalavallimalai, Nitinerivilakkam, Tiruccenturk Kantarkalivenpa",Kumarakuruparar,Dravidian Collection,textgrid:49tmn.0,textgrid:49tmq.0,textgrid:49tmp.0,handle:hdl:21.11113/0000-0016-D61E-6,https://creativecommons.org/licenses/by-nc-sa/4.0/,Distributed under a Creative Commons Attribution-NonCommercial-ShareAlike 4.0 International License.,GRETIL project,NONCOMMERCIAL_RESTRICTED,False,https://textgridrep.org/browse/textgrid:49tmq.0,Keep restricted; obtain permission or exclude from public/commercial use.
TG-GRE-1042,Tantiyalanjaran,,Dravidian Collection,textgrid:49tmr.0,textgrid:49tmt.0,textgrid:49tms.0,handle:hdl:21.11113/0000-0016-D621-1,https://creativecommons.org/licenses/by-nc-sa/4.0/,Distributed under a Creative Commons Attribution-NonCommercial-ShareAlike 4.0 International License.,GRETIL project,NONCOMMERCIAL_RESTRICTED,False,https://textgridrep.org/browse/textgrid:49tmt.0,Keep restricted; obtain permission or exclude from public/commercial use.
TG-GRE-1043,Erelupatu tirukkai valakkam,Kampan,Dravidian Collection,textgrid:49tmv.0,textgrid:49tmx.0,textgrid:49tmw.0,handle:hdl:21.11113/0000-0016-D624-E,https://creativecommons.org/licenses/by-nc-sa/4.0/,Distributed under a Creative Commons Attribution-NonCommercial-ShareAlike 4.0 International License.,GRETIL project,NONCOMMERCIAL_RESTRICTED,False,https://textgridrep.org/browse/textgrid:49tmx.0,Keep restricted; obtain permission or exclude from public/commercial use.
TG-GRE-1044,Tirumantiram 2122-2648,Tirumular,Dravidian Collection,textgrid:49tmz.0,textgrid:49tn1.0,textgrid:49tn0.0,handle:hdl:21.11113/0000-0016-D627-B,https://creativecommons.org/licenses/by-nc-sa/4.0/,Distributed under a Creative Commons Attribution-NonCommercial-ShareAlike 4.0 International License.,GRETIL project,NONCOMMERCIAL_RESTRICTED,False,https://textgridrep.org/browse/textgrid:49tn1.0,Keep restricted; obtain permission or exclude from public/commercial use.
TG-GRE-1045,Teyvappatalkal,Ci. Cuppiramaniya Parati,Dravidian Collection,textgrid:49tn2.0,textgrid:49tn4.0,textgrid:49tn3.0,handle:hdl:21.11113/0000-0016-D62A-8,https://creativecommons.org/licenses/by-nc-sa/4.0/,Distributed under a Creative Commons Attribution-NonCommercial-ShareAlike 4.0 International License.,GRETIL project,NONCOMMERCIAL_RESTRICTED,False,https://textgridrep.org/browse/textgrid:49tn4.0,Keep restricted; obtain permission or exclude from public/commercial use.
TG-GRE-1046,Citampara mummanikkovai,Kumarakuruparar,Dravidian Collection,textgrid:49tn5.0,textgrid:49tn7.0,textgrid:49tn6.0,handle:hdl:21.11113/0000-0016-D62D-5,https://creativecommons.org/licenses/by-nc-sa/4.0/,Distributed under a Creative Commons Attribution-NonCommercial-ShareAlike 4.0 International License.,GRETIL project,NONCOMMERCIAL_RESTRICTED,False,https://textgridrep.org/browse/textgrid:49tn7.0,Keep restricted; obtain permission or exclude from public/commercial use.
TG-GRE-1047,Tiruvarur nanmanimalai,Kumarakuruparar,Dravidian Collection,textgrid:49tn8.0,textgrid:49tnb.0,textgrid:49tn9.0,handle:hdl:21.11113/0000-0016-D630-0,https://creativecommons.org/licenses/by-nc-sa/4.0/,Distributed under a Creative Commons Attribution-NonCommercial-ShareAlike 4.0 International License.,GRETIL project,NONCOMMERCIAL_RESTRICTED,False,https://textgridrep.org/browse/textgrid:49tnb.0,Keep restricted; obtain permission or exclude from public/commercial use.
TG-GRE-1048,Parati Patalkal II,Ci. Cuppiramaniya Parati,Dravidian Collection,textgrid:49tnc.0,textgrid:49tnf.0,textgrid:49tnd.0,handle:hdl:21.11113/0000-0016-D633-D,https://creativecommons.org/licenses/by-nc-sa/4.0/,Distributed under a Creative Commons Attribution-NonCommercial-ShareAlike 4.0 International License.,GRETIL project,NONCOMMERCIAL_RESTRICTED,False,https://textgridrep.org/browse/textgrid:49tnf.0,Keep restricted; obtain permission or exclude from public/commercial use.
TG-GRE-1049,Ainkurunuru,Ettuttokai,Dravidian Collection,textgrid:49tng.0,textgrid:49tnj.0,textgrid:49tnh.0,handle:hdl:21.11113/0000-0016-D636-A,https://creativecommons.org/licenses/by-nc-sa/4.0/,Distributed under a Creative Commons Attribution-NonCommercial-ShareAlike 4.0 International License.,GRETIL project,NONCOMMERCIAL_RESTRICTED,False,https://textgridrep.org/browse/textgrid:49tnj.0,Keep restricted; obtain permission or exclude from public/commercial use.
TG-GRE-1050,Vativutaimanikkamalai,Iramalinka Cuvamikal,Dravidian Collection,textgrid:49tnk.0,textgrid:49tnn.0,textgrid:49tnm.0,handle:hdl:21.11113/0000-0016-D639-7,https://creativecommons.org/licenses/by-nc-sa/4.0/,Distributed under a Creative Commons Attribution-NonCommercial-ShareAlike 4.0 International License.,GRETIL project,NONCOMMERCIAL_RESTRICTED,False,https://textgridrep.org/browse/textgrid:49tnn.0,Keep restricted; obtain permission or exclude from public/commercial use.
TG-GRE-1051,Ponniyin celvan,Ra. Kirusnamurtti Kalki,Dravidian Collection,textgrid:49tnp.0,textgrid:49tnr.0,textgrid:49tnq.0,handle:hdl:21.11113/0000-0016-D63C-4,https://creativecommons.org/licenses/by-nc-sa/4.0/,Distributed under a Creative Commons Attribution-NonCommercial-ShareAlike 4.0 International License.,GRETIL project,NONCOMMERCIAL_RESTRICTED,False,https://textgridrep.org/browse/textgrid:49tnr.0,Keep restricted; obtain permission or exclude from public/commercial use.
TG-GRE-1052,Minatciyammai kuram,Kumarakuruparar,Dravidian Collection,textgrid:49tns.0,textgrid:49tnv.0,textgrid:49tnt.0,handle:hdl:21.11113/0000-0016-D63F-1,https://creativecommons.org/licenses/by-nc-sa/4.0/,Distributed under a Creative Commons Attribution-NonCommercial-ShareAlike 4.0 International License.,GRETIL project,NONCOMMERCIAL_RESTRICTED,False,https://textgridrep.org/browse/textgrid:49tnv.0,Keep restricted; obtain permission or exclude from public/commercial use.
TG-GRE-1053,Patirruppattu,Ettuttokai,Dravidian Collection,textgrid:49tnw.0,textgrid:49tnz.0,textgrid:49tnx.0,handle:hdl:21.11113/0000-0016-D642-C,https://creativecommons.org/licenses/by-nc-sa/4.0/,Distributed under a Creative Commons Attribution-NonCommercial-ShareAlike 4.0 International License.,GRETIL project,NONCOMMERCIAL_RESTRICTED,False,https://textgridrep.org/browse/textgrid:49tnz.0,Keep restricted; obtain permission or exclude from public/commercial use.
TG-GRE-1054,Civakamiyammai irattaimanimalai,Kumarakuruparar,Dravidian Collection,textgrid:49tp0.0,textgrid:49tp2.0,textgrid:49tp1.0,handle:hdl:21.11113/0000-0016-D645-9,https://creativecommons.org/licenses/by-nc-sa/4.0/,Distributed under a Creative Commons Attribution-NonCommercial-ShareAlike 4.0 International License.,GRETIL project,NONCOMMERCIAL_RESTRICTED,False,https://textgridrep.org/browse/textgrid:49tp2.0,Keep restricted; obtain permission or exclude from public/commercial use.
TG-GRE-1055,Works,Namakkal Kavinar,Dravidian Collection,textgrid:49tp3.0,textgrid:49tp5.0,textgrid:49tp4.0,handle:hdl:21.11113/0000-0016-D648-6,https://creativecommons.org/licenses/by-nc-sa/4.0/,Distributed under a Creative Commons Attribution-NonCommercial-ShareAlike 4.0 International License.,GRETIL project,NONCOMMERCIAL_RESTRICTED,False,https://textgridrep.org/browse/textgrid:49tp5.0,Keep restricted; obtain permission or exclude from public/commercial use.
TG-GRE-1056,Perurp patticar kannati vitututu,,Dravidian Collection,textgrid:49tp6.0,textgrid:49tp8.0,textgrid:49tp7.0,handle:hdl:21.11113/0000-0016-D64B-3,https://creativecommons.org/licenses/by-nc-sa/4.0/,Distributed under a Creative Commons Attribution-NonCommercial-ShareAlike 4.0 International License.,GRETIL project,NONCOMMERCIAL_RESTRICTED,False,https://textgridrep.org/browse/textgrid:49tp8.0,Keep restricted; obtain permission or exclude from public/commercial use.
TG-GRE-1057,Citamparacceyyutkovai,Kumarakuruparar,Dravidian Collection,textgrid:49tp9.0,textgrid:49tpc.0,textgrid:49tpb.0,handle:hdl:21.11113/0000-0016-D64E-0,https://creativecommons.org/licenses/by-nc-sa/4.0/,Distributed under a Creative Commons Attribution-NonCommercial-ShareAlike 4.0 International License.,GRETIL project,NONCOMMERCIAL_RESTRICTED,False,https://textgridrep.org/browse/textgrid:49tpc.0,Keep restricted; obtain permission or exclude from public/commercial use.
TG-GRE-1058,Kacikkalampakam,Kumarakuruparar,Dravidian Collection,textgrid:49tpd.0,textgrid:49tpg.0,textgrid:49tpf.0,handle:hdl:21.11113/0000-0016-D651-B,https://creativecommons.org/licenses/by-nc-sa/4.0/,Distributed under a Creative Commons Attribution-NonCommercial-ShareAlike 4.0 International License.,GRETIL project,NONCOMMERCIAL_RESTRICTED,False,https://textgridrep.org/browse/textgrid:49tpg.0,Keep restricted; obtain permission or exclude from public/commercial use.
TG-GRE-1059,Pantaramummanikkovai,Kumarakuruparar,Dravidian Collection,textgrid:49tph.0,textgrid:49tpk.0,textgrid:49tpj.0,handle:hdl:21.11113/0000-0016-D654-8,https://creativecommons.org/licenses/by-nc-sa/4.0/,Distributed under a Creative Commons Attribution-NonCommercial-ShareAlike 4.0 International License.,GRETIL project,NONCOMMERCIAL_RESTRICTED,False,https://textgridrep.org/browse/textgrid:49tpk.0,Keep restricted; obtain permission or exclude from public/commercial use.
TG-GRE-1060,Pancali capatam,Ci. Cuppiramaniya Parati,Dravidian Collection,textgrid:49tpm.0,textgrid:49tpp.0,textgrid:49tpn.0,handle:hdl:21.11113/0000-0016-D657-5,https://creativecommons.org/licenses/by-nc-sa/4.0/,Distributed under a Creative Commons Attribution-NonCommercial-ShareAlike 4.0 International License.,GRETIL project,NONCOMMERCIAL_RESTRICTED,False,https://textgridrep.org/browse/textgrid:49tpp.0,Keep restricted; obtain permission or exclude from public/commercial use.
TG-GRE-1061,Teciya Kitankal,Ci. Cuppiramaniya Parati,Dravidian Collection,textgrid:49tpq.0,textgrid:49tps.0,textgrid:49tpr.0,handle:hdl:21.11113/0000-0016-D65A-2,https://creativecommons.org/licenses/by-nc-sa/4.0/,Distributed under a Creative Commons Attribution-NonCommercial-ShareAlike 4.0 International License.,GRETIL project,NONCOMMERCIAL_RESTRICTED,False,https://textgridrep.org/browse/textgrid:49tps.0,Keep restricted; obtain permission or exclude from public/commercial use.
TG-GRE-1062,Icai amutu,Paventar Paratican,Dravidian Collection,textgrid:49tpt.0,textgrid:49tpw.0,textgrid:49tpv.0,handle:hdl:21.11113/0000-0016-D65D-F,https://creativecommons.org/licenses/by-nc-sa/4.0/,Distributed under a Creative Commons Attribution-NonCommercial-ShareAlike 4.0 International License.,GRETIL project,NONCOMMERCIAL_RESTRICTED,False,https://textgridrep.org/browse/textgrid:49tpw.0,Keep restricted; obtain permission or exclude from public/commercial use.
TG-GRE-1063,"Tiruvicaippa Tiruppalantu, 9th Tirumurai",Tirumalikaittevar,Dravidian Collection,textgrid:49tpx.0,textgrid:49tq0.0,textgrid:49tpz.0,handle:hdl:21.11113/0000-0016-D660-A,https://creativecommons.org/licenses/by-nc-sa/4.0/,Distributed under a Creative Commons Attribution-NonCommercial-ShareAlike 4.0 International License.,GRETIL project,NONCOMMERCIAL_RESTRICTED,False,https://textgridrep.org/browse/textgrid:49tq0.0,Keep restricted; obtain permission or exclude from public/commercial use.
TG-GRE-1064,Mukam kol,Ki. Pi. Aravintan,Dravidian Collection,textgrid:49tq1.0,textgrid:49tq3.0,textgrid:49tq2.0,handle:hdl:21.11113/0000-0016-D663-7,https://creativecommons.org/licenses/by-nc-sa/4.0/,Distributed under a Creative Commons Attribution-NonCommercial-ShareAlike 4.0 International License.,GRETIL project,NONCOMMERCIAL_RESTRICTED,False,https://textgridrep.org/browse/textgrid:49tq3.0,Keep restricted; obtain permission or exclude from public/commercial use.
TG-GRE-1065,Tolkappiyam I,Tolkappiyar,Dravidian Collection,textgrid:49tq4.0,textgrid:49tq6.0,textgrid:49tq5.0,handle:hdl:21.11113/0000-0016-D666-4,https://creativecommons.org/licenses/by-nc-sa/4.0/,Distributed under a Creative Commons Attribution-NonCommercial-ShareAlike 4.0 International License.,GRETIL project,NONCOMMERCIAL_RESTRICTED,False,https://textgridrep.org/browse/textgrid:49tq6.0,Keep restricted; obtain permission or exclude from public/commercial use.
TG-GRE-1066,Kanavin miti,Ki. Pi. Aravintan,Dravidian Collection,textgrid:49tq7.0,textgrid:49tq9.0,textgrid:49tq8.0,handle:hdl:21.11113/0000-0016-D669-1,https://creativecommons.org/licenses/by-nc-sa/4.0/,Distributed under a Creative Commons Attribution-NonCommercial-ShareAlike 4.0 International License.,GRETIL project,NONCOMMERCIAL_RESTRICTED,False,https://textgridrep.org/browse/textgrid:49tq9.0,Keep restricted; obtain permission or exclude from public/commercial use.
TG-GRE-1067,Tolkappiyam II,Tolkappiyar,Dravidian Collection,textgrid:49tqb.0,textgrid:49tqd.0,textgrid:49tqc.0,handle:hdl:21.11113/0000-0016-D66C-E,https://creativecommons.org/licenses/by-nc-sa/4.0/,Distributed under a Creative Commons Attribution-NonCommercial-ShareAlike 4.0 International License.,GRETIL project,NONCOMMERCIAL_RESTRICTED,False,https://textgridrep.org/browse/textgrid:49tqd.0,Keep restricted; obtain permission or exclude from public/commercial use.
TG-GRE-1068,Nencuvitututu on Tiruvannamalai,Icanyanana Tecikar,Dravidian Collection,textgrid:49tqf.0,textgrid:49tqh.0,textgrid:49tqg.0,handle:hdl:21.11113/0000-0016-D66F-B,https://creativecommons.org/licenses/by-nc-sa/4.0/,Distributed under a Creative Commons Attribution-NonCommercial-ShareAlike 4.0 International License.,GRETIL project,NONCOMMERCIAL_RESTRICTED,False,https://textgridrep.org/browse/textgrid:49tqh.0,Keep restricted; obtain permission or exclude from public/commercial use.
TG-GRE-1069,Tolkappiyam III,Tolkappiyar,Dravidian Collection,textgrid:49tqj.0,textgrid:49tqm.0,textgrid:49tqk.0,handle:hdl:21.11113/0000-0016-D672-6,https://creativecommons.org/licenses/by-nc-sa/4.0/,Distributed under a Creative Commons Attribution-NonCommercial-ShareAlike 4.0 International License.,GRETIL project,NONCOMMERCIAL_RESTRICTED,False,https://textgridrep.org/browse/textgrid:49tqm.0,Keep restricted; obtain permission or exclude from public/commercial use.
TG-GRE-1070,Atticutti - Konraiventan - Muturai - Nalvali,Auvaiyar,Dravidian Collection,textgrid:49tqn.0,textgrid:49tqq.0,textgrid:49tqp.0,handle:hdl:21.11113/0000-0016-D675-3,https://creativecommons.org/licenses/by-nc-sa/4.0/,Distributed under a Creative Commons Attribution-NonCommercial-ShareAlike 4.0 International License.,GRETIL project,NONCOMMERCIAL_RESTRICTED,False,https://textgridrep.org/browse/textgrid:49tqq.0,Keep restricted; obtain permission or exclude from public/commercial use.
TG-GRE-1071,Ilainar Ilakkiyam,Paventar Paratitacan,Dravidian Collection,textgrid:49tqr.0,textgrid:49tqt.0,textgrid:49tqs.0,handle:hdl:21.11113/0000-0016-D678-0,https://creativecommons.org/licenses/by-nc-sa/4.0/,Distributed under a Creative Commons Attribution-NonCommercial-ShareAlike 4.0 International License.,GRETIL project,NONCOMMERCIAL_RESTRICTED,False,https://textgridrep.org/browse/textgrid:49tqt.0,Keep restricted; obtain permission or exclude from public/commercial use.
TG-GRE-1072,Tirumalaiyantavar kuravanci,,Dravidian Collection,textgrid:49tqv.0,textgrid:49tqx.0,textgrid:49tqw.0,handle:hdl:21.11113/0000-0016-D67B-D,https://creativecommons.org/licenses/by-nc-sa/4.0/,Distributed under a Creative Commons Attribution-NonCommercial-ShareAlike 4.0 International License.,GRETIL project,NONCOMMERCIAL_RESTRICTED,False,https://textgridrep.org/browse/textgrid:49tqx.0,Keep restricted; obtain permission or exclude from public/commercial use.
TG-GRE-1073,"Cilappatikaram II,2",Ilankovatikal,Dravidian Collection,textgrid:49tqz.0,textgrid:49tr1.0,textgrid:49tr0.0,handle:hdl:21.11113/0000-0016-D67E-A,https://creativecommons.org/licenses/by-nc-sa/4.0/,Distributed under a Creative Commons Attribution-NonCommercial-ShareAlike 4.0 International License.,GRETIL project,NONCOMMERCIAL_RESTRICTED,False,https://textgridrep.org/browse/textgrid:49tr1.0,Keep restricted; obtain permission or exclude from public/commercial use.
TG-GRE-1074,"Civapirakacam, Kotikkavi, Nencuvitututu, Vinavenpa",Umapati Civacariya,Dravidian Collection,textgrid:49tr2.0,textgrid:49tr4.0,textgrid:49tr3.0,handle:hdl:21.11113/0000-0016-D681-4,https://creativecommons.org/licenses/by-nc-sa/4.0/,Distributed under a Creative Commons Attribution-NonCommercial-ShareAlike 4.0 International License.,GRETIL project,NONCOMMERCIAL_RESTRICTED,False,https://textgridrep.org/browse/textgrid:49tr4.0,Keep restricted; obtain permission or exclude from public/commercial use.
TG-GRE-1075,Cutamani nikantu,Mantalapurutar,Dravidian Collection,textgrid:49tr5.0,textgrid:49tr7.0,textgrid:49tr6.0,handle:hdl:21.11113/0000-0016-D684-1,https://creativecommons.org/licenses/by-nc-sa/4.0/,Distributed under a Creative Commons Attribution-NonCommercial-ShareAlike 4.0 International License.,GRETIL project,NONCOMMERCIAL_RESTRICTED,False,https://textgridrep.org/browse/textgrid:49tr7.0,Keep restricted; obtain permission or exclude from public/commercial use.
TG-GRE-1076,Kakam kalaitta kanavu,Colaikkili,Dravidian Collection,textgrid:49tr8.0,textgrid:49trb.0,textgrid:49tr9.0,handle:hdl:21.11113/0000-0016-D687-E,https://creativecommons.org/licenses/by-nc-sa/4.0/,Distributed under a Creative Commons Attribution-NonCommercial-ShareAlike 4.0 International License.,GRETIL project,NONCOMMERCIAL_RESTRICTED,False,https://textgridrep.org/browse/textgrid:49trb.0,Keep restricted; obtain permission or exclude from public/commercial use.
TG-GRE-1077,Pirapantat tirattu I,Minatcicuntaram Pillai,Dravidian Collection,textgrid:49trc.0,textgrid:49trf.0,textgrid:49trd.0,handle:hdl:21.11113/0000-0016-D68A-B,https://creativecommons.org/licenses/by-nc-sa/4.0/,Distributed under a Creative Commons Attribution-NonCommercial-ShareAlike 4.0 International License.,GRETIL project,NONCOMMERCIAL_RESTRICTED,False,https://textgridrep.org/browse/textgrid:49trf.0,Keep restricted; obtain permission or exclude from public/commercial use.
TG-GRE-1078,Antima kalam,Re. Karttikecu,Dravidian Collection,textgrid:49trg.0,textgrid:49trj.0,textgrid:49trh.0,handle:hdl:21.11113/0000-0016-D68D-8,https://creativecommons.org/licenses/by-nc-sa/4.0/,Distributed under a Creative Commons Attribution-NonCommercial-ShareAlike 4.0 International License.,GRETIL project,NONCOMMERCIAL_RESTRICTED,False,https://textgridrep.org/browse/textgrid:49trj.0,Keep restricted; obtain permission or exclude from public/commercial use.
TG-GRE-1079,Cankarpanirakaranam,Umapati Civacariya,Dravidian Collection,textgrid:49trk.0,textgrid:49trn.0,textgrid:49trm.0,handle:hdl:21.11113/0000-0016-D690-3,https://creativecommons.org/licenses/by-nc-sa/4.0/,Distributed under a Creative Commons Attribution-NonCommercial-ShareAlike 4.0 International License.,GRETIL project,NONCOMMERCIAL_RESTRICTED,False,https://textgridrep.org/browse/textgrid:49trn.0,Keep restricted; obtain permission or exclude from public/commercial use.
TG-GRE-1080,"Kannan Pattu, Kuyil Pattu",Ci. Cuppiramaniya Parati,Dravidian Collection,textgrid:49trp.0,textgrid:49trr.0,textgrid:49trq.0,handle:hdl:21.11113/0000-0016-D693-0,https://creativecommons.org/licenses/by-nc-sa/4.0/,Distributed under a Creative Commons Attribution-NonCommercial-ShareAlike 4.0 International License.,GRETIL project,NONCOMMERCIAL_RESTRICTED,False,https://textgridrep.org/browse/textgrid:49trr.0,Keep restricted; obtain permission or exclude from public/commercial use.
TG-GRE-1081,Mullaippattu,Pattuppattu,Dravidian Collection,textgrid:49trs.0,textgrid:49trv.0,textgrid:49trt.0,handle:hdl:21.11113/0000-0016-D696-D,https://creativecommons.org/licenses/by-nc-sa/4.0/,Distributed under a Creative Commons Attribution-NonCommercial-ShareAlike 4.0 International License.,GRETIL project,NONCOMMERCIAL_RESTRICTED,False,https://textgridrep.org/browse/textgrid:49trv.0,Keep restricted; obtain permission or exclude from public/commercial use.
TG-GRE-1082,Nannul,Pavananti,Dravidian Collection,textgrid:49trw.0,textgrid:49trz.0,textgrid:49trx.0,handle:hdl:21.11113/0000-0016-D699-A,https://creativecommons.org/licenses/by-nc-sa/4.0/,Distributed under a Creative Commons Attribution-NonCommercial-ShareAlike 4.0 International License.,GRETIL project,NONCOMMERCIAL_RESTRICTED,False,https://textgridrep.org/browse/textgrid:49trz.0,Keep restricted; obtain permission or exclude from public/commercial use.
TG-GRE-1083,Etirparata muttam,Paratitacan,Dravidian Collection,textgrid:49ts0.0,textgrid:49ts2.0,textgrid:49ts1.0,handle:hdl:21.11113/0000-0016-D69C-7,https://creativecommons.org/licenses/by-nc-sa/4.0/,Distributed under a Creative Commons Attribution-NonCommercial-ShareAlike 4.0 International License.,GRETIL project,NONCOMMERCIAL_RESTRICTED,False,https://textgridrep.org/browse/textgrid:49ts2.0,Keep restricted; obtain permission or exclude from public/commercial use.
TG-GRE-1084,Nalayira tivviyap pirapantam III,,Dravidian Collection,textgrid:49ts3.0,textgrid:49ts5.0,textgrid:49ts4.0,handle:hdl:21.11113/0000-0016-D69F-4,https://creativecommons.org/licenses/by-nc-sa/4.0/,Distributed under a Creative Commons Attribution-NonCommercial-ShareAlike 4.0 International License.,GRETIL project,NONCOMMERCIAL_RESTRICTED,False,https://textgridrep.org/browse/textgrid:49ts5.0,Keep restricted; obtain permission or exclude from public/commercial use.
TG-GRE-1085,Malai aintu,,Dravidian Collection,textgrid:49ts6.0,textgrid:49ts8.0,textgrid:49ts7.0,handle:hdl:21.11113/0000-0016-D6A2-F,https://creativecommons.org/licenses/by-nc-sa/4.0/,Distributed under a Creative Commons Attribution-NonCommercial-ShareAlike 4.0 International License.,GRETIL project,NONCOMMERCIAL_RESTRICTED,False,https://textgridrep.org/browse/textgrid:49ts8.0,Keep restricted; obtain permission or exclude from public/commercial use.
TG-GRE-1086,"Maturai minatciyammai irattai manimalai, Muttukkumaracuvami pillaittamil",Kumarakuruparar,Dravidian Collection,textgrid:49ts9.0,textgrid:49tsc.0,textgrid:49tsb.0,handle:hdl:21.11113/0000-0016-D6A5-C,https://creativecommons.org/licenses/by-nc-sa/4.0/,Distributed under a Creative Commons Attribution-NonCommercial-ShareAlike 4.0 International License.,GRETIL project,NONCOMMERCIAL_RESTRICTED,False,https://textgridrep.org/browse/textgrid:49tsc.0,Keep restricted; obtain permission or exclude from public/commercial use.
TG-GRE-1087,Akankalum mukankalum,Cu. Vilvarettinam,Dravidian Collection,textgrid:49tsd.0,textgrid:49tsg.0,textgrid:49tsf.0,handle:hdl:21.11113/0000-0016-D6A8-9,https://creativecommons.org/licenses/by-nc-sa/4.0/,Distributed under a Creative Commons Attribution-NonCommercial-ShareAlike 4.0 International License.,GRETIL project,NONCOMMERCIAL_RESTRICTED,False,https://textgridrep.org/browse/textgrid:49tsg.0,Keep restricted; obtain permission or exclude from public/commercial use.
TG-GRE-1088,Tamilacciyin katti,Paratitacan,Dravidian Collection,textgrid:49tsh.0,textgrid:49tsk.0,textgrid:49tsj.0,handle:hdl:21.11113/0000-0016-D6AB-6,https://creativecommons.org/licenses/by-nc-sa/4.0/,Distributed under a Creative Commons Attribution-NonCommercial-ShareAlike 4.0 International License.,GRETIL project,NONCOMMERCIAL_RESTRICTED,False,https://textgridrep.org/browse/textgrid:49tsk.0,Keep restricted; obtain permission or exclude from public/commercial use.
TG-GRE-1089,"Paripatal, Paripatal tirattu",Ettuttokai,Dravidian Collection,textgrid:49tsm.0,textgrid:49tsp.0,textgrid:49tsn.0,handle:hdl:21.11113/0000-0016-D6AE-3,https://creativecommons.org/licenses/by-nc-sa/4.0/,Distributed under a Creative Commons Attribution-NonCommercial-ShareAlike 4.0 International License.,GRETIL project,NONCOMMERCIAL_RESTRICTED,False,https://textgridrep.org/browse/textgrid:49tsp.0,Keep restricted; obtain permission or exclude from public/commercial use.
TG-GRE-1090,Pirapantat tirattu II,Minatcicuntaram Pillai,Dravidian Collection,textgrid:49tsq.0,textgrid:49tss.0,textgrid:49tsr.0,handle:hdl:21.11113/0000-0016-D6B1-E,https://creativecommons.org/licenses/by-nc-sa/4.0/,Distributed under a Creative Commons Attribution-NonCommercial-ShareAlike 4.0 International License.,GRETIL project,NONCOMMERCIAL_RESTRICTED,False,https://textgridrep.org/browse/textgrid:49tss.0,Keep restricted; obtain permission or exclude from public/commercial use.
TG-GRE-1091,Oru kiramattup pennin talaip piracavam,,Dravidian Collection,textgrid:49tst.0,textgrid:49tsw.0,textgrid:49tsv.0,handle:hdl:21.11113/0000-0016-D6B4-B,https://creativecommons.org/licenses/by-nc-sa/4.0/,Distributed under a Creative Commons Attribution-NonCommercial-ShareAlike 4.0 International License.,GRETIL project,NONCOMMERCIAL_RESTRICTED,False,https://textgridrep.org/browse/textgrid:49tsw.0,Keep restricted; obtain permission or exclude from public/commercial use.
TG-GRE-1092,Collin Katai,M. Varataracan,Dravidian Collection,textgrid:49tsx.0,textgrid:49tt0.0,textgrid:49tsz.0,handle:hdl:21.11113/0000-0016-D6B7-8,https://creativecommons.org/licenses/by-nc-sa/4.0/,Distributed under a Creative Commons Attribution-NonCommercial-ShareAlike 4.0 International License.,GRETIL project,NONCOMMERCIAL_RESTRICTED,False,https://textgridrep.org/browse/textgrid:49tt0.0,Keep restricted; obtain permission or exclude from public/commercial use.
TG-GRE-1093,Pirapantat tirattu III,Minatcicuntaram Pillai,Dravidian Collection,textgrid:49tt1.0,textgrid:49tt3.0,textgrid:49tt2.0,handle:hdl:21.11113/0000-0016-D6BA-5,https://creativecommons.org/licenses/by-nc-sa/4.0/,Distributed under a Creative Commons Attribution-NonCommercial-ShareAlike 4.0 International License.,GRETIL project,NONCOMMERCIAL_RESTRICTED,False,https://textgridrep.org/browse/textgrid:49tt3.0,Keep restricted; obtain permission or exclude from public/commercial use.
TG-GRE-1094,Kuruntokai,,Dravidian Collection,textgrid:49tt4.0,textgrid:49tt6.0,textgrid:49tt5.0,handle:hdl:21.11113/0000-0016-D6BD-2,https://creativecommons.org/licenses/by-nc-sa/4.0/,Distributed under a Creative Commons Attribution-NonCommercial-ShareAlike 4.0 International License.,GRETIL project,NONCOMMERCIAL_RESTRICTED,False,https://textgridrep.org/browse/textgrid:49tt6.0,Keep restricted; obtain permission or exclude from public/commercial use.
TG-GRE-1095,"Cilappatikaram II,1",Ilankovatikal,Dravidian Collection,textgrid:49tt7.0,textgrid:49tt9.0,textgrid:49tt8.0,handle:hdl:21.11113/0000-0016-D6C0-D,https://creativecommons.org/licenses/by-nc-sa/4.0/,Distributed under a Creative Commons Attribution-NonCommercial-ShareAlike 4.0 International License.,GRETIL project,NONCOMMERCIAL_RESTRICTED,False,https://textgridrep.org/browse/textgrid:49tt9.0,Keep restricted; obtain permission or exclude from public/commercial use.
TG-GRE-1096,Jyotsnika,,Dravidian Collection,textgrid:49ttb.0,textgrid:49ttd.0,textgrid:49ttc.0,handle:hdl:21.11113/0000-0016-D6C3-A,https://creativecommons.org/licenses/by-nc-sa/4.0/,Distributed under a Creative Commons Attribution-NonCommercial-ShareAlike 4.0 International License.,GRETIL project,NONCOMMERCIAL_RESTRICTED,False,https://textgridrep.org/browse/textgrid:49ttd.0,Keep restricted; obtain permission or exclude from public/commercial use.
TG-GRE-1097,Muvarula,Ottakkuttar,Dravidian Collection,textgrid:49ttf.0,textgrid:49tth.0,textgrid:49ttg.0,handle:hdl:21.11113/0000-0016-D6C6-7,https://creativecommons.org/licenses/by-nc-sa/4.0/,Distributed under a Creative Commons Attribution-NonCommercial-ShareAlike 4.0 International License.,GRETIL project,NONCOMMERCIAL_RESTRICTED,False,https://textgridrep.org/browse/textgrid:49tth.0,Keep restricted; obtain permission or exclude from public/commercial use.
TG-GRE-1098,Tiruvarutpa - Tirumurai IV,Iramalinka Cuvamikal,Dravidian Collection,textgrid:49ttj.0,textgrid:49ttm.0,textgrid:49ttk.0,handle:hdl:21.11113/0000-0016-D6C9-4,https://creativecommons.org/licenses/by-nc-sa/4.0/,Distributed under a Creative Commons Attribution-NonCommercial-ShareAlike 4.0 International License.,GRETIL project,NONCOMMERCIAL_RESTRICTED,False,https://textgridrep.org/browse/textgrid:49ttm.0,Keep restricted; obtain permission or exclude from public/commercial use.
TG-GRE-1099,Kalinkattupparani,Cayankontar,Dravidian Collection,textgrid:49ttn.0,textgrid:49ttq.0,textgrid:49ttp.0,handle:hdl:21.11113/0000-0016-D6CC-1,https://creativecommons.org/licenses/by-nc-sa/4.0/,Distributed under a Creative Commons Attribution-NonCommercial-ShareAlike 4.0 International License.,GRETIL project,NONCOMMERCIAL_RESTRICTED,False,https://textgridrep.org/browse/textgrid:49ttq.0,Keep restricted; obtain permission or exclude from public/commercial use.
TG-GRE-1100,Tiruvarutpa - Tirumurai V,Iramalinka Cuvamikal,Dravidian Collection,textgrid:49ttr.0,textgrid:49ttt.0,textgrid:49tts.0,handle:hdl:21.11113/0000-0016-D6CF-E,https://creativecommons.org/licenses/by-nc-sa/4.0/,Distributed under a Creative Commons Attribution-NonCommercial-ShareAlike 4.0 International License.,GRETIL project,NONCOMMERCIAL_RESTRICTED,False,https://textgridrep.org/browse/textgrid:49ttt.0,Keep restricted; obtain permission or exclude from public/commercial use.
TG-GRE-1101,Tirukkovaiyar,Manikkavacakar,Dravidian Collection,textgrid:49ttv.0,textgrid:49ttx.0,textgrid:49ttw.0,handle:hdl:21.11113/0000-0016-D6D2-9,https://creativecommons.org/licenses/by-nc-sa/4.0/,Distributed under a Creative Commons Attribution-NonCommercial-ShareAlike 4.0 International License.,GRETIL project,NONCOMMERCIAL_RESTRICTED,False,https://textgridrep.org/browse/textgrid:49ttx.0,Keep restricted; obtain permission or exclude from public/commercial use.
TG-GRE-1102,"Palaniyantavan kavatic cintu, Kantan manampuri cintu, Cittararuta nontic cintu, Cuppiramaniyar peril cintu, Enneyc cintu",Muttuk Karuppanan,Dravidian Collection,textgrid:49ttz.0,textgrid:49tv1.0,textgrid:49tv0.0,handle:hdl:21.11113/0000-0016-D6D5-6,https://creativecommons.org/licenses/by-nc-sa/4.0/,Distributed under a Creative Commons Attribution-NonCommercial-ShareAlike 4.0 International License.,GRETIL project,NONCOMMERCIAL_RESTRICTED,False,https://textgridrep.org/browse/textgrid:49tv1.0,Keep restricted; obtain permission or exclude from public/commercial use.
TG-GRE-1103,Kavitaikal II,Paratitacan,Dravidian Collection,textgrid:49tv2.0,textgrid:49tv4.0,textgrid:49tv3.0,handle:hdl:21.11113/0000-0016-D6D8-3,https://creativecommons.org/licenses/by-nc-sa/4.0/,Distributed under a Creative Commons Attribution-NonCommercial-ShareAlike 4.0 International License.,GRETIL project,NONCOMMERCIAL_RESTRICTED,False,https://textgridrep.org/browse/textgrid:49tv4.0,Keep restricted; obtain permission or exclude from public/commercial use.
TG-GRE-1104,Culamani,Tolamolittevar,Dravidian Collection,textgrid:49tv5.0,textgrid:49tv7.0,textgrid:49tv6.0,handle:hdl:21.11113/0000-0016-D6DB-0,https://creativecommons.org/licenses/by-nc-sa/4.0/,Distributed under a Creative Commons Attribution-NonCommercial-ShareAlike 4.0 International License.,GRETIL project,NONCOMMERCIAL_RESTRICTED,False,https://textgridrep.org/browse/textgrid:49tv7.0,Keep restricted; obtain permission or exclude from public/commercial use.
TG-GRE-1105,Songs I,Namakkal Kavinar,Dravidian Collection,textgrid:49tv8.0,textgrid:49tvb.0,textgrid:49tv9.0,handle:hdl:21.11113/0000-0016-D6DE-D,https://creativecommons.org/licenses/by-nc-sa/4.0/,Distributed under a Creative Commons Attribution-NonCommercial-ShareAlike 4.0 International License.,GRETIL project,NONCOMMERCIAL_RESTRICTED,False,https://textgridrep.org/browse/textgrid:49tvb.0,Keep restricted; obtain permission or exclude from public/commercial use.
TG-GRE-1106,"Cirappuranam II,2",Umarup Pulavar,Dravidian Collection,textgrid:49tvc.0,textgrid:49tvf.0,textgrid:49tvd.0,handle:hdl:21.11113/0000-0016-D6E1-8,https://creativecommons.org/licenses/by-nc-sa/4.0/,Distributed under a Creative Commons Attribution-NonCommercial-ShareAlike 4.0 International License.,GRETIL project,NONCOMMERCIAL_RESTRICTED,False,https://textgridrep.org/browse/textgrid:49tvf.0,Keep restricted; obtain permission or exclude from public/commercial use.
TG-GRE-1107,Mokavacal,Rancakumara,Dravidian Collection,textgrid:49tvg.0,textgrid:49tvj.0,textgrid:49tvh.0,handle:hdl:21.11113/0000-0016-D6E4-5,https://creativecommons.org/licenses/by-nc-sa/4.0/,Distributed under a Creative Commons Attribution-NonCommercial-ShareAlike 4.0 International License.,GRETIL project,NONCOMMERCIAL_RESTRICTED,False,https://textgridrep.org/browse/textgrid:49tvj.0,Keep restricted; obtain permission or exclude from public/commercial use.
TG-GRE-1108,Maranattul Valvom,,Dravidian Collection,textgrid:49tvk.0,textgrid:49tvn.0,textgrid:49tvm.0,handle:hdl:21.11113/0000-0016-D6E7-2,https://creativecommons.org/licenses/by-nc-sa/4.0/,Distributed under a Creative Commons Attribution-NonCommercial-ShareAlike 4.0 International License.,GRETIL project,NONCOMMERCIAL_RESTRICTED,False,https://textgridrep.org/browse/textgrid:49tvn.0,Keep restricted; obtain permission or exclude from public/commercial use.
TG-GRE-1109,"Hymns V,1",Tevaram Tirunanacampantar,Dravidian Collection,textgrid:49tvp.0,textgrid:49tvr.0,textgrid:49tvq.0,handle:hdl:21.11113/0000-0016-D6EA-F,https://creativecommons.org/licenses/by-nc-sa/4.0/,Distributed under a Creative Commons Attribution-NonCommercial-ShareAlike 4.0 International License.,GRETIL project,NONCOMMERCIAL_RESTRICTED,False,https://textgridrep.org/browse/textgrid:49tvr.0,Keep restricted; obtain permission or exclude from public/commercial use.
TG-GRE-1110,Kutumpa vilakku,Paventar Paratican,Dravidian Collection,textgrid:49tvs.0,textgrid:49tvv.0,textgrid:49tvt.0,handle:hdl:21.11113/0000-0016-D6ED-C,https://creativecommons.org/licenses/by-nc-sa/4.0/,Distributed under a Creative Commons Attribution-NonCommercial-ShareAlike 4.0 International License.,GRETIL project,NONCOMMERCIAL_RESTRICTED,False,https://textgridrep.org/browse/textgrid:49tvv.0,Keep restricted; obtain permission or exclude from public/commercial use.
TG-GRE-1111,"Hymns V,2",Tevaram Tirunanacampantar,Dravidian Collection,textgrid:49tvw.0,textgrid:49tvz.0,textgrid:49tvx.0,handle:hdl:21.11113/0000-0016-D6F0-7,https://creativecommons.org/licenses/by-nc-sa/4.0/,Distributed under a Creative Commons Attribution-NonCommercial-ShareAlike 4.0 International License.,GRETIL project,NONCOMMERCIAL_RESTRICTED,False,https://textgridrep.org/browse/textgrid:49tvz.0,Keep restricted; obtain permission or exclude from public/commercial use.
TG-GRE-1112,Cantirikaiyin katai,Ci. Cuppiramaniya Parati,Dravidian Collection,textgrid:49tw0.0,textgrid:49tw2.0,textgrid:49tw1.0,handle:hdl:21.11113/0000-0016-D6F3-4,https://creativecommons.org/licenses/by-nc-sa/4.0/,Distributed under a Creative Commons Attribution-NonCommercial-ShareAlike 4.0 International License.,GRETIL project,NONCOMMERCIAL_RESTRICTED,False,https://textgridrep.org/browse/textgrid:49tw2.0,Keep restricted; obtain permission or exclude from public/commercial use.
TG-GRE-1113,Tirukkural,Tiruvalluvar,Dravidian Collection,textgrid:49tw3.0,textgrid:49tw5.0,textgrid:49tw4.0,handle:hdl:21.11113/0000-0016-D6F6-1,https://creativecommons.org/licenses/by-nc-sa/4.0/,Distributed under a Creative Commons Attribution-NonCommercial-ShareAlike 4.0 International License.,GRETIL project,NONCOMMERCIAL_RESTRICTED,False,https://textgridrep.org/browse/textgrid:49tw5.0,Keep restricted; obtain permission or exclude from public/commercial use.
TG-GRE-1114,Pantiyan Paricu,Paventar Paratitacan,Dravidian Collection,textgrid:49tw6.0,textgrid:49tw8.0,textgrid:49tw7.0,handle:hdl:21.11113/0000-0016-D6F9-E,https://creativecommons.org/licenses/by-nc-sa/4.0/,Distributed under a Creative Commons Attribution-NonCommercial-ShareAlike 4.0 International License.,GRETIL project,NONCOMMERCIAL_RESTRICTED,False,https://textgridrep.org/browse/textgrid:49tw8.0,Keep restricted; obtain permission or exclude from public/commercial use.
TG-GRE-1115,"Tirukkurralakkuravanci, Tirukkurrala utai, Tirukkuralamalai",Iracappakkavirayar,Dravidian Collection,textgrid:49tw9.0,textgrid:49twc.0,textgrid:49twb.0,handle:hdl:21.11113/0000-0016-D6FC-B,https://creativecommons.org/licenses/by-nc-sa/4.0/,Distributed under a Creative Commons Attribution-NonCommercial-ShareAlike 4.0 International License.,GRETIL project,NONCOMMERCIAL_RESTRICTED,False,https://textgridrep.org/browse/textgrid:49twc.0,Keep restricted; obtain permission or exclude from public/commercial use.
TG-GRE-1116,Vatamalainikantu,Icura Paratiyar,Dravidian Collection,textgrid:49twd.0,textgrid:49twg.0,textgrid:49twf.0,handle:hdl:21.11113/0000-0016-D6FF-8,https://creativecommons.org/licenses/by-nc-sa/4.0/,Distributed under a Creative Commons Attribution-NonCommercial-ShareAlike 4.0 International License.,GRETIL project,NONCOMMERCIAL_RESTRICTED,False,https://textgridrep.org/browse/textgrid:49twg.0,Keep restricted; obtain permission or exclude from public/commercial use.
TG-GRE-1117,Tirumantiram 1-548,Tirumular,Dravidian Collection,textgrid:49twh.0,textgrid:49twk.0,textgrid:49twj.0,handle:hdl:21.11113/0000-0016-D702-3,https://creativecommons.org/licenses/by-nc-sa/4.0/,Distributed under a Creative Commons Attribution-NonCommercial-ShareAlike 4.0 International License.,GRETIL project,NONCOMMERCIAL_RESTRICTED,False,https://textgridrep.org/browse/textgrid:49twk.0,Keep restricted; obtain permission or exclude from public/commercial use.
TG-GRE-1118,Irupatam nurrantu ilattut tamil ilakkiyam,D. Maunakuru,Dravidian Collection,textgrid:49twm.0,textgrid:49twp.0,textgrid:49twn.0,handle:hdl:21.11113/0000-0016-D705-0,https://creativecommons.org/licenses/by-nc-sa/4.0/,Distributed under a Creative Commons Attribution-NonCommercial-ShareAlike 4.0 International License.,GRETIL project,NONCOMMERCIAL_RESTRICTED,False,https://textgridrep.org/browse/textgrid:49twp.0,Keep restricted; obtain permission or exclude from public/commercial use.
TG-GRE-1119,"Prologue Verses from Pantiya, Cola and Vijayanagara Inscriptions",,Dravidian Collection,textgrid:49twq.0,textgrid:49tws.0,textgrid:49twr.0,handle:hdl:21.11113/0000-0016-D708-D,https://creativecommons.org/licenses/by-nc-sa/4.0/,Distributed under a Creative Commons Attribution-NonCommercial-ShareAlike 4.0 International License.,GRETIL project,NONCOMMERCIAL_RESTRICTED,False,https://textgridrep.org/browse/textgrid:49tws.0,Keep restricted; obtain permission or exclude from public/commercial use.
TG-GRE-1120,"Tiruvarutpa - II,2",Iramalinka Cuvamikal,Dravidian Collection,textgrid:49twt.0,textgrid:49tww.0,textgrid:49twv.0,handle:hdl:21.11113/0000-0016-D70B-A,https://creativecommons.org/licenses/by-nc-sa/4.0/,Distributed under a Creative Commons Attribution-NonCommercial-ShareAlike 4.0 International License.,GRETIL project,NONCOMMERCIAL_RESTRICTED,False,https://textgridrep.org/browse/textgrid:49tww.0,Keep restricted; obtain permission or exclude from public/commercial use.
TG-GRE-1121,"Tiruvarutpa - II,3",Iramalinka Cuvamikal,Dravidian Collection,textgrid:49twx.0,textgrid:49tx0.0,textgrid:49twz.0,handle:hdl:21.11113/0000-0016-D70E-7,https://creativecommons.org/licenses/by-nc-sa/4.0/,Distributed under a Creative Commons Attribution-NonCommercial-ShareAlike 4.0 International License.,GRETIL project,NONCOMMERCIAL_RESTRICTED,False,https://textgridrep.org/browse/textgrid:49tx0.0,Keep restricted; obtain permission or exclude from public/commercial use.
TG-GRE-1122,Nalayira tivviyap pirapantam IV,,Dravidian Collection,textgrid:49tx1.0,textgrid:49tx3.0,textgrid:49tx2.0,handle:hdl:21.11113/0000-0016-D711-2,https://creativecommons.org/licenses/by-nc-sa/4.0/,Distributed under a Creative Commons Attribution-NonCommercial-ShareAlike 4.0 International License.,GRETIL project,NONCOMMERCIAL_RESTRICTED,False,https://textgridrep.org/browse/textgrid:49tx3.0,Keep restricted; obtain permission or exclude from public/commercial use.
TG-GRE-1123,"Hymns II,1",Tevaram Tirunanacampantar,Dravidian Collection,textgrid:49tx4.0,textgrid:49tx6.0,textgrid:49tx5.0,handle:hdl:21.11113/0000-0016-D714-F,https://creativecommons.org/licenses/by-nc-sa/4.0/,Distributed under a Creative Commons Attribution-NonCommercial-ShareAlike 4.0 International License.,GRETIL project,NONCOMMERCIAL_RESTRICTED,False,https://textgridrep.org/browse/textgrid:49tx6.0,Keep restricted; obtain permission or exclude from public/commercial use.
TG-GRE-1124,Tannirtecam,Kavinar Vairamutu,Dravidian Collection,textgrid:49tx7.0,textgrid:49tx9.0,textgrid:49tx8.0,handle:hdl:21.11113/0000-0016-D717-C,https://creativecommons.org/licenses/by-nc-sa/4.0/,Distributed under a Creative Commons Attribution-NonCommercial-ShareAlike 4.0 International License.,GRETIL project,NONCOMMERCIAL_RESTRICTED,False,https://textgridrep.org/browse/textgrid:49tx9.0,Keep restricted; obtain permission or exclude from public/commercial use.
TG-GRE-1125,"Hymns II,2",Tevaram Tirunanacampantar,Dravidian Collection,textgrid:49txb.0,textgrid:49txd.0,textgrid:49txc.0,handle:hdl:21.11113/0000-0016-D71A-9,https://creativecommons.org/licenses/by-nc-sa/4.0/,Distributed under a Creative Commons Attribution-NonCommercial-ShareAlike 4.0 International License.,GRETIL project,NONCOMMERCIAL_RESTRICTED,False,https://textgridrep.org/browse/textgrid:49txd.0,Keep restricted; obtain permission or exclude from public/commercial use.
TG-GRE-1126,Kavitaikal I,Paratitacan,Dravidian Collection,textgrid:49txf.0,textgrid:49txh.0,textgrid:49txg.0,handle:hdl:21.11113/0000-0016-D71D-6,https://creativecommons.org/licenses/by-nc-sa/4.0/,Distributed under a Creative Commons Attribution-NonCommercial-ShareAlike 4.0 International License.,GRETIL project,NONCOMMERCIAL_RESTRICTED,False,https://textgridrep.org/browse/textgrid:49txh.0,Keep restricted; obtain permission or exclude from public/commercial use.
TG-GRE-1127,Kavitaikal III,Paratitacan,Dravidian Collection,textgrid:49txj.0,textgrid:49txm.0,textgrid:49txk.0,handle:hdl:21.11113/0000-0016-D720-1,https://creativecommons.org/licenses/by-nc-sa/4.0/,Distributed under a Creative Commons Attribution-NonCommercial-ShareAlike 4.0 International License.,GRETIL project,NONCOMMERCIAL_RESTRICTED,False,https://textgridrep.org/browse/textgrid:49txm.0,Keep restricted; obtain permission or exclude from public/commercial use.
TG-GRE-1128,"Cirappuranam I,2",Umarup Pulavar,Dravidian Collection,textgrid:49txn.0,textgrid:49txq.0,textgrid:49txp.0,handle:hdl:21.11113/0000-0016-D723-E,https://creativecommons.org/licenses/by-nc-sa/4.0/,Distributed under a Creative Commons Attribution-NonCommercial-ShareAlike 4.0 International License.,GRETIL project,NONCOMMERCIAL_RESTRICTED,False,https://textgridrep.org/browse/textgrid:49txq.0,Keep restricted; obtain permission or exclude from public/commercial use.
TG-GRE-1129,"Cirappuranam I,1",Umarup Pulavar,Dravidian Collection,textgrid:49txr.0,textgrid:49txt.0,textgrid:49txs.0,handle:hdl:21.11113/0000-0016-D726-B,https://creativecommons.org/licenses/by-nc-sa/4.0/,Distributed under a Creative Commons Attribution-NonCommercial-ShareAlike 4.0 International License.,GRETIL project,NONCOMMERCIAL_RESTRICTED,False,https://textgridrep.org/browse/textgrid:49txt.0,Keep restricted; obtain permission or exclude from public/commercial use.
TG-GRE-1130,"Hymns III,1",Tevaram Tirunanacampantar,Dravidian Collection,textgrid:49txv.0,textgrid:49txx.0,textgrid:49txw.0,handle:hdl:21.11113/0000-0016-D729-8,https://creativecommons.org/licenses/by-nc-sa/4.0/,Distributed under a Creative Commons Attribution-NonCommercial-ShareAlike 4.0 International License.,GRETIL project,NONCOMMERCIAL_RESTRICTED,False,https://textgridrep.org/browse/textgrid:49txx.0,Keep restricted; obtain permission or exclude from public/commercial use.
TG-GRE-1131,Songs II,Namakkal Kavinar,Dravidian Collection,textgrid:49txz.0,textgrid:49tz1.0,textgrid:49tz0.0,handle:hdl:21.11113/0000-0016-D72C-5,https://creativecommons.org/licenses/by-nc-sa/4.0/,Distributed under a Creative Commons Attribution-NonCommercial-ShareAlike 4.0 International License.,GRETIL project,NONCOMMERCIAL_RESTRICTED,False,https://textgridrep.org/browse/textgrid:49tz1.0,Keep restricted; obtain permission or exclude from public/commercial use.
TG-GRE-1132,"Cirappuranam II,1",Umarup Pulavar,Dravidian Collection,textgrid:49tz2.0,textgrid:49tz4.0,textgrid:49tz3.0,handle:hdl:21.11113/0000-0016-D72F-2,https://creativecommons.org/licenses/by-nc-sa/4.0/,Distributed under a Creative Commons Attribution-NonCommercial-ShareAlike 4.0 International License.,GRETIL project,NONCOMMERCIAL_RESTRICTED,False,https://textgridrep.org/browse/textgrid:49tz4.0,Keep restricted; obtain permission or exclude from public/commercial use.
TG-GRE-1133,"Cirappuranam III,1",Umarup Pulavar,Dravidian Collection,textgrid:49tz5.0,textgrid:49tz7.0,textgrid:49tz6.0,handle:hdl:21.11113/0000-0016-D732-D,https://creativecommons.org/licenses/by-nc-sa/4.0/,Distributed under a Creative Commons Attribution-NonCommercial-ShareAlike 4.0 International License.,GRETIL project,NONCOMMERCIAL_RESTRICTED,False,https://textgridrep.org/browse/textgrid:49tz7.0,Keep restricted; obtain permission or exclude from public/commercial use.
TG-GRE-1134,"Hymns III,2",Tevaram Tirunanacampantar,Dravidian Collection,textgrid:49tz8.0,textgrid:49tzb.0,textgrid:49tz9.0,handle:hdl:21.11113/0000-0016-D735-A,https://creativecommons.org/licenses/by-nc-sa/4.0/,Distributed under a Creative Commons Attribution-NonCommercial-ShareAlike 4.0 International License.,GRETIL project,NONCOMMERCIAL_RESTRICTED,False,https://textgridrep.org/browse/textgrid:49tzb.0,Keep restricted; obtain permission or exclude from public/commercial use.
TG-GRE-1135,"Hymns IV,1",Tevaram Tirunanacampantar,Dravidian Collection,textgrid:49tzc.0,textgrid:49tzf.0,textgrid:49tzd.0,handle:hdl:21.11113/0000-0016-D738-7,https://creativecommons.org/licenses/by-nc-sa/4.0/,Distributed under a Creative Commons Attribution-NonCommercial-ShareAlike 4.0 International License.,GRETIL project,NONCOMMERCIAL_RESTRICTED,False,https://textgridrep.org/browse/textgrid:49tzf.0,Keep restricted; obtain permission or exclude from public/commercial use.
TG-GRE-1136,"Hymns IV,2",Tevaram Tirunanacampantar,Dravidian Collection,textgrid:49tzg.0,textgrid:49tzj.0,textgrid:49tzh.0,handle:hdl:21.11113/0000-0016-D73B-4,https://creativecommons.org/licenses/by-nc-sa/4.0/,Distributed under a Creative Commons Attribution-NonCommercial-ShareAlike 4.0 International License.,GRETIL project,NONCOMMERCIAL_RESTRICTED,False,https://textgridrep.org/browse/textgrid:49tzj.0,Keep restricted; obtain permission or exclude from public/commercial use.
TG-GRE-1137,"Hymns VI,2",Tevaram Tirunanacampantar,Dravidian Collection,textgrid:49tzk.0,textgrid:49tzn.0,textgrid:49tzm.0,handle:hdl:21.11113/0000-0016-D73E-1,https://creativecommons.org/licenses/by-nc-sa/4.0/,Distributed under a Creative Commons Attribution-NonCommercial-ShareAlike 4.0 International License.,GRETIL project,NONCOMMERCIAL_RESTRICTED,False,https://textgridrep.org/browse/textgrid:49tzn.0,Keep restricted; obtain permission or exclude from public/commercial use.
TG-GRE-1138,"Tirumurai XI,1",Nampi Antar Nampi,Dravidian Collection,textgrid:49tzp.0,textgrid:49tzr.0,textgrid:49tzq.0,handle:hdl:21.11113/0000-0016-D741-C,https://creativecommons.org/licenses/by-nc-sa/4.0/,Distributed under a Creative Commons Attribution-NonCommercial-ShareAlike 4.0 International License.,GRETIL project,NONCOMMERCIAL_RESTRICTED,False,https://textgridrep.org/browse/textgrid:49tzr.0,Keep restricted; obtain permission or exclude from public/commercial use.
TG-GRE-1139,"Tirumurai XI,2",Nampi Antar Nampi,Dravidian Collection,textgrid:49tzs.0,textgrid:49tzv.0,textgrid:49tzt.0,handle:hdl:21.11113/0000-0016-D744-9,https://creativecommons.org/licenses/by-nc-sa/4.0/,Distributed under a Creative Commons Attribution-NonCommercial-ShareAlike 4.0 International License.,GRETIL project,NONCOMMERCIAL_RESTRICTED,False,https://textgridrep.org/browse/textgrid:49tzv.0,Keep restricted; obtain permission or exclude from public/commercial use.
TG-GRE-1140,"Tiruvarutpa - VI,1",Iramalinka Cuvamikal,Dravidian Collection,textgrid:49tzw.0,textgrid:49tzz.0,textgrid:49tzx.0,handle:hdl:21.11113/0000-0016-D747-6,https://creativecommons.org/licenses/by-nc-sa/4.0/,Distributed under a Creative Commons Attribution-NonCommercial-ShareAlike 4.0 International License.,GRETIL project,NONCOMMERCIAL_RESTRICTED,False,https://textgridrep.org/browse/textgrid:49tzz.0,Keep restricted; obtain permission or exclude from public/commercial use.
TG-GRE-1141,"Tiruvarutpa - VI,2",Iramalinka Cuvamikal,Dravidian Collection,textgrid:49v00.0,textgrid:49v02.0,textgrid:49v01.0,handle:hdl:21.11113/0000-0016-D74A-3,https://creativecommons.org/licenses/by-nc-sa/4.0/,Distributed under a Creative Commons Attribution-NonCommercial-ShareAlike 4.0 International License.,GRETIL project,NONCOMMERCIAL_RESTRICTED,False,https://textgridrep.org/browse/textgrid:49v02.0,Keep restricted; obtain permission or exclude from public/commercial use.
TG-GRE-1142,Purananuru,Ettuttokai,Dravidian Collection,textgrid:49v03.0,textgrid:49v05.0,textgrid:49v04.0,handle:hdl:21.11113/0000-0016-D74D-0,https://creativecommons.org/licenses/by-nc-sa/4.0/,Distributed under a Creative Commons Attribution-NonCommercial-ShareAlike 4.0 International License.,GRETIL project,NONCOMMERCIAL_RESTRICTED,False,https://textgridrep.org/browse/textgrid:49v05.0,Keep restricted; obtain permission or exclude from public/commercial use.
TG-GRE-1143,Manimekalai,Cittalaiccattanar,Dravidian Collection,textgrid:49v06.0,textgrid:49v08.0,textgrid:49v07.0,handle:hdl:21.11113/0000-0016-D750-B,https://creativecommons.org/licenses/by-nc-sa/4.0/,Distributed under a Creative Commons Attribution-NonCommercial-ShareAlike 4.0 International License.,GRETIL project,NONCOMMERCIAL_RESTRICTED,False,https://textgridrep.org/browse/textgrid:49v08.0,Keep restricted; obtain permission or exclude from public/commercial use.
TG-GRE-1144,Elantu ilakkiya valarcci,Mu. Talaiyacinkam,Dravidian Collection,textgrid:49v09.0,textgrid:49v0c.0,textgrid:49v0b.0,handle:hdl:21.11113/0000-0016-D753-8,https://creativecommons.org/licenses/by-nc-sa/4.0/,Distributed under a Creative Commons Attribution-NonCommercial-ShareAlike 4.0 International License.,GRETIL project,NONCOMMERCIAL_RESTRICTED,False,https://textgridrep.org/browse/textgrid:49v0c.0,Keep restricted; obtain permission or exclude from public/commercial use.
TG-GRE-1145,"Hymns I,1",Tevaram Tirunanacampantar,Dravidian Collection,textgrid:49v0d.0,textgrid:49v0g.0,textgrid:49v0f.0,handle:hdl:21.11113/0000-0016-D756-5,https://creativecommons.org/licenses/by-nc-sa/4.0/,Distributed under a Creative Commons Attribution-NonCommercial-ShareAlike 4.0 International License.,GRETIL project,NONCOMMERCIAL_RESTRICTED,False,https://textgridrep.org/browse/textgrid:49v0g.0,Keep restricted; obtain permission or exclude from public/commercial use.
TG-GRE-1146,"Hymns I,2",Tevaram Tirunanacampantar,Dravidian Collection,textgrid:49v0h.0,textgrid:49v0k.0,textgrid:49v0j.0,handle:hdl:21.11113/0000-0016-D759-2,https://creativecommons.org/licenses/by-nc-sa/4.0/,Distributed under a Creative Commons Attribution-NonCommercial-ShareAlike 4.0 International License.,GRETIL project,NONCOMMERCIAL_RESTRICTED,False,https://textgridrep.org/browse/textgrid:49v0k.0,Keep restricted; obtain permission or exclude from public/commercial use.
TG-GRE-1147,Patalkal,Pattukkottai Kaliyanacuntaram,Dravidian Collection,textgrid:49v0m.0,textgrid:49v0p.0,textgrid:49v0n.0,handle:hdl:21.11113/0000-0016-D75C-F,https://creativecommons.org/licenses/by-nc-sa/4.0/,Distributed under a Creative Commons Attribution-NonCommercial-ShareAlike 4.0 International License.,GRETIL project,NONCOMMERCIAL_RESTRICTED,False,https://textgridrep.org/browse/textgrid:49v0p.0,Keep restricted; obtain permission or exclude from public/commercial use.
TG-GRE-1148,Tiruvarutpa - Tirumurai I and II,Iramalinka Cuvamikal,Dravidian Collection,textgrid:49v0q.0,textgrid:49v0s.0,textgrid:49v0r.0,handle:hdl:21.11113/0000-0016-D75F-C,https://creativecommons.org/licenses/by-nc-sa/4.0/,Distributed under a Creative Commons Attribution-NonCommercial-ShareAlike 4.0 International License.,GRETIL project,NONCOMMERCIAL_RESTRICTED,False,https://textgridrep.org/browse/textgrid:49v0s.0,Keep restricted; obtain permission or exclude from public/commercial use.
TG-GRE-1149,"Hymns VI,1",Tevaram Tirunanacampantar,Dravidian Collection,textgrid:49v0t.0,textgrid:49v0w.0,textgrid:49v0v.0,handle:hdl:21.11113/0000-0016-D762-7,https://creativecommons.org/licenses/by-nc-sa/4.0/,Distributed under a Creative Commons Attribution-NonCommercial-ShareAlike 4.0 International License.,GRETIL project,NONCOMMERCIAL_RESTRICTED,False,https://textgridrep.org/browse/textgrid:49v0w.0,Keep restricted; obtain permission or exclude from public/commercial use.
TG-GRE-1150,Short story collection I,Tantapani Jeyakantan,Dravidian Collection,textgrid:49v0x.0,textgrid:49v10.0,textgrid:49v0z.0,handle:hdl:21.11113/0000-0016-D765-4,https://creativecommons.org/licenses/by-nc-sa/4.0/,Distributed under a Creative Commons Attribution-NonCommercial-ShareAlike 4.0 International License.,GRETIL project,NONCOMMERCIAL_RESTRICTED,False,https://textgridrep.org/browse/textgrid:49v10.0,Keep restricted; obtain permission or exclude from public/commercial use.
TG-GRE-1151,Short story collection II,Tantapani Jeyakantan,Dravidian Collection,textgrid:49v11.0,textgrid:49v13.0,textgrid:49v12.0,handle:hdl:21.11113/0000-0016-D768-1,https://creativecommons.org/licenses/by-nc-sa/4.0/,Distributed under a Creative Commons Attribution-NonCommercial-ShareAlike 4.0 International License.,GRETIL project,NONCOMMERCIAL_RESTRICTED,False,https://textgridrep.org/browse/textgrid:49v13.0,Keep restricted; obtain permission or exclude from public/commercial use.
TG-GRE-1152,Tiruvacakam,Manikkavacakar,Dravidian Collection,textgrid:49v14.0,textgrid:49v16.0,textgrid:49v15.0,handle:hdl:21.11113/0000-0016-D76B-E,https://creativecommons.org/licenses/by-nc-sa/4.0/,Distributed under a Creative Commons Attribution-NonCommercial-ShareAlike 4.0 International License.,GRETIL project,NONCOMMERCIAL_RESTRICTED,False,https://textgridrep.org/browse/textgrid:49v16.0,Keep restricted; obtain permission or exclude from public/commercial use.
TG-GRE-1153,Mahaparata cutamani,,Dravidian Collection,textgrid:49v17.0,textgrid:49v19.0,textgrid:49v18.0,handle:hdl:21.11113/0000-0016-D76E-B,https://creativecommons.org/licenses/by-nc-sa/4.0/,Distributed under a Creative Commons Attribution-NonCommercial-ShareAlike 4.0 International License.,GRETIL project,NONCOMMERCIAL_RESTRICTED,False,https://textgridrep.org/browse/textgrid:49v19.0,Keep restricted; obtain permission or exclude from public/commercial use.
TG-GRE-1154,"Tiruvarutpa - VI,3",Iramalinka Cuvamikal,Dravidian Collection,textgrid:49v1b.0,textgrid:49v1d.0,textgrid:49v1c.0,handle:hdl:21.11113/0000-0016-D771-6,https://creativecommons.org/licenses/by-nc-sa/4.0/,Distributed under a Creative Commons Attribution-NonCommercial-ShareAlike 4.0 International License.,GRETIL project,NONCOMMERCIAL_RESTRICTED,False,https://textgridrep.org/browse/textgrid:49v1d.0,Keep restricted; obtain permission or exclude from public/commercial use.
TG-GRE-1155,"Tiruvarutpa - VI,4",Iramalinka Cuvamikal,Dravidian Collection,textgrid:49v1f.0,textgrid:49v1h.0,textgrid:49v1g.0,handle:hdl:21.11113/0000-0016-D774-3,https://creativecommons.org/licenses/by-nc-sa/4.0/,Distributed under a Creative Commons Attribution-NonCommercial-ShareAlike 4.0 International License.,GRETIL project,NONCOMMERCIAL_RESTRICTED,False,https://textgridrep.org/browse/textgrid:49v1h.0,Keep restricted; obtain permission or exclude from public/commercial use.
TG-GRE-1156,Nalayira tivviyap pirapantam I,,Dravidian Collection,textgrid:49v1j.0,textgrid:49v1m.0,textgrid:49v1k.0,handle:hdl:21.11113/0000-0016-D777-0,https://creativecommons.org/licenses/by-nc-sa/4.0/,Distributed under a Creative Commons Attribution-NonCommercial-ShareAlike 4.0 International License.,GRETIL project,NONCOMMERCIAL_RESTRICTED,False,https://textgridrep.org/browse/textgrid:49v1m.0,Keep restricted; obtain permission or exclude from public/commercial use.
TG-GRE-1157,Tiruvarutpa - Tirumurai III,Iramalinka Cuvamikal,Dravidian Collection,textgrid:49v1n.0,textgrid:49v1q.0,textgrid:49v1p.0,handle:hdl:21.11113/0000-0016-D77A-D,https://creativecommons.org/licenses/by-nc-sa/4.0/,Distributed under a Creative Commons Attribution-NonCommercial-ShareAlike 4.0 International License.,GRETIL project,NONCOMMERCIAL_RESTRICTED,False,https://textgridrep.org/browse/textgrid:49v1q.0,Keep restricted; obtain permission or exclude from public/commercial use.
TG-GRE-1158,Iramayana venpa I-IV,Srinivacaiyankar Iyarriya,Dravidian Collection,textgrid:49v1r.0,textgrid:49v1t.0,textgrid:49v1s.0,handle:hdl:21.11113/0000-0016-D77D-A,https://creativecommons.org/licenses/by-nc-sa/4.0/,Distributed under a Creative Commons Attribution-NonCommercial-ShareAlike 4.0 International License.,GRETIL project,NONCOMMERCIAL_RESTRICTED,False,https://textgridrep.org/browse/textgrid:49v1t.0,Keep restricted; obtain permission or exclude from public/commercial use.
TG-GRE-1159,Iramayana venpa V-VI,Srinivacaiyankar Iyarriya,Dravidian Collection,textgrid:49v1v.0,textgrid:49v1x.0,textgrid:49v1w.0,handle:hdl:21.11113/0000-0016-D780-4,https://creativecommons.org/licenses/by-nc-sa/4.0/,Distributed under a Creative Commons Attribution-NonCommercial-ShareAlike 4.0 International License.,GRETIL project,NONCOMMERCIAL_RESTRICTED,False,https://textgridrep.org/browse/textgrid:49v1x.0,Keep restricted; obtain permission or exclude from public/commercial use.
TG-GRE-1160,Tiruppukal I,Arunakirinatar,Dravidian Collection,textgrid:49v1z.0,textgrid:49v21.0,textgrid:49v20.0,handle:hdl:21.11113/0000-0016-D783-1,https://creativecommons.org/licenses/by-nc-sa/4.0/,Distributed under a Creative Commons Attribution-NonCommercial-ShareAlike 4.0 International License.,GRETIL project,NONCOMMERCIAL_RESTRICTED,False,https://textgridrep.org/browse/textgrid:49v21.0,Keep restricted; obtain permission or exclude from public/commercial use.
TG-GRE-1161,Tiruppukal II,Arunakirinatar,Dravidian Collection,textgrid:49v22.0,textgrid:49v24.0,textgrid:49v23.0,handle:hdl:21.11113/0000-0016-D786-E,https://creativecommons.org/licenses/by-nc-sa/4.0/,Distributed under a Creative Commons Attribution-NonCommercial-ShareAlike 4.0 International License.,GRETIL project,NONCOMMERCIAL_RESTRICTED,False,https://textgridrep.org/browse/textgrid:49v24.0,Keep restricted; obtain permission or exclude from public/commercial use.
TG-GRE-1162,Tiruppukal IV,Arunakirinatar,Dravidian Collection,textgrid:49v25.0,textgrid:49v27.0,textgrid:49v26.0,handle:hdl:21.11113/0000-0016-D789-B,https://creativecommons.org/licenses/by-nc-sa/4.0/,Distributed under a Creative Commons Attribution-NonCommercial-ShareAlike 4.0 International License.,GRETIL project,NONCOMMERCIAL_RESTRICTED,False,https://textgridrep.org/browse/textgrid:49v27.0,Keep restricted; obtain permission or exclude from public/commercial use.
TG-GRE-1163,Civakamiyin capatam I,Ra. Kirusnamurtti Kalki,Dravidian Collection,textgrid:49v28.0,textgrid:49v2b.0,textgrid:49v29.0,handle:hdl:21.11113/0000-0016-D78C-8,https://creativecommons.org/licenses/by-nc-sa/4.0/,Distributed under a Creative Commons Attribution-NonCommercial-ShareAlike 4.0 International License.,GRETIL project,NONCOMMERCIAL_RESTRICTED,False,https://textgridrep.org/browse/textgrid:49v2b.0,Keep restricted; obtain permission or exclude from public/commercial use.
TG-GRE-1164,Oppiyal ilakkiyam,K. Kailacapati,Dravidian Collection,textgrid:49v2c.0,textgrid:49v2f.0,textgrid:49v2d.0,handle:hdl:21.11113/0000-0016-D78F-5,https://creativecommons.org/licenses/by-nc-sa/4.0/,Distributed under a Creative Commons Attribution-NonCommercial-ShareAlike 4.0 International License.,GRETIL project,NONCOMMERCIAL_RESTRICTED,False,https://textgridrep.org/browse/textgrid:49v2f.0,Keep restricted; obtain permission or exclude from public/commercial use.
TG-GRE-1165,Antima kalam,Re. Karttikecu,Dravidian Collection,textgrid:49v2g.0,textgrid:49v2j.0,textgrid:49v2h.0,handle:hdl:21.11113/0000-0016-D792-0,https://creativecommons.org/licenses/by-nc-sa/4.0/,Distributed under a Creative Commons Attribution-NonCommercial-ShareAlike 4.0 International License.,GRETIL project,NONCOMMERCIAL_RESTRICTED,False,https://textgridrep.org/browse/textgrid:49v2j.0,Keep restricted; obtain permission or exclude from public/commercial use.
TG-GRE-1166,Tiruppukal III,Arunakirinatar,Dravidian Collection,textgrid:49v2k.0,textgrid:49v2n.0,textgrid:49v2m.0,handle:hdl:21.11113/0000-0016-D795-D,https://creativecommons.org/licenses/by-nc-sa/4.0/,Distributed under a Creative Commons Attribution-NonCommercial-ShareAlike 4.0 International License.,GRETIL project,NONCOMMERCIAL_RESTRICTED,False,https://textgridrep.org/browse/textgrid:49v2n.0,Keep restricted; obtain permission or exclude from public/commercial use.
TG-GRE-1167,Civakamiyin capatam II,Ra. Kirusnamurtti Kalki,Dravidian Collection,textgrid:49v2p.0,textgrid:49v2r.0,textgrid:49v2q.0,handle:hdl:21.11113/0000-0016-D798-A,https://creativecommons.org/licenses/by-nc-sa/4.0/,Distributed under a Creative Commons Attribution-NonCommercial-ShareAlike 4.0 International License.,GRETIL project,NONCOMMERCIAL_RESTRICTED,False,https://textgridrep.org/browse/textgrid:49v2r.0,Keep restricted; obtain permission or exclude from public/commercial use.
TG-GRE-1168,Civakamiyin capatam III,Ra. Kirusnamurtti Kalki,Dravidian Collection,textgrid:49v2s.0,textgrid:49v2v.0,textgrid:49v2t.0,handle:hdl:21.11113/0000-0016-D79B-7,https://creativecommons.org/licenses/by-nc-sa/4.0/,Distributed under a Creative Commons Attribution-NonCommercial-ShareAlike 4.0 International License.,GRETIL project,NONCOMMERCIAL_RESTRICTED,False,https://textgridrep.org/browse/textgrid:49v2v.0,Keep restricted; obtain permission or exclude from public/commercial use.
TG-GRE-1169,Manonmaniyam,P. Cuntaram Pillai,Dravidian Collection,textgrid:49v2w.0,textgrid:49v2z.0,textgrid:49v2x.0,handle:hdl:21.11113/0000-0016-D79E-4,https://creativecommons.org/licenses/by-nc-sa/4.0/,Distributed under a Creative Commons Attribution-NonCommercial-ShareAlike 4.0 International License.,GRETIL project,NONCOMMERCIAL_RESTRICTED,False,https://textgridrep.org/browse/textgrid:49v2z.0,Keep restricted; obtain permission or exclude from public/commercial use.
TG-GRE-1170,Katalinal alla,Re. Karttikecu,Dravidian Collection,textgrid:49v30.0,textgrid:49v32.0,textgrid:49v31.0,handle:hdl:21.11113/0000-0016-D7A1-F,https://creativecommons.org/licenses/by-nc-sa/4.0/,Distributed under a Creative Commons Attribution-NonCommercial-ShareAlike 4.0 International License.,GRETIL project,NONCOMMERCIAL_RESTRICTED,False,https://textgridrep.org/browse/textgrid:49v32.0,Keep restricted; obtain permission or exclude from public/commercial use.
TG-GRE-1171,Perumāḷ Tirumoḻi vyākhyānam,Periyavāccāṉ Piḷḷai,Dravidian Collection,textgrid:49v33.0,textgrid:49v35.0,textgrid:49v34.0,handle:hdl:21.11113/0000-0016-D7A4-C,https://creativecommons.org/licenses/by-nc-sa/4.0/,Distributed under a Creative Commons Attribution-NonCommercial-ShareAlike 4.0 International License.,GRETIL project,NONCOMMERCIAL_RESTRICTED,False,https://textgridrep.org/browse/textgrid:49v35.0,Keep restricted; obtain permission or exclude from public/commercial use.
