carrier_id,textgrid_gretil_item_id,textgrid_uri,handle_pid,format,repository_extent,repository_digest_algorithm,repository_md5,relative_path,acquired,local_bytes,sha256,local_md5,repository_md5_match,xml_well_formed,tei_root,tei_xml_id,tei_license_urls,download_error
TG-GRE-C-0001,TG-GRE-0001,textgrid:48v5x.0,handle:hdl:21.11113/0000-0016-84D0-7,TEI_XML,648526,md5,98c2d887bb3a05501c883efa1018cdae,acquisitions\staging\textgrid-gretil\2026-07-12\payload\textgrid_48v5x_0.xml,True,648526,3f2fcadd91f1f57623e1c0c86e4887f9a049fc5405a1240000477db11540eeed,98c2d887bb3a05501c883efa1018cdae,True,True,TEI,xct_azvaghoSa-buddhacarita-collation,https://creativecommons.org/licenses/by-nc-sa/4.0/,
TG-GRE-C-0002,TG-GRE-0002,textgrid:48v61.0,handle:hdl:21.11113/0000-0016-84D3-4,TEI_XML,23607,md5,c3171dabf72af2da636521e0a104c844,acquisitions\staging\textgrid-gretil\2026-07-12\payload\textgrid_48v61_0.xml,True,23607,17549e336da532acf471560b36abdb5258ce11c8ebcb264986e53c560d00379a,c3171dabf72af2da636521e0a104c844,True,True,TEI,xct_tshangs-dbyangs-rgya-mtsho-i-mgul-glu,https://creativecommons.org/licenses/by-nc-sa/4.0/,
TG-GRE-C-0003,TG-GRE-0003,textgrid:48v65.0,handle:hdl:21.11113/0000-0016-84D7-0,TEI_XML,108198,md5,53d352e4e986bd2d683ebfc5985fe8f2,acquisitions\staging\textgrid-gretil\2026-07-12\payload\textgrid_48v65_0.xml,True,108198,46dcbefec31b20683e07eaf5fb21b1e8c9cfec584ebe50fc2cc09ab8cab3a511,53d352e4e986bd2d683ebfc5985fe8f2,True,True,TEI,suyagadu,https://creativecommons.org/licenses/by-nc-sa/4.0/,
TG-GRE-C-0004,TG-GRE-0004,textgrid:48v68.0,handle:hdl:21.11113/0000-0016-84DA-D,TEI_XML,119152,md5,b79cb7c6c92502d0ab9236e1fec26655,acquisitions\staging\textgrid-gretil\2026-07-12\payload\textgrid_48v68_0.xml,True,119152,d2a80fd7564631bcf8f636a3f2af6eb761f80c718d27020abd82431ee6132dbb,b79cb7c6c92502d0ab9236e1fec26655,True,True,TEI,ayarangu,https://creativecommons.org/licenses/by-nc-sa/4.0/,
TG-GRE-C-0005,TG-GRE-0005,textgrid:48v6c.0,handle:hdl:21.11113/0000-0016-84DD-A,TEI_XML,89448,md5,46f4dbcdc06f7a64e915f2855c96b508,acquisitions\staging\textgrid-gretil\2026-07-12\payload\textgrid_48v6c_0.xml,True,89448,218babc960c81f489675a90712621478915ec2dc886d0112af9263e8af38662e,46f4dbcdc06f7a64e915f2855c96b508,True,True,TEI,hadhut_u,https://creativecommons.org/licenses/by-nc-sa/4.0/,
TG-GRE-C-0006,TG-GRE-0006,textgrid:48v6g.0,handle:hdl:21.11113/0000-0016-84E0-5,TEI_XML,104090,md5,6a783476be261b94af761f3d0b778a03,acquisitions\staging\textgrid-gretil\2026-07-12\payload\textgrid_48v6g_0.xml,True,104090,8ecd52341ba7ff0027005e240c4225ecb736eca04a12b7693f3db099e55c2253,6a783476be261b94af761f3d0b778a03,True,True,TEI,dasaveyu,https://creativecommons.org/licenses/by-nc-sa/4.0/,
TG-GRE-C-0007,TG-GRE-0007,textgrid:48v6k.0,handle:hdl:21.11113/0000-0016-84E3-2,TEI_XML,125328,md5,44fa6672dd103cc3c9c5a644751d7d4d,acquisitions\staging\textgrid-gretil\2026-07-12\payload\textgrid_48v6k_0.xml,True,125328,782b206f4bf188d7b139254962046bb0f33ec2caabe735f9c593e7c4588f009f,44fa6672dd103cc3c9c5a644751d7d4d,True,True,TEI,isibhasu,https://creativecommons.org/licenses/by-nc-sa/4.0/,
TG-GRE-C-0008,TG-GRE-0008,textgrid:48v6p.0,handle:hdl:21.11113/0000-0016-84E6-F,TEI_XML,170922,md5,36b01f87643d0856a44cb28ecbdc6d8d,acquisitions\staging\textgrid-gretil\2026-07-12\payload\textgrid_48v6p_0.xml,True,170922,4e8739a911e270ea5971bfad096243779e25438674398c7572ead8b9465f1eeb,36b01f87643d0856a44cb28ecbdc6d8d,True,True,TEI,halsatsu,https://creativecommons.org/licenses/by-nc-sa/4.0/,
TG-GRE-C-0009,TG-GRE-0009,textgrid:48v6s.0,handle:hdl:21.11113/0000-0016-84E9-C,TEI_XML,281238,md5,51cfc4f00c00eb2e26b3f62d48b06e00,acquisitions\staging\textgrid-gretil\2026-07-12\payload\textgrid_48v6s_0.xml,True,281238,26250a94e570f90933c398020cdf4a8a0a9790d7b4716c395380cb3fdfe02414,51cfc4f00c00eb2e26b3f62d48b06e00,True,True,TEI,uttaraju,https://creativecommons.org/licenses/by-nc-sa/4.0/,
TG-GRE-C-0010,TG-GRE-0010,textgrid:48v6w.0,handle:hdl:21.11113/0000-0016-84EC-9,TEI_XML,1746929,md5,17061189808e43cbf2173fa1ca9a01b3,acquisitions\staging\textgrid-gretil\2026-07-12\payload\textgrid_48v6w_0.xml,True,1746929,ea1e724655a24c897e704a31955fc7fa74770d2d1cb6417d656c4e186803d0d0,17061189808e43cbf2173fa1ca9a01b3,True,True,TEI,spaucaru,https://creativecommons.org/licenses/by-nc-sa/4.0/,
TG-GRE-C-0011,TG-GRE-0011,textgrid:48vc3.0,handle:hdl:21.11113/0000-0016-84F5-E,TEI_XML,11781,md5,a4f0be3800d0d666c8c6023e7c5a4443,acquisitions\staging\textgrid-gretil\2026-07-12\payload\textgrid_48vc3_0.xml,True,11781,0b1715d394e5f434c694adac91a3655e5754b112636cb6881db8644dcf2ccc86,a4f0be3800d0d666c8c6023e7c5a4443,True,True,TEI,oj_kalpbudu,https://creativecommons.org/licenses/by-nc-sa/4.0/,
TG-GRE-C-0012,TG-GRE-0012,textgrid:48vc6.0,handle:hdl:21.11113/0000-0016-84F8-B,TEI_XML,93120,md5,2c17311c1eb23e1b39d47d1f96ac3d01,acquisitions\staging\textgrid-gretil\2026-07-12\payload\textgrid_48vc6_0.xml,True,93120,cc1cf882db49951ada1f42fd3e8cbfe7203d3106135eb0417ac825d281e9929b,2c17311c1eb23e1b39d47d1f96ac3d01,True,True,TEI,oj_sanghy_u,https://creativecommons.org/licenses/by-nc-sa/4.0/,
TG-GRE-C-0013,TG-GRE-0013,textgrid:48vc9.0,handle:hdl:21.11113/0000-0016-84FB-8,TEI_XML,63250,md5,050493a663b27ef3da94674c163211ee,acquisitions\staging\textgrid-gretil\2026-07-12\payload\textgrid_48vc9_0.xml,True,63250,4a005147acddb477bff2a1b9c69f546426477f9f631778c75186ef5f4a607285,050493a663b27ef3da94674c163211ee,True,True,TEI,oj_ganapatu,https://creativecommons.org/licenses/by-nc-sa/4.0/,
TG-GRE-C-0014,TG-GRE-0014,textgrid:48vcd.0,handle:hdl:21.11113/0000-0016-84FE-5,TEI_XML,48912,md5,a520b96efe9cf9b7450d98b63f4ab5c6,acquisitions\staging\textgrid-gretil\2026-07-12\payload\textgrid_48vcd_0.xml,True,48912,6d232a2affaec46c06bca6feb8edc2648e4690fcca4179b0b508796c0e72da0a,a520b96efe9cf9b7450d98b63f4ab5c6,True,True,TEI,oj_mahjna_u,https://creativecommons.org/licenses/by-nc-sa/4.0/,
TG-GRE-C-0015,TG-GRE-0015,textgrid:48vch.0,handle:hdl:21.11113/0000-0016-8501-0,TEI_XML,99850,md5,10e7d512c898c9148d1a648e1bcdc966,acquisitions\staging\textgrid-gretil\2026-07-12\payload\textgrid_48vch_0.xml,True,99850,a6a38dcfb88f792d58e970daafc7dca331b4f4d6c954671e516bdd12d01ee56b,10e7d512c898c9148d1a648e1bcdc966,True,True,TEI,oj_slokant_u,https://creativecommons.org/licenses/by-nc-sa/4.0/,
TG-GRE-C-0016,TG-GRE-0016,textgrid:48vcm.0,handle:hdl:21.11113/0000-0016-8504-D,TEI_XML,104783,md5,cb1d3302dd8be2373909c197419e91d9,acquisitions\staging\textgrid-gretil\2026-07-12\payload\textgrid_48vcm_0.xml,True,104783,ce0aebe51dd0263a983799bb2908ca7437d6d9a33cb0091d038053db29712c18,cb1d3302dd8be2373909c197419e91d9,True,True,TEI,oj_vratisasana_u,https://creativecommons.org/licenses/by-nc-sa/4.0/,
TG-GRE-C-0017,TG-GRE-0017,textgrid:48vcq.0,handle:hdl:21.11113/0000-0016-8507-A,TEI_XML,95595,md5,24b0633f2396141284801ec73f9c4205,acquisitions\staging\textgrid-gretil\2026-07-12\payload\textgrid_48vcq_0.xml,True,95595,d9e7f1dab7db0f70543e2042945a97a9d52771be484c59e40febd77ccfcf92c1,24b0633f2396141284801ec73f9c4205,True,True,TEI,oj_tatjna_u,https://creativecommons.org/licenses/by-nc-sa/4.0/,
TG-GRE-C-0018,TG-GRE-0018,textgrid:48vct.0,handle:hdl:21.11113/0000-0016-850A-7,TEI_XML,89729,md5,8f8428a5efb1ef2815070186b01061fb,acquisitions\staging\textgrid-gretil\2026-07-12\payload\textgrid_48vct_0.xml,True,89729,c006ce40782460dc1225ee89f53422485f3253676b8bcf588f79b4c0c20b2c8c,8f8428a5efb1ef2815070186b01061fb,True,True,TEI,oj_vrhasp_u,https://creativecommons.org/licenses/by-nc-sa/4.0/,
TG-GRE-C-0019,TG-GRE-0019,textgrid:48vcx.0,handle:hdl:21.11113/0000-0016-850D-4,TEI_XML,125442,md5,1509a87c81ee957af629541bee70ef65,acquisitions\staging\textgrid-gretil\2026-07-12\payload\textgrid_48vcx_0.xml,True,125442,87ad4e3a456d5f442e35a02b055ae14bcc88e8dc043a222e0f8b1fa7ea99b808,1509a87c81ee957af629541bee70ef65,True,True,TEI,oj_kunjarakarna_u,https://creativecommons.org/licenses/by-nc-sa/4.0/,
TG-GRE-C-0020,TG-GRE-0020,textgrid:49jx2.0,handle:hdl:21.11113/0000-0016-C7D4-8,TEI_XML,76308,md5,a5c32639de64198d94ef8b3d2e8fa74f,acquisitions\staging\textgrid-gretil\2026-07-12\payload\textgrid_49jx2_0.xml,True,76308,c3086e75b9b7f733cd3c58cb07b5a97a845a8aa07d540f17d7b2d34902965c9c,a5c32639de64198d94ef8b3d2e8fa74f,True,True,TEI,nia_tulrcm3u,https://creativecommons.org/licenses/by-nc-sa/4.0/,
TG-GRE-C-0021,TG-GRE-0021,textgrid:49jx5.0,handle:hdl:21.11113/0000-0016-C7D7-5,TEI_XML,339812,md5,748e46f00d83a553f37e900cfd2adf86,acquisitions\staging\textgrid-gretil\2026-07-12\payload\textgrid_49jx5_0.xml,True,339812,deb1ec4362ccc44325a013574fa2afa46fb653f5be134ea1e22e05c7b624f341,748e46f00d83a553f37e900cfd2adf86,True,True,TEI,nia_tulrcm1u,https://creativecommons.org/licenses/by-nc-sa/4.0/,
TG-GRE-C-0022,TG-GRE-0022,textgrid:49jx8.0,handle:hdl:21.11113/0000-0016-C7DA-2,TEI_XML,283215,md5,4eb17ca058547c61ce4a0409522c6c6c,acquisitions\staging\textgrid-gretil\2026-07-12\payload\textgrid_49jx8_0.xml,True,283215,37a997ed0fd7d70a82173e2de914461dc1d279b9040ee03c23a84fb29010bc25,4eb17ca058547c61ce4a0409522c6c6c,True,True,TEI,nia_tulrcm2u,https://creativecommons.org/licenses/by-nc-sa/4.0/,
TG-GRE-C-0023,TG-GRE-0023,textgrid:49jxc.0,handle:hdl:21.11113/0000-0016-C7DD-F,TEI_XML,42037,md5,5168d5ad318e1712ebf11614e4616393,acquisitions\staging\textgrid-gretil\2026-07-12\payload\textgrid_49jxc_0.xml,True,42037,dc9e41207f08ba73f28d2b1fb4e57c38c63563301e34834443dcf46a9b493621,5168d5ad318e1712ebf11614e4616393,True,True,TEI,nia_tulrcm4u,https://creativecommons.org/licenses/by-nc-sa/4.0/,
TG-GRE-C-0024,TG-GRE-0024,textgrid:49jxg.0,handle:hdl:21.11113/0000-0016-C7E0-A,TEI_XML,66600,md5,90e24806d7cc26cd4bcf04ba6a1bf338,acquisitions\staging\textgrid-gretil\2026-07-12\payload\textgrid_49jxg_0.xml,True,66600,205ac080765fdc783b088e9c0be83102a60a50a6ee2f4b5cd2159f614c920f5b,90e24806d7cc26cd4bcf04ba6a1bf338,True,True,TEI,nia_tulrcm5u,https://creativecommons.org/licenses/by-nc-sa/4.0/,
TG-GRE-C-0025,TG-GRE-0025,textgrid:49jxk.0,handle:hdl:21.11113/0000-0016-C7E3-7,TEI_XML,148192,md5,fa0efe8fdfcba3901c1e8ac5ef70072c,acquisitions\staging\textgrid-gretil\2026-07-12\payload\textgrid_49jxk_0.xml,True,148192,2519b2e495850348aced53fd6377e553480354863604326180b3d5003f6d9f96,fa0efe8fdfcba3901c1e8ac5ef70072c,True,True,TEI,nia_tulrcm6u,https://creativecommons.org/licenses/by-nc-sa/4.0/,
TG-GRE-C-0026,TG-GRE-0026,textgrid:49jxp.0,handle:hdl:21.11113/0000-0016-C7E6-4,TEI_XML,157918,md5,cd1be2606f19925d951ec00ce045abfe,acquisitions\staging\textgrid-gretil\2026-07-12\payload\textgrid_49jxp_0.xml,True,157918,3da5c899c8343f8ffeb8c051d175d3e0e60509aa9d678f2b3420d44883bb8d6b,cd1be2606f19925d951ec00ce045abfe,True,True,TEI,nia_tulrcm7u,https://creativecommons.org/licenses/by-nc-sa/4.0/,
TG-GRE-C-0027,TG-GRE-0027,textgrid:49jxs.0,handle:hdl:21.11113/0000-0016-C7E9-1,TEI_XML,24094,md5,d7f858feca1039b21d9a2672c02ef752,acquisitions\staging\textgrid-gretil\2026-07-12\payload\textgrid_49jxs_0.xml,True,24094,5af2be1ffe5b321e39c7b3d6de8fe05970300de933cf36dbf1e7253c7c16ac7d,d7f858feca1039b21d9a2672c02ef752,True,True,TEI,nia_bacmadhu,https://creativecommons.org/licenses/by-nc-sa/4.0/,
TG-GRE-C-0028,TG-GRE-0028,textgrid:49jxw.0,handle:hdl:21.11113/0000-0016-C7EC-E,TEI_XML,122559,md5,e286ba61b31a169dbdf79b31064f05a2,acquisitions\staging\textgrid-gretil\2026-07-12\payload\textgrid_49jxw_0.xml,True,122559,a9661f2248a98ec457eb957cffbb524061ba9904916ce0c7e489e59ece99cff3,e286ba61b31a169dbdf79b31064f05a2,True,True,TEI,nia_bardhkcu,https://creativecommons.org/licenses/by-nc-sa/4.0/,
TG-GRE-C-0029,TG-GRE-0029,textgrid:49jz0.0,handle:hdl:21.11113/0000-0016-C7EF-B,TEI_XML,15737,md5,003ccfc23692bb13c17b615647bc9e61,acquisitions\staging\textgrid-gretil\2026-07-12\payload\textgrid_49jz0_0.xml,True,15737,7572fcee3ee4699a4a21fe49bc1c2b8922ce7eaee7ce9dda0599f6670a573a89,003ccfc23692bb13c17b615647bc9e61,True,True,TEI,nia_hdas,https://creativecommons.org/licenses/by-nc-sa/4.0/,
TG-GRE-C-0030,TG-GRE-0030,textgrid:49jz3.0,handle:hdl:21.11113/0000-0016-C7F2-6,TEI_XML,122472,md5,8033cc4bdbc161a26ee2764882e5f71b,acquisitions\staging\textgrid-gretil\2026-07-12\payload\textgrid_49jz3_0.xml,True,122472,2cef131c334fb010731303fc8579d2d4dc0203f94332c052f49d4af1a9d6a12c,8033cc4bdbc161a26ee2764882e5f71b,True,True,TEI,nia_bardhkpu,https://creativecommons.org/licenses/by-nc-sa/4.0/,
TG-GRE-C-0031,TG-GRE-0031,textgrid:49jz6.0,handle:hdl:21.11113/0000-0016-C7F5-3,TEI_XML,308625,md5,64220fa3c8956f417a335d5261f4caf3,acquisitions\staging\textgrid-gretil\2026-07-12\payload\textgrid_49jz6_0.xml,True,308625,33d9f325bc5f8454d79f987681261f5b03c0d25cfdb60e122442039c5d6d7d1d,64220fa3c8956f417a335d5261f4caf3,True,True,TEI,nia_kutmir,https://creativecommons.org/licenses/by-nc-sa/4.0/,
TG-GRE-C-0032,TG-GRE-0032,textgrid:49jz9.0,handle:hdl:21.11113/0000-0016-C7F8-0,TEI_XML,1332925,md5,c26aabf1c901464368f76be975b7bca4,acquisitions\staging\textgrid-gretil\2026-07-12\payload\textgrid_49jz9_0.xml,True,1332925,f3250c458bcb046a82c1d08e09bd13e6f7b66939e6c988d0a73b8059a864bb8f,c26aabf1c901464368f76be975b7bca4,True,True,TEI,nia_jna1-16u,https://creativecommons.org/licenses/by-nc-sa/4.0/,
TG-GRE-C-0033,TG-GRE-0033,textgrid:49jzd.0,handle:hdl:21.11113/0000-0016-C7FB-D,TEI_XML,101564,md5,3b0e9e2c03453ffeccc030ebe239a3e1,acquisitions\staging\textgrid-gretil\2026-07-12\payload\textgrid_49jzd_0.xml,True,101564,02d57cb7300ddb02c048f50a94fca1f9b6561f885463b8bce7f899127c12bd3e,3b0e9e2c03453ffeccc030ebe239a3e1,True,True,TEI,nia_tuldoh,https://creativecommons.org/licenses/by-nc-sa/4.0/,
TG-GRE-C-0034,TG-GRE-0034,textgrid:49jzh.0,handle:hdl:21.11113/0000-0016-C7FE-A,TEI_XML,154392,md5,1c008b92f058c297077bdadc16e4e3fe,acquisitions\staging\textgrid-gretil\2026-07-12\payload\textgrid_49jzh_0.xml,True,154392,2176e2b01582cd07c3f5ca6e394e1abd8fc7150654eccf7a6553d35b681b32a4,1c008b92f058c297077bdadc16e4e3fe,True,True,TEI,nia_tulkav,https://creativecommons.org/licenses/by-nc-sa/4.0/,
TG-GRE-C-0035,TG-GRE-0035,textgrid:49k3v.0,handle:hdl:21.11113/0000-0016-C829-9,TEI_XML,389695,md5,8cf7263d050c13af4aeaf66f91499bde,acquisitions\staging\textgrid-gretil\2026-07-12\payload\textgrid_49k3v_0.xml,True,389695,a188de7c92b026b9413bfac2141fe76db46570ff2bf3f75f69ef8799ee15058c,8cf7263d050c13af4aeaf66f91499bde,True,True,TEI,sa_liGgapurANa2.1-55,https://creativecommons.org/licenses/by-nc-sa/4.0/,
TG-GRE-C-0036,TG-GRE-0036,textgrid:49k3z.0,handle:hdl:21.11113/0000-0016-C82C-6,TEI_XML,2119849,md5,ac44dd94c46b3249c9ea6973b79809f4,acquisitions\staging\textgrid-gretil\2026-07-12\payload\textgrid_49k3z_0.xml,True,2119849,3074823f58dddb91a24d733d93d82fb211df1c014bd27aa813ba2baa129153b6,ac44dd94c46b3249c9ea6973b79809f4,True,True,TEI,sa_garuDapurANa,https://creativecommons.org/licenses/by-nc-sa/4.0/,
TG-GRE-C-0037,TG-GRE-0037,textgrid:49k42.0,handle:hdl:21.11113/0000-0016-C82F-3,TEI_XML,2544082,md5,314a8dc7c6549c458c706a6cd13baaac,acquisitions\staging\textgrid-gretil\2026-07-12\payload\textgrid_49k42_0.xml,True,2544082,e58c067b68c7397843a154a46770500be762485dc781fff13289326ca4dbb689,314a8dc7c6549c458c706a6cd13baaac,True,True,TEI,sa_matsyapurANa1-176,https://creativecommons.org/licenses/by-nc-sa/4.0/,
TG-GRE-C-0038,TG-GRE-0038,textgrid:49k45.0,handle:hdl:21.11113/0000-0016-C832-E,TEI_XML,979572,md5,bcbc4d7e19ab318cad99291bd88a5a3a,acquisitions\staging\textgrid-gretil\2026-07-12\payload\textgrid_49k45_0.xml,True,979572,6a0bd51508a98fa7dab48ae23023db6cec0828ca70259ce80e5dc750fdd0d301,bcbc4d7e19ab318cad99291bd88a5a3a,True,True,TEI,sa_kUrmapurANa,https://creativecommons.org/licenses/by-nc-sa/4.0/,
TG-GRE-C-0039,TG-GRE-0039,textgrid:49k48.0,handle:hdl:21.11113/0000-0016-C835-B,TEI_XML,2532802,md5,ac2ea8a91eaf8ada323231a6f0c1c4fe,acquisitions\staging\textgrid-gretil\2026-07-12\payload\textgrid_49k48_0.xml,True,2532802,be77c396792140d84c94f638d070c2950a5c0cc2abe525d2d76729b77803da0e,ac2ea8a91eaf8ada323231a6f0c1c4fe,True,True,TEI,sa_nAradapurANa,https://creativecommons.org/licenses/by-nc-sa/4.0/,
TG-GRE-C-0040,TG-GRE-0040,textgrid:49k4c.0,handle:hdl:21.11113/0000-0016-C838-8,TEI_XML,751181,md5,364fe8ab9f2f59130b2dc1130d228a25,acquisitions\staging\textgrid-gretil\2026-07-12\payload\textgrid_49k4c_0.xml,True,751181,69537d8da626b7ab404ec97f27938ce1a8a6599a04f724dad8eefde49dfc4a3b,364fe8ab9f2f59130b2dc1130d228a25,True,True,TEI,sa_mArkaNDeyapurANa1-93,https://creativecommons.org/licenses/by-nc-sa/4.0/,
TG-GRE-C-0041,TG-GRE-0041,textgrid:49k4g.0,handle:hdl:21.11113/0000-0016-C83B-5,TEI_XML,1020414,md5,51da4f31544a87f5875e93fbcc4d9161,acquisitions\staging\textgrid-gretil\2026-07-12\payload\textgrid_49k4g_0.xml,True,1020414,a64d597e73a30b114a90877e5540adaa399f8ad7f71a453f1b40788dddf5ba24,51da4f31544a87f5875e93fbcc4d9161,True,True,TEI,sa_narasiMhapurANa,https://creativecommons.org/licenses/by-nc-sa/4.0/,
TG-GRE-C-0042,TG-GRE-0042,textgrid:49k4k.0,handle:hdl:21.11113/0000-0016-C83E-2,TEI_XML,1972874,md5,6c8b54e06f30b5cd2a5b2b57f63494c0,acquisitions\staging\textgrid-gretil\2026-07-12\payload\textgrid_49k4k_0.xml,True,1972874,9986cf035fd43528006fb14a42b223fd5505095147cf427c877ec63550a8d8a0,6c8b54e06f30b5cd2a5b2b57f63494c0,True,True,TEI,sa_liGgapurANa1-108,https://creativecommons.org/licenses/by-nc-sa/4.0/,
TG-GRE-C-0043,TG-GRE-0043,textgrid:49k4p.0,handle:hdl:21.11113/0000-0016-C841-D,TEI_XML,1304448,md5,28b3cf27f8f4369947bf19492820e603,acquisitions\staging\textgrid-gretil\2026-07-12\payload\textgrid_49k4p_0.xml,True,1304448,e625331bbcff9581d04025ca500aa0417447d9adbb123fa97ab2b34270d42ba0,28b3cf27f8f4369947bf19492820e603,True,True,TEI,sa_revAkhANDa-of-the-vAyupurANa-rkv,https://creativecommons.org/licenses/by-nc-sa/4.0/,
TG-GRE-C-0044,TG-GRE-0044,textgrid:49k4s.0,handle:hdl:21.11113/0000-0016-C844-A,TEI_XML,510214,md5,215d01fa6ff0cfddaa7453f85bed819c,acquisitions\staging\textgrid-gretil\2026-07-12\payload\textgrid_49k4s_0.xml,True,510214,ae69e870397af2414027213047b6803487ad85edeae68c5c8ea4190df973af58,215d01fa6ff0cfddaa7453f85bed819c,True,True,TEI,sa_skandapurANa1-31.14,https://creativecommons.org/licenses/by-nc-sa/4.0/,
TG-GRE-C-0045,TG-GRE-0045,textgrid:49k4w.0,handle:hdl:21.11113/0000-0016-C847-7,TEI_XML,1077173,md5,daf145ca7ed4748ac2e9b3a83190b034,acquisitions\staging\textgrid-gretil\2026-07-12\payload\textgrid_49k4w_0.xml,True,1077173,0d70e3ef6ea81cd84c287c62e2cc2b833c0beb20cabcbfcfac74e890982bf5a6,daf145ca7ed4748ac2e9b3a83190b034,True,True,TEI,sa_skandapurANa-revAkhaNDa-rks,https://creativecommons.org/licenses/by-nc-sa/4.0/,
TG-GRE-C-0046,TG-GRE-0046,textgrid:49k50.0,handle:hdl:21.11113/0000-0016-C84A-4,TEI_XML,207151,md5,46652f364abf4cca86a8354f2037a992,acquisitions\staging\textgrid-gretil\2026-07-12\payload\textgrid_49k50_0.xml,True,207151,9ffc2f185c54b82e62f3d5bd2b49fca136bbd4028a5833a981dfae5f49db86c3,46652f364abf4cca86a8354f2037a992,True,True,TEI,sa_vAmanapurANasaromAhAtmya,https://creativecommons.org/licenses/by-nc-sa/4.0/,
TG-GRE-C-0047,TG-GRE-0047,textgrid:49k53.0,handle:hdl:21.11113/0000-0016-C84D-1,TEI_XML,771149,md5,aa297e36ef2f962142e99419cec87c37,acquisitions\staging\textgrid-gretil\2026-07-12\payload\textgrid_49k53_0.xml,True,771149,0f3ee8c09701e41a85d6af2e85cee6f84938b777a13cb40c7df4b0210bf25d21,aa297e36ef2f962142e99419cec87c37,True,True,TEI,sa_vAmanapurANa1-69,https://creativecommons.org/licenses/by-nc-sa/4.0/,
TG-GRE-C-0048,TG-GRE-0048,textgrid:49k56.0,handle:hdl:21.11113/0000-0016-C850-C,TEI_XML,19369,md5,bd1507bd5e730dfd043d1b9d9a96fff5,acquisitions\staging\textgrid-gretil\2026-07-12\payload\textgrid_49k56_0.xml,True,19369,450af49b3fe08a9efc3a24ea0077cbc59348b429f3b9011afdc1afd5c285ce66,bd1507bd5e730dfd043d1b9d9a96fff5,True,True,TEI,sa_viSNudharmottarapurANa-2.127,https://creativecommons.org/licenses/by-nc-sa/4.0/,
TG-GRE-C-0049,TG-GRE-0049,textgrid:49k59.0,handle:hdl:21.11113/0000-0016-C853-9,TEI_XML,232049,md5,63c7ae5619d8cf6fcc5dba7c504d4762,acquisitions\staging\textgrid-gretil\2026-07-12\payload\textgrid_49k59_0.xml,True,232049,e7363c964159af61d159135500d02f4f2ae820e8b02c94bbe4dd55b07c45435b,63c7ae5619d8cf6fcc5dba7c504d4762,True,True,TEI,sa_viSNudharmottarapurANa3-343-353,https://creativecommons.org/licenses/by-nc-sa/4.0/,
TG-GRE-C-0050,TG-GRE-0050,textgrid:49k5d.0,handle:hdl:21.11113/0000-0016-C856-6,TEI_XML,981638,md5,dcfee2b952c938ac51ebe6088aadab12,acquisitions\staging\textgrid-gretil\2026-07-12\payload\textgrid_49k5d_0.xml,True,981638,64977f592153466204c5d5bec4ce8a3324edcdd53b49885f0a45a0e9c3428b05,dcfee2b952c938ac51ebe6088aadab12,True,True,TEI,sa_viSNupurANa,https://creativecommons.org/licenses/by-nc-sa/4.0/,
TG-GRE-C-0051,TG-GRE-0051,textgrid:49k5h.0,handle:hdl:21.11113/0000-0016-C859-3,TEI_XML,1753966,md5,1dd4f0de43e1276905c6d183ed33ce45,acquisitions\staging\textgrid-gretil\2026-07-12\payload\textgrid_49k5h_0.xml,True,1753966,f999b808167cedd99f0f8669a22a5fab0ea827ba20666f727abd8b8b6e13ec3f,1dd4f0de43e1276905c6d183ed33ce45,True,True,TEI,sa_viSNupurANa-crit,https://creativecommons.org/licenses/by-nc-sa/4.0/,
TG-GRE-C-0052,TG-GRE-0052,textgrid:49k5m.0,handle:hdl:21.11113/0000-0016-C85C-0,TEI_XML,2169150,md5,d65f55fd67bf942aac99aa3478d9f055,acquisitions\staging\textgrid-gretil\2026-07-12\payload\textgrid_49k5m_0.xml,True,2169150,d786f9b65b7b0aefb0c7dfab53fd5fb8baf43735338b1538c61e06ed83b7bb5f,d65f55fd67bf942aac99aa3478d9f055,True,True,TEI,sa_agnipurANa,https://creativecommons.org/licenses/by-nc-sa/4.0/,
TG-GRE-C-0053,TG-GRE-0053,textgrid:49k5q.0,handle:hdl:21.11113/0000-0016-C85F-D,TEI_XML,95712,md5,9e6eae403f77bc05b7e4e6797feebcaa,acquisitions\staging\textgrid-gretil\2026-07-12\payload\textgrid_49k5q_0.xml,True,95712,58b072755c02f7802dd10a18d1fa8dd43b785d5492fd925af0f30c108a244a81,9e6eae403f77bc05b7e4e6797feebcaa,True,True,TEI,sa_bhAgavatapurANa-10.29-33,https://creativecommons.org/licenses/by-nc-sa/4.0/,
TG-GRE-C-0054,TG-GRE-0054,textgrid:49k5t.0,handle:hdl:21.11113/0000-0016-C862-8,TEI_XML,2601516,md5,737dd9c5c31ba5fd9797f0f6b426116e,acquisitions\staging\textgrid-gretil\2026-07-12\payload\textgrid_49k5t_0.xml,True,2601516,b797696bbefb7cf3c62f2afc38ca2d92c25ef14c0f1f48014b26b884424d0d7c,737dd9c5c31ba5fd9797f0f6b426116e,True,True,TEI,sa_bhAgavatapurANa,https://creativecommons.org/licenses/by-nc-sa/4.0/,
TG-GRE-C-0055,TG-GRE-0055,textgrid:49k5x.0,handle:hdl:21.11113/0000-0016-C865-5,TEI_XML,983974,md5,332228911d71ffec1cb5acd8f7ab07ff,acquisitions\staging\textgrid-gretil\2026-07-12\payload\textgrid_49k5x_0.xml,True,983974,ef6b902935a8e72b915d116ccb6d13635c117df28e282c0ce9754ef86dacb5e7,332228911d71ffec1cb5acd8f7ab07ff,True,True,TEI,sa_zivapurANabooks-1-and-7,https://creativecommons.org/licenses/by-nc-sa/4.0/,
TG-GRE-C-0056,TG-GRE-0056,textgrid:49k61.0,handle:hdl:21.11113/0000-0016-C868-2,TEI_XML,2241625,md5,8900227a683063049362054eb7111ec8,acquisitions\staging\textgrid-gretil\2026-07-12\payload\textgrid_49k61_0.xml,True,2241625,7b427b54546a3ce42a39ba2ace91667f97569d094bdeb20bb58079502d5ac901,8900227a683063049362054eb7111ec8,True,True,TEI,sa_brahmANDapurANa,https://creativecommons.org/licenses/by-nc-sa/4.0/,
TG-GRE-C-0057,TG-GRE-0057,textgrid:49k64.0,handle:hdl:21.11113/0000-0016-C86B-F,TEI_XML,97785,md5,eaf3a2e2d3d71265ad5d5d096dab70a9,acquisitions\staging\textgrid-gretil\2026-07-12\payload\textgrid_49k64_0.xml,True,97785,23abdd780d2dcc2a1ef3499687b102b854c80b16912064928fcd08b9d6c1f1cc,eaf3a2e2d3d71265ad5d5d096dab70a9,True,True,TEI,sa_devIgItA,https://creativecommons.org/licenses/by-nc-sa/4.0/,
TG-GRE-C-0058,TG-GRE-0058,textgrid:49k67.0,handle:hdl:21.11113/0000-0016-C86E-C,TEI_XML,4073551,md5,4ed4b699cfc29a924a4f203b8520480d,acquisitions\staging\textgrid-gretil\2026-07-12\payload\textgrid_49k67_0.xml,True,4073551,917eebe49bba1e1f5b99a83ddaea298b287855e84bfeb3ac32fe36a7ec22de84,4ed4b699cfc29a924a4f203b8520480d,True,True,TEI,sa_brahmapurANa-1-246,https://creativecommons.org/licenses/by-nc-sa/4.0/,
TG-GRE-C-0059,TG-GRE-0059,textgrid:49k7x.0,handle:hdl:21.11113/0000-0016-C875-3,TEI_XML,702684,md5,71d5e7e15948fc9a72e43bdda862529d,acquisitions\staging\textgrid-gretil\2026-07-12\payload\textgrid_49k7x_0.xml,True,702684,a147365130ab510e59021bd4d488a93642aa6d1bdafcbcb67a4f2009e64a4daa,71d5e7e15948fc9a72e43bdda862529d,True,True,TEI,sa_ApastambagRhyasUtra-comm,https://creativecommons.org/licenses/by-nc-sa/4.0/,
TG-GRE-C-0060,TG-GRE-0060,textgrid:49k81.0,handle:hdl:21.11113/0000-0016-C878-0,TEI_XML,490879,md5,31a176f58e17727d0a1a7d64d2b035dd,acquisitions\staging\textgrid-gretil\2026-07-12\payload\textgrid_49k81_0.xml,True,490879,269903d521c8da72f6faf0c4beec63bbeeb68000b1f03fee8560a066a1c11ad8,31a176f58e17727d0a1a7d64d2b035dd,True,True,TEI,sa_ApastambazulbasUtra,https://creativecommons.org/licenses/by-nc-sa/4.0/,
TG-GRE-C-0061,TG-GRE-0061,textgrid:49k84.0,handle:hdl:21.11113/0000-0016-C87B-D,TEI_XML,111430,md5,ea294ab7cbfd1c86c06cd51cc1bc1a0d,acquisitions\staging\textgrid-gretil\2026-07-12\payload\textgrid_49k84_0.xml,True,111430,9bfa6d8aa616244cc6673cf4a03834235388d52a4888c64db8a170293bf302e0,ea294ab7cbfd1c86c06cd51cc1bc1a0d,True,True,TEI,sa_atharvaprAyazcittAni,https://creativecommons.org/licenses/by-nc-sa/4.0/,
TG-GRE-C-0062,TG-GRE-0062,textgrid:49k87.0,handle:hdl:21.11113/0000-0016-C87E-A,TEI_XML,527429,md5,ec44e1b68124aec8707bfbe0f5d10a4d,acquisitions\staging\textgrid-gretil\2026-07-12\payload\textgrid_49k87_0.xml,True,527429,dd9f8e1002b8783ff8d92de21a5ce8781e1fb4e37cd37dd19c2fd4fd5d15c5d3,ec44e1b68124aec8707bfbe0f5d10a4d,True,True,TEI,sa_atharvavedapariziSTas,https://creativecommons.org/licenses/by-nc-sa/4.0/,
TG-GRE-C-0063,TG-GRE-0063,textgrid:49k8b.0,handle:hdl:21.11113/0000-0016-C881-4,TEI_XML,92425,md5,b2164f25ef9e69362f5162c843134cef,acquisitions\staging\textgrid-gretil\2026-07-12\payload\textgrid_49k8b_0.xml,True,92425,ae9c9497e5a3c260b0702a3f0467564e1bc4de5759d4f105f8fcf0d4ae7a265f,b2164f25ef9e69362f5162c843134cef,True,True,TEI,sa_AzvalAyanagRhyasUtra,https://creativecommons.org/licenses/by-nc-sa/4.0/,
TG-GRE-C-0064,TG-GRE-0064,textgrid:49k8f.0,handle:hdl:21.11113/0000-0016-C884-1,TEI_XML,437253,md5,6014e973c44edfe1763716f45eec7d78,acquisitions\staging\textgrid-gretil\2026-07-12\payload\textgrid_49k8f_0.xml,True,437253,de9a890130fc59ebdb1dea22d60910835e02c51ea2295a225e511edef92d027d,6014e973c44edfe1763716f45eec7d78,True,True,TEI,sa_AzvalAyanazrautasUtra,https://creativecommons.org/licenses/by-nc-sa/4.0/,
TG-GRE-C-0065,TG-GRE-0065,textgrid:49k8j.0,handle:hdl:21.11113/0000-0016-C887-E,TEI_XML,13958,md5,82018f7969c01483a71d3514dd6cb717,acquisitions\staging\textgrid-gretil\2026-07-12\payload\textgrid_49k8j_0.xml,True,13958,f59351df8029e2a68bbc4ca5067ffc844641c763420b15ba5341bea5d002bb9b,82018f7969c01483a71d3514dd6cb717,True,True,TEI,sa_dantyoSThavidhi,https://creativecommons.org/licenses/by-nc-sa/4.0/,
TG-GRE-C-0066,TG-GRE-0066,textgrid:49k8n.0,handle:hdl:21.11113/0000-0016-C88A-B,TEI_XML,71634,md5,ff45282f546265f0d69bbb5e5a6477e9,acquisitions\staging\textgrid-gretil\2026-07-12\payload\textgrid_49k8n_0.xml,True,71634,1d807219fe42cfd8cbdb0d6ab07809a9efc68e987e04cb53e9cb849654359c18,ff45282f546265f0d69bbb5e5a6477e9,True,True,TEI,sa_jaiminIyagRhyasUtra,https://creativecommons.org/licenses/by-nc-sa/4.0/,
TG-GRE-C-0067,TG-GRE-0067,textgrid:49k8r.0,handle:hdl:21.11113/0000-0016-C88D-8,TEI_XML,43601,md5,0faddbfa24212453c9bc3c6f2fd1ea1b,acquisitions\staging\textgrid-gretil\2026-07-12\payload\textgrid_49k8r_0.xml,True,43601,0e618fdfa023908b2d16f031ac9f1240fa2e7f6e120af430fb72c005117e1813,0faddbfa24212453c9bc3c6f2fd1ea1b,True,True,TEI,sa_kauthumagRhyasUtra,https://creativecommons.org/licenses/by-nc-sa/4.0/,
TG-GRE-C-0068,TG-GRE-0068,textgrid:49k8v.0,handle:hdl:21.11113/0000-0016-C890-3,TEI_XML,329291,md5,992457c93ff9836615b8906ffd96cae7,acquisitions\staging\textgrid-gretil\2026-07-12\payload\textgrid_49k8v_0.xml,True,329291,faf73c6d604c01d241b1565eaaa9cc2029d31c67c1fb5a756a8db7ad92ded5f4,992457c93ff9836615b8906ffd96cae7,True,True,TEI,sa_kauzikasUtra,https://creativecommons.org/licenses/by-nc-sa/4.0/,
TG-GRE-C-0069,TG-GRE-0069,textgrid:49k8z.0,handle:hdl:21.11113/0000-0016-C893-0,TEI_XML,962507,md5,44b8bab31978fc286df3cd9a721bd9d5,acquisitions\staging\textgrid-gretil\2026-07-12\payload\textgrid_49k8z_0.xml,True,962507,d44c8cdc6ea942c4a7c9a604b8e4979a549e13818103a39a9d52eb1e4ef4f942,44b8bab31978fc286df3cd9a721bd9d5,True,True,TEI,sa_kezava-kauzikapaddhati,https://creativecommons.org/licenses/by-nc-sa/4.0/,
TG-GRE-C-0070,TG-GRE-0070,textgrid:49k92.0,handle:hdl:21.11113/0000-0016-C896-D,TEI_XML,101375,md5,3d1c87fae9b711a6395fd9c9ab5357fe,acquisitions\staging\textgrid-gretil\2026-07-12\payload\textgrid_49k92_0.xml,True,101375,50fdffb462cb73c6a14f75e1f1721850b0b905adf42a8a4c682309a73088c85b,3d1c87fae9b711a6395fd9c9ab5357fe,True,True,TEI,sa_mAnavagRhyasUtra-maitrAyaNIyamAnavagRhyasUtra,https://creativecommons.org/licenses/by-nc-sa/4.0/,
TG-GRE-C-0071,TG-GRE-0071,textgrid:49k95.0,handle:hdl:21.11113/0000-0016-C899-A,TEI_XML,165811,md5,231dbf0280d2ad217c09d3fbdceff03a,acquisitions\staging\textgrid-gretil\2026-07-12\payload\textgrid_49k95_0.xml,True,165811,746b3bd41ffeb896814911f4db769151ddeaf18f154593aeb18eed4c0a8522e2,231dbf0280d2ad217c09d3fbdceff03a,True,True,TEI,sa_RgvidhAna,https://creativecommons.org/licenses/by-nc-sa/4.0/,
TG-GRE-C-0072,TG-GRE-0072,textgrid:49k98.0,handle:hdl:21.11113/0000-0016-C89C-7,TEI_XML,140820,md5,a1834523de981e2a1c379b8780de7eff,acquisitions\staging\textgrid-gretil\2026-07-12\payload\textgrid_49k98_0.xml,True,140820,1d4ffc92ee011fc2c0a2f0f7519340cc1905833ecceb0a46f8dbc09e3520f3e5,a1834523de981e2a1c379b8780de7eff,True,True,TEI,sa_vaitAnazrautasUtra-vaitAnasUtra,https://creativecommons.org/licenses/by-nc-sa/4.0/,
TG-GRE-C-0073,TG-GRE-0073,textgrid:49k9c.0,handle:hdl:21.11113/0000-0016-C89F-4,TEI_XML,62077,md5,7557910bfc061946aec01ffbbe7d82a7,acquisitions\staging\textgrid-gretil\2026-07-12\payload\textgrid_49k9c_0.xml,True,62077,1e8fb2322d96ae49fdb18d30f1300a61e046c65ba2801473596e86de13d6ee32,7557910bfc061946aec01ffbbe7d82a7,True,True,TEI,sa_vArAhagRhyasUtra,https://creativecommons.org/licenses/by-nc-sa/4.0/,
TG-GRE-C-0074,TG-GRE-0074,textgrid:49k9g.0,handle:hdl:21.11113/0000-0016-C8A2-F,TEI_XML,325213,md5,c0cf13980269e899cdba76a55f57f881,acquisitions\staging\textgrid-gretil\2026-07-12\payload\textgrid_49k9g_0.xml,True,325213,47a89fafac2be57deff80705ba4d1fe9169aeb361548e4033de9a5dcc2099a80,c0cf13980269e899cdba76a55f57f881,True,True,TEI,sa_yAska-nirukta,https://creativecommons.org/licenses/by-nc-sa/4.0/,
TG-GRE-C-0075,TG-GRE-0075,textgrid:49k9k.0,handle:hdl:21.11113/0000-0016-C8A5-C,TEI_XML,102384,md5,d2ff579d380ec4c559ed267566425e66,acquisitions\staging\textgrid-gretil\2026-07-12\payload\textgrid_49k9k_0.xml,True,102384,9aab1d1ceb1ea5a9d5e3401a117b1b07fe91693f4a0cb662711aab6886988202,d2ff579d380ec4c559ed267566425e66,True,True,TEI,sa_zAGkhAyanagRhyasUtra,https://creativecommons.org/licenses/by-nc-sa/4.0/,
TG-GRE-C-0076,TG-GRE-0076,textgrid:49k9p.0,handle:hdl:21.11113/0000-0016-C8A8-9,TEI_XML,443038,md5,5a0714514b2dacdaf742d69fbbfbd765,acquisitions\staging\textgrid-gretil\2026-07-12\payload\textgrid_49k9p_0.xml,True,443038,7dc076a9bc9651abc46f3054685db6a9e5aaef16b7c24b3fe28492467d0e807a,5a0714514b2dacdaf742d69fbbfbd765,True,True,TEI,sa_zAGkhAyanazrautasUtra,https://creativecommons.org/licenses/by-nc-sa/4.0/,
TG-GRE-C-0077,TG-GRE-0077,textgrid:49k9t.0,handle:hdl:21.11113/0000-0016-C8AC-5,TEI_XML,47629,md5,7514ff37b2f71159c54546d08d969069,acquisitions\staging\textgrid-gretil\2026-07-12\payload\textgrid_49k9t_0.xml,True,47629,5df104ad47cd167a2121b7b81c3b9f65c04f74802a0d78e88b1e8d4221cc5210,7514ff37b2f71159c54546d08d969069,True,True,TEI,sa_mInanAtha-smaradIpikA,https://creativecommons.org/licenses/by-nc-sa/4.0/,
TG-GRE-C-0078,TG-GRE-0078,textgrid:49k9x.0,handle:hdl:21.11113/0000-0016-C8AF-2,TEI_XML,168767,md5,f5c3b208e2cbbe37157f4b0b1bee07a7,acquisitions\staging\textgrid-gretil\2026-07-12\payload\textgrid_49k9x_0.xml,True,168767,a808f4f4835a284a80462c75c6d2032ed8b69714da441c5eeaf330058a387fe7,f5c3b208e2cbbe37157f4b0b1bee07a7,True,True,TEI,sa_DhuNDhukanAtha-rasendracintAmaNi,https://creativecommons.org/licenses/by-nc-sa/4.0/,
TG-GRE-C-0079,TG-GRE-0079,textgrid:49kb1.0,handle:hdl:21.11113/0000-0016-C8B2-D,TEI_XML,166988,md5,dbd82069b0f2e73a3f60ea70c03097f0,acquisitions\staging\textgrid-gretil\2026-07-12\payload\textgrid_49kb1_0.xml,True,166988,4f9d4849f05f01b90606ef4b0774c146f154fc9b11f6f528d83b8f8ed2a2e3b0,dbd82069b0f2e73a3f60ea70c03097f0,True,True,TEI,sa_nAgeza-paribhASenduzekhara,https://creativecommons.org/licenses/by-nc-sa/4.0/,
TG-GRE-C-0080,TG-GRE-0080,textgrid:49kb4.0,handle:hdl:21.11113/0000-0016-C8B5-A,TEI_XML,444810,md5,c6f6fc0f30abcc222eb5f16f805b6a2f,acquisitions\staging\textgrid-gretil\2026-07-12\payload\textgrid_49kb4_0.xml,True,444810,97d62360016c37cbd134398c1126536b625ad9858bc2e236e10329972052666d,c6f6fc0f30abcc222eb5f16f805b6a2f,True,True,TEI,sa_govindabhagavatpAda-rasahRdayatantra-comm,https://creativecommons.org/licenses/by-nc-sa/4.0/,
TG-GRE-C-0081,TG-GRE-0081,textgrid:49kb7.0,handle:hdl:21.11113/0000-0016-C8B8-7,TEI_XML,215689,md5,082686e40654a0c142c09c8f85bd66f1,acquisitions\staging\textgrid-gretil\2026-07-12\payload\textgrid_49kb7_0.xml,True,215689,afd8487b5e21cc0a995f8dc894a114162056dd3b177baaa53640ca8f223d879a,082686e40654a0c142c09c8f85bd66f1,True,True,TEI,sa_pANini-aSTAdhyAyI,https://creativecommons.org/licenses/by-nc-sa/4.0/,
TG-GRE-C-0082,TG-GRE-0082,textgrid:49kbb.0,handle:hdl:21.11113/0000-0016-C8BB-4,TEI_XML,166997,md5,1821677da2c6c3f1ac96422c328719f8,acquisitions\staging\textgrid-gretil\2026-07-12\payload\textgrid_49kbb_0.xml,True,166997,6be961d915baa2672ca1ee581b433b7be7aab76a1301ea2f920b225255eade45,1821677da2c6c3f1ac96422c328719f8,True,True,TEI,sa_pANini-aSTAdhyAyI-alt,https://creativecommons.org/licenses/by-nc-sa/4.0/,
TG-GRE-C-0083,TG-GRE-0083,textgrid:49kbf.0,handle:hdl:21.11113/0000-0016-C8BE-1,TEI_XML,34167,md5,3cf7bc7aabbed936858b366dbb6922b1,acquisitions\staging\textgrid-gretil\2026-07-12\payload\textgrid_49kbf_0.xml,True,34167,586ea108b2538bdaa736fab858a1d7795fa8bce14835a27d43a7147a2ef555f0,3cf7bc7aabbed936858b366dbb6922b1,True,True,TEI,sa_purUravas-kAdambarIsvIkaraNasUtramaJjarI,https://creativecommons.org/licenses/by-nc-sa/4.0/,
TG-GRE-C-0084,TG-GRE-0084,textgrid:49kbj.0,handle:hdl:21.11113/0000-0016-C8C1-C,TEI_XML,651084,md5,b7e1533eefe78b98294ed9620c39c328,acquisitions\staging\textgrid-gretil\2026-07-12\payload\textgrid_49kbj_0.xml,True,651084,69f21b75e1411198f6817acf97e4dd4de8f2763c9a00edb631cdf4304a7a5455,b7e1533eefe78b98294ed9620c39c328,True,True,TEI,sa_nityanAthasiddha-rasaratnAkara,https://creativecommons.org/licenses/by-nc-sa/4.0/,
TG-GRE-C-0085,TG-GRE-0085,textgrid:49kbn.0,handle:hdl:21.11113/0000-0016-C8C4-9,TEI_XML,149909,md5,4884feb4c671ec10aedcb50fc2d69f1a,acquisitions\staging\textgrid-gretil\2026-07-12\payload\textgrid_49kbn_0.xml,True,149909,955d2d956b5bd4724c3761a837bc277ee77a71bc9571b4aa440b73596bdd4363,4884feb4c671ec10aedcb50fc2d69f1a,True,True,TEI,sa_rasAdhyaya1-302-com,https://creativecommons.org/licenses/by-nc-sa/4.0/,
TG-GRE-C-0086,TG-GRE-0086,textgrid:49kbr.0,handle:hdl:21.11113/0000-0016-C8C7-6,TEI_XML,79566,md5,d48f76f2a591de401d3af3c874ec322c,acquisitions\staging\textgrid-gretil\2026-07-12\payload\textgrid_49kbr_0.xml,True,79566,836b5a0f04ac3e5024d687448a422372a5e1079d9035c87411b2c28275ab4070,d48f76f2a591de401d3af3c874ec322c,True,True,TEI,sa_jyotirIzvarakavizekhara-paJcasAyaka,https://creativecommons.org/licenses/by-nc-sa/4.0/,
TG-GRE-C-0087,TG-GRE-0087,textgrid:49kbv.0,handle:hdl:21.11113/0000-0016-C8CA-3,TEI_XML,407141,md5,4c467751b4db143b74703b36e65060f9,acquisitions\staging\textgrid-gretil\2026-07-12\payload\textgrid_49kbv_0.xml,True,407141,7729959077a3c8553290d44db6113a30b00521e776a3d96f3165a11a6e0d99f2,4c467751b4db143b74703b36e65060f9,True,True,TEI,sa_rasArNava1-12,https://creativecommons.org/licenses/by-nc-sa/4.0/,
TG-GRE-C-0088,TG-GRE-0088,textgrid:49kbz.0,handle:hdl:21.11113/0000-0016-C8CD-0,TEI_XML,615720,md5,0d8656472bda8f351c3876043078066a,acquisitions\staging\textgrid-gretil\2026-07-12\payload\textgrid_49kbz_0.xml,True,615720,d7408e63235f24e7ed85bf443a8328d61ee07cbec2b48a2e2ac54815450058ed,0d8656472bda8f351c3876043078066a,True,True,TEI,sa_narahari-rAjanighaNTu,https://creativecommons.org/licenses/by-nc-sa/4.0/,
TG-GRE-C-0089,TG-GRE-0089,textgrid:49kc2.0,handle:hdl:21.11113/0000-0016-C8D0-B,TEI_XML,81827,md5,e9117d400107deb68892cce5c440690b,acquisitions\staging\textgrid-gretil\2026-07-12\payload\textgrid_49kc2_0.xml,True,81827,df820911c5612d9cd505c9e59ae6c4177f9aa758f6a5d6f683e97ecaff971eec,e9117d400107deb68892cce5c440690b,True,True,TEI,sa_sUryasiddhAnta,https://creativecommons.org/licenses/by-nc-sa/4.0/,
TG-GRE-C-0090,TG-GRE-0090,textgrid:49kc5.0,handle:hdl:21.11113/0000-0016-C8D3-8,TEI_XML,232690,md5,a393e0110a44f8059e5012e9020b7be3,acquisitions\staging\textgrid-gretil\2026-07-12\payload\textgrid_49kc5_0.xml,True,232690,71f21c7eb80e2aa927275cd464dfe745e357168adf29b3f12b5ed698a54568f2,a393e0110a44f8059e5012e9020b7be3,True,True,TEI,sa_somadeva-rasendracUDAmaNi-3-57-16,https://creativecommons.org/licenses/by-nc-sa/4.0/,
TG-GRE-C-0091,TG-GRE-0091,textgrid:49kc8.0,handle:hdl:21.11113/0000-0016-C8D6-5,TEI_XML,4932203,md5,d60a3e74769d9ceec617df912907bb4f,acquisitions\staging\textgrid-gretil\2026-07-12\payload\textgrid_49kc8_0.xml,True,4932203,19a16a8abca42685fb5c8cb856c009e14e2711798f04b7a3669411f44b6b7596,d60a3e74769d9ceec617df912907bb4f,True,True,TEI,sa_pataJjali-vyAkaraNamahAbhASya,https://creativecommons.org/licenses/by-nc-sa/4.0/,
TG-GRE-C-0092,TG-GRE-0092,textgrid:49kcc.0,handle:hdl:21.11113/0000-0016-C8D9-2,TEI_XML,207406,md5,9618a4e0186feb2a9f735f8cd0de06f7,acquisitions\staging\textgrid-gretil\2026-07-12\payload\textgrid_49kcc_0.xml,True,207406,f6a544bbbec84eddb28ed0961f6b464b62f1d4b3346f635cbede6616beaf5a34,9618a4e0186feb2a9f735f8cd0de06f7,True,True,TEI,sa_vAgbhaTa-rasaratnasamuccaya,https://creativecommons.org/licenses/by-nc-sa/4.0/,
TG-GRE-C-0093,TG-GRE-0093,textgrid:49kcg.0,handle:hdl:21.11113/0000-0016-C8DC-F,TEI_XML,153334,md5,fffeddee12fd1bff588060e45df21936,acquisitions\staging\textgrid-gretil\2026-07-12\payload\textgrid_49kcg_0.xml,True,153334,73f0b435fe469ca50f987db115f2bfbf07704e560d9216ec912020c154c163db,fffeddee12fd1bff588060e45df21936,True,True,TEI,sa_suSeNa-Ayurvedamahodadhau-annapAnavidhi,https://creativecommons.org/licenses/by-nc-sa/4.0/,
TG-GRE-C-0094,TG-GRE-0094,textgrid:49kck.0,handle:hdl:21.11113/0000-0016-C8DF-C,TEI_XML,126761,md5,54c7d1d7f55e2e59da965f41a21c8386,acquisitions\staging\textgrid-gretil\2026-07-12\payload\textgrid_49kck_0.xml,True,126761,b00a29e6b659e3712cac2cd455cf84b1d0b1c6b97a5aa046428d9662355cd0ba,54c7d1d7f55e2e59da965f41a21c8386,True,True,TEI,sa_vAhaTa-aSTAGganighaNTu,https://creativecommons.org/licenses/by-nc-sa/4.0/,
TG-GRE-C-0095,TG-GRE-0095,textgrid:49kcp.0,handle:hdl:21.11113/0000-0016-C8E2-7,TEI_XML,131620,md5,df03e4fa4d7c5057120cee363b1024fd,acquisitions\staging\textgrid-gretil\2026-07-12\payload\textgrid_49kcp_0.xml,True,131620,d6a27f12ffcbcdb23ba91e0d5659788ef0696f0ecbc82caf2199db038e42444a,df03e4fa4d7c5057120cee363b1024fd,True,True,TEI,sa_varAhamihira-bRhajjAtaka,https://creativecommons.org/licenses/by-nc-sa/4.0/,
TG-GRE-C-0096,TG-GRE-0096,textgrid:49kcs.0,handle:hdl:21.11113/0000-0016-C8E5-4,TEI_XML,569175,md5,25b37a0bf62a3a44772232f42bf2b2f3,acquisitions\staging\textgrid-gretil\2026-07-12\payload\textgrid_49kcs_0.xml,True,569175,7656fb6ec7076ccf8fb15dc21c9182e2b7e9cd1a681c67b02c79731eb7256c96,25b37a0bf62a3a44772232f42bf2b2f3,True,True,TEI,sa_vAgbhaTa-rasaratnasamuccaya-1-18.29,https://creativecommons.org/licenses/by-nc-sa/4.0/,
TG-GRE-C-0097,TG-GRE-0097,textgrid:49kcw.0,handle:hdl:21.11113/0000-0016-C8E8-1,TEI_XML,291173,md5,9bbd0bc011eea1498da3c4df15d4721d,acquisitions\staging\textgrid-gretil\2026-07-12\payload\textgrid_49kcw_0.xml,True,291173,525f13b3d244bd955f80c116e0b4370ab1505f4fa1870655e167cc8d12cd1dff,9bbd0bc011eea1498da3c4df15d4721d,True,True,TEI,sa_varadarAja-laghusiddhAntakaumudI,https://creativecommons.org/licenses/by-nc-sa/4.0/,
TG-GRE-C-0098,TG-GRE-0098,textgrid:49kd0.0,handle:hdl:21.11113/0000-0016-C8EB-E,TEI_XML,673574,md5,20f999317924ab83546308afef8d8907,acquisitions\staging\textgrid-gretil\2026-07-12\payload\textgrid_49kd0_0.xml,True,673574,60f654961893397922f04466869742c990c8895388250f4a3dc826f2f5deed3b,20f999317924ab83546308afef8d8907,True,True,TEI,sa_kauTilya-arthazAstra,https://creativecommons.org/licenses/by-nc-sa/4.0/,
TG-GRE-C-0099,TG-GRE-0099,textgrid:49kd3.0,handle:hdl:21.11113/0000-0016-C8EE-B,TEI_XML,36288,md5,3f78bce42357a45626a16e688ff995c9,acquisitions\staging\textgrid-gretil\2026-07-12\payload\textgrid_49kd3_0.xml,True,36288,ecd243dea30078b88e6e98547911f5399af885316dd822cbc88ac74e426c64ba,3f78bce42357a45626a16e688ff995c9,True,True,TEI,sa_varAhamihira-tikanikayAtra,https://creativecommons.org/licenses/by-nc-sa/4.0/,
TG-GRE-C-0100,TG-GRE-0100,textgrid:49kd6.0,handle:hdl:21.11113/0000-0016-C8F1-6,TEI_XML,32468,md5,2305b67e1f5ba7bd61abbc48f2c2e4fc,acquisitions\staging\textgrid-gretil\2026-07-12\payload\textgrid_49kd6_0.xml,True,32468,125374ce0552b82aa47f881a80e56a13417831600666cdbcdd00b0ce348f7acc,2305b67e1f5ba7bd61abbc48f2c2e4fc,True,True,TEI,sa_varAhamihira-vivAhapaTala,https://creativecommons.org/licenses/by-nc-sa/4.0/,
TG-GRE-C-0101,TG-GRE-0101,textgrid:49kd9.0,handle:hdl:21.11113/0000-0016-C8F4-3,TEI_XML,564137,md5,1a395ce708e3d3d14849c78df04c1e92,acquisitions\staging\textgrid-gretil\2026-07-12\payload\textgrid_49kd9_0.xml,True,564137,73a5e63388872d18c12e36ef378777ffff9234d4f43d07e5b1144a30d5be5132,1a395ce708e3d3d14849c78df04c1e92,True,True,TEI,sa_varAhamihira-bRhatsaMhitA,https://creativecommons.org/licenses/by-nc-sa/4.0/,
TG-GRE-C-0102,TG-GRE-0102,textgrid:49kdd.0,handle:hdl:21.11113/0000-0016-C8F7-0,TEI_XML,142850,md5,f8f58f1ce53c5e0fc5ace2b6a77a33f8,acquisitions\staging\textgrid-gretil\2026-07-12\payload\textgrid_49kdd_0.xml,True,142850,75a91e1a14f119e01e8721f9a222e603e732622fb57f1e873a69428431a73735,f8f58f1ce53c5e0fc5ace2b6a77a33f8,True,True,TEI,sa_varAhamihira-yogayAtrA-edpingree,https://creativecommons.org/licenses/by-nc-sa/4.0/,
TG-GRE-C-0103,TG-GRE-0103,textgrid:49kdh.0,handle:hdl:21.11113/0000-0016-C8FA-D,TEI_XML,222543,md5,3d0fe7e29e24d028f3a90f7466fe1881,acquisitions\staging\textgrid-gretil\2026-07-12\payload\textgrid_49kdh_0.xml,True,222543,4e17fde1d02b59b5bb0a4ed51da346239c5cf56c055c0393d64c0421128e12f1,3d0fe7e29e24d028f3a90f7466fe1881,True,True,TEI,sa_vAtsyAyana-kAmasUtra-ednirnaya,https://creativecommons.org/licenses/by-nc-sa/4.0/,
TG-GRE-C-0104,TG-GRE-0104,textgrid:49kdm.0,handle:hdl:21.11113/0000-0016-C8FD-A,TEI_XML,229215,md5,dae448a8fa5aeb5c0c50134808c439ab,acquisitions\staging\textgrid-gretil\2026-07-12\payload\textgrid_49kdm_0.xml,True,229215,37f12343eb08c90ddca8a5fdb9b8c98158506eb6504a869c1deec8f90c06d3d7,dae448a8fa5aeb5c0c50134808c439ab,True,True,TEI,sa_vAtsyAyana-kAmasUtra,https://creativecommons.org/licenses/by-nc-sa/4.0/,
TG-GRE-C-0105,TG-GRE-0105,textgrid:49kdq.0,handle:hdl:21.11113/0000-0016-C900-5,TEI_XML,2503257,md5,0b3db5a1638a529f598598c3c10c2062,acquisitions\staging\textgrid-gretil\2026-07-12\payload\textgrid_49kdq_0.xml,True,2503257,0834ba08781ad4445397a64845a6f46597dc09657e2866f0397af556d8464edb,0b3db5a1638a529f598598c3c10c2062,True,True,TEI,sa_jayAditya-and-vAmana-kAzikAvRtti,https://creativecommons.org/licenses/by-nc-sa/4.0/,
TG-GRE-C-0106,TG-GRE-0106,textgrid:49kdt.0,handle:hdl:21.11113/0000-0016-C903-2,TEI_XML,250729,md5,629f50b6acb52e9d679d1218d56c61b1,acquisitions\staging\textgrid-gretil\2026-07-12\payload\textgrid_49kdt_0.xml,True,250729,87848a7271c947e44447362cd115551998bf4e0b7b197fc3bbd4495d1170a7f5,629f50b6acb52e9d679d1218d56c61b1,True,True,TEI,sa_amarasiMha-nAmaliGgAnuzAsana,https://creativecommons.org/licenses/by-nc-sa/4.0/,
TG-GRE-C-0107,TG-GRE-0107,textgrid:49kdx.0,handle:hdl:21.11113/0000-0016-C906-F,TEI_XML,36416,md5,8f7c92a66e91ab57d7b0cc8eaca1aa96,acquisitions\staging\textgrid-gretil\2026-07-12\payload\textgrid_49kdx_0.xml,True,36416,ab2075502459dcd31edd664ff1265dd528614b278a34d18cb254b4359bfeb08e,8f7c92a66e91ab57d7b0cc8eaca1aa96,True,True,TEI,sa_AryabhaTa-AryabhaTIya,https://creativecommons.org/licenses/by-nc-sa/4.0/,
TG-GRE-C-0108,TG-GRE-0108,textgrid:49kf1.0,handle:hdl:21.11113/0000-0016-C909-C,TEI_XML,442354,md5,9625b4e36b7a33cb986c8141336fe8e6,acquisitions\staging\textgrid-gretil\2026-07-12\payload\textgrid_49kf1_0.xml,True,442354,1a75ed7de67c5751675860590a3ca8e6769e755ebc3410b46ef2112f1ac55914,9625b4e36b7a33cb986c8141336fe8e6,True,True,TEI,sa_agniveza-carakasaMhitA-parts-comm,https://creativecommons.org/licenses/by-nc-sa/4.0/,
TG-GRE-C-0109,TG-GRE-0109,textgrid:49kf4.0,handle:hdl:21.11113/0000-0016-C90C-9,TEI_XML,49060,md5,acd57abbd0e75049d56c3728ee2a2d16,acquisitions\staging\textgrid-gretil\2026-07-12\payload\textgrid_49kf4_0.xml,True,49060,cf0f57edcba91d101ec357366078d9521378879d93218277d7e77fdee0ab9579,acd57abbd0e75049d56c3728ee2a2d16,True,True,TEI,sa_bhAskara-bIjagaNita,https://creativecommons.org/licenses/by-nc-sa/4.0/,
TG-GRE-C-0110,TG-GRE-0110,textgrid:49kf7.0,handle:hdl:21.11113/0000-0016-C90F-6,TEI_XML,568343,md5,47b50edbc6000a49ace9ea1e9183e60b,acquisitions\staging\textgrid-gretil\2026-07-12\payload\textgrid_49kf7_0.xml,True,568343,8fb167c02fc4a98f5183da26b96c4f909ac30f2329aa9d3a0d288fa68dcfb6fb,47b50edbc6000a49ace9ea1e9183e60b,True,True,TEI,sa_AryabhaTa-AryabhaTIya-comm,https://creativecommons.org/licenses/by-nc-sa/4.0/,
TG-GRE-C-0111,TG-GRE-0111,textgrid:49kfb.0,handle:hdl:21.11113/0000-0016-C912-1,TEI_XML,75906,md5,2d6c2f6809938edfbd9a66db978e236b,acquisitions\staging\textgrid-gretil\2026-07-12\payload\textgrid_49kfb_0.xml,True,75906,68268ec50f2e14d90f46e467501a8814b6f4ac1617b0045093255fead4ca44ba,2d6c2f6809938edfbd9a66db978e236b,True,True,TEI,sa_bhAvamizra-bhAvaprakAza,https://creativecommons.org/licenses/by-nc-sa/4.0/,
TG-GRE-C-0112,TG-GRE-0112,textgrid:49kff.0,handle:hdl:21.11113/0000-0016-C915-E,TEI_XML,573173,md5,f8a68b0622919092a10ca3b40289d6ee,acquisitions\staging\textgrid-gretil\2026-07-12\payload\textgrid_49kff_0.xml,True,573173,c1c44c4831943c0e0ff8776c306aabbd9b9a98e2d3ec64c374a1f311c1f6da64,f8a68b0622919092a10ca3b40289d6ee,True,True,TEI,sa_bhartRhari-vAkyapadIya,https://creativecommons.org/licenses/by-nc-sa/4.0/,
TG-GRE-C-0113,TG-GRE-0113,textgrid:49kfj.0,handle:hdl:21.11113/0000-0016-C918-B,TEI_XML,281972,md5,3b3031e4c2892a4841221ca316b64b75,acquisitions\staging\textgrid-gretil\2026-07-12\payload\textgrid_49kfj_0.xml,True,281972,52ebe1ac5446c4aa189ea01092816f5b42ff82234116cc8de3af6f2eba8a5f98,3b3031e4c2892a4841221ca316b64b75,True,True,TEI,sa_bower-manuscript,https://creativecommons.org/licenses/by-nc-sa/4.0/,
TG-GRE-C-0114,TG-GRE-0114,textgrid:49kfn.0,handle:hdl:21.11113/0000-0016-C91B-8,TEI_XML,63482,md5,8aeb72fcfeac417e4b6ba1395fef5485,acquisitions\staging\textgrid-gretil\2026-07-12\payload\textgrid_49kfn_0.xml,True,63482,42cd50e8c1580f3f52185c2cb9f5e750dfcc1a1a4aa1acca4d51f996b1b4c96a,8aeb72fcfeac417e4b6ba1395fef5485,True,True,TEI,sa_cAmuNDa-rasasaMketakalikA,https://creativecommons.org/licenses/by-nc-sa/4.0/,
TG-GRE-C-0115,TG-GRE-0115,textgrid:49kfr.0,handle:hdl:21.11113/0000-0016-C91E-5,TEI_XML,35188,md5,24e6c94a02e4fa5d330026ed10ba9229,acquisitions\staging\textgrid-gretil\2026-07-12\payload\textgrid_49kfr_0.xml,True,35188,bb9c05d64468039afe88ab0ddcb19f7b4f8f8c0d0df7374408e7b353af0ccefc,24e6c94a02e4fa5d330026ed10ba9229,True,True,TEI,sa_kuDaka-samanvayadiz,https://creativecommons.org/licenses/by-nc-sa/4.0/,
TG-GRE-C-0116,TG-GRE-0116,textgrid:49kfv.0,handle:hdl:21.11113/0000-0016-C921-0,TEI_XML,15785,md5,57ac32f162c0ef28483cf0aae415d4c1,acquisitions\staging\textgrid-gretil\2026-07-12\payload\textgrid_49kfv_0.xml,True,15785,a29e617d784a20ab466932e264036fa214360a74a6056e7084e2378dee90dd82,57ac32f162c0ef28483cf0aae415d4c1,True,True,TEI,sa_lagadha-RgvedavedAGgajyotiSa,https://creativecommons.org/licenses/by-nc-sa/4.0/,
TG-GRE-C-0117,TG-GRE-0117,textgrid:49kfz.0,handle:hdl:21.11113/0000-0016-C924-D,TEI_XML,61388,md5,0febdc25ddec226f2e417fb039725f2d,acquisitions\staging\textgrid-gretil\2026-07-12\payload\textgrid_49kfz_0.xml,True,61388,ac068a597c223a680126fe9f2c48eb9069db7619886dabb87ad2727439f33a46,0febdc25ddec226f2e417fb039725f2d,True,True,TEI,sa_lolimbarAja-vaidyajIvana,https://creativecommons.org/licenses/by-nc-sa/4.0/,
TG-GRE-C-0118,TG-GRE-0118,textgrid:49kg2.0,handle:hdl:21.11113/0000-0016-C927-A,TEI_XML,138740,md5,885a47faebd5124458fdb1b6d3eca964,acquisitions\staging\textgrid-gretil\2026-07-12\payload\textgrid_49kg2_0.xml,True,138740,54895283183a3c0c8ab8ac7338891664c39c7f542b3041dd1a43bef4ccea8b87,885a47faebd5124458fdb1b6d3eca964,True,True,TEI,sa_varAhamihira-yogayAtrA-edjha,https://creativecommons.org/licenses/by-nc-sa/4.0/,
TG-GRE-C-0119,TG-GRE-0119,textgrid:49kg5.0,handle:hdl:21.11113/0000-0016-C92A-7,TEI_XML,35037,md5,015cdc1e36f4ff8857171f272f65dd1e,acquisitions\staging\textgrid-gretil\2026-07-12\payload\textgrid_49kg5_0.xml,True,35037,e398023027f5584b6141d5027e5a6687cca8674a9e80ab8a0b1f9b6b65218836,015cdc1e36f4ff8857171f272f65dd1e,True,True,TEI,sa_yogazataka,https://creativecommons.org/licenses/by-nc-sa/4.0/,
TG-GRE-C-0120,TG-GRE-0120,textgrid:49kg8.0,handle:hdl:21.11113/0000-0016-C92D-4,TEI_XML,160777,md5,8aa6358fd0f7aeadc35f30e338ce6bdd,acquisitions\staging\textgrid-gretil\2026-07-12\payload\textgrid_49kg8_0.xml,True,160777,15e63e7f5cbf399da35f9a644f78715a5d9e5ac7cc5228f1719e79662804653e,8aa6358fd0f7aeadc35f30e338ce6bdd,True,True,TEI,sa_zAlinAtha-rasamaJjarI,https://creativecommons.org/licenses/by-nc-sa/4.0/,
TG-GRE-C-0121,TG-GRE-0121,textgrid:49kgc.0,handle:hdl:21.11113/0000-0016-C930-F,TEI_XML,329987,md5,b781749b53026c1c3dc6df43a8f77952,acquisitions\staging\textgrid-gretil\2026-07-12\payload\textgrid_49kgc_0.xml,True,329987,c2032eefc8dda480c024f06ba8ddd21e211797d29463f986ff177de338d5e2d5,b781749b53026c1c3dc6df43a8f77952,True,True,TEI,sa_yazodhara-rasaprakAzasudhAkara,https://creativecommons.org/licenses/by-nc-sa/4.0/,
TG-GRE-C-0122,TG-GRE-0122,textgrid:49kgg.0,handle:hdl:21.11113/0000-0016-C933-C,TEI_XML,172592,md5,0dc8c4a2c1a85b175b84727a32500d20,acquisitions\staging\textgrid-gretil\2026-07-12\payload\textgrid_49kgg_0.xml,True,172592,dfa911dfce7bccf4aa78b7b53df12b939765d737ab9f19b515c1efa215d81531,0dc8c4a2c1a85b175b84727a32500d20,True,True,TEI,sa_bhartRhari-vAkyapadIya1-3.7,https://creativecommons.org/licenses/by-nc-sa/4.0/,
TG-GRE-C-0123,TG-GRE-0123,textgrid:49kgk.0,handle:hdl:21.11113/0000-0016-C936-9,TEI_XML,1439650,md5,e71e34a69717dea32ea4411b56b8f494,acquisitions\staging\textgrid-gretil\2026-07-12\payload\textgrid_49kgk_0.xml,True,1439650,0450eb713368dfcfaa3591a1f4fb96b7d16accb303bd0e87b663f7ee11094c1d,e71e34a69717dea32ea4411b56b8f494,True,True,TEI,sa_vAgbhaTa-aSTAGgahRdayasUtra,https://creativecommons.org/licenses/by-nc-sa/4.0/,
TG-GRE-C-0124,TG-GRE-0124,textgrid:49kgp.0,handle:hdl:21.11113/0000-0016-C939-6,TEI_XML,142172,md5,5148d0b0e9cd5a37ae9cb35ee050e436,acquisitions\staging\textgrid-gretil\2026-07-12\payload\textgrid_49kgp_0.xml,True,142172,060d15a6cec9b4047ac2d567d2856d23d9bacd5ad4cbd55607dd4a7cba5e4f52,5148d0b0e9cd5a37ae9cb35ee050e436,True,True,TEI,sa_bhAskara-lIlAvatI,https://creativecommons.org/licenses/by-nc-sa/4.0/,
TG-GRE-C-0125,TG-GRE-0125,textgrid:49kgs.0,handle:hdl:21.11113/0000-0016-C93C-3,TEI_XML,61954,md5,217c15fb8e155bc3fe50b30e645d7dba,acquisitions\staging\textgrid-gretil\2026-07-12\payload\textgrid_49kgs_0.xml,True,61954,c8b2d4f855fcfabdbde672e2b08208123080534653c54278fa3dc3f606459cf1,217c15fb8e155bc3fe50b30e645d7dba,True,True,TEI,sa_brahmagupta-brAhmasphuTasiddhAnta,https://creativecommons.org/licenses/by-nc-sa/4.0/,
TG-GRE-C-0126,TG-GRE-0126,textgrid:49kgw.0,handle:hdl:21.11113/0000-0016-C93F-0,TEI_XML,1013950,md5,1c3c1923e625d85e55fda6c06873681f,acquisitions\staging\textgrid-gretil\2026-07-12\payload\textgrid_49kgw_0.xml,True,1013950,12be10d0431ccc81c41e45a3857e859e919d4ddfb72daa6f6e2c87c8f9a82747,1c3c1923e625d85e55fda6c06873681f,True,True,TEI,sa_Anandakanda,https://creativecommons.org/licenses/by-nc-sa/4.0/,
TG-GRE-C-0127,TG-GRE-0127,textgrid:49kh1.0,handle:hdl:21.11113/0000-0016-C943-A,TEI_XML,115347,md5,c4555edefc78a39c6c1ed3c24e6412a6,acquisitions\staging\textgrid-gretil\2026-07-12\payload\textgrid_49kh1_0.xml,True,115347,3e8432edeed1ef6bf91ed7ea2997eb2903e4ad22c9e705af88f2c0c1d837862d,c4555edefc78a39c6c1ed3c24e6412a6,True,True,TEI,sa_zaGkhAyana-AraNyaka,https://creativecommons.org/licenses/by-nc-sa/4.0/,
TG-GRE-C-0128,TG-GRE-0128,textgrid:49kh4.0,handle:hdl:21.11113/0000-0016-C946-7,TEI_XML,84879,md5,5592b575c08b8c7bfec5e8a49c83ceff,acquisitions\staging\textgrid-gretil\2026-07-12\payload\textgrid_49kh4_0.xml,True,84879,823373b182ec080ee286dd9f24faa931a674689b5e8eaf1b1e726b3a6d006c3c,5592b575c08b8c7bfec5e8a49c83ceff,True,True,TEI,sa_gopathabrAhmaNa-1.1.1-1.3.6,https://creativecommons.org/licenses/by-nc-sa/4.0/,
TG-GRE-C-0129,TG-GRE-0129,textgrid:49kh7.0,handle:hdl:21.11113/0000-0016-C949-4,TEI_XML,154229,md5,46bf29f12c58976e6f15f06ef7fae762,acquisitions\staging\textgrid-gretil\2026-07-12\payload\textgrid_49kh7_0.xml,True,154229,7cf874c5fb5dd9eea46c2d06fcaae73f9170080cb4921a7daeec253fa8ebb804,46bf29f12c58976e6f15f06ef7fae762,True,True,TEI,veda_sb_05,https://creativecommons.org/licenses/by-nc-sa/4.0/,
TG-GRE-C-0130,TG-GRE-0130,textgrid:49khb.0,handle:hdl:21.11113/0000-0016-C94C-1,TEI_XML,141886,md5,4ee3bdc4a8451a661da3975162228a1b,acquisitions\staging\textgrid-gretil\2026-07-12\payload\textgrid_49khb_0.xml,True,141886,08347057860db1d28bced01b8225be5ebf1b61ff84838c8bbae573f629c9273d,4ee3bdc4a8451a661da3975162228a1b,True,True,TEI,veda_sb_07,https://creativecommons.org/licenses/by-nc-sa/4.0/,
TG-GRE-C-0131,TG-GRE-0131,textgrid:49khf.0,handle:hdl:21.11113/0000-0016-C94F-E,TEI_XML,159958,md5,fe774b1bcd07fe9f478a07c0ae1f87ce,acquisitions\staging\textgrid-gretil\2026-07-12\payload\textgrid_49khf_0.xml,True,159958,76567c4e7d1e25bc7c4666afad620f26b62d7e84bcea0f35dc2f3c47c3c66135,fe774b1bcd07fe9f478a07c0ae1f87ce,True,True,TEI,veda_sb_08,https://creativecommons.org/licenses/by-nc-sa/4.0/,
TG-GRE-C-0132,TG-GRE-0132,textgrid:49khj.0,handle:hdl:21.11113/0000-0016-C952-9,TEI_XML,136149,md5,076b647d1c0318d38885ea382be06573,acquisitions\staging\textgrid-gretil\2026-07-12\payload\textgrid_49khj_0.xml,True,136149,312ba462b1c36e14e2b30601669942ca81deed5e197ef732df0c7fc3c6170b91,076b647d1c0318d38885ea382be06573,True,True,TEI,veda_sb_09,https://creativecommons.org/licenses/by-nc-sa/4.0/,
TG-GRE-C-0133,TG-GRE-0133,textgrid:49khn.0,handle:hdl:21.11113/0000-0016-C955-6,TEI_XML,140367,md5,d8c0e4fce3db377afbcfabf3ffc34360,acquisitions\staging\textgrid-gretil\2026-07-12\payload\textgrid_49khn_0.xml,True,140367,d3c8847da902999e1596964f02daa0899ac1c53fafb3a25d9c87a0af2015d979,d8c0e4fce3db377afbcfabf3ffc34360,True,True,TEI,veda_sb_11,https://creativecommons.org/licenses/by-nc-sa/4.0/,
TG-GRE-C-0134,TG-GRE-0134,textgrid:49khr.0,handle:hdl:21.11113/0000-0016-C958-3,TEI_XML,136529,md5,0815625a36cce68d9af4759db2baf7f5,acquisitions\staging\textgrid-gretil\2026-07-12\payload\textgrid_49khr_0.xml,True,136529,f8f854ea6548e0c3dbe86821f1054cdd786306345c705c454dda836e5ad25e72,0815625a36cce68d9af4759db2baf7f5,True,True,TEI,veda_sb_13,https://creativecommons.org/licenses/by-nc-sa/4.0/,
TG-GRE-C-0135,TG-GRE-0135,textgrid:49khv.0,handle:hdl:21.11113/0000-0016-C95B-0,TEI_XML,247376,md5,6f08668fd7d647082d4033dbae40c40c,acquisitions\staging\textgrid-gretil\2026-07-12\payload\textgrid_49khv_0.xml,True,247376,43479bb9832256098bc13ecacb2b8d3fa8a615e0b576ce0974b37c1a7c5585d2,6f08668fd7d647082d4033dbae40c40c,True,True,TEI,veda_sb_01,https://creativecommons.org/licenses/by-nc-sa/4.0/,
TG-GRE-C-0136,TG-GRE-0136,textgrid:49khz.0,handle:hdl:21.11113/0000-0016-C95E-D,TEI_XML,256910,md5,ebf77fbdd511059aa49cae12c30bc291,acquisitions\staging\textgrid-gretil\2026-07-12\payload\textgrid_49khz_0.xml,True,256910,cfc52c9e47af58689652ad8b64cba4ca8e008df529f85974eca131e361fcccb9,ebf77fbdd511059aa49cae12c30bc291,True,True,TEI,veda_sb_03,https://creativecommons.org/licenses/by-nc-sa/4.0/,
TG-GRE-C-0137,TG-GRE-0137,textgrid:49kj2.0,handle:hdl:21.11113/0000-0016-C961-8,TEI_XML,202878,md5,4675e899f782ed3f7bc76e230d4370b0,acquisitions\staging\textgrid-gretil\2026-07-12\payload\textgrid_49kj2_0.xml,True,202878,70935d4848c2580469ff05f9b3bbed01b72211c182f843a2518938f9252e0d64,4675e899f782ed3f7bc76e230d4370b0,True,True,TEI,veda_sb_04,https://creativecommons.org/licenses/by-nc-sa/4.0/,
TG-GRE-C-0138,TG-GRE-0138,textgrid:49kj5.0,handle:hdl:21.11113/0000-0016-C964-5,TEI_XML,241519,md5,aac32ced7437c75361ae41f1186bf64d,acquisitions\staging\textgrid-gretil\2026-07-12\payload\textgrid_49kj5_0.xml,True,241519,94614808641ba9c8a9096478fb60884529b3514e1587119f0c9ff370cee44a9c,aac32ced7437c75361ae41f1186bf64d,True,True,TEI,sb_14_u,https://creativecommons.org/licenses/by-nc-sa/4.0/,
TG-GRE-C-0139,TG-GRE-0139,textgrid:49kj8.0,handle:hdl:21.11113/0000-0016-C967-2,TEI_XML,450958,md5,a8a2f42eabe7982d26a68d49618aeb9e,acquisitions\staging\textgrid-gretil\2026-07-12\payload\textgrid_49kj8_0.xml,True,450958,3a3e8a293349b41dacc1e7b4df092f7134dddbb66d5cf4195e800d159ff29fa7,a8a2f42eabe7982d26a68d49618aeb9e,True,True,TEI,sa_paJcaviMzabrAhmaNa,https://creativecommons.org/licenses/by-nc-sa/4.0/,
TG-GRE-C-0140,TG-GRE-0140,textgrid:49kjc.0,handle:hdl:21.11113/0000-0016-C96A-F,TEI_XML,392406,md5,a7f245ed228ff9a9f38c2494efddf5b8,acquisitions\staging\textgrid-gretil\2026-07-12\payload\textgrid_49kjc_0.xml,True,392406,f1d10ea25b538e9f3ddf8727cc8f49940ca3b4c42c6c614c7ec6b0d0bcf5844b,a7f245ed228ff9a9f38c2494efddf5b8,True,True,TEI,sa_gopathabrAhmaNa,https://creativecommons.org/licenses/by-nc-sa/4.0/,
TG-GRE-C-0141,TG-GRE-0141,textgrid:49kjg.0,handle:hdl:21.11113/0000-0016-C96D-C,TEI_XML,578742,md5,fc7d599572ffb47c6138422a8bc2a9ff,acquisitions\staging\textgrid-gretil\2026-07-12\payload\textgrid_49kjg_0.xml,True,578742,c063d3373c899d0c5cabeaeb7a1f694eef3ec9067097557c0b1b0c3c05b45eba,fc7d599572ffb47c6138422a8bc2a9ff,True,True,TEI,sa_kauSItakibrAhmaNa,https://creativecommons.org/licenses/by-nc-sa/4.0/,
TG-GRE-C-0142,TG-GRE-0142,textgrid:49kjk.0,handle:hdl:21.11113/0000-0016-C970-7,TEI_XML,2060866,md5,9b618058b06a3ccd3911fca324188090,acquisitions\staging\textgrid-gretil\2026-07-12\payload\textgrid_49kjk_0.xml,True,2060866,bf3da00529b03cc7e18491f4bf34e70316cacce54adda81116601dc15c5e232b,9b618058b06a3ccd3911fca324188090,True,True,TEI,sa_RgvedasaMhitApadapATha,https://creativecommons.org/licenses/by-nc-sa/4.0/,
TG-GRE-C-0143,TG-GRE-0143,textgrid:49kjp.0,handle:hdl:21.11113/0000-0016-C973-4,TEI_XML,1170301,md5,10c9aece2358de4353c12e738c445a5d,acquisitions\staging\textgrid-gretil\2026-07-12\payload\textgrid_49kjp_0.xml,True,1170301,ac5925c39670afb4c26701ea650d3dc589c6ca55da75662c48a2a95e5a85cbec,10c9aece2358de4353c12e738c445a5d,True,True,TEI,veda_maitrs_au,https://creativecommons.org/licenses/by-nc-sa/4.0/,
TG-GRE-C-0144,TG-GRE-0144,textgrid:49kjs.0,handle:hdl:21.11113/0000-0016-C976-1,TEI_XML,2491575,md5,6029742e2df74027e94c3d489c0b291d,acquisitions\staging\textgrid-gretil\2026-07-12\payload\textgrid_49kjs_0.xml,True,2491575,315b4d00cebf797feae30ee658a0d9575ae7243b479e5f9bc125a21927f79508,6029742e2df74027e94c3d489c0b291d,True,True,TEI,sa_paippalAdasaMhitA,https://creativecommons.org/licenses/by-nc-sa/4.0/,
TG-GRE-C-0145,TG-GRE-0145,textgrid:49kjw.0,handle:hdl:21.11113/0000-0016-C979-E,TEI_XML,1014901,md5,2012d24e46995aa4235fc12bd4853ddc,acquisitions\staging\textgrid-gretil\2026-07-12\payload\textgrid_49kjw_0.xml,True,1014901,03f6078d9b946f3712bafceb4f759147904aa4e171223a3853c3e45a3de154b8,2012d24e46995aa4235fc12bd4853ddc,True,True,TEI,sa_bRhadAraNyakopaniSadkANva-recension-comm,https://creativecommons.org/licenses/by-nc-sa/4.0/,
TG-GRE-C-0146,TG-GRE-0146,textgrid:49kk0.0,handle:hdl:21.11113/0000-0016-C97C-B,TEI_XML,17722,md5,0797cfcc02cc4a4d94568837f56ed146,acquisitions\staging\textgrid-gretil\2026-07-12\payload\textgrid_49kk0_0.xml,True,17722,f19ba70ced1715e3df9bbad949c4f7d7e75387d7eae6b336adb6396c1bbbf559,0797cfcc02cc4a4d94568837f56ed146,True,True,TEI,sa_mANDUkyopaniSad-alt,https://creativecommons.org/licenses/by-nc-sa/4.0/,
TG-GRE-C-0147,TG-GRE-0147,textgrid:49kk3.0,handle:hdl:21.11113/0000-0016-C97F-8,TEI_XML,44556,md5,8c11475b74587eb670d5e5b368c4c092,acquisitions\staging\textgrid-gretil\2026-07-12\payload\textgrid_49kk3_0.xml,True,44556,cdeb364a941592a340bf830c13ed78d98e170d05ff923c4d05f8752e190619c0,8c11475b74587eb670d5e5b368c4c092,True,True,TEI,sa_mANDUkyopaniSatkArikA,https://creativecommons.org/licenses/by-nc-sa/4.0/,
TG-GRE-C-0148,TG-GRE-0148,textgrid:49kk6.0,handle:hdl:21.11113/0000-0016-C982-2,TEI_XML,23403,md5,3fc90dfe623ef1acda714f63d18128c3,acquisitions\staging\textgrid-gretil\2026-07-12\payload\textgrid_49kk6_0.xml,True,23403,29162406621ca70c058abbec3b883100ea33d7553a7ad3711ae57e8b3efcdefe,3fc90dfe623ef1acda714f63d18128c3,True,True,TEI,sa_zira-upaniSad,https://creativecommons.org/licenses/by-nc-sa/4.0/,
TG-GRE-C-0149,TG-GRE-0149,textgrid:49kk9.0,handle:hdl:21.11113/0000-0016-C985-F,TEI_XML,13351,md5,20fb89222bd1b1eb51517673ae919115,acquisitions\staging\textgrid-gretil\2026-07-12\payload\textgrid_49kk9_0.xml,True,13351,c688c2113f8ff8280a756c85aca8e0e0b4703e035735193e7d9f58ecd6ffc3de,20fb89222bd1b1eb51517673ae919115,True,True,TEI,sa_nAdabindUpaniSad,https://creativecommons.org/licenses/by-nc-sa/4.0/,
TG-GRE-C-0150,TG-GRE-0150,textgrid:49kkd.0,handle:hdl:21.11113/0000-0016-C988-C,TEI_XML,46529,md5,d89055ed473ed722200b43fb9389c0d7,acquisitions\staging\textgrid-gretil\2026-07-12\payload\textgrid_49kkd_0.xml,True,46529,22b87160170d6fbb81dadcde33acf755eb7d5cc7d6df79eb2f98f159fb62b36b,d89055ed473ed722200b43fb9389c0d7,True,True,TEI,sa_zvetAzvataropaniSad,https://creativecommons.org/licenses/by-nc-sa/4.0/,
TG-GRE-C-0151,TG-GRE-0151,textgrid:49kkh.0,handle:hdl:21.11113/0000-0016-C98B-9,TEI_XML,22017,md5,65350864869714739e35c1504a843274,acquisitions\staging\textgrid-gretil\2026-07-12\payload\textgrid_49kkh_0.xml,True,22017,245ae847fdb43bc2d5c6680224df3a226cd50ef7d7d3582a695ce525220c7ce7,65350864869714739e35c1504a843274,True,True,TEI,sa_zivasaMkalpopaniSad,https://creativecommons.org/licenses/by-nc-sa/4.0/,
TG-GRE-C-0152,TG-GRE-0152,textgrid:49kkm.0,handle:hdl:21.11113/0000-0016-C98E-6,TEI_XML,99347,md5,d0be2ded0d9ab7305499b079589d4ec1,acquisitions\staging\textgrid-gretil\2026-07-12\payload\textgrid_49kkm_0.xml,True,99347,8597062cae8c75c640ba3f9106fff480bccae6ceb5ae13494f2ed213f4eaba76,d0be2ded0d9ab7305499b079589d4ec1,True,True,TEI,sa_praznopaniSad-comm,https://creativecommons.org/licenses/by-nc-sa/4.0/,
TG-GRE-C-0153,TG-GRE-0153,textgrid:49kkq.0,handle:hdl:21.11113/0000-0016-C991-1,TEI_XML,48388,md5,4224d0f84614910cc8cf08c73849fead,acquisitions\staging\textgrid-gretil\2026-07-12\payload\textgrid_49kkq_0.xml,True,48388,6969ca7271cf12773551c5a1a206d36bbaa25b9c5f46d4d85641ec5c13f08fa2,4224d0f84614910cc8cf08c73849fead,True,True,TEI,sa_zvetAzvataropaniSad-alt,https://creativecommons.org/licenses/by-nc-sa/4.0/,
TG-GRE-C-0154,TG-GRE-0154,textgrid:49kkt.0,handle:hdl:21.11113/0000-0016-C994-E,TEI_XML,13633,md5,4f259aa8682f1d73c3747416f7af174c,acquisitions\staging\textgrid-gretil\2026-07-12\payload\textgrid_49kkt_0.xml,True,13633,249d24912e7ea6f99d102d37a13d86bb7dfcf902e429f74e90a97c0a6239b884,4f259aa8682f1d73c3747416f7af174c,True,True,TEI,sa_brahmabindUpaniSad,https://creativecommons.org/licenses/by-nc-sa/4.0/,
TG-GRE-C-0155,TG-GRE-0155,textgrid:49kkx.0,handle:hdl:21.11113/0000-0016-C997-B,TEI_XML,15265,md5,e8260bb5ffadc6a3e6602ef08165c1f7,acquisitions\staging\textgrid-gretil\2026-07-12\payload\textgrid_49kkx_0.xml,True,15265,7e9d22f21fe3b310331142ccf62a4c56d535eacca937f26625ced5357c396ca9,e8260bb5ffadc6a3e6602ef08165c1f7,True,True,TEI,sa_garbhopaniSad,https://creativecommons.org/licenses/by-nc-sa/4.0/,
TG-GRE-C-0156,TG-GRE-0156,textgrid:49km1.0,handle:hdl:21.11113/0000-0016-C99A-8,TEI_XML,38287,md5,1a83f2b7392e964449ab2fef159ac151,acquisitions\staging\textgrid-gretil\2026-07-12\payload\textgrid_49km1_0.xml,True,38287,2d62d1570c63acef5a414dba71e9a005b516bd70c49d9ff4ac9b4aa296d75bbd,1a83f2b7392e964449ab2fef159ac151,True,True,TEI,sa_IzopaniSad-or-IzAvAsyopaniSadkANva-recension-comm,https://creativecommons.org/licenses/by-nc-sa/4.0/,
TG-GRE-C-0157,TG-GRE-0157,textgrid:49km4.0,handle:hdl:21.11113/0000-0016-C99D-5,TEI_XML,15603,md5,101d27afa227826b9b48df7cdb5f4fee,acquisitions\staging\textgrid-gretil\2026-07-12\payload\textgrid_49km4_0.xml,True,15603,79bd92da1cfaebb7ce7d0accfddad57f404bd943afb507b3e8f4b43e32634d74,101d27afa227826b9b48df7cdb5f4fee,True,True,TEI,sa_kaivalyopaniSad,https://creativecommons.org/licenses/by-nc-sa/4.0/,
TG-GRE-C-0158,TG-GRE-0158,textgrid:49km7.0,handle:hdl:21.11113/0000-0016-C9A0-0,TEI_XML,32043,md5,1ba15cf9ac36d78d7414c2e7c0fa1ce9,acquisitions\staging\textgrid-gretil\2026-07-12\payload\textgrid_49km7_0.xml,True,32043,fc46aac026490574a87dd478ed64773ecb549b19563f89a71485c9c24efc5309,1ba15cf9ac36d78d7414c2e7c0fa1ce9,True,True,TEI,sa_kathopaniSad,https://creativecommons.org/licenses/by-nc-sa/4.0/,
TG-GRE-C-0159,TG-GRE-0159,textgrid:49kmb.0,handle:hdl:21.11113/0000-0016-C9A3-D,TEI_XML,131025,md5,ca18dbb21ef98947b32d48c0c007f722,acquisitions\staging\textgrid-gretil\2026-07-12\payload\textgrid_49kmb_0.xml,True,131025,0628ed514453799472ff113110cd00fa4dc5255124afdf8e4d7fb421f2e44da0,ca18dbb21ef98947b32d48c0c007f722,True,True,TEI,veda_sb_10,https://creativecommons.org/licenses/by-nc-sa/4.0/,
TG-GRE-C-0160,TG-GRE-0160,textgrid:49kmf.0,handle:hdl:21.11113/0000-0016-C9A6-A,TEI_XML,175828,md5,253cb0cd7a9dc0cf7eadc71e603b94de,acquisitions\staging\textgrid-gretil\2026-07-12\payload\textgrid_49kmf_0.xml,True,175828,05821e8a4fa0b1f41015237dd2c16b177600892f5069b465ae6cb9afb519af6e,253cb0cd7a9dc0cf7eadc71e603b94de,True,True,TEI,sa_RgvedakhilAni,https://creativecommons.org/licenses/by-nc-sa/4.0/,
TG-GRE-C-0161,TG-GRE-0161,textgrid:49kmj.0,handle:hdl:21.11113/0000-0016-C9A9-7,TEI_XML,76211,md5,cd093ff08a235529040ca44bc38f8b4a,acquisitions\staging\textgrid-gretil\2026-07-12\payload\textgrid_49kmj_0.xml,True,76211,a661b884c7c5b427d80385b5dd131d8b8bead7685d92b7ab1ebb6de2af2c86d4,cd093ff08a235529040ca44bc38f8b4a,True,True,TEI,sa_aitareyopaniSad-comm,https://creativecommons.org/licenses/by-nc-sa/4.0/,
TG-GRE-C-0162,TG-GRE-0162,textgrid:49kmn.0,handle:hdl:21.11113/0000-0016-C9AC-4,TEI_XML,174174,md5,52058ae22241c370dd9fe97cfc9926c9,acquisitions\staging\textgrid-gretil\2026-07-12\payload\textgrid_49kmn_0.xml,True,174174,c1edd64e29584842e1f4ca5ec6d5133ce316fad8418bc5ab07e2a104c0fdf46a,52058ae22241c370dd9fe97cfc9926c9,True,True,TEI,veda_sb_02,https://creativecommons.org/licenses/by-nc-sa/4.0/,
TG-GRE-C-0163,TG-GRE-0163,textgrid:49kmr.0,handle:hdl:21.11113/0000-0016-C9AF-1,TEI_XML,179457,md5,47a176787333ce47d4ec6007aa7288f4,acquisitions\staging\textgrid-gretil\2026-07-12\payload\textgrid_49kmr_0.xml,True,179457,2b2ed9528567faa2045de8d824416448aae3182a4d827492eb53305d28091d04,47a176787333ce47d4ec6007aa7288f4,True,True,TEI,veda_sb_06,https://creativecommons.org/licenses/by-nc-sa/4.0/,
TG-GRE-C-0164,TG-GRE-0164,textgrid:49kmv.0,handle:hdl:21.11113/0000-0016-C9B2-C,TEI_XML,217687,md5,9e0c10b6359890cf3322233ca0e02269,acquisitions\staging\textgrid-gretil\2026-07-12\payload\textgrid_49kmv_0.xml,True,217687,b56915a59dd06e406db5fed592e4fec4b3bdcbf4ad3e4b4c3be43349d08b0be1,9e0c10b6359890cf3322233ca0e02269,True,True,TEI,sa_mANDUkyopaniSad-comm,https://creativecommons.org/licenses/by-nc-sa/4.0/,
TG-GRE-C-0165,TG-GRE-0165,textgrid:49kmz.0,handle:hdl:21.11113/0000-0016-C9B5-9,TEI_XML,179723,md5,47e534aaf9b86896f15f3d1c31eacae0,acquisitions\staging\textgrid-gretil\2026-07-12\payload\textgrid_49kmz_0.xml,True,179723,22926fe744aab01a63d3797fb7ad3d909389536fcb6b13fbe16ac1c6b770c1c5,47e534aaf9b86896f15f3d1c31eacae0,True,True,TEI,sa_taittirIyopaniSad-zaMkarabhASya,https://creativecommons.org/licenses/by-nc-sa/4.0/,
TG-GRE-C-0166,TG-GRE-0166,textgrid:49kn2.0,handle:hdl:21.11113/0000-0016-C9B8-6,TEI_XML,272996,md5,d53df552c0a92f0eb8dca6580367e815,acquisitions\staging\textgrid-gretil\2026-07-12\payload\textgrid_49kn2_0.xml,True,272996,7c96a6a5e893c4602b6c39b69f29957d9a3bb547b7048f3052c085852569421d,d53df552c0a92f0eb8dca6580367e815,True,True,TEI,sa_sAmavedasaMhitA,https://creativecommons.org/licenses/by-nc-sa/4.0/,
TG-GRE-C-0167,TG-GRE-0167,textgrid:49kn5.0,handle:hdl:21.11113/0000-0016-C9BB-3,TEI_XML,1161241,md5,350a33c177cc1efc30670e94f7bee10e,acquisitions\staging\textgrid-gretil\2026-07-12\payload\textgrid_49kn5_0.xml,True,1161241,13a92ea2ed66916ccb758f10eeb10750d6337a0f77aec4c274a0cc1d8b6d6bc8,350a33c177cc1efc30670e94f7bee10e,True,True,TEI,veda_maitrs_pu,https://creativecommons.org/licenses/by-nc-sa/4.0/,
TG-GRE-C-0168,TG-GRE-0168,textgrid:49kn8.0,handle:hdl:21.11113/0000-0016-C9BE-0,TEI_XML,666069,md5,c79453780654a764d1b739919d999b26,acquisitions\staging\textgrid-gretil\2026-07-12\payload\textgrid_49kn8_0.xml,True,666069,fed06fbdee7ccd888d825f4abe86eb248b3b0eb889d6e6edb53fe40ad10fa891,c79453780654a764d1b739919d999b26,True,True,TEI,sa_chAndogyopaniSad-comm,https://creativecommons.org/licenses/by-nc-sa/4.0/,
TG-GRE-C-0169,TG-GRE-0169,textgrid:49knc.0,handle:hdl:21.11113/0000-0016-C9C1-B,TEI_XML,1057463,md5,a33f935ec682f513fe91121ae33de366,acquisitions\staging\textgrid-gretil\2026-07-12\payload\textgrid_49knc_0.xml,True,1057463,89cbe85523a8819b7af9f80ca28e62ab6653859acf888288edc2daf2f865ca19,a33f935ec682f513fe91121ae33de366,True,True,TEI,veda_avs__,https://creativecommons.org/licenses/by-nc-sa/4.0/,
TG-GRE-C-0170,TG-GRE-0170,textgrid:49kng.0,handle:hdl:21.11113/0000-0016-C9C4-8,TEI_XML,5075908,md5,ac11f6b8a5e4f909fe8e28c7417ee2da,acquisitions\staging\textgrid-gretil\2026-07-12\payload\textgrid_49kng_0.xml,True,5075908,4ec20e3b6b53198115d36721d0c0eb411443f9cb93a99e7694aa093e21febce0,ac11f6b8a5e4f909fe8e28c7417ee2da,True,True,TEI,sa_Rgveda-edAufrecht,https://creativecommons.org/licenses/by-nc-sa/4.0/,
TG-GRE-C-0171,TG-GRE-0171,textgrid:49knk.0,handle:hdl:21.11113/0000-0016-C9C7-5,TEI_XML,1148483,md5,eb7dee53477f5dfc85dd784c7b1edcad,acquisitions\staging\textgrid-gretil\2026-07-12\payload\textgrid_49knk_0.xml,True,1148483,022e32dc5d47ac47c5b58d8c8e80f9a04e51235ab6314b2936a7017f496a6d7a,eb7dee53477f5dfc85dd784c7b1edcad,True,True,TEI,veda_avs_acu,https://creativecommons.org/licenses/by-nc-sa/4.0/,
TG-GRE-C-0172,TG-GRE-0172,textgrid:49knq.0,handle:hdl:21.11113/0000-0016-C9CB-1,TEI_XML,45037,md5,1fd0c8ffa31a25f630521e3976bae1bb,acquisitions\staging\textgrid-gretil\2026-07-12\payload\textgrid_49knq_0.xml,True,45037,13ba8a446588b57d6b8b2ba9a872ec2f2954e3e5f29f738b9b2e6ca0b9776412,1fd0c8ffa31a25f630521e3976bae1bb,True,True,TEI,sa_prabodhAnandasarasvatI-caitanyacandrAmRta,https://creativecommons.org/licenses/by-nc-sa/4.0/,
TG-GRE-C-0173,TG-GRE-0173,textgrid:49knt.0,handle:hdl:21.11113/0000-0016-C9CE-E,TEI_XML,48206,md5,5734aad9941815a16866c459cc6681d3,acquisitions\staging\textgrid-gretil\2026-07-12\payload\textgrid_49knt_0.xml,True,48206,2a448e045a4e61b60e386861d06e5d69330ad8d7f8ca3a86fcb3772581feb1ea,5734aad9941815a16866c459cc6681d3,True,True,TEI,sa_cakrapANinAtha-bhAvopahArastotra,https://creativecommons.org/licenses/by-nc-sa/4.0/,
TG-GRE-C-0174,TG-GRE-0174,textgrid:49knx.0,handle:hdl:21.11113/0000-0016-C9D1-9,TEI_XML,40396,md5,f0acd67526de23bc270e5bdd0451d3d2,acquisitions\staging\textgrid-gretil\2026-07-12\payload\textgrid_49knx_0.xml,True,40396,c043948d2bca355309c1867ba736dd102f118665da82893d215d6467a2416466,f0acd67526de23bc270e5bdd0451d3d2,True,True,TEI,sa_yAmuna-stotraratna,https://creativecommons.org/licenses/by-nc-sa/4.0/,
TG-GRE-C-0175,TG-GRE-0175,textgrid:49kp1.0,handle:hdl:21.11113/0000-0016-C9D4-6,TEI_XML,21802,md5,310e1b922fa314fa0251306e436a2f3d,acquisitions\staging\textgrid-gretil\2026-07-12\payload\textgrid_49kp1_0.xml,True,21802,4f8db3c2caf767b064ce0c3b6c56a691dd09daf46ab7dd3b7d211b048720c31c,310e1b922fa314fa0251306e436a2f3d,True,True,TEI,sa_bIjanighaNTu,https://creativecommons.org/licenses/by-nc-sa/4.0/,
TG-GRE-C-0176,TG-GRE-0176,textgrid:49kp4.0,handle:hdl:21.11113/0000-0016-C9D7-3,TEI_XML,36218,md5,48e7f10e0af361253b13e4cab279ff61,acquisitions\staging\textgrid-gretil\2026-07-12\payload\textgrid_49kp4_0.xml,True,36218,0910297372b0174269fcfd7abf6569cd85382bbd40d09a7266a18f91def8d6da,48e7f10e0af361253b13e4cab279ff61,True,True,TEI,sa_zivamahimnastava,https://creativecommons.org/licenses/by-nc-sa/4.0/,
TG-GRE-C-0177,TG-GRE-0177,textgrid:49kp7.0,handle:hdl:21.11113/0000-0016-C9DA-0,TEI_XML,33840,md5,5c51bbc8e8a738dfacd724c9a022691a,acquisitions\staging\textgrid-gretil\2026-07-12\payload\textgrid_49kp7_0.xml,True,33840,dd9d5f502df40c3052adf2f83754e0429c8151dc72ad8fecef38258242f62d2a,5c51bbc8e8a738dfacd724c9a022691a,True,True,TEI,sa_devIkAlottarAgama,https://creativecommons.org/licenses/by-nc-sa/4.0/,
TG-GRE-C-0178,TG-GRE-0178,textgrid:49kpb.0,handle:hdl:21.11113/0000-0016-C9DD-D,TEI_XML,26563,md5,41c46b4fd68244768857e9b0842709fd,acquisitions\staging\textgrid-gretil\2026-07-12\payload\textgrid_49kpb_0.xml,True,26563,ed4de824ad2df7d2eaf57063b27b1c08df17b297362a6f1246c8d41dc6d60960,41c46b4fd68244768857e9b0842709fd,True,True,TEI,sa_gorakSanAtha-AmaraughazAsana-comm,https://creativecommons.org/licenses/by-nc-sa/4.0/,
TG-GRE-C-0179,TG-GRE-0179,textgrid:49kpf.0,handle:hdl:21.11113/0000-0016-C9E0-8,TEI_XML,101043,md5,3fb23c7a9b1f69e076572213707ff6cb,acquisitions\staging\textgrid-gretil\2026-07-12\payload\textgrid_49kpf_0.xml,True,101043,76503c107881fd2bdbaa05f7ac3e216253777a59c0c9d5f64e7c4bb4f59cafc4,3fb23c7a9b1f69e076572213707ff6cb,True,True,TEI,sa_sArdhatrizatikAlottarAgama,https://creativecommons.org/licenses/by-nc-sa/4.0/,
TG-GRE-C-0180,TG-GRE-0180,textgrid:49kpj.0,handle:hdl:21.11113/0000-0016-C9E3-5,TEI_XML,123858,md5,53727981424f0efc10ed110a1a0e2b5d,acquisitions\staging\textgrid-gretil\2026-07-12\payload\textgrid_49kpj_0.xml,True,123858,ed0a45b742d6fbc6c82033804cb795675769aeb77162c1e8a86921c75c0cdee6,53727981424f0efc10ed110a1a0e2b5d,True,True,TEI,sa_sAtvatatantra,https://creativecommons.org/licenses/by-nc-sa/4.0/,
TG-GRE-C-0181,TG-GRE-0181,textgrid:49kpn.0,handle:hdl:21.11113/0000-0016-C9E6-2,TEI_XML,39665,md5,bd998be87f534e9b58ad0b97df99bca2,acquisitions\staging\textgrid-gretil\2026-07-12\payload\textgrid_49kpn_0.xml,True,39665,5141864bab36b1ec494648b8e3b3c7c2ec2d9021bd2d34de928687c2ad66a871,bd998be87f534e9b58ad0b97df99bca2,True,True,TEI,sa_gorakSanAtha-gorakSazataka,https://creativecommons.org/licenses/by-nc-sa/4.0/,
TG-GRE-C-0182,TG-GRE-0182,textgrid:49kpr.0,handle:hdl:21.11113/0000-0016-C9E9-F,TEI_XML,39847,md5,09bb9d123ce8173f69517de10ad4d19e,acquisitions\staging\textgrid-gretil\2026-07-12\payload\textgrid_49kpr_0.xml,True,39847,ba87bab1e2b7eaeabccc5e750e785c89e9dc2f0402631cb6b4ebd3d1242aec27,09bb9d123ce8173f69517de10ad4d19e,True,True,TEI,sa_dhyAnacandragosvAmin-rAdhAkRSNASTakAlIyalIlAsmaraNakramapaddhati,https://creativecommons.org/licenses/by-nc-sa/4.0/,
TG-GRE-C-0183,TG-GRE-0183,textgrid:49kpv.0,handle:hdl:21.11113/0000-0016-C9EC-C,TEI_XML,41172,md5,6a07a6785810015b08a0774df039cbb4,acquisitions\staging\textgrid-gretil\2026-07-12\payload\textgrid_49kpv_0.xml,True,41172,101935564c5e9125144ac58fd918322fc2df0b5cea579f275f3b0d85ad160576,6a07a6785810015b08a0774df039cbb4,True,True,TEI,sa_gorakSazataka-alt,https://creativecommons.org/licenses/by-nc-sa/4.0/,
TG-GRE-C-0184,TG-GRE-0184,textgrid:49kpz.0,handle:hdl:21.11113/0000-0016-C9EF-9,TEI_XML,63718,md5,cb75669a7800db4dcf37d0070faeef01,acquisitions\staging\textgrid-gretil\2026-07-12\payload\textgrid_49kpz_0.xml,True,63718,2c20b67d7819e216d925668d9c0a59d7fb7611b7e56c3c0c9cc283c7d702d392,cb75669a7800db4dcf37d0070faeef01,True,True,TEI,sa_bhaTTanArAyaNa-stavacintAmaNi,https://creativecommons.org/licenses/by-nc-sa/4.0/,
TG-GRE-C-0185,TG-GRE-0185,textgrid:49kq2.0,handle:hdl:21.11113/0000-0016-C9F2-4,TEI_XML,118494,md5,095166cca19f700d4661081f136dfa96,acquisitions\staging\textgrid-gretil\2026-07-12\payload\textgrid_49kq2_0.xml,True,118494,ad8fca4bf179f5f3a600ca0b9bb5e7f58181453c77f93a6f235db264f0eba76f,095166cca19f700d4661081f136dfa96,True,True,TEI,sa_uDDAmarezvaratantra,https://creativecommons.org/licenses/by-nc-sa/4.0/,
TG-GRE-C-0186,TG-GRE-0186,textgrid:49kq5.0,handle:hdl:21.11113/0000-0016-C9F5-1,TEI_XML,124356,md5,efac675567fd6b168d349f90452e8492,acquisitions\staging\textgrid-gretil\2026-07-12\payload\textgrid_49kq5_0.xml,True,124356,bbeab5f1484ff033c17549cf389726cc136860ad2770fb1381dc0cea3419948e,efac675567fd6b168d349f90452e8492,True,True,TEI,sa_toDalatantra,https://creativecommons.org/licenses/by-nc-sa/4.0/,
TG-GRE-C-0187,TG-GRE-0187,textgrid:49kq8.0,handle:hdl:21.11113/0000-0016-C9F8-E,TEI_XML,82128,md5,a1a52b2e40acec7d5f7cee3fec21cc53,acquisitions\staging\textgrid-gretil\2026-07-12\payload\textgrid_49kq8_0.xml,True,82128,e39b770d5f815fec61ab5c9d6fb1ad5b10fc19730c1ec68399e6ff703913ad9a,a1a52b2e40acec7d5f7cee3fec21cc53,True,True,TEI,sa_utpaladeva-zivastotrAvali,https://creativecommons.org/licenses/by-nc-sa/4.0/,
TG-GRE-C-0188,TG-GRE-0188,textgrid:49kqc.0,handle:hdl:21.11113/0000-0016-C9FB-B,TEI_XML,80158,md5,d31c82bf01fe7ec802aaa6e77cbad302,acquisitions\staging\textgrid-gretil\2026-07-12\payload\textgrid_49kqc_0.xml,True,80158,c93b6df9c9876cdef70e2e2db99b0699c4dbbac8ea3167586eebcd713ac0021c,d31c82bf01fe7ec802aaa6e77cbad302,True,True,TEI,sa_zivasUtra-with-vArttika,https://creativecommons.org/licenses/by-nc-sa/4.0/,
TG-GRE-C-0189,TG-GRE-0189,textgrid:49kqg.0,handle:hdl:21.11113/0000-0016-C9FE-8,TEI_XML,26501,md5,a989b04cf55b2310265ff07c2e354ddb,acquisitions\staging\textgrid-gretil\2026-07-12\payload\textgrid_49kqg_0.xml,True,26501,9a76fbc37ced22e15e492698f2d84ad5141e8d1ef914b9b7cbcc503dd29b49bc,a989b04cf55b2310265ff07c2e354ddb,True,True,TEI,sa_jJAnazambhu-zivapUjAstava,https://creativecommons.org/licenses/by-nc-sa/4.0/,
TG-GRE-C-0190,TG-GRE-0190,textgrid:49kqk.0,handle:hdl:21.11113/0000-0016-CA01-3,TEI_XML,121577,md5,c3504f74b1cfeeb6c14a6dc32583b6ea,acquisitions\staging\textgrid-gretil\2026-07-12\payload\textgrid_49kqk_0.xml,True,121577,11d21aff53d5f16525e9208a302f3f94f0331a8b1412dc824ae961ce7f8921d9,c3504f74b1cfeeb6c14a6dc32583b6ea,True,True,TEI,sa_vINAzikhatantra,https://creativecommons.org/licenses/by-nc-sa/4.0/,
TG-GRE-C-0191,TG-GRE-0191,textgrid:49kqp.0,handle:hdl:21.11113/0000-0016-CA04-0,TEI_XML,102510,md5,7a9ee7dab5c7cecf6cde7b0b0d88e45c,acquisitions\staging\textgrid-gretil\2026-07-12\payload\textgrid_49kqp_0.xml,True,102510,656488a4095a57369498c8a0948244878afefddb68776701465784edaf60472b,7a9ee7dab5c7cecf6cde7b0b0d88e45c,True,True,TEI,sa_zrIkaNTha-ratnatrayaparIkSA,https://creativecommons.org/licenses/by-nc-sa/4.0/,
TG-GRE-C-0192,TG-GRE-0192,textgrid:49kqs.0,handle:hdl:21.11113/0000-0016-CA07-D,TEI_XML,16903,md5,352de1cc29ef6b3f76adabbb0b68f12b,acquisitions\staging\textgrid-gretil\2026-07-12\payload\textgrid_49kqs_0.xml,True,16903,6ed012bb5f0a7bd9e4b644a80bf596c9877d5b8338a3531d01274255066ee6b4,352de1cc29ef6b3f76adabbb0b68f12b,True,True,TEI,sa_kalhaNa-ardhanarIzvarastotra,https://creativecommons.org/licenses/by-nc-sa/4.0/,
TG-GRE-C-0193,TG-GRE-0193,textgrid:49kqw.0,handle:hdl:21.11113/0000-0016-CA0A-A,TEI_XML,20068,md5,407332a9bf9f494cb95aeb54d688e56e,acquisitions\staging\textgrid-gretil\2026-07-12\payload\textgrid_49kqw_0.xml,True,20068,c6667d84943e8391376ab47c8327120593895c44f485d0bab48b258868470e47,407332a9bf9f494cb95aeb54d688e56e,True,True,TEI,sa_kulazekhara-mukundamAlA,https://creativecommons.org/licenses/by-nc-sa/4.0/,
TG-GRE-C-0194,TG-GRE-0194,textgrid:49kr0.0,handle:hdl:21.11113/0000-0016-CA0D-7,TEI_XML,38103,md5,266c43a8ef4eba91e21823512a4b225c,acquisitions\staging\textgrid-gretil\2026-07-12\payload\textgrid_49kr0_0.xml,True,38103,b5d43212b000a59c982174e6177fc0c1e14fcbbadac2ad8ea40fcc9cd53fe339,266c43a8ef4eba91e21823512a4b225c,True,True,TEI,sa_karatoyAmAhAtmya,https://creativecommons.org/licenses/by-nc-sa/4.0/,
TG-GRE-C-0195,TG-GRE-0195,textgrid:49kr3.0,handle:hdl:21.11113/0000-0016-CA10-2,TEI_XML,44553,md5,28d11db2e9e13386673bc2a4a99dd46b,acquisitions\staging\textgrid-gretil\2026-07-12\payload\textgrid_49kr3_0.xml,True,44553,269b265538ddbce46c24e4c14d910309a91901b81214d00f1ae0778b64155f34,28d11db2e9e13386673bc2a4a99dd46b,True,True,TEI,sa_mAdhva-kRSNAmRtamahArNava,https://creativecommons.org/licenses/by-nc-sa/4.0/,
TG-GRE-C-0196,TG-GRE-0196,textgrid:49kr6.0,handle:hdl:21.11113/0000-0016-CA13-F,TEI_XML,33468,md5,67d0f73a9af70e8ed1c2cf4285a13278,acquisitions\staging\textgrid-gretil\2026-07-12\payload\textgrid_49kr6_0.xml,True,33468,26b6cd8c2ab50c4e558d29f8074ee71bd1ab039a29d4b93bc8cf16da6eabde70,67d0f73a9af70e8ed1c2cf4285a13278,True,True,TEI,sa_pAzupatasUtra,https://creativecommons.org/licenses/by-nc-sa/4.0/,
TG-GRE-C-0197,TG-GRE-0197,textgrid:49kr9.0,handle:hdl:21.11113/0000-0016-CA16-C,TEI_XML,91514,md5,9cdbe39dc3c94756da2a7e9f03f4727b,acquisitions\staging\textgrid-gretil\2026-07-12\payload\textgrid_49kr9_0.xml,True,91514,ff273ac65565379b1fe5ec42aa1d02e1f3be4d97a239e79b4c87a8bba2ba798a,9cdbe39dc3c94756da2a7e9f03f4727b,True,True,TEI,sa_zaMkara-saundaryalaharI,https://creativecommons.org/licenses/by-nc-sa/4.0/,
TG-GRE-C-0198,TG-GRE-0198,textgrid:49krd.0,handle:hdl:21.11113/0000-0016-CA19-9,TEI_XML,105330,md5,9406b86748dc91e80c4298cbb6c1f5be,acquisitions\staging\textgrid-gretil\2026-07-12\payload\textgrid_49krd_0.xml,True,105330,f91969cd2ac2a2d8a71f908774483002a6fe4d4bcdb488dab8195a55b854a8a9,9406b86748dc91e80c4298cbb6c1f5be,True,True,TEI,sa_brahmasaMhitA-5-comm,https://creativecommons.org/licenses/by-nc-sa/4.0/,
TG-GRE-C-0199,TG-GRE-0199,textgrid:49krh.0,handle:hdl:21.11113/0000-0016-CA1C-6,TEI_XML,91239,md5,c9c3fc42f1cecc95a70eb23b57a29ca4,acquisitions\staging\textgrid-gretil\2026-07-12\payload\textgrid_49krh_0.xml,True,91239,a0d03c0ae5441721e980825609a987ddc88dd2f2fa37b1ba077e095364c4b053,c9c3fc42f1cecc95a70eb23b57a29ca4,True,True,TEI,sa_dhyAnacandragosvAmin-gauragaovindArcanasmaraNapaddhati,https://creativecommons.org/licenses/by-nc-sa/4.0/,
TG-GRE-C-0200,TG-GRE-0200,textgrid:49krm.0,handle:hdl:21.11113/0000-0016-CA1F-3,TEI_XML,175026,md5,dde47e845bfa532b99de9164c7cec927,acquisitions\staging\textgrid-gretil\2026-07-12\payload\textgrid_49krm_0.xml,True,175026,2062fc2d4d5491eeb79964a0faa550ca1ffcd32dce74991a9d5c1f449672da91,dde47e845bfa532b99de9164c7cec927,True,True,TEI,sa_rUpagosvAmin-laghubhAgavatAmRta,https://creativecommons.org/licenses/by-nc-sa/4.0/,
TG-GRE-C-0201,TG-GRE-0201,textgrid:49krq.0,handle:hdl:21.11113/0000-0016-CA22-E,TEI_XML,170211,md5,3f7c7c493067afc2c64bd4de48c51b7e,acquisitions\staging\textgrid-gretil\2026-07-12\payload\textgrid_49krq_0.xml,True,170211,b72d54e14628115967986e352d0c1b0bb376e497e470907559588f5d135595c4,3f7c7c493067afc2c64bd4de48c51b7e,True,True,TEI,sa_raghunAthadAsagosvAmin-muktAcarita,https://creativecommons.org/licenses/by-nc-sa/4.0/,
TG-GRE-C-0202,TG-GRE-0202,textgrid:49krt.0,handle:hdl:21.11113/0000-0016-CA25-B,TEI_XML,67441,md5,76d0071dc2a135657eb98c3cb0e4f04d,acquisitions\staging\textgrid-gretil\2026-07-12\payload\textgrid_49krt_0.xml,True,67441,eafb3dc6a87cbd47c978d9741b4fb5acb2a0542ce92082128da13c94e27de1b8,76d0071dc2a135657eb98c3cb0e4f04d,True,True,TEI,sa_jIvagosvAmin-rAdhAkRSNArcanadIpikA,https://creativecommons.org/licenses/by-nc-sa/4.0/,
TG-GRE-C-0203,TG-GRE-0203,textgrid:49krx.0,handle:hdl:21.11113/0000-0016-CA28-8,TEI_XML,95952,md5,b8238113112d5301678c5839f5bfdadf,acquisitions\staging\textgrid-gretil\2026-07-12\payload\textgrid_49krx_0.xml,True,95952,7e7547783097b57b8baa53eb15b8450b500fe82165f7e80bb62593cd53254a3e,b8238113112d5301678c5839f5bfdadf,True,True,TEI,sa_mAtRkAbhedatantra,https://creativecommons.org/licenses/by-nc-sa/4.0/,
TG-GRE-C-0204,TG-GRE-0204,textgrid:49ks1.0,handle:hdl:21.11113/0000-0016-CA2B-5,TEI_XML,157249,md5,e3fe4c153bb3d1376d046d669350dcd4,acquisitions\staging\textgrid-gretil\2026-07-12\payload\textgrid_49ks1_0.xml,True,157249,72b82ff0657364b4179bc9b2547ad37ba78f64b1976c05e398348acfa3624caa,e3fe4c153bb3d1376d046d669350dcd4,True,True,TEI,sa_bhaktivinoda-harinAmacintAmaNi,https://creativecommons.org/licenses/by-nc-sa/4.0/,
TG-GRE-C-0205,TG-GRE-0205,textgrid:49ks4.0,handle:hdl:21.11113/0000-0016-CA2E-2,TEI_XML,88211,md5,cb9c8dba6611209813c9f6199ecf9a61,acquisitions\staging\textgrid-gretil\2026-07-12\payload\textgrid_49ks4_0.xml,True,88211,1cd9c64117ab7ebc0e574a4e567ac0464a7d16222f4beb8fd3e6f7ca0bc37ed8,cb9c8dba6611209813c9f6199ecf9a61,True,True,TEI,sa_parazurAmakalpasUtra,https://creativecommons.org/licenses/by-nc-sa/4.0/,
TG-GRE-C-0206,TG-GRE-0206,textgrid:49ks7.0,handle:hdl:21.11113/0000-0016-CA31-D,TEI_XML,186934,md5,f4ff15567babd7c91668820e7e5d633f,acquisitions\staging\textgrid-gretil\2026-07-12\payload\textgrid_49ks7_0.xml,True,186934,549934fe4102285f8a895ad85904ceced5cc1061bff92a5ddaf83ab3cb729d74,f4ff15567babd7c91668820e7e5d633f,True,True,TEI,sa_aSTAvakragItA,https://creativecommons.org/licenses/by-nc-sa/4.0/,
TG-GRE-C-0207,TG-GRE-0207,textgrid:49ksb.0,handle:hdl:21.11113/0000-0016-CA34-A,TEI_XML,171990,md5,51990eb16587ac1d795e3e8ba68a3c51,acquisitions\staging\textgrid-gretil\2026-07-12\payload\textgrid_49ksb_0.xml,True,171990,eb6a396fc6c5c1c671fb1a522f3ecc87c6a92878ae1fb715be9f8af9c61f5c6b,51990eb16587ac1d795e3e8ba68a3c51,True,True,TEI,sa_mAlinIvijayottaratantra,https://creativecommons.org/licenses/by-nc-sa/4.0/,
TG-GRE-C-0208,TG-GRE-0208,textgrid:49ksf.0,handle:hdl:21.11113/0000-0016-CA37-7,TEI_XML,187758,md5,782741e3ad654d12282ccecf84742b8f,acquisitions\staging\textgrid-gretil\2026-07-12\payload\textgrid_49ksf_0.xml,True,187758,d5f17798d252304fe6c87bead53f649f36abd490cf84470ced03ea1dc53d93fc,782741e3ad654d12282ccecf84742b8f,True,True,TEI,sa_kRSNadAsa-bhAvanAsArasaMgraha-1-2,https://creativecommons.org/licenses/by-nc-sa/4.0/,
TG-GRE-C-0209,TG-GRE-0209,textgrid:49ksj.0,handle:hdl:21.11113/0000-0016-CA3A-4,TEI_XML,178153,md5,eef37d70ca7b8bb230a51b2ec37e2d2e,acquisitions\staging\textgrid-gretil\2026-07-12\payload\textgrid_49ksj_0.xml,True,178153,089d0b0f5b780cd7b2ae37d15477f2cc2333b8ac29d7bcd5171b69845f24e44c,eef37d70ca7b8bb230a51b2ec37e2d2e,True,True,TEI,sa_jJAnAmRtasArasaMhitA,https://creativecommons.org/licenses/by-nc-sa/4.0/,
TG-GRE-C-0210,TG-GRE-0210,textgrid:49ksn.0,handle:hdl:21.11113/0000-0016-CA3D-1,TEI_XML,272572,md5,63766e74ad05f81f439645dcf956c609,acquisitions\staging\textgrid-gretil\2026-07-12\payload\textgrid_49ksn_0.xml,True,272572,4911f09ab23f93683c77c87b03c0fcd58ff969ded33512f122e9026a720c7905,63766e74ad05f81f439645dcf956c609,True,True,TEI,sa_pAzupatasUtra-comm,https://creativecommons.org/licenses/by-nc-sa/4.0/,
TG-GRE-C-0211,TG-GRE-0211,textgrid:49ksr.0,handle:hdl:21.11113/0000-0016-CA40-C,TEI_XML,264054,md5,bacfdc51fca317f5280cf28ce301b95a,acquisitions\staging\textgrid-gretil\2026-07-12\payload\textgrid_49ksr_0.xml,True,264054,5a7bcebb1e9aa0f2d949c142e7dc5c62f5cc6335d74bad8cb7f977ddaa698bf4,bacfdc51fca317f5280cf28ce301b95a,True,True,TEI,sa_prakAzasaMhitA,https://creativecommons.org/licenses/by-nc-sa/4.0/,
TG-GRE-C-0212,TG-GRE-0212,textgrid:49ksv.0,handle:hdl:21.11113/0000-0016-CA43-9,TEI_XML,213172,md5,474648dcbc67c23d129841cd588bae39,acquisitions\staging\textgrid-gretil\2026-07-12\payload\textgrid_49ksv_0.xml,True,213172,2d30b558266a2846cb8ddf16a9a3fb1534f9cab8e66ea45c1045326c676f494a,474648dcbc67c23d129841cd588bae39,True,True,TEI,sa_haribhadrasUri-zAstravArttAsamuccaya,https://creativecommons.org/licenses/by-nc-sa/4.0/,
TG-GRE-C-0213,TG-GRE-0213,textgrid:49ksz.0,handle:hdl:21.11113/0000-0016-CA46-6,TEI_XML,231243,md5,3653ce5ce3db2000df8cbfebf7eb162b,acquisitions\staging\textgrid-gretil\2026-07-12\payload\textgrid_49ksz_0.xml,True,231243,b60941914d400f04c061c8b0214f74a76501c07506ae712e00b93d406b4f3854,3653ce5ce3db2000df8cbfebf7eb162b,True,True,TEI,sa_kiraNatantra1-6,https://creativecommons.org/licenses/by-nc-sa/4.0/,
TG-GRE-C-0214,TG-GRE-0214,textgrid:49kt2.0,handle:hdl:21.11113/0000-0016-CA49-3,TEI_XML,256963,md5,a3ed2bbfdb74af69fbf8db0fc927b3d3,acquisitions\staging\textgrid-gretil\2026-07-12\payload\textgrid_49kt2_0.xml,True,256963,8529f995fa449f44d33c95c5c599746aaa431709207270199c76d39d0a13b6eb,a3ed2bbfdb74af69fbf8db0fc927b3d3,True,True,TEI,sa_mRgendrAgama,https://creativecommons.org/licenses/by-nc-sa/4.0/,
TG-GRE-C-0215,TG-GRE-0215,textgrid:49kt5.0,handle:hdl:21.11113/0000-0016-CA4C-0,TEI_XML,392789,md5,cd0886d80e42f27a6c5512a1ba5461bf,acquisitions\staging\textgrid-gretil\2026-07-12\payload\textgrid_49kt5_0.xml,True,392789,aa0c00ba06dce49547697973cb725c148a3db87de5d8f8927269b9a8c023a653,cd0886d80e42f27a6c5512a1ba5461bf,True,True,TEI,sa_rAdhAkRSNadAsagosvAmin-sAdhanadIpikA,https://creativecommons.org/licenses/by-nc-sa/4.0/,
TG-GRE-C-0216,TG-GRE-0216,textgrid:49kt8.0,handle:hdl:21.11113/0000-0016-CA4F-D,TEI_XML,413820,md5,87f2b8af402eaee1ad6ca22ff1e6bab5,acquisitions\staging\textgrid-gretil\2026-07-12\payload\textgrid_49kt8_0.xml,True,413820,f1232e416d2a013e91efe79ac38b4be2bb2fbcf767d149638e8fc8aed5683d11,87f2b8af402eaee1ad6ca22ff1e6bab5,True,True,TEI,sa_vaikhAnasamantraprazna5-8,https://creativecommons.org/licenses/by-nc-sa/4.0/,
TG-GRE-C-0217,TG-GRE-0217,textgrid:49ktc.0,handle:hdl:21.11113/0000-0016-CA52-8,TEI_XML,387106,md5,bc9a47a78d0c61a207be4d29c4188d95,acquisitions\staging\textgrid-gretil\2026-07-12\payload\textgrid_49ktc_0.xml,True,387106,0fface61baba66639c05a48ed28878ec1ffafead70c525a62707afe61022d8b8,bc9a47a78d0c61a207be4d29c4188d95,True,True,TEI,sa_srinivasamakhi-vedantadesika-dazavidhAhetunirUpaNa,https://creativecommons.org/licenses/by-nc-sa/4.0/,
TG-GRE-C-0218,TG-GRE-0218,textgrid:49ktg.0,handle:hdl:21.11113/0000-0016-CA55-5,TEI_XML,395067,md5,6911443236b6898068a3f465561f5b17,acquisitions\staging\textgrid-gretil\2026-07-12\payload\textgrid_49ktg_0.xml,True,395067,e950efdd8076d6527962f9e217c9ca85e3cc21c2a6309648edcdd37cf1464769,6911443236b6898068a3f465561f5b17,True,True,TEI,sa_zivopaniSad,https://creativecommons.org/licenses/by-nc-sa/4.0/,
TG-GRE-C-0219,TG-GRE-0219,textgrid:49ktk.0,handle:hdl:21.11113/0000-0016-CA58-2,TEI_XML,485456,md5,ec850713703f37731ceabd091366b222,acquisitions\staging\textgrid-gretil\2026-07-12\payload\textgrid_49ktk_0.xml,True,485456,c1b97a0eba2f6d5b3fdbef8acc36c24d535635b5d76d158841479a78cf298a49,ec850713703f37731ceabd091366b222,True,True,TEI,sa_kezavakAzmIri-kramadIpikA,https://creativecommons.org/licenses/by-nc-sa/4.0/,
TG-GRE-C-0220,TG-GRE-0220,textgrid:49ktp.0,handle:hdl:21.11113/0000-0016-CA5B-F,TEI_XML,461078,md5,fb8d59128215cfd8dd9ef38fbe29c766,acquisitions\staging\textgrid-gretil\2026-07-12\payload\textgrid_49ktp_0.xml,True,461078,4b5c9729a337b9048504de5c2d269a63244a4fb9379b514085256607f61f4cc7,fb8d59128215cfd8dd9ef38fbe29c766,True,True,TEI,sa_rUpagosvAmin-haribhaktirasAmRtasindhu,https://creativecommons.org/licenses/by-nc-sa/4.0/,
TG-GRE-C-0221,TG-GRE-0221,textgrid:49kts.0,handle:hdl:21.11113/0000-0016-CA5E-C,TEI_XML,629885,md5,489695387bb6eb7af3bee2454197fd81,acquisitions\staging\textgrid-gretil\2026-07-12\payload\textgrid_49kts_0.xml,True,629885,ddc7ac96d817bd4c93d79cfea6ca664d79a1aa7d583db7ccc49033a638ced53e,489695387bb6eb7af3bee2454197fd81,True,True,TEI,sa_viSvaksenasaMhitA,https://creativecommons.org/licenses/by-nc-sa/4.0/,
TG-GRE-C-0222,TG-GRE-0222,textgrid:49ktw.0,handle:hdl:21.11113/0000-0016-CA61-7,TEI_XML,581912,md5,87c1a3fc6c7b3f09eacbc01656abf497,acquisitions\staging\textgrid-gretil\2026-07-12\payload\textgrid_49ktw_0.xml,True,581912,6d72a48db35cbe7b52a59fb578293697f7cd2a0045ec97892e883a706a0e1468,87c1a3fc6c7b3f09eacbc01656abf497,True,True,TEI,sa_pauSkarasaMhitA-27-43,https://creativecommons.org/licenses/by-nc-sa/4.0/,
TG-GRE-C-0223,TG-GRE-0223,textgrid:49kv0.0,handle:hdl:21.11113/0000-0016-CA64-4,TEI_XML,789444,md5,3b53794d8f31ee36a48134ccba44009b,acquisitions\staging\textgrid-gretil\2026-07-12\payload\textgrid_49kv0_0.xml,True,789444,f786a645046fb4a3f7b26e6e924d07288a98f675b4b41bd9fa80d87420bf5994,3b53794d8f31ee36a48134ccba44009b,True,True,TEI,sa_viSNudharma,https://creativecommons.org/licenses/by-nc-sa/4.0/,
TG-GRE-C-0224,TG-GRE-0224,textgrid:49kv3.0,handle:hdl:21.11113/0000-0016-CA67-1,TEI_XML,837426,md5,c32877e96d38186c9d15a81fbbebab2f,acquisitions\staging\textgrid-gretil\2026-07-12\payload\textgrid_49kv3_0.xml,True,837426,2cf126856c9442ef5e308280d2297c28da1de89f3dae5f746a27e0fcec7d731c,c32877e96d38186c9d15a81fbbebab2f,True,True,TEI,sa_gopAlabhaTTa-haribhaktivilAsa-1-11,https://creativecommons.org/licenses/by-nc-sa/4.0/,
TG-GRE-C-0225,TG-GRE-0225,textgrid:49kv6.0,handle:hdl:21.11113/0000-0016-CA6A-E,TEI_XML,871551,md5,85135ebd8469a173b2555dac0d24ab1b,acquisitions\staging\textgrid-gretil\2026-07-12\payload\textgrid_49kv6_0.xml,True,871551,cbf305fca4ffe193b20ede4472937174304e2f9c6d6b8f450221ac87f8e73bba,85135ebd8469a173b2555dac0d24ab1b,True,True,TEI,sa_kubjikamatatantra,https://creativecommons.org/licenses/by-nc-sa/4.0/,
TG-GRE-C-0226,TG-GRE-0226,textgrid:49kv9.0,handle:hdl:21.11113/0000-0016-CA6D-B,TEI_XML,2236908,md5,7adf1fe4e628086fb0647efd029f5ffe,acquisitions\staging\textgrid-gretil\2026-07-12\payload\textgrid_49kv9_0.xml,True,2236908,8aafe5e3dc54c1a2955439bcbcb592db2ae3aa92d289f6bbf7937e114fc257d8,7adf1fe4e628086fb0647efd029f5ffe,True,True,TEI,sa_jiva-gosvami-satsamdarbha,https://creativecommons.org/licenses/by-nc-sa/4.0/,
TG-GRE-C-0227,TG-GRE-0227,textgrid:49kvd.0,handle:hdl:21.11113/0000-0016-CA70-6,TEI_XML,14492,md5,af2bf32270f84d209c9791de97677fc3,acquisitions\staging\textgrid-gretil\2026-07-12\payload\textgrid_49kvd_0.xml,True,14492,804958b17931ae6287089bb5ba7237a743f995afa75a42ee5d4c389fcf42d3dc,af2bf32270f84d209c9791de97677fc3,True,True,TEI,sa_somAnanda-zAktavijJAna,https://creativecommons.org/licenses/by-nc-sa/4.0/,
TG-GRE-C-0228,TG-GRE-0228,textgrid:49kvh.0,handle:hdl:21.11113/0000-0016-CA73-3,TEI_XML,14378,md5,8b53f29d077d9afbb91f7eb94b96de54,acquisitions\staging\textgrid-gretil\2026-07-12\payload\textgrid_49kvh_0.xml,True,14378,18a18dce44800305d6d3b0e5a5a7675f9891642d22cb81a1179083628903c327,8b53f29d077d9afbb91f7eb94b96de54,True,True,TEI,sa_puruSottamadeva-ekAkSarakoza,https://creativecommons.org/licenses/by-nc-sa/4.0/,
TG-GRE-C-0229,TG-GRE-0229,textgrid:49kvm.0,handle:hdl:21.11113/0000-0016-CA76-0,TEI_XML,12534,md5,f8505a10adc7b3a138a587855e162123,acquisitions\staging\textgrid-gretil\2026-07-12\payload\textgrid_49kvm_0.xml,True,12534,aa99071a2890337382e1e0a9ae668cdea8530143e916bbf87f749ca4d7c0b988,f8505a10adc7b3a138a587855e162123,True,True,TEI,sa_yAmuna-catuHzlokI,https://creativecommons.org/licenses/by-nc-sa/4.0/,
TG-GRE-C-0230,TG-GRE-0230,textgrid:49kvq.0,handle:hdl:21.11113/0000-0016-CA79-D,TEI_XML,889552,md5,fe471578c68e82bb4012a0570aa99b48,acquisitions\staging\textgrid-gretil\2026-07-12\payload\textgrid_49kvq_0.xml,True,889552,fddd3fed7d67e6109c1d02588c5d853e8342f2688dec66cece2641041eb3b90c,fe471578c68e82bb4012a0570aa99b48,True,True,TEI,sa_bhRgusaMhitA,https://creativecommons.org/licenses/by-nc-sa/4.0/,
TG-GRE-C-0231,TG-GRE-0231,textgrid:49kvt.0,handle:hdl:21.11113/0000-0016-CA7C-A,TEI_XML,1045685,md5,bf4ee8ca5fdd1efe4e89312c36763596,acquisitions\staging\textgrid-gretil\2026-07-12\payload\textgrid_49kvt_0.xml,True,1045685,deea603982d114596377c2711740061bdc5a50f2dba3d6f944250c57f88d1724,bf4ee8ca5fdd1efe4e89312c36763596,True,True,TEI,sa_svacchandatantra,https://creativecommons.org/licenses/by-nc-sa/4.0/,
TG-GRE-C-0232,TG-GRE-0232,textgrid:49kvx.0,handle:hdl:21.11113/0000-0016-CA7F-7,TEI_XML,1981608,md5,8e7d16099c79a622eac84da764b7df92,acquisitions\staging\textgrid-gretil\2026-07-12\payload\textgrid_49kvx_0.xml,True,1981608,4f06db8641179c8eabcefad3a30c9d998ef6b8ceac9b41982e5999c0c5f6c9f0,8e7d16099c79a622eac84da764b7df92,True,True,TEI,religious_saivrliu,https://creativecommons.org/licenses/by-nc-sa/4.0/,
TG-GRE-C-0233,TG-GRE-0233,textgrid:49kwg.0,handle:hdl:21.11113/0000-0016-CA84-F,TEI_XML,66398,md5,cae73c88b4bebfd53ccaba36e4640d64,acquisitions\staging\textgrid-gretil\2026-07-12\payload\textgrid_49kwg_0.xml,True,66398,48219fa0723ebb7c01a04f4fb5919760a774dbafed27ac1bebe9b8086e5e9877,cae73c88b4bebfd53ccaba36e4640d64,True,True,TEI,sa_vaikhAnasadharmasUtra,https://creativecommons.org/licenses/by-nc-sa/4.0/,
TG-GRE-C-0234,TG-GRE-0234,textgrid:49kwk.0,handle:hdl:21.11113/0000-0016-CA87-C,TEI_XML,133197,md5,a5c433618f948bea246a17ad9465f4cf,acquisitions\staging\textgrid-gretil\2026-07-12\payload\textgrid_49kwk_0.xml,True,133197,6893c219b9dc494b43ee2c82e4c1f8a04cf5141f13d9748edb2a6633bd847d04,a5c433618f948bea246a17ad9465f4cf,True,True,TEI,sa_vAsiSThadharmasUtra,https://creativecommons.org/licenses/by-nc-sa/4.0/,
TG-GRE-C-0235,TG-GRE-0235,textgrid:49kwp.0,handle:hdl:21.11113/0000-0016-CA8A-9,TEI_XML,411721,md5,e6a281e7f8b6324cbfc35fb4ba9b60eb,acquisitions\staging\textgrid-gretil\2026-07-12\payload\textgrid_49kwp_0.xml,True,411721,2586997edb67af2f2b069d8f3d191f6ffcdf040723458c1cdd910d76b72cb761,e6a281e7f8b6324cbfc35fb4ba9b60eb,True,True,TEI,sa_parAzarasmRti-AcAra-prAyazcitta,https://creativecommons.org/licenses/by-nc-sa/4.0/,
TG-GRE-C-0236,TG-GRE-0236,textgrid:49kws.0,handle:hdl:21.11113/0000-0016-CA8D-6,TEI_XML,619559,md5,10d98c70d1a803117346438cde648c02,acquisitions\staging\textgrid-gretil\2026-07-12\payload\textgrid_49kws_0.xml,True,619559,22c05271497e75dc020cce713f230c90556537c4b39fff71ce843079f362ee96,10d98c70d1a803117346438cde648c02,True,True,TEI,sa_nAradasmRti,https://creativecommons.org/licenses/by-nc-sa/4.0/,
TG-GRE-C-0237,TG-GRE-0237,textgrid:49kww.0,handle:hdl:21.11113/0000-0016-CA90-1,TEI_XML,34081,md5,de62570d985a09baf00adbdadb98d672,acquisitions\staging\textgrid-gretil\2026-07-12\payload\textgrid_49kww_0.xml,True,34081,dcbbc341e168f2372484067169367c331c192dfe250cca34bd6bd730348cc9ef,de62570d985a09baf00adbdadb98d672,True,True,TEI,sa_yamasmRti-78v,https://creativecommons.org/licenses/by-nc-sa/4.0/,
TG-GRE-C-0238,TG-GRE-0238,textgrid:49kx0.0,handle:hdl:21.11113/0000-0016-CA93-E,TEI_XML,691239,md5,964840dacebe2d3dba33c4264fd84eff,acquisitions\staging\textgrid-gretil\2026-07-12\payload\textgrid_49kx0_0.xml,True,691239,1adef6808e53f9bf2c96d11c6ad0d407295345596bd0c983148f8f9c53f106de,964840dacebe2d3dba33c4264fd84eff,True,True,TEI,dharmasastra_mvir_sau,https://creativecommons.org/licenses/by-nc-sa/4.0/,
TG-GRE-C-0239,TG-GRE-0239,textgrid:49kx3.0,handle:hdl:21.11113/0000-0016-CA96-B,TEI_XML,40858,md5,b5530f72577ac01d4bbd05b7af28de6b,acquisitions\staging\textgrid-gretil\2026-07-12\payload\textgrid_49kx3_0.xml,True,40858,12f95e58c3ebb49d6de8f326390b0f7948f0e66c6eacf6182dbe8f5e7b242da7,b5530f72577ac01d4bbd05b7af28de6b,True,True,TEI,sa_yamasmRti-99v,https://creativecommons.org/licenses/by-nc-sa/4.0/,
TG-GRE-C-0240,TG-GRE-0240,textgrid:49kx6.0,handle:hdl:21.11113/0000-0016-CA99-8,TEI_XML,53695,md5,24bcbba554adbb41e9c280563d118289,acquisitions\staging\textgrid-gretil\2026-07-12\payload\textgrid_49kx6_0.xml,True,53695,a41f385b09fe2d56e5a6ea5d5b436aeff31bd76446f094a432b807348963b09e,24bcbba554adbb41e9c280563d118289,True,True,TEI,sa_yamasmRti-s,https://creativecommons.org/licenses/by-nc-sa/4.0/,
TG-GRE-C-0241,TG-GRE-0241,textgrid:49kx9.0,handle:hdl:21.11113/0000-0016-CA9C-5,TEI_XML,69305,md5,1539f169bd736ad3ba0a492dffe91747,acquisitions\staging\textgrid-gretil\2026-07-12\payload\textgrid_49kx9_0.xml,True,69305,eb1ad29f6def5eb81d2f7df8ecddcf0eff941ea226cab6ba963711d308351945,1539f169bd736ad3ba0a492dffe91747,True,True,TEI,sa_yamasmRti-182v,https://creativecommons.org/licenses/by-nc-sa/4.0/,
TG-GRE-C-0242,TG-GRE-0242,textgrid:49kxd.0,handle:hdl:21.11113/0000-0016-CA9F-2,TEI_XML,671650,md5,15ba533373ec2040a327294baa526e28,acquisitions\staging\textgrid-gretil\2026-07-12\payload\textgrid_49kxd_0.xml,True,671650,281d95b332eba3fc5242fdbe03080d1a22989548e39b40d50d13cf7044c52661,15ba533373ec2040a327294baa526e28,True,True,TEI,sa_yAjJavalkyasmRti,https://creativecommons.org/licenses/by-nc-sa/4.0/,
TG-GRE-C-0243,TG-GRE-0243,textgrid:49kxh.0,handle:hdl:21.11113/0000-0016-CAA2-D,TEI_XML,757756,md5,bbe456e70496c62ff4e6f96ce5e29550,acquisitions\staging\textgrid-gretil\2026-07-12\payload\textgrid_49kxh_0.xml,True,757756,a38f34c753a1dfcb620416a6fc5e330d44cb6616564743758003b21ec346950f,bbe456e70496c62ff4e6f96ce5e29550,True,True,TEI,sa_viSNusmRti,https://creativecommons.org/licenses/by-nc-sa/4.0/,
TG-GRE-C-0244,TG-GRE-0244,textgrid:49kxm.0,handle:hdl:21.11113/0000-0016-CAA5-A,TEI_XML,123771,md5,dcc5c3f6be6c185a06ed6678c16660ae,acquisitions\staging\textgrid-gretil\2026-07-12\payload\textgrid_49kxm_0.xml,True,123771,e8b20ec2915ac2d4e9a3ad5532b3f87234e266a0182cca38434bada0fabf641b,dcc5c3f6be6c185a06ed6678c16660ae,True,True,TEI,sa_ApastambadharmasUtra,https://creativecommons.org/licenses/by-nc-sa/4.0/,
TG-GRE-C-0245,TG-GRE-0245,textgrid:49kxq.0,handle:hdl:21.11113/0000-0016-CAA8-7,TEI_XML,187775,md5,0096644ac981dad671ffc185073134b2,acquisitions\staging\textgrid-gretil\2026-07-12\payload\textgrid_49kxq_0.xml,True,187775,0d8e794b0083ab278f8d2df0acd281a707e0069a113e85453f835feff79758b3,0096644ac981dad671ffc185073134b2,True,True,TEI,sa_baudhAyanadharmasUtra,https://creativecommons.org/licenses/by-nc-sa/4.0/,
TG-GRE-C-0246,TG-GRE-0246,textgrid:49kxt.0,handle:hdl:21.11113/0000-0016-CAAB-4,TEI_XML,1845000,md5,539149bef8c71fd0c6e0fbef736c6370,acquisitions\staging\textgrid-gretil\2026-07-12\payload\textgrid_49kxt_0.xml,True,1845000,cabf7af75f9f67d3af7b320ba73b3cb55875fc46123a8161540b1c71a291fe62,539149bef8c71fd0c6e0fbef736c6370,True,True,TEI,sa_vijJAnezvara-mitAkSarA,https://creativecommons.org/licenses/by-nc-sa/4.0/,
TG-GRE-C-0247,TG-GRE-0247,textgrid:49kxx.0,handle:hdl:21.11113/0000-0016-CAAE-1,TEI_XML,415322,md5,42508fd5aea7b12a974447fc24599d6d,acquisitions\staging\textgrid-gretil\2026-07-12\payload\textgrid_49kxx_0.xml,True,415322,d591006e079c04826926726aa955ee6704752169e73701e441ae1835f6105de2,42508fd5aea7b12a974447fc24599d6d,True,True,TEI,sa_AGgirasasmRti,https://creativecommons.org/licenses/by-nc-sa/4.0/,
TG-GRE-C-0248,TG-GRE-0248,textgrid:49kz1.0,handle:hdl:21.11113/0000-0016-CAB1-C,TEI_XML,130611,md5,98ccc3e4eec818480eaa44bfb9feb061,acquisitions\staging\textgrid-gretil\2026-07-12\payload\textgrid_49kz1_0.xml,True,130611,c83c32ee7a97181ae46fc28201d4f7eee2665dd904a6d541d58015ca244a9597,98ccc3e4eec818480eaa44bfb9feb061,True,True,TEI,sa_gautama-dharmasUtra1-3-comm,https://creativecommons.org/licenses/by-nc-sa/4.0/,
TG-GRE-C-0249,TG-GRE-0249,textgrid:49kz4.0,handle:hdl:21.11113/0000-0016-CAB4-9,TEI_XML,126163,md5,e1f2517521e66d01b0a9fff47c445d70,acquisitions\staging\textgrid-gretil\2026-07-12\payload\textgrid_49kz4_0.xml,True,126163,a31cd7d89c04d0feccd5f04e7a9d96335b5d22169ed8e3b42d945948d66008ad,e1f2517521e66d01b0a9fff47c445d70,True,True,TEI,sa_gautama-dharmasUtra,https://creativecommons.org/licenses/by-nc-sa/4.0/,
TG-GRE-C-0250,TG-GRE-0250,textgrid:49kz7.0,handle:hdl:21.11113/0000-0016-CAB7-6,TEI_XML,846263,md5,ed8e6a26be275ba1a7b50f71e552213c,acquisitions\staging\textgrid-gretil\2026-07-12\payload\textgrid_49kz7_0.xml,True,846263,eaf3294644acc31674afd1c40f78939d9409f530462f791ef1d55cd0a6e5508c,ed8e6a26be275ba1a7b50f71e552213c,True,True,TEI,sa_bRhaspatismRti-vyavahArakANDa,https://creativecommons.org/licenses/by-nc-sa/4.0/,
TG-GRE-C-0251,TG-GRE-0251,textgrid:49kzb.0,handle:hdl:21.11113/0000-0016-CABA-3,TEI_XML,1771953,md5,2d41f129300f37a01ad568dcc48c867f,acquisitions\staging\textgrid-gretil\2026-07-12\payload\textgrid_49kzb_0.xml,True,1771953,70713cb0cf6ac6e3f888fbf94631d690a70652502d32b5cb64b645ee77d223a3,2d41f129300f37a01ad568dcc48c867f,True,True,TEI,sa_manusmRti,https://creativecommons.org/licenses/by-nc-sa/4.0/,
TG-GRE-C-0252,TG-GRE-0252,textgrid:49kzf.0,handle:hdl:21.11113/0000-0016-CABD-0,TEI_XML,636584,md5,113c5ef8b7486027e510d154e1fcd82c,acquisitions\staging\textgrid-gretil\2026-07-12\payload\textgrid_49kzf_0.xml,True,636584,8bfc55ba64bd8e80a3398dda76e1fb1b4c0855a0b103e27ee9b96f09f3716791,113c5ef8b7486027e510d154e1fcd82c,True,True,TEI,sa_kAtyAyanasmRti.xml,https://creativecommons.org/licenses/by-nc-sa/4.0/,
TG-GRE-C-0253,TG-GRE-0253,textgrid:49kzk.0,handle:hdl:21.11113/0000-0016-CAC1-A,TEI_XML,155662,md5,f69d8bd21f600d31f1210d7994b4b7b8,acquisitions\staging\textgrid-gretil\2026-07-12\payload\textgrid_49kzk_0.xml,True,155662,3e974a7176a6dd84dd0b4681769d1edae5b709b62c84171a6e3440e4fd3525b9,f69d8bd21f600d31f1210d7994b4b7b8,True,True,TEI,sa_abhinanda-kAdambarIkathAsAra,https://creativecommons.org/licenses/by-nc-sa/4.0/,
TG-GRE-C-0254,TG-GRE-0254,textgrid:49kzp.0,handle:hdl:21.11113/0000-0016-CAC4-7,TEI_XML,137111,md5,f2d4e7cb07dfd3766b98325f3cd3985a,acquisitions\staging\textgrid-gretil\2026-07-12\payload\textgrid_49kzp_0.xml,True,137111,c0339815d9ee6ad64511d2d6248c29082537bc18de19e36cb6b5f40fd19e9c7f,f2d4e7cb07dfd3766b98325f3cd3985a,True,True,TEI,sa_abhinanda-rAmacaritamahAkAvye,https://creativecommons.org/licenses/by-nc-sa/4.0/,
TG-GRE-C-0255,TG-GRE-0255,textgrid:49kzs.0,handle:hdl:21.11113/0000-0016-CAC7-4,TEI_XML,80170,md5,fe69b77f33a1abd463364886d822f51f,acquisitions\staging\textgrid-gretil\2026-07-12\payload\textgrid_49kzs_0.xml,True,80170,7af32eb0080c1453b3aeb1045bb08cbba542fe04cf11072ce194cfc83eaf78c1,fe69b77f33a1abd463364886d822f51f,True,True,TEI,sa_amaru-amaruzataka,https://creativecommons.org/licenses/by-nc-sa/4.0/,
TG-GRE-C-0256,TG-GRE-0256,textgrid:49kzw.0,handle:hdl:21.11113/0000-0016-CACA-1,TEI_XML,169638,md5,f47203e7e6228f4751d8d1e0da425a82,acquisitions\staging\textgrid-gretil\2026-07-12\payload\textgrid_49kzw_0.xml,True,169638,7266996adda7fc6874bb8b50965f681471a79732b52dc4ba8c71fb9134b11e0f,f47203e7e6228f4751d8d1e0da425a82,True,True,TEI,sa_AnandabhaTTa-vallAlacarita,https://creativecommons.org/licenses/by-nc-sa/4.0/,
TG-GRE-C-0257,TG-GRE-0257,textgrid:49m00.0,handle:hdl:21.11113/0000-0016-CACD-E,TEI_XML,1488216,md5,b1ff5264dadd3e6b7fb88f5c0c787892,acquisitions\staging\textgrid-gretil\2026-07-12\payload\textgrid_49m00_0.xml,True,1488216,4c05579ff763f8b027027b44bcf11b2ff5a3fb067a2211202f3d131e139513b6,b1ff5264dadd3e6b7fb88f5c0c787892,True,True,TEI,sa_Anandavardhana-dhvanyAloka-comm,https://creativecommons.org/licenses/by-nc-sa/4.0/,
TG-GRE-C-0258,TG-GRE-0258,textgrid:49m03.0,handle:hdl:21.11113/0000-0016-CAD0-9,TEI_XML,227480,md5,ebce91deb27a8040b9836a2fa9150a6c,acquisitions\staging\textgrid-gretil\2026-07-12\payload\textgrid_49m03_0.xml,True,227480,555b70415805bb4706246147df71fb45573c17cd104baefd22308a123a07ed1e,ebce91deb27a8040b9836a2fa9150a6c,True,True,TEI,sa_Anandavardhana-dhvanyAloka,https://creativecommons.org/licenses/by-nc-sa/4.0/,
TG-GRE-C-0259,TG-GRE-0259,textgrid:49m06.0,handle:hdl:21.11113/0000-0016-CAD3-6,TEI_XML,26548,md5,b2ac5b989643a9c79c137a411a7a3104,acquisitions\staging\textgrid-gretil\2026-07-12\payload\textgrid_49m06_0.xml,True,26548,05309af602052013a6331810b166b8feae9ba607c3307cc3143607234d036ed8,b2ac5b989643a9c79c137a411a7a3104,True,True,TEI,sa_appayadIkSita-vairAgyazatakam,https://creativecommons.org/licenses/by-nc-sa/4.0/,
TG-GRE-C-0260,TG-GRE-0260,textgrid:49m09.0,handle:hdl:21.11113/0000-0016-CAD6-3,TEI_XML,198542,md5,c4c1af53ca24059fdc028d04c2bd59f2,acquisitions\staging\textgrid-gretil\2026-07-12\payload\textgrid_49m09_0.xml,True,198542,4468cda80a527880c485ebbe135bcc555eb3e0cf41c0dc6d358f6ba7f6b2e82b,c4c1af53ca24059fdc028d04c2bd59f2,True,True,TEI,sa_azvaghoSa-buddhacarita-alt,https://creativecommons.org/licenses/by-nc-sa/4.0/,
TG-GRE-C-0261,TG-GRE-0261,textgrid:49m0d.0,handle:hdl:21.11113/0000-0016-CAD9-0,TEI_XML,710501,md5,fee8e11db3a1d6adadf2e4f2e241736b,acquisitions\staging\textgrid-gretil\2026-07-12\payload\textgrid_49m0d_0.xml,True,710501,1a4dbef94a61c5820d8671b4a76664c4d17981638c726418a2485c544dc289a7,fee8e11db3a1d6adadf2e4f2e241736b,True,True,TEI,sa_azvaghoSa-buddhacarita,https://creativecommons.org/licenses/by-nc-sa/4.0/,
TG-GRE-C-0262,TG-GRE-0262,textgrid:49m0h.0,handle:hdl:21.11113/0000-0016-CADC-D,TEI_XML,205925,md5,a97a03c2aa7c13a424037e1ac579ba2b,acquisitions\staging\textgrid-gretil\2026-07-12\payload\textgrid_49m0h_0.xml,True,205925,548ff3df403f13e74626072b49756ed3dd8feca1933a48f60e7d8a07f470a72e,a97a03c2aa7c13a424037e1ac579ba2b,True,True,TEI,sa_azvaghoSa-saundarAnanda-edmatsunami,https://creativecommons.org/licenses/by-nc-sa/4.0/,
TG-GRE-C-0263,TG-GRE-0263,textgrid:49m0m.0,handle:hdl:21.11113/0000-0016-CADF-A,TEI_XML,205343,md5,767fb9a4e1398fef3fcacd3a56ff12c1,acquisitions\staging\textgrid-gretil\2026-07-12\payload\textgrid_49m0m_0.xml,True,205343,77e2e6a15058d6743074dad1de766ccdbc3a6c33457d736f2f1ebac286dcac09,767fb9a4e1398fef3fcacd3a56ff12c1,True,True,TEI,sa_azvaghoSa-saundarAnanda,https://creativecommons.org/licenses/by-nc-sa/4.0/,
TG-GRE-C-0264,TG-GRE-0264,textgrid:49m0q.0,handle:hdl:21.11113/0000-0016-CAE2-5,TEI_XML,458984,md5,732e2b29e954ddd01198b5d30e993dfb,acquisitions\staging\textgrid-gretil\2026-07-12\payload\textgrid_49m0q_0.xml,True,458984,b8b8f627f39466acb259d719dbfd46c6c9b89973103c327a7c2d00de20059291,732e2b29e954ddd01198b5d30e993dfb,True,True,TEI,sa_bANa-harSacarita,https://creativecommons.org/licenses/by-nc-sa/4.0/,
TG-GRE-C-0265,TG-GRE-0265,textgrid:49m0t.0,handle:hdl:21.11113/0000-0016-CAE5-2,TEI_XML,13539,md5,a2f7d540a0012e78645be25d7cd62bb0,acquisitions\staging\textgrid-gretil\2026-07-12\payload\textgrid_49m0t_0.xml,True,13539,96dcc8e0e977a6997be0bdfbead28657612d2abe0f6e7ada2cec016342bc7941,a2f7d540a0012e78645be25d7cd62bb0,True,True,TEI,sa_bANa-harSacaritapariziSTa,https://creativecommons.org/licenses/by-nc-sa/4.0/,
TG-GRE-C-0266,TG-GRE-0266,textgrid:49m0x.0,handle:hdl:21.11113/0000-0016-CAE8-F,TEI_XML,159729,md5,892da9ec47edb9546420492a91b1e6eb,acquisitions\staging\textgrid-gretil\2026-07-12\payload\textgrid_49m0x_0.xml,True,159729,8ad025d604156f08d8670e5d06c515c6d70fb3ac61d753497138f4e288bb5c31,892da9ec47edb9546420492a91b1e6eb,True,True,TEI,sa_bANa-kAdambarI-1.84-122,https://creativecommons.org/licenses/by-nc-sa/4.0/,
TG-GRE-C-0267,TG-GRE-0267,textgrid:49m11.0,handle:hdl:21.11113/0000-0016-CAEB-C,TEI_XML,90645,md5,d65ff0da1d6e3a1f270febe0a3180fd2,acquisitions\staging\textgrid-gretil\2026-07-12\payload\textgrid_49m11_0.xml,True,90645,4220e29d79892925ac2b34b5d60d979966c509baea20268c6e14ce7abf995e32,d65ff0da1d6e3a1f270febe0a3180fd2,True,True,TEI,sa_bhallaTa-bhallaTazataka,https://creativecommons.org/licenses/by-nc-sa/4.0/,
TG-GRE-C-0268,TG-GRE-0268,textgrid:49m14.0,handle:hdl:21.11113/0000-0016-CAEE-9,TEI_XML,139867,md5,0cd33bf699660bf5b4028dcb7ca25956,acquisitions\staging\textgrid-gretil\2026-07-12\payload\textgrid_49m14_0.xml,True,139867,b5474f6d0f637417f69fa65e0f9d9a2169c8abe5bbf0cd161fdc70d068d7f4c2,0cd33bf699660bf5b4028dcb7ca25956,True,True,TEI,sa_bhAmaha-kAvyAlaMkAra,https://creativecommons.org/licenses/by-nc-sa/4.0/,
TG-GRE-C-0269,TG-GRE-0269,textgrid:49m17.0,handle:hdl:21.11113/0000-0016-CAF1-4,TEI_XML,727503,md5,a1048472cb06131c72548901f9981c7a,acquisitions\staging\textgrid-gretil\2026-07-12\payload\textgrid_49m17_0.xml,True,727503,170bf1502d2962914e28998de6b3ea3a3f223c8c6e88464ba992d4c1606c518b,a1048472cb06131c72548901f9981c7a,True,True,TEI,sa_bharata-nATyazAstra-1-1618-303335-37,https://creativecommons.org/licenses/by-nc-sa/4.0/,
TG-GRE-C-0270,TG-GRE-0270,textgrid:49m1b.0,handle:hdl:21.11113/0000-0016-CAF4-1,TEI_XML,702047,md5,24c99cbb36fa3c39ca33c636d57e0420,acquisitions\staging\textgrid-gretil\2026-07-12\payload\textgrid_49m1b_0.xml,True,702047,91920c0cb41163d46e7f5b100cfb9863affff9cc87f2da3d658e2e01d4772b92,24c99cbb36fa3c39ca33c636d57e0420,True,True,TEI,sa_bhAravi-kirAtArjunIya,https://creativecommons.org/licenses/by-nc-sa/4.0/,
TG-GRE-C-0271,TG-GRE-0271,textgrid:49m1f.0,handle:hdl:21.11113/0000-0016-CAF7-E,TEI_XML,33818,md5,f94331b281e45ae9edf11ddb3c40205a,acquisitions\staging\textgrid-gretil\2026-07-12\payload\textgrid_49m1f_0.xml,True,33818,140b9a6de993a64cb059f30e93c5dc8a3d876b2ed89445f53cf7fc94b936b777,f94331b281e45ae9edf11ddb3c40205a,True,True,TEI,sa_bhAsa-dUtavAkya,https://creativecommons.org/licenses/by-nc-sa/4.0/,
TG-GRE-C-0272,TG-GRE-0272,textgrid:49m1j.0,handle:hdl:21.11113/0000-0016-CAFA-B,TEI_XML,108667,md5,f8de962b540f190a906a40d533bc1eb0,acquisitions\staging\textgrid-gretil\2026-07-12\payload\textgrid_49m1j_0.xml,True,108667,0100119b168ab045ebfef8c3f07929bfa9b9d1ed2151555524f92e3bb58856e7,f8de962b540f190a906a40d533bc1eb0,True,True,TEI,sa_bhAsa-svapnavAsavadatta,https://creativecommons.org/licenses/by-nc-sa/4.0/,
TG-GRE-C-0273,TG-GRE-0273,textgrid:49m1n.0,handle:hdl:21.11113/0000-0016-CAFD-8,TEI_XML,99700,md5,c92e422fbe0307a553154fdd60879060,acquisitions\staging\textgrid-gretil\2026-07-12\payload\textgrid_49m1n_0.xml,True,99700,39bfbe242052260af5e1dca49748e3105f28038f189284e42df231405c0b05cf,c92e422fbe0307a553154fdd60879060,True,True,TEI,sa_bhatRhari-zatakatraya,https://creativecommons.org/licenses/by-nc-sa/4.0/,
TG-GRE-C-0274,TG-GRE-0274,textgrid:49m1r.0,handle:hdl:21.11113/0000-0016-CB00-3,TEI_XML,227748,md5,b657e8a9e61624c8100a6befca2fb5f3,acquisitions\staging\textgrid-gretil\2026-07-12\payload\textgrid_49m1r_0.xml,True,227748,55392bd213b6857f3e9bbf76ec3d260bee0506422b2dc893de3a7c36302f8991,b657e8a9e61624c8100a6befca2fb5f3,True,True,TEI,sa_bhaTTanArAyaNa-veNIsaMhAra,https://creativecommons.org/licenses/by-nc-sa/4.0/,
TG-GRE-C-0275,TG-GRE-0275,textgrid:49m1v.0,handle:hdl:21.11113/0000-0016-CB03-0,TEI_XML,362968,md5,6b631c8145bd60e57a18175f9f1d47b7,acquisitions\staging\textgrid-gretil\2026-07-12\payload\textgrid_49m1v_0.xml,True,362968,16b85c8397734b00dbec3698fa4b6c61a891f79d42396074d4e66db580fbd67b,6b631c8145bd60e57a18175f9f1d47b7,True,True,TEI,sa_bhaTTi-rAvaNavadha,https://creativecommons.org/licenses/by-nc-sa/4.0/,
TG-GRE-C-0276,TG-GRE-0276,textgrid:49m1z.0,handle:hdl:21.11113/0000-0016-CB06-D,TEI_XML,47972,md5,599c60ddc2c153fa7ab002c4b1db3ce0,acquisitions\staging\textgrid-gretil\2026-07-12\payload\textgrid_49m1z_0.xml,True,47972,a345e6b8564bf9b750e9eeda1fd32c8397f608eb2bfb6e523a8af3c0dadb4ca7,599c60ddc2c153fa7ab002c4b1db3ce0,True,True,TEI,sa_bilhaNa-caurapaJcAzikA,https://creativecommons.org/licenses/by-nc-sa/4.0/,
TG-GRE-C-0277,TG-GRE-0277,textgrid:49m22.0,handle:hdl:21.11113/0000-0016-CB09-A,TEI_XML,2728020,md5,6339c2a8314f90331c3b5e7f890bb641,acquisitions\staging\textgrid-gretil\2026-07-12\payload\textgrid_49m22_0.xml,True,2728020,08fc792b07e668616668b3ecb304df7d76ff5d31170187542ecb0c5b59b16e8c,6339c2a8314f90331c3b5e7f890bb641,True,True,TEI,sa_buddhasvAmin-bRhatkathAzlokasaMgraha,https://creativecommons.org/licenses/by-nc-sa/4.0/,
TG-GRE-C-0278,TG-GRE-0278,textgrid:49m25.0,handle:hdl:21.11113/0000-0016-CB0C-7,TEI_XML,37241,md5,9fb916e68ade2e36c634d387f47b1d80,acquisitions\staging\textgrid-gretil\2026-07-12\payload\textgrid_49m25_0.xml,True,37241,b53ef590f325ad960aa6e5c57e94c5f1cf5174723f74f6fb0ec2e8a431f12714,9fb916e68ade2e36c634d387f47b1d80,True,True,TEI,sa_chandoviciti,https://creativecommons.org/licenses/by-nc-sa/4.0/,
TG-GRE-C-0279,TG-GRE-0279,textgrid:49m28.0,handle:hdl:21.11113/0000-0016-CB0F-4,TEI_XML,191335,md5,3e57e7700640ee77ca1b601141961e80,acquisitions\staging\textgrid-gretil\2026-07-12\payload\textgrid_49m28_0.xml,True,191335,cc72c1ef1d176df186bfaf6164145986042e8fd5d9ef12470f5bcf36785e114c,3e57e7700640ee77ca1b601141961e80,True,True,TEI,sa_dAmodaragupta-kuTTanImata,https://creativecommons.org/licenses/by-nc-sa/4.0/,
TG-GRE-C-0280,TG-GRE-0280,textgrid:49m2c.0,handle:hdl:21.11113/0000-0016-CB12-F,TEI_XML,309943,md5,ad6df03a526cbd2f03750148408851e1,acquisitions\staging\textgrid-gretil\2026-07-12\payload\textgrid_49m2c_0.xml,True,309943,004bfae0f672d29892843f6c2ec26a572671243e8c8e0020b12497d0907057a9,ad6df03a526cbd2f03750148408851e1,True,True,TEI,sa_daNDin-dazakumAracarita,https://creativecommons.org/licenses/by-nc-sa/4.0/,
TG-GRE-C-0281,TG-GRE-0281,textgrid:49m2g.0,handle:hdl:21.11113/0000-0016-CB15-C,TEI_XML,173551,md5,ca14e5c76d91f9bbe8fe82dbe5ca50e4,acquisitions\staging\textgrid-gretil\2026-07-12\payload\textgrid_49m2g_0.xml,True,173551,fed303f4ea80208ba17eeb54c931af9645db827849b7686535959db8aa8061dd,ca14e5c76d91f9bbe8fe82dbe5ca50e4,True,True,TEI,sa_daNDin-dazakumAracarita3--5-6,https://creativecommons.org/licenses/by-nc-sa/4.0/,
TG-GRE-C-0282,TG-GRE-0282,textgrid:49m2k.0,handle:hdl:21.11113/0000-0016-CB18-9,TEI_XML,80195,md5,ab093ebc45004271c621ba528e72d840,acquisitions\staging\textgrid-gretil\2026-07-12\payload\textgrid_49m2k_0.xml,True,80195,9bace1e738a2d9689329c5ba5e20ded2027d75e379cfbb632de91210129d8c05,ab093ebc45004271c621ba528e72d840,True,True,TEI,sa_daNDin-kAvyAdarza-1-2,https://creativecommons.org/licenses/by-nc-sa/4.0/,
TG-GRE-C-0283,TG-GRE-0283,textgrid:49m2p.0,handle:hdl:21.11113/0000-0016-CB1B-6,TEI_XML,41127,md5,dbff57c1639c76c5d2c0d96bf8822af4,acquisitions\staging\textgrid-gretil\2026-07-12\payload\textgrid_49m2p_0.xml,True,41127,487b25b4a53aedfab8959c68226d8507cb3399b1ce4cb59d760157f13d1704e0,dbff57c1639c76c5d2c0d96bf8822af4,True,True,TEI,sa_daNDin-kAvyAdarza-3,https://creativecommons.org/licenses/by-nc-sa/4.0/,
TG-GRE-C-0284,TG-GRE-0284,textgrid:49m2s.0,handle:hdl:21.11113/0000-0016-CB1E-3,TEI_XML,209816,md5,83291dbb84483b6e6d1ec41f378d7ec5,acquisitions\staging\textgrid-gretil\2026-07-12\payload\textgrid_49m2s_0.xml,True,209816,7958bb60684a4b0cdbffc48d8e68264db860ed0a7b802fb62e30106d0b96f540,83291dbb84483b6e6d1ec41f378d7ec5,True,True,TEI,sa_daNDin-kAvyAdarza1--2.1-144--2.310-368,https://creativecommons.org/licenses/by-nc-sa/4.0/,
TG-GRE-C-0285,TG-GRE-0285,textgrid:49m2w.0,handle:hdl:21.11113/0000-0016-CB21-E,TEI_XML,58693,md5,3cde19c6864170ca8deb51693566f0ac,acquisitions\staging\textgrid-gretil\2026-07-12\payload\textgrid_49m2w_0.xml,True,58693,a9d90d58c8fff4c65266d98942b9ba12db5169f032b19d3531793f4918a5551e,3cde19c6864170ca8deb51693566f0ac,True,True,TEI,sa_dhanaMjaya-dazarUpaka-1-4,https://creativecommons.org/licenses/by-nc-sa/4.0/,
TG-GRE-C-0286,TG-GRE-0286,textgrid:49m30.0,handle:hdl:21.11113/0000-0016-CB24-B,TEI_XML,34701,md5,f9246d77fe59ff2f295ded84894a4710,acquisitions\staging\textgrid-gretil\2026-07-12\payload\textgrid_49m30_0.xml,True,34701,d155dde85609b017ee80a588477c203daf81c43c78d37a5673aea5caeb1df259,f9246d77fe59ff2f295ded84894a4710,True,True,TEI,sa_dhoyI-pavanadUta,https://creativecommons.org/licenses/by-nc-sa/4.0/,
TG-GRE-C-0287,TG-GRE-0287,textgrid:49m33.0,handle:hdl:21.11113/0000-0016-CB27-8,TEI_XML,68000,md5,645a806b22f80fe77693ed72f41610c5,acquisitions\staging\textgrid-gretil\2026-07-12\payload\textgrid_49m33_0.xml,True,68000,bdb8eb2def586f45a610bdba2035fa548a97e71d64ecdbcf3cc0e936bc8bcba6,645a806b22f80fe77693ed72f41610c5,True,True,TEI,sa_dramatic-fragments-buddhist,https://creativecommons.org/licenses/by-nc-sa/4.0/,
TG-GRE-C-0288,TG-GRE-0288,textgrid:49m36.0,handle:hdl:21.11113/0000-0016-CB2A-5,TEI_XML,43597,md5,4f2225dd9205939e804abea21c766c37,acquisitions\staging\textgrid-gretil\2026-07-12\payload\textgrid_49m36_0.xml,True,43597,30a26152c1e26783237a7e6eed351d238408d82f39a02b36b1614f63cacdd1cf,4f2225dd9205939e804abea21c766c37,True,True,TEI,sa_ghaTakarparakAvya-comm,https://creativecommons.org/licenses/by-nc-sa/4.0/,
TG-GRE-C-0289,TG-GRE-0289,textgrid:49m39.0,handle:hdl:21.11113/0000-0016-CB2D-2,TEI_XML,136002,md5,c745778d2aca68c090ec55eb7a21eb1b,acquisitions\staging\textgrid-gretil\2026-07-12\payload\textgrid_49m39_0.xml,True,136002,b521963fc04c45c1627ce6adcd0341c48fd00e98bd57c44a3061422ee346c781,c745778d2aca68c090ec55eb7a21eb1b,True,True,TEI,sa_govardhana-AryAsaptazatI,https://creativecommons.org/licenses/by-nc-sa/4.0/,
TG-GRE-C-0290,TG-GRE-0290,textgrid:49m3d.0,handle:hdl:21.11113/0000-0016-CB30-D,TEI_XML,112384,md5,2ba5620c32e374ef9210def120494c58,acquisitions\staging\textgrid-gretil\2026-07-12\payload\textgrid_49m3d_0.xml,True,112384,abf5908e508140d7f7d6889b505d3fb7f2e86486adaa06702149e410a4d4856b,2ba5620c32e374ef9210def120494c58,True,True,TEI,sa_govindkaul-pradezasaMgraha,https://creativecommons.org/licenses/by-nc-sa/4.0/,
TG-GRE-C-0291,TG-GRE-0291,textgrid:49m3h.0,handle:hdl:21.11113/0000-0016-CB33-A,TEI_XML,40177,md5,f52d113b1f26ffd5ca8b1c8c126eea95,acquisitions\staging\textgrid-gretil\2026-07-12\payload\textgrid_49m3h_0.xml,True,40177,1c8e4a92a84fb23d1a01cbfd7913b6ab4b97262fea8ef242ca7d742388a8f94b,f52d113b1f26ffd5ca8b1c8c126eea95,True,True,TEI,sa_harSadeva-nAgAnanda,https://creativecommons.org/licenses/by-nc-sa/4.0/,
TG-GRE-C-0292,TG-GRE-0292,textgrid:49m3m.0,handle:hdl:21.11113/0000-0016-CB36-7,TEI_XML,113876,md5,41e57ae09bda6e9c2b8fafe63cd9c4b7,acquisitions\staging\textgrid-gretil\2026-07-12\payload\textgrid_49m3m_0.xml,True,113876,e33d06b617fdb51475e61d7aa053b792216ebd4ad99c842fcaf10e6175b1bb09,41e57ae09bda6e9c2b8fafe63cd9c4b7,True,True,TEI,sa_harSadeva-priyadarzikA,https://creativecommons.org/licenses/by-nc-sa/4.0/,
TG-GRE-C-0293,TG-GRE-0293,textgrid:49m3q.0,handle:hdl:21.11113/0000-0016-CB39-4,TEI_XML,85983,md5,64ff6e23a60e0875ea016c72a216786e,acquisitions\staging\textgrid-gretil\2026-07-12\payload\textgrid_49m3q_0.xml,True,85983,68ed9545b616e423e67034ce69e4b5c135997e13c34d0340d552ab893818bd3c,64ff6e23a60e0875ea016c72a216786e,True,True,TEI,sa_harSadeva-ratnAvalInATikA,https://creativecommons.org/licenses/by-nc-sa/4.0/,
TG-GRE-C-0294,TG-GRE-0294,textgrid:49m3t.0,handle:hdl:21.11113/0000-0016-CB3C-1,TEI_XML,14496,md5,874d16a0732d9717b11a0bedd37fd78b,acquisitions\staging\textgrid-gretil\2026-07-12\payload\textgrid_49m3t_0.xml,True,14496,330468e95921bd19281754ff5d757f854e719de21766c9343da55f938c73c934,874d16a0732d9717b11a0bedd37fd78b,True,True,TEI,sa_hetvAbhAsadazaka,https://creativecommons.org/licenses/by-nc-sa/4.0/,
TG-GRE-C-0295,TG-GRE-0295,textgrid:49m3x.0,handle:hdl:21.11113/0000-0016-CB3F-E,TEI_XML,35321,md5,c758519a1bd3955b0c37c743817eaca0,acquisitions\staging\textgrid-gretil\2026-07-12\payload\textgrid_49m3x_0.xml,True,35321,fe506a0fd91fe8b1713866ab389d0b5a3ef6c93d559806bf71575f75dfe4302d,c758519a1bd3955b0c37c743817eaca0,True,True,TEI,sa_jagannAtha-prANAbharaNa-comm,https://creativecommons.org/licenses/by-nc-sa/4.0/,
TG-GRE-C-0296,TG-GRE-0296,textgrid:49m41.0,handle:hdl:21.11113/0000-0016-CB42-9,TEI_XML,20050,md5,7d8c1f687e8be67e06a9f16c0f3882bb,acquisitions\staging\textgrid-gretil\2026-07-12\payload\textgrid_49m41_0.xml,True,20050,bdb74da2b2a3aae020dd1cc26550d91a240fcc3d6476563fa937ef5d95edeaf0,7d8c1f687e8be67e06a9f16c0f3882bb,True,True,TEI,sa_jagannAtha-sudhAlaharI,https://creativecommons.org/licenses/by-nc-sa/4.0/,
TG-GRE-C-0297,TG-GRE-0297,textgrid:49m44.0,handle:hdl:21.11113/0000-0016-CB45-6,TEI_XML,164134,md5,a48c768dd9caffef38de0d57f44f10f5,acquisitions\staging\textgrid-gretil\2026-07-12\payload\textgrid_49m44_0.xml,True,164134,a98026d726a632c172c7e72f6d69467c1bda1a1979387a4dd3a4ffee6d2d6435,a48c768dd9caffef38de0d57f44f10f5,True,True,TEI,sa_jagannAthapaNDitarAja-rasagaGgAdhara-1,https://creativecommons.org/licenses/by-nc-sa/4.0/,
TG-GRE-C-0298,TG-GRE-0298,textgrid:49m47.0,handle:hdl:21.11113/0000-0016-CB48-3,TEI_XML,69286,md5,f2f931afe5be577ea17f322b8597e71c,acquisitions\staging\textgrid-gretil\2026-07-12\payload\textgrid_49m47_0.xml,True,69286,50494b572c858b37a92f469bcec04572855ca5d67b8380eff685b40b4e1f2c38,f2f931afe5be577ea17f322b8597e71c,True,True,TEI,sa_jalhaNa-mugdhopadeza,https://creativecommons.org/licenses/by-nc-sa/4.0/,
TG-GRE-C-0299,TG-GRE-0299,textgrid:49m4b.0,handle:hdl:21.11113/0000-0016-CB4B-0,TEI_XML,94094,md5,17c004533085f9911ce4b7684d98a49b,acquisitions\staging\textgrid-gretil\2026-07-12\payload\textgrid_49m4b_0.xml,True,94094,67d5829ac11fc261bb72c547dc12b4b913d7d114a8bb5faa3f0d937f447cb48b,17c004533085f9911ce4b7684d98a49b,True,True,TEI,sa_jayadeva-candrAloka,https://creativecommons.org/licenses/by-nc-sa/4.0/,
TG-GRE-C-0300,TG-GRE-0300,textgrid:49m4f.0,handle:hdl:21.11113/0000-0016-CB4E-D,TEI_XML,79733,md5,cf8019c8ea32185c4d39615af53a8f3d,acquisitions\staging\textgrid-gretil\2026-07-12\payload\textgrid_49m4f_0.xml,True,79733,a12c5798c2fee5c9bbb3607e549ce96fb96807dde4399ad2715c4abd4e7de89d,cf8019c8ea32185c4d39615af53a8f3d,True,True,TEI,sa_jayadeva-gItagovinda-alt,https://creativecommons.org/licenses/by-nc-sa/4.0/,
TG-GRE-C-0301,TG-GRE-0301,textgrid:49m4j.0,handle:hdl:21.11113/0000-0016-CB51-8,TEI_XML,90408,md5,f7700a8ea95c2f675d4dec398050f4da,acquisitions\staging\textgrid-gretil\2026-07-12\payload\textgrid_49m4j_0.xml,True,90408,356bc411437f8e2a3f755a95c5e294e0f8c7ce72d8561d9a95aeb182d1d42b34,f7700a8ea95c2f675d4dec398050f4da,True,True,TEI,sa_jayadeva-gItagovinda,https://creativecommons.org/licenses/by-nc-sa/4.0/,
TG-GRE-C-0302,TG-GRE-0302,textgrid:49m4n.0,handle:hdl:21.11113/0000-0016-CB54-5,TEI_XML,1194321,md5,d6ad4ab8f779b7051969b055b3d9c369,acquisitions\staging\textgrid-gretil\2026-07-12\payload\textgrid_49m4n_0.xml,True,1194321,38dd9098c8067ea6f023902cb52dcb0f5f3b25a926889c760c3b7c1a000dd34a,d6ad4ab8f779b7051969b055b3d9c369,True,True,TEI,sa_jIvagosvAmin-gopAlacampUp1-33u1-3u5-6u29,https://creativecommons.org/licenses/by-nc-sa/4.0/,
TG-GRE-C-0303,TG-GRE-0303,textgrid:49m4r.0,handle:hdl:21.11113/0000-0016-CB57-2,TEI_XML,147251,md5,8da5d95d544cecba563af195fe200bac,acquisitions\staging\textgrid-gretil\2026-07-12\payload\textgrid_49m4r_0.xml,True,147251,b18dce165548096d0b7706d380186de3f569d0c865e51f38267bf3d1ceaeb28f,8da5d95d544cecba563af195fe200bac,True,True,TEI,sa_jIvagosvAmin-saMkalpakalpadruma,https://creativecommons.org/licenses/by-nc-sa/4.0/,
TG-GRE-C-0304,TG-GRE-0304,textgrid:49m4v.0,handle:hdl:21.11113/0000-0016-CB5A-F,TEI_XML,66850,md5,70b2a77d66d154d65d79e7748f6e2a8e,acquisitions\staging\textgrid-gretil\2026-07-12\payload\textgrid_49m4v_0.xml,True,66850,3c652563ad428a08096ad5ef05be37e86bad2ceab671b5b4a8ac995303fabc23,70b2a77d66d154d65d79e7748f6e2a8e,True,True,TEI,sa_jJAnazrImitra-vRttamAlAstuti,https://creativecommons.org/licenses/by-nc-sa/4.0/,
TG-GRE-C-0305,TG-GRE-0305,textgrid:49m4z.0,handle:hdl:21.11113/0000-0016-CB5D-C,TEI_XML,233924,md5,281c7bba5fedd6a033274da936222782,acquisitions\staging\textgrid-gretil\2026-07-12\payload\textgrid_49m4z_0.xml,True,233924,2887dfb49ae1f9083e0d1eecc112daed8ee7ec9c84bbdaa4e84db276057274f6,281c7bba5fedd6a033274da936222782,True,True,TEI,sa_jonarAja-and-pseudo-jonarAja-rAjataraGginI,https://creativecommons.org/licenses/by-nc-sa/4.0/,
TG-GRE-C-0306,TG-GRE-0306,textgrid:49m52.0,handle:hdl:21.11113/0000-0016-CB60-7,TEI_XML,398626,md5,acbb73eea438c6720af4eaac2a87f342,acquisitions\staging\textgrid-gretil\2026-07-12\payload\textgrid_49m52_0.xml,True,398626,9e27ed3d159bbda90c5fd039aeb4404a6c741e45fd6cbc7f1fc68329a18318b2,acbb73eea438c6720af4eaac2a87f342,True,True,TEI,sa_kAlidAsa-abhijJAnazakuntala,https://creativecommons.org/licenses/by-nc-sa/4.0/,
TG-GRE-C-0307,TG-GRE-0307,textgrid:49m55.0,handle:hdl:21.11113/0000-0016-CB63-4,TEI_XML,196882,md5,1c4a1208013a23c6a889542f10bee053,acquisitions\staging\textgrid-gretil\2026-07-12\payload\textgrid_49m55_0.xml,True,196882,9c8f8ece05af91a0aa0b3624a1322930879dc329147aee5aa08ea4ceec5e739b,1c4a1208013a23c6a889542f10bee053,True,True,TEI,sa_kAlidAsa-kumArasaMbhava,https://creativecommons.org/licenses/by-nc-sa/4.0/,
TG-GRE-C-0308,TG-GRE-0308,textgrid:49m58.0,handle:hdl:21.11113/0000-0016-CB66-1,TEI_XML,54754,md5,52b3912176872aed06c3151d7c47451a,acquisitions\staging\textgrid-gretil\2026-07-12\payload\textgrid_49m58_0.xml,True,54754,cd312aea26c763af0195ad6b72fd4fdbbca5788095b174c18bad470fcbaf92a4,52b3912176872aed06c3151d7c47451a,True,True,TEI,sa_kAlidAsa-meghadUta-acc-vallabhadeva,https://creativecommons.org/licenses/by-nc-sa/4.0/,
TG-GRE-C-0309,TG-GRE-0309,textgrid:49m5c.0,handle:hdl:21.11113/0000-0016-CB69-E,TEI_XML,45679,md5,13e628844c5e2c606a770cd569ff38b2,acquisitions\staging\textgrid-gretil\2026-07-12\payload\textgrid_49m5c_0.xml,True,45679,76a709b4bd3e6fbd9b6e2a9f07f1c554bea83df0a80b82b9cbb153219e247f09,13e628844c5e2c606a770cd569ff38b2,True,True,TEI,sa_kAlidAsa-meghadUta-edkale,https://creativecommons.org/licenses/by-nc-sa/4.0/,
TG-GRE-C-0310,TG-GRE-0310,textgrid:49m5g.0,handle:hdl:21.11113/0000-0016-CB6C-B,TEI_XML,54592,md5,b087941d1aedaddc704543618719da1f,acquisitions\staging\textgrid-gretil\2026-07-12\payload\textgrid_49m5g_0.xml,True,54592,65616053e5edcdf2bf6a2e12369eba5236eb6d915d9a7a2eb8495998a52c1ea3,b087941d1aedaddc704543618719da1f,True,True,TEI,sa_kAlidAsa-meghadUta,https://creativecommons.org/licenses/by-nc-sa/4.0/,
TG-GRE-C-0311,TG-GRE-0311,textgrid:49m5k.0,handle:hdl:21.11113/0000-0016-CB6F-8,TEI_XML,99773,md5,95d586eca495a9bd548536d5aff3f6bc,acquisitions\staging\textgrid-gretil\2026-07-12\payload\textgrid_49m5k_0.xml,True,99773,5821f6daf20c6c1c047b013e587901eae3cd05bf76dda7f5ec27f151c6cca00c,95d586eca495a9bd548536d5aff3f6bc,True,True,TEI,sa_kAlidAsa-raghuvaMza-kashm1-6,https://creativecommons.org/licenses/by-nc-sa/4.0/,
TG-GRE-C-0312,TG-GRE-0312,textgrid:49m5p.0,handle:hdl:21.11113/0000-0016-CB72-3,TEI_XML,612839,md5,d5bdc4fa3b61069c0024f4a794d67ab1,acquisitions\staging\textgrid-gretil\2026-07-12\payload\textgrid_49m5p_0.xml,True,612839,5bdf9997b3a4473652eae4b6ead0b1ca5fc490633bf99e86a9eb3dea728131ad,d5bdc4fa3b61069c0024f4a794d67ab1,True,True,TEI,sa_kAlidAsa-raghuvaMza,https://creativecommons.org/licenses/by-nc-sa/4.0/,
TG-GRE-C-0313,TG-GRE-0313,textgrid:49m5s.0,handle:hdl:21.11113/0000-0016-CB75-0,TEI_XML,64051,md5,20db49cc4f0a9d0629729d68af7a2344,acquisitions\staging\textgrid-gretil\2026-07-12\payload\textgrid_49m5s_0.xml,True,64051,3f8608a5335916ccb3ca092878879cf826c83c6fb91eccb94540285f88a99956,20db49cc4f0a9d0629729d68af7a2344,True,True,TEI,sa_kAlidAsa-RtusaMhAra,https://creativecommons.org/licenses/by-nc-sa/4.0/,
TG-GRE-C-0314,TG-GRE-0314,textgrid:49m5w.0,handle:hdl:21.11113/0000-0016-CB78-D,TEI_XML,16433,md5,727bac288b3a07bfae84d2c7dc088a29,acquisitions\staging\textgrid-gretil\2026-07-12\payload\textgrid_49m5w_0.xml,True,16433,81dc8aa40b72da71b88a899479f10c67074d7189735d86cb497d55f4859a057f,727bac288b3a07bfae84d2c7dc088a29,True,True,TEI,sa_kAlidAsa-zyAmalAdaNDaka,https://creativecommons.org/licenses/by-nc-sa/4.0/,
TG-GRE-C-0315,TG-GRE-0315,textgrid:49m60.0,handle:hdl:21.11113/0000-0016-CB7B-A,TEI_XML,149704,md5,e65b1295d26031955f770dd9189d25d7,acquisitions\staging\textgrid-gretil\2026-07-12\payload\textgrid_49m60_0.xml,True,149704,42afa0db1b806d9b5f0d6952bc69b574e39289668728770fc3547e9206a949bf,e65b1295d26031955f770dd9189d25d7,True,True,TEI,sa_kedArabhaTTa-vRttaratnAkara-comm,https://creativecommons.org/licenses/by-nc-sa/4.0/,
TG-GRE-C-0316,TG-GRE-0316,textgrid:49m63.0,handle:hdl:21.11113/0000-0016-CB7E-7,TEI_XML,32818,md5,efe040da4a24597d602fe457d4fe4571,acquisitions\staging\textgrid-gretil\2026-07-12\payload\textgrid_49m63_0.xml,True,32818,cc79fae0057d04b2eae9b5dd94b773ca83a45ee989c4f1fcf4cdb163c2430203,efe040da4a24597d602fe457d4fe4571,True,True,TEI,sa_kedArabhaTTa-vRttaratnAkara,https://creativecommons.org/licenses/by-nc-sa/4.0/,
TG-GRE-C-0317,TG-GRE-0317,textgrid:49m66.0,handle:hdl:21.11113/0000-0016-CB81-1,TEI_XML,957089,md5,6fe613ace3bf975a4cfc0389068decfe,acquisitions\staging\textgrid-gretil\2026-07-12\payload\textgrid_49m66_0.xml,True,957089,1e4b43b7dfcd73e5528c12a14548a2e52cf313579ebb943cce87a767af4cd343,6fe613ace3bf975a4cfc0389068decfe,True,True,TEI,sa_kSemendra-bhAratamaJjarI-6-19,https://creativecommons.org/licenses/by-nc-sa/4.0/,
TG-GRE-C-0318,TG-GRE-0318,textgrid:49m69.0,handle:hdl:21.11113/0000-0016-CB84-E,TEI_XML,40070,md5,ef413e9e2a08ea8240a864dfef8a0943,acquisitions\staging\textgrid-gretil\2026-07-12\payload\textgrid_49m69_0.xml,True,40070,8da3fd0dbd63bdd1480df7a68255ff84f4690c035e0c24f0ffc12bbc988cbef5,ef413e9e2a08ea8240a864dfef8a0943,True,True,TEI,sa_kSemendra-caturvargasaMgraha,https://creativecommons.org/licenses/by-nc-sa/4.0/,
TG-GRE-C-0319,TG-GRE-0319,textgrid:49m6d.0,handle:hdl:21.11113/0000-0016-CB87-B,TEI_XML,185115,md5,8a61a46d9dc7387397545506ca998515,acquisitions\staging\textgrid-gretil\2026-07-12\payload\textgrid_49m6d_0.xml,True,185115,86ae431260f462c3cfdc66bf895cb104d768194e1fbab0d7a1eba795c4f089cb,8a61a46d9dc7387397545506ca998515,True,True,TEI,sa_kSemendra-darpadalana,https://creativecommons.org/licenses/by-nc-sa/4.0/,
TG-GRE-C-0320,TG-GRE-0320,textgrid:49m6h.0,handle:hdl:21.11113/0000-0016-CB8A-8,TEI_XML,95747,md5,8435488152828b7dbd35a5093d3f51b6,acquisitions\staging\textgrid-gretil\2026-07-12\payload\textgrid_49m6h_0.xml,True,95747,07a4a9a15ce7f922c8580b0a800390d08cc2b958716344e2756d2ab0434b7e45,8435488152828b7dbd35a5093d3f51b6,True,True,TEI,sa_kSemendra-kalAvilAsa,https://creativecommons.org/licenses/by-nc-sa/4.0/,
TG-GRE-C-0321,TG-GRE-0321,textgrid:49m6m.0,handle:hdl:21.11113/0000-0016-CB8D-5,TEI_XML,74913,md5,bcd04ee0927812ccb5ea6d6cb3bff9cd,acquisitions\staging\textgrid-gretil\2026-07-12\payload\textgrid_49m6m_0.xml,True,74913,875db0c5030f94edb8a6a517857d45fbcbf4b32d21607eae05ef7ba07ed5c721,bcd04ee0927812ccb5ea6d6cb3bff9cd,True,True,TEI,sa_kSemendra-narmamAlA,https://creativecommons.org/licenses/by-nc-sa/4.0/,
TG-GRE-C-0322,TG-GRE-0322,textgrid:49m6q.0,handle:hdl:21.11113/0000-0016-CB90-0,TEI_XML,24136,md5,07052761914980976695a41d6e4fb6e1,acquisitions\staging\textgrid-gretil\2026-07-12\payload\textgrid_49m6q_0.xml,True,24136,aeacab4ef85360529d65af069703fd796d3bea9f69d3565fbfda5d29c54b6dfb,07052761914980976695a41d6e4fb6e1,True,True,TEI,sa_kSemendra-sevyasevakopadeza,https://creativecommons.org/licenses/by-nc-sa/4.0/,
TG-GRE-C-0323,TG-GRE-0323,textgrid:49m6t.0,handle:hdl:21.11113/0000-0016-CB93-D,TEI_XML,18609,md5,8df1c83a61f93e6748a9aed614a1a092,acquisitions\staging\textgrid-gretil\2026-07-12\payload\textgrid_49m6t_0.xml,True,18609,60e52bdf3ae3110f8168dda0d918008991d6a409b8220db70bea20c645170c89,8df1c83a61f93e6748a9aed614a1a092,True,True,TEI,sa_kulazekhara-mukundamAlA-eddurgaprasad,https://creativecommons.org/licenses/by-nc-sa/4.0/,
TG-GRE-C-0324,TG-GRE-0324,textgrid:49m6x.0,handle:hdl:21.11113/0000-0016-CB96-A,TEI_XML,456356,md5,13136ad5fa446fd9ecc51edeee69778a,acquisitions\staging\textgrid-gretil\2026-07-12\payload\textgrid_49m6x_0.xml,True,456356,8879f5c042d9c72cb6656e6313eae486c2105cc52771418dd8441a31021c34db,13136ad5fa446fd9ecc51edeee69778a,True,True,TEI,sa_kuntaka-vakroktijIvita-comm,https://creativecommons.org/licenses/by-nc-sa/4.0/,
TG-GRE-C-0325,TG-GRE-0325,textgrid:49m71.0,handle:hdl:21.11113/0000-0016-CB99-7,TEI_XML,47847,md5,a72d38c3af310a9d5193b6bf16b558ac,acquisitions\staging\textgrid-gretil\2026-07-12\payload\textgrid_49m71_0.xml,True,47847,c72dab3b224e0d66ef564c994d201de50e402d0bbef34774747a99d11d1f7710,a72d38c3af310a9d5193b6bf16b558ac,True,True,TEI,sa_kuzalamizra-gUDhArthadIpikA,https://creativecommons.org/licenses/by-nc-sa/4.0/,
TG-GRE-C-0326,TG-GRE-0326,textgrid:49m74.0,handle:hdl:21.11113/0000-0016-CB9C-4,TEI_XML,12646,md5,dae9095508193f59ea68dbd5fdff528e,acquisitions\staging\textgrid-gretil\2026-07-12\payload\textgrid_49m74_0.xml,True,12646,b2f8b453f5425b5ef312d89284ef19643aea4f05f20736fc7371c501fc47a48f,dae9095508193f59ea68dbd5fdff528e,True,True,TEI,sa_laGkezvara-zivastuti,https://creativecommons.org/licenses/by-nc-sa/4.0/,
TG-GRE-C-0327,TG-GRE-0327,textgrid:49m77.0,handle:hdl:21.11113/0000-0016-CB9F-1,TEI_XML,320036,md5,01ca2795d3a6fa7047653ec2acaf2744,acquisitions\staging\textgrid-gretil\2026-07-12\payload\textgrid_49m77_0.xml,True,320036,bfbff99c660560c5edb45f5bc027a11fd322f5855d0c8d83e35efb2f41f0d07d,01ca2795d3a6fa7047653ec2acaf2744,True,True,TEI,sa_mAgha-zizupAlavadha,https://creativecommons.org/licenses/by-nc-sa/4.0/,
TG-GRE-C-0328,TG-GRE-0328,textgrid:49m7b.0,handle:hdl:21.11113/0000-0016-CBA2-C,TEI_XML,2439965,md5,26ec59695038d8ee9843b5358eb1ff39,acquisitions\staging\textgrid-gretil\2026-07-12\payload\textgrid_49m7b_0.xml,True,2439965,07fea7d4c3089c395a5dcad0b066de02279153b9ad0fc74b95d33838fc1d127e,26ec59695038d8ee9843b5358eb1ff39,True,True,TEI,sa_mahAsubhASitasaMgraha-1-9979,https://creativecommons.org/licenses/by-nc-sa/4.0/,
TG-GRE-C-0329,TG-GRE-0329,textgrid:49m7f.0,handle:hdl:21.11113/0000-0016-CBA5-9,TEI_XML,55886,md5,58eb718cd2caf99e75ce68e3339501f3,acquisitions\staging\textgrid-gretil\2026-07-12\payload\textgrid_49m7f_0.xml,True,55886,15a958db6e2454f215e69ecb9769381bc9d940b45b299723991761ebe060e530,58eb718cd2caf99e75ce68e3339501f3,True,True,TEI,sa_mahendravarman-i-mattavilAsaprahasana,https://creativecommons.org/licenses/by-nc-sa/4.0/,
TG-GRE-C-0330,TG-GRE-0330,textgrid:49m7j.0,handle:hdl:21.11113/0000-0016-CBA8-6,TEI_XML,305725,md5,549c48b2e707b5962750bd24d21e1cd4,acquisitions\staging\textgrid-gretil\2026-07-12\payload\textgrid_49m7j_0.xml,True,305725,8d1f33ac506da86be8842b3cd658c816a4600d62acdc4f6caf9bc689e19bea1d,549c48b2e707b5962750bd24d21e1cd4,True,True,TEI,sa_mammaTa-kAvyaprakAza-comm,https://creativecommons.org/licenses/by-nc-sa/4.0/,
TG-GRE-C-0331,TG-GRE-0331,textgrid:49m7n.0,handle:hdl:21.11113/0000-0016-CBAB-3,TEI_XML,344069,md5,2885a746765ccdfbb2f60b19f705c6c5,acquisitions\staging\textgrid-gretil\2026-07-12\payload\textgrid_49m7n_0.xml,True,344069,152d360a509c853b0d0cee4891cc83c7cf9d1fdf29dfddfa8999c8e47e520d24,2885a746765ccdfbb2f60b19f705c6c5,True,True,TEI,sa_mammaTa-kAvyaprakAza,https://creativecommons.org/licenses/by-nc-sa/4.0/,
TG-GRE-C-0332,TG-GRE-0332,textgrid:49m7r.0,handle:hdl:21.11113/0000-0016-CBAE-0,TEI_XML,31641,md5,6a06216824338247ce44c4eafb80d240,acquisitions\staging\textgrid-gretil\2026-07-12\payload\textgrid_49m7r_0.xml,True,31641,148bc522c3cd964bff9b4250762bfd6147b0fe7a7096ab0d2b76e87a00795813,6a06216824338247ce44c4eafb80d240,True,True,TEI,sa_mammaTa-zabdavyApAravicAra,https://creativecommons.org/licenses/by-nc-sa/4.0/,
TG-GRE-C-0333,TG-GRE-0333,textgrid:49m7v.0,handle:hdl:21.11113/0000-0016-CBB1-B,TEI_XML,253432,md5,9429994dd43d28795618fdfe5a2782f1,acquisitions\staging\textgrid-gretil\2026-07-12\payload\textgrid_49m7v_0.xml,True,253432,2d2c880cc43322785d72fb293a035b80e6c6fdecb1993467e7aa58c90f673765,9429994dd43d28795618fdfe5a2782f1,True,True,TEI,sa_nArAyaNa-hitopadeza,https://creativecommons.org/licenses/by-nc-sa/4.0/,
TG-GRE-C-0334,TG-GRE-0334,textgrid:49m7z.0,handle:hdl:21.11113/0000-0016-CBB4-8,TEI_XML,346415,md5,b613417324143b4c60be62cbb82ecc5f,acquisitions\staging\textgrid-gretil\2026-07-12\payload\textgrid_49m7z_0.xml,True,346415,ad72d0f578a501b17370e33b9e60c759d136ed248ecf78fc86f78fd1d978b730,b613417324143b4c60be62cbb82ecc5f,True,True,TEI,sa_nArAyaNabhaTTa-nArAyaNIya,https://creativecommons.org/licenses/by-nc-sa/4.0/,
TG-GRE-C-0335,TG-GRE-0335,textgrid:49m82.0,handle:hdl:21.11113/0000-0016-CBB7-5,TEI_XML,69375,md5,c8d89ed0f49e6d6da4fcee9e96026c03,acquisitions\staging\textgrid-gretil\2026-07-12\payload\textgrid_49m82_0.xml,True,69375,ac33cbccb58a17101309f16a81bf57dea7db6c951231367a2a5604bd33c04615,c8d89ed0f49e6d6da4fcee9e96026c03,True,True,TEI,sa_nIlakaNThadIkSita-kaliviDambana,https://creativecommons.org/licenses/by-nc-sa/4.0/,
TG-GRE-C-0336,TG-GRE-0336,textgrid:49m85.0,handle:hdl:21.11113/0000-0016-CBBA-2,TEI_XML,994022,md5,88dee1d534e56d4e41238c3df99f57e8,acquisitions\staging\textgrid-gretil\2026-07-12\payload\textgrid_49m85_0.xml,True,994022,2549c1c805dc84974c68a43a0301b8b043b1c4c7c951131db23bbd48a36c6f40,88dee1d534e56d4e41238c3df99f57e8,True,True,TEI,sa_padmagupta-navasAhasAGkacarita,https://creativecommons.org/licenses/by-nc-sa/4.0/,
TG-GRE-C-0337,TG-GRE-0337,textgrid:49m88.0,handle:hdl:21.11113/0000-0016-CBBD-F,TEI_XML,75182,md5,e3c0b7cfbafc385e98d873b65e985738,acquisitions\staging\textgrid-gretil\2026-07-12\payload\textgrid_49m88_0.xml,True,75182,bc6b78c91c65698860f7c4c1bbfb1d0be004048ae585c88c17818cd08c346339,e3c0b7cfbafc385e98d873b65e985738,True,True,TEI,sa_rAmodanta,https://creativecommons.org/licenses/by-nc-sa/4.0/,
TG-GRE-C-0338,TG-GRE-0338,textgrid:49m8c.0,handle:hdl:21.11113/0000-0016-CBC0-A,TEI_XML,23978,md5,c9d6ae3d55d42dd154a24a6c89f943e7,acquisitions\staging\textgrid-gretil\2026-07-12\payload\textgrid_49m8c_0.xml,True,23978,b9bba977c7d1fbda65349d04eda82dd31ac8d6116f4b3ca859104173d2e9adca,c9d6ae3d55d42dd154a24a6c89f943e7,True,True,TEI,sa_rAghavacaitanya-mahAgaNapatistotra-comm,https://creativecommons.org/licenses/by-nc-sa/4.0/,
TG-GRE-C-0339,TG-GRE-0339,textgrid:49m8g.0,handle:hdl:21.11113/0000-0016-CBC3-7,TEI_XML,209191,md5,171c166726f16d92c3bf191135e1e16e,acquisitions\staging\textgrid-gretil\2026-07-12\payload\textgrid_49m8g_0.xml,True,209191,4f642f4d6af0b1c8a6591652e9027cf058c0bb77874a678ca52e115b91619448,171c166726f16d92c3bf191135e1e16e,True,True,TEI,sa_rAjazekhara-kAvyamImAMsA-1,https://creativecommons.org/licenses/by-nc-sa/4.0/,
TG-GRE-C-0340,TG-GRE-0340,textgrid:49m8k.0,handle:hdl:21.11113/0000-0016-CBC6-4,TEI_XML,39706,md5,12655e3a47223116d34c5f7f3ceade2d,acquisitions\staging\textgrid-gretil\2026-07-12\payload\textgrid_49m8k_0.xml,True,39706,7ea556fdb796aea6529864472a24f013e6221341d27427930695759a50312fad,12655e3a47223116d34c5f7f3ceade2d,True,True,TEI,sa_rAva-mithyAgrahaNa,https://creativecommons.org/licenses/by-nc-sa/4.0/,
TG-GRE-C-0341,TG-GRE-0341,textgrid:49m8p.0,handle:hdl:21.11113/0000-0016-CBC9-1,TEI_XML,69524,md5,f3aaa56550f804f0092dc601e2fea2af,acquisitions\staging\textgrid-gretil\2026-07-12\payload\textgrid_49m8p_0.xml,True,69524,0c1402bfea08e2fc862107180cd400008f50d3f590038c97e0d93656aa3c830a,f3aaa56550f804f0092dc601e2fea2af,True,True,TEI,sa_ravideva-rAkSasakAvyawithTIkA,https://creativecommons.org/licenses/by-nc-sa/4.0/,
TG-GRE-C-0342,TG-GRE-0342,textgrid:49m8s.0,handle:hdl:21.11113/0000-0016-CBCC-E,TEI_XML,123786,md5,517a60fac6e3c359cd6dc0d6576d577a,acquisitions\staging\textgrid-gretil\2026-07-12\payload\textgrid_49m8s_0.xml,True,123786,7db555d979105d69d18f925d897bef99aa6f1b092c55cccff136f09a3dce0b66,517a60fac6e3c359cd6dc0d6576d577a,True,True,TEI,sa_rudrabhaTTaH-zRGgAratilaka,https://creativecommons.org/licenses/by-nc-sa/4.0/,
TG-GRE-C-0343,TG-GRE-0343,textgrid:49m8w.0,handle:hdl:21.11113/0000-0016-CBCF-B,TEI_XML,46864,md5,196c9c055af954239c3cb93c18aa03e9,acquisitions\staging\textgrid-gretil\2026-07-12\payload\textgrid_49m8w_0.xml,True,46864,d5d721ec4c18b21efe216c273e40f518baf557b8c815b3c9cf9702ada63f7132,196c9c055af954239c3cb93c18aa03e9,True,True,TEI,sa_rUpagosvAmin-haMsadUta,https://creativecommons.org/licenses/by-nc-sa/4.0/,
TG-GRE-C-0344,TG-GRE-0344,textgrid:49m90.0,handle:hdl:21.11113/0000-0016-CBD2-6,TEI_XML,134401,md5,b67bd5ca07f1ed6bc3f3b98aaeb51f0c,acquisitions\staging\textgrid-gretil\2026-07-12\payload\textgrid_49m90_0.xml,True,134401,79652411468b7a8ffbb6f179da22dfe833a075becb5a398b1a9afdb996f5f66b,b67bd5ca07f1ed6bc3f3b98aaeb51f0c,True,True,TEI,sa_rUpagosvAmin-nATakacandrikA,https://creativecommons.org/licenses/by-nc-sa/4.0/,
TG-GRE-C-0345,TG-GRE-0345,textgrid:49m93.0,handle:hdl:21.11113/0000-0016-CBD5-3,TEI_XML,126908,md5,ee77c815de102219a374efda8efc0f90,acquisitions\staging\textgrid-gretil\2026-07-12\payload\textgrid_49m93_0.xml,True,126908,0c1de6f4f8a4b833bab61a1a77807061c113299c8d8346e29dca1097c8173a47,ee77c815de102219a374efda8efc0f90,True,True,TEI,sa_rUpagosvAmin-padyAvalI,https://creativecommons.org/licenses/by-nc-sa/4.0/,
TG-GRE-C-0346,TG-GRE-0346,textgrid:49m96.0,handle:hdl:21.11113/0000-0016-CBD8-0,TEI_XML,331211,md5,b11933bf8ffa6c48e5855d54684c1c61,acquisitions\staging\textgrid-gretil\2026-07-12\payload\textgrid_49m96_0.xml,True,331211,3b548beff9d055b48b6071bdcbb8c28f1ee978b10d579ef1dccb1d583cfe8975,b11933bf8ffa6c48e5855d54684c1c61,True,True,TEI,sa_rUpagosvAmin-ujjvalanIlamaNi,https://creativecommons.org/licenses/by-nc-sa/4.0/,
TG-GRE-C-0347,TG-GRE-0347,textgrid:49m99.0,handle:hdl:21.11113/0000-0016-CBDB-D,TEI_XML,307064,md5,730fb8d16fd28fbc0754388b2e33bc0a,acquisitions\staging\textgrid-gretil\2026-07-12\payload\textgrid_49m99_0.xml,True,307064,818a6241a86df352377ec1e7c0faab7e8aa3e7abe2877a14480f056a686e15e5,730fb8d16fd28fbc0754388b2e33bc0a,True,True,TEI,sa_ruyyaka-alaMkArasarvasva-1-34-comm,https://creativecommons.org/licenses/by-nc-sa/4.0/,
TG-GRE-C-0348,TG-GRE-0348,textgrid:49m9d.0,handle:hdl:21.11113/0000-0016-CBDE-A,TEI_XML,86740,md5,c90bcaba81a5d5fae5d46221378e13fb,acquisitions\staging\textgrid-gretil\2026-07-12\payload\textgrid_49m9d_0.xml,True,86740,e5bd06ca2887b3f8dd237e684f3e6fd85d2e27e0d99d47946ee66cc634f1cd59,c90bcaba81a5d5fae5d46221378e13fb,True,True,TEI,sa_ruyyaka-alaMkArasarvasva-1-34,https://creativecommons.org/licenses/by-nc-sa/4.0/,
TG-GRE-C-0349,TG-GRE-0349,textgrid:49m9h.0,handle:hdl:21.11113/0000-0016-CBE1-5,TEI_XML,320469,md5,861ecca0985e2b3fcc4242aeacff3de1,acquisitions\staging\textgrid-gretil\2026-07-12\payload\textgrid_49m9h_0.xml,True,320469,2d149108ec364e98fba57e6d3b312fcab94856284897485051287822ea5484bb,861ecca0985e2b3fcc4242aeacff3de1,True,True,TEI,sa_ruyyaka-alaMkArasarvasva,https://creativecommons.org/licenses/by-nc-sa/4.0/,
TG-GRE-C-0350,TG-GRE-0350,textgrid:49m9m.0,handle:hdl:21.11113/0000-0016-CBE4-2,TEI_XML,15949,md5,9c9babde8ddf5220fe1f7e132f4828d4,acquisitions\staging\textgrid-gretil\2026-07-12\payload\textgrid_49m9m_0.xml,True,15949,deda8a62e16cfd73ce4fb6e049acbd4bcbe871dcc1b3a896257e1d67391ac63e,9c9babde8ddf5220fe1f7e132f4828d4,True,True,TEI,sa_ruyyaka-sahRdayalIlA,https://creativecommons.org/licenses/by-nc-sa/4.0/,
TG-GRE-C-0351,TG-GRE-0351,textgrid:49m9q.0,handle:hdl:21.11113/0000-0016-CBE7-F,TEI_XML,162861,md5,196a050fc76658db000654decf3e8f1c,acquisitions\staging\textgrid-gretil\2026-07-12\payload\textgrid_49m9q_0.xml,True,162861,e154bdbd273d8e2a4d46bb9277b54f6ad3f77b82551a5a31fe4ccb9acd9bc437,196a050fc76658db000654decf3e8f1c,True,True,TEI,sa_ruyyaka-vyaktivivekavyAkhyA-2,https://creativecommons.org/licenses/by-nc-sa/4.0/,
TG-GRE-C-0352,TG-GRE-0352,textgrid:49m9t.0,handle:hdl:21.11113/0000-0016-CBEA-C,TEI_XML,459431,md5,e0811fcc9c24ad109906991794365a87,acquisitions\staging\textgrid-gretil\2026-07-12\payload\textgrid_49m9t_0.xml,True,459431,8c4a13be0fd5085a7bc46c8047ca38aa3d335714d15375efb74f63be45fa26b7,e0811fcc9c24ad109906991794365a87,True,True,TEI,sa_siMhabhUpAla-rasArNavasudhAkara,https://creativecommons.org/licenses/by-nc-sa/4.0/,
TG-GRE-C-0353,TG-GRE-0353,textgrid:49m9x.0,handle:hdl:21.11113/0000-0016-CBED-9,TEI_XML,7356122,md5,e5f3c40e439bbf2270ef47123195ab21,acquisitions\staging\textgrid-gretil\2026-07-12\payload\textgrid_49m9x_0.xml,True,7356122,c0fc4779053d5604f5ec99b8112dde4e0c3c0c6c7719f4214a3a93f3245c929c,e5f3c40e439bbf2270ef47123195ab21,True,True,TEI,sa_somadeva-kathAsaritsAgara,https://creativecommons.org/licenses/by-nc-sa/4.0/,
TG-GRE-C-0354,TG-GRE-0354,textgrid:49mb1.0,handle:hdl:21.11113/0000-0016-CBF0-4,TEI_XML,853667,md5,a1b7ff1a3f8ce2407b41031bdd641578,acquisitions\staging\textgrid-gretil\2026-07-12\payload\textgrid_49mb1_0.xml,True,853667,2175729966e6bc4b4a8e78dea2963f89020a2d99768be0c66dad1f4695293903,a1b7ff1a3f8ce2407b41031bdd641578,True,True,TEI,sa_somadeva-kathAsaritsAgaravetAlapaJcaviMzatikA,https://creativecommons.org/licenses/by-nc-sa/4.0/,
TG-GRE-C-0355,TG-GRE-0355,textgrid:49mb4.0,handle:hdl:21.11113/0000-0016-CBF3-1,TEI_XML,92701,md5,c8aa9870f0eed2d06166a371760fb405,acquisitions\staging\textgrid-gretil\2026-07-12\payload\textgrid_49mb4_0.xml,True,92701,c186604fc90c637d4218c05dec0f8a65e3eed991dfdb0803551626e3a4a90945,c8aa9870f0eed2d06166a371760fb405,True,True,TEI,sa_subandhu-vAsavadattA,https://creativecommons.org/licenses/by-nc-sa/4.0/,
TG-GRE-C-0356,TG-GRE-0356,textgrid:49mb7.0,handle:hdl:21.11113/0000-0016-CBF6-E,TEI_XML,80833,md5,61a2793d974f8cc5b375ee149250e3e4,acquisitions\staging\textgrid-gretil\2026-07-12\payload\textgrid_49mb7_0.xml,True,80833,b7161aa7e67d5f6643b82ec0bcd49af9f2b9b1a1a036fce37dca3a5707c3350b,61a2793d974f8cc5b375ee149250e3e4,True,True,TEI,sa_tantrAkhyAyika-1-2,https://creativecommons.org/licenses/by-nc-sa/4.0/,
TG-GRE-C-0357,TG-GRE-0357,textgrid:49mbb.0,handle:hdl:21.11113/0000-0016-CBF9-B,TEI_XML,198691,md5,801968cf29f37cb56f7a606e49d2f6d3,acquisitions\staging\textgrid-gretil\2026-07-12\payload\textgrid_49mbb_0.xml,True,198691,f390ad1003862dddab22e12a4d2bab605aa3835d79a43b4946fd563c24cecb4f,801968cf29f37cb56f7a606e49d2f6d3,True,True,TEI,sa_udbhaTa-kAvyAlaMkArasArasaMgraha,https://creativecommons.org/licenses/by-nc-sa/4.0/,
TG-GRE-C-0358,TG-GRE-0358,textgrid:49mbf.0,handle:hdl:21.11113/0000-0016-CBFC-8,TEI_XML,74917,md5,689eb6b8c94082d0095368c79351677e,acquisitions\staging\textgrid-gretil\2026-07-12\payload\textgrid_49mbf_0.xml,True,74917,90c1036c985cd63f44ff5870c1d74011c0bb396546456cd2b31a28bb9e762774,689eb6b8c94082d0095368c79351677e,True,True,TEI,sa_uddaNDa-kokilasaMdesa,https://creativecommons.org/licenses/by-nc-sa/4.0/,
TG-GRE-C-0359,TG-GRE-0359,textgrid:49mbj.0,handle:hdl:21.11113/0000-0016-CBFF-5,TEI_XML,86456,md5,ec0a0cdfefbe1ab0a032c5527d178263,acquisitions\staging\textgrid-gretil\2026-07-12\payload\textgrid_49mbj_0.xml,True,86456,bcdecaf86e4e36c6d7b2ef1ca52cee0d72d546c6e5e315103b11fc4bda1ff545,ec0a0cdfefbe1ab0a032c5527d178263,True,True,TEI,sa_udIcyazyAmilaka-pADatADitaka,https://creativecommons.org/licenses/by-nc-sa/4.0/,
TG-GRE-C-0360,TG-GRE-0360,textgrid:49mbn.0,handle:hdl:21.11113/0000-0016-CC02-0,TEI_XML,323744,md5,84883d6e19fe315a76f53bf1f2064154,acquisitions\staging\textgrid-gretil\2026-07-12\payload\textgrid_49mbn_0.xml,True,323744,013912265a226d09f709bd2790ee4650bcf77b3dda698748968d376a4c295fe9,84883d6e19fe315a76f53bf1f2064154,True,True,TEI,sa_vallabhadeva-subhASitAvali-1-1040,https://creativecommons.org/licenses/by-nc-sa/4.0/,
TG-GRE-C-0361,TG-GRE-0361,textgrid:49mbr.0,handle:hdl:21.11113/0000-0016-CC05-D,TEI_XML,32974,md5,7b17300e5bb5a5eb7bc4530c84b1f095,acquisitions\staging\textgrid-gretil\2026-07-12\payload\textgrid_49mbr_0.xml,True,32974,6198779e17c08e40161c4394291e70f454705b9f79ef590a7dc08b008e13ce1a,7b17300e5bb5a5eb7bc4530c84b1f095,True,True,TEI,sa_vAmana-kAvyAlaMkArasUtra-alt,https://creativecommons.org/licenses/by-nc-sa/4.0/,
TG-GRE-C-0362,TG-GRE-0362,textgrid:49mbv.0,handle:hdl:21.11113/0000-0016-CC08-A,TEI_XML,162519,md5,1cf3d85f7a42e0a916860b4e74e34c5b,acquisitions\staging\textgrid-gretil\2026-07-12\payload\textgrid_49mbv_0.xml,True,162519,bcdd420b2f00efc0656a171635b68c5b4c6c48db47cd3fb39d4dd6817503100c,1cf3d85f7a42e0a916860b4e74e34c5b,True,True,TEI,sa_vAmana-kAvyAlaMkArasUtra,https://creativecommons.org/licenses/by-nc-sa/4.0/,
TG-GRE-C-0363,TG-GRE-0363,textgrid:49mbz.0,handle:hdl:21.11113/0000-0016-CC0B-7,TEI_XML,739300,md5,fe30b50c434c1361c613c60c593d144d,acquisitions\staging\textgrid-gretil\2026-07-12\payload\textgrid_49mbz_0.xml,True,739300,7af938a51d4ac20815b1307e68e8cfc7a3d038024e66087698578faaa2a6aa89,fe30b50c434c1361c613c60c593d144d,True,True,TEI,sa_vidyAkara-subhASitaratnakoza,https://creativecommons.org/licenses/by-nc-sa/4.0/,
TG-GRE-C-0364,TG-GRE-0364,textgrid:49mc2.0,handle:hdl:21.11113/0000-0016-CC0E-4,TEI_XML,391079,md5,89829bdde4e69544bec69d5fbd292df0,acquisitions\staging\textgrid-gretil\2026-07-12\payload\textgrid_49mc2_0.xml,True,391079,b1fd571af22b69bb76eee8e6aa9df0a07cdb69bf00ac8f1ecbe5c37e64c0381a,89829bdde4e69544bec69d5fbd292df0,True,True,TEI,sa_vidyAnAtha-pratAparudrIya,https://creativecommons.org/licenses/by-nc-sa/4.0/,
TG-GRE-C-0365,TG-GRE-0365,textgrid:49mc5.0,handle:hdl:21.11113/0000-0016-CC11-F,TEI_XML,553152,md5,5dec3959267ac4c266a8b2ab17514109,acquisitions\staging\textgrid-gretil\2026-07-12\payload\textgrid_49mc5_0.xml,True,553152,2cd5bf1176dcbebd33a69423ffbdac02f8bc44f94286899651bdd622ba469e7e,5dec3959267ac4c266a8b2ab17514109,True,True,TEI,sa_viSNuzarman-paJcatantra,https://creativecommons.org/licenses/by-nc-sa/4.0/,
TG-GRE-C-0366,TG-GRE-0366,textgrid:49mc8.0,handle:hdl:21.11113/0000-0016-CC14-C,TEI_XML,1946814,md5,a36eeb200f21fa224b74030895a422e2,acquisitions\staging\textgrid-gretil\2026-07-12\payload\textgrid_49mc8_0.xml,True,1946814,8ce55fb55748187540a04589520d648669ce4a0aac7c86989e11b6146090c35a,a36eeb200f21fa224b74030895a422e2,True,True,TEI,sa_vizvanAthakavirAja-sAhityadarpaNa-comm,https://creativecommons.org/licenses/by-nc-sa/4.0/,
TG-GRE-C-0367,TG-GRE-0367,textgrid:49mcc.0,handle:hdl:21.11113/0000-0016-CC17-9,TEI_XML,139900,md5,ee9cdce9d7cfb1ecb1f022ea07ec81a5,acquisitions\staging\textgrid-gretil\2026-07-12\payload\textgrid_49mcc_0.xml,True,139900,a502da9deacadd06e69626d920b683974c9b818afae1768e4e39abf5b08994fd,ee9cdce9d7cfb1ecb1f022ea07ec81a5,True,True,TEI,sa_vizvanAthakavirAja-sAhityadarpaNa,https://creativecommons.org/licenses/by-nc-sa/4.0/,
TG-GRE-C-0368,TG-GRE-0368,textgrid:49mcg.0,handle:hdl:21.11113/0000-0016-CC1A-6,TEI_XML,297422,md5,7b8208c846afd7ffbfee9b23e5f05305,acquisitions\staging\textgrid-gretil\2026-07-12\payload\textgrid_49mcg_0.xml,True,297422,b88994186fbd4beaf2e507209b6ceacbb89fa863b2e8a88fa1745e8e7f3e2cc7,7b8208c846afd7ffbfee9b23e5f05305,True,True,TEI,sa_vizvezvarakavicandra-camatkAracandrikA,https://creativecommons.org/licenses/by-nc-sa/4.0/,
TG-GRE-C-0369,TG-GRE-0369,textgrid:49mck.0,handle:hdl:21.11113/0000-0016-CC1D-3,TEI_XML,199488,md5,4a335ccfb06af342cd88681a8a9ddb45,acquisitions\staging\textgrid-gretil\2026-07-12\payload\textgrid_49mck_0.xml,True,199488,ba4ef8a054e27a7e0665e613b095a7ea9396867a314fcd2a6d766e4a5df5d3d0,4a335ccfb06af342cd88681a8a9ddb45,True,True,TEI,sa_zukasaptati,https://creativecommons.org/licenses/by-nc-sa/4.0/,
TG-GRE-C-0370,TG-GRE-0370,textgrid:49mcq.0,handle:hdl:21.11113/0000-0016-CC23-B,TEI_XML,43028,md5,708d1be73354e5cf26212e4809e0093b,acquisitions\staging\textgrid-gretil\2026-07-12\payload\textgrid_49mcq_0.xml,True,43028,a0b6370f232e2680413081ce5a9fd9d9be44556cf99bc00657872a216b6fa9b2,708d1be73354e5cf26212e4809e0093b,True,True,TEI,sa_vizvantarAvadAna,https://creativecommons.org/licenses/by-nc-sa/4.0/,
TG-GRE-C-0371,TG-GRE-0371,textgrid:49mct.0,handle:hdl:21.11113/0000-0016-CC26-8,TEI_XML,21379,md5,44e0e2b604c63469efa6d726e294f4f8,acquisitions\staging\textgrid-gretil\2026-07-12\payload\textgrid_49mct_0.xml,True,21379,ff6a08efb266c1c841b123a6c8fec7fcc16e65c4c456b2e4d71557e096c38a46,44e0e2b604c63469efa6d726e294f4f8,True,True,TEI,sa_yAmuna-gItArthasaMgraha,https://creativecommons.org/licenses/by-nc-sa/4.0/,
TG-GRE-C-0372,TG-GRE-0372,textgrid:49mcx.0,handle:hdl:21.11113/0000-0016-CC29-5,TEI_XML,11768,md5,ade90189baf6e255e72debd2fbf64db5,acquisitions\staging\textgrid-gretil\2026-07-12\payload\textgrid_49mcx_0.xml,True,11768,0885f093af25a929e3cccffcc3c4e344feca5d4d77ff173ccaf27d2f1831f8f2,ade90189baf6e255e72debd2fbf64db5,True,True,TEI,sa_prajJApAramitAhRdayasUtra,https://creativecommons.org/licenses/by-nc-sa/4.0/,
TG-GRE-C-0373,TG-GRE-0373,textgrid:49md1.0,handle:hdl:21.11113/0000-0016-CC2C-2,TEI_XML,12963,md5,4d1b7fafd4688e07b7fc3135121f416a,acquisitions\staging\textgrid-gretil\2026-07-12\payload\textgrid_49md1_0.xml,True,12963,07a6d8ec7c467626e981268986f143833219edcf9a7563374154f3c9ecae88bb,4d1b7fafd4688e07b7fc3135121f416a,True,True,TEI,sa_prajJApAramitAhRdayasUtrasaMkSiptamAtRkA,https://creativecommons.org/licenses/by-nc-sa/4.0/,
TG-GRE-C-0374,TG-GRE-0374,textgrid:49md4.0,handle:hdl:21.11113/0000-0016-CC2F-F,TEI_XML,14525,md5,4279abef7f1844bea2b2036393749eb3,acquisitions\staging\textgrid-gretil\2026-07-12\payload\textgrid_49md4_0.xml,True,14525,432996e8507d0f81013df31bca0b9b2de7f8b50e2039826d9fe1c4f395405d82,4279abef7f1844bea2b2036393749eb3,True,True,TEI,sa_prajJApAramitAhRdayasUtravistaramAtRkA,https://creativecommons.org/licenses/by-nc-sa/4.0/,
TG-GRE-C-0375,TG-GRE-0375,textgrid:49md7.0,handle:hdl:21.11113/0000-0016-CC32-A,TEI_XML,32530,md5,353a9b87f518c6cdf1252ea6a6a2c9e0,acquisitions\staging\textgrid-gretil\2026-07-12\payload\textgrid_49md7_0.xml,True,32530,6d0511593e0ca39e08f4056f929ea5d9b9760be227a74a2bb65a1783395612e9,353a9b87f518c6cdf1252ea6a6a2c9e0,True,True,TEI,sa_prAtimokSasUtrafragments,https://creativecommons.org/licenses/by-nc-sa/4.0/,
TG-GRE-C-0376,TG-GRE-0376,textgrid:49mdb.0,handle:hdl:21.11113/0000-0016-CC35-7,TEI_XML,108055,md5,8c47e863e787b0acc703919440b7907b,acquisitions\staging\textgrid-gretil\2026-07-12\payload\textgrid_49mdb_0.xml,True,108055,58ba5f2095a61345c944d7dd9fe37d2f5b830bbaaeb947d9dae22c37e8bfda6f,8c47e863e787b0acc703919440b7907b,True,True,TEI,sa_utpaladeva-IzvarapratyabhijJAkArikA-with-vRtti,https://creativecommons.org/licenses/by-nc-sa/4.0/,
TG-GRE-C-0377,TG-GRE-0377,textgrid:49mdf.0,handle:hdl:21.11113/0000-0016-CC38-4,TEI_XML,16299,md5,b72f6d58c758bc4aee7c7bf7c73910e4,acquisitions\staging\textgrid-gretil\2026-07-12\payload\textgrid_49mdf_0.xml,True,16299,393a722fea0f4f7886139d0b3b052439ede9963b0fc925618aa4b848450fb573,b72f6d58c758bc4aee7c7bf7c73910e4,True,True,TEI,sa_pratItyasamutpAdAdivibhaGganirdezasUtra,https://creativecommons.org/licenses/by-nc-sa/4.0/,
TG-GRE-C-0378,TG-GRE-0378,textgrid:49mdj.0,handle:hdl:21.11113/0000-0016-CC3B-1,TEI_XML,16998,md5,cdfb6a9e98789a219ebb2f0c5718bd7d,acquisitions\staging\textgrid-gretil\2026-07-12\payload\textgrid_49mdj_0.xml,True,16998,e7df9accacc66578f7b287943a42a82fd555f0b63fa8fd5b9a00bcb8bca4fdf0,cdfb6a9e98789a219ebb2f0c5718bd7d,True,True,TEI,sa_pratItyasamutpAdavibhaGgasUtra,https://creativecommons.org/licenses/by-nc-sa/4.0/,
TG-GRE-C-0379,TG-GRE-0379,textgrid:49mdn.0,handle:hdl:21.11113/0000-0016-CC3E-E,TEI_XML,64132,md5,4d42a6a5daf6cd4fbb0cf81174eb3f27,acquisitions\staging\textgrid-gretil\2026-07-12\payload\textgrid_49mdn_0.xml,True,64132,4e90d376425102de49d4486447bf12b4196cd5f8da1343ea4addc0b2c51a29a2,4d42a6a5daf6cd4fbb0cf81174eb3f27,True,True,TEI,sa_pravAraNAvastu,https://creativecommons.org/licenses/by-nc-sa/4.0/,
TG-GRE-C-0380,TG-GRE-0380,textgrid:49mdr.0,handle:hdl:21.11113/0000-0016-CC41-9,TEI_XML,56037,md5,e14b12c949a702dff2b61d8a0ccb464e,acquisitions\staging\textgrid-gretil\2026-07-12\payload\textgrid_49mdr_0.xml,True,56037,1512ac3d82f6c31ada8ee6da13fa9e244d0530bd4b37eb670a64328ecc31ce21,e14b12c949a702dff2b61d8a0ccb464e,True,True,TEI,sa_pudgalavastu,https://creativecommons.org/licenses/by-nc-sa/4.0/,
TG-GRE-C-0381,TG-GRE-0381,textgrid:49mdv.0,handle:hdl:21.11113/0000-0016-CC44-6,TEI_XML,16587,md5,92cfeee4a733df653d783a47f7ba9157,acquisitions\staging\textgrid-gretil\2026-07-12\payload\textgrid_49mdv_0.xml,True,16587,de2589ea67ad5542e546a1c7bcd78ed0bda1673dc10260d6759bd1c87bb5acfe,92cfeee4a733df653d783a47f7ba9157,True,True,TEI,sa_rAhulabhadra-prajJApAramitAstotra,https://creativecommons.org/licenses/by-nc-sa/4.0/,
TG-GRE-C-0382,TG-GRE-0382,textgrid:49mdz.0,handle:hdl:21.11113/0000-0016-CC47-3,TEI_XML,119087,md5,475bdfe007464705a2a7c2d639450595,acquisitions\staging\textgrid-gretil\2026-07-12\payload\textgrid_49mdz_0.xml,True,119087,1b23b2b88b3b6d486570046963392010b89a25c35e1b877c63fc48765c134b35,475bdfe007464705a2a7c2d639450595,True,True,TEI,sa_vAgIzvarakIrti-mRtyuvaJcanopadeza,https://creativecommons.org/licenses/by-nc-sa/4.0/,
TG-GRE-C-0383,TG-GRE-0383,textgrid:49mf2.0,handle:hdl:21.11113/0000-0016-CC4A-0,TEI_XML,29675,md5,3e23c8d95aecb0e8299a7ddbe6eefdfa,acquisitions\staging\textgrid-gretil\2026-07-12\payload\textgrid_49mf2_0.xml,True,29675,d1dd0128614edc0ab08bfd4d797330bd80970c9bc403ba1a74fb42e16e68506e,3e23c8d95aecb0e8299a7ddbe6eefdfa,True,True,TEI,sa_sarvajJatAkAradhAraNI,https://creativecommons.org/licenses/by-nc-sa/4.0/,
TG-GRE-C-0384,TG-GRE-0384,textgrid:49mf5.0,handle:hdl:21.11113/0000-0016-CC4D-D,TEI_XML,32387,md5,dd1e6a9ccfdfc74f7ba41c98cafcb82a,acquisitions\staging\textgrid-gretil\2026-07-12\payload\textgrid_49mf5_0.xml,True,32387,121c3f8883cf168107084485ef276d83e9edc1df656f351b8aa4d659fefb96d5,dd1e6a9ccfdfc74f7ba41c98cafcb82a,True,True,TEI,sa_apohasiddhi,https://creativecommons.org/licenses/by-nc-sa/4.0/,
TG-GRE-C-0385,TG-GRE-0385,textgrid:49mf8.0,handle:hdl:21.11113/0000-0016-CC50-8,TEI_XML,43181,md5,d2419b5edda109080c4382f227cf1d42,acquisitions\staging\textgrid-gretil\2026-07-12\payload\textgrid_49mf8_0.xml,True,43181,aa837ac2669284661b5efb93ea7c79f7491535a1ba9009504f6813373c9910ab,d2419b5edda109080c4382f227cf1d42,True,True,TEI,sa_Aryadeva-caryAmelAvaNapradIpa,https://creativecommons.org/licenses/by-nc-sa/4.0/,
TG-GRE-C-0386,TG-GRE-0386,textgrid:49mfc.0,handle:hdl:21.11113/0000-0016-CC53-5,TEI_XML,13825,md5,bf2ec0a9435f106259d8b846eb2976f5,acquisitions\staging\textgrid-gretil\2026-07-12\payload\textgrid_49mfc_0.xml,True,13825,61309244d337099e7380c39e328dbdd229f3d5ccfe1bcca5c200ba412b50fcab,bf2ec0a9435f106259d8b846eb2976f5,True,True,TEI,sa_Aryadeva-catuHzatikA,https://creativecommons.org/licenses/by-nc-sa/4.0/,
TG-GRE-C-0387,TG-GRE-0387,textgrid:49mfg.0,handle:hdl:21.11113/0000-0016-CC56-2,TEI_XML,30831,md5,efca8912bb711edef3e58437403953dd,acquisitions\staging\textgrid-gretil\2026-07-12\payload\textgrid_49mfg_0.xml,True,30831,3ec76ee325af647579a22d2465d95a29d8b980f50d29684c6be4a54a8f3fc08b,efca8912bb711edef3e58437403953dd,True,True,TEI,sa_Aryadeva-cittavizuddhiprakaraNa,https://creativecommons.org/licenses/by-nc-sa/4.0/,
TG-GRE-C-0388,TG-GRE-0388,textgrid:49mfk.0,handle:hdl:21.11113/0000-0016-CC59-F,TEI_XML,15318,md5,619a09ccbfef70dc18288f1d87640572,acquisitions\staging\textgrid-gretil\2026-07-12\payload\textgrid_49mfk_0.xml,True,15318,104a1a62c90ec56b5db87d1c35cd24cb5a8e9dff3033bf57093d70201c177fa1,619a09ccbfef70dc18288f1d87640572,True,True,TEI,sa_AryAnityatAsUtra,https://creativecommons.org/licenses/by-nc-sa/4.0/,
TG-GRE-C-0389,TG-GRE-0389,textgrid:49mfp.0,handle:hdl:21.11113/0000-0016-CC5C-C,TEI_XML,21870,md5,004a53d52bfc551782d27daafb557f7e,acquisitions\staging\textgrid-gretil\2026-07-12\payload\textgrid_49mfp_0.xml,True,21870,645e303e6a2652e2f096a7ec160860d2fe46c963bca23638664d6aa992d8f8d0,004a53d52bfc551782d27daafb557f7e,True,True,TEI,sa_asaGga-trizatikAyAH-prajJApAramitAyAH-kArikAsaptatiH,https://creativecommons.org/licenses/by-nc-sa/4.0/,
TG-GRE-C-0390,TG-GRE-0390,textgrid:49mfs.0,handle:hdl:21.11113/0000-0016-CC5F-9,TEI_XML,26229,md5,83ee63c531be8fc1ded2bfadd7140511,acquisitions\staging\textgrid-gretil\2026-07-12\payload\textgrid_49mfs_0.xml,True,26229,d6d9d7fc8874af8c5fe43c9d87e0db0bb826c8818fda28b47461a4e9472ded31,83ee63c531be8fc1ded2bfadd7140511,True,True,TEI,sa_asaGga-zarIrArthagAthA,https://creativecommons.org/licenses/by-nc-sa/4.0/,
TG-GRE-C-0391,TG-GRE-0391,textgrid:49mfw.0,handle:hdl:21.11113/0000-0016-CC62-4,TEI_XML,53954,md5,23f475da8782bbf00f7cd27b57010d3b,acquisitions\staging\textgrid-gretil\2026-07-12\payload\textgrid_49mfw_0.xml,True,53954,4f617efbc669a06c7c78556420c705cdf3f0ad3d57cccaeb4084941df3b724ea,23f475da8782bbf00f7cd27b57010d3b,True,True,TEI,sa_upasaMpadAjJapti,https://creativecommons.org/licenses/by-nc-sa/4.0/,
TG-GRE-C-0392,TG-GRE-0392,textgrid:49mg0.0,handle:hdl:21.11113/0000-0016-CC65-1,TEI_XML,54275,md5,b93cbff240c70fbe3b4642a494c82d25,acquisitions\staging\textgrid-gretil\2026-07-12\payload\textgrid_49mg0_0.xml,True,54275,0e6d1bc095a2cb7d79c9b94131a8071b89c66bcdaf653c3ebcf8bbcfa3f54eae,b93cbff240c70fbe3b4642a494c82d25,True,True,TEI,sa_upAyahRdaya,https://creativecommons.org/licenses/by-nc-sa/4.0/,
TG-GRE-C-0393,TG-GRE-0393,textgrid:49mg3.0,handle:hdl:21.11113/0000-0016-CC68-E,TEI_XML,23473,md5,b648113b6899d85e06c3dfb0b20f6b2f,acquisitions\staging\textgrid-gretil\2026-07-12\payload\textgrid_49mg3_0.xml,True,23473,bcb74d8d55f5821b82ac3d3dde1032616181ad1183a01b269a3fdbda5c2e5f3a,b648113b6899d85e06c3dfb0b20f6b2f,True,True,TEI,sa_utpaladeva-ajaDapramAtRsiddhi,https://creativecommons.org/licenses/by-nc-sa/4.0/,
TG-GRE-C-0394,TG-GRE-0394,textgrid:49mg6.0,handle:hdl:21.11113/0000-0016-CC6B-B,TEI_XML,71718,md5,d0de1137c22dfc06528a5bfafc735c75,acquisitions\staging\textgrid-gretil\2026-07-12\payload\textgrid_49mg6_0.xml,True,71718,db21f18596a9af3fefb8a336e55a5f1fb4aa934fa98cc39804b3e00917e74ca3,d0de1137c22dfc06528a5bfafc735c75,True,True,TEI,sa_arthavinizcayasUtra,https://creativecommons.org/licenses/by-nc-sa/4.0/,
TG-GRE-C-0395,TG-GRE-0395,textgrid:49mg9.0,handle:hdl:21.11113/0000-0016-CC6E-8,TEI_XML,78113,md5,8fee2a7fe6c515830869eb27fc278e26,acquisitions\staging\textgrid-gretil\2026-07-12\payload\textgrid_49mg9_0.xml,True,78113,5b56f26b55384e93ae50f5a6449ccd3432fca44ef31b9136f715a0d8d804cd9f,8fee2a7fe6c515830869eb27fc278e26,True,True,TEI,sa_AryazUra-pAramitAsamAsa,https://creativecommons.org/licenses/by-nc-sa/4.0/,
TG-GRE-C-0396,TG-GRE-0396,textgrid:49mgd.0,handle:hdl:21.11113/0000-0016-CC71-3,TEI_XML,25770,md5,5a9826ccc5b3334a50aafef4e1e11d21,acquisitions\staging\textgrid-gretil\2026-07-12\payload\textgrid_49mgd_0.xml,True,25770,b25ae06074d3652910f602318d47c42a82175004c7660a5bc6baa5b8cd5d6814,5a9826ccc5b3334a50aafef4e1e11d21,True,True,TEI,philosophy_adhsatpu,https://creativecommons.org/licenses/by-nc-sa/4.0/,
TG-GRE-C-0397,TG-GRE-0397,textgrid:49mgh.0,handle:hdl:21.11113/0000-0016-CC74-0,TEI_XML,53583,md5,7ca01c6ff9ee3a63e1e05ae2da6208b0,acquisitions\staging\textgrid-gretil\2026-07-12\payload\textgrid_49mgh_0.xml,True,53583,b0b660617b47cf2f0e9b274eea01db65069e4d5d2c1d47f5115f6435ecd3ce18,7ca01c6ff9ee3a63e1e05ae2da6208b0,True,True,TEI,sa_zabara-mImAMsAsUtrabhASya-1.1.1-5,https://creativecommons.org/licenses/by-nc-sa/4.0/,
TG-GRE-C-0398,TG-GRE-0398,textgrid:49mgm.0,handle:hdl:21.11113/0000-0016-CC77-D,TEI_XML,108352,md5,8ea75e5c00875d33402c95acd39bd401,acquisitions\staging\textgrid-gretil\2026-07-12\payload\textgrid_49mgm_0.xml,True,108352,ba16858c291c1e05914414ac8eabeacfaa7154ee49e5f5c4b21caad266dcba56,8ea75e5c00875d33402c95acd39bd401,True,True,TEI,sa_utpaladeva-IzvarapratyabhijJAkArikA-with-vRtti,https://creativecommons.org/licenses/by-nc-sa/4.0/,
TG-GRE-C-0399,TG-GRE-0399,textgrid:49mgq.0,handle:hdl:21.11113/0000-0016-CC7A-A,TEI_XML,36053,md5,8eee8d2f7834a1c896c19ae3334ef12c,acquisitions\staging\textgrid-gretil\2026-07-12\payload\textgrid_49mgq_0.xml,True,36053,b3a74ff05377b8a772e33672ff5647c2dc5072c98fde92ea9dbc128001cbf7ed,8eee8d2f7834a1c896c19ae3334ef12c,True,True,TEI,sa_zAlistambasUtra,https://creativecommons.org/licenses/by-nc-sa/4.0/,
TG-GRE-C-0400,TG-GRE-0400,textgrid:49mgt.0,handle:hdl:21.11113/0000-0016-CC7D-7,TEI_XML,14512,md5,2cabe18470a2ec18153600fb82f1981d,acquisitions\staging\textgrid-gretil\2026-07-12\payload\textgrid_49mgt_0.xml,True,14512,182579be6e2697389e5b6249a0a8547605db87f8abb35f50920f0fbc735b84b6,2cabe18470a2ec18153600fb82f1981d,True,True,TEI,sa_zikSAsamuccayakArikA,https://creativecommons.org/licenses/by-nc-sa/4.0/,
TG-GRE-C-0401,TG-GRE-0401,textgrid:49mgx.0,handle:hdl:21.11113/0000-0016-CC80-1,TEI_XML,44026,md5,ec57db20280dfbfab0066875ec3034d2,acquisitions\staging\textgrid-gretil\2026-07-12\payload\textgrid_49mgx_0.xml,True,44026,c19e6d36d3cbb757ebe2a182d8555f2d2310c0c507fe4112fc0bf440801b6eae,ec57db20280dfbfab0066875ec3034d2,True,True,TEI,sa_zrIghanAcArasaMgraha,https://creativecommons.org/licenses/by-nc-sa/4.0/,
TG-GRE-C-0402,TG-GRE-0402,textgrid:49mh1.0,handle:hdl:21.11113/0000-0016-CC83-E,TEI_XML,21248,md5,11f1f6d59869a9d1795be108a53104f7,acquisitions\staging\textgrid-gretil\2026-07-12\payload\textgrid_49mh1_0.xml,True,21248,7a3d2efea26373beb36167eee293b8b269598ea2a5eb8968273f3c95a8a8c9e0,11f1f6d59869a9d1795be108a53104f7,True,True,TEI,sa_zrImahAdevIvyAkaraNa,https://creativecommons.org/licenses/by-nc-sa/4.0/,
TG-GRE-C-0403,TG-GRE-0403,textgrid:49mh4.0,handle:hdl:21.11113/0000-0016-CC86-B,TEI_XML,22958,md5,0ed41fdf439b733b196738f023402277,acquisitions\staging\textgrid-gretil\2026-07-12\payload\textgrid_49mh4_0.xml,True,22958,43141cef0edcee6b2527d1ba537e252dd05c84c78fd1353528f55a088b5b8897,0ed41fdf439b733b196738f023402277,True,True,TEI,sa_zUnyasamAdhipAda-tattvajJAnasaMsiddhi,https://creativecommons.org/licenses/by-nc-sa/4.0/,
TG-GRE-C-0404,TG-GRE-0404,textgrid:49mh7.0,handle:hdl:21.11113/0000-0016-CC89-8,TEI_XML,53659,md5,c7624297d4b804a7cfa29aabd57737b3,acquisitions\staging\textgrid-gretil\2026-07-12\payload\textgrid_49mh7_0.xml,True,53659,6eea1988a87765fc3375a37e4751f63eba2d14ec4ec84da9a2f3ad72e761753d,c7624297d4b804a7cfa29aabd57737b3,True,True,TEI,sa_upasaMpadAjJapti,https://creativecommons.org/licenses/by-nc-sa/4.0/,
TG-GRE-C-0405,TG-GRE-0405,textgrid:49mhb.0,handle:hdl:21.11113/0000-0016-CC8C-5,TEI_XML,53980,md5,19f8a70dbd149fbdfa931fba3f676e12,acquisitions\staging\textgrid-gretil\2026-07-12\payload\textgrid_49mhb_0.xml,True,53980,62a8c7081217569674a82ea97e1fe1ee454d5d98a81bb5f5b7cc894fa3a6f2fd,19f8a70dbd149fbdfa931fba3f676e12,True,True,TEI,sa_upAyahRdaya,https://creativecommons.org/licenses/by-nc-sa/4.0/,
TG-GRE-C-0406,TG-GRE-0406,textgrid:49mhf.0,handle:hdl:21.11113/0000-0016-CC8F-2,TEI_XML,23210,md5,319c63bcef6d223d079908521c955885,acquisitions\staging\textgrid-gretil\2026-07-12\payload\textgrid_49mhf_0.xml,True,23210,d19d42d57bcb7ca013a2424baea18fc46f3e26a11bdc07e1361568215822998d,319c63bcef6d223d079908521c955885,True,True,TEI,sa_utpaladeva-ajaDapramAtRsiddhi,https://creativecommons.org/licenses/by-nc-sa/4.0/,
TG-GRE-C-0407,TG-GRE-0407,textgrid:49mhj.0,handle:hdl:21.11113/0000-0016-CC92-D,TEI_XML,54210,md5,0e9c163036ab217132c7d4ce8284d8b7,acquisitions\staging\textgrid-gretil\2026-07-12\payload\textgrid_49mhj_0.xml,True,54210,1859a7583454336b8455a120e1e0bb214224242f18837774e87f676e165bfcea,0e9c163036ab217132c7d4ce8284d8b7,True,True,TEI,sa_vajracchedikA-prajJApAramitA,https://creativecommons.org/licenses/by-nc-sa/4.0/,
TG-GRE-C-0408,TG-GRE-0408,textgrid:49mhn.0,handle:hdl:21.11113/0000-0016-CC95-A,TEI_XML,40077,md5,050e410a594928489574fadd5be59b60,acquisitions\staging\textgrid-gretil\2026-07-12\payload\textgrid_49mhn_0.xml,True,40077,f0916265c892c00b72acc77e3fe948cd3743a2e59b4cb573fd7619b69b9f6dcd,050e410a594928489574fadd5be59b60,True,True,TEI,sa_vajracchedikA-prajJApAramitA-frag,https://creativecommons.org/licenses/by-nc-sa/4.0/,
TG-GRE-C-0409,TG-GRE-0409,textgrid:49mhr.0,handle:hdl:21.11113/0000-0016-CC98-7,TEI_XML,32371,md5,c6ec0dc5b4549bde96bb3923c31e781b,acquisitions\staging\textgrid-gretil\2026-07-12\payload\textgrid_49mhr_0.xml,True,32371,5fa6fcd350f814a098099eac715efa8d7b3e0d7316bbf213e87a5caf9ada22ac,c6ec0dc5b4549bde96bb3923c31e781b,True,True,TEI,sa_vajracchedikA-prajJApAramitA-gilgit,https://creativecommons.org/licenses/by-nc-sa/4.0/,
TG-GRE-C-0410,TG-GRE-0410,textgrid:49mhv.0,handle:hdl:21.11113/0000-0016-CC9B-4,TEI_XML,16342,md5,b91406cb8cfa6b70a7330ffd20da25ac,acquisitions\staging\textgrid-gretil\2026-07-12\payload\textgrid_49mhv_0.xml,True,16342,43c3cf44cd0e93155cb310dab0546e0f4a2e4f6c07a1bce44d4659faefd76108,b91406cb8cfa6b70a7330ffd20da25ac,True,True,TEI,sa_vajravidAraNAdhAraNI,https://creativecommons.org/licenses/by-nc-sa/4.0/,
TG-GRE-C-0411,TG-GRE-0411,textgrid:49mhz.0,handle:hdl:21.11113/0000-0016-CC9E-1,TEI_XML,13829,md5,0fddd34b97509d4437f8ab40c1b10bcd,acquisitions\staging\textgrid-gretil\2026-07-12\payload\textgrid_49mhz_0.xml,True,13829,8d4a775a9c005b8df3c89774682ad914b0fec10494353f7d16b8f1d9acdbda63,0fddd34b97509d4437f8ab40c1b10bcd,True,True,TEI,sa_vajravidAraNIdhAraNI,https://creativecommons.org/licenses/by-nc-sa/4.0/,
TG-GRE-C-0412,TG-GRE-0412,textgrid:49mj2.0,handle:hdl:21.11113/0000-0016-CCA1-C,TEI_XML,40013,md5,e9f96b75acb4469a690dddac8eb8ba5e,acquisitions\staging\textgrid-gretil\2026-07-12\payload\textgrid_49mj2_0.xml,True,40013,7fcfe99a0f1c6cdffcb7b0bbeffc35d9d376e6c661bca0b04675d1c15ed33d93,e9f96b75acb4469a690dddac8eb8ba5e,True,True,TEI,sa_vAmadeva-janmamaraNavicAra,https://creativecommons.org/licenses/by-nc-sa/4.0/,
TG-GRE-C-0413,TG-GRE-0413,textgrid:49mj5.0,handle:hdl:21.11113/0000-0016-CCA4-9,TEI_XML,15139,md5,ee5c014140fbe54140b294c3152d3d92,acquisitions\staging\textgrid-gretil\2026-07-12\payload\textgrid_49mj5_0.xml,True,15139,847714598288e2f79c8710bf96b4211faf57ab430d9f51b1b13d91b1228ef46d,ee5c014140fbe54140b294c3152d3d92,True,True,TEI,sa_vAmanadatta-dvayasaMpattivArttika,https://creativecommons.org/licenses/by-nc-sa/4.0/,
TG-GRE-C-0414,TG-GRE-0414,textgrid:49mj8.0,handle:hdl:21.11113/0000-0016-CCA7-6,TEI_XML,17213,md5,b6cd3601c6fcbc7d31987ba130c89e33,acquisitions\staging\textgrid-gretil\2026-07-12\payload\textgrid_49mj8_0.xml,True,17213,7e434eb5fc35512298912f4624fa78152aa9f93e419a73f3fa8d8da00cbd874a,b6cd3601c6fcbc7d31987ba130c89e33,True,True,TEI,sa_vAmanadatta-svabodhodayamaJjarI,https://creativecommons.org/licenses/by-nc-sa/4.0/,
TG-GRE-C-0415,TG-GRE-0415,textgrid:49mjc.0,handle:hdl:21.11113/0000-0016-CCAA-3,TEI_XML,28000,md5,a131374e0647ecd6fa5fbe189a1ee6d3,acquisitions\staging\textgrid-gretil\2026-07-12\payload\textgrid_49mjc_0.xml,True,28000,dec8d32d4e9be12a06f4d7edd2e0ecf204cdf4c8207b23066ea74645efc7ddd4,a131374e0647ecd6fa5fbe189a1ee6d3,True,True,TEI,sa_vararuci-zatagAthA,https://creativecommons.org/licenses/by-nc-sa/4.0/,
TG-GRE-C-0416,TG-GRE-0416,textgrid:49mjg.0,handle:hdl:21.11113/0000-0016-CCAD-0,TEI_XML,63721,md5,ab9c24dc9372dd2cb5d47687c73fc146,acquisitions\staging\textgrid-gretil\2026-07-12\payload\textgrid_49mjg_0.xml,True,63721,6c71847493e6ee9717a04b918533553fa3b85c0c9a83fcc1132e3d43e9f29eb5,ab9c24dc9372dd2cb5d47687c73fc146,True,True,TEI,sa_varSAvastu,https://creativecommons.org/licenses/by-nc-sa/4.0/,
TG-GRE-C-0417,TG-GRE-0417,textgrid:49mjk.0,handle:hdl:21.11113/0000-0016-CCB0-B,TEI_XML,30970,md5,bd05a657b8c1e7cd87212c17c0344663,acquisitions\staging\textgrid-gretil\2026-07-12\payload\textgrid_49mjk_0.xml,True,30970,0a31632bacabae8ed53f3538eea1a741905d294030b9e531692db41d9de086a1,bd05a657b8c1e7cd87212c17c0344663,True,True,TEI,sa_vasubandhu-paJcaskandhaprakaraNa,https://creativecommons.org/licenses/by-nc-sa/4.0/,
TG-GRE-C-0418,TG-GRE-0418,textgrid:49mjp.0,handle:hdl:21.11113/0000-0016-CCB3-8,TEI_XML,15053,md5,46f76f5e74af218149d24e93cc5f76d1,acquisitions\staging\textgrid-gretil\2026-07-12\payload\textgrid_49mjp_0.xml,True,15053,08a120c68513bc6710a8c93c1af4d498183177d4aa37acf5ce416bd200c5cea8,46f76f5e74af218149d24e93cc5f76d1,True,True,TEI,sa_vasubandhu-triMzikAvijJaptikArikA,https://creativecommons.org/licenses/by-nc-sa/4.0/,
TG-GRE-C-0419,TG-GRE-0419,textgrid:49mjs.0,handle:hdl:21.11113/0000-0016-CCB6-5,TEI_XML,16442,md5,86a6d0967bb963e8122995020b3c5090,acquisitions\staging\textgrid-gretil\2026-07-12\payload\textgrid_49mjs_0.xml,True,16442,d65725862c8540d70b8f533c0ff0bb6565214f4265e5acb31b031c0dc10c7a1b,86a6d0967bb963e8122995020b3c5090,True,True,TEI,sa_vasubandhu-trisvabhAvanirdeza,https://creativecommons.org/licenses/by-nc-sa/4.0/,
TG-GRE-C-0420,TG-GRE-0420,textgrid:49mjw.0,handle:hdl:21.11113/0000-0016-CCB9-2,TEI_XML,30789,md5,6368dfa3342ef9143f6a62dfbdcca837,acquisitions\staging\textgrid-gretil\2026-07-12\payload\textgrid_49mjw_0.xml,True,30789,7cd5a0349f8cc9aafbc4df98c19156030295e2b9dd0a6dde9f33177ea16a24b2,6368dfa3342ef9143f6a62dfbdcca837,True,True,TEI,sa_vasubandhu-viMzatikA-vijJaptimAtratAsiddhi,https://creativecommons.org/licenses/by-nc-sa/4.0/,
TG-GRE-C-0421,TG-GRE-0421,textgrid:49mk0.0,handle:hdl:21.11113/0000-0016-CCBC-F,TEI_XML,45386,md5,f64efc509645b78d30a2b4b326b68603,acquisitions\staging\textgrid-gretil\2026-07-12\payload\textgrid_49mk0_0.xml,True,45386,859dfb83c407c4ed95b978d7dcef5203de4bf54b90a18de86c0170585bb49d48,f64efc509645b78d30a2b4b326b68603,True,True,TEI,sa_vasudhArAdhAraNI,https://creativecommons.org/licenses/by-nc-sa/4.0/,
TG-GRE-C-0422,TG-GRE-0422,textgrid:49mk3.0,handle:hdl:21.11113/0000-0016-CCBF-C,TEI_XML,27311,md5,b7b3f23ed6ec428d29c98206195c2423,acquisitions\staging\textgrid-gretil\2026-07-12\payload\textgrid_49mk3_0.xml,True,27311,a8b31f979fa3fc04f684a9eb7860b7176c7702f56a113e2d1e894722d49e381d,b7b3f23ed6ec428d29c98206195c2423,True,True,TEI,sa_vasudhArAdhAraNI-alt,https://creativecommons.org/licenses/by-nc-sa/4.0/,
TG-GRE-C-0423,TG-GRE-0423,textgrid:49mk6.0,handle:hdl:21.11113/0000-0016-CCC2-7,TEI_XML,19460,md5,acbcb315846fa7b61c5cacfd020dc669,acquisitions\staging\textgrid-gretil\2026-07-12\payload\textgrid_49mk6_0.xml,True,19460,75e9bbaa532719c22e56652bf73ba186d6a0afb700976574624bac731dbe19e2,acbcb315846fa7b61c5cacfd020dc669,True,True,TEI,sa_vasudhArAdhAraNI-gilgit,https://creativecommons.org/licenses/by-nc-sa/4.0/,
TG-GRE-C-0424,TG-GRE-0424,textgrid:49mk9.0,handle:hdl:21.11113/0000-0016-CCC5-4,TEI_XML,17983,md5,33d8d46403ae13ca417d7b1348c73a81,acquisitions\staging\textgrid-gretil\2026-07-12\payload\textgrid_49mk9_0.xml,True,17983,2bd869ffa4d1ad5eec45805195b4bc424634cec71b59861a46af54e26a2c828e,33d8d46403ae13ca417d7b1348c73a81,True,True,TEI,sa_vasugupta-spandakArikA,https://creativecommons.org/licenses/by-nc-sa/4.0/,
TG-GRE-C-0425,TG-GRE-0425,textgrid:49mkd.0,handle:hdl:21.11113/0000-0016-CCC8-1,TEI_XML,54359,md5,8bd11852117bc9622b10c5e8ee4358bb,acquisitions\staging\textgrid-gretil\2026-07-12\payload\textgrid_49mkd_0.xml,True,54359,86c9e7bd405fbdf6525cc7a363559288733907636d2023db706f4256917ca145,8bd11852117bc9622b10c5e8ee4358bb,True,True,TEI,sa_vAtUlanAtha-vAtUlanAthasUtra-comm,https://creativecommons.org/licenses/by-nc-sa/4.0/,
TG-GRE-C-0426,TG-GRE-0426,textgrid:49mkh.0,handle:hdl:21.11113/0000-0016-CCCB-E,TEI_XML,16204,md5,e3407f51fd21dd7990dbe333b0b8f3ea,acquisitions\staging\textgrid-gretil\2026-07-12\payload\textgrid_49mkh_0.xml,True,16204,221026ade5afe653a3e305e4351e5612233d1346057fbe1e9c5263e3acd5778c,e3407f51fd21dd7990dbe333b0b8f3ea,True,True,TEI,sa_vidyAsthAnopamasUtra,https://creativecommons.org/licenses/by-nc-sa/4.0/,
TG-GRE-C-0427,TG-GRE-0427,textgrid:49mkm.0,handle:hdl:21.11113/0000-0016-CCCE-B,TEI_XML,34044,md5,7559e69ea13541cd9a3bb359e8d52e4c,acquisitions\staging\textgrid-gretil\2026-07-12\payload\textgrid_49mkm_0.xml,True,34044,e411d7d654aab42d686c5fde85945c7dc7df9b23cb9726714758fc3d0b684c75,7559e69ea13541cd9a3bb359e8d52e4c,True,True,TEI,sa_vijJAnabhairava,https://creativecommons.org/licenses/by-nc-sa/4.0/,
TG-GRE-C-0428,TG-GRE-0428,textgrid:49mkq.0,handle:hdl:21.11113/0000-0016-CCD1-6,TEI_XML,13994,md5,93db07cbe8439c83944179e8abde9b08,acquisitions\staging\textgrid-gretil\2026-07-12\payload\textgrid_49mkq_0.xml,True,13994,75869266afeabdc60493e6e4c80023779a4dc7545a823c6dc0ff00b4e5e7df09,93db07cbe8439c83944179e8abde9b08,True,True,TEI,sa_viMzatikAkArikA,https://creativecommons.org/licenses/by-nc-sa/4.0/,
TG-GRE-C-0429,TG-GRE-0429,textgrid:49mkt.0,handle:hdl:21.11113/0000-0016-CCD4-3,TEI_XML,13812,md5,56e0ac2a6ba51ef3b50bcabc1cb73663,acquisitions\staging\textgrid-gretil\2026-07-12\payload\textgrid_49mkt_0.xml,True,13812,773bf39521180b22d83985c968120007a3a5e80e3d89a7a0f9fe3789905f0d94,56e0ac2a6ba51ef3b50bcabc1cb73663,True,True,TEI,sa_viMzikAvRtti,https://creativecommons.org/licenses/by-nc-sa/4.0/,
TG-GRE-C-0430,TG-GRE-0430,textgrid:49mkx.0,handle:hdl:21.11113/0000-0016-CCD7-0,TEI_XML,20785,md5,8b23b1dddf1892d4f1dff1ff740738a0,acquisitions\staging\textgrid-gretil\2026-07-12\payload\textgrid_49mkx_0.xml,True,20785,b9635b35cb6780a932046ae0e45f45edb7bcae2d9dc65f6a513b0a623870f2fc,8b23b1dddf1892d4f1dff1ff740738a0,True,True,TEI,sa_vinayavinizcayaupAliparipRcchA,https://creativecommons.org/licenses/by-nc-sa/4.0/,
TG-GRE-C-0431,TG-GRE-0431,textgrid:49mm1.0,handle:hdl:21.11113/0000-0016-CCDA-D,TEI_XML,51419,md5,98eb169d28b549ca40d524a55d9e5e0b,acquisitions\staging\textgrid-gretil\2026-07-12\payload\textgrid_49mm1_0.xml,True,51419,46d93f6daa52976627aeaa0bfb0f58a7c69183a4a8c580fed343455835290401,98eb169d28b549ca40d524a55d9e5e0b,True,True,TEI,sa_yAmuna-Izvarasiddhi,https://creativecommons.org/licenses/by-nc-sa/4.0/,
TG-GRE-C-0432,TG-GRE-0432,textgrid:49mm4.0,handle:hdl:21.11113/0000-0016-CCDD-A,TEI_XML,151156,md5,5c37ddb4536d517f2d2ac4452e270d17,acquisitions\staging\textgrid-gretil\2026-07-12\payload\textgrid_49mm4_0.xml,True,151156,ced721fe977b682827453a524286cf0e211f1edad231731adddf476cf0a4a0d0,5c37ddb4536d517f2d2ac4452e270d17,True,True,TEI,sa_asaGga-mahAyAnasUtrAlaMkAra-alt,https://creativecommons.org/licenses/by-nc-sa/4.0/,
TG-GRE-C-0433,TG-GRE-0433,textgrid:49mm7.0,handle:hdl:21.11113/0000-0016-CCE0-5,TEI_XML,126399,md5,1822985571316dd54f0ffa7297520b8b,acquisitions\staging\textgrid-gretil\2026-07-12\payload\textgrid_49mm7_0.xml,True,126399,7df85a61f21cddf7bb0083259ea4cbd1d7bf2d8f163c0431a2dc30a2154f84bf,1822985571316dd54f0ffa7297520b8b,True,True,TEI,sa_zaMkara-kaThopaniSadbhASya,https://creativecommons.org/licenses/by-nc-sa/4.0/,
TG-GRE-C-0434,TG-GRE-0434,textgrid:49mmb.0,handle:hdl:21.11113/0000-0016-CCE3-2,TEI_XML,117141,md5,9885cb38c8912cb27793d1a5d39b718b,acquisitions\staging\textgrid-gretil\2026-07-12\payload\textgrid_49mmb_0.xml,True,117141,48537f96278c6b1c389d678e09d6340a51ab48b1ca017ba87d7f96f22f007a00,9885cb38c8912cb27793d1a5d39b718b,True,True,TEI,sa_zaMkara-vivekacuDAmaNi,https://creativecommons.org/licenses/by-nc-sa/4.0/,
TG-GRE-C-0435,TG-GRE-0435,textgrid:49mmf.0,handle:hdl:21.11113/0000-0016-CCE6-F,TEI_XML,14241,md5,a7b037870077d87e2bec9c738014f5f4,acquisitions\staging\textgrid-gretil\2026-07-12\payload\textgrid_49mmf_0.xml,True,14241,c97ad5b6bfe7568b4cb6e9308819880f9b6e30f841c69ec3e57fcad3ecc4bade,a7b037870077d87e2bec9c738014f5f4,True,True,TEI,sa_pratisarAkalpadhAraNI,https://creativecommons.org/licenses/by-nc-sa/4.0/,
TG-GRE-C-0436,TG-GRE-0436,textgrid:49mmj.0,handle:hdl:21.11113/0000-0016-CCE9-C,TEI_XML,13295,md5,e52c279a85fab689ae238182945f8553,acquisitions\staging\textgrid-gretil\2026-07-12\payload\textgrid_49mmj_0.xml,True,13295,9e3f83f856d6f8fcf9288e7701e1746fe2771e4cb702434dc8ad83aa780ab583,e52c279a85fab689ae238182945f8553,True,True,TEI,sa_pratItyasamutpAdamahAyAnasUtra,https://creativecommons.org/licenses/by-nc-sa/4.0/,
TG-GRE-C-0437,TG-GRE-0437,textgrid:49mmn.0,handle:hdl:21.11113/0000-0016-CCEC-9,TEI_XML,44372,md5,d0401f295b13790fde2330f2987e627d,acquisitions\staging\textgrid-gretil\2026-07-12\payload\textgrid_49mmn_0.xml,True,44372,69bb7568b6c5ccc9e0e46cf4d4bebeec047a830181ff256d5da31d30ff1409d1,d0401f295b13790fde2330f2987e627d,True,True,TEI,sa_pratyakSalakSaNa-of-the-tarkarahasya,https://creativecommons.org/licenses/by-nc-sa/4.0/,
TG-GRE-C-0438,TG-GRE-0438,textgrid:49mmr.0,handle:hdl:21.11113/0000-0016-CCEF-6,TEI_XML,104898,md5,e28e7b46540de30fcd928dee0a505c94,acquisitions\staging\textgrid-gretil\2026-07-12\payload\textgrid_49mmr_0.xml,True,104898,1e4d5a18acc8dd1a839825ab08857010715f44f419de13e657d1442fb7ada02f,e28e7b46540de30fcd928dee0a505c94,True,True,TEI,sa_vAdivAgIzvara-mAnamanohara,https://creativecommons.org/licenses/by-nc-sa/4.0/,
TG-GRE-C-0439,TG-GRE-0439,textgrid:49mmv.0,handle:hdl:21.11113/0000-0016-CCF2-1,TEI_XML,41503,md5,7d7db66ec9e747e72a0aa2b1778c6946,acquisitions\staging\textgrid-gretil\2026-07-12\payload\textgrid_49mmv_0.xml,True,41503,0914c901f6cbf6e59f120b367d8a4fc06769c46ae71f52af50c444db7784a832,7d7db66ec9e747e72a0aa2b1778c6946,True,True,TEI,sa_rAmAnuja-zrIbhASya-1.1.3,https://creativecommons.org/licenses/by-nc-sa/4.0/,
TG-GRE-C-0440,TG-GRE-0440,textgrid:49mmz.0,handle:hdl:21.11113/0000-0016-CCF5-E,TEI_XML,38523,md5,4d0dbde5564ba08a5bedae8953a4683c,acquisitions\staging\textgrid-gretil\2026-07-12\payload\textgrid_49mmz_0.xml,True,38523,c398f481957f625e6734514eb2407f769a1210a1f6a464dc963aae1f32574e30,4d0dbde5564ba08a5bedae8953a4683c,True,True,TEI,sa_rASTrapAlasUtra,https://creativecommons.org/licenses/by-nc-sa/4.0/,
TG-GRE-C-0441,TG-GRE-0441,textgrid:49mn2.0,handle:hdl:21.11113/0000-0016-CCF8-B,TEI_XML,30227,md5,41d9cba63d5de85f0d2b49dd0f56ef61,acquisitions\staging\textgrid-gretil\2026-07-12\payload\textgrid_49mn2_0.xml,True,30227,440d18d25ba6ad31898ae7865f2391e34500a45333bfcccd3f2ab92f7355de8f,41d9cba63d5de85f0d2b49dd0f56ef61,True,True,TEI,sa_ratnAkarazAnti-bhramaharanAma-hevajrasAdhana,https://creativecommons.org/licenses/by-nc-sa/4.0/,
TG-GRE-C-0442,TG-GRE-0442,textgrid:49mn5.0,handle:hdl:21.11113/0000-0016-CCFB-8,TEI_XML,40592,md5,ffad85ed901d20632a9277211c422fa6,acquisitions\staging\textgrid-gretil\2026-07-12\payload\textgrid_49mn5_0.xml,True,40592,66acdb865296b0d5d1724520ec2ce04e256bc2b88169fc3338f77b54c8e6d7cd,ffad85ed901d20632a9277211c422fa6,True,True,TEI,sa_ratnakIrti-kSaNabhaGgasiddhi-vyatirekAtmikA,https://creativecommons.org/licenses/by-nc-sa/4.0/,
TG-GRE-C-0443,TG-GRE-0443,textgrid:49mn8.0,handle:hdl:21.11113/0000-0016-CCFE-5,TEI_XML,39937,md5,35214110cbd09b7bf92982526dedfcab,acquisitions\staging\textgrid-gretil\2026-07-12\payload\textgrid_49mn8_0.xml,True,39937,0a206d9c2da8a496d173f1015b17744da015aad43b51728d5a79d7bd81d3add5,35214110cbd09b7bf92982526dedfcab,True,True,TEI,sa_ratnakIrti-kSaNabhaGgasiddhi-vyatirekAtmikA-alt,https://creativecommons.org/licenses/by-nc-sa/4.0/,
TG-GRE-C-0444,TG-GRE-0444,textgrid:49mnc.0,handle:hdl:21.11113/0000-0016-CD01-0,TEI_XML,47094,md5,4ee9f819ec5f1588db2832c8b25d7ba1,acquisitions\staging\textgrid-gretil\2026-07-12\payload\textgrid_49mnc_0.xml,True,47094,e1d955bbc9db4179f4432a3cb6d27afd303ad07217324a13f2c87615142ea603,4ee9f819ec5f1588db2832c8b25d7ba1,True,True,TEI,sa_sabhikasaugatazAsanapravrajyAvratacaraNaparivarta,https://creativecommons.org/licenses/by-nc-sa/4.0/,
TG-GRE-C-0445,TG-GRE-0445,textgrid:49mng.0,handle:hdl:21.11113/0000-0016-CD04-D,TEI_XML,11973,md5,0425400a5f2eae977f4da33ebcb4ee2a,acquisitions\staging\textgrid-gretil\2026-07-12\payload\textgrid_49mng_0.xml,True,11973,81bc2e1d3c5777b446e0b695c0d5634cafb7ef4e0461a953016bcd04c85096c3,0425400a5f2eae977f4da33ebcb4ee2a,True,True,TEI,sa_sAgaranAgarAjaparipRcchAmahAyAnasUtra,https://creativecommons.org/licenses/by-nc-sa/4.0/,
TG-GRE-C-0446,TG-GRE-0446,textgrid:49mnk.0,handle:hdl:21.11113/0000-0016-CD07-A,TEI_XML,27538,md5,184e3f10ec7ebde302f3425a5dfca854,acquisitions\staging\textgrid-gretil\2026-07-12\payload\textgrid_49mnk_0.xml,True,27538,c5476c43db3e46927cef320c4f4c23b46105c619a59f1994871977a25a77139b,184e3f10ec7ebde302f3425a5dfca854,True,True,TEI,sa_samantabhadra-AptamImAMsA,https://creativecommons.org/licenses/by-nc-sa/4.0/,
TG-GRE-C-0447,TG-GRE-0447,textgrid:49mnp.0,handle:hdl:21.11113/0000-0016-CD0A-7,TEI_XML,46744,md5,c50e060749163ffdc8be42237b5fc4a9,acquisitions\staging\textgrid-gretil\2026-07-12\payload\textgrid_49mnp_0.xml,True,46744,97f07b6a700c77f087c696ff9ec302d5277200fbc479bd88b3a342f254bafb40,c50e060749163ffdc8be42237b5fc4a9,True,True,TEI,sa_sAMkhyaparibhASA,https://creativecommons.org/licenses/by-nc-sa/4.0/,
TG-GRE-C-0448,TG-GRE-0448,textgrid:49mns.0,handle:hdl:21.11113/0000-0016-CD0D-4,TEI_XML,28853,md5,bfa425be93e0ef34caad03965bf02521,acquisitions\staging\textgrid-gretil\2026-07-12\payload\textgrid_49mns_0.xml,True,28853,63b83756d8fd8c4a4e383d459de268597a078eb6014af057e2bd0c288f36badb,bfa425be93e0ef34caad03965bf02521,True,True,TEI,sa_sAMkhyasUtravivaraNa,https://creativecommons.org/licenses/by-nc-sa/4.0/,
TG-GRE-C-0449,TG-GRE-0449,textgrid:49mnw.0,handle:hdl:21.11113/0000-0016-CD10-F,TEI_XML,20510,md5,65972905313741dd89ef4919760b43f2,acquisitions\staging\textgrid-gretil\2026-07-12\payload\textgrid_49mnw_0.xml,True,20510,9a62dc6d0384f431a475d51c2b08ad000a7efd59ea32bc82e90f6f97d6701493,65972905313741dd89ef4919760b43f2,True,True,TEI,sa_samyaksaMbuddhabhASitaM-pratimAlakSaNam,https://creativecommons.org/licenses/by-nc-sa/4.0/,
TG-GRE-C-0450,TG-GRE-0450,textgrid:49mp0.0,handle:hdl:21.11113/0000-0016-CD13-C,TEI_XML,45598,md5,6fc4b7275f13ddce189115f76addf228,acquisitions\staging\textgrid-gretil\2026-07-12\payload\textgrid_49mp0_0.xml,True,45598,f865c0d198aaf44c79b786cb92a976513ac447f658778d575dc9ed126273f864,6fc4b7275f13ddce189115f76addf228,True,True,TEI,sa_saMyuktAgama-966-972-according-to-the-chinese-canon,https://creativecommons.org/licenses/by-nc-sa/4.0/,
TG-GRE-C-0451,TG-GRE-0451,textgrid:49mp3.0,handle:hdl:21.11113/0000-0016-CD16-9,TEI_XML,49600,md5,8583bcfc4172b505ef256df72e861fb0,acquisitions\staging\textgrid-gretil\2026-07-12\payload\textgrid_49mp3_0.xml,True,49600,34bd739df3b8a792307593c355262f8d0a3d2b3be83768d41d26acfdb4a88a0b,8583bcfc4172b505ef256df72e861fb0,True,True,TEI,sa_saptazatikA-prajJApAramitA,https://creativecommons.org/licenses/by-nc-sa/4.0/,
TG-GRE-C-0452,TG-GRE-0452,textgrid:49mp6.0,handle:hdl:21.11113/0000-0016-CD19-6,TEI_XML,65089,md5,98e521e47d2ce01f13da4a2ac0d1f9ed,acquisitions\staging\textgrid-gretil\2026-07-12\payload\textgrid_49mp6_0.xml,True,65089,dff5c7897e67c5b4a5b58cb1658aaa898ecef1120f49a94747c7735eec4642eb,98e521e47d2ce01f13da4a2ac0d1f9ed,True,True,TEI,sa_sarvatathAgatAdhiSThAnavyUhasUtra,https://creativecommons.org/licenses/by-nc-sa/4.0/,
TG-GRE-C-0453,TG-GRE-0453,textgrid:49mp9.0,handle:hdl:21.11113/0000-0016-CD1C-3,TEI_XML,25979,md5,7bd4cd90db5ec10e39f6d1ab50c9514f,acquisitions\staging\textgrid-gretil\2026-07-12\payload\textgrid_49mp9_0.xml,True,25979,752eb935661aca5f9cc69876178b57a36c5bec9460b6117e64543d7c18da93e1,7bd4cd90db5ec10e39f6d1ab50c9514f,True,True,TEI,sa_sarvopakAriNI,https://creativecommons.org/licenses/by-nc-sa/4.0/,
TG-GRE-C-0454,TG-GRE-0454,textgrid:49mpd.0,handle:hdl:21.11113/0000-0016-CD1F-0,TEI_XML,12017,md5,74f9fb942ea7b606022e94e872307d6a,acquisitions\staging\textgrid-gretil\2026-07-12\payload\textgrid_49mpd_0.xml,True,12017,c1179a8f87e500bd77d359bc9ad97f1e927b4ed2eaea9b06f5a768632865c4ba,74f9fb942ea7b606022e94e872307d6a,True,True,TEI,sa_satyasUtra,https://creativecommons.org/licenses/by-nc-sa/4.0/,
TG-GRE-C-0455,TG-GRE-0455,textgrid:49mph.0,handle:hdl:21.11113/0000-0016-CD22-B,TEI_XML,106881,md5,f31fcc4f287f1c3a4d6534d131b529c4,acquisitions\staging\textgrid-gretil\2026-07-12\payload\textgrid_49mph_0.xml,True,106881,fb9bd3ee70c76bb864c71270b6f059d740f9d588b6d19104b58c9827e882e749,f31fcc4f287f1c3a4d6534d131b529c4,True,True,TEI,sa_vasubandhu-abhidharmakoza,https://creativecommons.org/licenses/by-nc-sa/4.0/,
TG-GRE-C-0456,TG-GRE-0456,textgrid:49mpm.0,handle:hdl:21.11113/0000-0016-CD25-8,TEI_XML,86739,md5,c1bf9b40983253c57ae7f4063aa0f7b5,acquisitions\staging\textgrid-gretil\2026-07-12\payload\textgrid_49mpm_0.xml,True,86739,308456650c785d24cd556ec053c2c8f953a2eb4de93be6361d5ecc81cb2ddf53,c1bf9b40983253c57ae7f4063aa0f7b5,True,True,TEI,sa_vasubandhu-bodhicittotpAdasUtrazAstra,https://creativecommons.org/licenses/by-nc-sa/4.0/,
TG-GRE-C-0457,TG-GRE-0457,textgrid:49mpq.0,handle:hdl:21.11113/0000-0016-CD28-5,TEI_XML,96573,md5,4821ffb4515a31ee927ea36f634f516d,acquisitions\staging\textgrid-gretil\2026-07-12\payload\textgrid_49mpq_0.xml,True,96573,1f0a11f43254e7ce010e520944d6c32f5e62a5ac9a4127e838d644617b3e2d8a,4821ffb4515a31ee927ea36f634f516d,True,True,TEI,sa_vasubandhu-madhyAntavibhAgakArikAbhASya,https://creativecommons.org/licenses/by-nc-sa/4.0/,
TG-GRE-C-0458,TG-GRE-0458,textgrid:49mpt.0,handle:hdl:21.11113/0000-0016-CD2B-2,TEI_XML,90826,md5,b2657b072b615638dcf91044fc705323,acquisitions\staging\textgrid-gretil\2026-07-12\payload\textgrid_49mpt_0.xml,True,90826,e61626fde0a4c5098f11f3bf9e3d3581de2eecb789fed12b2efcb47374ba2006,b2657b072b615638dcf91044fc705323,True,True,TEI,sa_vasubandhu-triMzikAvijJaptikArikA-comm,https://creativecommons.org/licenses/by-nc-sa/4.0/,
TG-GRE-C-0459,TG-GRE-0459,textgrid:49mpx.0,handle:hdl:21.11113/0000-0016-CD2E-F,TEI_XML,121226,md5,36d9dbaa528cc39841ed191a172405d6,acquisitions\staging\textgrid-gretil\2026-07-12\payload\textgrid_49mpx_0.xml,True,121226,6848c015069ddf098e910e1c9ddfc04c11db2a31a5dec24a2c6ff000b9173dd5,36d9dbaa528cc39841ed191a172405d6,True,True,TEI,sa_vasugupta-spandakArikA-comm,https://creativecommons.org/licenses/by-nc-sa/4.0/,
TG-GRE-C-0460,TG-GRE-0460,textgrid:49mq1.0,handle:hdl:21.11113/0000-0016-CD31-A,TEI_XML,32946,md5,b16a6cc39dbbc15b217efcf1734b5176,acquisitions\staging\textgrid-gretil\2026-07-12\payload\textgrid_49mq1_0.xml,True,32946,5d4163df269b0d675ac1d7f84eeb31fc46e0a538bae5ff4adf9226c19aea8d1f,b16a6cc39dbbc15b217efcf1734b5176,True,True,TEI,sa_sitAtapatrA,https://creativecommons.org/licenses/by-nc-sa/4.0/,
TG-GRE-C-0461,TG-GRE-0461,textgrid:49mq4.0,handle:hdl:21.11113/0000-0016-CD34-7,TEI_XML,25061,md5,529a5c592de1b16774eecfdd6ed505fc,acquisitions\staging\textgrid-gretil\2026-07-12\payload\textgrid_49mq4_0.xml,True,25061,c7d4243e76ae6308b4488a0a725b1516acfe2106771c1bfc59a329e1cb2e60ab,529a5c592de1b16774eecfdd6ed505fc,True,True,TEI,sa_smaller-sukhAvatIvyUha,https://creativecommons.org/licenses/by-nc-sa/4.0/,
TG-GRE-C-0462,TG-GRE-0462,textgrid:49mq7.0,handle:hdl:21.11113/0000-0016-CD37-4,TEI_XML,67612,md5,c71ab5fdca4603f0494af12adf35a3bb,acquisitions\staging\textgrid-gretil\2026-07-12\payload\textgrid_49mq7_0.xml,True,67612,56d7cda0866c2e36871bc0d6baee1e7af1ebefb1078a9bc73fef0c198e58da19,c71ab5fdca4603f0494af12adf35a3bb,True,True,TEI,sa_vidyAkarazAnti-tarkasopAna,https://creativecommons.org/licenses/by-nc-sa/4.0/,
TG-GRE-C-0463,TG-GRE-0463,textgrid:49mqb.0,handle:hdl:21.11113/0000-0016-CD3A-1,TEI_XML,29759,md5,220e2ac608fc970b16f29676132a23eb,acquisitions\staging\textgrid-gretil\2026-07-12\payload\textgrid_49mqb_0.xml,True,29759,21ffeae5a80be4a2755fa8875025c37c8ebd0a41c8fb3491dc75dfbefe708dc7,220e2ac608fc970b16f29676132a23eb,True,True,TEI,sa_stUpalakSaNakArikAvivecana,https://creativecommons.org/licenses/by-nc-sa/4.0/,
TG-GRE-C-0464,TG-GRE-0464,textgrid:49mqf.0,handle:hdl:21.11113/0000-0016-CD3D-E,TEI_XML,83636,md5,0c4214a6717c84428dd30325993621d7,acquisitions\staging\textgrid-gretil\2026-07-12\payload\textgrid_49mqf_0.xml,True,83636,c119d51c0d74b6e9a4c79cb7933c0cb353fc0d8f113d7d1f77492519b77e3dd3,0c4214a6717c84428dd30325993621d7,True,True,TEI,sa_vijJAnabhikSu-sAMkhyasAra,https://creativecommons.org/licenses/by-nc-sa/4.0/,
TG-GRE-C-0465,TG-GRE-0465,textgrid:49mqj.0,handle:hdl:21.11113/0000-0016-CD40-9,TEI_XML,71581,md5,d347e2dfe0e993fc126e51f0fe327f6f,acquisitions\staging\textgrid-gretil\2026-07-12\payload\textgrid_49mqj_0.xml,True,71581,9fdd660c04d222f2b23c7ed5dbaf2f8b35c5058994595fccc28b55ab3aa4be31,d347e2dfe0e993fc126e51f0fe327f6f,True,True,TEI,sa_vimalamitra-abhidharmadIpa-1-383,https://creativecommons.org/licenses/by-nc-sa/4.0/,
TG-GRE-C-0466,TG-GRE-0466,textgrid:49mqn.0,handle:hdl:21.11113/0000-0016-CD43-6,TEI_XML,104271,md5,90eedff80d6ea3573fa543af34f1fbc8,acquisitions\staging\textgrid-gretil\2026-07-12\payload\textgrid_49mqn_0.xml,True,104271,b735f2da95e004180a8611f504db99d151668a9b4445f8b5b2b629daa95b707a,90eedff80d6ea3573fa543af34f1fbc8,True,True,TEI,sa_vimalamitra-abhidharmadIpa,https://creativecommons.org/licenses/by-nc-sa/4.0/,
TG-GRE-C-0467,TG-GRE-0467,textgrid:49mqr.0,handle:hdl:21.11113/0000-0016-CD46-3,TEI_XML,56360,md5,46e5e07b0edc18638dcc934b6779a131,acquisitions\staging\textgrid-gretil\2026-07-12\payload\textgrid_49mqr_0.xml,True,56360,34b023835310fe08743f82238e09e0f63a527645658970dabd3fb506017a4b9b,46e5e07b0edc18638dcc934b6779a131,True,True,TEI,sa_subhASitaratnakaraNDakathA,https://creativecommons.org/licenses/by-nc-sa/4.0/,
TG-GRE-C-0468,TG-GRE-0468,textgrid:49mqv.0,handle:hdl:21.11113/0000-0016-CD49-0,TEI_XML,24921,md5,f28076db4851a7b8d5841abb14f457bd,acquisitions\staging\textgrid-gretil\2026-07-12\payload\textgrid_49mqv_0.xml,True,24921,b9e846804ae8b28e8a284427a8e18a764f69691d5a4816f35405c435748bafea,f28076db4851a7b8d5841abb14f457bd,True,True,TEI,sa_sukhAvatIvyUhasaMkSiptamAtRkA,https://creativecommons.org/licenses/by-nc-sa/4.0/,
TG-GRE-C-0469,TG-GRE-0469,textgrid:49mqz.0,handle:hdl:21.11113/0000-0016-CD4C-D,TEI_XML,68057,md5,4b045b1163542d46404b6ac1184b90db,acquisitions\staging\textgrid-gretil\2026-07-12\payload\textgrid_49mqz_0.xml,True,68057,5210197350cb4d2e8559453bb25255960297dc1a96e1e1e51165c4411e5f1d1d,4b045b1163542d46404b6ac1184b90db,True,True,TEI,sa_vinItadeva-saMtAnAntarasiddhiTIkA,https://creativecommons.org/licenses/by-nc-sa/4.0/,
TG-GRE-C-0470,TG-GRE-0470,textgrid:49mr2.0,handle:hdl:21.11113/0000-0016-CD4F-A,TEI_XML,13597,md5,2616e795dc20663f3ab497918bbaab77,acquisitions\staging\textgrid-gretil\2026-07-12\payload\textgrid_49mr2_0.xml,True,13597,a85773a7fc21aae91588b77f74c07b253ae3fdcfd1733cac96c424a6f4f0a6bb,2616e795dc20663f3ab497918bbaab77,True,True,TEI,sa_svAgatasUtra,https://creativecommons.org/licenses/by-nc-sa/4.0/,
TG-GRE-C-0471,TG-GRE-0471,textgrid:49mr5.0,handle:hdl:21.11113/0000-0016-CD52-5,TEI_XML,16567,md5,83b0a38b0842246ec63095841ed3ab49,acquisitions\staging\textgrid-gretil\2026-07-12\payload\textgrid_49mr5_0.xml,True,16567,620d150a9e8e97a62138e3d28bbea4f09ee92131fdc24188aff25025ccef8e9a,83b0a38b0842246ec63095841ed3ab49,True,True,TEI,sa_svalpAkSarA-prajJApAramitA,https://creativecommons.org/licenses/by-nc-sa/4.0/,
TG-GRE-C-0472,TG-GRE-0472,textgrid:49mr8.0,handle:hdl:21.11113/0000-0016-CD55-2,TEI_XML,22615,md5,decee27941b4e2781b407a8a46ed44b9,acquisitions\staging\textgrid-gretil\2026-07-12\payload\textgrid_49mr8_0.xml,True,22615,03f7f70349314feefcf8502535337ce90843e7e2bade3bf0605fd777bf4c6ff1,decee27941b4e2781b407a8a46ed44b9,True,True,TEI,sa_tArAsragdharAstotra,https://creativecommons.org/licenses/by-nc-sa/4.0/,
TG-GRE-C-0473,TG-GRE-0473,textgrid:49mrc.0,handle:hdl:21.11113/0000-0016-CD58-F,TEI_XML,18887,md5,4a931e2403c2fba640e046f4f1d85914,acquisitions\staging\textgrid-gretil\2026-07-12\payload\textgrid_49mrc_0.xml,True,18887,6bcbd6edd8790bd540f97e3ab5a785d3f7d826dd05da9f0eb091744b3f067770,4a931e2403c2fba640e046f4f1d85914,True,True,TEI,sa_tArAbhaTTArikAnAmASTottarazatakastotra,https://creativecommons.org/licenses/by-nc-sa/4.0/,
TG-GRE-C-0474,TG-GRE-0474,textgrid:49mrg.0,handle:hdl:21.11113/0000-0016-CD5B-C,TEI_XML,19829,md5,4a1cb2054af2f71df12dfaa22543ba34,acquisitions\staging\textgrid-gretil\2026-07-12\payload\textgrid_49mrg_0.xml,True,19829,e14e765ea2f30624354e7d665dcbd365a0c272035c2719e437e995782ac4209c,4a1cb2054af2f71df12dfaa22543ba34,True,True,TEI,sa_tathAgatabimbakArApaNasUtra,https://creativecommons.org/licenses/by-nc-sa/4.0/,
TG-GRE-C-0475,TG-GRE-0475,textgrid:49mrk.0,handle:hdl:21.11113/0000-0016-CD5E-9,TEI_XML,32648,md5,30f93e3ab43498d17862738d7b3daced,acquisitions\staging\textgrid-gretil\2026-07-12\payload\textgrid_49mrk_0.xml,True,32648,1c6257c004ad3d13dd37f29c51069f6a95408be7e86557b1b951921fd33007db,30f93e3ab43498d17862738d7b3daced,True,True,TEI,sa_tattvamImAMsA,https://creativecommons.org/licenses/by-nc-sa/4.0/,
TG-GRE-C-0476,TG-GRE-0476,textgrid:49mrp.0,handle:hdl:21.11113/0000-0016-CD61-4,TEI_XML,14836,md5,e8a9830a5172bfc4e064137afcb25b1b,acquisitions\staging\textgrid-gretil\2026-07-12\payload\textgrid_49mrp_0.xml,True,14836,4b86d8cb689e31afcac6f00cf2e4b8026d3222029e4f62dbe378a828adc4221c,e8a9830a5172bfc4e064137afcb25b1b,True,True,TEI,sa_tattvaratnAvaloka,https://creativecommons.org/licenses/by-nc-sa/4.0/,
TG-GRE-C-0477,TG-GRE-0477,textgrid:49mrs.0,handle:hdl:21.11113/0000-0016-CD64-1,TEI_XML,15324,md5,7498bd0e4736a75d6fda1fcd0a5afd62,acquisitions\staging\textgrid-gretil\2026-07-12\payload\textgrid_49mrs_0.xml,True,15324,6bb83ec8485d64353614de1ef5dc7dc75dd4f24ae2670d8346e64ab222e892c2,7498bd0e4736a75d6fda1fcd0a5afd62,True,True,TEI,sa_tattvasamAsa-4versions,https://creativecommons.org/licenses/by-nc-sa/4.0/,
TG-GRE-C-0478,TG-GRE-0478,textgrid:49mrw.0,handle:hdl:21.11113/0000-0016-CD67-E,TEI_XML,43412,md5,e788dc65eeed937bca110dc6090cb009,acquisitions\staging\textgrid-gretil\2026-07-12\payload\textgrid_49mrw_0.xml,True,43412,0eda418815278002537c983449e8c089bd1d7ad70c395a223bc17f4b66cca619,e788dc65eeed937bca110dc6090cb009,True,True,TEI,sa_tattvasamAsasUtravRtti,https://creativecommons.org/licenses/by-nc-sa/4.0/,
TG-GRE-C-0479,TG-GRE-0479,textgrid:49ms0.0,handle:hdl:21.11113/0000-0016-CD6A-B,TEI_XML,62631,md5,6e234d734ba93f6c4c8473f9b27562a6,acquisitions\staging\textgrid-gretil\2026-07-12\payload\textgrid_49ms0_0.xml,True,62631,9a26ca1eee608487eec3e4f9bbd10d3b70c2da9070bd3ffc1e9fb7a42fa92a9f,6e234d734ba93f6c4c8473f9b27562a6,True,True,TEI,sa_timirodghATana,https://creativecommons.org/licenses/by-nc-sa/4.0/,
TG-GRE-C-0480,TG-GRE-0480,textgrid:49ms3.0,handle:hdl:21.11113/0000-0016-CD6D-8,TEI_XML,14301,md5,91b0dc0356987bbdc882565583524d3c,acquisitions\staging\textgrid-gretil\2026-07-12\payload\textgrid_49ms3_0.xml,True,14301,80b69ea2959f489838563527b24d947d7cefa3836ac840a1c2109cc43cffb61a,91b0dc0356987bbdc882565583524d3c,True,True,TEI,sa_triskandhasUtra,https://creativecommons.org/licenses/by-nc-sa/4.0/,
TG-GRE-C-0481,TG-GRE-0481,textgrid:49ms6.0,handle:hdl:21.11113/0000-0016-CD70-3,TEI_XML,87664,md5,25c059107dc5ba516a037fa4810a1065,acquisitions\staging\textgrid-gretil\2026-07-12\payload\textgrid_49ms6_0.xml,True,87664,99424fe28a51449b74be4f5e029d6c12999af80e81b8a06d6af1f6bfbcc2adbd,25c059107dc5ba516a037fa4810a1065,True,True,TEI,sa_yAmuna-Izvarasiddhi-alt,https://creativecommons.org/licenses/by-nc-sa/4.0/,
TG-GRE-C-0482,TG-GRE-0482,textgrid:49ms9.0,handle:hdl:21.11113/0000-0016-CD73-0,TEI_XML,243968,md5,857c20c3ed8a06c618281346f3951be9,acquisitions\staging\textgrid-gretil\2026-07-12\payload\textgrid_49ms9_0.xml,True,243968,f9d27e49054e6fcae62a77acf5a0c91d03a910d03920d1dd24f2d830c870cb6c,857c20c3ed8a06c618281346f3951be9,True,True,TEI,sa_asaGga-abhidharmasamuccaya,https://creativecommons.org/licenses/by-nc-sa/4.0/,
TG-GRE-C-0483,TG-GRE-0483,textgrid:49msd.0,handle:hdl:21.11113/0000-0016-CD76-D,TEI_XML,206666,md5,b31ae6e9df0eaaca5a9e909fb72b0d75,acquisitions\staging\textgrid-gretil\2026-07-12\payload\textgrid_49msd_0.xml,True,206666,e3c0037ec0031b9ca71cb61ebb7007de6f373c3203162bd7f4f2c47e274d42e4,b31ae6e9df0eaaca5a9e909fb72b0d75,True,True,TEI,sa_AryazUra-jAtakamAlA-1-15,https://creativecommons.org/licenses/by-nc-sa/4.0/,
TG-GRE-C-0484,TG-GRE-0484,textgrid:49msh.0,handle:hdl:21.11113/0000-0016-CD79-A,TEI_XML,17378,md5,482d77d0d535ac6f55be6e99d996e4a2,acquisitions\staging\textgrid-gretil\2026-07-12\payload\textgrid_49msh_0.xml,True,17378,1b5bbcb1c7803bdc9fd9bcacfce5fe864d892b80c01f5e199e5d6ff2a51001d4,482d77d0d535ac6f55be6e99d996e4a2,True,True,TEI,sa_mahAzItavatI-vidyArAjJI,https://creativecommons.org/licenses/by-nc-sa/4.0/,
TG-GRE-C-0485,TG-GRE-0485,textgrid:49msm.0,handle:hdl:21.11113/0000-0016-CD7C-7,TEI_XML,139915,md5,bca7988864fff932676569eda38955d9,acquisitions\staging\textgrid-gretil\2026-07-12\payload\textgrid_49msm_0.xml,True,139915,93061d2727a9f7f5e0311e2ddc1070ccb6c4fe4b6cb61b74affeae46b7dc8e90,bca7988864fff932676569eda38955d9,True,True,TEI,sa_zAkyabuddhi-pramANavArttikaTIkA,https://creativecommons.org/licenses/by-nc-sa/4.0/,
TG-GRE-C-0486,TG-GRE-0486,textgrid:49msq.0,handle:hdl:21.11113/0000-0016-CD7F-4,TEI_XML,169296,md5,8083cb09b3b3573fec69c22127356383,acquisitions\staging\textgrid-gretil\2026-07-12\payload\textgrid_49msq_0.xml,True,169296,009ed6fd2fddbbfee777a1dc233e14d97b753ce2538e60bd0fc9c5a227642b2e,8083cb09b3b3573fec69c22127356383,True,True,TEI,sa_zaMkara-upadezasAhasrI,https://creativecommons.org/licenses/by-nc-sa/4.0/,
TG-GRE-C-0487,TG-GRE-0487,textgrid:49mst.0,handle:hdl:21.11113/0000-0016-CD82-E,TEI_XML,27999,md5,bf281971ac2f7a9e2eec2e41ad37511c,acquisitions\staging\textgrid-gretil\2026-07-12\payload\textgrid_49mst_0.xml,True,27999,980c833bcd83dcaa094c79cfbf1d3336e2100a2781364f747c1ea4c523506747,bf281971ac2f7a9e2eec2e41ad37511c,True,True,TEI,sa_maitreya-madhyAntavibhAgakArikA,https://creativecommons.org/licenses/by-nc-sa/4.0/,
TG-GRE-C-0488,TG-GRE-0488,textgrid:49msx.0,handle:hdl:21.11113/0000-0016-CD85-B,TEI_XML,30982,md5,24f81fdb1f9d400b1cdc952720e25814,acquisitions\staging\textgrid-gretil\2026-07-12\payload\textgrid_49msx_0.xml,True,30982,3db34e5dd3e65dd4b9dc6655a6504aa804adc3c139e1c0dad6ca7018483b3340,24f81fdb1f9d400b1cdc952720e25814,True,True,TEI,sa_maitreyanAtha-bhavasaMkrAntiTIkA,https://creativecommons.org/licenses/by-nc-sa/4.0/,
TG-GRE-C-0489,TG-GRE-0489,textgrid:49mt1.0,handle:hdl:21.11113/0000-0016-CD88-8,TEI_XML,156050,md5,162ccc3d8a1c32b1267bec160e99bad7,acquisitions\staging\textgrid-gretil\2026-07-12\payload\textgrid_49mt1_0.xml,True,156050,a1b6153d76ab67f9c9baea17d7668a5b97b83a3eb9ff4aa2d293232266c7a7f0,162ccc3d8a1c32b1267bec160e99bad7,True,True,TEI,sa_zAntideva-bodhicaryAvatAra-alt,https://creativecommons.org/licenses/by-nc-sa/4.0/,
TG-GRE-C-0490,TG-GRE-0490,textgrid:49mt4.0,handle:hdl:21.11113/0000-0016-CD8B-5,TEI_XML,53225,md5,b2465b073f98b60a0bb251e110c25251,acquisitions\staging\textgrid-gretil\2026-07-12\payload\textgrid_49mt4_0.xml,True,53225,41ae97c84fd63d398b7b2abe630b65ba1e604af5d0b1adbe8724a4ab4d63a87f,b2465b073f98b60a0bb251e110c25251,True,True,TEI,sa_maitreyanAtha-abhisamayAlaMkaranAmaprajJApAramitopadezazAstra,https://creativecommons.org/licenses/by-nc-sa/4.0/,
TG-GRE-C-0491,TG-GRE-0491,textgrid:49mt7.0,handle:hdl:21.11113/0000-0016-CD8E-2,TEI_XML,28044,md5,4f4f8038b553397397a0d016e8fb544b,acquisitions\staging\textgrid-gretil\2026-07-12\payload\textgrid_49mt7_0.xml,True,28044,6981dd8f9315976dd009d9b4145371bdbbc135d4732c5291fe5dd87dd4efc9ba,4f4f8038b553397397a0d016e8fb544b,True,True,TEI,sa_maitreyavyAkaraNa-alt,https://creativecommons.org/licenses/by-nc-sa/4.0/,
TG-GRE-C-0492,TG-GRE-0492,textgrid:49mtb.0,handle:hdl:21.11113/0000-0016-CD91-D,TEI_XML,58405,md5,530119a3fbd8d533dd3d2f68a7f30732,acquisitions\staging\textgrid-gretil\2026-07-12\payload\textgrid_49mtb_0.xml,True,58405,86520e69559779321838603de0a560b0257a3a8759a3f2b1dd2a2875884ed08e,530119a3fbd8d533dd3d2f68a7f30732,True,True,TEI,sa_maJjuzrInAmasaMgIti,https://creativecommons.org/licenses/by-nc-sa/4.0/,
TG-GRE-C-0493,TG-GRE-0493,textgrid:49mtf.0,handle:hdl:21.11113/0000-0016-CD94-A,TEI_XML,54845,md5,a4bc623b531be7f6a1e56134f6aef1b0,acquisitions\staging\textgrid-gretil\2026-07-12\payload\textgrid_49mtf_0.xml,True,54845,0e8ecd8c1e64ab6ef3e85bd82a391e697b562dfe14b59b2a67f7c76cf109ecb5,a4bc623b531be7f6a1e56134f6aef1b0,True,True,TEI,sa_maNDanamizra-vibhramaviveka,https://creativecommons.org/licenses/by-nc-sa/4.0/,
TG-GRE-C-0494,TG-GRE-0494,textgrid:49mtj.0,handle:hdl:21.11113/0000-0016-CD97-7,TEI_XML,13704,md5,cb805fc9800e077bb88772107da0ce27,acquisitions\staging\textgrid-gretil\2026-07-12\payload\textgrid_49mtj_0.xml,True,13704,e88e2745516f3e89c394d331960c792875ddc371f5c8ba7448c186dac886ae02,cb805fc9800e077bb88772107da0ce27,True,True,TEI,sa_mArIcInAmadhAraNI,https://creativecommons.org/licenses/by-nc-sa/4.0/,
TG-GRE-C-0495,TG-GRE-0495,textgrid:49mtn.0,handle:hdl:21.11113/0000-0016-CD9A-4,TEI_XML,32535,md5,dc63e0bbcc58e1c4336077260666b406,acquisitions\staging\textgrid-gretil\2026-07-12\payload\textgrid_49mtn_0.xml,True,32535,a9b6c5b31913c4c960b654f4a551e6cea73213b25b88f5aa5c265981aaeb0d8b,dc63e0bbcc58e1c4336077260666b406,True,True,TEI,sa_mAtRceTa-zatapaJcAzatka,https://creativecommons.org/licenses/by-nc-sa/4.0/,
TG-GRE-C-0496,TG-GRE-0496,textgrid:49mtr.0,handle:hdl:21.11113/0000-0016-CD9D-1,TEI_XML,18735,md5,0c1bde7efa96893170fa4bd12a5c4866,acquisitions\staging\textgrid-gretil\2026-07-12\payload\textgrid_49mtr_0.xml,True,18735,15969b33930ce09ddee2d507230710e240fbcdf83294d036645eb1f7b1f067d7,0c1bde7efa96893170fa4bd12a5c4866,True,True,TEI,sa_mekhalAdhAraNI,https://creativecommons.org/licenses/by-nc-sa/4.0/,
TG-GRE-C-0497,TG-GRE-0497,textgrid:49mtv.0,handle:hdl:21.11113/0000-0016-CDA0-C,TEI_XML,13206,md5,a77742b6a5f28feef049ffa44fa09370,acquisitions\staging\textgrid-gretil\2026-07-12\payload\textgrid_49mtv_0.xml,True,13206,44b7b1ecceeff06650209e150674e4e1eebb78dd5e0bdcc3f9017ad6a3d59181,a77742b6a5f28feef049ffa44fa09370,True,True,TEI,sa_mRtyuvaJcanasitatArAsAdhana,https://creativecommons.org/licenses/by-nc-sa/4.0/,
TG-GRE-C-0498,TG-GRE-0498,textgrid:49mtz.0,handle:hdl:21.11113/0000-0016-CDA3-9,TEI_XML,11911,md5,76c6585b1a8460ebacf842cd784e792b,acquisitions\staging\textgrid-gretil\2026-07-12\payload\textgrid_49mtz_0.xml,True,11911,a695c2ea28c82a895455d7a40a4805c8d83d92a0337f82880ca40d715ca0800d,76c6585b1a8460ebacf842cd784e792b,True,True,TEI,sa_mRtyuvaJcanatArAsAdhana,https://creativecommons.org/licenses/by-nc-sa/4.0/,
TG-GRE-C-0499,TG-GRE-0499,textgrid:49mv2.0,handle:hdl:21.11113/0000-0016-CDA6-6,TEI_XML,13384,md5,adddf7c430a7b8049092042f7d4a54fc,acquisitions\staging\textgrid-gretil\2026-07-12\payload\textgrid_49mv2_0.xml,True,13384,9524a32a1225a727eb6de47575ba3c9fc6623e29a6e7f407a3136bcdcc676723,adddf7c430a7b8049092042f7d4a54fc,True,True,TEI,sa_mRtyuvaJcanopadezatArAsAdhana,https://creativecommons.org/licenses/by-nc-sa/4.0/,
TG-GRE-C-0500,TG-GRE-0500,textgrid:49mv5.0,handle:hdl:21.11113/0000-0016-CDA9-3,TEI_XML,19393,md5,5c6b9d0c13735eddf9e8922ec5304f19,acquisitions\staging\textgrid-gretil\2026-07-12\payload\textgrid_49mv5_0.xml,True,19393,86f9223790f6d093edbc21cb79506eb0299b58f06aa93c79ebb8969e3e22f376,5c6b9d0c13735eddf9e8922ec5304f19,True,True,TEI,sa_nAgArjuna-acintyastava,https://creativecommons.org/licenses/by-nc-sa/4.0/,
TG-GRE-C-0501,TG-GRE-0501,textgrid:49mv8.0,handle:hdl:21.11113/0000-0016-CDAC-0,TEI_XML,12046,md5,5c130096386ca915a8dcef00ee2d5c67,acquisitions\staging\textgrid-gretil\2026-07-12\payload\textgrid_49mv8_0.xml,True,12046,81068973e131a2b99fa0e90173fc97b61365064d7a0436e37c698629ff3c63f1,5c130096386ca915a8dcef00ee2d5c67,True,True,TEI,sa_nAgArjuna-bodhicittavivaraNa-fragments,https://creativecommons.org/licenses/by-nc-sa/4.0/,
TG-GRE-C-0502,TG-GRE-0502,textgrid:49mvc.0,handle:hdl:21.11113/0000-0016-CDAF-D,TEI_XML,13509,md5,b3aadfffb05e367e8e26af17c8877c42,acquisitions\staging\textgrid-gretil\2026-07-12\payload\textgrid_49mvc_0.xml,True,13509,47679077cd8e8184dd37b94528bac503bcb8d11095ae749ac8bd05c394d96bc2,b3aadfffb05e367e8e26af17c8877c42,True,True,TEI,sa_nAgArjuna-bhavasaGkrAntiparikathA,https://creativecommons.org/licenses/by-nc-sa/4.0/,
TG-GRE-C-0503,TG-GRE-0503,textgrid:49mvg.0,handle:hdl:21.11113/0000-0016-CDB2-8,TEI_XML,13934,md5,cab9fdbc8dfb573e32e3eeee5aa9174d,acquisitions\staging\textgrid-gretil\2026-07-12\payload\textgrid_49mvg_0.xml,True,13934,7fb2dd9426530e5d1f847c9e2b1a7011d8b584e10ffa9a95f4d089b8bc4757e6,cab9fdbc8dfb573e32e3eeee5aa9174d,True,True,TEI,sa_nAgArjuna-dharmadhAtugarbhavivaraNa,https://creativecommons.org/licenses/by-nc-sa/4.0/,
TG-GRE-C-0504,TG-GRE-0504,textgrid:49mvk.0,handle:hdl:21.11113/0000-0016-CDB5-5,TEI_XML,41690,md5,555429114492e8e3dbf6c9d1394f4cb3,acquisitions\staging\textgrid-gretil\2026-07-12\payload\textgrid_49mvk_0.xml,True,41690,ef55839110fec0e56b159fffab94e470d85dde1ae41fa631ab901f9db18297e0,555429114492e8e3dbf6c9d1394f4cb3,True,True,TEI,sa_nAgArjuna-dharmasaMgraha,https://creativecommons.org/licenses/by-nc-sa/4.0/,
TG-GRE-C-0505,TG-GRE-0505,textgrid:49mvp.0,handle:hdl:21.11113/0000-0016-CDB8-2,TEI_XML,12202,md5,3f1527ac7c024784ed68edfdf2b5d89d,acquisitions\staging\textgrid-gretil\2026-07-12\payload\textgrid_49mvp_0.xml,True,12202,723af5bce0cf2f3f71a3146ba5613fc4444d15acf5be17c32362ba58e032e0d7,3f1527ac7c024784ed68edfdf2b5d89d,True,True,TEI,sa_nAgArjuna-kriyAsaMgrahakArikA,https://creativecommons.org/licenses/by-nc-sa/4.0/,
TG-GRE-C-0506,TG-GRE-0506,textgrid:49mvs.0,handle:hdl:21.11113/0000-0016-CDBB-F,TEI_XML,14687,md5,b2a11588b5b00926d33f30796a3c310a,acquisitions\staging\textgrid-gretil\2026-07-12\payload\textgrid_49mvs_0.xml,True,14687,a6902f70d8cbc9d09400b2c3bb7560d862d6801dcbbab848d47dc2dca4f266d8,b2a11588b5b00926d33f30796a3c310a,True,True,TEI,sa_nAgArjuna-lokAtItastava,https://creativecommons.org/licenses/by-nc-sa/4.0/,
TG-GRE-C-0507,TG-GRE-0507,textgrid:49mvw.0,handle:hdl:21.11113/0000-0016-CDBE-C,TEI_XML,15000,md5,97c569c577c7a2b7d4768218fe87a909,acquisitions\staging\textgrid-gretil\2026-07-12\payload\textgrid_49mvw_0.xml,True,15000,c7a5c2846f19b4e61eba2db464ddb249b7a5f9b9e747811cd22043cb34c43aed,97c569c577c7a2b7d4768218fe87a909,True,True,TEI,sa_nAgArjuna-mahAyAnaviMzikA,https://creativecommons.org/licenses/by-nc-sa/4.0/,
TG-GRE-C-0508,TG-GRE-0508,textgrid:49mw0.0,handle:hdl:21.11113/0000-0016-CDC1-7,TEI_XML,59118,md5,f6ef922be62a1da7d057661babca2690,acquisitions\staging\textgrid-gretil\2026-07-12\payload\textgrid_49mw0_0.xml,True,59118,bd72ab39e733fc1af25d5b427c8e315af71334533be6fd6e37a02d479f4193d9,f6ef922be62a1da7d057661babca2690,True,True,TEI,sa_nAgArjuna-paJcakrama,https://creativecommons.org/licenses/by-nc-sa/4.0/,
TG-GRE-C-0509,TG-GRE-0509,textgrid:49mw3.0,handle:hdl:21.11113/0000-0016-CDC4-4,TEI_XML,47431,md5,a2d629f4ccf053bb9cd2e89f36cf3d68,acquisitions\staging\textgrid-gretil\2026-07-12\payload\textgrid_49mw3_0.xml,True,47431,567b191f46a2ecdebad32e7fa2bb45ce594620b6b4c6b1812621f17215d5eaf5,a2d629f4ccf053bb9cd2e89f36cf3d68,True,True,TEI,sa_nAgArjuna-piNDIkrama,https://creativecommons.org/licenses/by-nc-sa/4.0/,
TG-GRE-C-0510,TG-GRE-0510,textgrid:49mw6.0,handle:hdl:21.11113/0000-0016-CDC7-1,TEI_XML,12029,md5,5ca7dd2afb1b77018b44c4c0147e3979,acquisitions\staging\textgrid-gretil\2026-07-12\payload\textgrid_49mw6_0.xml,True,12029,a5087d85a81bf506eb1d841616256c5ce5ae581dc9ac15280aa2c6d8be057efb,5ca7dd2afb1b77018b44c4c0147e3979,True,True,TEI,sa_nAgArjuna-pratItyasamutpAdahRdayakArikA,https://creativecommons.org/licenses/by-nc-sa/4.0/,
TG-GRE-C-0511,TG-GRE-0511,textgrid:49mw9.0,handle:hdl:21.11113/0000-0016-CDCA-E,TEI_XML,17432,md5,8e78bfbf6ee75a473751d3bfef196984,acquisitions\staging\textgrid-gretil\2026-07-12\payload\textgrid_49mw9_0.xml,True,17432,dfe764842dac39fc109fdf9f34885c68c24b5ae300bf4ad120678e8f348ff643,8e78bfbf6ee75a473751d3bfef196984,True,True,TEI,sa_nAgArjuna-pratItyasamutpAdahRdayavyAkhyAna,https://creativecommons.org/licenses/by-nc-sa/4.0/,
TG-GRE-C-0512,TG-GRE-0512,textgrid:49mwd.0,handle:hdl:21.11113/0000-0016-CDCD-B,TEI_XML,132944,md5,0dddb366ff28a9c5519c9fd7ab15c47d,acquisitions\staging\textgrid-gretil\2026-07-12\payload\textgrid_49mwd_0.xml,True,132944,7cee99908482725667037c857b5986da5814ca6ab36d69ee2f401520ea66b00f,0dddb366ff28a9c5519c9fd7ab15c47d,True,True,TEI,sa_zayanAsanavastu,https://creativecommons.org/licenses/by-nc-sa/4.0/,
TG-GRE-C-0513,TG-GRE-0513,textgrid:49mwh.0,handle:hdl:21.11113/0000-0016-CDD0-6,TEI_XML,45814,md5,39eded20ffd1ae77e142d05d5aeb0dc6,acquisitions\staging\textgrid-gretil\2026-07-12\payload\textgrid_49mwh_0.xml,True,45814,1b693d64f8d3f3d3b4224299dad98d4196fe5f0acfb8ba5df81cd7c81f5265bc,39eded20ffd1ae77e142d05d5aeb0dc6,True,True,TEI,sa_nAgArjuna-ratnAvalI,https://creativecommons.org/licenses/by-nc-sa/4.0/,
TG-GRE-C-0514,TG-GRE-0514,textgrid:49mwm.0,handle:hdl:21.11113/0000-0016-CDD3-3,TEI_XML,43534,md5,3c70ec8fb6c5ab602203304e2157fd41,acquisitions\staging\textgrid-gretil\2026-07-12\payload\textgrid_49mwm_0.xml,True,43534,1e641605e1d6e5bbb1432b7759282a870fc6d3a6cc058c81c5346897a13306a5,3c70ec8fb6c5ab602203304e2157fd41,True,True,TEI,sa_nAgArjuna-ratnAvali1.2.4,https://creativecommons.org/licenses/by-nc-sa/4.0/,
TG-GRE-C-0515,TG-GRE-0515,textgrid:49mwq.0,handle:hdl:21.11113/0000-0016-CDD6-0,TEI_XML,32373,md5,95f95643fc7345233a90de27f10505fd,acquisitions\staging\textgrid-gretil\2026-07-12\payload\textgrid_49mwq_0.xml,True,32373,621575b201b7a35b8606836c0de4e74e2a1947f9714193d7f499af7474b00022,95f95643fc7345233a90de27f10505fd,True,True,TEI,sa_nAgArjuna-suhRllekha,https://creativecommons.org/licenses/by-nc-sa/4.0/,
TG-GRE-C-0516,TG-GRE-0516,textgrid:49mwt.0,handle:hdl:21.11113/0000-0016-CDD9-D,TEI_XML,22053,md5,c2a1ebea5a60a67e4cc37c167dba6c6d,acquisitions\staging\textgrid-gretil\2026-07-12\payload\textgrid_49mwt_0.xml,True,22053,7e2c3549b74282548dd524866a8090c556d04fe36b5e0a9c2ed03236d4d2a40f,c2a1ebea5a60a67e4cc37c167dba6c6d,True,True,TEI,sa_nAgArjuna-vigrahavyAvartanI-alt,https://creativecommons.org/licenses/by-nc-sa/4.0/,
TG-GRE-C-0517,TG-GRE-0517,textgrid:49mwx.0,handle:hdl:21.11113/0000-0016-CDDC-A,TEI_XML,22087,md5,0cf4694162e141ad8ef439bdb1388ca7,acquisitions\staging\textgrid-gretil\2026-07-12\payload\textgrid_49mwx_0.xml,True,22087,22b1e3192d94dc1f871cc0404746b4c5dbb39bae7a22fc357fd54472e9fe4f78,0cf4694162e141ad8ef439bdb1388ca7,True,True,TEI,sa_nAgArjuna-vigrahavyAvartanIkArikA,https://creativecommons.org/licenses/by-nc-sa/4.0/,
TG-GRE-C-0518,TG-GRE-0518,textgrid:49mx1.0,handle:hdl:21.11113/0000-0016-CDDF-7,TEI_XML,20087,md5,6c131a9ec0d69c44282327873bae9621,acquisitions\staging\textgrid-gretil\2026-07-12\payload\textgrid_49mx1_0.xml,True,20087,b96f8aadd22ccc4b0b14f387f693c1929f9622ef15b581d21d8424ba7c96929a,6c131a9ec0d69c44282327873bae9621,True,True,TEI,sa_nAgArjuna-yuktiSaSTikakArikA,https://creativecommons.org/licenses/by-nc-sa/4.0/,
TG-GRE-C-0519,TG-GRE-0519,textgrid:49mx4.0,handle:hdl:21.11113/0000-0016-CDE2-2,TEI_XML,12395,md5,f680c57021fcb03b52b4a052de5c694f,acquisitions\staging\textgrid-gretil\2026-07-12\payload\textgrid_49mx4_0.xml,True,12395,105fdb07f667dd3e2630a2e382fa3e589fa2e5d7d86eefc95c0d06dfb25b63bb,f680c57021fcb03b52b4a052de5c694f,True,True,TEI,sa_nAgArjuna-yuktiSaSTikakArikA-fragments,https://creativecommons.org/licenses/by-nc-sa/4.0/,
TG-GRE-C-0520,TG-GRE-0520,textgrid:49mx7.0,handle:hdl:21.11113/0000-0016-CDE5-F,TEI_XML,21317,md5,711d1ca4beaf309cecce28a969a62bde,acquisitions\staging\textgrid-gretil\2026-07-12\payload\textgrid_49mx7_0.xml,True,21317,147d2c459de816de9806e0f36bdb988aa6cd81cdae27245fee8346c787090911,711d1ca4beaf309cecce28a969a62bde,True,True,TEI,sa_nAgArjuna-zAlistambakakArikA,https://creativecommons.org/licenses/by-nc-sa/4.0/,
TG-GRE-C-0521,TG-GRE-0521,textgrid:49mxb.0,handle:hdl:21.11113/0000-0016-CDE8-C,TEI_XML,21522,md5,65dc628a59f57eda3e02a6b03738bd74,acquisitions\staging\textgrid-gretil\2026-07-12\payload\textgrid_49mxb_0.xml,True,21522,0bfbf4f1350f7867960de458e4e0d3c30ddd4c5de8c1c7df97b4fa4ea3dc2b9f,65dc628a59f57eda3e02a6b03738bd74,True,True,TEI,sa_nAgArjuna-zUnyatAsaptati,https://creativecommons.org/licenses/by-nc-sa/4.0/,
TG-GRE-C-0522,TG-GRE-0522,textgrid:49mxf.0,handle:hdl:21.11113/0000-0016-CDEB-9,TEI_XML,56407,md5,a115b15733fa352016e25bbc284ddacf,acquisitions\staging\textgrid-gretil\2026-07-12\payload\textgrid_49mxf_0.xml,True,56407,8b74570e3bc8fdb293305d71285266f0875a35dc7493ef8e2d3c3776d940cdcc,a115b15733fa352016e25bbc284ddacf,True,True,TEI,sa_nagaropamasUtra,https://creativecommons.org/licenses/by-nc-sa/4.0/,
TG-GRE-C-0523,TG-GRE-0523,textgrid:49mxj.0,handle:hdl:21.11113/0000-0016-CDEE-6,TEI_XML,94574,md5,b11b99fef7643c697c1b754048c18a41,acquisitions\staging\textgrid-gretil\2026-07-12\payload\textgrid_49mxj_0.xml,True,94574,549484969b1eed6a8342237fad99b1aa77a7f7732d6bcc53d722254493bd9d07,b11b99fef7643c697c1b754048c18a41,True,True,TEI,sa_prAtimokSasUtra-of-the-lokottaravAdimahAsaGghika,https://creativecommons.org/licenses/by-nc-sa/4.0/,
TG-GRE-C-0524,TG-GRE-0524,textgrid:49mxn.0,handle:hdl:21.11113/0000-0016-CDF1-1,TEI_XML,92533,md5,7ddb3d5026831e506fc423b9c22d8ae7,acquisitions\staging\textgrid-gretil\2026-07-12\payload\textgrid_49mxn_0.xml,True,92533,28b44149ace6055c1b36280f53e30064eb1895d8c571f407128203cf970ac90b,7ddb3d5026831e506fc423b9c22d8ae7,True,True,TEI,sa_prAtimokSasUtra-of-the-mahAsAMghikas,https://creativecommons.org/licenses/by-nc-sa/4.0/,
TG-GRE-C-0525,TG-GRE-0525,textgrid:49mxr.0,handle:hdl:21.11113/0000-0016-CDF4-E,TEI_XML,18318,md5,47757570d57aa8ada64486727ec83e62,acquisitions\staging\textgrid-gretil\2026-07-12\payload\textgrid_49mxr_0.xml,True,18318,c902369f4eda0d1c18b72c7a71c43cc4fe481e2fe4e970c14fc9c17870866741,47757570d57aa8ada64486727ec83e62,True,True,TEI,sa_nairAtmyaparipRcchAmahAyAnasUtra,https://creativecommons.org/licenses/by-nc-sa/4.0/,
TG-GRE-C-0526,TG-GRE-0526,textgrid:49mxv.0,handle:hdl:21.11113/0000-0016-CDF7-B,TEI_XML,14248,md5,9fc09c23b74a7c52f75ed7bc08ec58ed,acquisitions\staging\textgrid-gretil\2026-07-12\payload\textgrid_49mxv_0.xml,True,14248,f94989dd4cccb0d07056e21bff5e14c73a3fb34d0a214964d24368c5d6f45cef,9fc09c23b74a7c52f75ed7bc08ec58ed,True,True,TEI,sa_namaskAraikaviMzatistotra,https://creativecommons.org/licenses/by-nc-sa/4.0/,
TG-GRE-C-0527,TG-GRE-0527,textgrid:49mxz.0,handle:hdl:21.11113/0000-0016-CDFA-8,TEI_XML,39268,md5,960bbfa233868c7de4e30dd5a6536eb4,acquisitions\staging\textgrid-gretil\2026-07-12\payload\textgrid_49mxz_0.xml,True,39268,6014ac125ea4223debc36f07044bda9a8a4d943464c1adc19688fe3dd671721d,960bbfa233868c7de4e30dd5a6536eb4,True,True,TEI,sa_nAropa-sekoddeza,https://creativecommons.org/licenses/by-nc-sa/4.0/,
TG-GRE-C-0528,TG-GRE-0528,textgrid:49mz2.0,handle:hdl:21.11113/0000-0016-CDFD-5,TEI_XML,30165,md5,31bf96628820b10e12082a0b1ee4fecd,acquisitions\staging\textgrid-gretil\2026-07-12\payload\textgrid_49mz2_0.xml,True,30165,ff5a88a1876ededba07650fd597944e9f1b3119e038d5c3e87a19186c05255ee,31bf96628820b10e12082a0b1ee4fecd,True,True,TEI,sa_nityakarmapUjAvidhi,https://creativecommons.org/licenses/by-nc-sa/4.0/,
TG-GRE-C-0529,TG-GRE-0529,textgrid:49mz5.0,handle:hdl:21.11113/0000-0016-CE00-0,TEI_XML,50425,md5,a6e6226a76ec014edc713cc944ed892b,acquisitions\staging\textgrid-gretil\2026-07-12\payload\textgrid_49mz5_0.xml,True,50425,4bf5f7e2278c220c48b81b08b96021522f1e4d3ca1e1c8879f0d6f6b3675db59,a6e6226a76ec014edc713cc944ed892b,True,True,TEI,sa_paJcaviMzatisAhasrikA-prajJApAramitA,https://creativecommons.org/licenses/by-nc-sa/4.0/,
TG-GRE-C-0530,TG-GRE-0530,textgrid:49mz8.0,handle:hdl:21.11113/0000-0016-CE03-D,TEI_XML,23733,md5,a58f1e91bcaee78b5ffb2b67f32386a9,acquisitions\staging\textgrid-gretil\2026-07-12\payload\textgrid_49mz8_0.xml,True,23733,b4716cf70d7d096a0610c1bf09f0acbe980b87a198f1c59e9eb5ddee15e3f56e,a58f1e91bcaee78b5ffb2b67f32386a9,True,True,TEI,sa_pAMzupradAna-avadAna,https://creativecommons.org/licenses/by-nc-sa/4.0/,
TG-GRE-C-0531,TG-GRE-0531,textgrid:49mzc.0,handle:hdl:21.11113/0000-0016-CE06-A,TEI_XML,98002,md5,0c9cd1a9f9ac38dccd779dc1b0d5a7cb,acquisitions\staging\textgrid-gretil\2026-07-12\payload\textgrid_49mzc_0.xml,True,98002,7df7d2d7268e1c254d2a5e3b97da74b0ae21f1e9280bd4399ad0aa5f51c46c0c,0c9cd1a9f9ac38dccd779dc1b0d5a7cb,True,True,TEI,sa_prAtimokSasUtra-of-the-mUlasarvAstivAdins,https://creativecommons.org/licenses/by-nc-sa/4.0/,
TG-GRE-C-0532,TG-GRE-0532,textgrid:49mzg.0,handle:hdl:21.11113/0000-0016-CE09-7,TEI_XML,30244,md5,cfa9dc76edbbb2791c50346bf81d9c3a,acquisitions\staging\textgrid-gretil\2026-07-12\payload\textgrid_49mzg_0.xml,True,30244,c81e1a18f5f7b52aae427e03be2f0029781ef55522f8369aab9c51f3178e117f,cfa9dc76edbbb2791c50346bf81d9c3a,True,True,TEI,sa_paNDitAzoka-avayavinirAkaraNa,https://creativecommons.org/licenses/by-nc-sa/4.0/,
TG-GRE-C-0533,TG-GRE-0533,textgrid:49mzk.0,handle:hdl:21.11113/0000-0016-CE0C-4,TEI_XML,21402,md5,d634d12e364617b2abe120743e220d2e,acquisitions\staging\textgrid-gretil\2026-07-12\payload\textgrid_49mzk_0.xml,True,21402,8a5ed00a5e744219d4d98a4c5ac504ca097dac726cf30b23da07e1366df00bfc,d634d12e364617b2abe120743e220d2e,True,True,TEI,sa_paNDitAzoka-sAmAnyadUSaNadikprasAritA,https://creativecommons.org/licenses/by-nc-sa/4.0/,
TG-GRE-C-0534,TG-GRE-0534,textgrid:49mzp.0,handle:hdl:21.11113/0000-0016-CE0F-1,TEI_XML,82584,md5,eaf19790f66ccee026b334d49678c3df,acquisitions\staging\textgrid-gretil\2026-07-12\payload\textgrid_49mzp_0.xml,True,82584,006ef2fef371950bc050040b94dc3c6f2174b607159d7807c7ae2b1a05dea817,eaf19790f66ccee026b334d49678c3df,True,True,TEI,sa_prAtimokSasUtra-of-the-sarvAstivAdins,https://creativecommons.org/licenses/by-nc-sa/4.0/,
TG-GRE-C-0535,TG-GRE-0535,textgrid:49mzs.0,handle:hdl:21.11113/0000-0016-CE12-C,TEI_XML,15423,md5,0bc48cd630eb93a1c695eef545c55e1d,acquisitions\staging\textgrid-gretil\2026-07-12\payload\textgrid_49mzs_0.xml,True,15423,0f0b7beb4164e522ec232fb74e14e5b7755f26e1efd992696d7baa19f8c9f52f,0bc48cd630eb93a1c695eef545c55e1d,True,True,TEI,sa_parAtriMzikA,https://creativecommons.org/licenses/by-nc-sa/4.0/,
TG-GRE-C-0536,TG-GRE-0536,textgrid:49mzw.0,handle:hdl:21.11113/0000-0016-CE15-9,TEI_XML,29107,md5,80c4a9fb412cb7f0567fb80ed54b564a,acquisitions\staging\textgrid-gretil\2026-07-12\payload\textgrid_49mzw_0.xml,True,29107,e60df9b2539dbb391d0f7882cf04e7f7e52f7eabc512ae70f8059971271aafb5,80c4a9fb412cb7f0567fb80ed54b564a,True,True,TEI,sa_pArivAsikavastu,https://creativecommons.org/licenses/by-nc-sa/4.0/,
TG-GRE-C-0537,TG-GRE-0537,textgrid:49n00.0,handle:hdl:21.11113/0000-0016-CE18-6,TEI_XML,121567,md5,431ec25d4dc1073ffbc5ee35c4521d11,acquisitions\staging\textgrid-gretil\2026-07-12\payload\textgrid_49n00_0.xml,True,121567,969f8226c747373fa86caff58895e9f006710846dca79d1b129d5eabeed6b7ea,431ec25d4dc1073ffbc5ee35c4521d11,True,True,TEI,sa_prazastapAda-pAdArthadharmasaMgraha,https://creativecommons.org/licenses/by-nc-sa/4.0/,
TG-GRE-C-0538,TG-GRE-0538,textgrid:49n03.0,handle:hdl:21.11113/0000-0016-CE1B-3,TEI_XML,118454,md5,1e5aeb723c7cadb3ef224f60291a0e72,acquisitions\staging\textgrid-gretil\2026-07-12\payload\textgrid_49n03_0.xml,True,118454,1b9a814d479e9b17088c4a9699711e4f2bc4db89ae54a8eb18c9a0734495399b,1e5aeb723c7cadb3ef224f60291a0e72,True,True,TEI,sa_rASTrapAlaparipRcchA,https://creativecommons.org/licenses/by-nc-sa/4.0/,
TG-GRE-C-0539,TG-GRE-0539,textgrid:49n06.0,handle:hdl:21.11113/0000-0016-CE1E-0,TEI_XML,25640,md5,0be03d1c8b58ac4b4cc39b53527d3959,acquisitions\staging\textgrid-gretil\2026-07-12\payload\textgrid_49n06_0.xml,True,25640,43c7bafc0c4bfef1cfb44b3d0b2b45d1c6d0554880d713e3387d67f0cc50946d,0be03d1c8b58ac4b4cc39b53527d3959,True,True,TEI,sa_pataJjali-yogasUtra,https://creativecommons.org/licenses/by-nc-sa/4.0/,
TG-GRE-C-0540,TG-GRE-0540,textgrid:49n09.0,handle:hdl:21.11113/0000-0016-CE21-B,TEI_XML,29814,md5,e38844c2ca6477de5d3d99e7be22b7a1,acquisitions\staging\textgrid-gretil\2026-07-12\payload\textgrid_49n09_0.xml,True,29814,1f8365547c0a44f74b04448050e78ec55bf061d80b2537b01e5820637f704ee7,e38844c2ca6477de5d3d99e7be22b7a1,True,True,TEI,sa_pataJjali-yogasUtra-alt,https://creativecommons.org/licenses/by-nc-sa/4.0/,
TG-GRE-C-0541,TG-GRE-0541,textgrid:49n0d.0,handle:hdl:21.11113/0000-0016-CE24-8,TEI_XML,121842,md5,f6885991ed29e02371f88e3be7cbb5b5,acquisitions\staging\textgrid-gretil\2026-07-12\payload\textgrid_49n0d_0.xml,True,121842,6d6ef2921016f28e067b73d10ae1481a5fcbc8cdac0974dcd91298d71bc0a696,f6885991ed29e02371f88e3be7cbb5b5,True,True,TEI,sa_ratnaguNasaMcayagAthA,https://creativecommons.org/licenses/by-nc-sa/4.0/,
TG-GRE-C-0542,TG-GRE-0542,textgrid:49n0h.0,handle:hdl:21.11113/0000-0016-CE27-5,TEI_XML,28736,md5,953e5eac2fccc5f2ce67902ddc58af63,acquisitions\staging\textgrid-gretil\2026-07-12\payload\textgrid_49n0h_0.xml,True,28736,233617afa121f5bfe1d97804a7adc1a9ea1137783da4373b769f23448eb2db1a,953e5eac2fccc5f2ce67902ddc58af63,True,True,TEI,sa_poSadhasthApanavastu,https://creativecommons.org/licenses/by-nc-sa/4.0/,
TG-GRE-C-0543,TG-GRE-0543,textgrid:49n0m.0,handle:hdl:21.11113/0000-0016-CE2A-2,TEI_XML,11909,md5,e7087f52ecad708893ba9f47176c0179,acquisitions\staging\textgrid-gretil\2026-07-12\payload\textgrid_49n0m_0.xml,True,11909,0a82a5bf395746799ab09f0049769270f9da62105e528f609042e3544bd2c070,e7087f52ecad708893ba9f47176c0179,True,True,TEI,sa_hastavAlaprakaraNavRtti,https://creativecommons.org/licenses/by-nc-sa/4.0/,
TG-GRE-C-0544,TG-GRE-0544,textgrid:49n0q.0,handle:hdl:21.11113/0000-0016-CE2D-F,TEI_XML,14412,md5,2e381bf3327df91233c1b85bf08adc78,acquisitions\staging\textgrid-gretil\2026-07-12\payload\textgrid_49n0q_0.xml,True,14412,7275b7c7b3067c421ea6a85337b9b46ba633a12fdd9f6bad39de1a77ecc648fc,2e381bf3327df91233c1b85bf08adc78,True,True,TEI,sa_hayagrIvavidyA,https://creativecommons.org/licenses/by-nc-sa/4.0/,
TG-GRE-C-0545,TG-GRE-0545,textgrid:49n0t.0,handle:hdl:21.11113/0000-0016-CE30-A,TEI_XML,39908,md5,f7f630e1633c2837eda4d22f6ee86c1d,acquisitions\staging\textgrid-gretil\2026-07-12\payload\textgrid_49n0t_0.xml,True,39908,bda0b49c4ce00a5944955700ed35de92ef2f45686e20cab6ef650c28b408ddf9,f7f630e1633c2837eda4d22f6ee86c1d,True,True,TEI,sa_IzvarakRSNa-sAMkhyakArikA,https://creativecommons.org/licenses/by-nc-sa/4.0/,
TG-GRE-C-0546,TG-GRE-0546,textgrid:49n0x.0,handle:hdl:21.11113/0000-0016-CE33-7,TEI_XML,22780,md5,28201bc5792520fa8946345f9b6e78b3,acquisitions\staging\textgrid-gretil\2026-07-12\payload\textgrid_49n0x_0.xml,True,22780,44381a2ce047076bad777bc642fb363742e16db33bb994f2b09f945f7b8dd1c5,28201bc5792520fa8946345f9b6e78b3,True,True,TEI,sa_IzvarakRSNa-sAMkhyakArikA-alt,https://creativecommons.org/licenses/by-nc-sa/4.0/,
TG-GRE-C-0547,TG-GRE-0547,textgrid:49n11.0,handle:hdl:21.11113/0000-0016-CE36-4,TEI_XML,32931,md5,b8c9aa8325a38f245e1d249180d16858,acquisitions\staging\textgrid-gretil\2026-07-12\payload\textgrid_49n11_0.xml,True,32931,98faf55d137523998eeabe4a0d5488bfec91efed472a5d537a2baec4ce2168cc,b8c9aa8325a38f245e1d249180d16858,True,True,TEI,sa_jitAri-hetutattvopadeza,https://creativecommons.org/licenses/by-nc-sa/4.0/,
TG-GRE-C-0548,TG-GRE-0548,textgrid:49n14.0,handle:hdl:21.11113/0000-0016-CE39-1,TEI_XML,32741,md5,effbb19f4fce901bcb458c7d5544948a,acquisitions\staging\textgrid-gretil\2026-07-12\payload\textgrid_49n14_0.xml,True,32741,38ff2dd8d07b37674029300fd8265a00342cbeeb6782fb6615f226db37f9df2e,effbb19f4fce901bcb458c7d5544948a,True,True,TEI,sa_jitAri-hetutattvopadeza-alt,https://creativecommons.org/licenses/by-nc-sa/4.0/,
TG-GRE-C-0549,TG-GRE-0549,textgrid:49n17.0,handle:hdl:21.11113/0000-0016-CE3C-E,TEI_XML,18977,md5,daa7fd93435d6e8edb9dfc7081a57485,acquisitions\staging\textgrid-gretil\2026-07-12\payload\textgrid_49n17_0.xml,True,18977,93dafc760f2c3bcf19c7d060b147d19df3ece03b35a08f41205b9860012dbd76,daa7fd93435d6e8edb9dfc7081a57485,True,True,TEI,sa_jJAnayazas-jAtakastava,https://creativecommons.org/licenses/by-nc-sa/4.0/,
TG-GRE-C-0550,TG-GRE-0550,textgrid:49n1b.0,handle:hdl:21.11113/0000-0016-CE3F-B,TEI_XML,12718,md5,cf2e16bd376ed9caab5aad5a206b2d5f,acquisitions\staging\textgrid-gretil\2026-07-12\payload\textgrid_49n1b_0.xml,True,12718,2e919275c3884e50400525f31ac2c65ac1b99041c505709ee346acfd6f597722,cf2e16bd376ed9caab5aad5a206b2d5f,True,True,TEI,sa_kambalapAda-navazlokI,https://creativecommons.org/licenses/by-nc-sa/4.0/,
TG-GRE-C-0551,TG-GRE-0551,textgrid:49n1f.0,handle:hdl:21.11113/0000-0016-CE42-6,TEI_XML,35796,md5,81a48e86495924a9c7782dbf006611b0,acquisitions\staging\textgrid-gretil\2026-07-12\payload\textgrid_49n1f_0.xml,True,35796,b8ff0a4cbdf8704f47d82fbdefcd48bf445847456d8eff53d9389f4cd5c53ac2,81a48e86495924a9c7782dbf006611b0,True,True,TEI,sa_kaNAda-vaizeSikasUtra,https://creativecommons.org/licenses/by-nc-sa/4.0/,
TG-GRE-C-0552,TG-GRE-0552,textgrid:49n1j.0,handle:hdl:21.11113/0000-0016-CE45-3,TEI_XML,35271,md5,2aa798d4d9cabee2951660e85e5ebda6,acquisitions\staging\textgrid-gretil\2026-07-12\payload\textgrid_49n1j_0.xml,True,35271,fef6df7f96f0a3276a387017a1158716bba965a0aa5a36b8e7186477913244d8,2aa798d4d9cabee2951660e85e5ebda6,True,True,TEI,sa_kaNAda-vaizeSikasUtra-alt,https://creativecommons.org/licenses/by-nc-sa/4.0/,
TG-GRE-C-0553,TG-GRE-0553,textgrid:49n1n.0,handle:hdl:21.11113/0000-0016-CE48-0,TEI_XML,32123,md5,7eb030cd92a561d7ba3c27b653d649cc,acquisitions\staging\textgrid-gretil\2026-07-12\payload\textgrid_49n1n_0.xml,True,32123,f6ad88828fcb9c70459f2e992c7fad1d1a54a57d4755340e508cc0734a009131,7eb030cd92a561d7ba3c27b653d649cc,True,True,TEI,sa_karmavastu,https://creativecommons.org/licenses/by-nc-sa/4.0/,
TG-GRE-C-0554,TG-GRE-0554,textgrid:49n1r.0,handle:hdl:21.11113/0000-0016-CE4B-D,TEI_XML,40483,md5,b839ec398fb2bb89bb65ec33aa1569e5,acquisitions\staging\textgrid-gretil\2026-07-12\payload\textgrid_49n1r_0.xml,True,40483,5d9e9176354135fcb7dd70cca14d37a04c0e3517927e012cdfbcda147907977e,b839ec398fb2bb89bb65ec33aa1569e5,True,True,TEI,sa_karmavibhaGgopadeza,https://creativecommons.org/licenses/by-nc-sa/4.0/,
TG-GRE-C-0555,TG-GRE-0555,textgrid:49n1v.0,handle:hdl:21.11113/0000-0016-CE4E-A,TEI_XML,50909,md5,0bf67b735d1b50aa2a4522a6c4ea233b,acquisitions\staging\textgrid-gretil\2026-07-12\payload\textgrid_49n1v_0.xml,True,50909,e26ddd10f4de67f7d3035e03d13c7277a08eb79e35ff6598750a520c9b746266,0bf67b735d1b50aa2a4522a6c4ea233b,True,True,TEI,sa_kaThinAvadAna,https://creativecommons.org/licenses/by-nc-sa/4.0/,
TG-GRE-C-0556,TG-GRE-0556,textgrid:49n1z.0,handle:hdl:21.11113/0000-0016-CE51-5,TEI_XML,47528,md5,90d67aa881dfdc1fe060dd086952fadf,acquisitions\staging\textgrid-gretil\2026-07-12\payload\textgrid_49n1z_0.xml,True,47528,16e3975ab2deb2e9a0afa859b3773cdb90446873e4870a023262ba5e5f96cbaf,90d67aa881dfdc1fe060dd086952fadf,True,True,TEI,sa_kaThinavastu,https://creativecommons.org/licenses/by-nc-sa/4.0/,
TG-GRE-C-0557,TG-GRE-0557,textgrid:49n22.0,handle:hdl:21.11113/0000-0016-CE54-2,TEI_XML,16832,md5,a55512a0649deb359bc122fb0c789ee5,acquisitions\staging\textgrid-gretil\2026-07-12\payload\textgrid_49n22_0.xml,True,16832,21b134a82d73463824c9521151285f9774cd4a672e69674a3a42322cde86caf2,a55512a0649deb359bc122fb0c789ee5,True,True,TEI,sa_kauzikaprajJApAramitAsUtra,https://creativecommons.org/licenses/by-nc-sa/4.0/,
TG-GRE-C-0558,TG-GRE-0558,textgrid:49n25.0,handle:hdl:21.11113/0000-0016-CE57-F,TEI_XML,47397,md5,7bc37ba6b70d6bf5144ab331a954f419,acquisitions\staging\textgrid-gretil\2026-07-12\payload\textgrid_49n25_0.xml,True,47397,ffe53d49d5646660ab647c9f041424b3732fc53b48b5e642c633a79bee966e2d,7bc37ba6b70d6bf5144ab331a954f419,True,True,TEI,sa_kavirAjayati-sAMkhyatattvapradIpa,https://creativecommons.org/licenses/by-nc-sa/4.0/,
TG-GRE-C-0559,TG-GRE-0559,textgrid:49n28.0,handle:hdl:21.11113/0000-0016-CE5A-C,TEI_XML,22289,md5,32871e363e9a25c83473edb62b5e7058,acquisitions\staging\textgrid-gretil\2026-07-12\payload\textgrid_49n28_0.xml,True,22289,525ed38abdf872deecea1eb89efb64ec31187ba3f7bce5cc0fe304b2378c9b98,32871e363e9a25c83473edb62b5e7058,True,True,TEI,sa_kezava-sAMkhyatattvapradIpikA,https://creativecommons.org/licenses/by-nc-sa/4.0/,
TG-GRE-C-0560,TG-GRE-0560,textgrid:49n2c.0,handle:hdl:21.11113/0000-0016-CE5D-9,TEI_XML,14806,md5,f772da7822e98f35a00c2eb79b60d882,acquisitions\staging\textgrid-gretil\2026-07-12\payload\textgrid_49n2c_0.xml,True,14806,0d32b1c3037815420b86b023a8ce5d4a59218dec5123a0d91ac231325f1f9d51,f772da7822e98f35a00c2eb79b60d882,True,True,TEI,sa_khasarpaNasAdhana,https://creativecommons.org/licenses/by-nc-sa/4.0/,
TG-GRE-C-0561,TG-GRE-0561,textgrid:49n2g.0,handle:hdl:21.11113/0000-0016-CE60-4,TEI_XML,46127,md5,c58e8a5ae9c3899ac87f90a9606fe340,acquisitions\staging\textgrid-gretil\2026-07-12\payload\textgrid_49n2g_0.xml,True,46127,b750ebedc633968ef58996e92ccc12ec3ed1dc2acccdd2d008ed36ee9494fd58,c58e8a5ae9c3899ac87f90a9606fe340,True,True,TEI,sa_kozAmbakavastu,https://creativecommons.org/licenses/by-nc-sa/4.0/,
TG-GRE-C-0562,TG-GRE-0562,textgrid:49n2k.0,handle:hdl:21.11113/0000-0016-CE63-1,TEI_XML,50016,md5,2bcf8c53703afda4ac9d07ab7a9c5163,acquisitions\staging\textgrid-gretil\2026-07-12\payload\textgrid_49n2k_0.xml,True,50016,c16adc27df76c7f6d42366ac148b5d9f96e5258e626767177a7a81024a977a89,2bcf8c53703afda4ac9d07ab7a9c5163,True,True,TEI,sa_kSaNabhaGgasiddhi,https://creativecommons.org/licenses/by-nc-sa/4.0/,
TG-GRE-C-0563,TG-GRE-0563,textgrid:49n2p.0,handle:hdl:21.11113/0000-0016-CE66-E,TEI_XML,19575,md5,f3520c30bb8b9374a6af4308ba84d481,acquisitions\staging\textgrid-gretil\2026-07-12\payload\textgrid_49n2p_0.xml,True,19575,2a9c18b259bf8fc0d13c98c96cfc7290d7d43fa8a41c05ab1d0c468de1611b55,f3520c30bb8b9374a6af4308ba84d481,True,True,TEI,sa_kSemarAja-bhairavAnukaraNastotra,https://creativecommons.org/licenses/by-nc-sa/4.0/,
TG-GRE-C-0564,TG-GRE-0564,textgrid:49n2s.0,handle:hdl:21.11113/0000-0016-CE69-B,TEI_XML,16411,md5,504c5ce2b63f0eca9d33098c5bde4b9c,acquisitions\staging\textgrid-gretil\2026-07-12\payload\textgrid_49n2s_0.xml,True,16411,88d7bb57864ed6ed5799439a0abce62167af2d8f574b2a184fd1b90d759bdf66,504c5ce2b63f0eca9d33098c5bde4b9c,True,True,TEI,sa_kSemarAja-bodhavilAsa,https://creativecommons.org/licenses/by-nc-sa/4.0/,
TG-GRE-C-0565,TG-GRE-0565,textgrid:49n2w.0,handle:hdl:21.11113/0000-0016-CE6C-8,TEI_XML,52379,md5,64be0731e11c9c1aa9a9ae81d524c47e,acquisitions\staging\textgrid-gretil\2026-07-12\payload\textgrid_49n2w_0.xml,True,52379,e24b8a5972ea21d66e2acb2ca09fe6d4ac89a258fd3b30655727ce664ea2526c,64be0731e11c9c1aa9a9ae81d524c47e,True,True,TEI,sa_kSemarAja-pratyabhijJAhRdaya,https://creativecommons.org/licenses/by-nc-sa/4.0/,
TG-GRE-C-0566,TG-GRE-0566,textgrid:49n30.0,handle:hdl:21.11113/0000-0016-CE6F-5,TEI_XML,29796,md5,c6f210020e2c8a65476f53bc22d48761,acquisitions\staging\textgrid-gretil\2026-07-12\payload\textgrid_49n30_0.xml,True,29796,fb38eab421ca3a20647da0e6d3ce8f66edb984564d7f64bf7714ccf5b1c3f0ce,c6f210020e2c8a65476f53bc22d48761,True,True,TEI,sa_kSemendra-bodhisattvAvadAnakalpalatA-93sumAgadhAvadAna,https://creativecommons.org/licenses/by-nc-sa/4.0/,
TG-GRE-C-0567,TG-GRE-0567,textgrid:49n33.0,handle:hdl:21.11113/0000-0016-CE72-0,TEI_XML,17959,md5,fe2917bd84ce9aebbdb1dddd6c7db43e,acquisitions\staging\textgrid-gretil\2026-07-12\payload\textgrid_49n33_0.xml,True,17959,b6e164307c6fa33db8c87da63c0bef3a8057f6144060839c8c71924cfd7bf50e,fe2917bd84ce9aebbdb1dddd6c7db43e,True,True,TEI,sa_kSemendra-garbhAvakrAntyavadAna,https://creativecommons.org/licenses/by-nc-sa/4.0/,
TG-GRE-C-0568,TG-GRE-0568,textgrid:49n36.0,handle:hdl:21.11113/0000-0016-CE75-D,TEI_XML,12455,md5,628470444da8a2cf9438fdb5efd7a45c,acquisitions\staging\textgrid-gretil\2026-07-12\payload\textgrid_49n36_0.xml,True,12455,43796522958aff09ec5d9a1c4b67608b1fb43ee81124beb8ca93bcbfe654b19d,628470444da8a2cf9438fdb5efd7a45c,True,True,TEI,sa_kSemendra-pratItyasamutpAdAvadAna,https://creativecommons.org/licenses/by-nc-sa/4.0/,
TG-GRE-C-0569,TG-GRE-0569,textgrid:49n39.0,handle:hdl:21.11113/0000-0016-CE78-A,TEI_XML,57358,md5,c9c247060b040c4f6a518b78649f613c,acquisitions\staging\textgrid-gretil\2026-07-12\payload\textgrid_49n39_0.xml,True,57358,f2318e6a9f73bc657059b576bce4caf049ee66c69b1144e8e2a354368694ff38,c9c247060b040c4f6a518b78649f613c,True,True,TEI,sa_kumArila-tantravArttika-2.1.1-4,https://creativecommons.org/licenses/by-nc-sa/4.0/,
TG-GRE-C-0570,TG-GRE-0570,textgrid:49n3d.0,handle:hdl:21.11113/0000-0016-CE7B-7,TEI_XML,17610,md5,8591025ec6d0e6880f9cc289c398b1f2,acquisitions\staging\textgrid-gretil\2026-07-12\payload\textgrid_49n3d_0.xml,True,17610,38bfc112c1242563dcaf01d4239415e5e4faf8f91a1fbc220e3dee2e0dfa6f7d,8591025ec6d0e6880f9cc289c398b1f2,True,True,TEI,sa_lakSmINkarA-advayasiddhi,https://creativecommons.org/licenses/by-nc-sa/4.0/,
TG-GRE-C-0571,TG-GRE-0571,textgrid:49n3h.0,handle:hdl:21.11113/0000-0016-CE7E-4,TEI_XML,34356,md5,013fed1740d1309676517da6a30b2ab0,acquisitions\staging\textgrid-gretil\2026-07-12\payload\textgrid_49n3h_0.xml,True,34356,362e05ab448e3616fffbe29a981dd558a4c843fe0c6625ea4ba640c4ebd9cc36,013fed1740d1309676517da6a30b2ab0,True,True,TEI,sa_larger-prajJApAramitA-edchoong,https://creativecommons.org/licenses/by-nc-sa/4.0/,
TG-GRE-C-0572,TG-GRE-0572,textgrid:49n3m.0,handle:hdl:21.11113/0000-0016-CE81-E,TEI_XML,33862,md5,e984696a7e9a28172e82c0d3bc4745ed,acquisitions\staging\textgrid-gretil\2026-07-12\payload\textgrid_49n3m_0.xml,True,33862,4ed8750e36c2b9481f9631d104a8eef1dfa04fa054f08937ccbfb33ba0bceb08,e984696a7e9a28172e82c0d3bc4745ed,True,True,TEI,sa_madhyamakazAlistambasUtra,https://creativecommons.org/licenses/by-nc-sa/4.0/,
TG-GRE-C-0573,TG-GRE-0573,textgrid:49n3q.0,handle:hdl:21.11113/0000-0016-CE84-B,TEI_XML,16776,md5,31da48fa5983bdbeaaf4aeb83c963812,acquisitions\staging\textgrid-gretil\2026-07-12\payload\textgrid_49n3q_0.xml,True,16776,48af470c0c2d107cfca4541d1f06bcd5e2eb2a05dbc85fa19a21560cfd587e45,31da48fa5983bdbeaaf4aeb83c963812,True,True,TEI,sa_mahAdaNDadhAraNIzItavatI,https://creativecommons.org/licenses/by-nc-sa/4.0/,
TG-GRE-C-0574,TG-GRE-0574,textgrid:49n3t.0,handle:hdl:21.11113/0000-0016-CE87-8,TEI_XML,17317,md5,b3f41f51c7657555fbcb25f335004178,acquisitions\staging\textgrid-gretil\2026-07-12\payload\textgrid_49n3t_0.xml,True,17317,14d3baf33f6392a02a12f03e6d28ecc5b72b740e707a53be5dc1e58711987bd4,b3f41f51c7657555fbcb25f335004178,True,True,TEI,sa_mahAmaNivipulavimAnavizvasupratiSThitaguhyaparamarahasyakalparAjadhAraNI,https://creativecommons.org/licenses/by-nc-sa/4.0/,
TG-GRE-C-0575,TG-GRE-0575,textgrid:49n3x.0,handle:hdl:21.11113/0000-0016-CE8A-5,TEI_XML,22188,md5,e17e3d02e2542af2db742af11a7a8c80,acquisitions\staging\textgrid-gretil\2026-07-12\payload\textgrid_49n3x_0.xml,True,22188,a30b93701db4e42fc4cad8a8ce6d6a17cf26ad522bd9d40f5d7f52e28b708c98,e17e3d02e2542af2db742af11a7a8c80,True,True,TEI,sa_mahAmantrAnusAriNI,https://creativecommons.org/licenses/by-nc-sa/4.0/,
TG-GRE-C-0576,TG-GRE-0576,textgrid:49n41.0,handle:hdl:21.11113/0000-0016-CE8D-2,TEI_XML,26697,md5,fa315e2021a57584d84d77f4de40f110,acquisitions\staging\textgrid-gretil\2026-07-12\payload\textgrid_49n41_0.xml,True,26697,d8009c52213c1085a184165ed237b673b40bd5bf4b715e3e6cae782bd52a55db,fa315e2021a57584d84d77f4de40f110,True,True,TEI,sa_mahApratisarAvidyAdhAraNI,https://creativecommons.org/licenses/by-nc-sa/4.0/,
TG-GRE-C-0577,TG-GRE-0577,textgrid:49n44.0,handle:hdl:21.11113/0000-0016-CE90-D,TEI_XML,16205,md5,1e90d8524b7d4410702bc1034bdef66a,acquisitions\staging\textgrid-gretil\2026-07-12\payload\textgrid_49n44_0.xml,True,16205,f419a771a34fb1ddb36cf4c614c3fc880c5cf7d0f3f9a7f5a731698b0fb4ce5b,1e90d8524b7d4410702bc1034bdef66a,True,True,TEI,sa_mahApratisarAvidyAvidhi,https://creativecommons.org/licenses/by-nc-sa/4.0/,
TG-GRE-C-0578,TG-GRE-0578,textgrid:49n47.0,handle:hdl:21.11113/0000-0016-CE93-A,TEI_XML,45710,md5,724e70baa2a888ea0fb412e402222735,acquisitions\staging\textgrid-gretil\2026-07-12\payload\textgrid_49n47_0.xml,True,45710,db82f920dd9a028de4330d4d6160cdcf0177e33c1a50761ebfeaefb16fc6bc99,724e70baa2a888ea0fb412e402222735,True,True,TEI,sa_mahAsudarzanAvadAna,https://creativecommons.org/licenses/by-nc-sa/4.0/,
TG-GRE-C-0579,TG-GRE-0579,textgrid:49n4b.0,handle:hdl:21.11113/0000-0016-CE96-7,TEI_XML,74546,md5,79d73f18eaf7688fba882c56c6a664a3,acquisitions\staging\textgrid-gretil\2026-07-12\payload\textgrid_49n4b_0.xml,True,74546,855f292ccf07397d715348c5795071bdc32bbba8dbffb2165435e50f5a831dae,79d73f18eaf7688fba882c56c6a664a3,True,True,TEI,sa_sarvamatasaMgraha,https://creativecommons.org/licenses/by-nc-sa/4.0/,
TG-GRE-C-0580,TG-GRE-0580,textgrid:49n4f.0,handle:hdl:21.11113/0000-0016-CE99-4,TEI_XML,12839,md5,276bf343adb9e0932281ce9dd05ee94d,acquisitions\staging\textgrid-gretil\2026-07-12\payload\textgrid_49n4f_0.xml,True,12839,51310fda1ae1414e2a4ed34dc5e99440f8633e609f279ab0c16d6676918c9db7,276bf343adb9e0932281ce9dd05ee94d,True,True,TEI,sa_caturdharmanirdezasUtra,https://creativecommons.org/licenses/by-nc-sa/4.0/,
TG-GRE-C-0581,TG-GRE-0581,textgrid:49n4j.0,handle:hdl:21.11113/0000-0016-CE9C-1,TEI_XML,22873,md5,bdd05b6ad4fea5871a10b42e9dcd43cc,acquisitions\staging\textgrid-gretil\2026-07-12\payload\textgrid_49n4j_0.xml,True,22873,f03248647f6fb26e6904063cc09b6cda401c9eaa593113a9cd4cab10072838d8,bdd05b6ad4fea5871a10b42e9dcd43cc,True,True,TEI,sa_davuldeNa-jJAnezvara-mahAsthavira-yazodharAcarita,https://creativecommons.org/licenses/by-nc-sa/4.0/,
TG-GRE-C-0582,TG-GRE-0582,textgrid:49n4n.0,handle:hdl:21.11113/0000-0016-CE9F-E,TEI_XML,48434,md5,d889202e3f0ef1abb4537c6545deed5b,acquisitions\staging\textgrid-gretil\2026-07-12\payload\textgrid_49n4n_0.xml,True,48434,bd3e074faffc875f990deb1d59c7cd77220a409d4f096e19ca46c848ad407807,d889202e3f0ef1abb4537c6545deed5b,True,True,TEI,sa_dazabalasUtra-1-4,https://creativecommons.org/licenses/by-nc-sa/4.0/,
TG-GRE-C-0583,TG-GRE-0583,textgrid:49n4r.0,handle:hdl:21.11113/0000-0016-CEA2-9,TEI_XML,63900,md5,0fc5b1bb9453f211ba44050bdbfd7bdf,acquisitions\staging\textgrid-gretil\2026-07-12\payload\textgrid_49n4r_0.xml,True,63900,d99227e850e388103f8958a944bd834da3133b4b35f0c6af6fa2197061782f71,0fc5b1bb9453f211ba44050bdbfd7bdf,True,True,TEI,sa_dazasAhasrikA-prajJApAramitA1-and-2-translated-from-tibetan,https://creativecommons.org/licenses/by-nc-sa/4.0/,
TG-GRE-C-0584,TG-GRE-0584,textgrid:49n4v.0,handle:hdl:21.11113/0000-0016-CEA5-6,TEI_XML,16978,md5,5fa2fe8f3560014a3a6a8e3659d1029b,acquisitions\staging\textgrid-gretil\2026-07-12\payload\textgrid_49n4v_0.xml,True,16978,6bb4cc9b5a5da4af7341aaf7e71fda7041fd2717aad2ee8f69a3537629d1974d,5fa2fe8f3560014a3a6a8e3659d1029b,True,True,TEI,sa_devatAsUtra-and-alpadevatAsUtra,https://creativecommons.org/licenses/by-nc-sa/4.0/,
TG-GRE-C-0585,TG-GRE-0585,textgrid:49n4z.0,handle:hdl:21.11113/0000-0016-CEA8-3,TEI_XML,61409,md5,8c2e60326a74eff0d01d57d204e1f40b,acquisitions\staging\textgrid-gretil\2026-07-12\payload\textgrid_49n4z_0.xml,True,61409,609f063b2630f747de38b6e40cf644bb24cb71ca3d00faf208c774ddda051f3e,8c2e60326a74eff0d01d57d204e1f40b,True,True,TEI,sa_dharmakIrti-hetubindu,https://creativecommons.org/licenses/by-nc-sa/4.0/,
TG-GRE-C-0586,TG-GRE-0586,textgrid:49n52.0,handle:hdl:21.11113/0000-0016-CEAB-0,TEI_XML,33497,md5,870619ff125e58d347b5fb31959281a9,acquisitions\staging\textgrid-gretil\2026-07-12\payload\textgrid_49n52_0.xml,True,33497,8f768732842616901bfce9eeed602078b66f9aaba71c241ee6cbaec3c18b5e81,870619ff125e58d347b5fb31959281a9,True,True,TEI,sa_dharmakIrti-nyAyabindu,https://creativecommons.org/licenses/by-nc-sa/4.0/,
TG-GRE-C-0587,TG-GRE-0587,textgrid:49n55.0,handle:hdl:21.11113/0000-0016-CEAE-D,TEI_XML,30899,md5,ada59fc96890d005d818bcbfddb7c846,acquisitions\staging\textgrid-gretil\2026-07-12\payload\textgrid_49n55_0.xml,True,30899,af0cebae501abf04f516b8fabe38738431fb535c71102abc3ff3d20199bbf6ce,ada59fc96890d005d818bcbfddb7c846,True,True,TEI,sa_dharmakIrti-nyAyabinduprakaraNakArikA,https://creativecommons.org/licenses/by-nc-sa/4.0/,
TG-GRE-C-0588,TG-GRE-0588,textgrid:49n58.0,handle:hdl:21.11113/0000-0016-CEB1-8,TEI_XML,12693,md5,048233d68ef064c8155f38b66ef9a201,acquisitions\staging\textgrid-gretil\2026-07-12\payload\textgrid_49n58_0.xml,True,12693,e6bba133fd7b854ebaa9769f4b3aee06a80b017704c158ba1423e2c31fd1bba2,048233d68ef064c8155f38b66ef9a201,True,True,TEI,sa_dharmakIrti-pramANavinizcaya-fragment,https://creativecommons.org/licenses/by-nc-sa/4.0/,
TG-GRE-C-0589,TG-GRE-0589,textgrid:49n5c.0,handle:hdl:21.11113/0000-0016-CEB4-5,TEI_XML,22816,md5,d7cc40c40d0fbdc31abfb6ab3069237a,acquisitions\staging\textgrid-gretil\2026-07-12\payload\textgrid_49n5c_0.xml,True,22816,b3c96ff50f73a9ede7513250866fea41048c9ff67218abc963c05d95c1a03c99,d7cc40c40d0fbdc31abfb6ab3069237a,True,True,TEI,sa_dharmakIrti-saMbandhaparIkSA-comm,https://creativecommons.org/licenses/by-nc-sa/4.0/,
TG-GRE-C-0590,TG-GRE-0590,textgrid:49n5g.0,handle:hdl:21.11113/0000-0016-CEB7-2,TEI_XML,20945,md5,26f5961574d365ff609294379ffd98a3,acquisitions\staging\textgrid-gretil\2026-07-12\payload\textgrid_49n5g_0.xml,True,20945,f001e1e5ef47bcde8000638966f0795d16ffbf728044a3fa4e0d3e5f5ac18f93,26f5961574d365ff609294379ffd98a3,True,True,TEI,sa_dharmakIrti-saMtAnAntarasiddhi,https://creativecommons.org/licenses/by-nc-sa/4.0/,
TG-GRE-C-0591,TG-GRE-0591,textgrid:49n5k.0,handle:hdl:21.11113/0000-0016-CEBA-F,TEI_XML,16495,md5,f392e16bdf25e89acc94a17a2cc56d84,acquisitions\staging\textgrid-gretil\2026-07-12\payload\textgrid_49n5k_0.xml,True,16495,ba2b71806ba582190fad3405f5244fcc1a4d0dec8fc60a04dcee0f3c015a6ec5,f392e16bdf25e89acc94a17a2cc56d84,True,True,TEI,sa_dharmakIrti-subandhaparIkSA-1-25,https://creativecommons.org/licenses/by-nc-sa/4.0/,
TG-GRE-C-0592,TG-GRE-0592,textgrid:49n5p.0,handle:hdl:21.11113/0000-0016-CEBD-C,TEI_XML,12630,md5,09e070ba5ec8cbb01354adee0d7d251f,acquisitions\staging\textgrid-gretil\2026-07-12\payload\textgrid_49n5p_0.xml,True,12630,63c6ceb23b2fca15b353d60a2a797eafbc3847e0ba94dbda8e9d1b514ed8c52a,09e070ba5ec8cbb01354adee0d7d251f,True,True,TEI,sa_dhvajAgrakeyUrAdhAriNI,https://creativecommons.org/licenses/by-nc-sa/4.0/,
TG-GRE-C-0593,TG-GRE-0593,textgrid:49n5s.0,handle:hdl:21.11113/0000-0016-CEC0-7,TEI_XML,14935,md5,543b60dda97bc4c1b657e49ba792b835,acquisitions\staging\textgrid-gretil\2026-07-12\payload\textgrid_49n5s_0.xml,True,14935,27ff43b5321a8292a15f5068546a850937698128ecf9ac167c45cd256851d1fe,543b60dda97bc4c1b657e49ba792b835,True,True,TEI,sa_dhvajAgrakeyUrAdhAriNI-alt,https://creativecommons.org/licenses/by-nc-sa/4.0/,
TG-GRE-C-0594,TG-GRE-0594,textgrid:49n5w.0,handle:hdl:21.11113/0000-0016-CEC3-4,TEI_XML,14536,md5,68aee8171e046ac8e96ab87a0d48a4b7,acquisitions\staging\textgrid-gretil\2026-07-12\payload\textgrid_49n5w_0.xml,True,14536,804dc3107560482f9a8ca92c86d9f810e2e0499cd9ce3a680aa399e312a11fa2,68aee8171e046ac8e96ab87a0d48a4b7,True,True,TEI,sa_dhvajAgrasUtra,https://creativecommons.org/licenses/by-nc-sa/4.0/,
TG-GRE-C-0595,TG-GRE-0595,textgrid:49n60.0,handle:hdl:21.11113/0000-0016-CEC6-1,TEI_XML,19328,md5,1119cc8e18532d0db12aea90262d7492,acquisitions\staging\textgrid-gretil\2026-07-12\payload\textgrid_49n60_0.xml,True,19328,7dbef758c1c14d6b6fe004dfc12c0883a540b1b596cbe51e42e0c8e75df31adc,1119cc8e18532d0db12aea90262d7492,True,True,TEI,sa_dignAga-prajJApAramitApiNDArtha,https://creativecommons.org/licenses/by-nc-sa/4.0/,
TG-GRE-C-0596,TG-GRE-0596,textgrid:49n63.0,handle:hdl:21.11113/0000-0016-CEC9-E,TEI_XML,11933,md5,8f89776fc7ba4850bbb99419d49ab421,acquisitions\staging\textgrid-gretil\2026-07-12\payload\textgrid_49n63_0.xml,True,11933,98a2944284180f613c775506fbff08cf399a149d216429ab8288634a3ded28eb,8f89776fc7ba4850bbb99419d49ab421,True,True,TEI,sa_dignAga-yogAvatAra,https://creativecommons.org/licenses/by-nc-sa/4.0/,
TG-GRE-C-0597,TG-GRE-0597,textgrid:49n66.0,handle:hdl:21.11113/0000-0016-CECC-B,TEI_XML,74913,md5,4a7395dfa8a645272209dc42a8ac5900,acquisitions\staging\textgrid-gretil\2026-07-12\payload\textgrid_49n66_0.xml,True,74913,265b3bcf9cec647c4f49fc9d987e32365be96238dcd7d38b5b3d44620c22904d,4a7395dfa8a645272209dc42a8ac5900,True,True,TEI,sa_SimAnanda-sAMkhyatattvavivecana,https://creativecommons.org/licenses/by-nc-sa/4.0/,
TG-GRE-C-0598,TG-GRE-0598,textgrid:49n69.0,handle:hdl:21.11113/0000-0016-CECF-8,TEI_XML,14340,md5,9d7caa5dcc894618dae779d13a23ba69,acquisitions\staging\textgrid-gretil\2026-07-12\payload\textgrid_49n69_0.xml,True,14340,173d17e86fc7640ce47949b54f850c39d1ceb845b6629210991b825ff8e0145c,9d7caa5dcc894618dae779d13a23ba69,True,True,TEI,sa_dIpaMkara-caryAsaMgrahapradIpa,https://creativecommons.org/licenses/by-nc-sa/4.0/,
TG-GRE-C-0599,TG-GRE-0599,textgrid:49n6d.0,handle:hdl:21.11113/0000-0016-CED2-3,TEI_XML,15633,md5,30febb00bdd76ebcdbfb56937465f60f,acquisitions\staging\textgrid-gretil\2026-07-12\payload\textgrid_49n6d_0.xml,True,15633,b377f9d62d9805df0f703f8d888d2504b5d6a13cc0b00228d9f229be6520044a,30febb00bdd76ebcdbfb56937465f60f,True,True,TEI,sa_dIpaMkara-satyadvayAvatAranAma,https://creativecommons.org/licenses/by-nc-sa/4.0/,
TG-GRE-C-0600,TG-GRE-0600,textgrid:49n6h.0,handle:hdl:21.11113/0000-0016-CED5-0,TEI_XML,12339,md5,39049bcc1724b89297301d82d544cac4,acquisitions\staging\textgrid-gretil\2026-07-12\payload\textgrid_49n6h_0.xml,True,12339,ab4d69d17d7a9bbe8981b3c4c9fdf0766b1d1437aab47d26849b827397cbf5c5,39049bcc1724b89297301d82d544cac4,True,True,TEI,sa_dIpaMkarazrIjJAna-ApattidezanAvidhi,https://creativecommons.org/licenses/by-nc-sa/4.0/,
TG-GRE-C-0601,TG-GRE-0601,textgrid:49n6m.0,handle:hdl:21.11113/0000-0016-CED8-D,TEI_XML,16418,md5,a4662dfb39d8179bb7c88b077e8ad9bc,acquisitions\staging\textgrid-gretil\2026-07-12\payload\textgrid_49n6m_0.xml,True,16418,39682d0cdf91d29db2c978e3ee59e207a184bb4e1edade3a7fb2633a04fe0acc,a4662dfb39d8179bb7c88b077e8ad9bc,True,True,TEI,sa_dIpaMkarazrIjJAna-bodhisattvAdikarmikamArgAvatAradezanA,https://creativecommons.org/licenses/by-nc-sa/4.0/,
TG-GRE-C-0602,TG-GRE-0602,textgrid:49n6q.0,handle:hdl:21.11113/0000-0016-CEDB-A,TEI_XML,20813,md5,c24cd3c47fa5e85fccdd7fa661457af3,acquisitions\staging\textgrid-gretil\2026-07-12\payload\textgrid_49n6q_0.xml,True,20813,6bc6094c2d9e357fefe67c1e749519ae2f7a3c489705a4af715c214f8c627f6b,c24cd3c47fa5e85fccdd7fa661457af3,True,True,TEI,sa_dIpaMkarazrIjJAna-cittotpAdasaMvaravidhikrama,https://creativecommons.org/licenses/by-nc-sa/4.0/,
TG-GRE-C-0603,TG-GRE-0603,textgrid:49n6t.0,handle:hdl:21.11113/0000-0016-CEDE-7,TEI_XML,13679,md5,852ce220cff1c5ecfde8cef624a81e1a,acquisitions\staging\textgrid-gretil\2026-07-12\payload\textgrid_49n6t_0.xml,True,13679,eb1e532ef4794bb1179f1d211ccbb52e08caa97ea3d09e1557487d88fccdc5a1,852ce220cff1c5ecfde8cef624a81e1a,True,True,TEI,sa_dIpaMkarazrIjJAna-dazAkuzalakarmapathadezanA,https://creativecommons.org/licenses/by-nc-sa/4.0/,
TG-GRE-C-0604,TG-GRE-0604,textgrid:49n6x.0,handle:hdl:21.11113/0000-0016-CEE1-2,TEI_XML,12598,md5,84365df8a110fb936ee448f54091309a,acquisitions\staging\textgrid-gretil\2026-07-12\payload\textgrid_49n6x_0.xml,True,12598,829f55b4ccfee2412351d8361d35801bc9b237b11a528b9813236b70f77effdc,84365df8a110fb936ee448f54091309a,True,True,TEI,sa_dIpaMkarazrIjJAna-gurukriyAkrama,https://creativecommons.org/licenses/by-nc-sa/4.0/,
TG-GRE-C-0605,TG-GRE-0605,textgrid:49n71.0,handle:hdl:21.11113/0000-0016-CEE4-F,TEI_XML,12452,md5,1e79f00264ae0d7fad26f95dbf8a0f11,acquisitions\staging\textgrid-gretil\2026-07-12\payload\textgrid_49n71_0.xml,True,12452,ae7d8e50620a8d82103ab47547e924dcc6ba044229390c683bdae9dd461492e0,1e79f00264ae0d7fad26f95dbf8a0f11,True,True,TEI,sa_dIpaMkarazrIjJAna-mahAyAnapathasAdhanasaMgraha,https://creativecommons.org/licenses/by-nc-sa/4.0/,
TG-GRE-C-0606,TG-GRE-0606,textgrid:49n74.0,handle:hdl:21.11113/0000-0016-CEE7-C,TEI_XML,12654,md5,46f40680316a3bc264f3e97c2be3014f,acquisitions\staging\textgrid-gretil\2026-07-12\payload\textgrid_49n74_0.xml,True,12654,7f0ae2b7789b9ac9ed4cc0dd25b307149227eec3fef4a2fd042a17abcd618562,46f40680316a3bc264f3e97c2be3014f,True,True,TEI,sa_dIpaMkarazrIjJAna-samAdhisaMbhAraparivarta,https://creativecommons.org/licenses/by-nc-sa/4.0/,
TG-GRE-C-0607,TG-GRE-0607,textgrid:49n77.0,handle:hdl:21.11113/0000-0016-CEEA-9,TEI_XML,18105,md5,b420e83abe389e9d13ed35b9624d8d82,acquisitions\staging\textgrid-gretil\2026-07-12\payload\textgrid_49n77_0.xml,True,18105,c01780f4efb93b5cbcc6e301c8eabe2551a3fccc7d0ce4a337222af780ba4405,b420e83abe389e9d13ed35b9624d8d82,True,True,TEI,sa_dIpaMkarazrIjJAna-sUtrArthasamuccayopadeza,https://creativecommons.org/licenses/by-nc-sa/4.0/,
TG-GRE-C-0608,TG-GRE-0608,textgrid:49n7b.0,handle:hdl:21.11113/0000-0016-CEED-6,TEI_XML,14997,md5,eee01ea88765e3513e1584437054e051,acquisitions\staging\textgrid-gretil\2026-07-12\payload\textgrid_49n7b_0.xml,True,14997,2bc6acb8b99ce35800205601308ac72b0e9902bf21700be7d3ba8cdaae402560,eee01ea88765e3513e1584437054e051,True,True,TEI,sa_dIpaMkarazrIjJAna-zaraNagamanadezanA,https://creativecommons.org/licenses/by-nc-sa/4.0/,
TG-GRE-C-0609,TG-GRE-0609,textgrid:49n7f.0,handle:hdl:21.11113/0000-0016-CEF0-1,TEI_XML,109062,md5,aec8955b84c371389925f5430e2a9540,acquisitions\staging\textgrid-gretil\2026-07-12\payload\textgrid_49n7f_0.xml,True,109062,d7c1afb2833e92f88d4b620e348adb28fad62bd09bf266007119c3d8a4172a73,aec8955b84c371389925f5430e2a9540,True,True,TEI,sa_sukhAvatIvyUha,https://creativecommons.org/licenses/by-nc-sa/4.0/,
TG-GRE-C-0610,TG-GRE-0610,textgrid:49n7j.0,handle:hdl:21.11113/0000-0016-CEF3-E,TEI_XML,114133,md5,1cfac8c91da5b4c6dbe720ccef6e4cda,acquisitions\staging\textgrid-gretil\2026-07-12\payload\textgrid_49n7j_0.xml,True,114133,085016306837a14240d8d8f05ecdd7061d1f8eb433da50839fdcc9b6927ce5ba,1cfac8c91da5b4c6dbe720ccef6e4cda,True,True,TEI,sa_sukhAvatIvyUhavistaramAtRkA,https://creativecommons.org/licenses/by-nc-sa/4.0/,
TG-GRE-C-0611,TG-GRE-0611,textgrid:49n7n.0,handle:hdl:21.11113/0000-0016-CEF6-B,TEI_XML,184254,md5,bf841c2cf2acc396764228336c2a5611,acquisitions\staging\textgrid-gretil\2026-07-12\payload\textgrid_49n7n_0.xml,True,184254,7dfd07fc5dd3f50ab1e79e88d1daec77264fd0d5119a82dac9a94066036544ee,bf841c2cf2acc396764228336c2a5611,True,True,TEI,sa_vinayasUtra-1pravrajyAvastu,https://creativecommons.org/licenses/by-nc-sa/4.0/,
TG-GRE-C-0612,TG-GRE-0612,textgrid:49n7r.0,handle:hdl:21.11113/0000-0016-CEF9-8,TEI_XML,76238,md5,34b41b94ad01408e0eb300f3bb6c3cbe,acquisitions\staging\textgrid-gretil\2026-07-12\payload\textgrid_49n7r_0.xml,True,76238,da8ed893d500cea3bd72d3d6408056e72c4e5437e02838c06094520cf400904f,34b41b94ad01408e0eb300f3bb6c3cbe,True,True,TEI,sa_sumAgadhAvadAna,https://creativecommons.org/licenses/by-nc-sa/4.0/,
TG-GRE-C-0613,TG-GRE-0613,textgrid:49n7v.0,handle:hdl:21.11113/0000-0016-CEFC-5,TEI_XML,17665,md5,7c5f533f181c9134d63680f48e1185b0,acquisitions\staging\textgrid-gretil\2026-07-12\payload\textgrid_49n7v_0.xml,True,17665,a66298e1d676f0944675b27d7e754f77bd71cfaf9c850f5b1507b90e74caa1fe,7c5f533f181c9134d63680f48e1185b0,True,True,TEI,sa_ekAdazamukha,https://creativecommons.org/licenses/by-nc-sa/4.0/,
TG-GRE-C-0614,TG-GRE-0614,textgrid:49n7z.0,handle:hdl:21.11113/0000-0016-CEFF-2,TEI_XML,21404,md5,84df545e039fe24bf75b7e639ea02582,acquisitions\staging\textgrid-gretil\2026-07-12\payload\textgrid_49n7z_0.xml,True,21404,83737f2ad8911ae01a4909f26fe84f7b086dfc43ac22b7bb31999f3630d4c474,84df545e039fe24bf75b7e639ea02582,True,True,TEI,sa_ekAdazamukhahRdaya,https://creativecommons.org/licenses/by-nc-sa/4.0/,
TG-GRE-C-0615,TG-GRE-0615,textgrid:49n82.0,handle:hdl:21.11113/0000-0016-CF02-D,TEI_XML,76322,md5,b763b181e508df1780969b1c21ded6f3,acquisitions\staging\textgrid-gretil\2026-07-12\payload\textgrid_49n82_0.xml,True,76322,c532ff477ba99b4bf13c4684eb88c95bb691cf2d013a68a87b0e6bafb497905c,b763b181e508df1780969b1c21ded6f3,True,True,TEI,sa_svAtmArAma-haThayogapradIpikA,https://creativecommons.org/licenses/by-nc-sa/4.0/,
TG-GRE-C-0616,TG-GRE-0616,textgrid:49n85.0,handle:hdl:21.11113/0000-0016-CF05-A,TEI_XML,110896,md5,b5a6d12e14d7e1b1e23238471a468c71,acquisitions\staging\textgrid-gretil\2026-07-12\payload\textgrid_49n85_0.xml,True,110896,f8ea677d008e4762cabfe9526d7f1723f63b619a6129c7be9f52662929f9df3b,b5a6d12e14d7e1b1e23238471a468c71,True,True,TEI,sa_tarkabhASA,https://creativecommons.org/licenses/by-nc-sa/4.0/,
TG-GRE-C-0617,TG-GRE-0617,textgrid:49n88.0,handle:hdl:21.11113/0000-0016-CF08-7,TEI_XML,71149,md5,d5f058accd65eb93530fd0f36c60e84c,acquisitions\staging\textgrid-gretil\2026-07-12\payload\textgrid_49n88_0.xml,True,71149,5f7c0e871342fd70d12e1c45556185945cf67bd8756ff7db037e5bba0e5da826,d5f058accd65eb93530fd0f36c60e84c,True,True,TEI,sa_tarkazAstra,https://creativecommons.org/licenses/by-nc-sa/4.0/,
TG-GRE-C-0618,TG-GRE-0618,textgrid:49n8c.0,handle:hdl:21.11113/0000-0016-CF0B-4,TEI_XML,153460,md5,2297388dd8a2e2966d98e3d245a0af42,acquisitions\staging\textgrid-gretil\2026-07-12\payload\textgrid_49n8c_0.xml,True,153460,0478e0f1d1af5a0164947a397c0a007321b13b44a5318bf6ea3b509d2ae2ac4c,2297388dd8a2e2966d98e3d245a0af42,True,True,TEI,sa_yAmuna-saMvitsiddhi,https://creativecommons.org/licenses/by-nc-sa/4.0/,
TG-GRE-C-0619,TG-GRE-0619,textgrid:49n8g.0,handle:hdl:21.11113/0000-0016-CF0E-1,TEI_XML,133177,md5,b18f14319c24fde37bbc0aa14be17e4f,acquisitions\staging\textgrid-gretil\2026-07-12\payload\textgrid_49n8g_0.xml,True,133177,8b0b7b8444d7a6f8106df646145731188ab26e7c974a03b3f018a16571e82c5c,b18f14319c24fde37bbc0aa14be17e4f,True,True,TEI,sa_yAmuna-saMvitsiddhi-alt,https://creativecommons.org/licenses/by-nc-sa/4.0/,
TG-GRE-C-0620,TG-GRE-0620,textgrid:49n8k.0,handle:hdl:21.11113/0000-0016-CF11-C,TEI_XML,13196,md5,598749ed9cc6d112995845649c9361da,acquisitions\staging\textgrid-gretil\2026-07-12\payload\textgrid_49n8k_0.xml,True,13196,fb87439d69cd30dc8274f6cdad7494aadf4c930d01a004a131492bf5e7240aab,598749ed9cc6d112995845649c9361da,True,True,TEI,sa_gaNapatihRdaydhAraNI,https://creativecommons.org/licenses/by-nc-sa/4.0/,
TG-GRE-C-0621,TG-GRE-0621,textgrid:49n8p.0,handle:hdl:21.11113/0000-0016-CF14-9,TEI_XML,237594,md5,f4ce98d22fda424d40ce0d54fdc7f250,acquisitions\staging\textgrid-gretil\2026-07-12\payload\textgrid_49n8p_0.xml,True,237594,4afd3dc1cb20ccd4e94a6ac4b23bbcb895249cc521b7adb6e529e8d38f29683e,f4ce98d22fda424d40ce0d54fdc7f250,True,True,TEI,sa_udAnavarga,https://creativecommons.org/licenses/by-nc-sa/4.0/,
TG-GRE-C-0622,TG-GRE-0622,textgrid:49n8s.0,handle:hdl:21.11113/0000-0016-CF17-6,TEI_XML,155242,md5,eefc77c9307b41f774d992e11d5f902d,acquisitions\staging\textgrid-gretil\2026-07-12\payload\textgrid_49n8s_0.xml,True,155242,a0912eb9517450eaa6ba5633f0bef4bc62fabb32d7372a8fe7c0d292ffb17cfc,eefc77c9307b41f774d992e11d5f902d,True,True,TEI,sa_yAmuna-saMvitsiddhi-comm,https://creativecommons.org/licenses/by-nc-sa/4.0/,
TG-GRE-C-0623,TG-GRE-0623,textgrid:49n8w.0,handle:hdl:21.11113/0000-0016-CF1A-3,TEI_XML,87700,md5,a44cfe43d7516a7ba58db26493d0d5f0,acquisitions\staging\textgrid-gretil\2026-07-12\payload\textgrid_49n8w_0.xml,True,87700,4e02cec3b37e4237253bceb0f5881e30917a8f7c2b3e874d96bc9eebc6395b1d,a44cfe43d7516a7ba58db26493d0d5f0,True,True,TEI,sa_maitreyavyAkaraNa,https://creativecommons.org/licenses/by-nc-sa/4.0/,
TG-GRE-C-0624,TG-GRE-0624,textgrid:49n90.0,handle:hdl:21.11113/0000-0016-CF1D-0,TEI_XML,13072,md5,5b614439c8c39a9e304e4aa14c08f655,acquisitions\staging\textgrid-gretil\2026-07-12\payload\textgrid_49n90_0.xml,True,13072,6acbe6ceed10c55a21d18c600b4dbacda80dc02f2ddb9d8adf8195b460b47fe2,5b614439c8c39a9e304e4aa14c08f655,True,True,TEI,sa_garbhasaMgrahaH,https://creativecommons.org/licenses/by-nc-sa/4.0/,
TG-GRE-C-0625,TG-GRE-0625,textgrid:49n93.0,handle:hdl:21.11113/0000-0016-CF20-B,TEI_XML,69701,md5,4ffaf01102c4e6ebc39d2392befdd46f,acquisitions\staging\textgrid-gretil\2026-07-12\payload\textgrid_49n93_0.xml,True,69701,39bd880d839afdeda5b5b1c4a71dd4dbe459e57a53d53b55e328b276cb51bf80,4ffaf01102c4e6ebc39d2392befdd46f,True,True,TEI,sa_maJjuzrInAmasaMgIti-alt,https://creativecommons.org/licenses/by-nc-sa/4.0/,
TG-GRE-C-0626,TG-GRE-0626,textgrid:49n96.0,handle:hdl:21.11113/0000-0016-CF23-8,TEI_XML,61752,md5,6c42887b8561eb9d029c7403c6290128,acquisitions\staging\textgrid-gretil\2026-07-12\payload\textgrid_49n96_0.xml,True,61752,b73f771c5604e59e004c63606b83717b4cfe2ae1d3c1d682d28e52640ea5660d,6c42887b8561eb9d029c7403c6290128,True,True,TEI,sa_gautama-nyAyasUtra,https://creativecommons.org/licenses/by-nc-sa/4.0/,
TG-GRE-C-0627,TG-GRE-0627,textgrid:49n99.0,handle:hdl:21.11113/0000-0016-CF26-5,TEI_XML,23847,md5,229810ccdefe88e40b236ca7970f57e3,acquisitions\staging\textgrid-gretil\2026-07-12\payload\textgrid_49n99_0.xml,True,23847,e92b7a4e3ec69e3f644cde5399e05d45a1c282dbb4875dbe1c170dfadb99a67e,229810ccdefe88e40b236ca7970f57e3,True,True,TEI,sa_grahamAtRkAdhAraNI,https://creativecommons.org/licenses/by-nc-sa/4.0/,
TG-GRE-C-0628,TG-GRE-0628,textgrid:49n9d.0,handle:hdl:21.11113/0000-0016-CF29-2,TEI_XML,21416,md5,b48300689a968a0e022ddd232a9e96bf,acquisitions\staging\textgrid-gretil\2026-07-12\payload\textgrid_49n9d_0.xml,True,21416,52c8cdc6d75484f1aaa88dfd3210f97462c24a17dd65a17db0847b618b3308dd,b48300689a968a0e022ddd232a9e96bf,True,True,TEI,sa_atiza-bodhipathapradIpa,https://creativecommons.org/licenses/by-nc-sa/4.0/,
TG-GRE-C-0629,TG-GRE-0629,textgrid:49n9h.0,handle:hdl:21.11113/0000-0016-CF2C-F,TEI_XML,26982,md5,8a16294d800fcd866077d8ef102afba6,acquisitions\staging\textgrid-gretil\2026-07-12\payload\textgrid_49n9h_0.xml,True,26982,291d95eca0da376c7a4f11777f814a2123be68e0a1dbcaf877ec41d3aaba90f5,8a16294d800fcd866077d8ef102afba6,True,True,TEI,sa_avadhUtasiddha-bhagavadbhaktistotra,https://creativecommons.org/licenses/by-nc-sa/4.0/,
TG-GRE-C-0630,TG-GRE-0630,textgrid:49n9m.0,handle:hdl:21.11113/0000-0016-CF2F-C,TEI_XML,41736,md5,c3d554c2b7c17af0e1964329da5dd283,acquisitions\staging\textgrid-gretil\2026-07-12\payload\textgrid_49n9m_0.xml,True,41736,bf5a980956a1d2db4a22be68e7d3d5f222f6891c2693c1381480ea94b65cfdde,c3d554c2b7c17af0e1964329da5dd283,True,True,TEI,sa_AyuHparyantasUtra,https://creativecommons.org/licenses/by-nc-sa/4.0/,
TG-GRE-C-0631,TG-GRE-0631,textgrid:49n9q.0,handle:hdl:21.11113/0000-0016-CF32-7,TEI_XML,18184,md5,9274681905246ba9c944259af423c190,acquisitions\staging\textgrid-gretil\2026-07-12\payload\textgrid_49n9q_0.xml,True,18184,333d7d0107fa2ca1c4c8c6fb4f4e3e7f5259ca7718d2d2a5402f29023c0e1728,9274681905246ba9c944259af423c190,True,True,TEI,sa_azvaghoSa-gurupaJcAzikA,https://creativecommons.org/licenses/by-nc-sa/4.0/,
TG-GRE-C-0632,TG-GRE-0632,textgrid:49n9t.0,handle:hdl:21.11113/0000-0016-CF35-4,TEI_XML,19165,md5,1418016040c44b58c3417f491d632255,acquisitions\staging\textgrid-gretil\2026-07-12\payload\textgrid_49n9t_0.xml,True,19165,ce2e05c05a572eb3c80f37090c0ea7ce401caf37d2ee1d5b89364c68d08cad00,1418016040c44b58c3417f491d632255,True,True,TEI,sa_azvaghoSa-vajrasUcI,https://creativecommons.org/licenses/by-nc-sa/4.0/,
TG-GRE-C-0633,TG-GRE-0633,textgrid:49n9x.0,handle:hdl:21.11113/0000-0016-CF38-1,TEI_XML,41556,md5,d6a516e90bbda637fdd4688ee484a059,acquisitions\staging\textgrid-gretil\2026-07-12\payload\textgrid_49n9x_0.xml,True,41556,33512dc65a9bec39ce33605a0a117bf8a9fcf8b9b3d16b3c9865827ae36a11eb,d6a516e90bbda637fdd4688ee484a059,True,True,TEI,sa_bAdarAyaNa-brahmasUtra,https://creativecommons.org/licenses/by-nc-sa/4.0/,
TG-GRE-C-0634,TG-GRE-0634,textgrid:49nb1.0,handle:hdl:21.11113/0000-0016-CF3B-E,TEI_XML,41989,md5,f56b29d2013a721340136faaa8e6e1ed,acquisitions\staging\textgrid-gretil\2026-07-12\payload\textgrid_49nb1_0.xml,True,41989,f6b5406a2f0f14766c8060f106bbe5b743dfc496e4894219e1110f24bed0e19e,f56b29d2013a721340136faaa8e6e1ed,True,True,TEI,sa_bAdarAyaNa-brahmasUtra-alt,https://creativecommons.org/licenses/by-nc-sa/4.0/,
TG-GRE-C-0635,TG-GRE-0635,textgrid:49nb4.0,handle:hdl:21.11113/0000-0016-CF3E-B,TEI_XML,79931,md5,cd536b182af969600a5c95c5625ece2b,acquisitions\staging\textgrid-gretil\2026-07-12\payload\textgrid_49nb4_0.xml,True,79931,6d8248703634e40787c8b282159d2818dce6114b26ea0fb67f4a78d730ed26d3,cd536b182af969600a5c95c5625ece2b,True,True,TEI,sa_nAgArjuna-madhyamakazAstra,https://creativecommons.org/licenses/by-nc-sa/4.0/,
TG-GRE-C-0636,TG-GRE-0636,textgrid:49nb7.0,handle:hdl:21.11113/0000-0016-CF41-6,TEI_XML,78395,md5,4cd33ceceb76cf9e7d2958806d229d82,acquisitions\staging\textgrid-gretil\2026-07-12\payload\textgrid_49nb7_0.xml,True,78395,33fff707a889e07adfc4984bfd693521b9a7622352564bd531c17bde2512d2be,4cd33ceceb76cf9e7d2958806d229d82,True,True,TEI,sa_nAgArjuna-mUlamadhyamakakArikA,https://creativecommons.org/licenses/by-nc-sa/4.0/,
TG-GRE-C-0637,TG-GRE-0637,textgrid:49nbb.0,handle:hdl:21.11113/0000-0016-CF44-3,TEI_XML,67542,md5,f42e669a88de462fb4518b625c4f7294,acquisitions\staging\textgrid-gretil\2026-07-12\payload\textgrid_49nbb_0.xml,True,67542,8ac01c1e679dae37fbc489672afaf80b183f18b974458bcd18c95fc1b0504fdd,f42e669a88de462fb4518b625c4f7294,True,True,TEI,sa_nAgArjuna-vigrahavyAvartanI,https://creativecommons.org/licenses/by-nc-sa/4.0/,
TG-GRE-C-0638,TG-GRE-0638,textgrid:49nbf.0,handle:hdl:21.11113/0000-0016-CF47-0,TEI_XML,115959,md5,9264eade3b85e619fbe545a02f557b44,acquisitions\staging\textgrid-gretil\2026-07-12\payload\textgrid_49nbf_0.xml,True,115959,282a2a2842a8e67daf53ab0e6e07d716185342a3253fb94e20501127da05e39b,9264eade3b85e619fbe545a02f557b44,True,True,TEI,sa_nAgArjuna-zAlistambakamahAyAnasUtraTIkA,https://creativecommons.org/licenses/by-nc-sa/4.0/,
TG-GRE-C-0639,TG-GRE-0639,textgrid:49nbj.0,handle:hdl:21.11113/0000-0016-CF4A-D,TEI_XML,100701,md5,5b5c20dd19d3d6c2380d5ad5aa85f2fe,acquisitions\staging\textgrid-gretil\2026-07-12\payload\textgrid_49nbj_0.xml,True,100701,b2048b342953a88a805a8b2b54518b22eef7d94cd8e222f7044b4768d93dbcaa,5b5c20dd19d3d6c2380d5ad5aa85f2fe,True,True,TEI,sa_nagnajit-citralakSaNam,https://creativecommons.org/licenses/by-nc-sa/4.0/,
TG-GRE-C-0640,TG-GRE-0640,textgrid:49nbn.0,handle:hdl:21.11113/0000-0016-CF4D-A,TEI_XML,127913,md5,43aeec5abd6ba6658e27a4e8106a43f3,acquisitions\staging\textgrid-gretil\2026-07-12\payload\textgrid_49nbn_0.xml,True,127913,9b229e53105e5272420b39c0fb1153da26d9658edefc49f0f7b4e4803367878e,43aeec5abd6ba6658e27a4e8106a43f3,True,True,TEI,sa_pANDulohitakavastu,https://creativecommons.org/licenses/by-nc-sa/4.0/,
TG-GRE-C-0641,TG-GRE-0641,textgrid:49nbr.0,handle:hdl:21.11113/0000-0016-CF50-5,TEI_XML,144409,md5,630cc94839d35f042560c832f78793df,acquisitions\staging\textgrid-gretil\2026-07-12\payload\textgrid_49nbr_0.xml,True,144409,d943425001b04d16e7778f60b08e34cf04ba9873714d9a55d3c7ccef3fc85011,630cc94839d35f042560c832f78793df,True,True,TEI,sa_pravrajyAvastu,https://creativecommons.org/licenses/by-nc-sa/4.0/,
TG-GRE-C-0642,TG-GRE-0642,textgrid:49nbv.0,handle:hdl:21.11113/0000-0016-CF53-2,TEI_XML,40684,md5,b2481d74e49279c7d7388036b820a6a1,acquisitions\staging\textgrid-gretil\2026-07-12\payload\textgrid_49nbv_0.xml,True,40684,3d173a4457b264c260b5907cb560e051e82a2d9c2651b387ab841551fa847034,b2481d74e49279c7d7388036b820a6a1,True,True,TEI,sa_bhaiSajyaguruvaidUryaprabharAjasUtra,https://creativecommons.org/licenses/by-nc-sa/4.0/,
TG-GRE-C-0643,TG-GRE-0643,textgrid:49nbz.0,handle:hdl:21.11113/0000-0016-CF56-F,TEI_XML,182453,md5,fc84bf438f100820a8846ef8d5b31bb7,acquisitions\staging\textgrid-gretil\2026-07-12\payload\textgrid_49nbz_0.xml,True,182453,faa02506f812130f039d5e94db9cd30a48cc7c0c58b4d0e513ea8fb8f6989c29,fc84bf438f100820a8846ef8d5b31bb7,True,True,TEI,sa_ratnagotravibhAga,https://creativecommons.org/licenses/by-nc-sa/4.0/,
TG-GRE-C-0644,TG-GRE-0644,textgrid:49nc2.0,handle:hdl:21.11113/0000-0016-CF59-C,TEI_XML,15883,md5,429843af6629237715b5b8a18f524236,acquisitions\staging\textgrid-gretil\2026-07-12\payload\textgrid_49nc2_0.xml,True,15883,ab48988b5bb550120bc90c7469243892c1f418aee4700c158c42b2fb703e9ac6,429843af6629237715b5b8a18f524236,True,True,TEI,sa_bhavasaMkrAntisUtra,https://creativecommons.org/licenses/by-nc-sa/4.0/,
TG-GRE-C-0645,TG-GRE-0645,textgrid:49nc5.0,handle:hdl:21.11113/0000-0016-CF5C-9,TEI_XML,36554,md5,7790a195c8bedefa83010a5aba5f2668,acquisitions\staging\textgrid-gretil\2026-07-12\payload\textgrid_49nc5_0.xml,True,36554,529a62002bfa7d0f00ed0b144e0a6ed3770bbbab950ae5f682073432a6cc4882,7790a195c8bedefa83010a5aba5f2668,True,True,TEI,sa_bhikSukarmavAkya,https://creativecommons.org/licenses/by-nc-sa/4.0/,
TG-GRE-C-0646,TG-GRE-0646,textgrid:49nc8.0,handle:hdl:21.11113/0000-0016-CF5F-6,TEI_XML,15202,md5,31ce23d9e6ead030c6f830c53ee13747,acquisitions\staging\textgrid-gretil\2026-07-12\payload\textgrid_49nc8_0.xml,True,15202,3edabb6b96280e201e626442e37aa4572f2d66351b0d85346f4b59b04a002b02,31ce23d9e6ead030c6f830c53ee13747,True,True,TEI,sa_bhUtirAja-svabodhasiddhi,https://creativecommons.org/licenses/by-nc-sa/4.0/,
TG-GRE-C-0647,TG-GRE-0647,textgrid:49ncc.0,handle:hdl:21.11113/0000-0016-CF62-1,TEI_XML,18568,md5,17a2914d453bd65888853b6129e4b041,acquisitions\staging\textgrid-gretil\2026-07-12\payload\textgrid_49ncc_0.xml,True,18568,6b141fec4f07aaed5588550c77eeb74aa873f3489ebb83fdcfbd7d69a29e73ac,17a2914d453bd65888853b6129e4b041,True,True,TEI,sa_bodhisattvaprAtimokSasUtra,https://creativecommons.org/licenses/by-nc-sa/4.0/,
TG-GRE-C-0648,TG-GRE-0648,textgrid:49ncg.0,handle:hdl:21.11113/0000-0016-CF65-E,TEI_XML,24570,md5,4cb8275ad46ee00b51e2f8e904f485c9,acquisitions\staging\textgrid-gretil\2026-07-12\payload\textgrid_49ncg_0.xml,True,24570,0c4fa18d26c7395f2859a990f0602421fcf60c983854ce1b141e1f8235e0b9ba,4cb8275ad46ee00b51e2f8e904f485c9,True,True,TEI,sa_buddhabalAdhAnaprAtihAryavikurvANanirdezasUtra,https://creativecommons.org/licenses/by-nc-sa/4.0/,
TG-GRE-C-0649,TG-GRE-0649,textgrid:49nck.0,handle:hdl:21.11113/0000-0016-CF68-B,TEI_XML,172077,md5,8ea2cadeec8615385b1c9d606342b547,acquisitions\staging\textgrid-gretil\2026-07-12\payload\textgrid_49nck_0.xml,True,172077,89c7c775d7fc050dd11b4cea412d2820e1ed6ff5fffa0670d56902f1c6ef02d3,8ea2cadeec8615385b1c9d606342b547,True,True,TEI,sa_ratnakIrti-vAdarahasya,https://creativecommons.org/licenses/by-nc-sa/4.0/,
TG-GRE-C-0650,TG-GRE-0650,textgrid:49ncp.0,handle:hdl:21.11113/0000-0016-CF6B-8,TEI_XML,36406,md5,2555e18339bcc3c2444709a7e039d554,acquisitions\staging\textgrid-gretil\2026-07-12\payload\textgrid_49ncp_0.xml,True,36406,07071a208c6fec0ea1d1e8c6b1f86a7844bb7bd8c6df5ee05ff6303f0b4a58a3,2555e18339bcc3c2444709a7e039d554,True,True,TEI,sa_candragomin-ziSyalekha,https://creativecommons.org/licenses/by-nc-sa/4.0/,
TG-GRE-C-0651,TG-GRE-0651,textgrid:49ncs.0,handle:hdl:21.11113/0000-0016-CF6E-5,TEI_XML,55009,md5,bba101393a0bb2c13e5217a6a56ef50b,acquisitions\staging\textgrid-gretil\2026-07-12\payload\textgrid_49ncs_0.xml,True,55009,c6f6fbcfbea41d57bd844e16a8d32025a0238080dfcd95f43cd21c77bf33f28b,bba101393a0bb2c13e5217a6a56ef50b,True,True,TEI,sa_buddhist-stotras,https://creativecommons.org/licenses/by-nc-sa/4.0/,
TG-GRE-C-0652,TG-GRE-0652,textgrid:49ncw.0,handle:hdl:21.11113/0000-0016-CF71-0,TEI_XML,14319,md5,a1779c2ec918f4cc50640b3c73c91d0c,acquisitions\staging\textgrid-gretil\2026-07-12\payload\textgrid_49ncw_0.xml,True,14319,1b40612da552ff911b70171bcd0f8f1db30668921525dcdbb1ca106ee43a29a6,a1779c2ec918f4cc50640b3c73c91d0c,True,True,TEI,sa_candrasUtra,https://creativecommons.org/licenses/by-nc-sa/4.0/,
TG-GRE-C-0653,TG-GRE-0653,textgrid:49nd0.0,handle:hdl:21.11113/0000-0016-CF74-D,TEI_XML,20404,md5,93a5fb497db8587c2a633d1c1b9353d2,acquisitions\staging\textgrid-gretil\2026-07-12\payload\textgrid_49nd0_0.xml,True,20404,23f7b270961b7eb6d7c772d5328f95a152e5371f3dd7d1c6782c56badd7bcfaa,93a5fb497db8587c2a633d1c1b9353d2,True,True,TEI,sa_abhayAkaragupta-niSpaNNayogAvali,https://creativecommons.org/licenses/by-nc-sa/4.0/,
TG-GRE-C-0654,TG-GRE-0654,textgrid:49nd3.0,handle:hdl:21.11113/0000-0016-CF77-A,TEI_XML,12864,md5,afa9a774dddf1ecad8ff7cd23e79f594,acquisitions\staging\textgrid-gretil\2026-07-12\payload\textgrid_49nd3_0.xml,True,12864,b01b48ca40ae9a82e8c6c87db789f11a8f51a8cd7f131418059954f683cae631,afa9a774dddf1ecad8ff7cd23e79f594,True,True,TEI,sa_abhinavagupta-anuttarASTikA,https://creativecommons.org/licenses/by-nc-sa/4.0/,
TG-GRE-C-0655,TG-GRE-0655,textgrid:49nd6.0,handle:hdl:21.11113/0000-0016-CF7A-7,TEI_XML,12184,md5,c017528c36be2d93ec19f6708dbcf7fb,acquisitions\staging\textgrid-gretil\2026-07-12\payload\textgrid_49nd6_0.xml,True,12184,d7986b1ea4db618799c7eeb79a377e8554b9b46db2ad65cb973858cc88de3f0c,c017528c36be2d93ec19f6708dbcf7fb,True,True,TEI,sa_abhinavagupta-bhairavastava,https://creativecommons.org/licenses/by-nc-sa/4.0/,
TG-GRE-C-0656,TG-GRE-0656,textgrid:49nd9.0,handle:hdl:21.11113/0000-0016-CF7D-4,TEI_XML,12674,md5,82b207f1fbe75e9aac483db3d42e18e0,acquisitions\staging\textgrid-gretil\2026-07-12\payload\textgrid_49nd9_0.xml,True,12674,6f3fed9fb2dfc981da966594490937fbcddd8b1127bdaaf84d0c055404e31fd2,82b207f1fbe75e9aac483db3d42e18e0,True,True,TEI,sa_abhinavagupta-bodhapaJcadazikA,https://creativecommons.org/licenses/by-nc-sa/4.0/,
TG-GRE-C-0657,TG-GRE-0657,textgrid:49ndd.0,handle:hdl:21.11113/0000-0016-CF80-E,TEI_XML,18353,md5,a7df7f76b01f48ae92e6cd0418848775,acquisitions\staging\textgrid-gretil\2026-07-12\payload\textgrid_49ndd_0.xml,True,18353,6f673c6b172a12ecfeed52c37cdcdd3f137719ac2fc221d26bc1a3459b5a97d7,a7df7f76b01f48ae92e6cd0418848775,True,True,TEI,sa_abhinavagupta-kramastotra,https://creativecommons.org/licenses/by-nc-sa/4.0/,
TG-GRE-C-0658,TG-GRE-0658,textgrid:49ndh.0,handle:hdl:21.11113/0000-0016-CF83-B,TEI_XML,26825,md5,5af739dc2851ef8a20f4728a9bc986b1,acquisitions\staging\textgrid-gretil\2026-07-12\payload\textgrid_49ndh_0.xml,True,26825,2a56b7018ad78bf168f48d58c083bc21ada56855bf3e801070256f3f61947756,5af739dc2851ef8a20f4728a9bc986b1,True,True,TEI,sa_abhinavagupta-paramArthasAra,https://creativecommons.org/licenses/by-nc-sa/4.0/,
TG-GRE-C-0659,TG-GRE-0659,textgrid:49ndm.0,handle:hdl:21.11113/0000-0016-CF86-8,TEI_XML,18043,md5,6d775e0a8ac0bdea00262e72693a3c8e,acquisitions\staging\textgrid-gretil\2026-07-12\payload\textgrid_49ndm_0.xml,True,18043,51fd3856aa513d90b80b844f9cfafea08a12bfa55d4de724bf509f5cc76f3564,6d775e0a8ac0bdea00262e72693a3c8e,True,True,TEI,sa_abhinavagupta-paryantapaJcAzikA,https://creativecommons.org/licenses/by-nc-sa/4.0/,
TG-GRE-C-0660,TG-GRE-0660,textgrid:49ndq.0,handle:hdl:21.11113/0000-0016-CF89-5,TEI_XML,55872,md5,1e3d31569f9d6c6ddc83476dde4086ed,acquisitions\staging\textgrid-gretil\2026-07-12\payload\textgrid_49ndq_0.xml,True,55872,cd810e3445529f49f7231feee74256f8663c5bf476756213fd31fa1f759756e3,1e3d31569f9d6c6ddc83476dde4086ed,True,True,TEI,sa_abhisamayAlaMkAra,https://creativecommons.org/licenses/by-nc-sa/4.0/,
TG-GRE-C-0661,TG-GRE-0661,textgrid:49ndt.0,handle:hdl:21.11113/0000-0016-CF8C-2,TEI_XML,18974,md5,0007fe07d03224a82eacfff926c2baff,acquisitions\staging\textgrid-gretil\2026-07-12\payload\textgrid_49ndt_0.xml,True,18974,ec30e7df7850baf7e08fe18faf0a762184792afed8e2b36006955e8261e70a3e,0007fe07d03224a82eacfff926c2baff,True,True,TEI,sa_adbhutadharmaparyAya,https://creativecommons.org/licenses/by-nc-sa/4.0/,
TG-GRE-C-0662,TG-GRE-0662,textgrid:49ndx.0,handle:hdl:21.11113/0000-0016-CF8F-F,TEI_XML,19715,md5,5d930d58a1d6e8f8acb5ac96a45b3a25,acquisitions\staging\textgrid-gretil\2026-07-12\payload\textgrid_49ndx_0.xml,True,19715,7b90fc2a0f7fa2e482164d7e5e6d446164df9c0416ebfc2298f443670237a5a0,5d930d58a1d6e8f8acb5ac96a45b3a25,True,True,TEI,sa_adhyardhazatikA-prajJApAramitA,https://creativecommons.org/licenses/by-nc-sa/4.0/,
TG-GRE-C-0663,TG-GRE-0663,textgrid:49nf1.0,handle:hdl:21.11113/0000-0016-CF92-A,TEI_XML,26813,md5,d5936290ff89a423544bcee0674b8ff6,acquisitions\staging\textgrid-gretil\2026-07-12\payload\textgrid_49nf1_0.xml,True,26813,9b88f8cb5b6e2fcbda1115940132420ebe08802bc32d4d225848bb2dc76e7bc2,d5936290ff89a423544bcee0674b8ff6,True,True,TEI,sa_AdizeSa-paramArthasAra,https://creativecommons.org/licenses/by-nc-sa/4.0/,
TG-GRE-C-0664,TG-GRE-0664,textgrid:49nf4.0,handle:hdl:21.11113/0000-0016-CF95-7,TEI_XML,15159,md5,2585d975709aabd453207f055792304f,acquisitions\staging\textgrid-gretil\2026-07-12\payload\textgrid_49nf4_0.xml,True,15159,ae15101434586e9c152ca873e769cdefef0e44bdbef91fb1014d98a4a3bb5a19,2585d975709aabd453207f055792304f,True,True,TEI,sa_advayazatikA-prajJApAramitA,https://creativecommons.org/licenses/by-nc-sa/4.0/,
TG-GRE-C-0665,TG-GRE-0665,textgrid:49nf7.0,handle:hdl:21.11113/0000-0016-CF98-4,TEI_XML,25281,md5,4a954d6fe1124fa283f7dc95b18a8f88,acquisitions\staging\textgrid-gretil\2026-07-12\payload\textgrid_49nf7_0.xml,True,25281,afcc99e06574a28da604e2593589947c9e67b86554e67487344c028842acb0da,4a954d6fe1124fa283f7dc95b18a8f88,True,True,TEI,sa_AdyanAtha-anuttaraprakAzapaJcAzikA,https://creativecommons.org/licenses/by-nc-sa/4.0/,
TG-GRE-C-0666,TG-GRE-0666,textgrid:49nfb.0,handle:hdl:21.11113/0000-0016-CF9B-1,TEI_XML,35027,md5,df379cea5160bdcb06512ace1eaa061b,acquisitions\staging\textgrid-gretil\2026-07-12\payload\textgrid_49nfb_0.xml,True,35027,01be28ead300dc8b645ffedfe29dc8bfb71b63307b91c460c53f613c7c428305,df379cea5160bdcb06512ace1eaa061b,True,True,TEI,sa_ahoratravratakathA,https://creativecommons.org/licenses/by-nc-sa/4.0/,
TG-GRE-C-0667,TG-GRE-0667,textgrid:49nff.0,handle:hdl:21.11113/0000-0016-CF9E-E,TEI_XML,32444,md5,567e93f51fb392068655bcdc32acb40b,acquisitions\staging\textgrid-gretil\2026-07-12\payload\textgrid_49nff_0.xml,True,32444,b27bf2425b280ad00cbc9e5275468a47325566774ddc64302fc4dec6489cd812,567e93f51fb392068655bcdc32acb40b,True,True,TEI,sa_ahoratravratakathA-prose,https://creativecommons.org/licenses/by-nc-sa/4.0/,
TG-GRE-C-0668,TG-GRE-0668,textgrid:49nfj.0,handle:hdl:21.11113/0000-0016-CFA1-9,TEI_XML,56311,md5,1f4321f494aec1723c92c5182fc35427,acquisitions\staging\textgrid-gretil\2026-07-12\payload\textgrid_49nfj_0.xml,True,56311,9c44154181e6b10822ad9568628c51474df43afa57095263320c331b26209615,1f4321f494aec1723c92c5182fc35427,True,True,TEI,sa_ajitasenavyAkaraNa,https://creativecommons.org/licenses/by-nc-sa/4.0/,
TG-GRE-C-0669,TG-GRE-0669,textgrid:49nfn.0,handle:hdl:21.11113/0000-0016-CFA4-6,TEI_XML,53992,md5,c05f28e8ba68331cd99a2c72fe3e290b,acquisitions\staging\textgrid-gretil\2026-07-12\payload\textgrid_49nfn_0.xml,True,53992,1497bcb0d12bd3a126247aa76c0a4196d8f49492fe816338fca6576e2402993d,c05f28e8ba68331cd99a2c72fe3e290b,True,True,TEI,sa_ajitasenavyAkaraNa-alt,https://creativecommons.org/licenses/by-nc-sa/4.0/,
TG-GRE-C-0670,TG-GRE-0670,textgrid:49nfr.0,handle:hdl:21.11113/0000-0016-CFA7-3,TEI_XML,15146,md5,4aa665ae976cc81e4835082ba0ed7aba,acquisitions\staging\textgrid-gretil\2026-07-12\payload\textgrid_49nfr_0.xml,True,15146,03d71212d4231391458dc82f322ee5881400d342fb4f8fefd19419b8e1252017,4aa665ae976cc81e4835082ba0ed7aba,True,True,TEI,sa_AlambanaparIkSA-comm,https://creativecommons.org/licenses/by-nc-sa/4.0/,
TG-GRE-C-0671,TG-GRE-0671,textgrid:49nfv.0,handle:hdl:21.11113/0000-0016-CFAA-0,TEI_XML,12039,md5,21def33ecb6241cad93005b860a369ea,acquisitions\staging\textgrid-gretil\2026-07-12\payload\textgrid_49nfv_0.xml,True,12039,48042bfec6a87fa57fbb03cee26fb8c8befdfc31c582296ce438ab90761348be,21def33ecb6241cad93005b860a369ea,True,True,TEI,sa_AlambanaparIkSA,https://creativecommons.org/licenses/by-nc-sa/4.0/,
TG-GRE-C-0672,TG-GRE-0672,textgrid:49nfz.0,handle:hdl:21.11113/0000-0016-CFAD-D,TEI_XML,29259,md5,eca0d077416de54f7694b6760075fa51,acquisitions\staging\textgrid-gretil\2026-07-12\payload\textgrid_49nfz_0.xml,True,29259,a739385c1c3d6535a72f3a9b4d75ff4caa61cc7988ec3148a30be49cb92132b8,eca0d077416de54f7694b6760075fa51,True,True,TEI,sa_amoghapAzahRdayasUtra,https://creativecommons.org/licenses/by-nc-sa/4.0/,
TG-GRE-C-0673,TG-GRE-0673,textgrid:49ng2.0,handle:hdl:21.11113/0000-0016-CFB0-8,TEI_XML,28093,md5,00fba92597243e449001291326449c9c,acquisitions\staging\textgrid-gretil\2026-07-12\payload\textgrid_49ng2_0.xml,True,28093,b83f071ca3d2632e0a625ddfea77a3cb027ee325c4a32e0c7f026e0b3ec27a5e,00fba92597243e449001291326449c9c,True,True,TEI,sa_amoghapAzahRdayasUtra-alt,https://creativecommons.org/licenses/by-nc-sa/4.0/,
TG-GRE-C-0674,TG-GRE-0674,textgrid:49ng5.0,handle:hdl:21.11113/0000-0016-CFB3-5,TEI_XML,36024,md5,5efa1758d6be54d86012eb50db3b8410,acquisitions\staging\textgrid-gretil\2026-07-12\payload\textgrid_49ng5_0.xml,True,36024,e6e62be97313ff122eb859f1c56073541bd863e7d4ded5303b64d9b0d537b86b,5efa1758d6be54d86012eb50db3b8410,True,True,TEI,sa_amoghapAzahRdayasUtra-mz,https://creativecommons.org/licenses/by-nc-sa/4.0/,
TG-GRE-C-0675,TG-GRE-0675,textgrid:49ng8.0,handle:hdl:21.11113/0000-0016-CFB6-2,TEI_XML,165274,md5,854431f6fbcd4e8fbf6dce704f15fee2,acquisitions\staging\textgrid-gretil\2026-07-12\payload\textgrid_49ng8_0.xml,True,165274,3804ebe0ba37a28c488c6d0cce98273a5ffe5ca713b9454a8bba1c3dae7164e1,854431f6fbcd4e8fbf6dce704f15fee2,True,True,TEI,sa_samAdhirAjasUtratransliteration-1-111315-22,https://creativecommons.org/licenses/by-nc-sa/4.0/,
TG-GRE-C-0676,TG-GRE-0676,textgrid:49ngc.0,handle:hdl:21.11113/0000-0016-CFB9-F,TEI_XML,187236,md5,5704a16a3d74412a74c944569e0bddf6,acquisitions\staging\textgrid-gretil\2026-07-12\payload\textgrid_49ngc_0.xml,True,187236,ba3dc492e2748ff6bbc26da8edb144cb259ddbb336ff5dbd40de6f169694ddd9,5704a16a3d74412a74c944569e0bddf6,True,True,TEI,sa_saMghATasUtra,https://creativecommons.org/licenses/by-nc-sa/4.0/,
TG-GRE-C-0677,TG-GRE-0677,textgrid:49ngg.0,handle:hdl:21.11113/0000-0016-CFBC-C,TEI_XML,22650,md5,c579e860d6ae89f4d252931e4da33521,acquisitions\staging\textgrid-gretil\2026-07-12\payload\textgrid_49ngg_0.xml,True,22650,1744c57fa96911901adc05b495c7568d6cde6f13a709705e0a4eb7c040d457ce,c579e860d6ae89f4d252931e4da33521,True,True,TEI,sa_amRtAkara-catuHstavasamAsArtha,https://creativecommons.org/licenses/by-nc-sa/4.0/,
TG-GRE-C-0678,TG-GRE-0678,textgrid:49ngk.0,handle:hdl:21.11113/0000-0016-CFBF-9,TEI_XML,16272,md5,7f2da9c01bd7eae6fcde40cfea1bffc3,acquisitions\staging\textgrid-gretil\2026-07-12\payload\textgrid_49ngk_0.xml,True,16272,e7283e8de8615c0390dca8f92d880555ad5f8e330a2a83eb456bbe4c78423a7c,7f2da9c01bd7eae6fcde40cfea1bffc3,True,True,TEI,sa_anityatAsUtra,https://creativecommons.org/licenses/by-nc-sa/4.0/,
TG-GRE-C-0679,TG-GRE-0679,textgrid:49ngp.0,handle:hdl:21.11113/0000-0016-CFC2-4,TEI_XML,50104,md5,a2ee3af2712080ff7d1bf71cce1ef51a,acquisitions\staging\textgrid-gretil\2026-07-12\payload\textgrid_49ngp_0.xml,True,50104,a61e019d6b1543ede2bd1b3c05f9db23393fb24c4aaa17abf225db70b76b8832,a2ee3af2712080ff7d1bf71cce1ef51a,True,True,TEI,sa_annaMbhatta-tarkasaMgraha,https://creativecommons.org/licenses/by-nc-sa/4.0/,
TG-GRE-C-0680,TG-GRE-0680,textgrid:49ngs.0,handle:hdl:21.11113/0000-0016-CFC5-1,TEI_XML,25947,md5,480b434226401a97fb64009331f7a22e,acquisitions\staging\textgrid-gretil\2026-07-12\payload\textgrid_49ngs_0.xml,True,25947,00f0e8b8c0d6ff2632909a25f3b3eef37d8959df7c49354714b86092afd1da07,480b434226401a97fb64009331f7a22e,True,True,TEI,sa_antarvyAptisamarthana,https://creativecommons.org/licenses/by-nc-sa/4.0/,
TG-GRE-C-0681,TG-GRE-0681,textgrid:49ngw.0,handle:hdl:21.11113/0000-0016-CFC8-E,TEI_XML,19498,md5,55f3bb8df467d10385369a8df530d755,acquisitions\staging\textgrid-gretil\2026-07-12\payload\textgrid_49ngw_0.xml,True,19498,d8e28b4af868b2a71efd3e5043992f1df5a65483d3d8a91f23098252cccf89c0,55f3bb8df467d10385369a8df530d755,True,True,TEI,sa_aparimitAyuHsUtra,https://creativecommons.org/licenses/by-nc-sa/4.0/,
TG-GRE-C-0682,TG-GRE-0682,textgrid:49nh0.0,handle:hdl:21.11113/0000-0016-CFCB-B,TEI_XML,115216,md5,a79e224216fb60e5c8bcaf815f70fc27,acquisitions\staging\textgrid-gretil\2026-07-12\payload\textgrid_49nh0_0.xml,True,115216,ff5c135ee84ed9d1e9d78476751ccdc421b1ce1d50576d4c646c2cc5c0078f44,a79e224216fb60e5c8bcaf815f70fc27,True,True,TEI,sa_poSadhavastu,https://creativecommons.org/licenses/by-nc-sa/4.0/,
TG-GRE-C-0683,TG-GRE-0683,textgrid:49nh3.0,handle:hdl:21.11113/0000-0016-CFCE-8,TEI_XML,107215,md5,dfd94772f897a07ff7d51af4dc9e8f92,acquisitions\staging\textgrid-gretil\2026-07-12\payload\textgrid_49nh3_0.xml,True,107215,31b1637582d7f4e5c6b7a672c7dc1028844331da0744a43286198bb37d1dadb6,dfd94772f897a07ff7d51af4dc9e8f92,True,True,TEI,sa_IzvarakRSNa-sAMkhyakArikA-comm2,https://creativecommons.org/licenses/by-nc-sa/4.0/,
TG-GRE-C-0684,TG-GRE-0684,textgrid:49nh6.0,handle:hdl:21.11113/0000-0016-CFD1-3,TEI_XML,125285,md5,fa930ee356f6117c304be2f3f72d2909,acquisitions\staging\textgrid-gretil\2026-07-12\payload\textgrid_49nh6_0.xml,True,125285,b148f59ab5a1425e8c01aea61330442689a0193d9ca5bd652f6dcd5912d80b71,fa930ee356f6117c304be2f3f72d2909,True,True,TEI,sa_IzvarakRSNa-sAMkhyakArikA-comm3,https://creativecommons.org/licenses/by-nc-sa/4.0/,
TG-GRE-C-0685,TG-GRE-0685,textgrid:49nh9.0,handle:hdl:21.11113/0000-0016-CFD4-0,TEI_XML,104009,md5,a4688a9e69e819b337f397030351ec98,acquisitions\staging\textgrid-gretil\2026-07-12\payload\textgrid_49nh9_0.xml,True,104009,8ed9625425a227335c47d521a0fb3fa0a83e1935efb8ae635b0aa77e8dc068b5,a4688a9e69e819b337f397030351ec98,True,True,TEI,sa_jJAnAlokAlaMkArasUtra,https://creativecommons.org/licenses/by-nc-sa/4.0/,
TG-GRE-C-0686,TG-GRE-0686,textgrid:49nhd.0,handle:hdl:21.11113/0000-0016-CFD7-D,TEI_XML,73297,md5,157c64bbea7f61d59490fc8903c6633e,acquisitions\staging\textgrid-gretil\2026-07-12\payload\textgrid_49nhd_0.xml,True,73297,89b81021c8dd7bf2d1a4615bded4f0c0ea96b682817124f06a198ef62b1224db,157c64bbea7f61d59490fc8903c6633e,True,True,TEI,sa_kapila-sAMkhyasUtra,https://creativecommons.org/licenses/by-nc-sa/4.0/,
TG-GRE-C-0687,TG-GRE-0687,textgrid:49nhh.0,handle:hdl:21.11113/0000-0016-CFDA-A,TEI_XML,106883,md5,b60e7113c8557452f6688d3d0e3ef75c,acquisitions\staging\textgrid-gretil\2026-07-12\payload\textgrid_49nhh_0.xml,True,106883,4a5aeda2e2a7f3b83ebde117e1bc10ab38b966dbc1792a532628b417527f864f,b60e7113c8557452f6688d3d0e3ef75c,True,True,TEI,sa_kAzyapaparivartasUtra-alt,https://creativecommons.org/licenses/by-nc-sa/4.0/,
TG-GRE-C-0688,TG-GRE-0688,textgrid:49nhm.0,handle:hdl:21.11113/0000-0016-CFDD-7,TEI_XML,65557,md5,0860421d9e6380f1aa56c8dd6ef021cb,acquisitions\staging\textgrid-gretil\2026-07-12\payload\textgrid_49nhm_0.xml,True,65557,70506ef3ce9378e5a841da8d7e91cb1c75258b21cf99930db34fc9754bd8e792,0860421d9e6380f1aa56c8dd6ef021cb,True,True,TEI,sa_kSemendra-sudhanakinnaryavadAna,https://creativecommons.org/licenses/by-nc-sa/4.0/,
TG-GRE-C-0689,TG-GRE-0689,textgrid:49nhq.0,handle:hdl:21.11113/0000-0016-CFE0-2,TEI_XML,120820,md5,e38e4b67094f06b6cbd7e9251aba6899,acquisitions\staging\textgrid-gretil\2026-07-12\payload\textgrid_49nhq_0.xml,True,120820,610c96affc1f4b9123ba31c2df0d27b86882b0a8a8fb98f728a809c700957358,e38e4b67094f06b6cbd7e9251aba6899,True,True,TEI,sa_larger-prajJApAramitA,https://creativecommons.org/licenses/by-nc-sa/4.0/,
TG-GRE-C-0690,TG-GRE-0690,textgrid:49nht.0,handle:hdl:21.11113/0000-0016-CFE3-F,TEI_XML,85576,md5,f435d69d82f8a854abc633c66fb2135a,acquisitions\staging\textgrid-gretil\2026-07-12\payload\textgrid_49nht_0.xml,True,85576,8bedc7524ffa2edcc2187fe0f0f0b627c6757a0b4f5fc24e27dbb906f705a3ec,f435d69d82f8a854abc633c66fb2135a,True,True,TEI,sa_madhusUdanasarasvatI-siddhAntabindu,https://creativecommons.org/licenses/by-nc-sa/4.0/,
TG-GRE-C-0691,TG-GRE-0691,textgrid:49nhx.0,handle:hdl:21.11113/0000-0016-CFE6-C,TEI_XML,80241,md5,88dc0fb0444e75ae5bc73971d7395dbd,acquisitions\staging\textgrid-gretil\2026-07-12\payload\textgrid_49nhx_0.xml,True,80241,4cd98af7ed1034eb611dcdff8c11595ecb72c23550d25dc5391357f9de56c8be,88dc0fb0444e75ae5bc73971d7395dbd,True,True,TEI,sa_madhyamakAvatAra-1-5,https://creativecommons.org/licenses/by-nc-sa/4.0/,
TG-GRE-C-0692,TG-GRE-0692,textgrid:49nj1.0,handle:hdl:21.11113/0000-0016-CFE9-9,TEI_XML,109924,md5,2bc29ac0adb41cb343d77463f92e2e6e,acquisitions\staging\textgrid-gretil\2026-07-12\payload\textgrid_49nj1_0.xml,True,109924,d21807948b4d04028407ba01c8618022d3d7607febfbc90a73cbd91bf6539190,2bc29ac0adb41cb343d77463f92e2e6e,True,True,TEI,sa_mahAkarmavibhaGga,https://creativecommons.org/licenses/by-nc-sa/4.0/,
TG-GRE-C-0693,TG-GRE-0693,textgrid:49nj4.0,handle:hdl:21.11113/0000-0016-CFEC-6,TEI_XML,119372,md5,418ef723765422f8f60cf4f282a41627,acquisitions\staging\textgrid-gretil\2026-07-12\payload\textgrid_49nj4_0.xml,True,119372,723262cbb269ef65eb5b8d008cc15cb9dceb22fc423db5f935f8ed2c65075ad4,418ef723765422f8f60cf4f282a41627,True,True,TEI,sa_mahAmAyUrIvidyArAjJI,https://creativecommons.org/licenses/by-nc-sa/4.0/,
TG-GRE-C-0694,TG-GRE-0694,textgrid:49nj7.0,handle:hdl:21.11113/0000-0016-CFEF-3,TEI_XML,190437,md5,3c900cfc6bd440264bee7f742c7c6ae9,acquisitions\staging\textgrid-gretil\2026-07-12\payload\textgrid_49nj7_0.xml,True,190437,67c83de4a9352eecb5e4aaa6c533bd36a19469ca267db837176aab760c6a5cae,3c900cfc6bd440264bee7f742c7c6ae9,True,True,TEI,sa_saMghATasUtra-alt,https://creativecommons.org/licenses/by-nc-sa/4.0/,
TG-GRE-C-0695,TG-GRE-0695,textgrid:49njb.0,handle:hdl:21.11113/0000-0016-CFF2-E,TEI_XML,82209,md5,acfe042ae59bf134d3bd6a9f0b65748b,acquisitions\staging\textgrid-gretil\2026-07-12\payload\textgrid_49njb_0.xml,True,82209,6ff00e48f6c49044435eb5bf6ecb92f277b4a026cdc36b67c40aa8f7654ee4c8,acfe042ae59bf134d3bd6a9f0b65748b,True,True,TEI,sa_mahApratisarAmahAvidyArAjJI,https://creativecommons.org/licenses/by-nc-sa/4.0/,
TG-GRE-C-0696,TG-GRE-0696,textgrid:49njf.0,handle:hdl:21.11113/0000-0016-CFF5-B,TEI_XML,83184,md5,22450529ab5570aeffd6264d181de84b,acquisitions\staging\textgrid-gretil\2026-07-12\payload\textgrid_49njf_0.xml,True,83184,b82309b7c47085c01159dd0bd9f8a9c7071d3fde9bbc8294b288b8b38e57fa3b,22450529ab5570aeffd6264d181de84b,True,True,TEI,sa_mahApratisarA-paJcarakSA,https://creativecommons.org/licenses/by-nc-sa/4.0/,
TG-GRE-C-0697,TG-GRE-0697,textgrid:49njj.0,handle:hdl:21.11113/0000-0016-CFF8-8,TEI_XML,98737,md5,3c3cac34b007eda1b3bb9e91a3a5fe65,acquisitions\staging\textgrid-gretil\2026-07-12\payload\textgrid_49njj_0.xml,True,98737,1dd26a9d844cc569cac0c0a20e773072bcd5014e6208e2c338d6f4dff90c24a9,3c3cac34b007eda1b3bb9e91a3a5fe65,True,True,TEI,sa_mahAsAhasrapramardanI,https://creativecommons.org/licenses/by-nc-sa/4.0/,
TG-GRE-C-0698,TG-GRE-0698,textgrid:49njn.0,handle:hdl:21.11113/0000-0016-CFFB-5,TEI_XML,180774,md5,6223e90082597e60924f6f8e654e1582,acquisitions\staging\textgrid-gretil\2026-07-12\payload\textgrid_49njn_0.xml,True,180774,2ff4b200e113a966d73472f8bef43a3c359b838180626619b119397a47dd15c4,6223e90082597e60924f6f8e654e1582,True,True,TEI,sa_sarvadurgatiparizodhanatantra,https://creativecommons.org/licenses/by-nc-sa/4.0/,
TG-GRE-C-0699,TG-GRE-0699,textgrid:49njr.0,handle:hdl:21.11113/0000-0016-CFFE-2,TEI_XML,67764,md5,4537fdf936dc88eb92ea616253fc667d,acquisitions\staging\textgrid-gretil\2026-07-12\payload\textgrid_49njr_0.xml,True,67764,e987f612db41e8cdb35a781b70f6ff2700de27131c33071e56c51f4653e04e0d,4537fdf936dc88eb92ea616253fc667d,True,True,TEI,sa_dharmakIrti-hetubindu-edsteinkellner,https://creativecommons.org/licenses/by-nc-sa/4.0/,
TG-GRE-C-0700,TG-GRE-0700,textgrid:49njv.0,handle:hdl:21.11113/0000-0016-D001-B,TEI_XML,128780,md5,a5d434014fa9d880d9b5605198a97aad,acquisitions\staging\textgrid-gretil\2026-07-12\payload\textgrid_49njv_0.xml,True,128780,8fd974df2321a66d8d44aaf5c00d69116b7b76d081e5e6ae58afed3d16cacae1,a5d434014fa9d880d9b5605198a97aad,True,True,TEI,sa_mahAvadAnasUtra,https://creativecommons.org/licenses/by-nc-sa/4.0/,
TG-GRE-C-0701,TG-GRE-0701,textgrid:49njz.0,handle:hdl:21.11113/0000-0016-D004-8,TEI_XML,88751,md5,ad0d137ec90572ee6c754439193b130b,acquisitions\staging\textgrid-gretil\2026-07-12\payload\textgrid_49njz_0.xml,True,88751,8b0d3dac0f149bfb7735470efa1a9431de3a8bf25f3c691d538abe405f43203b,ad0d137ec90572ee6c754439193b130b,True,True,TEI,sa_carmavastu,https://creativecommons.org/licenses/by-nc-sa/4.0/,
TG-GRE-C-0702,TG-GRE-0702,textgrid:49nk2.0,handle:hdl:21.11113/0000-0016-D007-5,TEI_XML,103331,md5,e21e0dd22039ad9848521eda4ce8b3f6,acquisitions\staging\textgrid-gretil\2026-07-12\payload\textgrid_49nk2_0.xml,True,103331,fc28aad3e728780fbdfb38ca0ab9fb922b1a43f3e08d211ac8526ea0455944ff,e21e0dd22039ad9848521eda4ce8b3f6,True,True,TEI,sa_dharmakIrti-vAdanyAya,https://creativecommons.org/licenses/by-nc-sa/4.0/,
TG-GRE-C-0703,TG-GRE-0703,textgrid:49nk5.0,handle:hdl:21.11113/0000-0016-D00A-2,TEI_XML,100248,md5,a430d33ddff0fbc8d7aaf53e44057a89,acquisitions\staging\textgrid-gretil\2026-07-12\payload\textgrid_49nk5_0.xml,True,100248,e6442b399b01c5c6e7a3a9f227324208f0f17e12727b8dda9aa39270741cd14e,a430d33ddff0fbc8d7aaf53e44057a89,True,True,TEI,sa_dharmakIrti-vAdanyAya-alt,https://creativecommons.org/licenses/by-nc-sa/4.0/,
TG-GRE-C-0704,TG-GRE-0704,textgrid:49nk8.0,handle:hdl:21.11113/0000-0016-D00D-F,TEI_XML,243068,md5,3731b3a5dbc70733a948fca6317490bc,acquisitions\staging\textgrid-gretil\2026-07-12\payload\textgrid_49nk8_0.xml,True,243068,cb78b97bfa04b11103373927b477941b9edb94b067cbcd0feb4658f65415aecd,3731b3a5dbc70733a948fca6317490bc,True,True,TEI,sa_veGkaTanAtha-nyAyaparizuddhibhUmik-A13-5,https://creativecommons.org/licenses/by-nc-sa/4.0/,
TG-GRE-C-0705,TG-GRE-0705,textgrid:49nkc.0,handle:hdl:21.11113/0000-0016-D010-A,TEI_XML,216628,md5,cf62b701e5a5e1559ad8c644730ced32,acquisitions\staging\textgrid-gretil\2026-07-12\payload\textgrid_49nkc_0.xml,True,216628,d74c909a10b5935ae870ae423175f50251843d4d401b11e0a6dcc5c61c68cb56,cf62b701e5a5e1559ad8c644730ced32,True,True,TEI,sa_vimalakIrtinirdeza,https://creativecommons.org/licenses/by-nc-sa/4.0/,
TG-GRE-C-0706,TG-GRE-0706,textgrid:49nkg.0,handle:hdl:21.11113/0000-0016-D013-7,TEI_XML,76456,md5,089358d9928b37753c1ce3f308ab3f1e,acquisitions\staging\textgrid-gretil\2026-07-12\payload\textgrid_49nkg_0.xml,True,76456,b4ad9b6cb6d8a53a0c22919aa7550f9b2cbd7e551ca658274454c6c4e334f651,089358d9928b37753c1ce3f308ab3f1e,True,True,TEI,sa_dIpaMkarabhadra-guhyasamAjamaNDalavidhi,https://creativecommons.org/licenses/by-nc-sa/4.0/,
TG-GRE-C-0707,TG-GRE-0707,textgrid:49nkk.0,handle:hdl:21.11113/0000-0016-D016-4,TEI_XML,207738,md5,69d7a2208c95113e6cb2d85f2cad9569,acquisitions\staging\textgrid-gretil\2026-07-12\payload\textgrid_49nkk_0.xml,True,207738,45bd12814e48e123ab41354f73b58948cb1549df6a89be5ad9d4f785b58784b2,69d7a2208c95113e6cb2d85f2cad9569,True,True,TEI,sa_vimalakIrtinirdezasUtra,https://creativecommons.org/licenses/by-nc-sa/4.0/,
TG-GRE-C-0708,TG-GRE-0708,textgrid:49nkp.0,handle:hdl:21.11113/0000-0016-D019-1,TEI_XML,192842,md5,4ead03696ec932e468fc184e07c1f173,acquisitions\staging\textgrid-gretil\2026-07-12\payload\textgrid_49nkp_0.xml,True,192842,2e21a1d0f79921ed7de4ba1711b2b50632732a0b42d1e75c009c3d60ffda1c53,4ead03696ec932e468fc184e07c1f173,True,True,TEI,sa_suvarNavarNAvadAna,https://creativecommons.org/licenses/by-nc-sa/4.0/,
TG-GRE-C-0709,TG-GRE-0709,textgrid:49nks.0,handle:hdl:21.11113/0000-0016-D01C-E,TEI_XML,115039,md5,41d9dd313967d4cca6d1a3a5dc8f8b51,acquisitions\staging\textgrid-gretil\2026-07-12\payload\textgrid_49nks_0.xml,True,115039,befcb147668192f4c131782df1cd7e960056867edb5dd3ad2d14b050a248ad7c,41d9dd313967d4cca6d1a3a5dc8f8b51,True,True,TEI,sa_ekottarAgamafragments,https://creativecommons.org/licenses/by-nc-sa/4.0/,
TG-GRE-C-0710,TG-GRE-0710,textgrid:49nkw.0,handle:hdl:21.11113/0000-0016-D01F-B,TEI_XML,284894,md5,0da8c510807554c920d59e023a3ba0c7,acquisitions\staging\textgrid-gretil\2026-07-12\payload\textgrid_49nkw_0.xml,True,284894,7700e6d842a62d2d534d6f705a24097ab34331fd379d094604dffeedcc005d86,0da8c510807554c920d59e023a3ba0c7,True,True,TEI,sa_udayana-nyAyakusumAJjali,https://creativecommons.org/licenses/by-nc-sa/4.0/,
TG-GRE-C-0711,TG-GRE-0711,textgrid:49nm0.0,handle:hdl:21.11113/0000-0016-D022-6,TEI_XML,268320,md5,10aaeff1f111319936269c339b983d55,acquisitions\staging\textgrid-gretil\2026-07-12\payload\textgrid_49nm0_0.xml,True,268320,b9b9d16704b817d5d3a592fd62286758f7188ce536fa827a934497aef943390b,10aaeff1f111319936269c339b983d55,True,True,TEI,sa_zAntideva-bodhicaryAvatAra,https://creativecommons.org/licenses/by-nc-sa/4.0/,
TG-GRE-C-0712,TG-GRE-0712,textgrid:49nm3.0,handle:hdl:21.11113/0000-0016-D025-3,TEI_XML,242174,md5,367071951710bdbee20cfcb565c38bb1,acquisitions\staging\textgrid-gretil\2026-07-12\payload\textgrid_49nm3_0.xml,True,242174,84b36b6d9b067d8a88a84629509f4b112caa9d17afb673130be915dfc5a93f43,367071951710bdbee20cfcb565c38bb1,True,True,TEI,sa_pramANavArttika,https://creativecommons.org/licenses/by-nc-sa/4.0/,
TG-GRE-C-0713,TG-GRE-0713,textgrid:49nm6.0,handle:hdl:21.11113/0000-0016-D028-0,TEI_XML,74224,md5,182f6857b37810b2f9210e8c483ecbf2,acquisitions\staging\textgrid-gretil\2026-07-12\payload\textgrid_49nm6_0.xml,True,74224,47b43a7f75c9b5402936b5e4dbeaf0712dbbe32783ea6c182e72aaf71ffa3b3a,182f6857b37810b2f9210e8c483ecbf2,True,True,TEI,sa_gautama-nyAyasUtra5.1-comm,https://creativecommons.org/licenses/by-nc-sa/4.0/,
TG-GRE-C-0714,TG-GRE-0714,textgrid:49nm9.0,handle:hdl:21.11113/0000-0016-D02B-D,TEI_XML,76228,md5,9a016d90da973759a913ece8719ac669,acquisitions\staging\textgrid-gretil\2026-07-12\payload\textgrid_49nm9_0.xml,True,76228,020626dd51d522633eea86c2aa7aea4626a66d889e1b5c921234c938d4684d11,9a016d90da973759a913ece8719ac669,True,True,TEI,sa_haribhadrasUri-nyAyapravezapravRtti,https://creativecommons.org/licenses/by-nc-sa/4.0/,
TG-GRE-C-0715,TG-GRE-0715,textgrid:49nmd.0,handle:hdl:21.11113/0000-0016-D02E-A,TEI_XML,306478,md5,89dc1f9fcccb7990085555c9282a3070,acquisitions\staging\textgrid-gretil\2026-07-12\payload\textgrid_49nmd_0.xml,True,306478,f1fe6aaa0017849ec05fe8bc2c0a995d746515998a51aa4722d4612fbd218a61,89dc1f9fcccb7990085555c9282a3070,True,True,TEI,sa_zArdUlakarNAvadAna,https://creativecommons.org/licenses/by-nc-sa/4.0/,
TG-GRE-C-0716,TG-GRE-0716,textgrid:49nmh.0,handle:hdl:21.11113/0000-0016-D031-5,TEI_XML,141054,md5,3334daf553e539a5fdcef2f24a3140f1,acquisitions\staging\textgrid-gretil\2026-07-12\payload\textgrid_49nmh_0.xml,True,141054,bc381dafd0951fe7ee0c152535c13a1d3f8cf4c0e5b843861058b54b9e40ec11,3334daf553e539a5fdcef2f24a3140f1,True,True,TEI,sa_nidAnasaMyukta,https://creativecommons.org/licenses/by-nc-sa/4.0/,
TG-GRE-C-0717,TG-GRE-0717,textgrid:49nmm.0,handle:hdl:21.11113/0000-0016-D034-2,TEI_XML,79707,md5,5ba9a77af2777068fc43f25eaee4a0d5,acquisitions\staging\textgrid-gretil\2026-07-12\payload\textgrid_49nmm_0.xml,True,79707,affe9efbd8f1d8a477e61c11b5a78b78e5004b26d540fdd389758d758d705ce0,5ba9a77af2777068fc43f25eaee4a0d5,True,True,TEI,sa_bhAsarvajJa-gaNakArikA-1-comm,https://creativecommons.org/licenses/by-nc-sa/4.0/,
TG-GRE-C-0718,TG-GRE-0718,textgrid:49nmq.0,handle:hdl:21.11113/0000-0016-D037-F,TEI_XML,66756,md5,325e8d61f70229c66d1cc4446d635512,acquisitions\staging\textgrid-gretil\2026-07-12\payload\textgrid_49nmq_0.xml,True,66756,bd22b5ef0876dad18fab8e60ab11fc57e4f1edb3c4a150b18aac84f7d3468841,325e8d61f70229c66d1cc4446d635512,True,True,TEI,sa_bhAvAgaNeza-tattvayAthArthyadIpana,https://creativecommons.org/licenses/by-nc-sa/4.0/,
TG-GRE-C-0719,TG-GRE-0719,textgrid:49nmt.0,handle:hdl:21.11113/0000-0016-D03A-C,TEI_XML,70287,md5,73b23bc231fd1efaa7c02b0781876034,acquisitions\staging\textgrid-gretil\2026-07-12\payload\textgrid_49nmt_0.xml,True,70287,221f90386f0d56187fdf6a5a2b8384b3d14f4c89414443ebc3e645e823cc9eb8,73b23bc231fd1efaa7c02b0781876034,True,True,TEI,sa_bhikSuNIkarmavAcanA,https://creativecommons.org/licenses/by-nc-sa/4.0/,
TG-GRE-C-0720,TG-GRE-0720,textgrid:49nmx.0,handle:hdl:21.11113/0000-0016-D03D-9,TEI_XML,129118,md5,cb03d4ddde8fa9f31769618f78711e60,acquisitions\staging\textgrid-gretil\2026-07-12\payload\textgrid_49nmx_0.xml,True,129118,d2cd4aa73f8315f039893c9927bc9fa6d5384af078b1031db84fbd29df32413d,cb03d4ddde8fa9f31769618f78711e60,True,True,TEI,sa_buddhaghoSa-siddhArthacaritrakAvya,https://creativecommons.org/licenses/by-nc-sa/4.0/,
TG-GRE-C-0721,TG-GRE-0721,textgrid:49nn1.0,handle:hdl:21.11113/0000-0016-D040-4,TEI_XML,160803,md5,ee51c9bd9e8bcd82fea2576e361e05d0,acquisitions\staging\textgrid-gretil\2026-07-12\payload\textgrid_49nn1_0.xml,True,160803,d1a05f837804ce641ffc92640cd3f4668f14d4037827afcdb4cb02a278dec582,ee51c9bd9e8bcd82fea2576e361e05d0,True,True,TEI,sa_pataJjali-yogasUtra-with-bhASya,https://creativecommons.org/licenses/by-nc-sa/4.0/,
TG-GRE-C-0722,TG-GRE-0722,textgrid:49nn4.0,handle:hdl:21.11113/0000-0016-D043-1,TEI_XML,109487,md5,a94bf1329636225255708a9e96a74e3d,acquisitions\staging\textgrid-gretil\2026-07-12\payload\textgrid_49nn4_0.xml,True,109487,6c6845b31ec11c95f1aeb49e317f74024711067a4582a4766ed5086c0a11a24d,a94bf1329636225255708a9e96a74e3d,True,True,TEI,sa_abhisamayAlaMkAravivaraNa,https://creativecommons.org/licenses/by-nc-sa/4.0/,
TG-GRE-C-0723,TG-GRE-0723,textgrid:49nn7.0,handle:hdl:21.11113/0000-0016-D046-E,TEI_XML,130027,md5,90cec990afe3e3fd21957ed7065d44e2,acquisitions\staging\textgrid-gretil\2026-07-12\payload\textgrid_49nn7_0.xml,True,130027,e256529411191c02543fff9fdbbcaf8fd24f2a4ed3dfa267c36794f088950c3b,90cec990afe3e3fd21957ed7065d44e2,True,True,TEI,sa_adhikaraNavastu,https://creativecommons.org/licenses/by-nc-sa/4.0/,
TG-GRE-C-0724,TG-GRE-0724,textgrid:49nnb.0,handle:hdl:21.11113/0000-0016-D049-B,TEI_XML,72148,md5,3f83f9c37396c1cb43e01ad3afaad987,acquisitions\staging\textgrid-gretil\2026-07-12\payload\textgrid_49nnb_0.xml,True,72148,fe25dffbf5a9cdcfad2e4133b747aa38ef3c72d7983623fd4cb7bef29394ede1,3f83f9c37396c1cb43e01ad3afaad987,True,True,TEI,sa_ahorAtravratacaityasevAnuzaMsAvadAna,https://creativecommons.org/licenses/by-nc-sa/4.0/,
TG-GRE-C-0725,TG-GRE-0725,textgrid:49nnf.0,handle:hdl:21.11113/0000-0016-D04C-8,TEI_XML,139177,md5,73342044b37f9667d8c969478431c31e,acquisitions\staging\textgrid-gretil\2026-07-12\payload\textgrid_49nnf_0.xml,True,139177,c40b436a926f273fb03e814efab9b8fb3101765d6b0a44d437f769df85d8dec0,73342044b37f9667d8c969478431c31e,True,True,TEI,sa_patna-dharmapada,https://creativecommons.org/licenses/by-nc-sa/4.0/,
TG-GRE-C-0726,TG-GRE-0726,textgrid:49nnj.0,handle:hdl:21.11113/0000-0016-D04F-5,TEI_XML,168312,md5,d5f7c66c41f07df28dcf7e6e435e3b54,acquisitions\staging\textgrid-gretil\2026-07-12\payload\textgrid_49nnj_0.xml,True,168312,465f50de8a23ad11d738a47f84fc0cc83f7ee7ba4de40d8da3f74348bc574c82,d5f7c66c41f07df28dcf7e6e435e3b54,True,True,TEI,sa_IzvarakRSNa-sAMkhyakArikA-comm,https://creativecommons.org/licenses/by-nc-sa/4.0/,
TG-GRE-C-0727,TG-GRE-0727,textgrid:49nnn.0,handle:hdl:21.11113/0000-0016-D052-0,TEI_XML,131378,md5,ea72cc996f5081ef603641ebe49b9791,acquisitions\staging\textgrid-gretil\2026-07-12\payload\textgrid_49nnn_0.xml,True,131378,2fa23e47740be442d2c77d836fa18b8a922e7b7e91b5a543611246f54f0803fb,ea72cc996f5081ef603641ebe49b9791,True,True,TEI,sa_jayarakSita-sphuTArthA-zrIghanAcArasaMgrahaTIkA,https://creativecommons.org/licenses/by-nc-sa/4.0/,
TG-GRE-C-0728,TG-GRE-0728,textgrid:49nnr.0,handle:hdl:21.11113/0000-0016-D055-D,TEI_XML,148894,md5,0ce8a9212dfb244638980397501f6fa0,acquisitions\staging\textgrid-gretil\2026-07-12\payload\textgrid_49nnr_0.xml,True,148894,fdeb48b91baf17bb59dd23643bb2ff6d4f966094da1bed6d0a7074fda34f22dc,0ce8a9212dfb244638980397501f6fa0,True,True,TEI,sa_kalpadrumAvadAnamAlA,https://creativecommons.org/licenses/by-nc-sa/4.0/,
TG-GRE-C-0729,TG-GRE-0729,textgrid:49nnv.0,handle:hdl:21.11113/0000-0016-D058-A,TEI_XML,155180,md5,d9efd18561b4770f76cec472ad0df769,acquisitions\staging\textgrid-gretil\2026-07-12\payload\textgrid_49nnv_0.xml,True,155180,43b74f8ae42692f755c208d1c7eabbe70dde37abd768ea5bfb92559c7e255652,d9efd18561b4770f76cec472ad0df769,True,True,TEI,sa_kamalazIla-bhAvanAkrama,https://creativecommons.org/licenses/by-nc-sa/4.0/,
TG-GRE-C-0730,TG-GRE-0730,textgrid:49nnz.0,handle:hdl:21.11113/0000-0016-D05B-7,TEI_XML,184575,md5,4b5c23d821fafc8adfdf53a5b5d555c8,acquisitions\staging\textgrid-gretil\2026-07-12\payload\textgrid_49nnz_0.xml,True,184575,92791cbe4b75633c480f630c7c2daf6697a17194f509e61d5d62b6085aaffff2,4b5c23d821fafc8adfdf53a5b5d555c8,True,True,TEI,sa_kAraNDavyUha,https://creativecommons.org/licenses/by-nc-sa/4.0/,
TG-GRE-C-0731,TG-GRE-0731,textgrid:49np2.0,handle:hdl:21.11113/0000-0016-D05E-4,TEI_XML,143236,md5,d4e20a80e126446c4de40c98951d2e9e,acquisitions\staging\textgrid-gretil\2026-07-12\payload\textgrid_49np2_0.xml,True,143236,12ab938ae9464c24f1ccbc6d76a652af4cdf86876685af1017af4fc4e96fa529,d4e20a80e126446c4de40c98951d2e9e,True,True,TEI,sa_kAzyapaparivartasUtra,https://creativecommons.org/licenses/by-nc-sa/4.0/,
TG-GRE-C-0732,TG-GRE-0732,textgrid:49np5.0,handle:hdl:21.11113/0000-0016-D061-F,TEI_XML,149000,md5,46c115bd4d2857e7797e16737fb8e83c,acquisitions\staging\textgrid-gretil\2026-07-12\payload\textgrid_49np5_0.xml,True,149000,a401c9da3d02d5182b500f886a0d7dc14e8a377c3924286251b2666fef307f85,46c115bd4d2857e7797e16737fb8e83c,True,True,TEI,sa_kumAralAta-kalpanAmaNDitikA,https://creativecommons.org/licenses/by-nc-sa/4.0/,
TG-GRE-C-0733,TG-GRE-0733,textgrid:49np8.0,handle:hdl:21.11113/0000-0016-D064-C,TEI_XML,192289,md5,a44819885830a9650e7043cb00d662a2,acquisitions\staging\textgrid-gretil\2026-07-12\payload\textgrid_49np8_0.xml,True,192289,bcb95a56b8206cdbc1c0196e22ef720fd5c1c71e10e155928e86a2eb0e9a91ca,a44819885830a9650e7043cb00d662a2,True,True,TEI,sa_mahAsaMnipAtaratnaketudhAraNIsUtra1-610-11,https://creativecommons.org/licenses/by-nc-sa/4.0/,
TG-GRE-C-0734,TG-GRE-0734,textgrid:49npc.0,handle:hdl:21.11113/0000-0016-D067-9,TEI_XML,154566,md5,a51b38fbb62a4259a672105005112938,acquisitions\staging\textgrid-gretil\2026-07-12\payload\textgrid_49npc_0.xml,True,154566,028fe9cff5822d14fa6297ce3a8c3e32277d57ade15513e56436654d406cac2c,a51b38fbb62a4259a672105005112938,True,True,TEI,sa_dharmakIrti-pramANavArttikakArikA,https://creativecommons.org/licenses/by-nc-sa/4.0/,
TG-GRE-C-0735,TG-GRE-0735,textgrid:49npg.0,handle:hdl:21.11113/0000-0016-D06A-6,TEI_XML,250663,md5,ff3151e54300da01bdb91c01cfd7b116,acquisitions\staging\textgrid-gretil\2026-07-12\payload\textgrid_49npg_0.xml,True,250663,e6a7c7a6cea639b0451065726d03e9c37d4a50230969ebc9e29d1d35e179502c,ff3151e54300da01bdb91c01cfd7b116,True,True,TEI,sa_siddhasenamahAmati-nyAyAvatAra-comm,https://creativecommons.org/licenses/by-nc-sa/4.0/,
TG-GRE-C-0736,TG-GRE-0736,textgrid:49npk.0,handle:hdl:21.11113/0000-0016-D06D-3,TEI_XML,160244,md5,ea236626bda90bf75fd2dde8d0709423,acquisitions\staging\textgrid-gretil\2026-07-12\payload\textgrid_49npk_0.xml,True,160244,0c55141034e88a8be6c45ea5b078346049d00806fac46e2ea04368adc3f135a2,ea236626bda90bf75fd2dde8d0709423,True,True,TEI,sa_dharmaskandha,https://creativecommons.org/licenses/by-nc-sa/4.0/,
TG-GRE-C-0737,TG-GRE-0737,textgrid:49npp.0,handle:hdl:21.11113/0000-0016-D070-E,TEI_XML,229445,md5,73d9fc7d7f777e83526b8f88071b48ec,acquisitions\staging\textgrid-gretil\2026-07-12\payload\textgrid_49npp_0.xml,True,229445,e3159bdc09608e4363df5b39a83c2caaaed8288229deb3b4eaab78abe4966c7f,73d9fc7d7f777e83526b8f88071b48ec,True,True,TEI,sa_suvarNaprabhAsasUtra,https://creativecommons.org/licenses/by-nc-sa/4.0/,
TG-GRE-C-0738,TG-GRE-0738,textgrid:49nps.0,handle:hdl:21.11113/0000-0016-D073-B,TEI_XML,250576,md5,44a5982810ad3ba675fb3816cbe7219c,acquisitions\staging\textgrid-gretil\2026-07-12\payload\textgrid_49nps_0.xml,True,250576,1b51daf2611704b4a2f0f793beaab899c52d862cb43deabc5319c804ae8d9822,44a5982810ad3ba675fb3816cbe7219c,True,True,TEI,sa_suvikrAntavikrAmiparipRcchA,https://creativecommons.org/licenses/by-nc-sa/4.0/,
TG-GRE-C-0739,TG-GRE-0739,textgrid:49npw.0,handle:hdl:21.11113/0000-0016-D076-8,TEI_XML,212988,md5,8bd32b2859943110e5967aadb81842c8,acquisitions\staging\textgrid-gretil\2026-07-12\payload\textgrid_49npw_0.xml,True,212988,1d926a5663e29b2a181b12509de9863f86b232f52c2181360dd31d093db6bfa9,8bd32b2859943110e5967aadb81842c8,True,True,TEI,sa_tarkarahasya,https://creativecommons.org/licenses/by-nc-sa/4.0/,
TG-GRE-C-0740,TG-GRE-0740,textgrid:49nq0.0,handle:hdl:21.11113/0000-0016-D079-5,TEI_XML,185445,md5,511e78373d165a4c1025e21d7073bfa8,acquisitions\staging\textgrid-gretil\2026-07-12\payload\textgrid_49nq0_0.xml,True,185445,0850c27f8b971536654ee54e8f5d0fe6eddddbca2a0053114292c2100189f240,511e78373d165a4c1025e21d7073bfa8,True,True,TEI,sa_fragments-of-prajJApAramitA-texts,https://creativecommons.org/licenses/by-nc-sa/4.0/,
TG-GRE-C-0741,TG-GRE-0741,textgrid:49nq3.0,handle:hdl:21.11113/0000-0016-D07C-2,TEI_XML,237299,md5,72f6cab0e49e5c626a141fcae6fbfbac,acquisitions\staging\textgrid-gretil\2026-07-12\payload\textgrid_49nq3_0.xml,True,237299,cb940dd6e35698445d10583a539c1767cbfa55151117740a1cd0007ae5244001,72f6cab0e49e5c626a141fcae6fbfbac,True,True,TEI,sa_udAnavarga,https://creativecommons.org/licenses/by-nc-sa/4.0/,
TG-GRE-C-0742,TG-GRE-0742,textgrid:49nq6.0,handle:hdl:21.11113/0000-0016-D07F-F,TEI_XML,426160,md5,03941058d18138b45fcdea776748d61e,acquisitions\staging\textgrid-gretil\2026-07-12\payload\textgrid_49nq6_0.xml,True,426160,bc2d89a4283478a9fe15b6949ce7d6899b5aba44f16ef7589c6953a2841212d9,03941058d18138b45fcdea776748d61e,True,True,TEI,sa_asaGga-mahAyAnasUtrAlaMkAra,https://creativecommons.org/licenses/by-nc-sa/4.0/,
TG-GRE-C-0743,TG-GRE-0743,textgrid:49nq9.0,handle:hdl:21.11113/0000-0016-D082-9,TEI_XML,448527,md5,7548917f34bf880c2875e0079c63538b,acquisitions\staging\textgrid-gretil\2026-07-12\payload\textgrid_49nq9_0.xml,True,448527,0759e89af93fc00f0beff7261ad73693d7439db0ce25c9b6f8a3dd6f1f8c937a,7548917f34bf880c2875e0079c63538b,True,True,TEI,sa_asaGga-mahAyAnasUtrAlaMkAra-comm,https://creativecommons.org/licenses/by-nc-sa/4.0/,
TG-GRE-C-0744,TG-GRE-0744,textgrid:49nqd.0,handle:hdl:21.11113/0000-0016-D085-6,TEI_XML,141695,md5,88cd5e5e312fbf0b67f28360a539ad25,acquisitions\staging\textgrid-gretil\2026-07-12\payload\textgrid_49nqd_0.xml,True,141695,590426e968f501dfeeede1f20540043214616ab73dc9b22c7b81b95ab6bbc875,88cd5e5e312fbf0b67f28360a539ad25,True,True,TEI,sa_gauDapAda-AgamazAstra,https://creativecommons.org/licenses/by-nc-sa/4.0/,
TG-GRE-C-0745,TG-GRE-0745,textgrid:49nqh.0,handle:hdl:21.11113/0000-0016-D088-3,TEI_XML,190923,md5,d0394ddaffc2916eb972c2cb8319b42e,acquisitions\staging\textgrid-gretil\2026-07-12\payload\textgrid_49nqh_0.xml,True,190923,d29e82ac53c8ec84eb4c33085ad43a74e70efce7abe984b0366815717603cc82,d0394ddaffc2916eb972c2cb8319b42e,True,True,TEI,sa_azokAvadAna,https://creativecommons.org/licenses/by-nc-sa/4.0/,
TG-GRE-C-0746,TG-GRE-0746,textgrid:49nqm.0,handle:hdl:21.11113/0000-0016-D08B-0,TEI_XML,200219,md5,546249def7a4d1c4467683dd6051ea4e,acquisitions\staging\textgrid-gretil\2026-07-12\payload\textgrid_49nqm_0.xml,True,200219,a5479d966bbf48c66d9b18f493b98fdfcf8e10694bf7b53ac38b5a61323112b6,546249def7a4d1c4467683dd6051ea4e,True,True,TEI,sa_mRgendrAgama1.1-7.23,https://creativecommons.org/licenses/by-nc-sa/4.0/,
TG-GRE-C-0747,TG-GRE-0747,textgrid:49nqq.0,handle:hdl:21.11113/0000-0016-D08E-D,TEI_XML,243368,md5,dee66a23bb902d5b1ec489d3d0f544b5,acquisitions\staging\textgrid-gretil\2026-07-12\payload\textgrid_49nqq_0.xml,True,243368,4195a51336422fb1faed04f336c50e6160dfd0eeb24d1542e47c2d99b652118b,dee66a23bb902d5b1ec489d3d0f544b5,True,True,TEI,sa_narahari-bodhasAra,https://creativecommons.org/licenses/by-nc-sa/4.0/,
TG-GRE-C-0748,TG-GRE-0748,textgrid:49nqt.0,handle:hdl:21.11113/0000-0016-D091-8,TEI_XML,220125,md5,4a909386068b8230648748d637f1de03,acquisitions\staging\textgrid-gretil\2026-07-12\payload\textgrid_49nqt_0.xml,True,220125,7ca39d43005e9e2aed94a1d03eb26732d76003003fdfdddaddc86cfc4ece697c,4a909386068b8230648748d637f1de03,True,True,TEI,sa_parAtriMzikA-comm,https://creativecommons.org/licenses/by-nc-sa/4.0/,
TG-GRE-C-0749,TG-GRE-0749,textgrid:49nqx.0,handle:hdl:21.11113/0000-0016-D094-5,TEI_XML,318289,md5,3f490c4acfae06ee56a5f3a9959a5464,acquisitions\staging\textgrid-gretil\2026-07-12\payload\textgrid_49nqx_0.xml,True,318289,89323140bc5dd119ef68a60e17cf1c974ab8111d0bbb8617541efca6fc6b560c,3f490c4acfae06ee56a5f3a9959a5464,True,True,TEI,sa_rAmAnuja-vedArthasaMgraha,https://creativecommons.org/licenses/by-nc-sa/4.0/,
TG-GRE-C-0750,TG-GRE-0750,textgrid:49nr1.0,handle:hdl:21.11113/0000-0016-D097-2,TEI_XML,182464,md5,0d836d76c04912d99a1dc41c27fed650,acquisitions\staging\textgrid-gretil\2026-07-12\payload\textgrid_49nr1_0.xml,True,182464,7792bd94dd5afe1c3dac38a346ed5290006476328014f8f20be9978b9c90e7aa,0d836d76c04912d99a1dc41c27fed650,True,True,TEI,sa_buddhist-yoga-manual,https://creativecommons.org/licenses/by-nc-sa/4.0/,
TG-GRE-C-0751,TG-GRE-0751,textgrid:49nr4.0,handle:hdl:21.11113/0000-0016-D09A-F,TEI_XML,145471,md5,e931a110f8c6da35a3573ddcec766c9d,acquisitions\staging\textgrid-gretil\2026-07-12\payload\textgrid_49nr4_0.xml,True,145471,1c10ab967a4cfa52b09faf2a9ec79cdd843babb07cb2ac9c1e16223515b434f4,e931a110f8c6da35a3573ddcec766c9d,True,True,TEI,sa_abhinavagupta-tantrasAra,https://creativecommons.org/licenses/by-nc-sa/4.0/,
TG-GRE-C-0752,TG-GRE-0752,textgrid:49nr7.0,handle:hdl:21.11113/0000-0016-D09D-C,TEI_XML,191429,md5,fc3b7a79a700b28b24c85382c2106c0f,acquisitions\staging\textgrid-gretil\2026-07-12\payload\textgrid_49nr7_0.xml,True,191429,7957d15fd49cb81b631caf137008e5e5bd8383ffe5c3600a010d21ae4902ade1,fc3b7a79a700b28b24c85382c2106c0f,True,True,TEI,sa_abhinavagupta-paramArthasAra-comm,https://creativecommons.org/licenses/by-nc-sa/4.0/,
TG-GRE-C-0753,TG-GRE-0753,textgrid:49nrb.0,handle:hdl:21.11113/0000-0016-D0A0-7,TEI_XML,190740,md5,b58b623a339a935144c90ef7fde32aaf,acquisitions\staging\textgrid-gretil\2026-07-12\payload\textgrid_49nrb_0.xml,True,190740,c87aacff032752b9c89d872c9a7e50cf7693ec59a9d1cff5c37649f714b58c2b,b58b623a339a935144c90ef7fde32aaf,True,True,TEI,sa_abhisamayAlaMkAravRttiH-sphuTArthA,https://creativecommons.org/licenses/by-nc-sa/4.0/,
TG-GRE-C-0754,TG-GRE-0754,textgrid:49nrf.0,handle:hdl:21.11113/0000-0016-D0A3-4,TEI_XML,200585,md5,1c24e3d77c587991eb8778830d18ad27,acquisitions\staging\textgrid-gretil\2026-07-12\payload\textgrid_49nrf_0.xml,True,200585,e6a766688d69dd53776b0434ab637c2269682f377dd58618ec3ff32a3df2ec13,1c24e3d77c587991eb8778830d18ad27,True,True,TEI,sa_jaimini-mImAMsAsUtra,https://creativecommons.org/licenses/by-nc-sa/4.0/,
TG-GRE-C-0755,TG-GRE-0755,textgrid:49nrj.0,handle:hdl:21.11113/0000-0016-D0A6-1,TEI_XML,234788,md5,0c3bc635b16e251fd678e003bc0e29ec,acquisitions\staging\textgrid-gretil\2026-07-12\payload\textgrid_49nrj_0.xml,True,234788,7f68de096c75e57ef3f8d7310bd4d3ef063517d427b26248b5e92b34f17918c1,0c3bc635b16e251fd678e003bc0e29ec,True,True,TEI,sa_pataJjali-yogasUtra-with-bhASya-alt,https://creativecommons.org/licenses/by-nc-sa/4.0/,
TG-GRE-C-0756,TG-GRE-0756,textgrid:49nrn.0,handle:hdl:21.11113/0000-0016-D0A9-E,TEI_XML,217646,md5,9d9b735d79affeb135e16c3d7c50c629,acquisitions\staging\textgrid-gretil\2026-07-12\payload\textgrid_49nrn_0.xml,True,217646,dbb93ea4856ca2d1e359d4a870885195a7955a2434d8bc1c80c9e0682c6435ef,9d9b735d79affeb135e16c3d7c50c629,True,True,TEI,sa_kamalazIla-vajracchedikATIkA,https://creativecommons.org/licenses/by-nc-sa/4.0/,
TG-GRE-C-0757,TG-GRE-0757,textgrid:49nrr.0,handle:hdl:21.11113/0000-0016-D0AC-B,TEI_XML,236410,md5,0f16debeecfda1124f7f47b31734c25d,acquisitions\staging\textgrid-gretil\2026-07-12\payload\textgrid_49nrr_0.xml,True,236410,aad46652d8fab583992f8ad2c7c0a3a7bc34d4f4ff6559881041a5ca4d311ed2,0f16debeecfda1124f7f47b31734c25d,True,True,TEI,sa_mahAparinirvANasUtra,https://creativecommons.org/licenses/by-nc-sa/4.0/,
TG-GRE-C-0758,TG-GRE-0758,textgrid:49nrv.0,handle:hdl:21.11113/0000-0016-D0AF-8,TEI_XML,249239,md5,5537fccaa73e4b0720cad7d759d0a6aa,acquisitions\staging\textgrid-gretil\2026-07-12\payload\textgrid_49nrv_0.xml,True,249239,e0cc8673bb9107b74f269550578028323dea7c5346b0fc2de07a7c74156ec489,5537fccaa73e4b0720cad7d759d0a6aa,True,True,TEI,sa_mahAsaMnipAtaratnaketudhAraNIsUtra,https://creativecommons.org/licenses/by-nc-sa/4.0/,
TG-GRE-C-0759,TG-GRE-0759,textgrid:49nrz.0,handle:hdl:21.11113/0000-0016-D0B2-3,TEI_XML,241653,md5,0795571003b3e7f2a8bd2edd1e379909,acquisitions\staging\textgrid-gretil\2026-07-12\payload\textgrid_49nrz_0.xml,True,241653,0a181dff9f653db1187293934930dbc37971141cd89872586ac14b6b575d746c,0795571003b3e7f2a8bd2edd1e379909,True,True,TEI,sa_cIvaravastu,https://creativecommons.org/licenses/by-nc-sa/4.0/,
TG-GRE-C-0760,TG-GRE-0760,textgrid:49ns2.0,handle:hdl:21.11113/0000-0016-D0B5-0,TEI_XML,296521,md5,0721025bc32cd144901f37c875b0172b,acquisitions\staging\textgrid-gretil\2026-07-12\payload\textgrid_49ns2_0.xml,True,296521,1421a296ca87a3f2d007f64803415a5a929ec2d7b718719eff4fe1c2c350dde9,0721025bc32cd144901f37c875b0172b,True,True,TEI,sa_svayaMbhupurANa,https://creativecommons.org/licenses/by-nc-sa/4.0/,
TG-GRE-C-0761,TG-GRE-0761,textgrid:49ns5.0,handle:hdl:21.11113/0000-0016-D0B8-D,TEI_XML,261167,md5,22fe7fa5f5abe2a540d4a36016e17e36,acquisitions\staging\textgrid-gretil\2026-07-12\payload\textgrid_49ns5_0.xml,True,261167,203edf8c3b9debd90191d8164cf946d7e8d529b5566d56c4a5d50f7723484971,22fe7fa5f5abe2a540d4a36016e17e36,True,True,TEI,sa_gAGgeza-tattvacintAmaNizabdakhANDa,https://creativecommons.org/licenses/by-nc-sa/4.0/,
TG-GRE-C-0762,TG-GRE-0762,textgrid:49ns8.0,handle:hdl:21.11113/0000-0016-D0BB-A,TEI_XML,284599,md5,dce8521c468a1959e1a12d3e4bca298a,acquisitions\staging\textgrid-gretil\2026-07-12\payload\textgrid_49ns8_0.xml,True,284599,db787410e6dde91e99b32d215993f4dcf19776c75245f3cabfbce55fb88c7626,dce8521c468a1959e1a12d3e4bca298a,True,True,TEI,sa_udayana-nyAyakusumAJjali,https://creativecommons.org/licenses/by-nc-sa/4.0/,
TG-GRE-C-0763,TG-GRE-0763,textgrid:49nsc.0,handle:hdl:21.11113/0000-0016-D0BE-7,TEI_XML,475749,md5,305618210eb677cb1b407349bc8816cf,acquisitions\staging\textgrid-gretil\2026-07-12\payload\textgrid_49nsc_0.xml,True,475749,22260628a6992008911ab2d574b840e8500ab579147e0fc4c26e30062f6faf83,305618210eb677cb1b407349bc8816cf,True,True,TEI,sa_arcaTa-hetubinduTIkA,https://creativecommons.org/licenses/by-nc-sa/4.0/,
TG-GRE-C-0764,TG-GRE-0764,textgrid:49nsg.0,handle:hdl:21.11113/0000-0016-D0C1-2,TEI_XML,488025,md5,21f63eb609591cf06d321777e2895798,acquisitions\staging\textgrid-gretil\2026-07-12\payload\textgrid_49nsg_0.xml,True,488025,260f0d7f806376ca01a670b60673e2f5e54905b1f660d1e3d0946a4b63d02bfc,21f63eb609591cf06d321777e2895798,True,True,TEI,sa_AryazUra-jAtakamAlA,https://creativecommons.org/licenses/by-nc-sa/4.0/,
TG-GRE-C-0765,TG-GRE-0765,textgrid:49nsk.0,handle:hdl:21.11113/0000-0016-D0C4-F,TEI_XML,427996,md5,c43c66caa6900c023828aac5ad366cc0,acquisitions\staging\textgrid-gretil\2026-07-12\payload\textgrid_49nsk_0.xml,True,427996,57b212891751c512dbcd7d152f32f28d310f476d5d8b8b73b9aab1bca4881498,c43c66caa6900c023828aac5ad366cc0,True,True,TEI,sa_zAlikanAthamizra-prakaraNapaJcikA-comm,https://creativecommons.org/licenses/by-nc-sa/4.0/,
TG-GRE-C-0766,TG-GRE-0766,textgrid:49nsp.0,handle:hdl:21.11113/0000-0016-D0C7-C,TEI_XML,283022,md5,425e2afd5fcd9ec5f2b82e5f6cf15573,acquisitions\staging\textgrid-gretil\2026-07-12\payload\textgrid_49nsp_0.xml,True,283022,9099fae5fd73e62dfa4e44f124cf81adb808ab743ecba7de6db9856c54a90690,425e2afd5fcd9ec5f2b82e5f6cf15573,True,True,TEI,sa_pArthasArathimizra-zAstradIpikA,https://creativecommons.org/licenses/by-nc-sa/4.0/,
TG-GRE-C-0767,TG-GRE-0767,textgrid:49nss.0,handle:hdl:21.11113/0000-0016-D0CA-9,TEI_XML,250610,md5,29df51cee9542c785bf4a97270803685,acquisitions\staging\textgrid-gretil\2026-07-12\payload\textgrid_49nss_0.xml,True,250610,8dade5000cdcf71f61ff6c665433de8146e6f0c4dc23c50800d80def66b6a569,29df51cee9542c785bf4a97270803685,True,True,TEI,sa_candrakIrti-bodhisattvayogAcAracatuHzatakaTIkA,https://creativecommons.org/licenses/by-nc-sa/4.0/,
TG-GRE-C-0768,TG-GRE-0768,textgrid:49nsw.0,handle:hdl:21.11113/0000-0016-D0CD-6,TEI_XML,244291,md5,932cf2deeadd36bf5a5fead951c7c477,acquisitions\staging\textgrid-gretil\2026-07-12\payload\textgrid_49nsw_0.xml,True,244291,e583c80527f7c2fde9bac337f55ffd2e717e0a61651d4d89b68bebc0ccce8ac8,932cf2deeadd36bf5a5fead951c7c477,True,True,TEI,sa_abhinavagupta-mAlinIzlokavArttika,https://creativecommons.org/licenses/by-nc-sa/4.0/,
TG-GRE-C-0769,TG-GRE-0769,textgrid:49nt0.0,handle:hdl:21.11113/0000-0016-D0D0-1,TEI_XML,269454,md5,8cf0cdfd7706dd7f722f2f9ecce29511,acquisitions\staging\textgrid-gretil\2026-07-12\payload\textgrid_49nt0_0.xml,True,269454,6a86bc3a3178abe57cab75060f8eb839346b74c21e878212c7717d217a81c86c,8cf0cdfd7706dd7f722f2f9ecce29511,True,True,TEI,sa_jayarAzi-tattvopaplavasiMha,https://creativecommons.org/licenses/by-nc-sa/4.0/,
TG-GRE-C-0770,TG-GRE-0770,textgrid:49nt3.0,handle:hdl:21.11113/0000-0016-D0D3-E,TEI_XML,307652,md5,f0d6124f44df993cf4ce9f21222107aa,acquisitions\staging\textgrid-gretil\2026-07-12\payload\textgrid_49nt3_0.xml,True,307652,653f9cab33139490a801e805a18871ee3de33f720c1b89f508fd1a9d984f1a7f,f0d6124f44df993cf4ce9f21222107aa,True,True,TEI,sa_mAdhva-anuvyAkhyAna,https://creativecommons.org/licenses/by-nc-sa/4.0/,
TG-GRE-C-0771,TG-GRE-0771,textgrid:49nt6.0,handle:hdl:21.11113/0000-0016-D0D6-B,TEI_XML,295630,md5,6995112b000c9d8d55500704a43fee5a,acquisitions\staging\textgrid-gretil\2026-07-12\payload\textgrid_49nt6_0.xml,True,295630,0bce00cf98a416fafadb408622fe8017e75f36dc2291f6062e1832f308fedf77,6995112b000c9d8d55500704a43fee5a,True,True,TEI,sa_dazabhUmikasUtra,https://creativecommons.org/licenses/by-nc-sa/4.0/,
TG-GRE-C-0772,TG-GRE-0772,textgrid:49nt9.0,handle:hdl:21.11113/0000-0016-D0D9-8,TEI_XML,298281,md5,c1ea214275ea93b4e1fe79abc5c8ffa8,acquisitions\staging\textgrid-gretil\2026-07-12\payload\textgrid_49nt9_0.xml,True,298281,70eaa9e34128b055511ee35debd9832895b4e307ebc4dbf30bba662332580a5b,c1ea214275ea93b4e1fe79abc5c8ffa8,True,True,TEI,sa_dvAviMzatyavadAnakathA,https://creativecommons.org/licenses/by-nc-sa/4.0/,
TG-GRE-C-0773,TG-GRE-0773,textgrid:49ntd.0,handle:hdl:21.11113/0000-0016-D0DC-5,TEI_XML,424688,md5,5be29b41dc7bd07bc5dcc8ea3fd4f04d,acquisitions\staging\textgrid-gretil\2026-07-12\payload\textgrid_49ntd_0.xml,True,424688,cf678c8b2d1ad18ace50883ef8658760a8445466370b304809470a938a97f9be,5be29b41dc7bd07bc5dcc8ea3fd4f04d,True,True,TEI,sa_yAmuna-Atmasiddhi,https://creativecommons.org/licenses/by-nc-sa/4.0/,
TG-GRE-C-0774,TG-GRE-0774,textgrid:49nth.0,handle:hdl:21.11113/0000-0016-D0DF-2,TEI_XML,553440,md5,4750c6972a1899cd9e766b8b619ad841,acquisitions\staging\textgrid-gretil\2026-07-12\payload\textgrid_49nth_0.xml,True,553440,819e6623e0d752f3aee1821aa0cb05f2cb9052c45265d843d838555c1706b62b,4750c6972a1899cd9e766b8b619ad841,True,True,TEI,sa_arcaTa-hetubinduTIkA-edsanghavi,https://creativecommons.org/licenses/by-nc-sa/4.0/,
TG-GRE-C-0775,TG-GRE-0775,textgrid:49ntm.0,handle:hdl:21.11113/0000-0016-D0E2-D,TEI_XML,265887,md5,905ac9903bbed7087d97ba1f5759fe52,acquisitions\staging\textgrid-gretil\2026-07-12\payload\textgrid_49ntm_0.xml,True,265887,0b730e2d67876f15f377763aea222347898327c1cab35bb3f32d7f5b3763a1b7,905ac9903bbed7087d97ba1f5759fe52,True,True,TEI,sa_gheraNDasaMhitA,https://creativecommons.org/licenses/by-nc-sa/4.0/,
TG-GRE-C-0776,TG-GRE-0776,textgrid:49ntq.0,handle:hdl:21.11113/0000-0016-D0E5-A,TEI_XML,312030,md5,5ed79f6e3c4e4f04ab2da16d1d8fa542,acquisitions\staging\textgrid-gretil\2026-07-12\payload\textgrid_49ntq_0.xml,True,312030,1ef2d3c0ea9ba6f088f56d0f4bbcd8c083ec7471cecbcff5e8096e22f1fea05c,5ed79f6e3c4e4f04ab2da16d1d8fa542,True,True,TEI,sa_gopadatta-jAtakamAlA,https://creativecommons.org/licenses/by-nc-sa/4.0/,
TG-GRE-C-0777,TG-GRE-0777,textgrid:49ntt.0,handle:hdl:21.11113/0000-0016-D0E8-7,TEI_XML,338606,md5,9d76895685b9ba91dd351ee757df8c77,acquisitions\staging\textgrid-gretil\2026-07-12\payload\textgrid_49ntt_0.xml,True,338606,72d8f0b3d94b75e9a19c70a05f7e59435d6e9df4ac0cfb11391dd4406a9ee095,9d76895685b9ba91dd351ee757df8c77,True,True,TEI,sa_mandanamizra-brahmasiddhi,https://creativecommons.org/licenses/by-nc-sa/4.0/,
TG-GRE-C-0778,TG-GRE-0778,textgrid:49ntx.0,handle:hdl:21.11113/0000-0016-D0EB-4,TEI_XML,497155,md5,a626dc250f18cced78d1155314a7fce3,acquisitions\staging\textgrid-gretil\2026-07-12\payload\textgrid_49ntx_0.xml,True,497155,87b9fcf0fd7ded684132da5b7348e5420f7f81ad6dd0cfdfdac919943a7910af,a626dc250f18cced78d1155314a7fce3,True,True,TEI,sa_zrAvakabhUmi,https://creativecommons.org/licenses/by-nc-sa/4.0/,
TG-GRE-C-0779,TG-GRE-0779,textgrid:49nv1.0,handle:hdl:21.11113/0000-0016-D0EE-1,TEI_XML,394345,md5,d65ebcc99b15a9905e78b25d59c80a18,acquisitions\staging\textgrid-gretil\2026-07-12\payload\textgrid_49nv1_0.xml,True,394345,5fe411c32954599c746f83689843e04d36e2b61b23f9fb66fc731891df4bb582,d65ebcc99b15a9905e78b25d59c80a18,True,True,TEI,sa_ratnakIrti-nibandhAvalI,https://creativecommons.org/licenses/by-nc-sa/4.0/,
TG-GRE-C-0780,TG-GRE-0780,textgrid:49nv4.0,handle:hdl:21.11113/0000-0016-D0F1-C,TEI_XML,322712,md5,89e46ac9e3722d644086331e64ed56e7,acquisitions\staging\textgrid-gretil\2026-07-12\payload\textgrid_49nv4_0.xml,True,322712,524d38b37d1fb6e4578eaa53ee70ce444c62d4b4c2bd4567b22647c3f1c49874,89e46ac9e3722d644086331e64ed56e7,True,True,TEI,sa_abhisamAcArikadharma,https://creativecommons.org/licenses/by-nc-sa/4.0/,
TG-GRE-C-0781,TG-GRE-0781,textgrid:49nv7.0,handle:hdl:21.11113/0000-0016-D0F4-9,TEI_XML,358591,md5,a2d38961867780228263ff35470e55ba,acquisitions\staging\textgrid-gretil\2026-07-12\payload\textgrid_49nv7_0.xml,True,358591,2e10640e5d378d8b471cf9faa896164ebfa9d449f34ed0c3b0e2a815b05ff9c1,a2d38961867780228263ff35470e55ba,True,True,TEI,sa_kamalazIla-madhyamakAloka,https://creativecommons.org/licenses/by-nc-sa/4.0/,
TG-GRE-C-0782,TG-GRE-0782,textgrid:49nvb.0,handle:hdl:21.11113/0000-0016-D0F7-6,TEI_XML,368872,md5,71e5c50a7005b4b6c0bc0605c1ba20b6,acquisitions\staging\textgrid-gretil\2026-07-12\payload\textgrid_49nvb_0.xml,True,368872,a8f6f08467e23fe4cf0a5619e06eb55e3eea4a2dabbed601b98c5b8e16abbf21,71e5c50a7005b4b6c0bc0605c1ba20b6,True,True,TEI,sa_dharmakIrti-nyAyabinduprakaraNa-comm,https://creativecommons.org/licenses/by-nc-sa/4.0/,
TG-GRE-C-0783,TG-GRE-0783,textgrid:49nvf.0,handle:hdl:21.11113/0000-0016-D0FA-3,TEI_XML,356265,md5,f8c6b42ebb6539e846786887f16b372b,acquisitions\staging\textgrid-gretil\2026-07-12\payload\textgrid_49nvf_0.xml,True,356265,f7102724b9c34db3989356a403cb2f61609384c02bf87265c8ac029582f4790c,f8c6b42ebb6539e846786887f16b372b,True,True,TEI,sa_dharmakIrti-pramANavArttisvavRtti,https://creativecommons.org/licenses/by-nc-sa/4.0/,
TG-GRE-C-0784,TG-GRE-0784,textgrid:49nvj.0,handle:hdl:21.11113/0000-0016-D0FD-0,TEI_XML,473358,md5,5651ac3993e8fbe01bad231c0ebe7d31,acquisitions\staging\textgrid-gretil\2026-07-12\payload\textgrid_49nvj_0.xml,True,473358,f5cb052497039f9d992ff73a0cf9a9123a804eaee37f431a2244ad6669973b31,5651ac3993e8fbe01bad231c0ebe7d31,True,True,TEI,sa_yuktidIpikA,https://creativecommons.org/licenses/by-nc-sa/4.0/,
TG-GRE-C-0785,TG-GRE-0785,textgrid:49nvn.0,handle:hdl:21.11113/0000-0016-D100-B,TEI_XML,510071,md5,5a686ba8e1a949950e5303c111ec1f97,acquisitions\staging\textgrid-gretil\2026-07-12\payload\textgrid_49nvn_0.xml,True,510071,7aa7afa5a6e5874748063f0968f1a3318cfa532cd92d361eea9a6228efb728f5,5a686ba8e1a949950e5303c111ec1f97,True,True,TEI,sa_vimalamitra-abhidharmadIpa-comm,https://creativecommons.org/licenses/by-nc-sa/4.0/,
TG-GRE-C-0786,TG-GRE-0786,textgrid:49nvr.0,handle:hdl:21.11113/0000-0016-D103-8,TEI_XML,511858,md5,069cf672e52e282817557287506ea53c,acquisitions\staging\textgrid-gretil\2026-07-12\payload\textgrid_49nvr_0.xml,True,511858,4cef7eece93ab8f2fa5c3e224980818589e490bbb2b70b29b47f44ffed22f0d3,069cf672e52e282817557287506ea53c,True,True,TEI,sa_ratnAkarazAnti-sAratama,https://creativecommons.org/licenses/by-nc-sa/4.0/,
TG-GRE-C-0787,TG-GRE-0787,textgrid:49nvv.0,handle:hdl:21.11113/0000-0016-D106-5,TEI_XML,690480,md5,6eeca4ef915a3b24770d6915cd785147,acquisitions\staging\textgrid-gretil\2026-07-12\payload\textgrid_49nvv_0.xml,True,690480,790d1335f24a7670e50d7ada3f1b9531a63c84c8d11fd46e77d35e57d94fe728,6eeca4ef915a3b24770d6915cd785147,True,True,TEI,sa_vinayasUtra,https://creativecommons.org/licenses/by-nc-sa/4.0/,
TG-GRE-C-0788,TG-GRE-0788,textgrid:49nvz.0,handle:hdl:21.11113/0000-0016-D109-2,TEI_XML,351069,md5,45c70f2a0130603351368cd9bf203619,acquisitions\staging\textgrid-gretil\2026-07-12\payload\textgrid_49nvz_0.xml,True,351069,8b0902ee75c04ff5f1d336f0a3ae73a1c6a8c841b1390291aa00dd32f160fbaa,45c70f2a0130603351368cd9bf203619,True,True,TEI,sa_abhidharmasamuccayabhASya,https://creativecommons.org/licenses/by-nc-sa/4.0/,
TG-GRE-C-0789,TG-GRE-0789,textgrid:49nw2.0,handle:hdl:21.11113/0000-0016-D10C-F,TEI_XML,390732,md5,b6344b3be9bb969bd0272ee8dc689356,acquisitions\staging\textgrid-gretil\2026-07-12\payload\textgrid_49nw2_0.xml,True,390732,619487d14d19b972c0dd125443aa443cf1f27836674fa3fed514f0cad3b21773,b6344b3be9bb969bd0272ee8dc689356,True,True,TEI,sa_abhinavagupta-IzvarapratyabhijJAvimarzinI,https://creativecommons.org/licenses/by-nc-sa/4.0/,
TG-GRE-C-0790,TG-GRE-0790,textgrid:49nw5.0,handle:hdl:21.11113/0000-0016-D10F-C,TEI_XML,469751,md5,de683f2cdd5239416ea23ab42325f128,acquisitions\staging\textgrid-gretil\2026-07-12\payload\textgrid_49nw5_0.xml,True,469751,44410357431628bcc80863a24aef2bcf0b4f1888da1e4a55985074875a6c8055,de683f2cdd5239416ea23ab42325f128,True,True,TEI,sa_saddharmalaGkAvatArasUtra,https://creativecommons.org/licenses/by-nc-sa/4.0/,
TG-GRE-C-0791,TG-GRE-0791,textgrid:49nw8.0,handle:hdl:21.11113/0000-0016-D112-7,TEI_XML,501902,md5,5b656b65e93540d0894451bae9e3cfcb,acquisitions\staging\textgrid-gretil\2026-07-12\payload\textgrid_49nw8_0.xml,True,501902,13472b7559f8bfe7d6adea25dbafe7a7c22363ddd11fbd966cb8537e762ae1f3,5b656b65e93540d0894451bae9e3cfcb,True,True,TEI,sa_sarvatathAgatatattvasaMgraha,https://creativecommons.org/licenses/by-nc-sa/4.0/,
TG-GRE-C-0792,TG-GRE-0792,textgrid:49nwc.0,handle:hdl:21.11113/0000-0016-D115-4,TEI_XML,411362,md5,a49cc404813618c30535522ab86b2fa8,acquisitions\staging\textgrid-gretil\2026-07-12\payload\textgrid_49nwc_0.xml,True,411362,1a3666dc7ff4159930877913d96ba28ecc3b3258d73a4d2575345c5c1aeb8326,a49cc404813618c30535522ab86b2fa8,True,True,TEI,sa_dharmasamuccaya,https://creativecommons.org/licenses/by-nc-sa/4.0/,
TG-GRE-C-0793,TG-GRE-0793,textgrid:49nwg.0,handle:hdl:21.11113/0000-0016-D118-1,TEI_XML,688851,md5,47fea13d56e3cbdebe2ab71f79961099,acquisitions\staging\textgrid-gretil\2026-07-12\payload\textgrid_49nwg_0.xml,True,688851,1416bec9274627d143dcc08983ca5cbff6b30996f69ea50c00c9a54b87167d2b,47fea13d56e3cbdebe2ab71f79961099,True,True,TEI,sa_udayana-nyAyavArttikatAtparyaparizuddhi-1,https://creativecommons.org/licenses/by-nc-sa/4.0/,
TG-GRE-C-0794,TG-GRE-0794,textgrid:49nwk.0,handle:hdl:21.11113/0000-0016-D11B-E,TEI_XML,627052,md5,ef178e4621263d555bd353146c4b7e22,acquisitions\staging\textgrid-gretil\2026-07-12\payload\textgrid_49nwk_0.xml,True,627052,f58ca29b93a34c13e77f4e100749f0d6db3540fe2a2715060bca6584bb3c6fdd,ef178e4621263d555bd353146c4b7e22,True,True,TEI,sa_zAntideva-zikSAsamuccaya,https://creativecommons.org/licenses/by-nc-sa/4.0/,
TG-GRE-C-0795,TG-GRE-0795,textgrid:49nwp.0,handle:hdl:21.11113/0000-0016-D11E-B,TEI_XML,430408,md5,99374e1b128c3934a80084785c356873,acquisitions\staging\textgrid-gretil\2026-07-12\payload\textgrid_49nwp_0.xml,True,430408,f9f8d8f1eff0b646b513ed9b4afa086ddb053e9e36cacc8d28c30b29fc637db1,99374e1b128c3934a80084785c356873,True,True,TEI,sa_haribhaTTa-jAtakamAlA1-8--11-12--19-20--22--24--26--32--35,https://creativecommons.org/licenses/by-nc-sa/4.0/,
TG-GRE-C-0796,TG-GRE-0796,textgrid:49nws.0,handle:hdl:21.11113/0000-0016-D121-6,TEI_XML,396651,md5,7a64e5f052f93f76e67f93a09decf858,acquisitions\staging\textgrid-gretil\2026-07-12\payload\textgrid_49nws_0.xml,True,396651,fdec9f1910dc3f87ce262bfd61771dd57e7b67de26013a90d99bc36b6c74e12b,7a64e5f052f93f76e67f93a09decf858,True,True,TEI,sa_bhAskara-bhagavadAzayAnusaraNabhAsya,https://creativecommons.org/licenses/by-nc-sa/4.0/,
TG-GRE-C-0797,TG-GRE-0797,textgrid:49nww.0,handle:hdl:21.11113/0000-0016-D124-3,TEI_XML,565793,md5,ee931f8d7c34fbaa27679f176508c9e4,acquisitions\staging\textgrid-gretil\2026-07-12\payload\textgrid_49nww_0.xml,True,565793,a42e9ee84d2b9356256356128cfed4f884dfecba9ec02b18669390a5d9a65c24,ee931f8d7c34fbaa27679f176508c9e4,True,True,TEI,sa_samAdhirAjasUtra,https://creativecommons.org/licenses/by-nc-sa/4.0/,
TG-GRE-C-0798,TG-GRE-0798,textgrid:49nx0.0,handle:hdl:21.11113/0000-0016-D127-0,TEI_XML,499704,md5,eab77b61da381128e571a6286d35110c,acquisitions\staging\textgrid-gretil\2026-07-12\payload\textgrid_49nx0_0.xml,True,499704,fa9d72687c38c7a92a5e835526ea7f8fcb4e062f376922879c3707a1ea0e554b,eab77b61da381128e571a6286d35110c,True,True,TEI,sa_karuNApuNDarIkasUtra,https://creativecommons.org/licenses/by-nc-sa/4.0/,
TG-GRE-C-0799,TG-GRE-0799,textgrid:49nx3.0,handle:hdl:21.11113/0000-0016-D12A-D,TEI_XML,472019,md5,817a3c9158b942a1da00c38384abefc5,acquisitions\staging\textgrid-gretil\2026-07-12\payload\textgrid_49nx3_0.xml,True,472019,8f47e5446eda629b8bbdf3c00b16d443c49e8bd4503bb67c6703120b6eb53c24,817a3c9158b942a1da00c38384abefc5,True,True,TEI,sa_kumArila-mImAMsazlokavArttika-comm,https://creativecommons.org/licenses/by-nc-sa/4.0/,
TG-GRE-C-0800,TG-GRE-0800,textgrid:49nx6.0,handle:hdl:21.11113/0000-0016-D12D-A,TEI_XML,669276,md5,e16ab3ab25be1178b33d12bc7061ca41,acquisitions\staging\textgrid-gretil\2026-07-12\payload\textgrid_49nx6_0.xml,True,669276,5f0de752d7ee6c7ebe3663f2f54bb1ce435571b4c8f6b2786824feef47f22ec4,e16ab3ab25be1178b33d12bc7061ca41,True,True,TEI,sa_zAntideva-zikSAsamuccaya-alt,https://creativecommons.org/licenses/by-nc-sa/4.0/,
TG-GRE-C-0801,TG-GRE-0801,textgrid:49nx9.0,handle:hdl:21.11113/0000-0016-D130-5,TEI_XML,467945,md5,30a9e6f7020d59b3b617d5a8691df66c,acquisitions\staging\textgrid-gretil\2026-07-12\payload\textgrid_49nx9_0.xml,True,467945,63ebaca191b5b21d2e573126017cee808801dd8c053df463cb8309ffc0c3e842,30a9e6f7020d59b3b617d5a8691df66c,True,True,TEI,sa_gautama-nyAyasUtra-comm,https://creativecommons.org/licenses/by-nc-sa/4.0/,
TG-GRE-C-0802,TG-GRE-0802,textgrid:49nxd.0,handle:hdl:21.11113/0000-0016-D133-2,TEI_XML,459747,md5,700ba3c57c6de27976a25785be10a110,acquisitions\staging\textgrid-gretil\2026-07-12\payload\textgrid_49nxd_0.xml,True,459747,d24fe8d1fa90c240ade6a0b66d532635e67cf994139f9185bbeba932329e6252,700ba3c57c6de27976a25785be10a110,True,True,TEI,sa_gautama-nyAyasUtra-comm-alt,https://creativecommons.org/licenses/by-nc-sa/4.0/,
TG-GRE-C-0803,TG-GRE-0803,textgrid:49nxh.0,handle:hdl:21.11113/0000-0016-D136-F,TEI_XML,688556,md5,8a2ef1d175154ce7a1c9f1166e8f57a9,acquisitions\staging\textgrid-gretil\2026-07-12\payload\textgrid_49nxh_0.xml,True,688556,546d69cfe62e4fc7c86c8bc7c06043cc4892adadb775ecb18e9557c3fa5174b9,8a2ef1d175154ce7a1c9f1166e8f57a9,True,True,TEI,sa_udayana-nyAyavArttikatAtparyaparizuddhi-1,https://creativecommons.org/licenses/by-nc-sa/4.0/,
TG-GRE-C-0804,TG-GRE-0804,textgrid:49nxm.0,handle:hdl:21.11113/0000-0016-D139-C,TEI_XML,492714,md5,20a6a05c423b6e1807f3226a196c8896,acquisitions\staging\textgrid-gretil\2026-07-12\payload\textgrid_49nxm_0.xml,True,492714,a809113dc901bd5d4729c791014d953c06c22271e472bef233611dac89c626bd,20a6a05c423b6e1807f3226a196c8896,True,True,TEI,sa_bhikSuNIvinaya,https://creativecommons.org/licenses/by-nc-sa/4.0/,
TG-GRE-C-0805,TG-GRE-0805,textgrid:49nxq.0,handle:hdl:21.11113/0000-0016-D13C-9,TEI_XML,654872,md5,d94d5fd146c3360299229bae97291bba,acquisitions\staging\textgrid-gretil\2026-07-12\payload\textgrid_49nxq_0.xml,True,654872,87ad371e6859af9e6585ff7116acbc29665220b838f6442aab18e83fa2163c2e,d94d5fd146c3360299229bae97291bba,True,True,TEI,sa_saddharmapuNDarIkasUtra,https://creativecommons.org/licenses/by-nc-sa/4.0/,
TG-GRE-C-0806,TG-GRE-0806,textgrid:49nxt.0,handle:hdl:21.11113/0000-0016-D13F-6,TEI_XML,558418,md5,231fae52006fc4c2aedd9e5241cd5b67,acquisitions\staging\textgrid-gretil\2026-07-12\payload\textgrid_49nxt_0.xml,True,558418,329d45bbc6bd5ca5b93a629021e3506bf3c8179780f7603252e908a449acf225,231fae52006fc4c2aedd9e5241cd5b67,True,True,TEI,sa_asaGga-zrAvakabhUmi-edshukla,https://creativecommons.org/licenses/by-nc-sa/4.0/,
TG-GRE-C-0807,TG-GRE-0807,textgrid:49nxx.0,handle:hdl:21.11113/0000-0016-D142-1,TEI_XML,558141,md5,9d9b2e0e0ea9c8fd67a589628182ffba,acquisitions\staging\textgrid-gretil\2026-07-12\payload\textgrid_49nxx_0.xml,True,558141,f4f97ad2b63c3b7c93accf7bf652e066cae87a74b5af15b055109a216c49ac04,9d9b2e0e0ea9c8fd67a589628182ffba,True,True,TEI,sa_bhagavadgItA-comm,https://creativecommons.org/licenses/by-nc-sa/4.0/,
TG-GRE-C-0808,TG-GRE-0808,textgrid:49nz1.0,handle:hdl:21.11113/0000-0016-D145-E,TEI_XML,532292,md5,e61f1db0a5b5c5cb8b2ffa38f8a0e29b,acquisitions\staging\textgrid-gretil\2026-07-12\payload\textgrid_49nz1_0.xml,True,532292,278d736b23746779a494ba48a7511b3fef3a6b10ea5132d2794e58fefd1fbdaf,e61f1db0a5b5c5cb8b2ffa38f8a0e29b,True,True,TEI,sa_bhaiSajyavastu,https://creativecommons.org/licenses/by-nc-sa/4.0/,
TG-GRE-C-0809,TG-GRE-0809,textgrid:49nz4.0,handle:hdl:21.11113/0000-0016-D148-B,TEI_XML,536002,md5,1bb43d025d9a3b98cc71bae614f0ec7e,acquisitions\staging\textgrid-gretil\2026-07-12\payload\textgrid_49nz4_0.xml,True,536002,9e068a0fe0a84265e2411617c4cd8417d9d9e003caf504e04c37201f658d939a,1bb43d025d9a3b98cc71bae614f0ec7e,True,True,TEI,sa_108-buddhist-stotras,https://creativecommons.org/licenses/by-nc-sa/4.0/,
TG-GRE-C-0810,TG-GRE-0810,textgrid:49nz7.0,handle:hdl:21.11113/0000-0016-D14B-8,TEI_XML,639540,md5,40b889f58c34aed5c053d5e2fdc91c03,acquisitions\staging\textgrid-gretil\2026-07-12\payload\textgrid_49nz7_0.xml,True,639540,b83ec796d85ae226b5b0c9921ed9cb79dbafc36cb2aae504e4b852725c7a2fcb,40b889f58c34aed5c053d5e2fdc91c03,True,True,TEI,sa_mAdhava-jaiminIyanyAyamAlAvistara,https://creativecommons.org/licenses/by-nc-sa/4.0/,
TG-GRE-C-0811,TG-GRE-0811,textgrid:49nzb.0,handle:hdl:21.11113/0000-0016-D14E-5,TEI_XML,652965,md5,3257bb3d5978daca26ae35fc59b922e5,acquisitions\staging\textgrid-gretil\2026-07-12\payload\textgrid_49nzb_0.xml,True,652965,221784b7e451381c88b18c9744af55b83f2c6705fd547583994a15055f44b855,3257bb3d5978daca26ae35fc59b922e5,True,True,TEI,sa_durvekamizra-hetubinduTIkAloka,https://creativecommons.org/licenses/by-nc-sa/4.0/,
TG-GRE-C-0812,TG-GRE-0812,textgrid:49nzf.0,handle:hdl:21.11113/0000-0016-D151-0,TEI_XML,595037,md5,6c4ad7c757a50ac062f51240a9f67dbb,acquisitions\staging\textgrid-gretil\2026-07-12\payload\textgrid_49nzf_0.xml,True,595037,d1260e661eb8791c14d63f714a9f2d80a635447b7a1b056b17da0d1e19ab428d,6c4ad7c757a50ac062f51240a9f67dbb,True,True,TEI,sa_guNakAraNDavyUhasUtra,https://creativecommons.org/licenses/by-nc-sa/4.0/,
TG-GRE-C-0813,TG-GRE-0813,textgrid:49nzj.0,handle:hdl:21.11113/0000-0016-D154-D,TEI_XML,845971,md5,7463253ad4eabd50b58efd8b8c6a81ad,acquisitions\staging\textgrid-gretil\2026-07-12\payload\textgrid_49nzj_0.xml,True,845971,02d0fea774f58553d7e85afb1893161f785b19805fce64a961c7c7e84a4b8550,7463253ad4eabd50b58efd8b8c6a81ad,True,True,TEI,sa_zAntarakSita-tattvasaMgraha,https://creativecommons.org/licenses/by-nc-sa/4.0/,
TG-GRE-C-0814,TG-GRE-0814,textgrid:49nzn.0,handle:hdl:21.11113/0000-0016-D157-A,TEI_XML,640833,md5,512b9c40fd2aa6a1d984583b4922c91d,acquisitions\staging\textgrid-gretil\2026-07-12\payload\textgrid_49nzn_0.xml,True,640833,de37e3b8072c60edf3f44b0078cec3a4b566de83f1c2ff61997cb815420e4256,512b9c40fd2aa6a1d984583b4922c91d,True,True,TEI,sa_bodhisattvabhUmi,https://creativecommons.org/licenses/by-nc-sa/4.0/,
TG-GRE-C-0815,TG-GRE-0815,textgrid:49nzr.0,handle:hdl:21.11113/0000-0016-D15A-7,TEI_XML,658727,md5,b73ce7cb3035f17a4a60e18002c0bc8a,acquisitions\staging\textgrid-gretil\2026-07-12\payload\textgrid_49nzr_0.xml,True,658727,bfa584728d684f6fa248c1d9aa690bc067e8d07aa3dc3e816938ce7bea4f24f0,b73ce7cb3035f17a4a60e18002c0bc8a,True,True,TEI,sa_kSemendra-avadAnakalpalatA,https://creativecommons.org/licenses/by-nc-sa/4.0/,
TG-GRE-C-0816,TG-GRE-0816,textgrid:49nzv.0,handle:hdl:21.11113/0000-0016-D15D-4,TEI_XML,696024,md5,b1d7505ddc0bc1c956d9a76a3b563b85,acquisitions\staging\textgrid-gretil\2026-07-12\payload\textgrid_49nzv_0.xml,True,696024,fe3c0918e64a247581dfe9540e0cb5ec74148560a67b97c26d77d4fa5f8c436e,b1d7505ddc0bc1c956d9a76a3b563b85,True,True,TEI,sa_aSTAdazasAhasrikA-prajJApAramitA55-82,https://creativecommons.org/licenses/by-nc-sa/4.0/,
TG-GRE-C-0817,TG-GRE-0817,textgrid:49nzz.0,handle:hdl:21.11113/0000-0016-D160-F,TEI_XML,659744,md5,9ade6b8e4c12dae42544c62b057f8123,acquisitions\staging\textgrid-gretil\2026-07-12\payload\textgrid_49nzz_0.xml,True,659744,da4f8efe15f226313eedf06651369d2ed11ec7f535a993d84ae1f8936baf64b2,9ade6b8e4c12dae42544c62b057f8123,True,True,TEI,sa_candrakIrti-prasannapada,https://creativecommons.org/licenses/by-nc-sa/4.0/,
TG-GRE-C-0818,TG-GRE-0818,textgrid:49p02.0,handle:hdl:21.11113/0000-0016-D163-C,TEI_XML,785773,md5,0598f1b9b304837ad4a0c4bb12ca8fbb,acquisitions\staging\textgrid-gretil\2026-07-12\payload\textgrid_49p02_0.xml,True,785773,58ed6b3948048b5760bc74968974b09a75fb1a0d679418dda6737c05b88fff0b,0598f1b9b304837ad4a0c4bb12ca8fbb,True,True,TEI,sa_prajJAkaramati-bodhicaryAvatArapaJjikA,https://creativecommons.org/licenses/by-nc-sa/4.0/,
TG-GRE-C-0819,TG-GRE-0819,textgrid:49p05.0,handle:hdl:21.11113/0000-0016-D166-9,TEI_XML,766692,md5,8edaa98dc28f98957abfee78e78bfd56,acquisitions\staging\textgrid-gretil\2026-07-12\payload\textgrid_49p05_0.xml,True,766692,8c15b7a2a2000b51ac52d9b1c92c5cda38bcc238c89e18d436c672dbff1ca899,8edaa98dc28f98957abfee78e78bfd56,True,True,TEI,sa_lalitavistara,https://creativecommons.org/licenses/by-nc-sa/4.0/,
TG-GRE-C-0820,TG-GRE-0820,textgrid:49p08.0,handle:hdl:21.11113/0000-0016-D169-6,TEI_XML,844189,md5,d69174cefd8dc4c5d83b0f6f509c9c26,acquisitions\staging\textgrid-gretil\2026-07-12\payload\textgrid_49p08_0.xml,True,844189,41e1f05654beaa65672feba140f12006d8efc26ab8f20d3efe71c5b2a5bb8af4,d69174cefd8dc4c5d83b0f6f509c9c26,True,True,TEI,sa_bAdarAyaNa-brahmasUtra1.1-1.3-comm-subcomm,https://creativecommons.org/licenses/by-nc-sa/4.0/,
TG-GRE-C-0821,TG-GRE-0821,textgrid:49p0c.0,handle:hdl:21.11113/0000-0016-D16C-3,TEI_XML,856131,md5,b9895958dc9ba2189baa4b2c2806b1f8,acquisitions\staging\textgrid-gretil\2026-07-12\payload\textgrid_49p0c_0.xml,True,856131,98364fe4151b7f9ed892e28bc2076577e6f3b9ef9f38527d7a36f6dfa2c2dbee,b9895958dc9ba2189baa4b2c2806b1f8,True,True,TEI,sa_mAdhva-mahAbhAratatAtparyanirNaya,https://creativecommons.org/licenses/by-nc-sa/4.0/,
TG-GRE-C-0822,TG-GRE-0822,textgrid:49p0g.0,handle:hdl:21.11113/0000-0016-D16F-0,TEI_XML,3144639,md5,2cc94711786bfdace03e37500f561ade,acquisitions\staging\textgrid-gretil\2026-07-12\payload\textgrid_49p0g_0.xml,True,3144639,9649ce3195b594c78dd9493283b1f0d844ecb807cd523fd74540e881b22ad6bf,2cc94711786bfdace03e37500f561ade,True,True,TEI,sa_zatasAhasrikAprajJApAramitA-1,https://creativecommons.org/licenses/by-nc-sa/4.0/,
TG-GRE-C-0823,TG-GRE-0823,textgrid:49p0k.0,handle:hdl:21.11113/0000-0016-D172-B,TEI_XML,2381664,md5,1cd0818029c5c1aba7ec67e297533722,acquisitions\staging\textgrid-gretil\2026-07-12\payload\textgrid_49p0k_0.xml,True,2381664,83f6a4c25a44ba104d31d4d4baab04d0350a77182d50929a38cb3c1d7998a916,1cd0818029c5c1aba7ec67e297533722,True,True,TEI,sa_zatasAhasrikA-prajJApAramitA-2,https://creativecommons.org/licenses/by-nc-sa/4.0/,
TG-GRE-C-0824,TG-GRE-0824,textgrid:49p0p.0,handle:hdl:21.11113/0000-0016-D175-8,TEI_XML,1205297,md5,6e49429fa5aeb1af61fed600e8d5c149,acquisitions\staging\textgrid-gretil\2026-07-12\payload\textgrid_49p0p_0.xml,True,1205297,10dc4f2ae4bf4d1839a7f363f06b70c7ee7b065a28df7e5f8a516192a5ea2b60,6e49429fa5aeb1af61fed600e8d5c149,True,True,TEI,sa_vAcaspatimizra-bhAmati,https://creativecommons.org/licenses/by-nc-sa/4.0/,
TG-GRE-C-0825,TG-GRE-0825,textgrid:49p0s.0,handle:hdl:21.11113/0000-0016-D178-5,TEI_XML,1261389,md5,4846f042764e05d76b26c2025ddbab14,acquisitions\staging\textgrid-gretil\2026-07-12\payload\textgrid_49p0s_0.xml,True,1261389,c342cbc94ec23ef8a5f3aff0596ac254f9139bbdf80216ef79f8bae706680749,4846f042764e05d76b26c2025ddbab14,True,True,TEI,sa_vasubandhu-abhidharmakozabhASya,https://creativecommons.org/licenses/by-nc-sa/4.0/,
TG-GRE-C-0826,TG-GRE-0826,textgrid:49p0w.0,handle:hdl:21.11113/0000-0016-D17B-2,TEI_XML,2088306,md5,f07bd1be8fbc1686ccf4b88af7f7de72,acquisitions\staging\textgrid-gretil\2026-07-12\payload\textgrid_49p0w_0.xml,True,2088306,f46628f19f1569dfb2fa7f6f94f5f0a64c4259253d9df93f1f0782dc0ad3fc74,f07bd1be8fbc1686ccf4b88af7f7de72,True,True,TEI,sa_vyAsatIrtha-tarkatANDava-comm,https://creativecommons.org/licenses/by-nc-sa/4.0/,
TG-GRE-C-0827,TG-GRE-0827,textgrid:49p10.0,handle:hdl:21.11113/0000-0016-D17E-F,TEI_XML,1973246,md5,02dd1780962fee6a5421e0f94814c228,acquisitions\staging\textgrid-gretil\2026-07-12\payload\textgrid_49p10_0.xml,True,1973246,41621613398102a14640938d42e6ebd52b6c4e8e78c48db012c39402c8c6bc1c,02dd1780962fee6a5421e0f94814c228,True,True,TEI,sa_yazomitra-sphuTArthA-abhidharmakozavyAkhyA,https://creativecommons.org/licenses/by-nc-sa/4.0/,
TG-GRE-C-0828,TG-GRE-0828,textgrid:49p13.0,handle:hdl:21.11113/0000-0016-D181-9,TEI_XML,874096,md5,47d2ce53487b932b97cd531b085ff8e9,acquisitions\staging\textgrid-gretil\2026-07-12\payload\textgrid_49p13_0.xml,True,874096,fa955eac6e870e90d0f451cba980a33b9163d1e19bda6ec9ff32c5cca5d87bce,47d2ce53487b932b97cd531b085ff8e9,True,True,TEI,sa_aSTasAhasrikA-prajJApAramitA,https://creativecommons.org/licenses/by-nc-sa/4.0/,
TG-GRE-C-0829,TG-GRE-0829,textgrid:49p16.0,handle:hdl:21.11113/0000-0016-D184-6,TEI_XML,885947,md5,da97c979d44889b9bc2ab90bdd33bf4d,acquisitions\staging\textgrid-gretil\2026-07-12\payload\textgrid_49p16_0.xml,True,885947,8453232864e503b9921da805286cf5931217b65a402a926f1fb07dc3b90caf9e,da97c979d44889b9bc2ab90bdd33bf4d,True,True,TEI,sa_avadAnazataka,https://creativecommons.org/licenses/by-nc-sa/4.0/,
TG-GRE-C-0830,TG-GRE-0830,textgrid:49p19.0,handle:hdl:21.11113/0000-0016-D187-3,TEI_XML,940092,md5,efa6c77825ff8f61c886c0dfe72365b6,acquisitions\staging\textgrid-gretil\2026-07-12\payload\textgrid_49p19_0.xml,True,940092,56884a7a4940f3cd442612b1fbcd25b816ce90107999d3976efb1a4a243a42b6,efa6c77825ff8f61c886c0dfe72365b6,True,True,TEI,sa_paJcaviMzatisAhasrikA-prajJApAramitA1,https://creativecommons.org/licenses/by-nc-sa/4.0/,
TG-GRE-C-0831,TG-GRE-0831,textgrid:49p1d.0,handle:hdl:21.11113/0000-0016-D18A-0,TEI_XML,1086996,md5,36f42bc12fb449e1f0dd4bd86f8be2e0,acquisitions\staging\textgrid-gretil\2026-07-12\payload\textgrid_49p1d_0.xml,True,1086996,40f2fcde894279a811d281aac4c810bf592d365ee7e90d2acfdc5fa356d87bbf,36f42bc12fb449e1f0dd4bd86f8be2e0,True,True,TEI,sa_rAmAnuja-bhagavadgItAbhASya,https://creativecommons.org/licenses/by-nc-sa/4.0/,
TG-GRE-C-0832,TG-GRE-0832,textgrid:49p1h.0,handle:hdl:21.11113/0000-0016-D18D-D,TEI_XML,1427167,md5,1d4c3745728b4aa3894a149814c889df,acquisitions\staging\textgrid-gretil\2026-07-12\payload\textgrid_49p1h_0.xml,True,1427167,dbcd13092474643973dad66bab080d84d07a556bebdb2cac2646cd111b9e61d6,1d4c3745728b4aa3894a149814c889df,True,True,TEI,sa_ratnamAlAvadAna,https://creativecommons.org/licenses/by-nc-sa/4.0/,
TG-GRE-C-0833,TG-GRE-0833,textgrid:49p1m.0,handle:hdl:21.11113/0000-0016-D190-8,TEI_XML,1138450,md5,816f9a9dc004ccdca1b562aede19e07d,acquisitions\staging\textgrid-gretil\2026-07-12\payload\textgrid_49p1m_0.xml,True,1138450,8c0c8bf0b9d75668453c08c7945f1ea51919f84b80317f4d1c4199f2d6e0ea4f,816f9a9dc004ccdca1b562aede19e07d,True,True,TEI,sa_saGghabhedavastu,https://creativecommons.org/licenses/by-nc-sa/4.0/,
TG-GRE-C-0834,TG-GRE-0834,textgrid:49p1q.0,handle:hdl:21.11113/0000-0016-D193-5,TEI_XML,1422117,md5,5c680f4e212247e0ac766583da5cc6f4,acquisitions\staging\textgrid-gretil\2026-07-12\payload\textgrid_49p1q_0.xml,True,1422117,7d5725155b4066b7056aeabed00e3f74c8acbf5587fb1c0d8b23fc0b5a176b9f,5c680f4e212247e0ac766583da5cc6f4,True,True,TEI,sa_sucaritamizra-mImAMsAzlokavArttika,https://creativecommons.org/licenses/by-nc-sa/4.0/,
TG-GRE-C-0835,TG-GRE-0835,textgrid:49p1t.0,handle:hdl:21.11113/0000-0016-D196-2,TEI_XML,968280,md5,8b983eac77a01ae1e2caca7bc2d18e9e,acquisitions\staging\textgrid-gretil\2026-07-12\payload\textgrid_49p1t_0.xml,True,968280,754165947f0b0e98bec1d290d28476f19d7284747c3bd933283336ff74a35bab,8b983eac77a01ae1e2caca7bc2d18e9e,True,True,TEI,sa_durvekamizra-dharmottarapradIpa,https://creativecommons.org/licenses/by-nc-sa/4.0/,
TG-GRE-C-0836,TG-GRE-0836,textgrid:49p1x.0,handle:hdl:21.11113/0000-0016-D199-F,TEI_XML,2120331,md5,286ef88b2f14f6c6c6b7d161ef488a33,acquisitions\staging\textgrid-gretil\2026-07-12\payload\textgrid_49p1x_0.xml,True,2120331,bffbf869e86d8fad7c46c6571c60245475f151f27365601b3cc15b988e08479d,286ef88b2f14f6c6c6b7d161ef488a33,True,True,TEI,sa_mahAvastu-avAdana,https://creativecommons.org/licenses/by-nc-sa/4.0/,
TG-GRE-C-0837,TG-GRE-0837,textgrid:49p21.0,handle:hdl:21.11113/0000-0016-D19C-C,TEI_XML,1542132,md5,a7c770aeab974f1f1cafc8583b9e6d05,acquisitions\staging\textgrid-gretil\2026-07-12\payload\textgrid_49p21_0.xml,True,1542132,225bc40a4b9380e8dda81cd5c5232b4d05e51ac5316cd9cf6426d45df6d564f4,a7c770aeab974f1f1cafc8583b9e6d05,True,True,TEI,sa_maJjuzrImUlakalpa,https://creativecommons.org/licenses/by-nc-sa/4.0/,
TG-GRE-C-0838,TG-GRE-0838,textgrid:49p24.0,handle:hdl:21.11113/0000-0016-D19F-9,TEI_XML,4221826,md5,d1bd63343258f5c6cd03f51dc3e0f96f,acquisitions\staging\textgrid-gretil\2026-07-12\payload\textgrid_49p24_0.xml,True,4221826,2a755e273d354a61d9ab56242339a8886407d9d66cbbe9f50cd8dcb69527a295,d1bd63343258f5c6cd03f51dc3e0f96f,True,True,TEI,sa_mokSopAya,https://creativecommons.org/licenses/by-nc-sa/4.0/,
TG-GRE-C-0839,TG-GRE-0839,textgrid:49p27.0,handle:hdl:21.11113/0000-0016-D1A2-4,TEI_XML,2644483,md5,24ae1dfd0a9e98462b2a9ef36117c338,acquisitions\staging\textgrid-gretil\2026-07-12\payload\textgrid_49p27_0.xml,True,2644483,1e1adabc7039d4f0b516fb2f3756293e6cbf05f200afcecf2bcc2186f3cf9266,24ae1dfd0a9e98462b2a9ef36117c338,True,True,TEI,sa_paJcaviMzatisAhasrikA-prajJApAramitA1-8,https://creativecommons.org/licenses/by-nc-sa/4.0/,
TG-GRE-C-0840,TG-GRE-0840,textgrid:49p2b.0,handle:hdl:21.11113/0000-0016-D1A5-1,TEI_XML,1167959,md5,5b466a1385d211f7ba44411f4ff9c56e,acquisitions\staging\textgrid-gretil\2026-07-12\payload\textgrid_49p2b_0.xml,True,1167959,11b94f88eda5dc1129084f94e87847cfaad083dfaa5b31e3d3beb6171b3ecac2,5b466a1385d211f7ba44411f4ff9c56e,True,True,TEI,sa_harivarman-satyasiddhizAstram,https://creativecommons.org/licenses/by-nc-sa/4.0/,
TG-GRE-C-0841,TG-GRE-0841,textgrid:49p2f.0,handle:hdl:21.11113/0000-0016-D1A8-E,TEI_XML,1465237,md5,56e58487334aea4acbba83bb6c72b10b,acquisitions\staging\textgrid-gretil\2026-07-12\payload\textgrid_49p2f_0.xml,True,1465237,931556fa52fc4e4727abbadf026999a185e7f4a9f1b79722cda4be0cdcd7ce4d,56e58487334aea4acbba83bb6c72b10b,True,True,TEI,sa_jaimini-mImAMsAsUtra-1-7-comm,https://creativecommons.org/licenses/by-nc-sa/4.0/,
TG-GRE-C-0842,TG-GRE-0842,textgrid:49p2j.0,handle:hdl:21.11113/0000-0016-D1AB-B,TEI_XML,3090227,md5,9eaeda81cfbbd2b5a099aeb1f9e5b602,acquisitions\staging\textgrid-gretil\2026-07-12\payload\textgrid_49p2j_0.xml,True,3090227,89e80d452f96f314258d7d1379d5f2fe98359bc3e1ebd9e990e70093856b2699,9eaeda81cfbbd2b5a099aeb1f9e5b602,True,True,TEI,sa_jayatIrtha-nyAyasudhA,https://creativecommons.org/licenses/by-nc-sa/4.0/,
TG-GRE-C-0843,TG-GRE-0843,textgrid:49p2n.0,handle:hdl:21.11113/0000-0016-D1AE-8,TEI_XML,1875458,md5,595afd1e0fbd3c047caa6843609005ce,acquisitions\staging\textgrid-gretil\2026-07-12\payload\textgrid_49p2n_0.xml,True,1875458,49da473bf494eec9fb2884aa35efcbe6e2a651d08c0b0180aacf39636e8769f6,595afd1e0fbd3c047caa6843609005ce,True,True,TEI,sa_khaNDadeva-bhATTadIpikA1-3.3,https://creativecommons.org/licenses/by-nc-sa/4.0/,
TG-GRE-C-0844,TG-GRE-0844,textgrid:49p2r.0,handle:hdl:21.11113/0000-0016-D1B1-3,TEI_XML,1631840,md5,8e1e31785bb653925a4301bf5cd6b0df,acquisitions\staging\textgrid-gretil\2026-07-12\payload\textgrid_49p2r_0.xml,True,1631840,a388d8efa3cd37f25c6e0a9fa10031d18678629d89fee5094018e997ebf269cb,8e1e31785bb653925a4301bf5cd6b0df,True,True,TEI,sa_divyAvadAna,https://creativecommons.org/licenses/by-nc-sa/4.0/,
TG-GRE-C-0845,TG-GRE-0845,textgrid:49p2v.0,handle:hdl:21.11113/0000-0016-D1B4-0,TEI_XML,1283382,md5,f53fe7b45fefec3fb44fddea7d2ead9e,acquisitions\staging\textgrid-gretil\2026-07-12\payload\textgrid_49p2v_0.xml,True,1283382,b6df7bee7e3057ef0d5ef9adae62d15be6b1bd484d7ea07ea2dd4963780b1c59,f53fe7b45fefec3fb44fddea7d2ead9e,True,True,TEI,sa_gaNDavyUhasUtra,https://creativecommons.org/licenses/by-nc-sa/4.0/,
TG-GRE-C-0846,TG-GRE-0846,textgrid:49p2z.0,handle:hdl:21.11113/0000-0016-D1B7-D,TEI_XML,1380508,md5,505c7b396f2ebf3c7c130db3b5426715,acquisitions\staging\textgrid-gretil\2026-07-12\payload\textgrid_49p2z_0.xml,True,1380508,4c353533b40f2d99b499e5cabcbdb381e0a3f29efeff0b7c29f2c993fd608ba4,505c7b396f2ebf3c7c130db3b5426715,True,True,TEI,sa_gautama-nyAyasUtra-comm2,https://creativecommons.org/licenses/by-nc-sa/4.0/,
TG-GRE-C-0847,TG-GRE-0847,textgrid:49p32.0,handle:hdl:21.11113/0000-0016-D1BA-A,TEI_XML,1185290,md5,4d6573e85f5783a3bf5ebd540827c449,acquisitions\staging\textgrid-gretil\2026-07-12\payload\textgrid_49p32_0.xml,True,1185290,a865268152516c9dd9d240bf43f0a86c23376e21142d1c6ae25d03ddc89ac5a1,4d6573e85f5783a3bf5ebd540827c449,True,True,TEI,sa_bAdarAyaNa-brahmasUtra-comm,https://creativecommons.org/licenses/by-nc-sa/4.0/,
TG-GRE-C-0848,TG-GRE-0848,textgrid:49p35.0,handle:hdl:21.11113/0000-0016-D1BD-7,TEI_XML,2435521,md5,e8a0ed34050225791d60ab61dc81ffce,acquisitions\staging\textgrid-gretil\2026-07-12\payload\textgrid_49p35_0.xml,True,2435521,d9b4b2ca9a9e7b6f53541e0fbd8e0c50d24c4b2bfbed4928343fc7641902439b,e8a0ed34050225791d60ab61dc81ffce,True,True,TEI,sa_bAdarAyaNa-brahmasUtra-comm-subcomm2,https://creativecommons.org/licenses/by-nc-sa/4.0/,
TG-GRE-C-0849,TG-GRE-0849,textgrid:49p38.0,handle:hdl:21.11113/0000-0016-D1C0-2,TEI_XML,1229659,md5,8d4ce5aeac082438b54f4764cd68ebe1,acquisitions\staging\textgrid-gretil\2026-07-12\payload\textgrid_49p38_0.xml,True,1229659,0c89f5f13bd92b49f470802c9e4c218523c02cc9eb5b979f5bb3f363ec8b0f59,8d4ce5aeac082438b54f4764cd68ebe1,True,True,TEI,sa_bAdarAyaNa-brahmasUtra-subcomm,https://creativecommons.org/licenses/by-nc-sa/4.0/,
TG-GRE-C-0850,TG-GRE-0850,textgrid:49p3c.0,handle:hdl:21.11113/0000-0016-D1C3-F,TEI_XML,1335683,md5,f3e94973a62aaf8878c0333f47d2d1db,acquisitions\staging\textgrid-gretil\2026-07-12\payload\textgrid_49p3c_0.xml,True,1335683,6bb3bd62639b681b30bd6cf5e443241aeabfc18a7fb0f599f80856ea4e25842b,f3e94973a62aaf8878c0333f47d2d1db,True,True,TEI,sa_bAdarAyaNa-brahmasUtra-subcomm2,https://creativecommons.org/licenses/by-nc-sa/4.0/,
TG-GRE-C-0851,TG-GRE-0851,textgrid:49p3g.0,handle:hdl:21.11113/0000-0016-D1C6-C,TEI_XML,2107558,md5,f291f24598d42c1128f310bf2967987b,acquisitions\staging\textgrid-gretil\2026-07-12\payload\textgrid_49p3g_0.xml,True,2107558,55a0ba8d18b7534276d9cbe65f6c925a465fdd8842590efb72cb82938543ed1b,f291f24598d42c1128f310bf2967987b,True,True,TEI,sa_bhAskarakaNTha-mokSopAyaTIkA,https://creativecommons.org/licenses/by-nc-sa/4.0/,
TG-GRE-C-0852,TG-GRE-0852,textgrid:49p3k.0,handle:hdl:21.11113/0000-0016-D1C9-9,TEI_XML,1220559,md5,86a498aa8f866e723bbe2db51dbd8f53,acquisitions\staging\textgrid-gretil\2026-07-12\payload\textgrid_49p3k_0.xml,True,1220559,5b81cf6c18acc7b904f3761fe90d2553f5758adab08388234062776431b6b51c,86a498aa8f866e723bbe2db51dbd8f53,True,True,TEI,sa_abhinavagupta-tantrAloka,https://creativecommons.org/licenses/by-nc-sa/4.0/,
TG-GRE-C-0853,TG-GRE-0853,textgrid:49p3p.0,handle:hdl:21.11113/0000-0016-D1CC-6,TEI_XML,1370880,md5,23f237b4278d69023189a92e582365ba,acquisitions\staging\textgrid-gretil\2026-07-12\payload\textgrid_49p3p_0.xml,True,1370880,2590836a3b83feabea8cf7b5bb913df885db4c6be7ee4c5da9639a9f0c68cde8,23f237b4278d69023189a92e582365ba,True,True,TEI,sa_annaMbhaTTa-tarkasaMgraha-comm,https://creativecommons.org/licenses/by-nc-sa/4.0/,
TG-GRE-C-0854,TG-GRE-0854,textgrid:49p4g.0,handle:hdl:21.11113/0000-0016-D1D1-F,TEI_XML,2057168,md5,a29f277f317de131238d0ed77dbdb64a,acquisitions\staging\textgrid-gretil\2026-07-12\payload\textgrid_49p4g_0.xml,True,2057168,f4a9f7966a2d50a61e5cc9438cfd1bda59d7d05577bda4c9135e7703534be069,a29f277f317de131238d0ed77dbdb64a,True,True,TEI,sa_bhagavadgItA-4comm,https://creativecommons.org/licenses/by-nc-sa/4.0/,
TG-GRE-C-0855,TG-GRE-0855,textgrid:49p4k.0,handle:hdl:21.11113/0000-0016-D1D4-C,TEI_XML,111041,md5,505a810798fb7b93398b8faf95cd60d9,acquisitions\staging\textgrid-gretil\2026-07-12\payload\textgrid_49p4k_0.xml,True,111041,d9f7b8caafd87f66d307bb46b589925b295774980d588230a8a154264a645921,505a810798fb7b93398b8faf95cd60d9,True,True,TEI,epics_bhagvg,https://creativecommons.org/licenses/by-nc-sa/4.0/,
TG-GRE-C-0856,TG-GRE-0856,textgrid:49p4p.0,handle:hdl:21.11113/0000-0016-D1D7-9,TEI_XML,149788,md5,3adde4f0719594586a8ade72f097e531,acquisitions\staging\textgrid-gretil\2026-07-12\payload\textgrid_49p4p_0.xml,True,149788,8ae4c43292e01884ce1ce2eaf200010106947beb907119e1a51ab53ecc040d76,3adde4f0719594586a8ade72f097e531,True,True,TEI,epics_bhgce_,https://creativecommons.org/licenses/by-nc-sa/4.0/,
TG-GRE-C-0857,TG-GRE-0857,textgrid:49p4s.0,handle:hdl:21.11113/0000-0016-D1DA-6,TEI_XML,3508650,md5,51fab9e753910af7b93cb5160ab2e2ef,acquisitions\staging\textgrid-gretil\2026-07-12\payload\textgrid_49p4s_0.xml,True,3508650,6564d179d39b80b4ad14f3c48b706987d0bc409134b4312542cd5d17977f7998,51fab9e753910af7b93cb5160ab2e2ef,True,True,TEI,sa_harivaMza-app1,https://creativecommons.org/licenses/by-nc-sa/4.0/,
TG-GRE-C-0858,TG-GRE-0858,textgrid:49p4w.0,handle:hdl:21.11113/0000-0016-D1DD-3,TEI_XML,2668020,md5,f4a2cca100c12e16d96f4be78b235e0c,acquisitions\staging\textgrid-gretil\2026-07-12\payload\textgrid_49p4w_0.xml,True,2668020,141381c63c2e57f0432061bb1e449621b3e7861ac15db98d85363f6abf729673,f4a2cca100c12e16d96f4be78b235e0c,True,True,TEI,sa_harivaMza,https://creativecommons.org/licenses/by-nc-sa/4.0/,
TG-GRE-C-0859,TG-GRE-0859,textgrid:49p50.0,handle:hdl:21.11113/0000-0016-D1E0-E,TEI_XML,17730363,md5,cf3419bf7bfadc2583f7202471a24c97,acquisitions\staging\textgrid-gretil\2026-07-12\payload\textgrid_49p50_0.xml,True,17730363,b45c1461e3d9b38d7e5efb1f9de64760c3540195f66d8c8442cb6d3bbcd2b8b0,cf3419bf7bfadc2583f7202471a24c97,True,True,TEI,epics_mbh1-18u,https://creativecommons.org/licenses/by-nc-sa/4.0/,
TG-GRE-C-0860,TG-GRE-0860,textgrid:49p53.0,handle:hdl:21.11113/0000-0016-D1E3-B,TEI_XML,2089761,md5,9a3c187e90d67a7dff2a634411bcbd17,acquisitions\staging\textgrid-gretil\2026-07-12\payload\textgrid_49p53_0.xml,True,2089761,0084f2248f01718908117bfe3de00faaddbd40d28d1bf050b33135dd77e603b5,9a3c187e90d67a7dff2a634411bcbd17,True,True,TEI,epics_mbh_01,https://creativecommons.org/licenses/by-nc-sa/4.0/,
TG-GRE-C-0861,TG-GRE-0861,textgrid:49p56.0,handle:hdl:21.11113/0000-0016-D1E6-8,TEI_XML,855271,md5,93b4eb8b422f28911b90646d50894f86,acquisitions\staging\textgrid-gretil\2026-07-12\payload\textgrid_49p56_0.xml,True,855271,e376c2588900defd9c4e2fa2098a9c92aae7afd09136c59c0373985bbaacf82f,93b4eb8b422f28911b90646d50894f86,True,True,TEI,epics_mbh_02,https://creativecommons.org/licenses/by-nc-sa/4.0/,
TG-GRE-C-0862,TG-GRE-0862,textgrid:49p59.0,handle:hdl:21.11113/0000-0016-D1E9-5,TEI_XML,2120366,md5,5b335cf0f114b17055ce4974f9c6ebb7,acquisitions\staging\textgrid-gretil\2026-07-12\payload\textgrid_49p59_0.xml,True,2120366,3034013173cad56505fe4cfa773c8ebc4f1d6ca1be8dff390ed8590f77566148,5b335cf0f114b17055ce4974f9c6ebb7,True,True,TEI,epics_mbh_03,https://creativecommons.org/licenses/by-nc-sa/4.0/,
TG-GRE-C-0863,TG-GRE-0863,textgrid:49p5d.0,handle:hdl:21.11113/0000-0016-D1EC-2,TEI_XML,827560,md5,f7759650ea099c2d087c641223d93e1e,acquisitions\staging\textgrid-gretil\2026-07-12\payload\textgrid_49p5d_0.xml,True,827560,70abd505ebcdf058a04eaa32cc355ea0a7aa8efeea16c47a9a01782da59fcd8a,f7759650ea099c2d087c641223d93e1e,True,True,TEI,epics_mbh_04,https://creativecommons.org/licenses/by-nc-sa/4.0/,
TG-GRE-C-0864,TG-GRE-0864,textgrid:49p5h.0,handle:hdl:21.11113/0000-0016-D1EF-F,TEI_XML,1179389,md5,072dd4446a58bd8af774298474bc95a0,acquisitions\staging\textgrid-gretil\2026-07-12\payload\textgrid_49p5h_0.xml,True,1179389,a1e2e4b30905ea68e7711ae1332374f583503b0eb848b14b76e3d80113c74824,072dd4446a58bd8af774298474bc95a0,True,True,TEI,epics_mbh_05,https://creativecommons.org/licenses/by-nc-sa/4.0/,
TG-GRE-C-0865,TG-GRE-0865,textgrid:49p5m.0,handle:hdl:21.11113/0000-0016-D1F2-A,TEI_XML,1040044,md5,6c39f92b2bf8e92cf17243fed61e72f7,acquisitions\staging\textgrid-gretil\2026-07-12\payload\textgrid_49p5m_0.xml,True,1040044,14302bd3fc9f528db806403c9d63877c163e7316322da6bb6f260f7776ac73d5,6c39f92b2bf8e92cf17243fed61e72f7,True,True,TEI,epics_mbh_06,https://creativecommons.org/licenses/by-nc-sa/4.0/,
TG-GRE-C-0866,TG-GRE-0866,textgrid:49p5q.0,handle:hdl:21.11113/0000-0016-D1F5-7,TEI_XML,1781083,md5,1bb4f86ed3809b76e16e27f00a904be8,acquisitions\staging\textgrid-gretil\2026-07-12\payload\textgrid_49p5q_0.xml,True,1781083,503a170b2783751df600f9a9e8a8f300037060c65380efa6f7d7a9b5e7330546,1bb4f86ed3809b76e16e27f00a904be8,True,True,TEI,epics_mbh_07,https://creativecommons.org/licenses/by-nc-sa/4.0/,
TG-GRE-C-0867,TG-GRE-0867,textgrid:49p5t.0,handle:hdl:21.11113/0000-0016-D1F8-4,TEI_XML,1067630,md5,a1a6fe6ac250e31ab36c243689872a91,acquisitions\staging\textgrid-gretil\2026-07-12\payload\textgrid_49p5t_0.xml,True,1067630,57efd05e0d2b6d661113e80365ed83ef52d076e51349046938071de1610b7c3e,a1a6fe6ac250e31ab36c243689872a91,True,True,TEI,epics_mbh_08,https://creativecommons.org/licenses/by-nc-sa/4.0/,
TG-GRE-C-0868,TG-GRE-0868,textgrid:49p5x.0,handle:hdl:21.11113/0000-0016-D1FB-1,TEI_XML,640733,md5,644529eba18f677ce114f039972dfe87,acquisitions\staging\textgrid-gretil\2026-07-12\payload\textgrid_49p5x_0.xml,True,640733,1a0e098845a1f86b05d5324e91ab744e148a778ead6fe68128fea5dd7a615254,644529eba18f677ce114f039972dfe87,True,True,TEI,epics_mbh_09,https://creativecommons.org/licenses/by-nc-sa/4.0/,
TG-GRE-C-0869,TG-GRE-0869,textgrid:49p61.0,handle:hdl:21.11113/0000-0016-D1FE-E,TEI_XML,147569,md5,b8cc69046d9ec08566d305d2e1459706,acquisitions\staging\textgrid-gretil\2026-07-12\payload\textgrid_49p61_0.xml,True,147569,a93f2cc144daccf58f64571642e68bff65223e74d702265bebada1ae3c2df771,b8cc69046d9ec08566d305d2e1459706,True,True,TEI,epics_mbh_10,https://creativecommons.org/licenses/by-nc-sa/4.0/,
TG-GRE-C-0870,TG-GRE-0870,textgrid:49p64.0,handle:hdl:21.11113/0000-0016-D201-9,TEI_XML,146660,md5,20ed5edcd4cf8951e8d2a92b252c4dc8,acquisitions\staging\textgrid-gretil\2026-07-12\payload\textgrid_49p64_0.xml,True,146660,5c53e65da4e58df310c24da27f4a624634dce648df1da7e333d4860030cdbe40,20ed5edcd4cf8951e8d2a92b252c4dc8,True,True,TEI,epics_mbh_11,https://creativecommons.org/licenses/by-nc-sa/4.0/,
TG-GRE-C-0871,TG-GRE-0871,textgrid:49p67.0,handle:hdl:21.11113/0000-0016-D204-6,TEI_XML,2683945,md5,cd7f2cf61126745598931f38fc2a8576,acquisitions\staging\textgrid-gretil\2026-07-12\payload\textgrid_49p67_0.xml,True,2683945,d5fbbcd21353acc97884f95c2d3a343cd5c0162b737b1fb72d60a8afa984cc4b,cd7f2cf61126745598931f38fc2a8576,True,True,TEI,epics_mbh_12,https://creativecommons.org/licenses/by-nc-sa/4.0/,
TG-GRE-C-0872,TG-GRE-0872,textgrid:49p6b.0,handle:hdl:21.11113/0000-0016-D207-3,TEI_XML,2141558,md5,1cf541801509b9db37a8833370a0548d,acquisitions\staging\textgrid-gretil\2026-07-12\payload\textgrid_49p6b_0.xml,True,2141558,f75083db12d8d4794322151c60bbc06f5586731891ca13e4f423181805af1ce4,1cf541801509b9db37a8833370a0548d,True,True,TEI,epics_mbh_13,https://creativecommons.org/licenses/by-nc-sa/4.0/,
TG-GRE-C-0873,TG-GRE-0873,textgrid:49p6f.0,handle:hdl:21.11113/0000-0016-D20A-0,TEI_XML,800198,md5,274740fc432884a5af8a2fa746b14161,acquisitions\staging\textgrid-gretil\2026-07-12\payload\textgrid_49p6f_0.xml,True,800198,999a80e1dd85c18cb1a2c7f28ae18b218e3d87e2f7763f189d5ad8cd2b8de53b,274740fc432884a5af8a2fa746b14161,True,True,TEI,epics_mbh_14,https://creativecommons.org/licenses/by-nc-sa/4.0/,
TG-GRE-C-0874,TG-GRE-0874,textgrid:49p6j.0,handle:hdl:21.11113/0000-0016-D20D-D,TEI_XML,195538,md5,11de3ea61abb11c9703ff3dcd8f8a39c,acquisitions\staging\textgrid-gretil\2026-07-12\payload\textgrid_49p6j_0.xml,True,195538,3aeec85dabaeaa98872c810ccb2c5e08695f510f17ef65be014773aa092fb806,11de3ea61abb11c9703ff3dcd8f8a39c,True,True,TEI,epics_mbh_15,https://creativecommons.org/licenses/by-nc-sa/4.0/,
TG-GRE-C-0875,TG-GRE-0875,textgrid:49p6n.0,handle:hdl:21.11113/0000-0016-D210-8,TEI_XML,64845,md5,b5559d284932f487a6d750f89432e0e8,acquisitions\staging\textgrid-gretil\2026-07-12\payload\textgrid_49p6n_0.xml,True,64845,069915f6fc45359d28b870a2a1196be1af614c42097e18ca783bb7ba08746e48,b5559d284932f487a6d750f89432e0e8,True,True,TEI,epics_mbh_16,https://creativecommons.org/licenses/by-nc-sa/4.0/,
TG-GRE-C-0876,TG-GRE-0876,textgrid:49p6r.0,handle:hdl:21.11113/0000-0016-D213-5,TEI_XML,29256,md5,0c5de6a31ff1d434839b4134e9338bf0,acquisitions\staging\textgrid-gretil\2026-07-12\payload\textgrid_49p6r_0.xml,True,29256,b805b7bff69da664c18b507c1b63a623344295b35bff30da1656b9cf22838e15,0c5de6a31ff1d434839b4134e9338bf0,True,True,TEI,epics_mbh_17,https://creativecommons.org/licenses/by-nc-sa/4.0/,
TG-GRE-C-0877,TG-GRE-0877,textgrid:49p6v.0,handle:hdl:21.11113/0000-0016-D216-2,TEI_XML,60725,md5,9a44e6e1387973e5010dfd4da426d1d0,acquisitions\staging\textgrid-gretil\2026-07-12\payload\textgrid_49p6v_0.xml,True,60725,70d0a1515abc66e3355c36232de206296800ee773355a341545f6daebc2f650b,9a44e6e1387973e5010dfd4da426d1d0,True,True,TEI,epics_mbh_18,https://creativecommons.org/licenses/by-nc-sa/4.0/,
TG-GRE-C-0878,TG-GRE-0878,textgrid:49p6z.0,handle:hdl:21.11113/0000-0016-D219-F,TEI_XML,799882,md5,6bb907badc97c9cb5fcb89ab0033e7a1,acquisitions\staging\textgrid-gretil\2026-07-12\payload\textgrid_49p6z_0.xml,True,799882,3072b27d555e7bbd4bf15035db80bd7d3529ce6e972aa8c9489908e95fdee936,6bb907badc97c9cb5fcb89ab0033e7a1,True,True,TEI,sa_nArAyaNIya,https://creativecommons.org/licenses/by-nc-sa/4.0/,
TG-GRE-C-0879,TG-GRE-0879,textgrid:49p72.0,handle:hdl:21.11113/0000-0016-D21C-C,TEI_XML,4169573,md5,60866176d54253ef538541e67f2101d8,acquisitions\staging\textgrid-gretil\2026-07-12\payload\textgrid_49p72_0.xml,True,4169573,da3b07ac447ef5cff76875e84d48fdc5710bcadae8015e35d2a8718a28ada015,60866176d54253ef538541e67f2101d8,True,True,TEI,sa_rAmAyaNa,https://creativecommons.org/licenses/by-nc-sa/4.0/,
TG-GRE-C-0880,TG-GRE-0880,textgrid:49p75.0,handle:hdl:21.11113/0000-0016-D21F-9,TEI_XML,1515726,md5,6e546166bec674219f8d8d653eff88ce,acquisitions\staging\textgrid-gretil\2026-07-12\payload\textgrid_49p75_0.xml,True,1515726,ee838cda5b8533b6bbe3325ddff3b13eeda7c4c041fb6d8d93af295f5559c2fc,6e546166bec674219f8d8d653eff88ce,True,True,TEI,sa_vAlmIki-rAmAyaNa-rev-2-3,https://creativecommons.org/licenses/by-nc-sa/4.0/,
TG-GRE-C-0881,TG-GRE-0881,textgrid:49p78.0,handle:hdl:21.11113/0000-0016-D222-4,TEI_XML,527820,md5,3b25e4151af6708adfcb3d245f8e8aa4,acquisitions\staging\textgrid-gretil\2026-07-12\payload\textgrid_49p78_0.xml,True,527820,53c0ec6bb0341b03b7d25d8500dfc4151e249794a6f0bf391d2adf7421972688,3b25e4151af6708adfcb3d245f8e8aa4,True,True,TEI,sa_vAlmIki-rAmAyaNa-southern-2,https://creativecommons.org/licenses/by-nc-sa/4.0/,
TG-GRE-C-0882,TG-GRE-0882,textgrid:49pjb.0,handle:hdl:21.11113/0000-0016-D226-0,TEI_XML,101297,md5,a5e40919c6e4fbf5698162c03e23ccc5,acquisitions\staging\textgrid-gretil\2026-07-12\payload\textgrid_49pjb_0.xml,True,101297,c8981bef23e5d306e928caa6520e30d6ee6f5efea204c1d2198fa7d0c6220418,a5e40919c6e4fbf5698162c03e23ccc5,True,True,TEI,pli_therigau,https://creativecommons.org/licenses/by-nc-sa/4.0/,
TG-GRE-C-0883,TG-GRE-0883,textgrid:49pjf.0,handle:hdl:21.11113/0000-0016-D229-D,TEI_XML,265417,md5,07784825fdfae0fddf37b4f99c256627,acquisitions\staging\textgrid-gretil\2026-07-12\payload\textgrid_49pjf_0.xml,True,265417,5c695f2a7c577f6de391de8296b21c9f47371e69573150db02e3c030ef1b5c01,07784825fdfae0fddf37b4f99c256627,True,True,TEI,pli_udana_u,https://creativecommons.org/licenses/by-nc-sa/4.0/,
TG-GRE-C-0884,TG-GRE-0884,textgrid:49pjj.0,handle:hdl:21.11113/0000-0016-D22C-A,TEI_XML,427445,md5,e5bab67bfdbe6dd4af73506dd9c4950e,acquisitions\staging\textgrid-gretil\2026-07-12\payload\textgrid_49pjj_0.xml,True,427445,115651720368287080ea9d2b5dd96ead11243cc934cedb1abf2db8543e495c07,e5bab67bfdbe6dd4af73506dd9c4950e,True,True,TEI,pli_abhidh_u,https://creativecommons.org/licenses/by-nc-sa/4.0/,
TG-GRE-C-0885,TG-GRE-0885,textgrid:49pjn.0,handle:hdl:21.11113/0000-0016-D22F-7,TEI_XML,52192,md5,c2e89cb00116d994a40f2a2696446e78,acquisitions\staging\textgrid-gretil\2026-07-12\payload\textgrid_49pjn_0.xml,True,52192,625554403d90f5a24a7dfecb9a53476d61a43455d25fe4d7e693b318ed5e3728,c2e89cb00116d994a40f2a2696446e78,True,True,TEI,pli_jataka1u,https://creativecommons.org/licenses/by-nc-sa/4.0/,
TG-GRE-C-0886,TG-GRE-0886,textgrid:49pjr.0,handle:hdl:21.11113/0000-0016-D232-2,TEI_XML,175972,md5,b0ddbe992df7146230a704e1471aa10a,acquisitions\staging\textgrid-gretil\2026-07-12\payload\textgrid_49pjr_0.xml,True,175972,0b61af61e9b7de8bf3e298714a0cda338d80e8fcda6fb91111b2592eb03d0bc9,b0ddbe992df7146230a704e1471aa10a,True,True,TEI,pli_dhatuvau,https://creativecommons.org/licenses/by-nc-sa/4.0/,
TG-GRE-C-0887,TG-GRE-0887,textgrid:49pjv.0,handle:hdl:21.11113/0000-0016-D235-F,TEI_XML,176382,md5,00817583af725da863f3f851079314ba,acquisitions\staging\textgrid-gretil\2026-07-12\payload\textgrid_49pjv_0.xml,True,176382,88a269442cca6e4c7c8b91f24a923cf82b265038026a7f0b3880f6b2eb0dd8cb,00817583af725da863f3f851079314ba,True,True,TEI,pli_jataka3u,https://creativecommons.org/licenses/by-nc-sa/4.0/,
TG-GRE-C-0888,TG-GRE-0888,textgrid:49pjz.0,handle:hdl:21.11113/0000-0016-D238-C,TEI_XML,31916,md5,a806f2808ef80137af2e8201f0a4c297,acquisitions\staging\textgrid-gretil\2026-07-12\payload\textgrid_49pjz_0.xml,True,31916,d416de9f023a3b375ecfa7c6802ead15506d74db1ee53b1e7df00ce8e97c79f8,a806f2808ef80137af2e8201f0a4c297,True,True,TEI,pli_telaka_u,https://creativecommons.org/licenses/by-nc-sa/4.0/,
TG-GRE-C-0889,TG-GRE-0889,textgrid:49pk2.0,handle:hdl:21.11113/0000-0016-D23B-9,TEI_XML,472145,md5,86317181e8dbdeb1443b921ce4bb20e8,acquisitions\staging\textgrid-gretil\2026-07-12\payload\textgrid_49pk2_0.xml,True,472145,57ddaf238874e04797ede264e838c7bcaf26b2d72c35887be071a38fb39819e3,86317181e8dbdeb1443b921ce4bb20e8,True,True,TEI,pli_jinava_u,https://creativecommons.org/licenses/by-nc-sa/4.0/,
TG-GRE-C-0890,TG-GRE-0890,textgrid:49pk5.0,handle:hdl:21.11113/0000-0016-D23E-6,TEI_XML,132550,md5,1b5cd9a397d9ad8385e8eba202f4f8d7,acquisitions\staging\textgrid-gretil\2026-07-12\payload\textgrid_49pk5_0.xml,True,132550,35ea5e49bc2302e73e942126ec0cd629f12f3d2abef578f67eb79b210675eb49,1b5cd9a397d9ad8385e8eba202f4f8d7,True,True,TEI,pli_padasa_u,https://creativecommons.org/licenses/by-nc-sa/4.0/,
TG-GRE-C-0891,TG-GRE-0891,textgrid:49pk8.0,handle:hdl:21.11113/0000-0016-D241-1,TEI_XML,253003,md5,4ab44fd2292e790d01207919883fce2c,acquisitions\staging\textgrid-gretil\2026-07-12\payload\textgrid_49pk8_0.xml,True,253003,e1c68897496463ab58a0fbd1d6c14e7e2824de5483b4548ddf9d41efd19e0f44,4ab44fd2292e790d01207919883fce2c,True,True,TEI,pli_moggal2u,https://creativecommons.org/licenses/by-nc-sa/4.0/,
TG-GRE-C-0892,TG-GRE-0892,textgrid:49pkc.0,handle:hdl:21.11113/0000-0016-D244-E,TEI_XML,209921,md5,f065cdef809f3eb3fac1d5b49bb1c179,acquisitions\staging\textgrid-gretil\2026-07-12\payload\textgrid_49pkc_0.xml,True,209921,f323dbdf25d80e26fd9a482f5daf54589454bbdde27ded8b53fa665b45e18a72,f065cdef809f3eb3fac1d5b49bb1c179,True,True,TEI,pli_moggal1u,https://creativecommons.org/licenses/by-nc-sa/4.0/,
TG-GRE-C-0893,TG-GRE-0893,textgrid:49pkg.0,handle:hdl:21.11113/0000-0016-D247-B,TEI_XML,245535,md5,edb0d9fce7b015a2b11d72fff1461514,acquisitions\staging\textgrid-gretil\2026-07-12\payload\textgrid_49pkg_0.xml,True,245535,e91fa7e7c0466c53bbc2e12384e1630f8009ed4a59fddd46c47029e48fc6131c,edb0d9fce7b015a2b11d72fff1461514,True,True,TEI,pli_kaccay2u,https://creativecommons.org/licenses/by-nc-sa/4.0/,
TG-GRE-C-0894,TG-GRE-0894,textgrid:49pkk.0,handle:hdl:21.11113/0000-0016-D24A-8,TEI_XML,14609,md5,11fd7bf771476d0caee1be81966f02c3,acquisitions\staging\textgrid-gretil\2026-07-12\payload\textgrid_49pkk_0.xml,True,14609,1e222f194ec31e8e72c4eb181c5341a8e0a4653ebb30a510cc3538489a306fd8,11fd7bf771476d0caee1be81966f02c3,True,True,TEI,pli_dhatup_u,https://creativecommons.org/licenses/by-nc-sa/4.0/,
TG-GRE-C-0895,TG-GRE-0895,textgrid:49pkp.0,handle:hdl:21.11113/0000-0016-D24D-5,TEI_XML,913082,md5,6c6ea9dcaee9833c3f02da86754a8c0f,acquisitions\staging\textgrid-gretil\2026-07-12\payload\textgrid_49pkp_0.xml,True,913082,35082a40458216d7a7937b005fde19ffd3b8b92ceab677091fba29779171ccf7,6c6ea9dcaee9833c3f02da86754a8c0f,True,True,TEI,pli_maharu_u,https://creativecommons.org/licenses/by-nc-sa/4.0/,
TG-GRE-C-0896,TG-GRE-0896,textgrid:49pks.0,handle:hdl:21.11113/0000-0016-D250-0,TEI_XML,1865203,md5,e72898c3103556254ae4129d42e65ae7,acquisitions\staging\textgrid-gretil\2026-07-12\payload\textgrid_49pks_0.xml,True,1865203,026eabed7e7d6b38cd44960b4c01d8c243fa8b197e3ac87d197c849d08fff04e,e72898c3103556254ae4129d42e65ae7,True,True,TEI,pli_visudd_u,https://creativecommons.org/licenses/by-nc-sa/4.0/,
TG-GRE-C-0897,TG-GRE-0897,textgrid:49pkw.0,handle:hdl:21.11113/0000-0016-D253-D,TEI_XML,393425,md5,980162bdafe022e7cc7e09aad227610e,acquisitions\staging\textgrid-gretil\2026-07-12\payload\textgrid_49pkw_0.xml,True,393425,e7f43c878324e1b7a3649b93460f7ea97ddb9151437b134948222eec042a6f86,980162bdafe022e7cc7e09aad227610e,True,True,TEI,pli_nettip_u,https://creativecommons.org/licenses/by-nc-sa/4.0/,
TG-GRE-C-0898,TG-GRE-0898,textgrid:49pm0.0,handle:hdl:21.11113/0000-0016-D256-A,TEI_XML,2444574,md5,e68bdb4c69370745265cf98d204c97d8,acquisitions\staging\textgrid-gretil\2026-07-12\payload\textgrid_49pm0_0.xml,True,2444574,f1241787fce4a07181d431533a0346113f46efa3be9d4c91e62927c37c535ea2,e68bdb4c69370745265cf98d204c97d8,True,True,TEI,pli_samyut5u,https://creativecommons.org/licenses/by-nc-sa/4.0/,
TG-GRE-C-0899,TG-GRE-0899,textgrid:49pm3.0,handle:hdl:21.11113/0000-0016-D259-7,TEI_XML,1011688,md5,e08a68a02545044a48a83e48d7ec62ab,acquisitions\staging\textgrid-gretil\2026-07-12\payload\textgrid_49pm3_0.xml,True,1011688,abc8eb0ebc52a11ea6072b1ab23bdb978095941a3a6b4285f4d2c281dc8683d6,e08a68a02545044a48a83e48d7ec62ab,True,True,TEI,pli_vibhangu,https://creativecommons.org/licenses/by-nc-sa/4.0/,
TG-GRE-C-0900,TG-GRE-0900,textgrid:49pm6.0,handle:hdl:21.11113/0000-0016-D25C-4,TEI_XML,1272746,md5,efdc3022dfd43007ccc89a70e08daa9e,acquisitions\staging\textgrid-gretil\2026-07-12\payload\textgrid_49pm6_0.xml,True,1272746,8e9eb0290e2e6f9a4e721dcb28f4091df6049bc2692b4fbbab58980b6210d365,efdc3022dfd43007ccc89a70e08daa9e,True,True,TEI,pli_yamaka1u,https://creativecommons.org/licenses/by-nc-sa/4.0/,
TG-GRE-C-0901,TG-GRE-0901,textgrid:49pm9.0,handle:hdl:21.11113/0000-0016-D25F-1,TEI_XML,571623,md5,c6794e46ee48dd79ae667219433e687d,acquisitions\staging\textgrid-gretil\2026-07-12\payload\textgrid_49pm9_0.xml,True,571623,3e2ebee8bc5fce48560727ae1d03a17d4c4d71c9c158f48b9931048ccd0159dd,c6794e46ee48dd79ae667219433e687d,True,True,TEI,pli_dipava1u,https://creativecommons.org/licenses/by-nc-sa/4.0/,
TG-GRE-C-0902,TG-GRE-0902,textgrid:49pmd.0,handle:hdl:21.11113/0000-0016-D262-C,TEI_XML,182536,md5,cc293d2bef321b961e2aa947fd0506bc,acquisitions\staging\textgrid-gretil\2026-07-12\payload\textgrid_49pmd_0.xml,True,182536,aa571cd52c6b2c78d74ee6f255189257e4c62f45d2e4cbf4c929315dabde2037,cc293d2bef321b961e2aa947fd0506bc,True,True,TEI,pli_puggalau,https://creativecommons.org/licenses/by-nc-sa/4.0/,
TG-GRE-C-0903,TG-GRE-0903,textgrid:49pmh.0,handle:hdl:21.11113/0000-0016-D265-9,TEI_XML,1576244,md5,cd7a7d737c768328841e829ab4ea9621,acquisitions\staging\textgrid-gretil\2026-07-12\payload\textgrid_49pmh_0.xml,True,1576244,0e45e51d331f835dc0b5f5a820dd7721d85a325236df4e75b6c179af00a17bb2,cd7a7d737c768328841e829ab4ea9621,True,True,TEI,pli_samyut3u,https://creativecommons.org/licenses/by-nc-sa/4.0/,
TG-GRE-C-0904,TG-GRE-0904,textgrid:49pmm.0,handle:hdl:21.11113/0000-0016-D268-6,TEI_XML,1412776,md5,487d3879deeb58e87f35718d22e1156f,acquisitions\staging\textgrid-gretil\2026-07-12\payload\textgrid_49pmm_0.xml,True,1412776,933be276165e0678c2b179c83297012c29c57ac3bf625c359658b923dd50d064,487d3879deeb58e87f35718d22e1156f,True,True,TEI,pli_samyut4u,https://creativecommons.org/licenses/by-nc-sa/4.0/,
TG-GRE-C-0905,TG-GRE-0905,textgrid:49pmq.0,handle:hdl:21.11113/0000-0016-D26B-3,TEI_XML,1400105,md5,1cce147df0a520c6c690a66337421d74,acquisitions\staging\textgrid-gretil\2026-07-12\payload\textgrid_49pmq_0.xml,True,1400105,d1c304e03d009a0bcfec969915b382e6327d5eed86023de8aaa3e1cae9cb76f4,1cce147df0a520c6c690a66337421d74,True,True,TEI,pli_mahavg_u,https://creativecommons.org/licenses/by-nc-sa/4.0/,
TG-GRE-C-0906,TG-GRE-0906,textgrid:49pmt.0,handle:hdl:21.11113/0000-0016-D26E-0,TEI_XML,1605372,md5,52ca2d4744cf993e5bb6b3fd25c74d22,acquisitions\staging\textgrid-gretil\2026-07-12\payload\textgrid_49pmt_0.xml,True,1605372,47e4538a5701d6807dfd58bfac064c7732708839ed48c0979cfbba75ba477dea,52ca2d4744cf993e5bb6b3fd25c74d22,True,True,TEI,pli_angutt5u,https://creativecommons.org/licenses/by-nc-sa/4.0/,
TG-GRE-C-0907,TG-GRE-0907,textgrid:49pmx.0,handle:hdl:21.11113/0000-0016-D271-B,TEI_XML,1126901,md5,0f4b17abebf072f21795a43bcdea690c,acquisitions\staging\textgrid-gretil\2026-07-12\payload\textgrid_49pmx_0.xml,True,1126901,14e83c13487d5e2c851b8078b4b6e8f6f160e94ebc75fae867ba473fa5551b91,0f4b17abebf072f21795a43bcdea690c,True,True,TEI,pli_angutt1u,https://creativecommons.org/licenses/by-nc-sa/4.0/,
TG-GRE-C-0908,TG-GRE-0908,textgrid:49pn1.0,handle:hdl:21.11113/0000-0016-D274-8,TEI_XML,510680,md5,96ee72e271d62f4b2e6f4b6778c5bef9,acquisitions\staging\textgrid-gretil\2026-07-12\payload\textgrid_49pn1_0.xml,True,510680,4875a5361512953472f6e53163707892f2b01eb710f2d23728fbb8d89d1dea53,96ee72e271d62f4b2e6f4b6778c5bef9,True,True,TEI,pli_lokapp_u,https://creativecommons.org/licenses/by-nc-sa/4.0/,
TG-GRE-C-0909,TG-GRE-0909,textgrid:49pn4.0,handle:hdl:21.11113/0000-0016-D277-5,TEI_XML,1111672,md5,aa4393b1f28d2a60bfba611a8f8264c3,acquisitions\staging\textgrid-gretil\2026-07-12\payload\textgrid_49pn4_0.xml,True,1111672,eb00401956a0358dfee9b0339ed0c081a72ad9c6b95356f5a7e9cef878868420,aa4393b1f28d2a60bfba611a8f8264c3,True,True,TEI,pli_angutt4u,https://creativecommons.org/licenses/by-nc-sa/4.0/,
TG-GRE-C-0910,TG-GRE-0910,textgrid:49pn7.0,handle:hdl:21.11113/0000-0016-D27A-2,TEI_XML,169107,md5,e91eb685c1388e36472e5340388abc74,acquisitions\staging\textgrid-gretil\2026-07-12\payload\textgrid_49pn7_0.xml,True,169107,6771c9a8e1445a9a6612f9cea4b0164f5040a3be99867b0baa8ce2a60865508b,e91eb685c1388e36472e5340388abc74,True,True,TEI,pli_milind2u,https://creativecommons.org/licenses/by-nc-sa/4.0/,
TG-GRE-C-0911,TG-GRE-0911,textgrid:49pnb.0,handle:hdl:21.11113/0000-0016-D27D-F,TEI_XML,1818188,md5,42eff2c23f3933564bd2ce5de35b357c,acquisitions\staging\textgrid-gretil\2026-07-12\payload\textgrid_49pnb_0.xml,True,1818188,e931467333137ab1dbaa2b10ec24fe1b4a9d4b621c4ed2bf9b28d3aada4a8fd7,42eff2c23f3933564bd2ce5de35b357c,True,True,TEI,pli_majjhi1u,https://creativecommons.org/licenses/by-nc-sa/4.0/,
TG-GRE-C-0912,TG-GRE-0912,textgrid:49pnf.0,handle:hdl:21.11113/0000-0016-D280-9,TEI_XML,392377,md5,cee59b6c5498a90d0c46909e02927746,acquisitions\staging\textgrid-gretil\2026-07-12\payload\textgrid_49pnf_0.xml,True,392377,b6828442aee7954b4aa003009b1dd641781a0181ac1b76a26565d996b7a59d34,cee59b6c5498a90d0c46909e02927746,True,True,TEI,pli_upasak_u,https://creativecommons.org/licenses/by-nc-sa/4.0/,
TG-GRE-C-0913,TG-GRE-0913,textgrid:49pnj.0,handle:hdl:21.11113/0000-0016-D283-6,TEI_XML,206792,md5,9193b10af4d9b10fe2faea07730de596,acquisitions\staging\textgrid-gretil\2026-07-12\payload\textgrid_49pnj_0.xml,True,206792,7e1b2a4a3241f6cb18c1277f870fa24fa26bdf4c705c85053c2d64e72eb75f2d,9193b10af4d9b10fe2faea07730de596,True,True,TEI,pli_buddhavu,https://creativecommons.org/licenses/by-nc-sa/4.0/,
TG-GRE-C-0914,TG-GRE-0914,textgrid:49pnn.0,handle:hdl:21.11113/0000-0016-D286-3,TEI_XML,202093,md5,75d6eda9f4a4ece13d4383d72ded822b,acquisitions\staging\textgrid-gretil\2026-07-12\payload\textgrid_49pnn_0.xml,True,202093,ce12fc6e7161e159954b49d78f2c22b97c5b10c3e302c9f5c37c7e247b04fd45,75d6eda9f4a4ece13d4383d72ded822b,True,True,TEI,pli_vimanavu,https://creativecommons.org/licenses/by-nc-sa/4.0/,
TG-GRE-C-0915,TG-GRE-0915,textgrid:49pnr.0,handle:hdl:21.11113/0000-0016-D289-0,TEI_XML,72036,md5,220e3ee05a501ee0056e65e5d1a102d1,acquisitions\staging\textgrid-gretil\2026-07-12\payload\textgrid_49pnr_0.xml,True,72036,a8fb661aa4eaca6f78521490a89facdf776c6369ed4193162f252409b3cb981b,220e3ee05a501ee0056e65e5d1a102d1,True,True,TEI,pli_cariyapu,https://creativecommons.org/licenses/by-nc-sa/4.0/,
TG-GRE-C-0916,TG-GRE-0916,textgrid:49pnv.0,handle:hdl:21.11113/0000-0016-D28C-D,TEI_XML,104287,md5,ce369b304cd51602b56ec1196edcf6bb,acquisitions\staging\textgrid-gretil\2026-07-12\payload\textgrid_49pnv_0.xml,True,104287,d40c6752a339638efd4b5ea0d3c9ac755d689fa9e16bab620b71ffac1770c5c5,ce369b304cd51602b56ec1196edcf6bb,True,True,TEI,pli_dhamma1u,https://creativecommons.org/licenses/by-nc-sa/4.0/,
TG-GRE-C-0917,TG-GRE-0917,textgrid:49pnz.0,handle:hdl:21.11113/0000-0016-D28F-A,TEI_XML,1128776,md5,d30ed8a0f81c5e5957d387694db0d711,acquisitions\staging\textgrid-gretil\2026-07-12\payload\textgrid_49pnz_0.xml,True,1128776,9d55c06a2a7905c481d0f805a936967182d4875bba2b595ff4f9078333b0d0b9,d30ed8a0f81c5e5957d387694db0d711,True,True,TEI,pli_cullaniu,https://creativecommons.org/licenses/by-nc-sa/4.0/,
TG-GRE-C-0918,TG-GRE-0918,textgrid:49pp2.0,handle:hdl:21.11113/0000-0016-D292-5,TEI_XML,68147,md5,f1643605adf959aa4e78e708d5af6d73,acquisitions\staging\textgrid-gretil\2026-07-12\payload\textgrid_49pp2_0.xml,True,68147,830f6ebb9aa26e47b0fc83811afffb9881444a0bae21cc8813a27d3e65917a28,f1643605adf959aa4e78e708d5af6d73,True,True,TEI,pli_dhamma2u,https://creativecommons.org/licenses/by-nc-sa/4.0/,
TG-GRE-C-0919,TG-GRE-0919,textgrid:49pp5.0,handle:hdl:21.11113/0000-0016-D295-2,TEI_XML,1103788,md5,affc1db0c37268e4ce7d9ed23cfc0b4e,acquisitions\staging\textgrid-gretil\2026-07-12\payload\textgrid_49pp5_0.xml,True,1103788,bb31ee6100a4b5ea856cf1c355e3b773f0d78750f67da94014283e9cc2553dfd,affc1db0c37268e4ce7d9ed23cfc0b4e,True,True,TEI,pli_dighan1u,https://creativecommons.org/licenses/by-nc-sa/4.0/,
TG-GRE-C-0920,TG-GRE-0920,textgrid:49pp8.0,handle:hdl:21.11113/0000-0016-D298-F,TEI_XML,749088,md5,7d4ea000a72c9ff3c6ac880ac7d0285f,acquisitions\staging\textgrid-gretil\2026-07-12\payload\textgrid_49pp8_0.xml,True,749088,44969a30f271b4e40df207ac4cb543e986cfdf78829bf11fb272bcb6a4c4408b,7d4ea000a72c9ff3c6ac880ac7d0285f,True,True,TEI,pli_dighan2u,https://creativecommons.org/licenses/by-nc-sa/4.0/,
TG-GRE-C-0921,TG-GRE-0921,textgrid:49ppc.0,handle:hdl:21.11113/0000-0016-D29B-C,TEI_XML,1310185,md5,7f149c4e4a480b72533b9afef92dae24,acquisitions\staging\textgrid-gretil\2026-07-12\payload\textgrid_49ppc_0.xml,True,1310185,dc522c4d7d3c1a5c98eed85914c52d4be276e1f1e0cc61541224d30bd14db8f7,7f149c4e4a480b72533b9afef92dae24,True,True,TEI,pli_apadanau,https://creativecommons.org/licenses/by-nc-sa/4.0/,
TG-GRE-C-0922,TG-GRE-0922,textgrid:49ppg.0,handle:hdl:21.11113/0000-0016-D29E-9,TEI_XML,775428,md5,d8291be53f7bcb0b024010fad322066f,acquisitions\staging\textgrid-gretil\2026-07-12\payload\textgrid_49ppg_0.xml,True,775428,61a8a27ba3984f19b46899611066bc157202cf2accb0d340e83bf8065c46854f,d8291be53f7bcb0b024010fad322066f,True,True,TEI,pli_dighan3u,https://creativecommons.org/licenses/by-nc-sa/4.0/,
TG-GRE-C-0923,TG-GRE-0923,textgrid:49ppk.0,handle:hdl:21.11113/0000-0016-D2A1-4,TEI_XML,472131,md5,2e72796a85ca078b5c8f0d0f53c6b9b8,acquisitions\staging\textgrid-gretil\2026-07-12\payload\textgrid_49ppk_0.xml,True,472131,fc436aa359417af25c0c71357fdec0d1f73c51584b222fa04a9cf3f11f373c44,2e72796a85ca078b5c8f0d0f53c6b9b8,True,True,TEI,pli_dipav_2u,https://creativecommons.org/licenses/by-nc-sa/4.0/,
TG-GRE-C-0924,TG-GRE-0924,textgrid:49ppp.0,handle:hdl:21.11113/0000-0016-D2A4-1,TEI_XML,240658,md5,b8ca3e0337d2afcbcc2e31ec9b5f2174,acquisitions\staging\textgrid-gretil\2026-07-12\payload\textgrid_49ppp_0.xml,True,240658,5360896d51c0678812d99f1a291f36bf2c46c0b3665db5593ec1d627f409f16e,b8ca3e0337d2afcbcc2e31ec9b5f2174,True,True,TEI,pli_dipavmsu,https://creativecommons.org/licenses/by-nc-sa/4.0/,
TG-GRE-C-0925,TG-GRE-0925,textgrid:49pps.0,handle:hdl:21.11113/0000-0016-D2A7-E,TEI_XML,73368,md5,a907b1a742acfc47ba618010e7a80c59,acquisitions\staging\textgrid-gretil\2026-07-12\payload\textgrid_49pps_0.xml,True,73368,01057be5b3eff81197143eaa82c7e173ba25fbd429fba3ce6ddc81e9b13ddc22,a907b1a742acfc47ba618010e7a80c59,True,True,TEI,pli_hattha_u,https://creativecommons.org/licenses/by-nc-sa/4.0/,
TG-GRE-C-0926,TG-GRE-0926,textgrid:49ppw.0,handle:hdl:21.11113/0000-0016-D2AA-B,TEI_XML,157636,md5,edfd1a54ad85e3b5e929708693598a3b,acquisitions\staging\textgrid-gretil\2026-07-12\payload\textgrid_49ppw_0.xml,True,157636,c315b26f820dfa6617885a875af2c59a660a508839d1601375e7dfc4729cc3eb,edfd1a54ad85e3b5e929708693598a3b,True,True,TEI,pli_itivuttu,https://creativecommons.org/licenses/by-nc-sa/4.0/,
TG-GRE-C-0927,TG-GRE-0927,textgrid:49pq0.0,handle:hdl:21.11113/0000-0016-D2AD-8,TEI_XML,89910,md5,dc3669607b139443141e2d9a93dfd3f9,acquisitions\staging\textgrid-gretil\2026-07-12\payload\textgrid_49pq0_0.xml,True,89910,edf5354d0ebd9f12b747dc9ee055d52944e09443a7fb56ef60e64d374b54eb03,dc3669607b139443141e2d9a93dfd3f9,True,True,TEI,pli_jataka2u,https://creativecommons.org/licenses/by-nc-sa/4.0/,
TG-GRE-C-0928,TG-GRE-0928,textgrid:49pq3.0,handle:hdl:21.11113/0000-0016-D2B0-3,TEI_XML,27708,md5,115c8ebccf65ced3c69366939694eaf6,acquisitions\staging\textgrid-gretil\2026-07-12\payload\textgrid_49pq3_0.xml,True,27708,3e9a52e2557ee1b7cd1b753e38173d73f8a662462303a87c7bfeae4179793de7,115c8ebccf65ced3c69366939694eaf6,True,True,TEI,pli_khuddaku,https://creativecommons.org/licenses/by-nc-sa/4.0/,
TG-GRE-C-0929,TG-GRE-0929,textgrid:49pq6.0,handle:hdl:21.11113/0000-0016-D2B3-0,TEI_XML,325475,md5,566f231fcc610c9d9b8af046ff4ceadd,acquisitions\staging\textgrid-gretil\2026-07-12\payload\textgrid_49pq6_0.xml,True,325475,2f934c00c9b0e95acba4eaeaf520f935ff3ebda9010a417e5fefcb64be373a1d,566f231fcc610c9d9b8af046ff4ceadd,True,True,TEI,pli_jataka5u,https://creativecommons.org/licenses/by-nc-sa/4.0/,
TG-GRE-C-0930,TG-GRE-0930,textgrid:49pq9.0,handle:hdl:21.11113/0000-0016-D2B6-D,TEI_XML,458801,md5,02c15d3cc830439b362914ea4ab1bbf5,acquisitions\staging\textgrid-gretil\2026-07-12\payload\textgrid_49pq9_0.xml,True,458801,2457fadf338148b90c3a0c567e3b3331013d3ea02020c073d0803797174b2827,02c15d3cc830439b362914ea4ab1bbf5,True,True,TEI,pli_jataka6u,https://creativecommons.org/licenses/by-nc-sa/4.0/,
TG-GRE-C-0931,TG-GRE-0931,textgrid:49pqd.0,handle:hdl:21.11113/0000-0016-D2B9-A,TEI_XML,256640,md5,80be0229d7128a8895773901583fc1d0,acquisitions\staging\textgrid-gretil\2026-07-12\payload\textgrid_49pqd_0.xml,True,256640,95f9eb71fdb7a9e92a743cd2d3e0469aaf239803aeccd35f3f15fe96d3ceeec4,80be0229d7128a8895773901583fc1d0,True,True,TEI,pli_jataka4u,https://creativecommons.org/licenses/by-nc-sa/4.0/,
TG-GRE-C-0932,TG-GRE-0932,textgrid:49pqh.0,handle:hdl:21.11113/0000-0016-D2BC-7,TEI_XML,81153,md5,2615669d98ca112f709182c26019fe0d,acquisitions\staging\textgrid-gretil\2026-07-12\payload\textgrid_49pqh_0.xml,True,81153,aa9ccd105061573467b97499919a8983e7f2caa20779a7f78b76490f338b6f88,2615669d98ca112f709182c26019fe0d,True,True,TEI,pli_jinaca_u,https://creativecommons.org/licenses/by-nc-sa/4.0/,
TG-GRE-C-0933,TG-GRE-0933,textgrid:49pqm.0,handle:hdl:21.11113/0000-0016-D2BF-4,TEI_XML,92759,md5,2194f1531a76a3f4d82a8e89ee4e78ae,acquisitions\staging\textgrid-gretil\2026-07-12\payload\textgrid_49pqm_0.xml,True,92759,0fe21d10b627316590f05b894a38b5ab00d4ec0cb2888b9a1d8ea76f5746ae08,2194f1531a76a3f4d82a8e89ee4e78ae,True,True,TEI,pli_padama_u,https://creativecommons.org/licenses/by-nc-sa/4.0/,
TG-GRE-C-0934,TG-GRE-0934,textgrid:49pqq.0,handle:hdl:21.11113/0000-0016-D2C2-F,TEI_XML,34003,md5,893f2d3b56b8bee830d900fa0fdefa72,acquisitions\staging\textgrid-gretil\2026-07-12\payload\textgrid_49pqq_0.xml,True,34003,501f62be2606fe3e2c74af4087a08ac6f3077283bfe7ed8c3d067856b91fae50,893f2d3b56b8bee830d900fa0fdefa72,True,True,TEI,pli_mkacbheu,https://creativecommons.org/licenses/by-nc-sa/4.0/,
TG-GRE-C-0935,TG-GRE-0935,textgrid:49pqt.0,handle:hdl:21.11113/0000-0016-D2C5-C,TEI_XML,19082,md5,7345af8195ab43f311c15be2a1688418,acquisitions\staging\textgrid-gretil\2026-07-12\payload\textgrid_49pqt_0.xml,True,19082,a6521ef358a815f8d093792d39f5bb66f7ce5e9d94ff5e10cb4fb27a897723f7,7345af8195ab43f311c15be2a1688418,True,True,TEI,pli_yaskacsu,https://creativecommons.org/licenses/by-nc-sa/4.0/,
TG-GRE-C-0936,TG-GRE-0936,textgrid:49pqx.0,handle:hdl:21.11113/0000-0016-D2C8-9,TEI_XML,88225,md5,feffb32447ba8033de966cc0e11b073d,acquisitions\staging\textgrid-gretil\2026-07-12\payload\textgrid_49pqx_0.xml,True,88225,ee7bc7f748ae85810a1cd8c5bea07282b01f03b9f7cd0b2102e53f3eb1f7b9ca,feffb32447ba8033de966cc0e11b073d,True,True,TEI,pli_dhkariku,https://creativecommons.org/licenses/by-nc-sa/4.0/,
TG-GRE-C-0937,TG-GRE-0937,textgrid:49pr1.0,handle:hdl:21.11113/0000-0016-D2CB-6,TEI_XML,452514,md5,5dd38316b8f5f4249b200dcbbc3323ce,acquisitions\staging\textgrid-gretil\2026-07-12\payload\textgrid_49pr1_0.xml,True,452514,a1b7d1b4d8fdac10dda4f25c671addef67c4384e788f0b318ac1db13362df445,5dd38316b8f5f4249b200dcbbc3323ce,True,True,TEI,pli_petako_u,https://creativecommons.org/licenses/by-nc-sa/4.0/,
TG-GRE-C-0938,TG-GRE-0938,textgrid:49pr4.0,handle:hdl:21.11113/0000-0016-D2CE-3,TEI_XML,62489,md5,fe9219226051feea2ff99f5409706347,acquisitions\staging\textgrid-gretil\2026-07-12\payload\textgrid_49pr4_0.xml,True,62489,b05703e47dca7f29e3f280e55ff20f82380837de0f3772751444caec4806d03b,fe9219226051feea2ff99f5409706347,True,True,TEI,pli_saddatbu,https://creativecommons.org/licenses/by-nc-sa/4.0/,
TG-GRE-C-0939,TG-GRE-0939,textgrid:49pr7.0,handle:hdl:21.11113/0000-0016-D2D1-E,TEI_XML,12393,md5,1ab2510d8e3b464100e92f123c4ecc46,acquisitions\staging\textgrid-gretil\2026-07-12\payload\textgrid_49pr7_0.xml,True,12393,6b6c28a533ecd20c1ecf0b9c090ab62f85b684b72fb59df7ca7034ba972bf48f,1ab2510d8e3b464100e92f123c4ecc46,True,True,TEI,pli_saddab_u,https://creativecommons.org/licenses/by-nc-sa/4.0/,
TG-GRE-C-0940,TG-GRE-0940,textgrid:49prb.0,handle:hdl:21.11113/0000-0016-D2D4-B,TEI_XML,623054,md5,3eb1200292d0d388912c2998bc67a8b0,acquisitions\staging\textgrid-gretil\2026-07-12\payload\textgrid_49prb_0.xml,True,623054,d4ff18a7d3fe6ce7b5c7bc86b9a356962af2bcd3c63a655e6e1b712a675c1615,3eb1200292d0d388912c2998bc67a8b0,True,True,TEI,pli_chkacsnu,https://creativecommons.org/licenses/by-nc-sa/4.0/,
TG-GRE-C-0941,TG-GRE-0941,textgrid:49prf.0,handle:hdl:21.11113/0000-0016-D2D7-8,TEI_XML,33113,md5,16be1b7a6af3eacf777116715c0d0b56,acquisitions\staging\textgrid-gretil\2026-07-12\payload\textgrid_49prf_0.xml,True,33113,817a7a3386479902a5cbf67541fc38163f7c5d1f623c02125cbcb8869c9b28aa,16be1b7a6af3eacf777116715c0d0b56,True,True,TEI,pli_kaccay1u,https://creativecommons.org/licenses/by-nc-sa/4.0/,
TG-GRE-C-0942,TG-GRE-0942,textgrid:49prj.0,handle:hdl:21.11113/0000-0016-D2DA-5,TEI_XML,113218,md5,f3b24a158539cf6150deb2e060b13cac,acquisitions\staging\textgrid-gretil\2026-07-12\payload\textgrid_49prj_0.xml,True,113218,c339c43ae27632d8675b8cd7c17becf1ace9e8d67cdd3f6c58647fe938d5cf5f,f3b24a158539cf6150deb2e060b13cac,True,True,TEI,pli_vakyam_u,https://creativecommons.org/licenses/by-nc-sa/4.0/,
TG-GRE-C-0943,TG-GRE-0943,textgrid:49prn.0,handle:hdl:21.11113/0000-0016-D2DD-2,TEI_XML,131723,md5,fd4afed663f3f559cec2a0ed77fcb49f,acquisitions\staging\textgrid-gretil\2026-07-12\payload\textgrid_49prn_0.xml,True,131723,7b1bcf6a9589e9db0a0b18d4eecfd1fa023db89d866c7d21076ab89415d7bc3e,fd4afed663f3f559cec2a0ed77fcb49f,True,True,TEI,pli_balava_u,https://creativecommons.org/licenses/by-nc-sa/4.0/,
TG-GRE-C-0944,TG-GRE-0944,textgrid:49prr.0,handle:hdl:21.11113/0000-0016-D2E0-D,TEI_XML,255036,md5,b876bd1b6156c9d6dae1b8fd7444d334,acquisitions\staging\textgrid-gretil\2026-07-12\payload\textgrid_49prr_0.xml,True,255036,c4a5da7be8f9452e3b3ca364eae0a9a0c886f4f4f4aedcc43422e60b9009aa22,b876bd1b6156c9d6dae1b8fd7444d334,True,True,TEI,pli_dipava2u,https://creativecommons.org/licenses/by-nc-sa/4.0/,
TG-GRE-C-0945,TG-GRE-0945,textgrid:49prv.0,handle:hdl:21.11113/0000-0016-D2E3-A,TEI_XML,519241,md5,732aea4128d082de9cc5db9e349acd46,acquisitions\staging\textgrid-gretil\2026-07-12\payload\textgrid_49prv_0.xml,True,519241,06f2e347b73492e7b657e44fd3d45226a0d5dc5a78310b9182966e35a39cc72d,732aea4128d082de9cc5db9e349acd46,True,True,TEI,pli_samyut1u,https://creativecommons.org/licenses/by-nc-sa/4.0/,
TG-GRE-C-0946,TG-GRE-0946,textgrid:49prz.0,handle:hdl:21.11113/0000-0016-D2E6-7,TEI_XML,899745,md5,1c90e8a75017a847c5f6f301bcf58542,acquisitions\staging\textgrid-gretil\2026-07-12\payload\textgrid_49prz_0.xml,True,899745,e5a33fa8559ed114600854553d7a13b9b4c29b86b19b9f41df6c9cba9baab0d5,1c90e8a75017a847c5f6f301bcf58542,True,True,TEI,pli_yamaka2u,https://creativecommons.org/licenses/by-nc-sa/4.0/,
TG-GRE-C-0947,TG-GRE-0947,textgrid:49ps2.0,handle:hdl:21.11113/0000-0016-D2E9-4,TEI_XML,1054538,md5,2af10ea126dc543e67db1e1a25de8fd1,acquisitions\staging\textgrid-gretil\2026-07-12\payload\textgrid_49ps2_0.xml,True,1054538,8208b99ff034a948c8be9b092d95b126a1c5943cdc7a1a2c2a0ef3b275e544b8,2af10ea126dc543e67db1e1a25de8fd1,True,True,TEI,pli_samyut2u,https://creativecommons.org/licenses/by-nc-sa/4.0/,
TG-GRE-C-0948,TG-GRE-0948,textgrid:49ps5.0,handle:hdl:21.11113/0000-0016-D2EC-1,TEI_XML,2493082,md5,b3cb382e7724073edac0e0e53eb4c86b,acquisitions\staging\textgrid-gretil\2026-07-12\payload\textgrid_49ps5_0.xml,True,2493082,a45caeff37e483f7bba7b7a7977d899f18d7385873b5683d53ff6979d7078730,b3cb382e7724073edac0e0e53eb4c86b,True,True,TEI,pli_pattha2u,https://creativecommons.org/licenses/by-nc-sa/4.0/,
TG-GRE-C-0949,TG-GRE-0949,textgrid:49ps8.0,handle:hdl:21.11113/0000-0016-D2EF-E,TEI_XML,1714563,md5,ccfd0f0843e2996d510433d4c8552c12,acquisitions\staging\textgrid-gretil\2026-07-12\payload\textgrid_49ps8_0.xml,True,1714563,99395cd5a119dbb73a7a35d1558f10cdb860f8fcc6c2a17c5bd51c7cdc389429,ccfd0f0843e2996d510433d4c8552c12,True,True,TEI,pli_pacitt_u,https://creativecommons.org/licenses/by-nc-sa/4.0/,
TG-GRE-C-0950,TG-GRE-0950,textgrid:49psc.0,handle:hdl:21.11113/0000-0016-D2F2-9,TEI_XML,910788,md5,ac8f24add84c0143420a72db9998721c,acquisitions\staging\textgrid-gretil\2026-07-12\payload\textgrid_49psc_0.xml,True,910788,4e3f4c3b5bbfc3590c0e62e6c66f2dd0d24e2924442283dce2a3d73dff4ae5c9,ac8f24add84c0143420a72db9998721c,True,True,TEI,pli_paraji_u,https://creativecommons.org/licenses/by-nc-sa/4.0/,
TG-GRE-C-0951,TG-GRE-0951,textgrid:49psg.0,handle:hdl:21.11113/0000-0016-D2F5-6,TEI_XML,1801604,md5,725857de65a9d988057943e05d31c579,acquisitions\staging\textgrid-gretil\2026-07-12\payload\textgrid_49psg_0.xml,True,1801604,77e0bf9349e411f89f45004d4cccfa4b38fbbfe91631e79b1d795897b0b55f89,725857de65a9d988057943e05d31c579,True,True,TEI,pli_pattha1u,https://creativecommons.org/licenses/by-nc-sa/4.0/,
TG-GRE-C-0952,TG-GRE-0952,textgrid:49psk.0,handle:hdl:21.11113/0000-0016-D2F8-3,TEI_XML,946213,md5,c6ff5e8893c9d6c4ca0e5392af800ead,acquisitions\staging\textgrid-gretil\2026-07-12\payload\textgrid_49psk_0.xml,True,946213,aea804f3ad9e5ac2fed0398b94c85b0d42efbdebb264de006a9b06f19d81dc2e,c6ff5e8893c9d6c4ca0e5392af800ead,True,True,TEI,pli_pariva_u,https://creativecommons.org/licenses/by-nc-sa/4.0/,
TG-GRE-C-0953,TG-GRE-0953,textgrid:49psp.0,handle:hdl:21.11113/0000-0016-D2FB-0,TEI_XML,1702851,md5,4f3b4d9c65e281a31bc5c297e58c1466,acquisitions\staging\textgrid-gretil\2026-07-12\payload\textgrid_49psp_0.xml,True,1702851,a4b8d61f8cabd793a01c49541759fc21f8465d78f71fd8f857ef3848a3bc7ca1,4f3b4d9c65e281a31bc5c297e58c1466,True,True,TEI,pli_cullav_u,https://creativecommons.org/licenses/by-nc-sa/4.0/,
TG-GRE-C-0954,TG-GRE-0954,textgrid:49pss.0,handle:hdl:21.11113/0000-0016-D2FE-D,TEI_XML,670591,md5,c17a9632568933e191d775053f9b2b0a,acquisitions\staging\textgrid-gretil\2026-07-12\payload\textgrid_49pss_0.xml,True,670591,a9e1eed79bc19f4f6204c20534add7efc87fa67d1b8b0db5f1ad96e523d10985,c17a9632568933e191d775053f9b2b0a,True,True,TEI,pli_kathav1u,https://creativecommons.org/licenses/by-nc-sa/4.0/,
TG-GRE-C-0955,TG-GRE-0955,textgrid:49psw.0,handle:hdl:21.11113/0000-0016-D301-8,TEI_XML,602941,md5,a4bfbfa9365dfd26a1745e8434e0d82b,acquisitions\staging\textgrid-gretil\2026-07-12\payload\textgrid_49psw_0.xml,True,602941,d2a23ebc37ab26ea7205b8dba7a317d9576378ac485485f1ffcd55a66d5595b5,a4bfbfa9365dfd26a1745e8434e0d82b,True,True,TEI,pli_kathav2u,https://creativecommons.org/licenses/by-nc-sa/4.0/,
TG-GRE-C-0956,TG-GRE-0956,textgrid:49pt0.0,handle:hdl:21.11113/0000-0016-D304-5,TEI_XML,651411,md5,8c2042b83a45be977a8f09608a54c2b1,acquisitions\staging\textgrid-gretil\2026-07-12\payload\textgrid_49pt0_0.xml,True,651411,7d0bcc73aafbae0890e041f9d47e23a8b8051d5029fb1eba24848a9a192f8ef0,8c2042b83a45be977a8f09608a54c2b1,True,True,TEI,pli_dhamsanu,https://creativecommons.org/licenses/by-nc-sa/4.0/,
TG-GRE-C-0957,TG-GRE-0957,textgrid:49pt3.0,handle:hdl:21.11113/0000-0016-D307-2,TEI_XML,677129,md5,d2f7a87418ed333a70c0632c4418a637,acquisitions\staging\textgrid-gretil\2026-07-12\payload\textgrid_49pt3_0.xml,True,677129,932fefb9cf506c700a9fb46602b723a5a924186990a1d25c02e19f8d4efbcb48,d2f7a87418ed333a70c0632c4418a637,True,True,TEI,pli_angutt2u,https://creativecommons.org/licenses/by-nc-sa/4.0/,
TG-GRE-C-0958,TG-GRE-0958,textgrid:49pt6.0,handle:hdl:21.11113/0000-0016-D30A-F,TEI_XML,208282,md5,c7977df58cc839e96ff4e437da4b4bdf,acquisitions\staging\textgrid-gretil\2026-07-12\payload\textgrid_49pt6_0.xml,True,208282,0bd9d2a10c4d9a0dcc24d7d90a38270af0c879dd29e7283b9938173a840e5f44,c7977df58cc839e96ff4e437da4b4bdf,True,True,TEI,pli_dhatukau,https://creativecommons.org/licenses/by-nc-sa/4.0/,
TG-GRE-C-0959,TG-GRE-0959,textgrid:49pt9.0,handle:hdl:21.11113/0000-0016-D30D-C,TEI_XML,1084269,md5,dfd772f2fc96de02c1ccec2d265ee705,acquisitions\staging\textgrid-gretil\2026-07-12\payload\textgrid_49pt9_0.xml,True,1084269,0b94504137ec8ab8423125e4c10f1c8982e1df666415ddda1275ba7e71b40e25,dfd772f2fc96de02c1ccec2d265ee705,True,True,TEI,pli_angutt3u,https://creativecommons.org/licenses/by-nc-sa/4.0/,
TG-GRE-C-0960,TG-GRE-0960,textgrid:49ptd.0,handle:hdl:21.11113/0000-0016-D310-7,TEI_XML,1203927,md5,f9f18226c94edc76a7eb5e31cfe30fd3,acquisitions\staging\textgrid-gretil\2026-07-12\payload\textgrid_49ptd_0.xml,True,1203927,bcbe9b9c93675d236714aa85afa77cc65a9119f8ef429e5ad43cc902306202d7,f9f18226c94edc76a7eb5e31cfe30fd3,True,True,TEI,pli_mahanidu,https://creativecommons.org/licenses/by-nc-sa/4.0/,
TG-GRE-C-0961,TG-GRE-0961,textgrid:49pth.0,handle:hdl:21.11113/0000-0016-D313-4,TEI_XML,1486371,md5,37ec24c024609d46bcb14c6e3ef45d48,acquisitions\staging\textgrid-gretil\2026-07-12\payload\textgrid_49pth_0.xml,True,1486371,b815c601d23ea733b4e2185a56f432f2d0e33cfe9439682979b7fac3ac6a2c92,37ec24c024609d46bcb14c6e3ef45d48,True,True,TEI,pli_mahava_u,https://creativecommons.org/licenses/by-nc-sa/4.0/,
TG-GRE-C-0962,TG-GRE-0962,textgrid:49ptm.0,handle:hdl:21.11113/0000-0016-D316-1,TEI_XML,846163,md5,1651239237e59ecd889241338554241a,acquisitions\staging\textgrid-gretil\2026-07-12\payload\textgrid_49ptm_0.xml,True,846163,cbf4e1c9c745d28500f57b4a725f3f74868fa9c0de82ac1d439159980dc0b283,1651239237e59ecd889241338554241a,True,True,TEI,pli_majjhi2u,https://creativecommons.org/licenses/by-nc-sa/4.0/,
TG-GRE-C-0963,TG-GRE-0963,textgrid:49ptq.0,handle:hdl:21.11113/0000-0016-D319-E,TEI_XML,912378,md5,819f24f3a34fe6eced24ce9777a18fb7,acquisitions\staging\textgrid-gretil\2026-07-12\payload\textgrid_49ptq_0.xml,True,912378,741c7e1a991a8da28a2afa3f4264319c4c5aa77568ac88c5c33b852bcc790c2f,819f24f3a34fe6eced24ce9777a18fb7,True,True,TEI,pli_majjhi3u,https://creativecommons.org/licenses/by-nc-sa/4.0/,
TG-GRE-C-0964,TG-GRE-0964,textgrid:49ptt.0,handle:hdl:21.11113/0000-0016-D31C-B,TEI_XML,893908,md5,54ab2747a1aeda8c9dd214a58db510e8,acquisitions\staging\textgrid-gretil\2026-07-12\payload\textgrid_49ptt_0.xml,True,893908,8323ee7d7ddf5ef6d713db51c15fef837aebf37e4c6d390e8b287ff613bc598f,54ab2747a1aeda8c9dd214a58db510e8,True,True,TEI,pli_milind1u,https://creativecommons.org/licenses/by-nc-sa/4.0/,
TG-GRE-C-0965,TG-GRE-0965,textgrid:49ptx.0,handle:hdl:21.11113/0000-0016-D31F-8,TEI_XML,65112,md5,fd5360fe4c966bddf952ff61ceca7e80,acquisitions\staging\textgrid-gretil\2026-07-12\payload\textgrid_49ptx_0.xml,True,65112,aefa64ade2ecc9e9b62e2672c68b44fc0efa35bde7e610c7b7cc29ccf5333449,fd5360fe4c966bddf952ff61ceca7e80,True,True,TEI,pli_subodh_u,https://creativecommons.org/licenses/by-nc-sa/4.0/,
TG-GRE-C-0966,TG-GRE-0966,textgrid:49pv1.0,handle:hdl:21.11113/0000-0016-D322-3,TEI_XML,149718,md5,b7ce1e2091316b60fc7a7050208abfed,acquisitions\staging\textgrid-gretil\2026-07-12\payload\textgrid_49pv1_0.xml,True,149718,977d5ca964ca1afc8af0ebe071cf5b5f4f2fdf8f8c960e8953feabb0c08fd531,b7ce1e2091316b60fc7a7050208abfed,True,True,TEI,pli_petavatu,https://creativecommons.org/licenses/by-nc-sa/4.0/,
TG-GRE-C-0967,TG-GRE-0967,textgrid:49pv4.0,handle:hdl:21.11113/0000-0016-D325-0,TEI_XML,520520,md5,6c7fddcbb3f4d0576a302a21af99d8f9,acquisitions\staging\textgrid-gretil\2026-07-12\payload\textgrid_49pv4_0.xml,True,520520,08cf1807462b80c1da1a7d8ae4d8724e3c98cb0b9debe416b29be0daab39954f,6c7fddcbb3f4d0576a302a21af99d8f9,True,True,TEI,pli_patisa2u,https://creativecommons.org/licenses/by-nc-sa/4.0/,
TG-GRE-C-0968,TG-GRE-0968,textgrid:49pv7.0,handle:hdl:21.11113/0000-0016-D328-D,TEI_XML,1593748,md5,ce3ab23810aa3ca515be0076bfc28b4b,acquisitions\staging\textgrid-gretil\2026-07-12\payload\textgrid_49pv7_0.xml,True,1593748,8ab1970a430f05aef9644c33ad8a7f94d89292fdfa6aba3bae221438b2b276b6,ce3ab23810aa3ca515be0076bfc28b4b,True,True,TEI,pli_patisa1u,https://creativecommons.org/licenses/by-nc-sa/4.0/,
TG-GRE-C-0969,TG-GRE-0969,textgrid:49pvb.0,handle:hdl:21.11113/0000-0016-D32B-A,TEI_XML,283601,md5,fa88af52429a1f682b523bb840b3c7bf,acquisitions\staging\textgrid-gretil\2026-07-12\payload\textgrid_49pvb_0.xml,True,283601,a1a48fec2dea2b37c9b4d4c91a92d02f97ed7a2f6f42a5149ce50521c5a543aa,fa88af52429a1f682b523bb840b3c7bf,True,True,TEI,pli_suttaniu,https://creativecommons.org/licenses/by-nc-sa/4.0/,
TG-GRE-C-0970,TG-GRE-0970,textgrid:49pvf.0,handle:hdl:21.11113/0000-0016-D32E-7,TEI_XML,264498,md5,19d8025fb8b99ef51c214c5fb93c3275,acquisitions\staging\textgrid-gretil\2026-07-12\payload\textgrid_49pvf_0.xml,True,264498,7e1072fd6607011b6b5c471fdac320af4d1a395d1706057edcecd536d6d13654,19d8025fb8b99ef51c214c5fb93c3275,True,True,TEI,pli_theragau,https://creativecommons.org/licenses/by-nc-sa/4.0/,
TG-GRE-C-0971,TG-GRE-0971,textgrid:49tcf.0,handle:hdl:21.11113/0000-0016-D54C-3,TEI_XML,19178,md5,2db5df2e43b1ea057fc1ad0af2322db5,acquisitions\staging\textgrid-gretil\2026-07-12\payload\textgrid_49tcf_0.xml,True,19178,4be0ad1d0b14415f1c8dc2c6eff7d9d30520a82f1f8c59c3cd80638d604c6528,2db5df2e43b1ea057fc1ad0af2322db5,True,True,TEI,tam_pm020,https://creativecommons.org/licenses/by-nc-sa/4.0/,
TG-GRE-C-0972,TG-GRE-0972,textgrid:49tcj.0,handle:hdl:21.11113/0000-0016-D54F-0,TEI_XML,14853,md5,f696ad7a12b9457c926ad1e06ce6fce1,acquisitions\staging\textgrid-gretil\2026-07-12\payload\textgrid_49tcj_0.xml,True,14853,cccd96726c9d92d77d83d9f0f147d51206a2a4e4db7aa7554e222c652a10f302,f696ad7a12b9457c926ad1e06ce6fce1,True,True,TEI,tam_pm022,https://creativecommons.org/licenses/by-nc-sa/4.0/,
TG-GRE-C-0973,TG-GRE-0973,textgrid:49tcn.0,handle:hdl:21.11113/0000-0016-D552-B,TEI_XML,34867,md5,1c2d3fd04861f433812890f9e5356c2d,acquisitions\staging\textgrid-gretil\2026-07-12\payload\textgrid_49tcn_0.xml,True,34867,80c315b38a8a7131a8089cc5ec385367e0ce0f5056e7263ffa0f6582746a9a53,1c2d3fd04861f433812890f9e5356c2d,True,True,TEI,tam_pm023-2u,https://creativecommons.org/licenses/by-nc-sa/4.0/,
TG-GRE-C-0974,TG-GRE-0974,textgrid:49tcr.0,handle:hdl:21.11113/0000-0016-D555-8,TEI_XML,395356,md5,6565b802b101a23943ddd3dd34ba7553,acquisitions\staging\textgrid-gretil\2026-07-12\payload\textgrid_49tcr_0.xml,True,395356,96a16c10ad23d35abd9ebcc4920a38aced8cec23d5d92d5b755f2fafa8df0e4e,6565b802b101a23943ddd3dd34ba7553,True,True,TEI,tam_pm006,https://creativecommons.org/licenses/by-nc-sa/4.0/,
TG-GRE-C-0975,TG-GRE-0975,textgrid:49tcv.0,handle:hdl:21.11113/0000-0016-D558-5,TEI_XML,36036,md5,c423560e32f6cfcaaabb26e59f6c802f,acquisitions\staging\textgrid-gretil\2026-07-12\payload\textgrid_49tcv_0.xml,True,36036,fcca3ebf1da20124a190be24688a9011c824173039a4c911fd58095756a0405a,c423560e32f6cfcaaabb26e59f6c802f,True,True,TEI,tam_pm024,https://creativecommons.org/licenses/by-nc-sa/4.0/,
TG-GRE-C-0976,TG-GRE-0976,textgrid:49tcz.0,handle:hdl:21.11113/0000-0016-D55B-2,TEI_XML,48272,md5,794d6846fbb5de87cdeaac84659d91d8,acquisitions\staging\textgrid-gretil\2026-07-12\payload\textgrid_49tcz_0.xml,True,48272,e22ac291a7db2f2eda4514cd39618cd559d5a4fea6ef03dc2c3843016b7a3b24,794d6846fbb5de87cdeaac84659d91d8,True,True,TEI,tam_pm025,https://creativecommons.org/licenses/by-nc-sa/4.0/,
TG-GRE-C-0977,TG-GRE-0977,textgrid:49td2.0,handle:hdl:21.11113/0000-0016-D55E-F,TEI_XML,11571,md5,25a510e71887f958683ba8e41faa83a0,acquisitions\staging\textgrid-gretil\2026-07-12\payload\textgrid_49td2_0.xml,True,11571,adca521b13a2bd375dc8d8bfaf0f732b03d7fc2f80a7720723e9cda2ee05ffea,25a510e71887f958683ba8e41faa83a0,True,True,TEI,tam_pm026-2u,https://creativecommons.org/licenses/by-nc-sa/4.0/,
TG-GRE-C-0978,TG-GRE-0978,textgrid:49td5.0,handle:hdl:21.11113/0000-0016-D561-A,TEI_XML,59397,md5,a49fc3ac4e6efb15a5ac42fa0fcbd506,acquisitions\staging\textgrid-gretil\2026-07-12\payload\textgrid_49td5_0.xml,True,59397,382ac1773e277dc0ed1f49b2529e968fc1126c5865f08fa2171eb45cfa35c43b,a49fc3ac4e6efb15a5ac42fa0fcbd506,True,True,TEI,tam_pm027,https://creativecommons.org/licenses/by-nc-sa/4.0/,
TG-GRE-C-0979,TG-GRE-0979,textgrid:49td8.0,handle:hdl:21.11113/0000-0016-D564-7,TEI_XML,35809,md5,3a9ec8ce6208481bb46407978de5ae2d,acquisitions\staging\textgrid-gretil\2026-07-12\payload\textgrid_49td8_0.xml,True,35809,f98f1f923c6ce6a502ad3632fbea1e422c6c2c2a98d7dfc9d1b96ff6002900f7,3a9ec8ce6208481bb46407978de5ae2d,True,True,TEI,tam_pm120b_u,https://creativecommons.org/licenses/by-nc-sa/4.0/,
TG-GRE-C-0980,TG-GRE-0980,textgrid:49tdc.0,handle:hdl:21.11113/0000-0016-D567-4,TEI_XML,57176,md5,93f26cc6b49880da81ef42c3f12e3248,acquisitions\staging\textgrid-gretil\2026-07-12\payload\textgrid_49tdc_0.xml,True,57176,1f37730742dbbde9c4cec7e74ba61d92164427e909eb3424628d058cb7af16cf,93f26cc6b49880da81ef42c3f12e3248,True,True,TEI,tam_pm155,https://creativecommons.org/licenses/by-nc-sa/4.0/,
TG-GRE-C-0981,TG-GRE-0981,textgrid:49tdg.0,handle:hdl:21.11113/0000-0016-D56A-1,TEI_XML,69617,md5,1c867e9b8074979c613f22106f48472d,acquisitions\staging\textgrid-gretil\2026-07-12\payload\textgrid_49tdg_0.xml,True,69617,b3e1b568578d7ff2fe9a076bb012f523afd825a6b40866e9f1721261f43afd0c,1c867e9b8074979c613f22106f48472d,True,True,TEI,tam_pm066,https://creativecommons.org/licenses/by-nc-sa/4.0/,
TG-GRE-C-0982,TG-GRE-0982,textgrid:49tdk.0,handle:hdl:21.11113/0000-0016-D56D-E,TEI_XML,63462,md5,a295a1678ed9bbef02440aa649e01c2a,acquisitions\staging\textgrid-gretil\2026-07-12\payload\textgrid_49tdk_0.xml,True,63462,c8165f0b91e014c04f71f8dea13c665d0b5788ec183d9c10854026ee40d5ceda,a295a1678ed9bbef02440aa649e01c2a,True,True,TEI,tam_pm029,https://creativecommons.org/licenses/by-nc-sa/4.0/,
TG-GRE-C-0983,TG-GRE-0983,textgrid:49tdp.0,handle:hdl:21.11113/0000-0016-D570-9,TEI_XML,60756,md5,730f341e3144f607c0d97b76f0630f4b,acquisitions\staging\textgrid-gretil\2026-07-12\payload\textgrid_49tdp_0.xml,True,60756,c357dae76b7e4f8aea05da25c41f5316064c8dfa54801c44c9050aa1154b7ac5,730f341e3144f607c0d97b76f0630f4b,True,True,TEI,tam_pm037,https://creativecommons.org/licenses/by-nc-sa/4.0/,
TG-GRE-C-0984,TG-GRE-0984,textgrid:49tds.0,handle:hdl:21.11113/0000-0016-D573-6,TEI_XML,43610,md5,1be7672eb409688e54f0e608da200401,acquisitions\staging\textgrid-gretil\2026-07-12\payload\textgrid_49tds_0.xml,True,43610,c50affb3c1be4db190382230b1db78b5ca8bfc64acc6e07408893c48760f0ba5,1be7672eb409688e54f0e608da200401,True,True,TEI,tam_pm040,https://creativecommons.org/licenses/by-nc-sa/4.0/,
TG-GRE-C-0985,TG-GRE-0985,textgrid:49tdw.0,handle:hdl:21.11113/0000-0016-D576-3,TEI_XML,59150,md5,82fb0cfc72aec250ec0c065aeebb4b4e,acquisitions\staging\textgrid-gretil\2026-07-12\payload\textgrid_49tdw_0.xml,True,59150,a6c3690c0160363b5b914bfcb26e124d285acddd14f2ae71329b46f9abbd0eef,82fb0cfc72aec250ec0c065aeebb4b4e,True,True,TEI,tam_pm045,https://creativecommons.org/licenses/by-nc-sa/4.0/,
TG-GRE-C-0986,TG-GRE-0986,textgrid:49tf0.0,handle:hdl:21.11113/0000-0016-D579-0,TEI_XML,34833,md5,abd729c7c5e4e15e5a9499aae36dbe1e,acquisitions\staging\textgrid-gretil\2026-07-12\payload\textgrid_49tf0_0.xml,True,34833,8ddda5d52f38b897109196e388034b12ce18f975298f2df63d9516f86f918ce9,abd729c7c5e4e15e5a9499aae36dbe1e,True,True,TEI,tam_pm047,https://creativecommons.org/licenses/by-nc-sa/4.0/,
TG-GRE-C-0987,TG-GRE-0987,textgrid:49tf3.0,handle:hdl:21.11113/0000-0016-D57C-D,TEI_XML,35328,md5,5cddc40225a82b59d88db713b1a9aeeb,acquisitions\staging\textgrid-gretil\2026-07-12\payload\textgrid_49tf3_0.xml,True,35328,481c1701e1b716dbc33631304c8529725c5f0df0a3f4cfbc87493540308845c5,5cddc40225a82b59d88db713b1a9aeeb,True,True,TEI,tam_pm048,https://creativecommons.org/licenses/by-nc-sa/4.0/,
TG-GRE-C-0988,TG-GRE-0988,textgrid:49tf6.0,handle:hdl:21.11113/0000-0016-D57F-A,TEI_XML,18605,md5,e9f28d3402c1f5f69ff10d9a1db96c2c,acquisitions\staging\textgrid-gretil\2026-07-12\payload\textgrid_49tf6_0.xml,True,18605,9db105b02c5215db76559815d941c8561804b4fd3e53d3f2e882561312e60807,e9f28d3402c1f5f69ff10d9a1db96c2c,True,True,TEI,tam_pm050,https://creativecommons.org/licenses/by-nc-sa/4.0/,
TG-GRE-C-0989,TG-GRE-0989,textgrid:49tf9.0,handle:hdl:21.11113/0000-0016-D582-4,TEI_XML,38880,md5,a46b2cc11e9599a0cb0a0262ff039b76,acquisitions\staging\textgrid-gretil\2026-07-12\payload\textgrid_49tf9_0.xml,True,38880,950a8e1a50de6980db9e3ec99031f10ac510fc1f3e33b50999b3bc1260e5330e,a46b2cc11e9599a0cb0a0262ff039b76,True,True,TEI,tam_pm051,https://creativecommons.org/licenses/by-nc-sa/4.0/,
TG-GRE-C-0990,TG-GRE-0990,textgrid:49tfd.0,handle:hdl:21.11113/0000-0016-D585-1,TEI_XML,48797,md5,cb02d80e0f8fe037ca2fa3a217d476be,acquisitions\staging\textgrid-gretil\2026-07-12\payload\textgrid_49tfd_0.xml,True,48797,b2adaf72a51f04fbeb6e8cdfcee1efbf424e6881d507a1f20c326c23da578408,cb02d80e0f8fe037ca2fa3a217d476be,True,True,TEI,tam_pm052,https://creativecommons.org/licenses/by-nc-sa/4.0/,
TG-GRE-C-0991,TG-GRE-0991,textgrid:49tfh.0,handle:hdl:21.11113/0000-0016-D588-E,TEI_XML,31939,md5,f3e948f420c3f45f7f93589d90dd3528,acquisitions\staging\textgrid-gretil\2026-07-12\payload\textgrid_49tfh_0.xml,True,31939,4fde5a51b7743577ceca42a0d4731d76f077bdfc8bbb030be49c0419053d5967,f3e948f420c3f45f7f93589d90dd3528,True,True,TEI,tam_pm055,https://creativecommons.org/licenses/by-nc-sa/4.0/,
TG-GRE-C-0992,TG-GRE-0992,textgrid:49tfm.0,handle:hdl:21.11113/0000-0016-D58B-B,TEI_XML,50923,md5,3af6c0a12fba4bf97a5874d880e56368,acquisitions\staging\textgrid-gretil\2026-07-12\payload\textgrid_49tfm_0.xml,True,50923,39752235688151ee2b3e6f1277362b6fdfd9452fef5798b16ca93c14e0b0cd4d,3af6c0a12fba4bf97a5874d880e56368,True,True,TEI,tam_pm056,https://creativecommons.org/licenses/by-nc-sa/4.0/,
TG-GRE-C-0993,TG-GRE-0993,textgrid:49tfq.0,handle:hdl:21.11113/0000-0016-D58E-8,TEI_XML,92579,md5,22fb2a836e9b0901f0145218dc0489bc,acquisitions\staging\textgrid-gretil\2026-07-12\payload\textgrid_49tfq_0.xml,True,92579,ca6447575a118fdacc751261d4585de8e89f27e6bb05a63eec2e0e94abb0225c,22fb2a836e9b0901f0145218dc0489bc,True,True,TEI,tam_pm009-1u,https://creativecommons.org/licenses/by-nc-sa/4.0/,
TG-GRE-C-0994,TG-GRE-0994,textgrid:49tft.0,handle:hdl:21.11113/0000-0016-D591-3,TEI_XML,75147,md5,b4ad3dc4e058c12b2e872afb9f9428df,acquisitions\staging\textgrid-gretil\2026-07-12\payload\textgrid_49tft_0.xml,True,75147,011255c02decfe0305902247e3c7b049ee75873215eacb41524bcc8485116cdc,b4ad3dc4e058c12b2e872afb9f9428df,True,True,TEI,tam_pm009-2u,https://creativecommons.org/licenses/by-nc-sa/4.0/,
TG-GRE-C-0995,TG-GRE-0995,textgrid:49tfx.0,handle:hdl:21.11113/0000-0016-D594-0,TEI_XML,71984,md5,c6e94b7ea1144802dffc3990439ec0f2,acquisitions\staging\textgrid-gretil\2026-07-12\payload\textgrid_49tfx_0.xml,True,71984,b1fe86bb2f642639f3d47c90e216b4009da51393cae0eb7366875b7a50aaa3f4,c6e94b7ea1144802dffc3990439ec0f2,True,True,TEI,tam_pm009-3u,https://creativecommons.org/licenses/by-nc-sa/4.0/,
TG-GRE-C-0996,TG-GRE-0996,textgrid:49tg1.0,handle:hdl:21.11113/0000-0016-D597-D,TEI_XML,79253,md5,fa6f09fe4b1995957708a905f5295261,acquisitions\staging\textgrid-gretil\2026-07-12\payload\textgrid_49tg1_0.xml,True,79253,ff6b506b7e455dc17d4387d1c18f8cb3a345c883835f3c3ca7d6d87caf471703,fa6f09fe4b1995957708a905f5295261,True,True,TEI,tam_pm009-4u,https://creativecommons.org/licenses/by-nc-sa/4.0/,
TG-GRE-C-0997,TG-GRE-0997,textgrid:49tg4.0,handle:hdl:21.11113/0000-0016-D59A-A,TEI_XML,110540,md5,ffd55ba7023f60f55da2fe25146e1402,acquisitions\staging\textgrid-gretil\2026-07-12\payload\textgrid_49tg4_0.xml,True,110540,c2c79e4e6559097d11d112c0514fcbf4b2e5c65e19858e9d8346caa50ff77ef4,ffd55ba7023f60f55da2fe25146e1402,True,True,TEI,tam_pm010-1u,https://creativecommons.org/licenses/by-nc-sa/4.0/,
TG-GRE-C-0998,TG-GRE-0998,textgrid:49tg7.0,handle:hdl:21.11113/0000-0016-D59D-7,TEI_XML,52418,md5,ee8128990a340ca122fcec0e654051bc,acquisitions\staging\textgrid-gretil\2026-07-12\payload\textgrid_49tg7_0.xml,True,52418,8a7dfba919cafaed42334600b4121335c5fc655333ee78a345e14e486dc8f134,ee8128990a340ca122fcec0e654051bc,True,True,TEI,tam_pm059,https://creativecommons.org/licenses/by-nc-sa/4.0/,
TG-GRE-C-0999,TG-GRE-0999,textgrid:49tgb.0,handle:hdl:21.11113/0000-0016-D5A0-2,TEI_XML,106189,md5,d37e3653b70814e4b5881fe94f062495,acquisitions\staging\textgrid-gretil\2026-07-12\payload\textgrid_49tgb_0.xml,True,106189,766a2784bbe6c7c9156b9116afe4184818573cdbd30347437a928532538bd4fc,d37e3653b70814e4b5881fe94f062495,True,True,TEI,tam_pm010-3u,https://creativecommons.org/licenses/by-nc-sa/4.0/,
TG-GRE-C-1000,TG-GRE-1000,textgrid:49tgf.0,handle:hdl:21.11113/0000-0016-D5A3-F,TEI_XML,22840,md5,c325d99d6dadc5bbcb9b970cdb82b08d,acquisitions\staging\textgrid-gretil\2026-07-12\payload\textgrid_49tgf_0.xml,True,22840,a5f82dec6342750f32ebc29bb7c3076939318b8df4f61b7fef646a0c0e20a4f8,c325d99d6dadc5bbcb9b970cdb82b08d,True,True,TEI,tam_pm061,https://creativecommons.org/licenses/by-nc-sa/4.0/,
TG-GRE-C-1001,TG-GRE-1001,textgrid:49tgj.0,handle:hdl:21.11113/0000-0016-D5A6-C,TEI_XML,38207,md5,4582536e4829ec0405eefc75ba58a8b0,acquisitions\staging\textgrid-gretil\2026-07-12\payload\textgrid_49tgj_0.xml,True,38207,3ec35cca142d793c0fe195af2d52c3b02c29e5972d1dc3843fe39b3fd3e2baed,4582536e4829ec0405eefc75ba58a8b0,True,True,TEI,tam_pm062,https://creativecommons.org/licenses/by-nc-sa/4.0/,
TG-GRE-C-1002,TG-GRE-1002,textgrid:49tgn.0,handle:hdl:21.11113/0000-0016-D5A9-9,TEI_XML,23529,md5,f547b06b6e8a3f0173979fda4bcf3988,acquisitions\staging\textgrid-gretil\2026-07-12\payload\textgrid_49tgn_0.xml,True,23529,9499c32dcc4eb342f71c4d423156b8beffad9c377b795a698e1ebedde0a38c5b,f547b06b6e8a3f0173979fda4bcf3988,True,True,TEI,tam_pm063,https://creativecommons.org/licenses/by-nc-sa/4.0/,
TG-GRE-C-1003,TG-GRE-1003,textgrid:49tgr.0,handle:hdl:21.11113/0000-0016-D5AC-6,TEI_XML,104066,md5,d20cba2ee30321689b69c02a7cf203ed,acquisitions\staging\textgrid-gretil\2026-07-12\payload\textgrid_49tgr_0.xml,True,104066,c607f5433164e62da157921b423be3ff990e3b9f4117d76297b1ea3ab5f92cb6,d20cba2ee30321689b69c02a7cf203ed,True,True,TEI,tam_pm016,https://creativecommons.org/licenses/by-nc-sa/4.0/,
TG-GRE-C-1004,TG-GRE-1004,textgrid:49tgv.0,handle:hdl:21.11113/0000-0016-D5AF-3,TEI_XML,118961,md5,09f08b3fbbf42a673555862a86b098a2,acquisitions\staging\textgrid-gretil\2026-07-12\payload\textgrid_49tgv_0.xml,True,118961,ffa76d851db75f97503798aac833d73f7b0746b60c224cd1eb51f6b4f70c5f7e,09f08b3fbbf42a673555862a86b098a2,True,True,TEI,tam_pm023-1u,https://creativecommons.org/licenses/by-nc-sa/4.0/,
TG-GRE-C-1005,TG-GRE-1005,textgrid:49tgz.0,handle:hdl:21.11113/0000-0016-D5B2-E,TEI_XML,25132,md5,1ab9ba5777fac7cfce7815c1f92dc3ae,acquisitions\staging\textgrid-gretil\2026-07-12\payload\textgrid_49tgz_0.xml,True,25132,50b0d876ea8818cc3cadfd0a3e164fcb9928bd31f951d3b3790e6f4e2d15ff9b,1ab9ba5777fac7cfce7815c1f92dc3ae,True,True,TEI,tam_pm064,https://creativecommons.org/licenses/by-nc-sa/4.0/,
TG-GRE-C-1006,TG-GRE-1006,textgrid:49th2.0,handle:hdl:21.11113/0000-0016-D5B5-B,TEI_XML,115731,md5,61d346e21ccf2560e6c1d4e6cd4dfe89,acquisitions\staging\textgrid-gretil\2026-07-12\payload\textgrid_49th2_0.xml,True,115731,a79dc7f7e75b80948191fda197677371c5bc6b28afd3f8eaedd345ec59f44852,61d346e21ccf2560e6c1d4e6cd4dfe89,True,True,TEI,tam_pm036,https://creativecommons.org/licenses/by-nc-sa/4.0/,
TG-GRE-C-1007,TG-GRE-1007,textgrid:49th5.0,handle:hdl:21.11113/0000-0016-D5B8-8,TEI_XML,92335,md5,053fe14e0f009e1f9509b0095714427c,acquisitions\staging\textgrid-gretil\2026-07-12\payload\textgrid_49th5_0.xml,True,92335,d6f168eb413bee74446a925754b761f65a218a4c6d81b649640da992a7b7110c,053fe14e0f009e1f9509b0095714427c,True,True,TEI,tam_pm026-1u,https://creativecommons.org/licenses/by-nc-sa/4.0/,
TG-GRE-C-1008,TG-GRE-1008,textgrid:49th8.0,handle:hdl:21.11113/0000-0016-D5BB-5,TEI_XML,28929,md5,f3e5ebb69e9a367e774e036a45dc0edf,acquisitions\staging\textgrid-gretil\2026-07-12\payload\textgrid_49th8_0.xml,True,28929,094a9593e92788536698f210627f5f041c7f3dc63da483082317845502a0d8d9,f3e5ebb69e9a367e774e036a45dc0edf,True,True,TEI,tam_pm067,https://creativecommons.org/licenses/by-nc-sa/4.0/,
TG-GRE-C-1009,TG-GRE-1009,textgrid:49thc.0,handle:hdl:21.11113/0000-0016-D5BE-2,TEI_XML,41686,md5,0d2aa45902593b60ea537bb11bb42d96,acquisitions\staging\textgrid-gretil\2026-07-12\payload\textgrid_49thc_0.xml,True,41686,f67009198e9237399b67b40e3490d9ddc1748c8cc07b7b42bdb3a8267a45765b,0d2aa45902593b60ea537bb11bb42d96,True,True,TEI,tam_pm068,https://creativecommons.org/licenses/by-nc-sa/4.0/,
TG-GRE-C-1010,TG-GRE-1010,textgrid:49thg.0,handle:hdl:21.11113/0000-0016-D5C1-D,TEI_XML,38074,md5,66d88bbcf400e6ee3767678c56b3a99f,acquisitions\staging\textgrid-gretil\2026-07-12\payload\textgrid_49thg_0.xml,True,38074,240d292a11ab82aed35081feb19145c7e4998d4f0efb710d7b404a7bda6c3281,66d88bbcf400e6ee3767678c56b3a99f,True,True,TEI,tam_pm069,https://creativecommons.org/licenses/by-nc-sa/4.0/,
TG-GRE-C-1011,TG-GRE-1011,textgrid:49thk.0,handle:hdl:21.11113/0000-0016-D5C4-A,TEI_XML,20521,md5,e3df0762bd6e722c55ba247bb259c467,acquisitions\staging\textgrid-gretil\2026-07-12\payload\textgrid_49thk_0.xml,True,20521,dd3f31daae4f66f13d58eb65831ee4327a301261c2c2b2144969d359fff345ba,e3df0762bd6e722c55ba247bb259c467,True,True,TEI,tam_pm070,https://creativecommons.org/licenses/by-nc-sa/4.0/,
TG-GRE-C-1012,TG-GRE-1012,textgrid:49thp.0,handle:hdl:21.11113/0000-0016-D5C7-7,TEI_XML,50902,md5,e05d5f20fac54f9a9ffda04231668795,acquisitions\staging\textgrid-gretil\2026-07-12\payload\textgrid_49thp_0.xml,True,50902,3aecb4c09ce5ac77a37ab3fc8d2a542f4aa3758fbbc9bd0e1e6fb5c048a1f191,e05d5f20fac54f9a9ffda04231668795,True,True,TEI,tam_pm071,https://creativecommons.org/licenses/by-nc-sa/4.0/,
TG-GRE-C-1013,TG-GRE-1013,textgrid:49ths.0,handle:hdl:21.11113/0000-0016-D5CA-4,TEI_XML,24941,md5,5b4697a7bb934ab08992bbf477774462,acquisitions\staging\textgrid-gretil\2026-07-12\payload\textgrid_49ths_0.xml,True,24941,feadc8a4ee0473d2576349719f90713bafcd72e0bf8127e61eb66e9f14d74e97,5b4697a7bb934ab08992bbf477774462,True,True,TEI,tam_pm073,https://creativecommons.org/licenses/by-nc-sa/4.0/,
TG-GRE-C-1014,TG-GRE-1014,textgrid:49thw.0,handle:hdl:21.11113/0000-0016-D5CD-1,TEI_XML,39528,md5,a34421514e187444e7330a450cd9102a,acquisitions\staging\textgrid-gretil\2026-07-12\payload\textgrid_49thw_0.xml,True,39528,540e91abf89e1e444e0e18d5d8c73391aeef82daf87fb373c24f6c3cf950785d,a34421514e187444e7330a450cd9102a,True,True,TEI,tam_pm074,https://creativecommons.org/licenses/by-nc-sa/4.0/,
TG-GRE-C-1015,TG-GRE-1015,textgrid:49tj0.0,handle:hdl:21.11113/0000-0016-D5D0-C,TEI_XML,32378,md5,55fc5b830345f0bcddebf148d0323ab6,acquisitions\staging\textgrid-gretil\2026-07-12\payload\textgrid_49tj0_0.xml,True,32378,879e89c071fb3128dca252c26e0f3c8f33b94d90630581fe27ae343f42baf74a,55fc5b830345f0bcddebf148d0323ab6,True,True,TEI,tam_pm075,https://creativecommons.org/licenses/by-nc-sa/4.0/,
TG-GRE-C-1016,TG-GRE-1016,textgrid:49tj3.0,handle:hdl:21.11113/0000-0016-D5D3-9,TEI_XML,50490,md5,1fb53bd4c98dd953e9faf5e72a5af21c,acquisitions\staging\textgrid-gretil\2026-07-12\payload\textgrid_49tj3_0.xml,True,50490,b0e2109ad8eccc4558985eb86284aa2ce9904d323ca9b261c98c18abb76efaa8,1fb53bd4c98dd953e9faf5e72a5af21c,True,True,TEI,tam_pm076,https://creativecommons.org/licenses/by-nc-sa/4.0/,
TG-GRE-C-1017,TG-GRE-1017,textgrid:49tj6.0,handle:hdl:21.11113/0000-0016-D5D6-6,TEI_XML,24714,md5,f6b4d3b3fee5ed415ca80d02d00158ba,acquisitions\staging\textgrid-gretil\2026-07-12\payload\textgrid_49tj6_0.xml,True,24714,3bfb051e7db5b95f377ffb63a7f2b57c57e0c0f9b73e9b4e043e76affe24b63a,f6b4d3b3fee5ed415ca80d02d00158ba,True,True,TEI,tam_pm077,https://creativecommons.org/licenses/by-nc-sa/4.0/,
TG-GRE-C-1018,TG-GRE-1018,textgrid:49tj9.0,handle:hdl:21.11113/0000-0016-D5D9-3,TEI_XML,51823,md5,3a9896bf5b60ed9d0a211075060fc644,acquisitions\staging\textgrid-gretil\2026-07-12\payload\textgrid_49tj9_0.xml,True,51823,29f4dd3362af51c3280bac7159e06c555167f34846c802bc41d0114ab92f3871,3a9896bf5b60ed9d0a211075060fc644,True,True,TEI,tam_pm080,https://creativecommons.org/licenses/by-nc-sa/4.0/,
TG-GRE-C-1019,TG-GRE-1019,textgrid:49tjd.0,handle:hdl:21.11113/0000-0016-D5DC-0,TEI_XML,22135,md5,d0dd913c35a8224f56f0539c3a028f5b,acquisitions\staging\textgrid-gretil\2026-07-12\payload\textgrid_49tjd_0.xml,True,22135,c5a3c1984a47c51f625c357a3e5a8b12ae893f772516de503be4322b5ac07440,d0dd913c35a8224f56f0539c3a028f5b,True,True,TEI,tam_pm081,https://creativecommons.org/licenses/by-nc-sa/4.0/,
TG-GRE-C-1020,TG-GRE-1020,textgrid:49tjh.0,handle:hdl:21.11113/0000-0016-D5DF-D,TEI_XML,62148,md5,103a630f107fe3fed83da9ac01271557,acquisitions\staging\textgrid-gretil\2026-07-12\payload\textgrid_49tjh_0.xml,True,62148,d83a40037b685941c3273fe28b8f6f463da3b941be96d586429c4d93bda8fb52,103a630f107fe3fed83da9ac01271557,True,True,TEI,tam_pm083,https://creativecommons.org/licenses/by-nc-sa/4.0/,
TG-GRE-C-1021,TG-GRE-1021,textgrid:49tjm.0,handle:hdl:21.11113/0000-0016-D5E2-8,TEI_XML,53744,md5,bc26dabbe2e9bdfc24a7bc0d47831f12,acquisitions\staging\textgrid-gretil\2026-07-12\payload\textgrid_49tjm_0.xml,True,53744,ee81849faf349a576d8db0197a6fcf437ebabcdc8b0b9b08f7d6007bbfb7f0a6,bc26dabbe2e9bdfc24a7bc0d47831f12,True,True,TEI,tam_pm084,https://creativecommons.org/licenses/by-nc-sa/4.0/,
TG-GRE-C-1022,TG-GRE-1022,textgrid:49tjq.0,handle:hdl:21.11113/0000-0016-D5E5-5,TEI_XML,55533,md5,cefb7bb4e09f6ed4ce2a1c7a8eb32f15,acquisitions\staging\textgrid-gretil\2026-07-12\payload\textgrid_49tjq_0.xml,True,55533,ccf6e24f6dd7492fa833a0b701cad3a65592c5929b77aa93239ac184d2a9f2cb,cefb7bb4e09f6ed4ce2a1c7a8eb32f15,True,True,TEI,tam_pm086,https://creativecommons.org/licenses/by-nc-sa/4.0/,
TG-GRE-C-1023,TG-GRE-1023,textgrid:49tjt.0,handle:hdl:21.11113/0000-0016-D5E8-2,TEI_XML,54581,md5,05eafc875152f5ac10a92087eab18073,acquisitions\staging\textgrid-gretil\2026-07-12\payload\textgrid_49tjt_0.xml,True,54581,ffda083d83eb5a46b7c4859a8dc80838d9ff6c175bbb3ef65e22da56d2e197e9,05eafc875152f5ac10a92087eab18073,True,True,TEI,tam_pm090,https://creativecommons.org/licenses/by-nc-sa/4.0/,
TG-GRE-C-1024,TG-GRE-1024,textgrid:49tjx.0,handle:hdl:21.11113/0000-0016-D5EB-F,TEI_XML,36996,md5,d5ed935b64e9b832f4df6c93649ea0d8,acquisitions\staging\textgrid-gretil\2026-07-12\payload\textgrid_49tjx_0.xml,True,36996,d528a4724218ac6c786a4e1fba7e49518d4a63bdb14f9452494410163033c35b,d5ed935b64e9b832f4df6c93649ea0d8,True,True,TEI,tam_pm097,https://creativecommons.org/licenses/by-nc-sa/4.0/,
TG-GRE-C-1025,TG-GRE-1025,textgrid:49tk1.0,handle:hdl:21.11113/0000-0016-D5EE-C,TEI_XML,42299,md5,3ec310b647ae402c20a9203fe0f1d552,acquisitions\staging\textgrid-gretil\2026-07-12\payload\textgrid_49tk1_0.xml,True,42299,596cc1d5c27570d876ca322fed1cb920577955ddd83b05d1f0a927d9ec40083a,3ec310b647ae402c20a9203fe0f1d552,True,True,TEI,tam_pm099,https://creativecommons.org/licenses/by-nc-sa/4.0/,
TG-GRE-C-1026,TG-GRE-1026,textgrid:49tk4.0,handle:hdl:21.11113/0000-0016-D5F1-7,TEI_XML,31955,md5,aca0e369dd110813a42b2f000ac4f86c,acquisitions\staging\textgrid-gretil\2026-07-12\payload\textgrid_49tk4_0.xml,True,31955,8ddaf7fa2a77bce9abb6800b58359239384637412139a8a5331e573cf5c8dc38,aca0e369dd110813a42b2f000ac4f86c,True,True,TEI,tam_pm101,https://creativecommons.org/licenses/by-nc-sa/4.0/,
TG-GRE-C-1027,TG-GRE-1027,textgrid:49tk7.0,handle:hdl:21.11113/0000-0016-D5F4-4,TEI_XML,42970,md5,19df8aebd71e1387f05bc6412c7b85f6,acquisitions\staging\textgrid-gretil\2026-07-12\payload\textgrid_49tk7_0.xml,True,42970,6a386e04cb62ac42b6c9fdfb8ae62f284ce6f8ee939c653e26deb35f62c94e60,19df8aebd71e1387f05bc6412c7b85f6,True,True,TEI,tam_pm103,https://creativecommons.org/licenses/by-nc-sa/4.0/,
TG-GRE-C-1028,TG-GRE-1028,textgrid:49tkb.0,handle:hdl:21.11113/0000-0016-D5F7-1,TEI_XML,93401,md5,5423af667867ccc5832b812efc21b94f,acquisitions\staging\textgrid-gretil\2026-07-12\payload\textgrid_49tkb_0.xml,True,93401,84711e881da205aad7dc103fb1de6b5ec83e7da805a3963e55e77d842f75bbde,5423af667867ccc5832b812efc21b94f,True,True,TEI,tam_pm043,https://creativecommons.org/licenses/by-nc-sa/4.0/,
TG-GRE-C-1029,TG-GRE-1029,textgrid:49tkf.0,handle:hdl:21.11113/0000-0016-D5FA-E,TEI_XML,54436,md5,97a96f1cb0f2c855207c0dd7d592ac24,acquisitions\staging\textgrid-gretil\2026-07-12\payload\textgrid_49tkf_0.xml,True,54436,2189f03bc7d83d029849403ff26cc1f949304322ce10e2d0cc2986facd89a84f,97a96f1cb0f2c855207c0dd7d592ac24,True,True,TEI,tam_pm112,https://creativecommons.org/licenses/by-nc-sa/4.0/,
TG-GRE-C-1030,TG-GRE-1030,textgrid:49tkj.0,handle:hdl:21.11113/0000-0016-D5FD-B,TEI_XML,50621,md5,83b2bb8a715c2435d9faad82f5781425,acquisitions\staging\textgrid-gretil\2026-07-12\payload\textgrid_49tkj_0.xml,True,50621,6a628b62783b2764794b8d8b83c1f5b7c810f0d004ce28bb5009e455940bdf1a,83b2bb8a715c2435d9faad82f5781425,True,True,TEI,tam_pm107,https://creativecommons.org/licenses/by-nc-sa/4.0/,
TG-GRE-C-1031,TG-GRE-1031,textgrid:49tkn.0,handle:hdl:21.11113/0000-0016-D600-6,TEI_XML,23545,md5,511ca4a65287fb5c2452e6698470ce5a,acquisitions\staging\textgrid-gretil\2026-07-12\payload\textgrid_49tkn_0.xml,True,23545,8bcecc1421f77ae63fe946beb97fe2a706f35839302b29d069fecac8bad2d8f6,511ca4a65287fb5c2452e6698470ce5a,True,True,TEI,tam_pm114,https://creativecommons.org/licenses/by-nc-sa/4.0/,
TG-GRE-C-1032,TG-GRE-1032,textgrid:49tkr.0,handle:hdl:21.11113/0000-0016-D603-3,TEI_XML,28663,md5,626fa816c071c0dfc923ca5a9137936c,acquisitions\staging\textgrid-gretil\2026-07-12\payload\textgrid_49tkr_0.xml,True,28663,c0f0d51b9e7c43cd8d30a37d77f4f98b1984fcff25e71c559972ae7614033287,626fa816c071c0dfc923ca5a9137936c,True,True,TEI,tam_pm119,https://creativecommons.org/licenses/by-nc-sa/4.0/,
TG-GRE-C-1033,TG-GRE-1033,textgrid:49tkv.0,handle:hdl:21.11113/0000-0016-D606-0,TEI_XML,16971,md5,3a613a8eb527a0d140c4b4e45c7370aa,acquisitions\staging\textgrid-gretil\2026-07-12\payload\textgrid_49tkv_0.xml,True,16971,75c4007eddcc01e05322ced340197279c268c8d919dffe83bc92f5af87b6ce6d,3a613a8eb527a0d140c4b4e45c7370aa,True,True,TEI,tam_pm120a_u,https://creativecommons.org/licenses/by-nc-sa/4.0/,
TG-GRE-C-1034,TG-GRE-1034,textgrid:49tkz.0,handle:hdl:21.11113/0000-0016-D609-D,TEI_XML,40668,md5,fe4429d4bb502e8126ed1a81a15973b2,acquisitions\staging\textgrid-gretil\2026-07-12\payload\textgrid_49tkz_0.xml,True,40668,1dd471aaa6e79d523721692090a486d064ead8da328f54bfe16cc1ce43a12dc5,fe4429d4bb502e8126ed1a81a15973b2,True,True,TEI,tam_pm121,https://creativecommons.org/licenses/by-nc-sa/4.0/,
TG-GRE-C-1035,TG-GRE-1035,textgrid:49tm2.0,handle:hdl:21.11113/0000-0016-D60C-A,TEI_XML,107039,md5,8665759102cc4c11887929617a5ee474,acquisitions\staging\textgrid-gretil\2026-07-12\payload\textgrid_49tm2_0.xml,True,107039,1d36be4c1c829eefedad3dd963869a669cf42055f426ae58fc413431686b7987,8665759102cc4c11887929617a5ee474,True,True,TEI,tam_pm046,https://creativecommons.org/licenses/by-nc-sa/4.0/,
TG-GRE-C-1036,TG-GRE-1036,textgrid:49tm5.0,handle:hdl:21.11113/0000-0016-D60F-7,TEI_XML,36352,md5,9674a8910e695614f010e67f8d05b9ec,acquisitions\staging\textgrid-gretil\2026-07-12\payload\textgrid_49tm5_0.xml,True,36352,ad47230aa475e5991636767d009ab09fdcbe948f58da5a401245a53e07cb1349,9674a8910e695614f010e67f8d05b9ec,True,True,TEI,tam_pm137a_u,https://creativecommons.org/licenses/by-nc-sa/4.0/,
TG-GRE-C-1037,TG-GRE-1037,textgrid:49tm8.0,handle:hdl:21.11113/0000-0016-D612-2,TEI_XML,39260,md5,be9fb7958058336985dd4d1b8f17eef5,acquisitions\staging\textgrid-gretil\2026-07-12\payload\textgrid_49tm8_0.xml,True,39260,52c322ac46adaee95c1451a8fa2d2ea6db6008c81817b1ed0d8c3535059fcfc3,be9fb7958058336985dd4d1b8f17eef5,True,True,TEI,tam_pm137b_u,https://creativecommons.org/licenses/by-nc-sa/4.0/,
TG-GRE-C-1038,TG-GRE-1038,textgrid:49tmc.0,handle:hdl:21.11113/0000-0016-D615-F,TEI_XML,26214,md5,dbd527551584e5f834185ec909810cb0,acquisitions\staging\textgrid-gretil\2026-07-12\payload\textgrid_49tmc_0.xml,True,26214,4272829fde70fdc46d5e7412c7628c183b4616f641d52b33fe00ae2f3ad5da8e,dbd527551584e5f834185ec909810cb0,True,True,TEI,tam_pm138,https://creativecommons.org/licenses/by-nc-sa/4.0/,
TG-GRE-C-1039,TG-GRE-1039,textgrid:49tmg.0,handle:hdl:21.11113/0000-0016-D618-C,TEI_XML,29597,md5,4a7417bc4c274ecfd7e82fc806967fb7,acquisitions\staging\textgrid-gretil\2026-07-12\payload\textgrid_49tmg_0.xml,True,29597,36c49129385d546c9a7df94123f2c8a05a9b2eba2fe6a9fbc3738599040679b0,4a7417bc4c274ecfd7e82fc806967fb7,True,True,TEI,tam_pm139,https://creativecommons.org/licenses/by-nc-sa/4.0/,
TG-GRE-C-1040,TG-GRE-1040,textgrid:49tmk.0,handle:hdl:21.11113/0000-0016-D61B-9,TEI_XML,53024,md5,bc2514bc1612845e7746a0525c02b1d8,acquisitions\staging\textgrid-gretil\2026-07-12\payload\textgrid_49tmk_0.xml,True,53024,3f21f04ae5b74ef9edbaa96db314ca329ab243c595adcf0337ca0c4e6a9f4722,bc2514bc1612845e7746a0525c02b1d8,True,True,TEI,tam_pm142,https://creativecommons.org/licenses/by-nc-sa/4.0/,
TG-GRE-C-1041,TG-GRE-1041,textgrid:49tmp.0,handle:hdl:21.11113/0000-0016-D61E-6,TEI_XML,58328,md5,098107ebeb9e49c6edb8e1bed695e93f,acquisitions\staging\textgrid-gretil\2026-07-12\payload\textgrid_49tmp_0.xml,True,58328,bc833beb80db2e4713318ce7d121b7aabbccf17bf5b5488a432fc792bab9e9a7,098107ebeb9e49c6edb8e1bed695e93f,True,True,TEI,tam_pm144,https://creativecommons.org/licenses/by-nc-sa/4.0/,
TG-GRE-C-1042,TG-GRE-1042,textgrid:49tms.0,handle:hdl:21.11113/0000-0016-D621-1,TEI_XML,28731,md5,815c6e410679e6069ecbe74e11a19dd8,acquisitions\staging\textgrid-gretil\2026-07-12\payload\textgrid_49tms_0.xml,True,28731,6d9154cd245f4d5a880d7efef73e7a762e4aaf563401a8e72f1e47a65bac7936,815c6e410679e6069ecbe74e11a19dd8,True,True,TEI,tam_pm145,https://creativecommons.org/licenses/by-nc-sa/4.0/,
TG-GRE-C-1043,TG-GRE-1043,textgrid:49tmw.0,handle:hdl:21.11113/0000-0016-D624-E,TEI_XML,47227,md5,94d05d42ffb0cb8a651b650fe65bca19,acquisitions\staging\textgrid-gretil\2026-07-12\payload\textgrid_49tmw_0.xml,True,47227,9a6ce3f35b5488361e42c3f401920759f886e7bc6a3b34893c85687d0b31f69a,94d05d42ffb0cb8a651b650fe65bca19,True,True,TEI,tam_pm154,https://creativecommons.org/licenses/by-nc-sa/4.0/,
TG-GRE-C-1044,TG-GRE-1044,textgrid:49tn0.0,handle:hdl:21.11113/0000-0016-D627-B,TEI_XML,137898,md5,8158892de02c2170593a1f3dbc52a5da,acquisitions\staging\textgrid-gretil\2026-07-12\payload\textgrid_49tn0_0.xml,True,137898,c9180466363187936f2d0449c33a7d382a76d50360c55b4adced7a6c73c9c524,8158892de02c2170593a1f3dbc52a5da,True,True,TEI,tam_pm010-2u,https://creativecommons.org/licenses/by-nc-sa/4.0/,
TG-GRE-C-1045,TG-GRE-1045,textgrid:49tn3.0,handle:hdl:21.11113/0000-0016-D62A-8,TEI_XML,161897,md5,038472ee30252218912b59ad83a1697c,acquisitions\staging\textgrid-gretil\2026-07-12\payload\textgrid_49tn3_0.xml,True,161897,211ae83194a70c729d0794b1235449d710424105bbef51b8cd5dd8209ed884b6,038472ee30252218912b59ad83a1697c,True,True,TEI,tam_pm012-2u,https://creativecommons.org/licenses/by-nc-sa/4.0/,
TG-GRE-C-1046,TG-GRE-1046,textgrid:49tn6.0,handle:hdl:21.11113/0000-0016-D62D-5,TEI_XML,36145,md5,eaa7d849489613479514aa8c388abbf4,acquisitions\staging\textgrid-gretil\2026-07-12\payload\textgrid_49tn6_0.xml,True,36145,8ceeaa7b4fc2d0f9479642cce9104a4a663acc5ce33e7aa1b5bf3dd4389ba184,eaa7d849489613479514aa8c388abbf4,True,True,TEI,tam_pm163,https://creativecommons.org/licenses/by-nc-sa/4.0/,
TG-GRE-C-1047,TG-GRE-1047,textgrid:49tn9.0,handle:hdl:21.11113/0000-0016-D630-0,TEI_XML,41656,md5,51eb4132a1b79b8f7cc355194a03597a,acquisitions\staging\textgrid-gretil\2026-07-12\payload\textgrid_49tn9_0.xml,True,41656,9cd6db726c360f7e86120d3b83f5550069ebafbd498e55b76db1fad986674429,51eb4132a1b79b8f7cc355194a03597a,True,True,TEI,tam_pm164,https://creativecommons.org/licenses/by-nc-sa/4.0/,
TG-GRE-C-1048,TG-GRE-1048,textgrid:49tnd.0,handle:hdl:21.11113/0000-0016-D633-D,TEI_XML,141767,md5,670b3eb342da34606f614c863ad6d3a2,acquisitions\staging\textgrid-gretil\2026-07-12\payload\textgrid_49tnd_0.xml,True,141767,31caf2b3b65ad8d14f6b7d40fff8852219e094bbcba37d21011523aa878b730a,670b3eb342da34606f614c863ad6d3a2,True,True,TEI,tam_pm021,https://creativecommons.org/licenses/by-nc-sa/4.0/,
TG-GRE-C-1049,TG-GRE-1049,textgrid:49tnh.0,handle:hdl:21.11113/0000-0016-D636-A,TEI_XML,136599,md5,5db747c1b4917936ede5167ac1c6495c,acquisitions\staging\textgrid-gretil\2026-07-12\payload\textgrid_49tnh_0.xml,True,136599,fc50e45faa5ce7d428cc53b882242d5a62c2bc18b8e26397a9666e6445a95872,5db747c1b4917936ede5167ac1c6495c,True,True,TEI,tam_pm028,https://creativecommons.org/licenses/by-nc-sa/4.0/,
TG-GRE-C-1050,TG-GRE-1050,textgrid:49tnm.0,handle:hdl:21.11113/0000-0016-D639-7,TEI_XML,139547,md5,88e6eb03bcfb0b9702438f98f392afb4,acquisitions\staging\textgrid-gretil\2026-07-12\payload\textgrid_49tnm_0.xml,True,139547,5869b13d024ba0471310c26e98cffcb06cd8fcb2b13a679484245e2ccc62f3e1,88e6eb03bcfb0b9702438f98f392afb4,True,True,TEI,tam_pm031,https://creativecommons.org/licenses/by-nc-sa/4.0/,
TG-GRE-C-1051,TG-GRE-1051,textgrid:49tnq.0,handle:hdl:21.11113/0000-0016-D63C-4,TEI_XML,27141,md5,43d1c1f859098f375026ac188c1cb465,acquisitions\staging\textgrid-gretil\2026-07-12\payload\textgrid_49tnq_0.xml,True,27141,04acb82448cfb6284e52f3059d14ad288a54ee9136c66e447a3d127da747e9c5,43d1c1f859098f375026ac188c1cb465,True,True,TEI,tam_pm169,https://creativecommons.org/licenses/by-nc-sa/4.0/,
TG-GRE-C-1052,TG-GRE-1052,textgrid:49tnt.0,handle:hdl:21.11113/0000-0016-D63F-1,TEI_XML,25185,md5,b0f6b45c4f402beef15551d604a01d44,acquisitions\staging\textgrid-gretil\2026-07-12\payload\textgrid_49tnt_0.xml,True,25185,f7c63bae5e305e054083ab63f41609d682de9ee6e7d46433fbef2ca90158762d,b0f6b45c4f402beef15551d604a01d44,True,True,TEI,tam_pm171,https://creativecommons.org/licenses/by-nc-sa/4.0/,
TG-GRE-C-1053,TG-GRE-1053,textgrid:49tnx.0,handle:hdl:21.11113/0000-0016-D642-C,TEI_XML,141031,md5,35cdb07e4e19f750fef60e9db00f57c5,acquisitions\staging\textgrid-gretil\2026-07-12\payload\textgrid_49tnx_0.xml,True,141031,4d88eea350747ef7fad99dcc28363b27422bea72db54f1224dc9b253b6d39313,35cdb07e4e19f750fef60e9db00f57c5,True,True,TEI,tam_pm038,https://creativecommons.org/licenses/by-nc-sa/4.0/,
TG-GRE-C-1054,TG-GRE-1054,textgrid:49tp1.0,handle:hdl:21.11113/0000-0016-D645-9,TEI_XML,15756,md5,438e88f8baeda11150dfa5a99fbe2443,acquisitions\staging\textgrid-gretil\2026-07-12\payload\textgrid_49tp1_0.xml,True,15756,12c045f6f41813d0a4e0d2ecc9ce80144e46906199c24ead7a5b60433f26e9af,438e88f8baeda11150dfa5a99fbe2443,True,True,TEI,tam_pm176,https://creativecommons.org/licenses/by-nc-sa/4.0/,
TG-GRE-C-1055,TG-GRE-1055,textgrid:49tp4.0,handle:hdl:21.11113/0000-0016-D648-6,TEI_XML,99895,md5,d73d471a6e966b2ee808eb79bc53aeee,acquisitions\staging\textgrid-gretil\2026-07-12\payload\textgrid_49tp4_0.xml,True,99895,1b004e68106723e2dfa4b48c71cef39629d8b3ef1f475bcd815d59b95eac557b,d73d471a6e966b2ee808eb79bc53aeee,True,True,TEI,tam_pm085,https://creativecommons.org/licenses/by-nc-sa/4.0/,
TG-GRE-C-1056,TG-GRE-1056,textgrid:49tp7.0,handle:hdl:21.11113/0000-0016-D64B-3,TEI_XML,31019,md5,b210d2f1d0208ef3449833332db45617,acquisitions\staging\textgrid-gretil\2026-07-12\payload\textgrid_49tp7_0.xml,True,31019,d2e827bbe3ac47537014bd98ca59367ce00608c2c3b1dd4cc1fe5f6212d71542,b210d2f1d0208ef3449833332db45617,True,True,TEI,tam_pm183,https://creativecommons.org/licenses/by-nc-sa/4.0/,
TG-GRE-C-1057,TG-GRE-1057,textgrid:49tpb.0,handle:hdl:21.11113/0000-0016-D64E-0,TEI_XML,48062,md5,fa3660e35ed083b5c540018f08d80292,acquisitions\staging\textgrid-gretil\2026-07-12\payload\textgrid_49tpb_0.xml,True,48062,edad7dab00e87bd723765e5efb1c8947d675f21f7fe986974d4c8befd1664f85,fa3660e35ed083b5c540018f08d80292,True,True,TEI,tam_pm197a_u,https://creativecommons.org/licenses/by-nc-sa/4.0/,
TG-GRE-C-1058,TG-GRE-1058,textgrid:49tpf.0,handle:hdl:21.11113/0000-0016-D651-B,TEI_XML,63074,md5,7e031bf1d3ff973fc01ac3be7b17a825,acquisitions\staging\textgrid-gretil\2026-07-12\payload\textgrid_49tpf_0.xml,True,63074,dd65f9f9a61344fa22519e47163ccefa67bb1f5613d41a7764363171230a6646,7e031bf1d3ff973fc01ac3be7b17a825,True,True,TEI,tam_pm197b_u,https://creativecommons.org/licenses/by-nc-sa/4.0/,
TG-GRE-C-1059,TG-GRE-1059,textgrid:49tpj.0,handle:hdl:21.11113/0000-0016-D654-8,TEI_XML,38598,md5,6d9cd793f3edbca7feafff5d595caa70,acquisitions\staging\textgrid-gretil\2026-07-12\payload\textgrid_49tpj_0.xml,True,38598,1cbe37324d9d4e678840d65f9fa0602aafb0d0fa5af0750880b745e57ed85a2e,6d9cd793f3edbca7feafff5d595caa70,True,True,TEI,tam_pm197c_u,https://creativecommons.org/licenses/by-nc-sa/4.0/,
TG-GRE-C-1060,TG-GRE-1060,textgrid:49tpn.0,handle:hdl:21.11113/0000-0016-D657-5,TEI_XML,97557,md5,8a410bff101a8bac2cb186d53946db4b,acquisitions\staging\textgrid-gretil\2026-07-12\payload\textgrid_49tpn_0.xml,True,97557,e7c39bf5dee074cdd9c99a8d07a129610e27a778f82f771a8b40c5207172bed7,8a410bff101a8bac2cb186d53946db4b,True,True,TEI,tam_pm091,https://creativecommons.org/licenses/by-nc-sa/4.0/,
TG-GRE-C-1061,TG-GRE-1061,textgrid:49tpr.0,handle:hdl:21.11113/0000-0016-D65A-2,TEI_XML,135264,md5,e4c288c4b28029871b5a8aec95242c79,acquisitions\staging\textgrid-gretil\2026-07-12\payload\textgrid_49tpr_0.xml,True,135264,e1b7d6ebbb151b69f3e6727086be269ed0314e37b5d98b7f87a3ecba6db9c46c,e4c288c4b28029871b5a8aec95242c79,True,True,TEI,tam_pm012-1u,https://creativecommons.org/licenses/by-nc-sa/4.0/,
TG-GRE-C-1062,TG-GRE-1062,textgrid:49tpv.0,handle:hdl:21.11113/0000-0016-D65D-F,TEI_XML,66681,md5,d156ec76ddaf3627440e509c01ab1f53,acquisitions\staging\textgrid-gretil\2026-07-12\payload\textgrid_49tpv_0.xml,True,66681,cb11be6fa1efb5390eaa31646f0ab09f89ffa41654ce58fca72c72073f07308a,d156ec76ddaf3627440e509c01ab1f53,True,True,TEI,tam_pm093,https://creativecommons.org/licenses/by-nc-sa/4.0/,
TG-GRE-C-1063,TG-GRE-1063,textgrid:49tpz.0,handle:hdl:21.11113/0000-0016-D660-A,TEI_XML,128900,md5,5b3d12dcb318b0b65cc0ced60933a802,acquisitions\staging\textgrid-gretil\2026-07-12\payload\textgrid_49tpz_0.xml,True,128900,e45e4e1a49aac1c82b3e6de451dcc958931de267e70e829d8659a7c2572da588,5b3d12dcb318b0b65cc0ced60933a802,True,True,TEI,tam_pm092,https://creativecommons.org/licenses/by-nc-sa/4.0/,
TG-GRE-C-1064,TG-GRE-1064,textgrid:49tq2.0,handle:hdl:21.11113/0000-0016-D663-7,TEI_XML,103643,md5,460d566a6c14ac2a8932d7606639246a,acquisitions\staging\textgrid-gretil\2026-07-12\payload\textgrid_49tq2_0.xml,True,103643,ccf7b8b7409b8f05a696db490955919dbacbe1d47cc116b4428348aaefd6b7dd,460d566a6c14ac2a8932d7606639246a,True,True,TEI,tam_pm096,https://creativecommons.org/licenses/by-nc-sa/4.0/,
TG-GRE-C-1065,TG-GRE-1065,textgrid:49tq5.0,handle:hdl:21.11113/0000-0016-D666-4,TEI_XML,69512,md5,4ce92dc5650a0801d3824bf551c15802,acquisitions\staging\textgrid-gretil\2026-07-12\payload\textgrid_49tq5_0.xml,True,69512,4c9abbe61e460c6cc20437fd58d2b12db4a04faa973938ed26054981b49141c2,4ce92dc5650a0801d3824bf551c15802,True,True,TEI,tam_pm100-1u,https://creativecommons.org/licenses/by-nc-sa/4.0/,
TG-GRE-C-1066,TG-GRE-1066,textgrid:49tq8.0,handle:hdl:21.11113/0000-0016-D669-1,TEI_XML,117128,md5,c99d29792978a0f967c82a2a96fc507e,acquisitions\staging\textgrid-gretil\2026-07-12\payload\textgrid_49tq8_0.xml,True,117128,99b31ad27bbb38c8105b77542077599250b863cb5ed1334a928d6a4d97833db3,c99d29792978a0f967c82a2a96fc507e,True,True,TEI,tam_pm098,https://creativecommons.org/licenses/by-nc-sa/4.0/,
TG-GRE-C-1067,TG-GRE-1067,textgrid:49tqc.0,handle:hdl:21.11113/0000-0016-D66C-E,TEI_XML,70260,md5,a517a46bc0445306b4a406fe57796261,acquisitions\staging\textgrid-gretil\2026-07-12\payload\textgrid_49tqc_0.xml,True,70260,c9f46e7bc3ff85f95a89d0e3de8f8618f5205f24f4091b32217843dc2ad35ff3,a517a46bc0445306b4a406fe57796261,True,True,TEI,tam_pm100-2u,https://creativecommons.org/licenses/by-nc-sa/4.0/,
TG-GRE-C-1068,TG-GRE-1068,textgrid:49tqg.0,handle:hdl:21.11113/0000-0016-D66F-B,TEI_XML,22103,md5,95dde809232a7ff41c8a70ba2483d00a,acquisitions\staging\textgrid-gretil\2026-07-12\payload\textgrid_49tqg_0.xml,True,22103,5bd962d388643324e34e064e4bfa01153a28df77bb4bec75524d2cea485bb545,95dde809232a7ff41c8a70ba2483d00a,True,True,TEI,tam_pm200,https://creativecommons.org/licenses/by-nc-sa/4.0/,
TG-GRE-C-1069,TG-GRE-1069,textgrid:49tqk.0,handle:hdl:21.11113/0000-0016-D672-6,TEI_XML,124934,md5,d766db313ecb2ce8f4d4207d44b375e6,acquisitions\staging\textgrid-gretil\2026-07-12\payload\textgrid_49tqk_0.xml,True,124934,a2eeffec0f1dd873063e8cdf98913fde58c0859109bdbb86b89674675632284a,d766db313ecb2ce8f4d4207d44b375e6,True,True,TEI,tam_pm100-3u,https://creativecommons.org/licenses/by-nc-sa/4.0/,
TG-GRE-C-1070,TG-GRE-1070,textgrid:49tqp.0,handle:hdl:21.11113/0000-0016-D675-3,TEI_XML,35877,md5,1b78ef67711f34b324ff95c1a83abdda,acquisitions\staging\textgrid-gretil\2026-07-12\payload\textgrid_49tqp_0.xml,True,35877,d9b8e2d49f3a6e0d5d8d682cb1f6fd36c2ba3096a412e3945a07ae5850c678f4,1b78ef67711f34b324ff95c1a83abdda,True,True,TEI,tam_pm002,https://creativecommons.org/licenses/by-nc-sa/4.0/,
TG-GRE-C-1071,TG-GRE-1071,textgrid:49tqs.0,handle:hdl:21.11113/0000-0016-D678-0,TEI_XML,96343,md5,d3a03fb528055cee84269e8303c6122f,acquisitions\staging\textgrid-gretil\2026-07-12\payload\textgrid_49tqs_0.xml,True,96343,1f8309df15e59bb13394502e7af7d4268fcb8ff6ebac96c6f600af4866c5f9bd,d3a03fb528055cee84269e8303c6122f,True,True,TEI,tam_pm108,https://creativecommons.org/licenses/by-nc-sa/4.0/,
TG-GRE-C-1072,TG-GRE-1072,textgrid:49tqw.0,handle:hdl:21.11113/0000-0016-D67B-D,TEI_XML,103091,md5,3889db32655909d870c1794345e5a554,acquisitions\staging\textgrid-gretil\2026-07-12\payload\textgrid_49tqw_0.xml,True,103091,e385d2f5d44629735caa0a3b7b9aae7270763081b96ca9fed1daf1a238494940,3889db32655909d870c1794345e5a554,True,True,TEI,tam_pm109,https://creativecommons.org/licenses/by-nc-sa/4.0/,
TG-GRE-C-1073,TG-GRE-1073,textgrid:49tr0.0,handle:hdl:21.11113/0000-0016-D67E-A,TEI_XML,117390,md5,cd18303808f2bb94de447187bda14449,acquisitions\staging\textgrid-gretil\2026-07-12\payload\textgrid_49tr0_0.xml,True,117390,f9d57206bda75962636bc36c2a3c95bfefe0be997d666436544ae5fc0e370d8e,cd18303808f2bb94de447187bda14449,True,True,TEI,tam_pm111-2u,https://creativecommons.org/licenses/by-nc-sa/4.0/,
TG-GRE-C-1074,TG-GRE-1074,textgrid:49tr3.0,handle:hdl:21.11113/0000-0016-D681-4,TEI_XML,77841,md5,791ce00c62a2cc7ffca266d138745353,acquisitions\staging\textgrid-gretil\2026-07-12\payload\textgrid_49tr3_0.xml,True,77841,2a45d4a5a76395e0f78fab3bb753cb8d3f1555f02cc4a53e35faf8309d4c28b8,791ce00c62a2cc7ffca266d138745353,True,True,TEI,tam_pm115,https://creativecommons.org/licenses/by-nc-sa/4.0/,
TG-GRE-C-1075,TG-GRE-1075,textgrid:49tr6.0,handle:hdl:21.11113/0000-0016-D684-1,TEI_XML,101253,md5,458048a7eb2508730b414247f217ea18,acquisitions\staging\textgrid-gretil\2026-07-12\payload\textgrid_49tr6_0.xml,True,101253,70742078a5a1be0217f08f59813ab2aaeaea2f57d01cf10a1940434bda8a7f86,458048a7eb2508730b414247f217ea18,True,True,TEI,tam_pm118,https://creativecommons.org/licenses/by-nc-sa/4.0/,
TG-GRE-C-1076,TG-GRE-1076,textgrid:49tr9.0,handle:hdl:21.11113/0000-0016-D687-E,TEI_XML,112573,md5,1eb6afe2e0e5a4c8c04bf3b3a6539341,acquisitions\staging\textgrid-gretil\2026-07-12\payload\textgrid_49tr9_0.xml,True,112573,e9cbe0bd5f1b54d83d649e12883bebc3f9f96fc7b5f53ad00c8e38627885e9d5,1eb6afe2e0e5a4c8c04bf3b3a6539341,True,True,TEI,tam_pm122,https://creativecommons.org/licenses/by-nc-sa/4.0/,
TG-GRE-C-1077,TG-GRE-1077,textgrid:49trd.0,handle:hdl:21.11113/0000-0016-D68A-B,TEI_XML,102686,md5,59ecc8faa4ba162cffff191daf878458,acquisitions\staging\textgrid-gretil\2026-07-12\payload\textgrid_49trd_0.xml,True,102686,28f3d0191fa7e66adea0220afa1578df883b03c183725e02f0e23849307e75ba,59ecc8faa4ba162cffff191daf878458,True,True,TEI,tam_pm129,https://creativecommons.org/licenses/by-nc-sa/4.0/,
TG-GRE-C-1078,TG-GRE-1078,textgrid:49trh.0,handle:hdl:21.11113/0000-0016-D68D-8,TEI_XML,109166,md5,3a45f5ce13da767a0fe9c716fc9e4c5e,acquisitions\staging\textgrid-gretil\2026-07-12\payload\textgrid_49trh_0.xml,True,109166,b5f3cb77b5b9575734e8eff1d60be849c53094cb50a3df8eaeee9180a6c969f1,3a45f5ce13da767a0fe9c716fc9e4c5e,True,True,TEI,tam_pm131,https://creativecommons.org/licenses/by-nc-sa/4.0/,
TG-GRE-C-1079,TG-GRE-1079,textgrid:49trm.0,handle:hdl:21.11113/0000-0016-D690-3,TEI_XML,67570,md5,15af96ae6127a1b7892f214a5d44c0dd,acquisitions\staging\textgrid-gretil\2026-07-12\payload\textgrid_49trm_0.xml,True,67570,5c1d394d7b442571451ab00d72a19f0ff643141dae0e89dc72a21fc94faa28f6,15af96ae6127a1b7892f214a5d44c0dd,True,True,TEI,tam_pm133,https://creativecommons.org/licenses/by-nc-sa/4.0/,
TG-GRE-C-1080,TG-GRE-1080,textgrid:49trq.0,handle:hdl:21.11113/0000-0016-D693-0,TEI_XML,135547,md5,06bc3fe48a7d688dc975714284ad70a5,acquisitions\staging\textgrid-gretil\2026-07-12\payload\textgrid_49trq_0.xml,True,135547,d5006632ff3f2dbc395281b934b522e38230b233a7a5f7bce5cf7be522d59437,06bc3fe48a7d688dc975714284ad70a5,True,True,TEI,tam_pm049,https://creativecommons.org/licenses/by-nc-sa/4.0/,
TG-GRE-C-1081,TG-GRE-1081,textgrid:49trt.0,handle:hdl:21.11113/0000-0016-D696-D,TEI_XML,167095,md5,14eb43a80fb2a065c366014663583048,acquisitions\staging\textgrid-gretil\2026-07-12\payload\textgrid_49trt_0.xml,True,167095,9c714030f3517c02822df873e4ed4637a9a1a6c22897a81b097541602371adca,14eb43a80fb2a065c366014663583048,True,True,TEI,tam_pm053,https://creativecommons.org/licenses/by-nc-sa/4.0/,
TG-GRE-C-1082,TG-GRE-1082,textgrid:49trx.0,handle:hdl:21.11113/0000-0016-D699-A,TEI_XML,86258,md5,9a7de5174be7de08cec216d9e3340c55,acquisitions\staging\textgrid-gretil\2026-07-12\payload\textgrid_49trx_0.xml,True,86258,fcde87f0abb8e011a4a1f13445a24b01ae7aacc3a1d3ce16b12f1d7fa43f1939,9a7de5174be7de08cec216d9e3340c55,True,True,TEI,tam_pm152,https://creativecommons.org/licenses/by-nc-sa/4.0/,
TG-GRE-C-1083,TG-GRE-1083,textgrid:49ts1.0,handle:hdl:21.11113/0000-0016-D69C-7,TEI_XML,76374,md5,527d8606c285ee6949728c4e8e5f0cba,acquisitions\staging\textgrid-gretil\2026-07-12\payload\textgrid_49ts1_0.xml,True,76374,30e80efef3a71b978c86a699dee59bd9e37c1c7e5c1591769145c5f886a0dcfc,527d8606c285ee6949728c4e8e5f0cba,True,True,TEI,tam_pm159,https://creativecommons.org/licenses/by-nc-sa/4.0/,
TG-GRE-C-1084,TG-GRE-1084,textgrid:49ts4.0,handle:hdl:21.11113/0000-0016-D69F-4,TEI_XML,236233,md5,759a66010521a378cf18e9e862d490d3,acquisitions\staging\textgrid-gretil\2026-07-12\payload\textgrid_49ts4_0.xml,True,236233,4b3b829e23e0578ba9fada85b72ff3d8890e62fde92dd2d175f97649727652aa,759a66010521a378cf18e9e862d490d3,True,True,TEI,tam_pm007,https://creativecommons.org/licenses/by-nc-sa/4.0/,
TG-GRE-C-1085,TG-GRE-1085,textgrid:49ts7.0,handle:hdl:21.11113/0000-0016-D6A2-F,TEI_XML,119969,md5,6b33d4776ed323988c71f081866cc9ab,acquisitions\staging\textgrid-gretil\2026-07-12\payload\textgrid_49ts7_0.xml,True,119969,7328757914597804ae6d38610b0dc045ceea8f4095af31b3c946bba533bf1220,6b33d4776ed323988c71f081866cc9ab,True,True,TEI,tam_pm160,https://creativecommons.org/licenses/by-nc-sa/4.0/,
TG-GRE-C-1086,TG-GRE-1086,textgrid:49tsb.0,handle:hdl:21.11113/0000-0016-D6A5-C,TEI_XML,91861,md5,0ed706cfb6011fcbcbcd62f1fd3b488b,acquisitions\staging\textgrid-gretil\2026-07-12\payload\textgrid_49tsb_0.xml,True,91861,8ef727d12e7f7ece9762e115ff86a1deb283fa89f26ac33ad5c404928a5417c0,0ed706cfb6011fcbcbcd62f1fd3b488b,True,True,TEI,tam_pm170,https://creativecommons.org/licenses/by-nc-sa/4.0/,
TG-GRE-C-1087,TG-GRE-1087,textgrid:49tsf.0,handle:hdl:21.11113/0000-0016-D6A8-9,TEI_XML,136059,md5,3fd8b13c77021a3e2796b9fd8efa7263,acquisitions\staging\textgrid-gretil\2026-07-12\payload\textgrid_49tsf_0.xml,True,136059,b5fb40c0fe4eb95328320223be3ada2489b78113e7303e2f06acce896f3a9d2e,3fd8b13c77021a3e2796b9fd8efa7263,True,True,TEI,tam_pm065,https://creativecommons.org/licenses/by-nc-sa/4.0/,
TG-GRE-C-1088,TG-GRE-1088,textgrid:49tsj.0,handle:hdl:21.11113/0000-0016-D6AB-6,TEI_XML,127683,md5,eaa90f15e97bb7dc172a5d3728865e01,acquisitions\staging\textgrid-gretil\2026-07-12\payload\textgrid_49tsj_0.xml,True,127683,e8d916a2650fde8531767373af4ab647f843540729d2cc64b890fb02050b71fe,eaa90f15e97bb7dc172a5d3728865e01,True,True,TEI,tam_pm177,https://creativecommons.org/licenses/by-nc-sa/4.0/,
TG-GRE-C-1089,TG-GRE-1089,textgrid:49tsn.0,handle:hdl:21.11113/0000-0016-D6AE-3,TEI_XML,157728,md5,1da287f544763b4ced45bf66d88bbdc8,acquisitions\staging\textgrid-gretil\2026-07-12\payload\textgrid_49tsn_0.xml,True,157728,60e9a45183cc8d85e0d6b97bfe1524057d464f65f288d158cd0a1f5b4f91bd57,1da287f544763b4ced45bf66d88bbdc8,True,True,TEI,tam_pm087,https://creativecommons.org/licenses/by-nc-sa/4.0/,
TG-GRE-C-1090,TG-GRE-1090,textgrid:49tsr.0,handle:hdl:21.11113/0000-0016-D6B1-E,TEI_XML,98082,md5,d37a2929dc306a5c8ded21c3490acce7,acquisitions\staging\textgrid-gretil\2026-07-12\payload\textgrid_49tsr_0.xml,True,98082,d169499153a03a752a391d2e57c8fb2d12cefe0768474442b553802a8c604c25,d37a2929dc306a5c8ded21c3490acce7,True,True,TEI,tam_pm184,https://creativecommons.org/licenses/by-nc-sa/4.0/,
TG-GRE-C-1091,TG-GRE-1091,textgrid:49tsv.0,handle:hdl:21.11113/0000-0016-D6B4-B,TEI_XML,77064,md5,3fded94d5980cf18e1ffc9fa92e50ddd,acquisitions\staging\textgrid-gretil\2026-07-12\payload\textgrid_49tsv_0.xml,True,77064,45e33a56f7d6a05740671fd96685ee8d7282aa1adef44f2e05ddf528cb05a5e4,3fded94d5980cf18e1ffc9fa92e50ddd,True,True,TEI,tam_pm185,https://creativecommons.org/licenses/by-nc-sa/4.0/,
TG-GRE-C-1092,TG-GRE-1092,textgrid:49tsz.0,handle:hdl:21.11113/0000-0016-D6B7-8,TEI_XML,71713,md5,3c4405f09cf4b6e7c2f7a8e0ecbc895f,acquisitions\staging\textgrid-gretil\2026-07-12\payload\textgrid_49tsz_0.xml,True,71713,fe9b9ed479e85b5528871fd71cfccbe121decc3754ee9f49d1f73dfa73285b3c,3c4405f09cf4b6e7c2f7a8e0ecbc895f,True,True,TEI,tam_pm323,https://creativecommons.org/licenses/by-nc-sa/4.0/,
TG-GRE-C-1093,TG-GRE-1093,textgrid:49tt2.0,handle:hdl:21.11113/0000-0016-D6BA-5,TEI_XML,91589,md5,be88493d23e8bd2332fa912df1d18245,acquisitions\staging\textgrid-gretil\2026-07-12\payload\textgrid_49tt2_0.xml,True,91589,e5755b16f51e41dbdde423969ba6ba2b2c5e573b012b0e76e87edebbd1edb688,be88493d23e8bd2332fa912df1d18245,True,True,TEI,tam_pm190,https://creativecommons.org/licenses/by-nc-sa/4.0/,
TG-GRE-C-1094,TG-GRE-1094,textgrid:49tt5.0,handle:hdl:21.11113/0000-0016-D6BD-2,TEI_XML,180748,md5,649352c645b5eeabe9b4d0c049307860,acquisitions\staging\textgrid-gretil\2026-07-12\payload\textgrid_49tt5_0.xml,True,180748,0c763c1d3d7cb1f0c84a5eaf9410c36b464f9b5f23d03dbc337baf321fc2323d,649352c645b5eeabe9b4d0c049307860,True,True,TEI,tam_pm110,https://creativecommons.org/licenses/by-nc-sa/4.0/,
TG-GRE-C-1095,TG-GRE-1095,textgrid:49tt8.0,handle:hdl:21.11113/0000-0016-D6C0-D,TEI_XML,164312,md5,dc86fb72c3d0dd7524c13f1395722baa,acquisitions\staging\textgrid-gretil\2026-07-12\payload\textgrid_49tt8_0.xml,True,164312,65dc0c66f466e67a0ee2b80a0fd47a2f52e17dfdbfff98aaafeb90adbdd96c84,dc86fb72c3d0dd7524c13f1395722baa,True,True,TEI,tam_pm111-1u,https://creativecommons.org/licenses/by-nc-sa/4.0/,
TG-GRE-C-1096,TG-GRE-1096,textgrid:49ttc.0,handle:hdl:21.11113/0000-0016-D6C3-A,TEI_XML,174146,md5,04433040a7b02d38a386a24ee9504df2,acquisitions\staging\textgrid-gretil\2026-07-12\payload\textgrid_49ttc_0.xml,True,174146,30fad6e34b50e09c13961ae5a50ab5f7fa899f17549519413872d9b6c3cff7a8,04433040a7b02d38a386a24ee9504df2,True,True,TEI,mal_jyotsniu,https://creativecommons.org/licenses/by-nc-sa/4.0/,
TG-GRE-C-1097,TG-GRE-1097,textgrid:49ttg.0,handle:hdl:21.11113/0000-0016-D6C6-7,TEI_XML,153525,md5,15e1b6f66136953df8c6377c33b16bb4,acquisitions\staging\textgrid-gretil\2026-07-12\payload\textgrid_49ttg_0.xml,True,153525,d8982a01c90d3af5c3cae566239b053fb13680e86e040c9e4fdd76c60a033174,15e1b6f66136953df8c6377c33b16bb4,True,True,TEI,tam_pm116,https://creativecommons.org/licenses/by-nc-sa/4.0/,
TG-GRE-C-1098,TG-GRE-1098,textgrid:49ttk.0,handle:hdl:21.11113/0000-0016-D6C9-4,TEI_XML,194241,md5,a88e283a5963523084f179cbace73825,acquisitions\staging\textgrid-gretil\2026-07-12\payload\textgrid_49ttk_0.xml,True,194241,906813b3e21486136a1f36bb4f6323dcd23f40428b3c24b433c247ad23de434d,a88e283a5963523084f179cbace73825,True,True,TEI,tam_pm125,https://creativecommons.org/licenses/by-nc-sa/4.0/,
TG-GRE-C-1099,TG-GRE-1099,textgrid:49ttp.0,handle:hdl:21.11113/0000-0016-D6CC-1,TEI_XML,150087,md5,354af0323093620e3728bfc767def384,acquisitions\staging\textgrid-gretil\2026-07-12\payload\textgrid_49ttp_0.xml,True,150087,0e00479be67398dace3e5dbf0b79875f7f8bb7a2fe8bf693e5cc946ffeee2a7a,354af0323093620e3728bfc767def384,True,True,TEI,tam_pm123,https://creativecommons.org/licenses/by-nc-sa/4.0/,
TG-GRE-C-1100,TG-GRE-1100,textgrid:49tts.0,handle:hdl:21.11113/0000-0016-D6CF-E,TEI_XML,144218,md5,d1845723e8f47803e7f03e76800d4ed0,acquisitions\staging\textgrid-gretil\2026-07-12\payload\textgrid_49tts_0.xml,True,144218,5d4e170fe286fe79f5b9f3e002029baf9f4b29513abde90e5026f5f5623cecdb,d1845723e8f47803e7f03e76800d4ed0,True,True,TEI,tam_pm128,https://creativecommons.org/licenses/by-nc-sa/4.0/,
TG-GRE-C-1101,TG-GRE-1101,textgrid:49ttw.0,handle:hdl:21.11113/0000-0016-D6D2-9,TEI_XML,212198,md5,4d6ad5a9200f2b1d1b14b318db2c8e88,acquisitions\staging\textgrid-gretil\2026-07-12\payload\textgrid_49ttw_0.xml,True,212198,954f8899aa29c95371e1476f52b8ca937c40d2bdf79dda420de79093d8227d38,4d6ad5a9200f2b1d1b14b318db2c8e88,True,True,TEI,tam_pm054,https://creativecommons.org/licenses/by-nc-sa/4.0/,
TG-GRE-C-1102,TG-GRE-1102,textgrid:49tv0.0,handle:hdl:21.11113/0000-0016-D6D5-6,TEI_XML,164097,md5,21cebbbce29c63e18183e4a6d10902b3,acquisitions\staging\textgrid-gretil\2026-07-12\payload\textgrid_49tv0_0.xml,True,164097,fe00acd6b7e0ae5c461f4e93655656f15eabad8e4e4bf5979d93e544d0414774,21cebbbce29c63e18183e4a6d10902b3,True,True,TEI,tam_pm149,https://creativecommons.org/licenses/by-nc-sa/4.0/,
TG-GRE-C-1103,TG-GRE-1103,textgrid:49tv3.0,handle:hdl:21.11113/0000-0016-D6D8-3,TEI_XML,154830,md5,1338f9a6d1735399b91703dd3c94601a,acquisitions\staging\textgrid-gretil\2026-07-12\payload\textgrid_49tv3_0.xml,True,154830,9504f891694457f0b97ac7b771e0f4259b8d05fe870d72ab4dac2fbff564e763,1338f9a6d1735399b91703dd3c94601a,True,True,TEI,tam_pm166_2u,https://creativecommons.org/licenses/by-nc-sa/4.0/,
TG-GRE-C-1104,TG-GRE-1104,textgrid:49tv6.0,handle:hdl:21.11113/0000-0016-D6DB-0,TEI_XML,296964,md5,ed3ac313d803f7abc514d35c255431c1,acquisitions\staging\textgrid-gretil\2026-07-12\payload\textgrid_49tv6_0.xml,True,296964,6797445b4f15a17a283cc394fe10253e2535616b1067ec218dc78eb6c4f2d937,ed3ac313d803f7abc514d35c255431c1,True,True,TEI,tam_pm035,https://creativecommons.org/licenses/by-nc-sa/4.0/,
TG-GRE-C-1105,TG-GRE-1105,textgrid:49tv9.0,handle:hdl:21.11113/0000-0016-D6DE-D,TEI_XML,242489,md5,418dbc3785a96028537c5705492df707,acquisitions\staging\textgrid-gretil\2026-07-12\payload\textgrid_49tv9_0.xml,True,242489,ad940e83ea66d9d3ebe742d3de5b35c5e24f4b3efa4f88de5df26b5988529dc8,418dbc3785a96028537c5705492df707,True,True,TEI,tam_pm072,https://creativecommons.org/licenses/by-nc-sa/4.0/,
TG-GRE-C-1106,TG-GRE-1106,textgrid:49tvd.0,handle:hdl:21.11113/0000-0016-D6E1-8,TEI_XML,163408,md5,4a9874e10a54117ed3242cab197c9722,acquisitions\staging\textgrid-gretil\2026-07-12\payload\textgrid_49tvd_0.xml,True,163408,81301a1be7ee889b0e99abd5bb90b1d666b902c4c706dccc2ddaa1ce0cca4fa9,4a9874e10a54117ed3242cab197c9722,True,True,TEI,tam_pm175,https://creativecommons.org/licenses/by-nc-sa/4.0/,
TG-GRE-C-1107,TG-GRE-1107,textgrid:49tvh.0,handle:hdl:21.11113/0000-0016-D6E4-5,TEI_XML,200226,md5,9cf18bde1398388c65029660e599bd1e,acquisitions\staging\textgrid-gretil\2026-07-12\payload\textgrid_49tvh_0.xml,True,200226,f30732ccd6fb0ce14ce666788c83ee58ab8af650c8b8c0fdd484d54bb5d9de9f,9cf18bde1398388c65029660e599bd1e,True,True,TEI,tam_pm082,https://creativecommons.org/licenses/by-nc-sa/4.0/,
TG-GRE-C-1108,TG-GRE-1108,textgrid:49tvm.0,handle:hdl:21.11113/0000-0016-D6E7-2,TEI_XML,221888,md5,0dfe8cd3e7f5c396f4cc86e43b1a6cde,acquisitions\staging\textgrid-gretil\2026-07-12\payload\textgrid_49tvm_0.xml,True,221888,b93845d99e2a44136ea5d4defab7526bd7ededde2153ce89b7051c507a0518a7,0dfe8cd3e7f5c396f4cc86e43b1a6cde,True,True,TEI,tam_pm088,https://creativecommons.org/licenses/by-nc-sa/4.0/,
TG-GRE-C-1109,TG-GRE-1109,textgrid:49tvq.0,handle:hdl:21.11113/0000-0016-D6EA-F,TEI_XML,147443,md5,e02b887eac2b9f02deb8541b388cade5,acquisitions\staging\textgrid-gretil\2026-07-12\payload\textgrid_49tvq_0.xml,True,147443,b21da0169d918d8cd7c6d1e3c1d83d26a033123af9f60a9f3a33725d708e3b02,e02b887eac2b9f02deb8541b388cade5,True,True,TEI,tam_pm186,https://creativecommons.org/licenses/by-nc-sa/4.0/,
TG-GRE-C-1110,TG-GRE-1110,textgrid:49tvt.0,handle:hdl:21.11113/0000-0016-D6ED-C,TEI_XML,231795,md5,e71f78f654630a549ea8e7f457d6d73c,acquisitions\staging\textgrid-gretil\2026-07-12\payload\textgrid_49tvt_0.xml,True,231795,57d2878d37a3bc0e10b9350ca9c3b1eb5109c3ce98c0c321ab177f802c3d8bba,e71f78f654630a549ea8e7f457d6d73c,True,True,TEI,tam_pm089,https://creativecommons.org/licenses/by-nc-sa/4.0/,
TG-GRE-C-1111,TG-GRE-1111,textgrid:49tvx.0,handle:hdl:21.11113/0000-0016-D6F0-7,TEI_XML,149900,md5,2e8785896dd17eb239f67b98d2f0d528,acquisitions\staging\textgrid-gretil\2026-07-12\payload\textgrid_49tvx_0.xml,True,149900,eb7befac5486c3f9937de7d0462c40911d78a919b4d85e937f50d6bb952583a4,2e8785896dd17eb239f67b98d2f0d528,True,True,TEI,tam_pm188,https://creativecommons.org/licenses/by-nc-sa/4.0/,
TG-GRE-C-1112,TG-GRE-1112,textgrid:49tw1.0,handle:hdl:21.11113/0000-0016-D6F3-4,TEI_XML,223984,md5,5911b75747fe7c231c5b9984bbf71750,acquisitions\staging\textgrid-gretil\2026-07-12\payload\textgrid_49tw1_0.xml,True,223984,332b66f0ac7326bffb03298286c99be238bd963f1e3d36b2b18df15e047ec686,5911b75747fe7c231c5b9984bbf71750,True,True,TEI,tam_pm095,https://creativecommons.org/licenses/by-nc-sa/4.0/,
TG-GRE-C-1113,TG-GRE-1113,textgrid:49tw4.0,handle:hdl:21.11113/0000-0016-D6F6-1,TEI_XML,172890,md5,8a43ef7a2a17a2c5893b841ba295527e,acquisitions\staging\textgrid-gretil\2026-07-12\payload\textgrid_49tw4_0.xml,True,172890,138d157adf64316d82a618581eb2aef5c3da912e55d4fcc7dbcc234d90514ea2,8a43ef7a2a17a2c5893b841ba295527e,True,True,TEI,tam_pm001,https://creativecommons.org/licenses/by-nc-sa/4.0/,
TG-GRE-C-1114,TG-GRE-1114,textgrid:49tw7.0,handle:hdl:21.11113/0000-0016-D6F9-E,TEI_XML,197931,md5,b1d3ca1a1d13a7db5d749134e2077fa6,acquisitions\staging\textgrid-gretil\2026-07-12\payload\textgrid_49tw7_0.xml,True,197931,bfdff90c1640122ab50044b5d19eb43c45f589c18cf013a2f64d966990c180bc,b1d3ca1a1d13a7db5d749134e2077fa6,True,True,TEI,tam_pm104,https://creativecommons.org/licenses/by-nc-sa/4.0/,
TG-GRE-C-1115,TG-GRE-1115,textgrid:49twb.0,handle:hdl:21.11113/0000-0016-D6FC-B,TEI_XML,230143,md5,e5e3695e370dbd81e3c8720ee7e0f57d,acquisitions\staging\textgrid-gretil\2026-07-12\payload\textgrid_49twb_0.xml,True,230143,9e2bc4a56467b72d5c0be30d038afb6d76e24e72e480ed8f7feebed9d3a86427,e5e3695e370dbd81e3c8720ee7e0f57d,True,True,TEI,tam_pm106,https://creativecommons.org/licenses/by-nc-sa/4.0/,
TG-GRE-C-1116,TG-GRE-1116,textgrid:49twf.0,handle:hdl:21.11113/0000-0016-D6FF-8,TEI_XML,247471,md5,da88a9d93a51ed0693c9a32568453c6c,acquisitions\staging\textgrid-gretil\2026-07-12\payload\textgrid_49twf_0.xml,True,247471,fecf0f782a1d8c57e82cae731a8af04396e4c3bcebcdd5cf6873321d4a00be3d,da88a9d93a51ed0693c9a32568453c6c,True,True,TEI,tam_pm113,https://creativecommons.org/licenses/by-nc-sa/4.0/,
TG-GRE-C-1117,TG-GRE-1117,textgrid:49twj.0,handle:hdl:21.11113/0000-0016-D702-3,TEI_XML,143469,md5,a22d4275e81752bc3c60bdbb6b52abf4,acquisitions\staging\textgrid-gretil\2026-07-12\payload\textgrid_49twj_0.xml,True,143469,f17388f693c1e325b74929ee5140dd7d4f355ec356ca55f0239d57ec47cfc1ed,a22d4275e81752bc3c60bdbb6b52abf4,True,True,TEI,tam_pm004,https://creativecommons.org/licenses/by-nc-sa/4.0/,
TG-GRE-C-1118,TG-GRE-1118,textgrid:49twn.0,handle:hdl:21.11113/0000-0016-D705-0,TEI_XML,246497,md5,5b481f5a21febc760c75414ded259a1c,acquisitions\staging\textgrid-gretil\2026-07-12\payload\textgrid_49twn_0.xml,True,246497,5e1bc390ca88935c23182727016b0fb12eaa8afce687b77ef9b347fc8bea32eb,5b481f5a21febc760c75414ded259a1c,True,True,TEI,tam_pm117,https://creativecommons.org/licenses/by-nc-sa/4.0/,
TG-GRE-C-1119,TG-GRE-1119,textgrid:49twr.0,handle:hdl:21.11113/0000-0016-D708-D,TEI_XML,200264,md5,e329cca670ba9a4a94b46b4d4b47a1dc,acquisitions\staging\textgrid-gretil\2026-07-12\payload\textgrid_49twr_0.xml,True,200264,722c02cabb78608f5523e06a228cde9b4396bc96737bff1ad8596bd3195f98a1,e329cca670ba9a4a94b46b4d4b47a1dc,True,True,TEI,tam_pm134,https://creativecommons.org/licenses/by-nc-sa/4.0/,
TG-GRE-C-1120,TG-GRE-1120,textgrid:49twv.0,handle:hdl:21.11113/0000-0016-D70B-A,TEI_XML,256283,md5,5f91ae74f8188c93fb8b551e543a70be,acquisitions\staging\textgrid-gretil\2026-07-12\payload\textgrid_49twv_0.xml,True,256283,1bc0bdc9e60bb5998e35399a8ba77ff0bb7132071f6d55a59e6579ccafd31c95,5f91ae74f8188c93fb8b551e543a70be,True,True,TEI,tam_pm136a_u,https://creativecommons.org/licenses/by-nc-sa/4.0/,
TG-GRE-C-1121,TG-GRE-1121,textgrid:49twz.0,handle:hdl:21.11113/0000-0016-D70E-7,TEI_XML,208953,md5,a4ac9f156b5cc0507b761f774741b18c,acquisitions\staging\textgrid-gretil\2026-07-12\payload\textgrid_49twz_0.xml,True,208953,8dfa4085394cae0c847ea588ac8b6061fd2eaa610b72009cac443788e1d4ec6a,a4ac9f156b5cc0507b761f774741b18c,True,True,TEI,tam_pm136b_u,https://creativecommons.org/licenses/by-nc-sa/4.0/,
TG-GRE-C-1122,TG-GRE-1122,textgrid:49tx2.0,handle:hdl:21.11113/0000-0016-D711-2,TEI_XML,353747,md5,7eb65f8050493d34706bbeea14f4ec55,acquisitions\staging\textgrid-gretil\2026-07-12\payload\textgrid_49tx2_0.xml,True,353747,5ab82a1b5dac07f00534927179cb6098c1f41f406aab5f74b9832070327e9d9e,7eb65f8050493d34706bbeea14f4ec55,True,True,TEI,tam_pm008,https://creativecommons.org/licenses/by-nc-sa/4.0/,
TG-GRE-C-1123,TG-GRE-1123,textgrid:49tx5.0,handle:hdl:21.11113/0000-0016-D714-F,TEI_XML,211068,md5,3b3173c14c5435e2f420162b3504c06c,acquisitions\staging\textgrid-gretil\2026-07-12\payload\textgrid_49tx5_0.xml,True,211068,396d672a7408e156d17bfb184af42d132114cce3777e7d7fdfaa4125b60a5038,3b3173c14c5435e2f420162b3504c06c,True,True,TEI,tam_pm157,https://creativecommons.org/licenses/by-nc-sa/4.0/,
TG-GRE-C-1124,TG-GRE-1124,textgrid:49tx8.0,handle:hdl:21.11113/0000-0016-D717-C,TEI_XML,354458,md5,792f60ba739602e2a13e44f22e163f33,acquisitions\staging\textgrid-gretil\2026-07-12\payload\textgrid_49tx8_0.xml,True,354458,62ade5ad484805e0aeba76f37b6a4740050855a864eac385c2fc599e599fef63,792f60ba739602e2a13e44f22e163f33,True,True,TEI,tam_pm011,https://creativecommons.org/licenses/by-nc-sa/4.0/,
TG-GRE-C-1125,TG-GRE-1125,textgrid:49txc.0,handle:hdl:21.11113/0000-0016-D71A-9,TEI_XML,248220,md5,b9389dcae90e7dfeec90208ca0244980,acquisitions\staging\textgrid-gretil\2026-07-12\payload\textgrid_49txc_0.xml,True,248220,47d456199392164cea5e3f80cab8c1d35bf0d41d50f3252e0308ab11330a9126,b9389dcae90e7dfeec90208ca0244980,True,True,TEI,tam_pm162,https://creativecommons.org/licenses/by-nc-sa/4.0/,
TG-GRE-C-1126,TG-GRE-1126,textgrid:49txg.0,handle:hdl:21.11113/0000-0016-D71D-6,TEI_XML,243198,md5,d1978a32c0e6577709dd7ddb27732e80,acquisitions\staging\textgrid-gretil\2026-07-12\payload\textgrid_49txg_0.xml,True,243198,1c5ec6d236c1d3f6ee5ea90a15e61ceff7578018cc503f91d8045d1a0e303a32,d1978a32c0e6577709dd7ddb27732e80,True,True,TEI,tam_pm165,https://creativecommons.org/licenses/by-nc-sa/4.0/,
TG-GRE-C-1127,TG-GRE-1127,textgrid:49txk.0,handle:hdl:21.11113/0000-0016-D720-1,TEI_XML,235237,md5,608f587d349274fcda03b5a7837f7d55,acquisitions\staging\textgrid-gretil\2026-07-12\payload\textgrid_49txk_0.xml,True,235237,ee2fb9a8527cf75d18a40355d1fcce11e80c8d807ad65840d2af01931356d3f6,608f587d349274fcda03b5a7837f7d55,True,True,TEI,tam_pm166_3u,https://creativecommons.org/licenses/by-nc-sa/4.0/,
TG-GRE-C-1128,TG-GRE-1128,textgrid:49txp.0,handle:hdl:21.11113/0000-0016-D723-E,TEI_XML,238949,md5,f4f3dc71660b2cd3aa5620f0e5e97316,acquisitions\staging\textgrid-gretil\2026-07-12\payload\textgrid_49txp_0.xml,True,238949,16aaad10ee1062af914cce014e67ccacf80356d0f258453f2b42f46168dae1e4,f4f3dc71660b2cd3aa5620f0e5e97316,True,True,TEI,tam_pm168,https://creativecommons.org/licenses/by-nc-sa/4.0/,
TG-GRE-C-1129,TG-GRE-1129,textgrid:49txs.0,handle:hdl:21.11113/0000-0016-D726-B,TEI_XML,241704,md5,d209ff323555302716dd959e48f28303,acquisitions\staging\textgrid-gretil\2026-07-12\payload\textgrid_49txs_0.xml,True,241704,41b21ecbf47d843a824a9c1e3a2ae2d73b62a61ea17efda4b2e60b12ec6d4676,d209ff323555302716dd959e48f28303,True,True,TEI,tam_pm167,https://creativecommons.org/licenses/by-nc-sa/4.0/,
TG-GRE-C-1130,TG-GRE-1130,textgrid:49txw.0,handle:hdl:21.11113/0000-0016-D729-8,TEI_XML,224712,md5,64610ac209510774767af9317c556aa1,acquisitions\staging\textgrid-gretil\2026-07-12\payload\textgrid_49txw_0.xml,True,224712,ea27e7dd6d7792dc249ad7c65acf8de2af3d2166d9657eaac0ff97c81fb8559f,64610ac209510774767af9317c556aa1,True,True,TEI,tam_pm173,https://creativecommons.org/licenses/by-nc-sa/4.0/,
TG-GRE-C-1131,TG-GRE-1131,textgrid:49tz0.0,handle:hdl:21.11113/0000-0016-D72C-5,TEI_XML,281239,md5,196ea88942426d26056e07585b2cf304,acquisitions\staging\textgrid-gretil\2026-07-12\payload\textgrid_49tz0_0.xml,True,281239,1992ea7e0b0e76ac69955f73680626bc3c158e1c6a0d8f2e022e624b2e84b19a,196ea88942426d26056e07585b2cf304,True,True,TEI,tam_pm079,https://creativecommons.org/licenses/by-nc-sa/4.0/,
TG-GRE-C-1132,TG-GRE-1132,textgrid:49tz3.0,handle:hdl:21.11113/0000-0016-D72F-2,TEI_XML,253052,md5,ba75dcd09674e4085938ad787f69e1c9,acquisitions\staging\textgrid-gretil\2026-07-12\payload\textgrid_49tz3_0.xml,True,253052,042b22670912fd2618d7421abd63cd11ece8117bac27794b2c203a3aee8d59b8,ba75dcd09674e4085938ad787f69e1c9,True,True,TEI,tam_pm174,https://creativecommons.org/licenses/by-nc-sa/4.0/,
TG-GRE-C-1133,TG-GRE-1133,textgrid:49tz6.0,handle:hdl:21.11113/0000-0016-D732-D,TEI_XML,218006,md5,3af473fff3c2fc6be8c234456e91e0b2,acquisitions\staging\textgrid-gretil\2026-07-12\payload\textgrid_49tz6_0.xml,True,218006,c5c8a63bee0c591b88936672e678631da12c3adfc11361cdc7bc0b001b95bd72,3af473fff3c2fc6be8c234456e91e0b2,True,True,TEI,tam_pm178,https://creativecommons.org/licenses/by-nc-sa/4.0/,
TG-GRE-C-1134,TG-GRE-1134,textgrid:49tz9.0,handle:hdl:21.11113/0000-0016-D735-A,TEI_XML,238998,md5,38f60ffb27b15ba865bb73950e3a3b5e,acquisitions\staging\textgrid-gretil\2026-07-12\payload\textgrid_49tz9_0.xml,True,238998,9263aa8a6e1046e8ac06b8bfc30085c13e17f4d99b262b3a363ed38c2e12cfa2,38f60ffb27b15ba865bb73950e3a3b5e,True,True,TEI,tam_pm179,https://creativecommons.org/licenses/by-nc-sa/4.0/,
TG-GRE-C-1135,TG-GRE-1135,textgrid:49tzd.0,handle:hdl:21.11113/0000-0016-D738-7,TEI_XML,220307,md5,9fce05cb6432aa00ea7b314d8b575739,acquisitions\staging\textgrid-gretil\2026-07-12\payload\textgrid_49tzd_0.xml,True,220307,4a3ef2be85e67636e5a42fe4d860c4c5d2507d2f248cc8b7d07feec075aa3821,9fce05cb6432aa00ea7b314d8b575739,True,True,TEI,tam_pm181,https://creativecommons.org/licenses/by-nc-sa/4.0/,
TG-GRE-C-1136,TG-GRE-1136,textgrid:49tzh.0,handle:hdl:21.11113/0000-0016-D73B-4,TEI_XML,242062,md5,a633f8e12e5f904826128120a637988f,acquisitions\staging\textgrid-gretil\2026-07-12\payload\textgrid_49tzh_0.xml,True,242062,900a86c4eb0f52f7fc22a794a3db0327467bda3898ae0c8a2b732bfcd5db9035,a633f8e12e5f904826128120a637988f,True,True,TEI,tam_pm182,https://creativecommons.org/licenses/by-nc-sa/4.0/,
TG-GRE-C-1137,TG-GRE-1137,textgrid:49tzm.0,handle:hdl:21.11113/0000-0016-D73E-1,TEI_XML,249485,md5,1a529d5cfaff59c8f0ddf44a8168f83c,acquisitions\staging\textgrid-gretil\2026-07-12\payload\textgrid_49tzm_0.xml,True,249485,dfa53dd3aa4646fc092a158cc40b18880be9eb1a229930d425f6c7c9cb561f6a,1a529d5cfaff59c8f0ddf44a8168f83c,True,True,TEI,tam_pm196,https://creativecommons.org/licenses/by-nc-sa/4.0/,
TG-GRE-C-1138,TG-GRE-1138,textgrid:49tzq.0,handle:hdl:21.11113/0000-0016-D741-C,TEI_XML,313732,md5,1cec345aa68d27b33acad264fc8dd017,acquisitions\staging\textgrid-gretil\2026-07-12\payload\textgrid_49tzq_0.xml,True,313732,e43784d0bf13f5cdf817fb6b2414cfd4216224de85497ca824d3b32e5a22eb98,1cec345aa68d27b33acad264fc8dd017,True,True,TEI,tam_pm126,https://creativecommons.org/licenses/by-nc-sa/4.0/,
TG-GRE-C-1139,TG-GRE-1139,textgrid:49tzt.0,handle:hdl:21.11113/0000-0016-D744-9,TEI_XML,315108,md5,bb046c156aa8540c47b026ffec457fbb,acquisitions\staging\textgrid-gretil\2026-07-12\payload\textgrid_49tzt_0.xml,True,315108,07e081621b844f29e49119dfbac53b5777dba37ce1a0050b6a5bf725df1b4b9a,bb046c156aa8540c47b026ffec457fbb,True,True,TEI,tam_pm127,https://creativecommons.org/licenses/by-nc-sa/4.0/,
TG-GRE-C-1140,TG-GRE-1140,textgrid:49tzx.0,handle:hdl:21.11113/0000-0016-D747-6,TEI_XML,307271,md5,97711e704412acf7cec4786d0bda4e2d,acquisitions\staging\textgrid-gretil\2026-07-12\payload\textgrid_49tzx_0.xml,True,307271,44841897fd37595cae9c586d1783faed17c5c4e20d6dd7951c802b0a28f9efc8,97711e704412acf7cec4786d0bda4e2d,True,True,TEI,tam_pm130,https://creativecommons.org/licenses/by-nc-sa/4.0/,
TG-GRE-C-1141,TG-GRE-1141,textgrid:49v01.0,handle:hdl:21.11113/0000-0016-D74A-3,TEI_XML,316879,md5,db34cb30b28c70d17d75cbe6f3607e0a,acquisitions\staging\textgrid-gretil\2026-07-12\payload\textgrid_49v01_0.xml,True,316879,fd1b2340cd67ebd24d39cb947ea33cd909a4de546161d906487cdd36218af872,db34cb30b28c70d17d75cbe6f3607e0a,True,True,TEI,tam_pm135,https://creativecommons.org/licenses/by-nc-sa/4.0/,
TG-GRE-C-1142,TG-GRE-1142,textgrid:49v04.0,handle:hdl:21.11113/0000-0016-D74D-0,TEI_XML,383965,md5,4641aa64d6341cfbbd229e6dbfee7844,acquisitions\staging\textgrid-gretil\2026-07-12\payload\textgrid_49v04_0.xml,True,383965,d23a616513a70b62d884c6391588eb0b81ee00c310d74c91a43ff1622726a938,4641aa64d6341cfbbd229e6dbfee7844,True,True,TEI,tam_pm057,https://creativecommons.org/licenses/by-nc-sa/4.0/,
TG-GRE-C-1143,TG-GRE-1143,textgrid:49v07.0,handle:hdl:21.11113/0000-0016-D750-B,TEI_XML,305413,md5,447b463d70cf768908e1aed9914fa808,acquisitions\staging\textgrid-gretil\2026-07-12\payload\textgrid_49v07_0.xml,True,305413,6f99e602647d8e3dc4c256b071fc0cc5a021825570ba7dec6642a116a743f5b6,447b463d70cf768908e1aed9914fa808,True,True,TEI,tam_pm141,https://creativecommons.org/licenses/by-nc-sa/4.0/,
TG-GRE-C-1144,TG-GRE-1144,textgrid:49v0b.0,handle:hdl:21.11113/0000-0016-D753-8,TEI_XML,350818,md5,cbf0b14e8fd42a2f98f35cbbfc2f918a,acquisitions\staging\textgrid-gretil\2026-07-12\payload\textgrid_49v0b_0.xml,True,350818,7a5346c1d005694501099b59f7d9e3331419e62599199e871330d3f7ed3a9973,cbf0b14e8fd42a2f98f35cbbfc2f918a,True,True,TEI,tam_pm058,https://creativecommons.org/licenses/by-nc-sa/4.0/,
TG-GRE-C-1145,TG-GRE-1145,textgrid:49v0f.0,handle:hdl:21.11113/0000-0016-D756-5,TEI_XML,268188,md5,fc2c141d297b9206dd9fe45c06bdd680,acquisitions\staging\textgrid-gretil\2026-07-12\payload\textgrid_49v0f_0.xml,True,268188,366c31210fab67f300e360984ca9ca9eb8e68bded6a9e1998537ce452e896f65,fc2c141d297b9206dd9fe45c06bdd680,True,True,TEI,tam_pm150,https://creativecommons.org/licenses/by-nc-sa/4.0/,
TG-GRE-C-1146,TG-GRE-1146,textgrid:49v0j.0,handle:hdl:21.11113/0000-0016-D759-2,TEI_XML,263514,md5,d5fd1642220bafc6a36f7726e5b9f14c,acquisitions\staging\textgrid-gretil\2026-07-12\payload\textgrid_49v0j_0.xml,True,263514,618a2dc3466cfdb216ccc762d346cddc07e9385cf9684f92277862276484a037,d5fd1642220bafc6a36f7726e5b9f14c,True,True,TEI,tam_pm151,https://creativecommons.org/licenses/by-nc-sa/4.0/,
TG-GRE-C-1147,TG-GRE-1147,textgrid:49v0n.0,handle:hdl:21.11113/0000-0016-D75C-F,TEI_XML,276397,md5,2cce2981a4a020ee886254228b5f83e7,acquisitions\staging\textgrid-gretil\2026-07-12\payload\textgrid_49v0n_0.xml,True,276397,6398d5c9f5ec13751dd60e78c8bbfc926bbeec91859013176b75dc6c93c908d5,2cce2981a4a020ee886254228b5f83e7,True,True,TEI,tam_pm161,https://creativecommons.org/licenses/by-nc-sa/4.0/,
TG-GRE-C-1148,TG-GRE-1148,textgrid:49v0r.0,handle:hdl:21.11113/0000-0016-D75F-C,TEI_XML,423357,md5,3984f3152a9ec29b182138e66ac40891,acquisitions\staging\textgrid-gretil\2026-07-12\payload\textgrid_49v0r_0.xml,True,423357,543736e3c88f511d02c9ec901273e92007950ae214c7e55cc1b2dd7f89a5990a,3984f3152a9ec29b182138e66ac40891,True,True,TEI,tam_pm018,https://creativecommons.org/licenses/by-nc-sa/4.0/,
TG-GRE-C-1149,TG-GRE-1149,textgrid:49v0v.0,handle:hdl:21.11113/0000-0016-D762-7,TEI_XML,270801,md5,2741b703236a7747488ac219477812dc,acquisitions\staging\textgrid-gretil\2026-07-12\payload\textgrid_49v0v_0.xml,True,270801,334d66122ca79c45943af0e83f61d783d4e19caeba61e5a3b36fb925a801b70a,2741b703236a7747488ac219477812dc,True,True,TEI,tam_pm192,https://creativecommons.org/licenses/by-nc-sa/4.0/,
TG-GRE-C-1150,TG-GRE-1150,textgrid:49v0z.0,handle:hdl:21.11113/0000-0016-D765-4,TEI_XML,294461,md5,71091520b3bc9115626a72083b8b7f54,acquisitions\staging\textgrid-gretil\2026-07-12\payload\textgrid_49v0z_0.xml,True,294461,1211bb7489cb26d8f7922bade09596d013c9ca693ae675505133c4307a67b639,71091520b3bc9115626a72083b8b7f54,True,True,TEI,tam_pm198,https://creativecommons.org/licenses/by-nc-sa/4.0/,
TG-GRE-C-1151,TG-GRE-1151,textgrid:49v12.0,handle:hdl:21.11113/0000-0016-D768-1,TEI_XML,323271,md5,7c6fa5e9737a11e795535723ae837361,acquisitions\staging\textgrid-gretil\2026-07-12\payload\textgrid_49v12_0.xml,True,323271,c527c53b350177525559d401c1e6eb466d6a7bfa473faf0f53287c799fdaf750,7c6fa5e9737a11e795535723ae837361,True,True,TEI,tam_pm199,https://creativecommons.org/licenses/by-nc-sa/4.0/,
TG-GRE-C-1152,TG-GRE-1152,textgrid:49v15.0,handle:hdl:21.11113/0000-0016-D76B-E,TEI_XML,280048,md5,3c7bc4e166c453591d9b5eec0078438a,acquisitions\staging\textgrid-gretil\2026-07-12\payload\textgrid_49v15_0.xml,True,280048,bfe21f4e45ab882ffbaeb86bbb0fb9d0e60deea7af0c85960343118f4e318ad4,3c7bc4e166c453591d9b5eec0078438a,True,True,TEI,tam_pm003,https://creativecommons.org/licenses/by-nc-sa/4.0/,
TG-GRE-C-1153,TG-GRE-1153,textgrid:49v18.0,handle:hdl:21.11113/0000-0016-D76E-B,TEI_XML,385389,md5,440d78bce6e21ad570bae877fcc571f0,acquisitions\staging\textgrid-gretil\2026-07-12\payload\textgrid_49v18_0.xml,True,385389,761a8bd49d0d3c5e076ac9fc2ccaa6a0ab28c8d6d95580bcf60614f10c51ca98,440d78bce6e21ad570bae877fcc571f0,True,True,TEI,tam_pm132,https://creativecommons.org/licenses/by-nc-sa/4.0/,
TG-GRE-C-1154,TG-GRE-1154,textgrid:49v1c.0,handle:hdl:21.11113/0000-0016-D771-6,TEI_XML,338043,md5,3fdf93d3c63c1effc4656723659a10fa,acquisitions\staging\textgrid-gretil\2026-07-12\payload\textgrid_49v1c_0.xml,True,338043,94d8fa578bf638ae9136281dd467b71f4135ef045b943f97b84a4a3523662b5e,3fdf93d3c63c1effc4656723659a10fa,True,True,TEI,tam_pm146a_u,https://creativecommons.org/licenses/by-nc-sa/4.0/,
TG-GRE-C-1155,TG-GRE-1155,textgrid:49v1g.0,handle:hdl:21.11113/0000-0016-D774-3,TEI_XML,351687,md5,9d75283286c922c158733796fadad02f,acquisitions\staging\textgrid-gretil\2026-07-12\payload\textgrid_49v1g_0.xml,True,351687,469238c3313b9efa2c3243bd99607b42832f362bcfd8c97b203acabb6a7e7d97,9d75283286c922c158733796fadad02f,True,True,TEI,tam_pm146b_u,https://creativecommons.org/licenses/by-nc-sa/4.0/,
TG-GRE-C-1156,TG-GRE-1156,textgrid:49v1k.0,handle:hdl:21.11113/0000-0016-D777-0,TEI_XML,363282,md5,799c4f96d36efe6688a5036cf5b796e1,acquisitions\staging\textgrid-gretil\2026-07-12\payload\textgrid_49v1k_0.xml,True,363282,a6166ac9181d7a9b48f73aa5e8947fa89317586e376f9fea81bdf52dd1098110,799c4f96d36efe6688a5036cf5b796e1,True,True,TEI,tam_pm005,https://creativecommons.org/licenses/by-nc-sa/4.0/,
TG-GRE-C-1157,TG-GRE-1157,textgrid:49v1p.0,handle:hdl:21.11113/0000-0016-D77A-D,TEI_XML,443505,md5,7119beb7fbd8eb9de56cc427008a548d,acquisitions\staging\textgrid-gretil\2026-07-12\payload\textgrid_49v1p_0.xml,True,443505,23f29145059e271bf13a23631703eef6e2061800d853b03951b84c939e6f2e50,7119beb7fbd8eb9de56cc427008a548d,True,True,TEI,tam_pm124,https://creativecommons.org/licenses/by-nc-sa/4.0/,
TG-GRE-C-1158,TG-GRE-1158,textgrid:49v1s.0,handle:hdl:21.11113/0000-0016-D77D-A,TEI_XML,449783,md5,7e12656575d54f99ec7a2834ad2e035a,acquisitions\staging\textgrid-gretil\2026-07-12\payload\textgrid_49v1s_0.xml,True,449783,38df6184bc3de6d20018a59038fdf4f2c8456a7c8f4e634a1aadb8a3ca355caf,7e12656575d54f99ec7a2834ad2e035a,True,True,TEI,tam_pm158a_u,https://creativecommons.org/licenses/by-nc-sa/4.0/,
TG-GRE-C-1159,TG-GRE-1159,textgrid:49v1w.0,handle:hdl:21.11113/0000-0016-D780-4,TEI_XML,503627,md5,78909e3bd150c7d7b8f10a5232587d19,acquisitions\staging\textgrid-gretil\2026-07-12\payload\textgrid_49v1w_0.xml,True,503627,286aaec1d353d424f08f30da005e8a73430a562c60bc3a861e8b016925ea6dee,78909e3bd150c7d7b8f10a5232587d19,True,True,TEI,tam_pm158b_u,https://creativecommons.org/licenses/by-nc-sa/4.0/,
TG-GRE-C-1160,TG-GRE-1160,textgrid:49v20.0,handle:hdl:21.11113/0000-0016-D783-1,TEI_XML,460753,md5,e8ab76165b4e111f5adbf316e27b426f,acquisitions\staging\textgrid-gretil\2026-07-12\payload\textgrid_49v20_0.xml,True,460753,8ae5a4a46193fba1561392a26a7b1ced6ff0fc51e4af45ac765c3af67e7aab96,e8ab76165b4e111f5adbf316e27b426f,True,True,TEI,tam_pm180,https://creativecommons.org/licenses/by-nc-sa/4.0/,
TG-GRE-C-1161,TG-GRE-1161,textgrid:49v23.0,handle:hdl:21.11113/0000-0016-D786-E,TEI_XML,515410,md5,450d794a2ba797f3b322a6dc2994b8f6,acquisitions\staging\textgrid-gretil\2026-07-12\payload\textgrid_49v23_0.xml,True,515410,446117c0a4a79bd8f27474c95887b836c88968c76f96d0135dc33ef25cac7228,450d794a2ba797f3b322a6dc2994b8f6,True,True,TEI,tam_pm187,https://creativecommons.org/licenses/by-nc-sa/4.0/,
TG-GRE-C-1162,TG-GRE-1162,textgrid:49v26.0,handle:hdl:21.11113/0000-0016-D789-B,TEI_XML,485386,md5,19f1ea0e82e9b4fdb9b3e0e823fcc486,acquisitions\staging\textgrid-gretil\2026-07-12\payload\textgrid_49v26_0.xml,True,485386,c8d37fa01c0db1a6ca23c2cc3ed73be335d9c87d995111d6371a4dc355f21f35,19f1ea0e82e9b4fdb9b3e0e823fcc486,True,True,TEI,tam_pm191,https://creativecommons.org/licenses/by-nc-sa/4.0/,
TG-GRE-C-1163,TG-GRE-1163,textgrid:49v29.0,handle:hdl:21.11113/0000-0016-D78C-8,TEI_XML,499746,md5,2e72de2422471e3513cfbcda786d0a6e,acquisitions\staging\textgrid-gretil\2026-07-12\payload\textgrid_49v29_0.xml,True,499746,7a5b17a15bda24ef019d7e80229d357ad4f3f1c63e89f5ef923b195e2c270d95,2e72de2422471e3513cfbcda786d0a6e,True,True,TEI,tam_pm193,https://creativecommons.org/licenses/by-nc-sa/4.0/,
TG-GRE-C-1164,TG-GRE-1164,textgrid:49v2d.0,handle:hdl:21.11113/0000-0016-D78F-5,TEI_XML,573188,md5,a146e47acdf427200db65ac4045984fb,acquisitions\staging\textgrid-gretil\2026-07-12\payload\textgrid_49v2d_0.xml,True,573188,1a0863879c1f660266e450b7b2e5989d80ba891c4cf00332039f977446482fbb,a146e47acdf427200db65ac4045984fb,True,True,TEI,tam_pm102,https://creativecommons.org/licenses/by-nc-sa/4.0/,
TG-GRE-C-1165,TG-GRE-1165,textgrid:49v2h.0,handle:hdl:21.11113/0000-0016-D792-0,TEI_XML,529539,md5,35550d4bb72f538e0f390a338ff6c3ad,acquisitions\staging\textgrid-gretil\2026-07-12\payload\textgrid_49v2h_0.xml,True,529539,b4446b9ec55b589f2d80df2b68c9ce90a918fe45afdb358b064b58ce5a3611c9,35550d4bb72f538e0f390a338ff6c3ad,True,True,TEI,tam_pm172,https://creativecommons.org/licenses/by-nc-sa/4.0/,
TG-GRE-C-1166,TG-GRE-1166,textgrid:49v2m.0,handle:hdl:21.11113/0000-0016-D795-D,TEI_XML,546158,md5,308062aaf75b5d80826b842a664700e9,acquisitions\staging\textgrid-gretil\2026-07-12\payload\textgrid_49v2m_0.xml,True,546158,facefaced024d79889bd0773b2fa35f42bead4511346ad75a4dbb2c12bd9f449,308062aaf75b5d80826b842a664700e9,True,True,TEI,tam_pm189,https://creativecommons.org/licenses/by-nc-sa/4.0/,
TG-GRE-C-1167,TG-GRE-1167,textgrid:49v2q.0,handle:hdl:21.11113/0000-0016-D798-A,TEI_XML,568959,md5,7740bff96565c3d1aa6c85c23c9160d7,acquisitions\staging\textgrid-gretil\2026-07-12\payload\textgrid_49v2q_0.xml,True,568959,9f0f8e304aa728a8d5a9d00854dc16e47b8c041fbe88b8a687e41bb419a11aa0,7740bff96565c3d1aa6c85c23c9160d7,True,True,TEI,tam_pm194,https://creativecommons.org/licenses/by-nc-sa/4.0/,
TG-GRE-C-1168,TG-GRE-1168,textgrid:49v2t.0,handle:hdl:21.11113/0000-0016-D79B-7,TEI_XML,589096,md5,0bc6b2f7d621bdabaebbbd6859fc051e,acquisitions\staging\textgrid-gretil\2026-07-12\payload\textgrid_49v2t_0.xml,True,589096,a6b53feab5c670627e04cf8d8a699c9cca0548ee427bc811a938008437e7f3e6,0bc6b2f7d621bdabaebbbd6859fc051e,True,True,TEI,tam_pm195,https://creativecommons.org/licenses/by-nc-sa/4.0/,
TG-GRE-C-1169,TG-GRE-1169,textgrid:49v2x.0,handle:hdl:21.11113/0000-0016-D79E-4,TEI_XML,590917,md5,cc9b0866b7f1c28765cc7172b128be9f,acquisitions\staging\textgrid-gretil\2026-07-12\payload\textgrid_49v2x_0.xml,True,590917,1c17c5f794e120e8c3cc90a7b7481797b0af2bb6d3d5a7f8e933400d2c517854,cc9b0866b7f1c28765cc7172b128be9f,True,True,TEI,tam_pm105,https://creativecommons.org/licenses/by-nc-sa/4.0/,
TG-GRE-C-1170,TG-GRE-1170,textgrid:49v31.0,handle:hdl:21.11113/0000-0016-D7A1-F,TEI_XML,694170,md5,950c58a63ce930a0b058741456ffb202,acquisitions\staging\textgrid-gretil\2026-07-12\payload\textgrid_49v31_0.xml,True,694170,5601b6593a593f537aaa376f01617b67f9f359f9d7ce4479638bd581b9e43317,950c58a63ce930a0b058741456ffb202,True,True,TEI,tam_pm148,https://creativecommons.org/licenses/by-nc-sa/4.0/,
TG-GRE-C-1171,TG-GRE-1171,textgrid:49v34.0,handle:hdl:21.11113/0000-0016-D7A4-C,TEI_XML,247273,md5,1f89848f2109120d7927c1ba33e29d5a,acquisitions\staging\textgrid-gretil\2026-07-12\payload\textgrid_49v34_0.xml,True,247273,af563ecd8c7a09010ecd133dbd1d79a36b48a6ac66f253f7b2839ca2fe04e1fb,1f89848f2109120d7927c1ba33e29d5a,True,True,TEI,tam_periyavaccanpillai.xml,https://creativecommons.org/licenses/by-nc-sa/4.0/,
